scope,regime_start,peak,peak_mark,trough,trough_mark,vo_drawdown,recovery_within_full_weight,regime_end,termination,trough_prior_volatility,trough_prior_return30,trough_close_volatility
full_with_synthetic,1999-03-10,1999-03-10,open,1999-03-10,close,-0.001222424020090096,1999-03-11,1999-04-23,recovered,,,
full_with_synthetic,1999-03-10,1999-03-11,close,1999-03-12,close,-0.07307660964761975,1999-03-15,1999-04-23,recovered,,,
full_with_synthetic,1999-03-10,1999-03-16,close,1999-03-17,close,-0.021658641614302976,1999-03-18,1999-04-23,recovered,,,
full_with_synthetic,1999-03-10,1999-03-18,close,1999-03-23,close,-0.20443450977248512,1999-03-29,1999-04-23,recovered,,,
full_with_synthetic,1999-03-10,1999-03-29,close,1999-03-31,close,-0.0640674013728022,1999-04-05,1999-04-23,recovered,,,
full_with_synthetic,1999-03-10,1999-04-06,close,1999-04-07,close,-0.03118708305961404,1999-04-09,1999-04-23,recovered,,,
full_with_synthetic,1999-03-10,1999-04-09,close,1999-04-19,close,-0.3117384079362565,,1999-04-23,open_before_rebalance,,,
full_with_synthetic,2003-08-29,2003-09-02,close,2003-09-03,close,-0.0017715848349242336,2003-09-04,2003-09-11,recovered,0.5875767112575992,0.3006635261317969,0.5787454591140996
full_with_synthetic,2003-08-29,2003-09-04,close,2003-09-05,close,-0.019321007575129445,2003-09-08,2003-09-11,recovered,0.5794520587279478,0.24595236936892362,0.5676324715285899
full_with_synthetic,2003-08-29,2003-09-08,close,2003-09-10,close,-0.10523951871476378,,2003-09-11,open_before_rebalance,0.5747596717688808,0.20525913557110864,0.6135107844417088
full_with_synthetic,2003-09-18,2003-09-18,close,2003-09-24,close,-0.13458528242187973,,2003-09-25,open_before_rebalance,0.5745625710765219,0.44374410204901826,0.6719400619964344
full_with_synthetic,2003-11-12,2003-11-12,close,2003-11-18,close,-0.1559621706930191,,2003-11-19,open_before_rebalance,0.5877629348156571,0.007733507294256592,0.619150777939862
full_with_synthetic,2003-12-31,2003-12-31,open,2004-01-02,close,-0.02118388634619439,2004-01-05,2004-04-05,recovered,0.5768150088528381,0.14840710862890827,0.5338866826191268
full_with_synthetic,2003-12-31,2004-01-08,close,2004-01-09,close,-0.01974633069415177,2004-01-12,2004-04-05,recovered,0.4959980425297977,0.247269418189193,0.5019843020924383
full_with_synthetic,2003-12-31,2004-01-12,close,2004-01-13,close,-0.029740552219927663,2004-01-16,2004-04-05,recovered,0.5153112752846513,0.2637287892692022,0.5268941170832179
full_with_synthetic,2003-12-31,2004-01-16,close,2004-01-23,close,-0.043121721076610275,2004-01-26,2004-04-05,recovered,0.47227969984953616,0.2587620378779971,0.41668361864989806
full_with_synthetic,2003-12-31,2004-01-26,close,2004-03-23,close,-0.3246095443534702,,2004-04-05,open_before_rebalance,0.5067726085691648,-0.21931477310262526,0.5086070745840202
full_with_synthetic,2004-05-18,2004-05-18,close,2004-05-19,close,-0.003455450198873833,2004-05-20,2004-08-09,recovered,0.5711298833704086,-0.21297016572964556,0.5639043167924054
full_with_synthetic,2004-05-18,2004-05-28,close,2004-06-03,close,-0.04651098409438825,2004-06-07,2004-08-09,recovered,0.5212595411379576,0.05245548053809368,0.5277413560955511
full_with_synthetic,2004-05-18,2004-06-08,close,2004-06-21,close,-0.07703130286006232,2004-06-25,2004-08-09,recovered,0.46118092326096805,0.07012016421883605,0.46170977905224075
full_with_synthetic,2004-05-18,2004-06-25,close,2004-06-28,close,-0.024914057127447986,2004-06-29,2004-08-09,recovered,0.45819114324483373,0.1769226170529301,0.4601834899511944
full_with_synthetic,2004-05-18,2004-06-30,close,2004-08-06,close,-0.35848569691068943,,2004-08-09,open_before_rebalance,0.5843855668772119,-0.2689977056835011,0.6172562641426708
full_with_synthetic,2004-09-02,2004-09-02,close,2004-09-03,close,-0.05520382765128473,2004-09-10,2006-06-23,recovered,0.5683949417868883,-0.020179298466862172,0.567042263624707
full_with_synthetic,2004-09-02,2004-09-14,close,2004-09-27,close,-0.09366574363702285,2004-10-01,2006-06-23,recovered,0.4591397201054987,0.22060329305632753,0.4689497312157006
full_with_synthetic,2004-09-02,2004-10-06,close,2004-10-14,close,-0.09647973017997769,2004-10-28,2006-06-23,recovered,0.5000457659447766,0.13577148882797152,0.4999568630065338
full_with_synthetic,2004-09-02,2004-10-28,close,2004-10-29,close,-0.0048685169975400955,2004-11-01,2006-06-23,recovered,0.5357929188689112,0.13324404635807863,0.5363115003704921
full_with_synthetic,2004-09-02,2004-11-08,close,2004-11-10,close,-0.016536490284616123,2004-11-11,2006-06-23,recovered,0.5018603406216153,0.3062294546556896,0.4937940333079054
full_with_synthetic,2004-09-02,2004-11-15,close,2004-11-16,close,-0.01854216903717021,2004-11-17,2006-06-23,recovered,0.4560080326214608,0.2127818830910413,0.4618799309287156
full_with_synthetic,2004-09-02,2004-11-18,close,2004-11-19,close,-0.04657902429081939,2004-11-24,2006-06-23,recovered,0.45440312826173057,0.2635347930655545,0.44522527319501676
full_with_synthetic,2004-09-02,2004-11-24,close,2004-11-30,close,-0.015972128770028404,2004-12-01,2006-06-23,recovered,0.44784247760381185,0.32042428246439636,0.438669802623127
full_with_synthetic,2004-09-02,2004-12-06,close,2004-12-07,close,-0.05140130292924605,2004-12-14,2006-06-23,recovered,0.3822438610288944,0.4136639506485087,0.41782594476830254
full_with_synthetic,2004-09-02,2004-12-14,close,2005-04-20,close,-0.3660854328699398,2005-11-16,2006-06-23,recovered,0.4224463001152602,-0.22894037969421155,0.42043118732567647
full_with_synthetic,2004-09-02,2005-11-25,close,2005-11-30,close,-0.04612111977024291,2005-12-01,2006-06-23,recovered,0.41745643478171224,0.2602729691835257,0.41085334884946384
full_with_synthetic,2004-09-02,2005-12-02,close,2005-12-30,close,-0.11184152131660063,2006-01-06,2006-06-23,recovered,0.3269388533580054,0.018071103964441004,0.3294319748036512
full_with_synthetic,2004-09-02,2006-01-11,close,2006-06-13,close,-0.37647648444506077,,2006-06-23,open_before_rebalance,0.5137622676783368,-0.29452581084579466,0.5108331586901584
full_with_synthetic,2006-06-26,2006-06-26,close,2006-06-27,close,-0.056471644620969874,2006-06-29,2006-06-30,recovered,0.5658841151785314,-0.14691896327344844,0.5853526455727116
full_with_synthetic,2006-08-10,2006-08-10,close,2006-08-11,close,-0.02120046754581062,2006-08-15,2007-08-29,recovered,0.5905194604464935,-0.0909872630850469,0.521245668544906
full_with_synthetic,2006-08-10,2006-08-18,close,2006-08-23,close,-0.049865701436171195,2006-08-30,2007-08-29,recovered,0.5693383463179967,0.05129210177782495,0.5468942204103301
full_with_synthetic,2006-08-10,2006-08-30,close,2006-08-31,close,-0.0030814394989854277,2006-09-01,2007-08-29,recovered,0.5050710598517596,0.18776522219953717,0.4829324609688475
full_with_synthetic,2006-08-10,2006-09-05,close,2006-09-07,close,-0.07318757709943835,2006-09-12,2007-08-29,recovered,0.48880843871345714,0.16663518462910298,0.4915868881468064
full_with_synthetic,2006-08-10,2006-09-18,close,2006-09-19,close,-0.020189247598014548,2006-09-20,2007-08-29,recovered,0.43990750088865854,0.27217739134972097,0.44029923155029455
full_with_synthetic,2006-08-10,2006-09-20,close,2006-09-22,close,-0.0412677236584964,2006-09-25,2007-08-29,recovered,0.45159237788471385,0.3216724526658632,0.45997683444220794
full_with_synthetic,2006-08-10,2006-09-26,close,2006-09-27,close,-0.003676176990136115,2006-09-28,2007-08-29,recovered,0.46802871104890487,0.3529264768627467,0.42647671872542914
full_with_synthetic,2006-08-10,2006-09-28,close,2006-10-02,close,-0.0503653540230109,2006-10-04,2007-08-29,recovered,0.38610692917926853,0.15137684263226814,0.40540585112955096
full_with_synthetic,2006-08-10,2006-10-05,close,2006-10-06,close,-0.006507039610471166,2006-10-09,2007-08-29,recovered,0.4325671447315288,0.2804954024395723,0.4347865267618561
full_with_synthetic,2006-08-10,2006-10-10,close,2006-10-11,close,-0.005766002263983716,2006-10-12,2007-08-29,recovered,0.4326676246981426,0.24521857046108142,0.43438051147031365
full_with_synthetic,2006-08-10,2006-10-16,close,2006-10-18,close,-0.04701175669718349,2006-10-26,2007-08-29,recovered,0.46002984015253956,0.19781546138933814,0.41990953944884507
full_with_synthetic,2006-08-10,2006-10-26,close,2006-11-03,close,-0.06235364724733106,2006-11-08,2007-08-29,recovered,0.4270473670693896,0.13731571135313358,0.4206496578145581
full_with_synthetic,2006-08-10,2006-11-08,close,2006-11-09,close,-0.013942661646904275,2006-11-13,2007-08-29,recovered,0.4139685369996631,0.17205297770939265,0.41773884378674125
full_with_synthetic,2006-08-10,2006-11-22,close,2006-12-22,close,-0.11678364691138343,2007-01-11,2007-08-29,recovered,0.3682170066578361,0.022929270084620645,0.37753055846833655
full_with_synthetic,2006-08-10,2007-01-12,close,2007-01-26,close,-0.11351770692038743,2007-02-22,2007-08-29,recovered,0.41372922234088866,-0.014434134569992318,0.4134982803635743
full_with_synthetic,2006-08-10,2007-02-22,close,2007-03-05,close,-0.20620418477768,2007-04-24,2007-08-29,recovered,0.5110298841041359,-0.11455214754159948,0.5133132236105756
full_with_synthetic,2006-08-10,2007-04-27,close,2007-05-01,close,-0.04180513752100945,2007-05-03,2007-08-29,recovered,0.3462754405535937,0.22944905898992607,0.3399045790380346
full_with_synthetic,2006-08-10,2007-05-09,close,2007-05-15,close,-0.04735685575278037,2007-05-21,2007-08-29,recovered,0.32665283041659665,0.21036862843693505,0.3378879505552029
full_with_synthetic,2006-08-10,2007-05-22,close,2007-05-24,close,-0.05634622987815985,2007-05-30,2007-08-29,recovered,0.324559526888762,0.18336523885124634,0.34916039168406543
full_with_synthetic,2006-08-10,2007-06-05,close,2007-06-07,close,-0.07718540827737297,2007-06-15,2007-08-29,recovered,0.36568945184005947,0.08695461291707707,0.37551237611210914
full_with_synthetic,2006-08-10,2007-06-18,close,2007-06-26,close,-0.0593710633487049,2007-07-02,2007-08-29,recovered,0.37803218982136005,0.016784121848823164,0.3765226307704717
full_with_synthetic,2006-08-10,2007-07-09,close,2007-07-10,close,-0.025159782647377615,2007-07-12,2007-08-29,recovered,0.35491371276469424,0.18479639936479852,0.36378210590247256
full_with_synthetic,2006-08-10,2007-07-13,close,2007-07-16,close,-0.0030058434006355883,2007-07-17,2007-08-29,recovered,0.37999620158545283,0.16199300882248213,0.38064229211483724
full_with_synthetic,2006-08-10,2007-07-17,close,2007-07-18,close,-0.003584325444469738,2007-07-19,2007-08-29,recovered,0.38398614611974813,0.1723694116012795,0.3845802390966397
full_with_synthetic,2006-08-10,2007-07-19,close,2007-08-16,close,-0.27120619063120155,,2007-08-29,open_before_rebalance,0.5517270273035899,-0.1527856330064532,0.5501691789742629
full_with_synthetic,2007-09-27,2007-09-27,open,2007-09-28,close,-0.012163307172709525,2007-10-01,2007-11-09,recovered,0.5588039590637228,0.4027822352826771,0.5490285981752152
full_with_synthetic,2007-09-27,2007-10-02,close,2007-10-03,close,-0.020764777540742352,2007-10-05,2007-11-09,recovered,0.5380285817344729,0.38186866290759025,0.5423282932086477
full_with_synthetic,2007-09-27,2007-10-10,close,2007-10-11,close,-0.047654658736538735,2007-10-18,2007-11-09,recovered,0.4777428459495639,0.4875186822968274,0.45876930350437706
full_with_synthetic,2007-09-27,2007-10-18,close,2007-10-19,close,-0.07474944629824465,2007-10-23,2007-11-09,recovered,0.45994193418421225,0.3014398075718119,0.486056603446851
full_with_synthetic,2007-09-27,2007-10-23,close,2007-10-25,close,-0.061961520203079545,2007-10-30,2007-11-09,recovered,0.5130352250844092,0.3139801239123192,0.5326131297540502
full_with_synthetic,2007-09-27,2007-10-31,close,2007-11-09,open_before_rebalance,-0.2227164168743404,,2007-11-09,open_before_rebalance,0.6552266763265534,-0.008059884147085583,0.7172593715527287
full_with_synthetic,2008-05-30,2008-05-30,close,2008-06-03,close,-0.05238855225856798,2008-06-05,2008-06-09,recovered,0.546231628000609,0.16929228205873859,0.547885041345809
full_with_synthetic,2008-05-30,2008-06-05,close,2008-06-06,close,-0.09020809859540635,,2008-06-09,open_before_rebalance,0.5435805305901553,0.24154554298900588,0.6097591466274959
full_with_synthetic,2009-07-15,2009-07-15,close,2009-07-16,open_before_rebalance,-0.013813086182992373,,2009-07-16,open_before_rebalance,0.6391371264333431,0.02754803592886823,0.6457488184281284
full_with_synthetic,2009-08-05,2009-08-05,open,2009-08-17,close,-0.12290449186535013,,2009-08-18,open_before_rebalance,0.5574926315475489,0.3620086519292869,0.6216702599605258
full_with_synthetic,2009-08-19,2009-08-21,close,2009-08-24,close,-0.002979756700767555,2009-08-25,2010-02-12,recovered,0.5853258075268077,0.5131641628934263,0.5728418756357342
full_with_synthetic,2009-08-19,2009-08-25,close,2009-08-26,close,-0.005201451536864243,2009-08-27,2010-02-12,recovered,0.5729198326534477,0.4237037529176435,0.5098320176517155
full_with_synthetic,2009-08-19,2009-08-28,close,2009-09-02,close,-0.08700967652731562,2009-09-08,2010-02-12,recovered,0.5387125670308627,0.07669684455269343,0.534779416494019
full_with_synthetic,2009-08-19,2009-09-16,close,2009-09-17,close,-0.0007089396303379125,2009-09-18,2010-02-12,recovered,0.5297203934998274,0.17588699968548238,0.5229153125157245
full_with_synthetic,2009-08-19,2009-09-22,close,2009-10-02,close,-0.12320228005358169,2009-10-14,2010-02-12,recovered,0.49242642005307374,0.12787016116065542,0.4850839464377039
full_with_synthetic,2009-08-19,2009-10-14,close,2009-10-16,close,-0.026324687227441745,2009-10-19,2010-02-12,recovered,0.46111814958475067,0.3122733681896219,0.4675109723330605
full_with_synthetic,2009-08-19,2009-10-20,close,2009-10-21,close,-0.005553806066124323,2009-10-22,2010-02-12,recovered,0.4371008689459047,0.18813818166227847,0.4342914622064576
full_with_synthetic,2009-08-19,2009-10-22,close,2009-10-30,close,-0.1587924016072585,2009-11-09,2010-02-12,recovered,0.5026065800007904,-0.029286550152378465,0.553083420631181
full_with_synthetic,2009-08-19,2009-11-11,close,2009-11-12,close,-0.01708409857515747,2009-11-13,2010-02-12,recovered,0.5977663225722969,0.10610940415707693,0.5337212518120591
full_with_synthetic,2009-08-19,2009-11-17,close,2009-11-20,close,-0.07687485435997454,2009-12-21,2010-02-12,recovered,0.5438735814051324,0.09162713756420282,0.5448999886980936
full_with_synthetic,2009-08-19,2009-12-28,close,2009-12-31,close,-0.030522167421352386,2010-01-04,2010-02-12,recovered,0.39764080775076965,0.11854177302314306,0.40743793846917575
full_with_synthetic,2009-08-19,2010-01-05,close,2010-01-06,close,-0.01809578507834475,2010-01-08,2010-02-12,recovered,0.39087820947212426,0.20046229208043753,0.39239471728935166
full_with_synthetic,2009-08-19,2010-01-08,close,2010-01-12,close,-0.04931733451787357,2010-01-19,2010-02-12,recovered,0.37625201408342895,0.15472403643070098,0.3675597621768696
full_with_synthetic,2009-08-19,2010-01-19,close,2010-02-04,close,-0.24239214712652335,,2010-02-12,open_before_rebalance,0.5522323124486372,-0.04950659072149577,0.5950214139561212
full_with_synthetic,2010-03-04,2010-03-12,close,2010-03-15,close,-0.0067337801660716234,2010-03-16,2010-05-11,recovered,0.4584660119642153,0.2728345466267066,0.423601192548348
full_with_synthetic,2010-03-04,2010-03-18,close,2010-03-19,close,-0.017689380895998363,2010-03-22,2010-05-11,recovered,0.415054314991814,0.282138909556493,0.31261141151693844
full_with_synthetic,2010-03-04,2010-03-23,close,2010-03-25,close,-0.020397009201175376,2010-03-30,2010-05-11,recovered,0.3030483004206622,0.37837097023828115,0.30304752630423254
full_with_synthetic,2010-03-04,2010-03-30,close,2010-04-01,close,-0.015430071692312475,2010-04-05,2010-05-11,recovered,0.2780970341969905,0.2628018757507211,0.27751854545998267
full_with_synthetic,2010-03-04,2010-04-06,close,2010-04-07,close,-0.005648069180478554,2010-04-09,2010-05-11,recovered,0.2798459192121566,0.29137609274841014,0.24488333091820236
full_with_synthetic,2010-03-04,2010-04-15,close,2010-04-19,close,-0.037112835283408474,2010-04-22,2010-05-11,recovered,0.2642086636257201,0.2659575940161858,0.24213075408844675
full_with_synthetic,2010-03-04,2010-04-23,close,2010-05-07,close,-0.279299322623516,,2010-05-11,open_before_rebalance,0.5493161201559985,-0.09845697305713186,0.5855345397887901
full_with_synthetic,2010-08-12,2010-08-12,close,2010-08-13,close,-0.01992180019834555,2010-08-17,2011-08-03,recovered,0.5824930012776995,0.1485202501002949,0.585512129600509
full_with_synthetic,2010-08-12,2010-08-18,close,2010-08-31,close,-0.1280131142677784,2010-09-03,2011-08-03,recovered,0.5313283059616015,-0.08512256160997511,0.5214673297393823
full_with_synthetic,2010-08-12,2010-09-03,close,2010-09-07,close,-0.02434349486797327,2010-09-08,2011-08-03,recovered,0.5595956248433221,-0.016292070887904964,0.5599289895326065
full_with_synthetic,2010-08-12,2010-09-20,close,2010-09-23,close,-0.010849711582537336,2010-09-24,2011-08-03,recovered,0.5656591350098746,0.1247922526678018,0.5030757772769429
full_with_synthetic,2010-08-12,2010-09-24,close,2010-10-04,close,-0.06681071187262866,2010-10-05,2011-08-03,recovered,0.4908705716392066,0.29176294951432014,0.5058951223662669
full_with_synthetic,2010-08-12,2010-10-05,close,2010-10-06,close,-0.025484771572723997,2010-10-08,2011-08-03,recovered,0.5294297305708506,0.3825525124992919,0.5007235244254392
full_with_synthetic,2010-08-12,2010-10-13,close,2010-10-14,close,-0.005550195198681052,2010-10-15,2011-08-03,recovered,0.4559331876034396,0.5565741370253183,0.41044599251504443
full_with_synthetic,2010-08-12,2010-10-18,close,2010-10-19,close,-0.0397650885175348,2010-10-22,2011-08-03,recovered,0.4189157526174819,0.3977316123777124,0.4325611203440335
full_with_synthetic,2010-08-12,2010-10-28,close,2010-10-29,close,-0.004799622330450837,2010-11-02,2011-08-03,recovered,0.4161225883649595,0.2946141349031792,0.4179856337196821
full_with_synthetic,2010-08-12,2010-11-08,close,2010-11-16,close,-0.12363721332621558,2010-12-03,2011-08-03,recovered,0.4040526483962361,0.2472928913481649,0.38554670580230016
full_with_synthetic,2010-08-12,2010-12-03,close,2010-12-06,close,-0.0017566431857214404,2010-12-08,2011-08-03,recovered,0.45394327142100976,0.14680587734944628,0.45220901215834886
full_with_synthetic,2010-08-12,2010-12-10,close,2010-12-15,close,-0.017711815788682306,2010-12-16,2011-08-03,recovered,0.45605485031142085,0.11658963540077316,0.4508897136677157
full_with_synthetic,2010-08-12,2010-12-22,close,2010-12-31,close,-0.022151841814418982,2011-01-03,2011-08-03,recovered,0.371879751878622,0.19706285720890837,0.3744082447279289
full_with_synthetic,2010-08-12,2011-01-03,close,2011-01-04,close,-0.0015531005957195587,2011-01-05,2011-08-03,recovered,0.3731843137410613,0.17348668698353675,0.37365204078921277
full_with_synthetic,2010-08-12,2011-01-06,close,2011-01-07,close,-0.0023200121691724362,2011-01-10,2011-08-03,recovered,0.3378948774557018,0.23609604051114053,0.3020284353821824
full_with_synthetic,2010-08-12,2011-01-18,close,2011-01-21,close,-0.07678187674932702,2011-02-04,2011-08-03,recovered,0.24304471815585738,0.13261913028760075,0.2535227990879375
full_with_synthetic,2010-08-12,2011-02-08,close,2011-02-09,close,-0.006077825612640253,2011-02-11,2011-08-03,recovered,0.38978558474637964,0.18369504718755225,0.39021807759680877
full_with_synthetic,2010-08-12,2011-02-14,close,2011-02-15,close,-0.002578503581008529,2011-02-16,2011-08-03,recovered,0.38741868763741777,0.23262280059249707,0.37122301051923423
full_with_synthetic,2010-08-12,2011-02-16,close,2011-03-16,close,-0.23000556186225185,2011-04-27,2011-08-03,recovered,0.49309754232305525,-0.036565382436758664,0.5066234432086405
full_with_synthetic,2010-08-12,2011-04-27,close,2011-06-17,close,-0.2534400634196238,2011-07-22,2011-08-03,recovered,0.45983148193760226,-0.22277758928829172,0.45934691217997625
full_with_synthetic,2010-08-12,2011-07-22,close,2011-08-02,close,-0.16161547363477158,,2011-08-03,open_before_rebalance,0.5638382436559544,0.22007690881755204,0.6127059761321738
full_with_synthetic,2011-08-04,2011-08-04,open,2011-08-04,close,-0.09896222764866125,,2011-08-05,open_before_rebalance,0.5875280107558698,0.07022920940823085,0.7097816641315222
full_with_synthetic,2012-01-12,2012-01-12,close,2012-01-13,close,-0.011467695816059553,2012-01-17,2012-06-07,recovered,0.5850871170983297,0.2310886681313975,0.5005366564908437
full_with_synthetic,2012-01-12,2012-01-19,close,2012-01-24,close,-0.010052623601028543,2012-01-25,2012-06-07,recovered,0.506250323993687,0.14478186276315586,0.479037814026106
full_with_synthetic,2012-01-12,2012-01-25,close,2012-01-26,close,-0.010597252538955382,2012-01-30,2012-06-07,recovered,0.4729058748364732,0.18898034659948793,0.46121525954373765
full_with_synthetic,2012-01-12,2012-02-03,close,2012-02-06,close,-0.0009700289571185072,2012-02-07,2012-06-07,recovered,0.3349205493496174,0.3561747831387019,0.2987862190321934
full_with_synthetic,2012-01-12,2012-02-09,close,2012-02-10,close,-0.02138802248163507,2012-02-13,2012-06-07,recovered,0.29593888224904075,0.3932641238815562,0.2836661765268138
full_with_synthetic,2012-01-12,2012-02-14,close,2012-02-15,close,-0.02232109781909608,2012-02-16,2012-06-07,recovered,0.28009690989986236,0.44315260381947974,0.2644969730779347
full_with_synthetic,2012-01-12,2012-02-16,close,2012-02-22,close,-0.013307866926062117,2012-02-23,2012-06-07,recovered,0.2825376522111692,0.32744622961135295,0.2855512174000366
full_with_synthetic,2012-01-12,2012-02-28,close,2012-02-29,close,-0.013141541625298792,2012-03-01,2012-06-07,recovered,0.2842545306651737,0.36843602896601846,0.28807158321919446
full_with_synthetic,2012-01-12,2012-03-01,close,2012-03-06,close,-0.061805867768866096,2012-03-09,2012-06-07,recovered,0.2977085214898056,0.23235992067652522,0.31478920541211886
full_with_synthetic,2012-01-12,2012-03-15,close,2012-03-16,close,-0.0021806262847456903,2012-03-19,2012-06-07,recovered,0.3345025361689978,0.2972735349687181,0.336009531828594
full_with_synthetic,2012-01-12,2012-03-20,close,2012-03-23,close,-0.0077424118637497985,2012-03-26,2012-06-07,recovered,0.3264910927943141,0.23318159981095765,0.3242375869897757
full_with_synthetic,2012-01-12,2012-03-27,close,2012-03-30,close,-0.028658601363535707,2012-04-02,2012-06-07,recovered,0.3325248103554867,0.25591686822435555,0.31900120477119337
full_with_synthetic,2012-01-12,2012-04-03,close,2012-06-01,close,-0.3193845894804317,,2012-06-07,open_before_rebalance,0.5194129007232994,-0.20196268720489785,0.5551330535657125
full_with_synthetic,2012-06-08,2012-06-08,close,2012-06-11,close,-0.04783145775574271,2012-06-15,2012-06-25,recovered,0.5531721521426142,-0.17790272329846057,0.561622570865003
full_with_synthetic,2012-06-08,2012-06-20,close,2012-06-21,close,-0.07490747333178949,,2012-06-25,open_before_rebalance,0.5586180973593441,-0.015524399573056735,0.5993703034338762
full_with_synthetic,2012-07-17,2012-07-17,open,2012-07-17,close,-0.002884131710764737,2012-07-18,2012-07-30,recovered,0.5915207836744046,0.13584355133220205,0.5902980930386104
full_with_synthetic,2012-07-17,2012-07-19,close,2012-07-25,close,-0.11538452654540765,,2012-07-30,open_before_rebalance,0.5789943575059228,0.045787351207242866,0.5762487165040592
full_with_synthetic,2012-08-06,2012-08-07,close,2012-08-08,close,-0.0016231020250643269,2012-08-09,2014-11-03,recovered,0.5498627653466343,0.2190242741505819,0.5491962469134527
full_with_synthetic,2012-08-06,2012-08-20,close,2012-08-30,close,-0.03116633513063105,2012-09-06,2014-11-03,recovered,0.3999466976572271,0.19062780090957232,0.4054730435215964
full_with_synthetic,2012-08-06,2012-09-06,close,2012-09-11,close,-0.04510639102613545,2012-09-13,2014-11-03,recovered,0.34390778269781486,0.1701675097355113,0.3434466041436225
full_with_synthetic,2012-08-06,2012-09-19,close,2012-11-15,close,-0.3189495417577217,2013-04-30,2014-11-03,recovered,0.4667055873962635,-0.258860018485901,0.46425405672067505
full_with_synthetic,2012-08-06,2013-04-30,close,2013-05-01,close,-0.012732135949522827,2013-05-02,2014-11-03,recovered,0.4588732331108427,0.09710683385344088,0.46080204176734507
full_with_synthetic,2012-08-06,2013-05-06,close,2013-05-07,close,-0.002432119348741657,2013-05-08,2014-11-03,recovered,0.46025897043513875,0.16536034653824183,0.4585099299355816
full_with_synthetic,2012-08-06,2013-05-08,close,2013-05-09,close,-0.003530582385914971,2013-05-10,2014-11-03,recovered,0.4585661079160456,0.174822226028031,0.4593618267016147
full_with_synthetic,2012-08-06,2013-05-15,close,2013-05-16,close,-0.0036659650294479373,2013-05-17,2014-11-03,recovered,0.44169200079539683,0.23777524240880754,0.4424316596055245
full_with_synthetic,2012-08-06,2013-05-17,close,2013-06-24,close,-0.17307230731265633,2013-07-11,2014-11-03,recovered,0.4047843317502223,-0.08770181758885365,0.40828302089223073
full_with_synthetic,2012-08-06,2013-07-15,close,2013-07-16,close,-0.003925143969840672,2013-07-17,2014-11-03,recovered,0.44678317845280097,0.09422148286077037,0.4472155435818754
full_with_synthetic,2012-08-06,2013-07-17,close,2013-07-23,close,-0.05213218501970629,2013-07-30,2014-11-03,recovered,0.4234301229160475,0.0591634686736191,0.4293516857336857
full_with_synthetic,2012-08-06,2013-08-05,close,2013-08-07,close,-0.023408898313810877,2013-08-13,2014-11-03,recovered,0.2732824791224553,0.3179494876185758,0.2742576626173662
full_with_synthetic,2012-08-06,2013-08-13,close,2013-08-27,close,-0.07847387944210038,2013-09-09,2014-11-03,recovered,0.27763717798613,0.04419397836786576,0.3346563919239097
full_with_synthetic,2012-08-06,2013-09-10,close,2013-09-16,close,-0.014683679645859704,2013-09-17,2014-11-03,recovered,0.3378335190339771,0.05402787304417922,0.3361752980225255
full_with_synthetic,2012-08-06,2013-09-19,close,2013-09-25,close,-0.025604581461225795,2013-10-01,2014-11-03,recovered,0.3489130657461944,0.08996036276023833,0.34832823645683136
full_with_synthetic,2012-08-06,2013-10-01,close,2013-10-09,close,-0.10076527774011945,2013-10-16,2014-11-03,recovered,0.38478810491694887,0.02316258264725901,0.3361034544920356
full_with_synthetic,2012-08-06,2013-10-22,close,2013-10-23,close,-0.016082221395974705,2013-10-25,2014-11-03,recovered,0.3903560522051696,0.16989814049553265,0.3942463397444811
full_with_synthetic,2012-08-06,2013-10-29,close,2013-11-07,close,-0.05808501904207475,2013-11-13,2014-11-03,recovered,0.37675975892227714,0.16833254901130945,0.4120516148463707
full_with_synthetic,2012-08-06,2013-11-15,close,2013-11-20,close,-0.04395651878802154,2013-11-22,2014-11-03,recovered,0.36704585856347866,0.2253176480276946,0.36549477722548906
full_with_synthetic,2012-08-06,2013-11-29,close,2013-12-05,close,-0.009648025735342736,2013-12-06,2014-11-03,recovered,0.29096937304125886,0.11060978120247955,0.28569552065496745
full_with_synthetic,2012-08-06,2013-12-09,close,2013-12-13,close,-0.05144893653195881,2013-12-20,2014-11-03,recovered,0.3115005636222803,0.06875101267114192,0.31112505578660155
full_with_synthetic,2012-08-06,2013-12-26,close,2013-12-30,close,-0.012493670310043226,2013-12-31,2014-11-03,recovered,0.268144206206234,0.15630231178646126,0.269618530518701
full_with_synthetic,2012-08-06,2013-12-31,close,2014-01-13,close,-0.06687644025268513,2014-01-15,2014-11-03,recovered,0.2739333703873804,0.10211876156212263,0.30222889772861505
full_with_synthetic,2012-08-06,2014-01-16,close,2014-01-17,close,-0.017760354262655986,2014-01-21,2014-11-03,recovered,0.344351841251879,0.1114457998808045,0.3499552588165608
full_with_synthetic,2012-08-06,2014-01-22,close,2014-02-03,close,-0.14725727643586406,2014-02-13,2014-11-03,recovered,0.4251971546755821,0.03944151585846267,0.45662337374747264
full_with_synthetic,2012-08-06,2014-02-18,close,2014-02-19,close,-0.02188385216409061,2014-02-24,2014-11-03,recovered,0.4856463865154545,0.11765260641088893,0.48970575358986385
full_with_synthetic,2012-08-06,2014-02-24,close,2014-02-26,close,-0.0069118417243647645,2014-02-27,2014-11-03,recovered,0.4870054775983969,0.09438963211347784,0.46595361347416514
full_with_synthetic,2012-08-06,2014-02-27,close,2014-03-03,close,-0.026854667047031322,2014-03-04,2014-11-03,recovered,0.43790781663449735,0.070390776823684,0.4436616289430346
full_with_synthetic,2012-08-06,2014-03-05,close,2014-04-11,close,-0.21660147214692949,2014-06-05,2014-11-03,recovered,0.537401145103472,-0.1715134524943407,0.5440255195935596
full_with_synthetic,2012-08-06,2014-06-06,close,2014-06-09,close,-0.001812682057275583,2014-06-10,2014-11-03,recovered,0.3299416075140035,0.18157862311703465,0.2886834784710345
full_with_synthetic,2012-08-06,2014-06-10,close,2014-06-12,close,-0.02764344013185671,2014-06-18,2014-11-03,recovered,0.2860280184537655,0.2046254005219128,0.30099974487223724
full_with_synthetic,2012-08-06,2014-06-18,close,2014-06-19,close,-0.003881613701941733,2014-06-23,2014-11-03,recovered,0.2702665981291853,0.22399499556154256,0.2680519018533749
full_with_synthetic,2012-08-06,2014-06-23,close,2014-06-24,close,-0.0027697877377417246,2014-06-25,2014-11-03,recovered,0.2666801893287707,0.2260521751748994,0.236631680205146
full_with_synthetic,2012-08-06,2014-07-03,close,2014-07-08,close,-0.04413215591848252,2014-07-14,2014-11-03,recovered,0.2141433263530783,0.22798386300836815,0.24087900533801784
full_with_synthetic,2012-08-06,2014-07-14,close,2014-07-15,close,-0.0104545276450283,2014-07-16,2014-11-03,recovered,0.22854133272356317,0.16205496927689333,0.2319859561758424
full_with_synthetic,2012-08-06,2014-07-16,close,2014-07-17,close,-0.03989880478814778,2014-07-18,2014-11-03,recovered,0.23192076655175503,0.16754609619711713,0.26559744374044797
full_with_synthetic,2012-08-06,2014-07-18,close,2014-07-21,close,-0.003629975533052998,2014-07-22,2014-11-03,recovered,0.2874988274135656,0.13225623884081306,0.2861296509840963
full_with_synthetic,2012-08-06,2014-07-23,close,2014-08-07,close,-0.09250288747168045,2014-08-15,2014-11-03,recovered,0.35429475719325515,0.052821230895790494,0.3523162714025824
full_with_synthetic,2012-08-06,2014-08-27,close,2014-08-28,close,-0.0040767385526253586,2014-08-29,2014-11-03,recovered,0.33275811744419526,0.11151740072320537,0.3071417718675274
full_with_synthetic,2012-08-06,2014-09-02,close,2014-09-15,close,-0.04781544878290789,2014-09-18,2014-11-03,recovered,0.22972247742548457,0.14300532433026092,0.24667903940221275
full_with_synthetic,2012-08-06,2014-09-18,close,2014-10-16,close,-0.23381820305582213,2014-10-31,2014-11-03,recovered,0.49585989060975333,-0.20503478899384997,0.49629657599435667
full_with_synthetic,2014-11-06,2014-11-06,close,2014-11-07,close,-0.0024748758839684415,2014-11-10,2015-08-25,recovered,0.5627661640951062,0.10906899364540523,0.5567415309432425
full_with_synthetic,2014-11-06,2014-11-14,close,2014-11-17,close,-0.009363831639627174,2014-11-18,2015-08-25,recovered,0.5306178293645374,0.14585510154670334,0.5311612261988028
full_with_synthetic,2014-11-06,2014-11-18,close,2014-11-19,close,-0.012699596634937582,2014-11-20,2015-08-25,recovered,0.5139493426696378,0.2201564282964732,0.4938422645132294
full_with_synthetic,2014-11-06,2014-11-28,close,2015-01-15,close,-0.17152449385972657,2015-02-13,2015-08-25,recovered,0.4921972758828613,-0.10419363993095665,0.5014155486127646
full_with_synthetic,2014-11-06,2015-02-24,close,2015-02-25,close,-0.008035675077606164,2015-02-26,2015-08-25,recovered,0.43794603717312264,0.17486586949875305,0.4262959479522878
full_with_synthetic,2014-11-06,2015-02-26,close,2015-02-27,close,-0.01321060037106292,2015-03-02,2015-08-25,recovered,0.4264239349616146,0.22172927814519583,0.42547714041785517
full_with_synthetic,2014-11-06,2015-03-02,close,2015-03-11,close,-0.11426059084443774,2015-04-24,2015-08-25,recovered,0.42701887335104055,0.03588671852341241,0.3610195312510881
full_with_synthetic,2014-11-06,2015-04-24,close,2015-05-06,close,-0.10173830454604416,2015-05-27,2015-08-25,recovered,0.44313860893123314,-0.03180780762612723,0.4463916769330069
full_with_synthetic,2014-11-06,2015-05-27,close,2015-07-09,close,-0.12861111734859376,2015-07-16,2015-08-25,recovered,0.39902438963362635,-0.08400687234081017,0.3689063312680291
full_with_synthetic,2014-11-06,2015-07-20,close,2015-08-24,close,-0.3639718116356887,,2015-08-25,open_before_rebalance,0.582559348960319,-0.14596333551462704,0.6456436705590413
full_with_synthetic,2015-10-15,2015-10-19,close,2015-10-21,close,-0.03239753590201089,2015-10-22,2016-01-13,recovered,0.5077590569393123,0.08499593760645774,0.49838742195713975
full_with_synthetic,2015-10-15,2015-10-28,close,2015-10-30,close,-0.017329373539260895,2015-11-02,2016-01-13,recovered,0.5588955244435617,0.19094899859559322,0.5431322668090384
full_with_synthetic,2015-10-15,2015-11-04,close,2016-01-08,close,-0.2686460792930022,,2016-01-13,open_before_rebalance,0.5958109711023423,-0.23064273522945633,0.5973078250803029
full_with_synthetic,2016-03-22,2016-03-22,close,2016-03-28,close,-0.02761058758879198,2016-03-29,2018-02-09,recovered,0.5163170226315047,0.3594411762086931,0.5166002813943331
full_with_synthetic,2016-03-22,2016-03-30,close,2016-03-31,close,-0.005825141439617543,2016-04-01,2018-02-09,recovered,0.4923891803275817,0.2985374063437465,0.46002031783252983
full_with_synthetic,2016-03-22,2016-04-01,close,2016-04-05,close,-0.03893746311395363,2016-04-06,2018-02-09,recovered,0.45372874073579955,0.2625347250553336,0.44912938974217687
full_with_synthetic,2016-03-22,2016-04-06,close,2016-04-11,close,-0.05564961269653401,2016-04-13,2018-02-09,recovered,0.45000111018915223,0.16718329817353883,0.4519337723659764
full_with_synthetic,2016-03-22,2016-04-14,close,2016-04-15,close,-0.007658552930917328,2016-04-18,2018-02-09,recovered,0.37043844749093985,0.15315026350671856,0.37099895178108755
full_with_synthetic,2016-03-22,2016-04-18,close,2016-06-27,close,-0.22890013903465622,2016-07-14,2018-02-09,recovered,0.5095979363666735,-0.047680480601467345,0.5351384214602445
full_with_synthetic,2016-03-22,2016-07-14,close,2016-07-15,close,-0.005620946528088089,2016-07-18,2018-02-09,recovered,0.5614407179026166,0.03807118632223205,0.5617321129993462
full_with_synthetic,2016-03-22,2016-07-18,close,2016-07-19,close,-0.010357922767069927,2016-07-20,2018-02-09,recovered,0.5622819332782822,0.061433572110646484,0.5629623146869853
full_with_synthetic,2016-03-22,2016-07-20,close,2016-07-21,close,-0.005947685767040856,2016-07-22,2018-02-09,recovered,0.569926180146414,0.08254837279214233,0.5705394759022195
full_with_synthetic,2016-03-22,2016-08-01,close,2016-08-02,close,-0.02252623979813717,2016-08-05,2018-02-09,recovered,0.5383817270127969,0.26835951612603504,0.5449638156038337
full_with_synthetic,2016-03-22,2016-08-05,close,2016-08-08,close,-0.003176586734050413,2016-08-09,2018-02-09,recovered,0.5374356303524366,0.22047811656829852,0.3734572695772209
full_with_synthetic,2016-03-22,2016-08-09,close,2016-08-10,close,-0.007711171092764979,2016-08-11,2018-02-09,recovered,0.31070151937857543,0.4818383034735292,0.2790255746530494
full_with_synthetic,2016-03-22,2016-08-15,close,2016-08-31,close,-0.0324791186988479,2016-09-06,2018-02-09,recovered,0.1972089757991768,0.11880279067512878,0.17554716538234902
full_with_synthetic,2016-03-22,2016-09-07,close,2016-09-09,close,-0.09164465785268694,2016-09-21,2018-02-09,recovered,0.1824276212878522,0.06802889120545297,0.2888206141474164
full_with_synthetic,2016-03-22,2016-09-22,close,2016-09-26,close,-0.04238136366730472,2016-10-10,2018-02-09,recovered,0.3598554981853433,0.03101025187661688,0.3677035533809126
full_with_synthetic,2016-03-22,2016-10-10,close,2016-10-17,close,-0.058931852964898335,2016-10-24,2018-02-09,recovered,0.40228741882115254,0.010239130666528817,0.40145561479954556
full_with_synthetic,2016-03-22,2016-10-24,close,2016-11-04,close,-0.14308569340720234,2016-12-13,2018-02-09,recovered,0.2880553397879185,-0.1259134998340845,0.28594834329475416
full_with_synthetic,2016-03-22,2016-12-13,close,2016-12-16,close,-0.01341610617620248,2016-12-20,2018-02-09,recovered,0.44037949741656873,0.1324674163369628,0.43199398977674286
full_with_synthetic,2016-03-22,2016-12-20,close,2016-12-22,close,-0.0121548905050749,2016-12-27,2018-02-09,recovered,0.3800383009678816,0.08854663545015296,0.3800732803476269
full_with_synthetic,2016-03-22,2016-12-27,close,2016-12-30,close,-0.05629722502658285,2017-01-05,2018-02-09,recovered,0.3190854196588664,0.09435537239392766,0.3299526565864379
full_with_synthetic,2016-03-22,2017-01-11,close,2017-01-12,close,-0.005085527618309937,2017-01-13,2018-02-09,recovered,0.3266806483044717,0.11533010119378084,0.3272054985642774
full_with_synthetic,2016-03-22,2017-01-13,close,2017-01-17,close,-0.00940450343677035,2017-01-20,2018-02-09,recovered,0.30980690563306634,0.1489389112455246,0.25715383213031884
full_with_synthetic,2016-03-22,2017-01-27,close,2017-01-31,close,-0.028111443065275132,2017-02-06,2018-02-09,recovered,0.22712018507969975,0.12444060116757538,0.22869359416961607
full_with_synthetic,2016-03-22,2017-02-15,close,2017-02-16,close,-0.0008528188836891548,2017-02-17,2018-02-09,recovered,0.17031630326139455,0.259765069454458,0.16976103943642407
full_with_synthetic,2016-03-22,2017-02-22,close,2017-02-23,close,-0.010785798627520937,2017-03-01,2018-02-09,recovered,0.1614841994514835,0.20787372866548282,0.16896956827918175
full_with_synthetic,2016-03-22,2017-03-01,close,2017-03-07,close,-0.022389946736199318,2017-03-13,2018-02-09,recovered,0.19448111309462168,0.1874648459262651,0.19673811427487467
full_with_synthetic,2016-03-22,2017-03-13,close,2017-03-14,close,-0.007408079638535403,2017-03-15,2018-02-09,recovered,0.17827889636486882,0.14016082344589376,0.16289277059523308
full_with_synthetic,2016-03-22,2017-03-15,close,2017-03-17,close,-0.0029800834517312857,2017-03-20,2018-02-09,recovered,0.15965196103992105,0.16204640965270944,0.15960097317161637
full_with_synthetic,2016-03-22,2017-03-20,close,2017-03-21,close,-0.04458468516196601,2017-03-29,2018-02-09,recovered,0.15933406656787605,0.15562942434695382,0.21438890022948487
full_with_synthetic,2016-03-22,2017-03-30,close,2017-04-03,close,-0.0045239198156517,2017-04-04,2018-02-09,recovered,0.21760768911405048,0.0756006823943971,0.2158827366497172
full_with_synthetic,2016-03-22,2017-04-04,close,2017-04-13,close,-0.04738763400840329,2017-04-24,2018-02-09,recovered,0.19680534007189115,-0.011136819785071639,0.19443564555898643
full_with_synthetic,2016-03-22,2017-04-25,close,2017-04-26,close,-0.0043818813608108576,2017-04-27,2018-02-09,recovered,0.24335332453372435,0.08311172575460657,0.2424087744812505
full_with_synthetic,2016-03-22,2017-05-02,close,2017-05-03,close,-0.009866703281994571,2017-05-05,2018-02-09,recovered,0.24998777176666342,0.12676206795928424,0.20794186300325887
full_with_synthetic,2016-03-22,2017-05-10,close,2017-05-11,close,-0.0023916575064256707,2017-05-12,2018-02-09,recovered,0.1977991106840977,0.15559099171842639,0.1972623558919049
full_with_synthetic,2016-03-22,2017-05-16,close,2017-05-17,close,-0.07565326718038035,2017-05-24,2018-02-09,recovered,0.1968503297859314,0.16984789317747473,0.30635288014642026
full_with_synthetic,2016-03-22,2017-05-30,close,2017-05-31,close,-0.0012224065478073642,2017-06-01,2018-02-09,recovered,0.3042748028349757,0.23344563669997442,0.3038296164306353
full_with_synthetic,2016-03-22,2017-06-02,close,2017-06-06,close,-0.0121437568518461,2017-06-08,2018-02-09,recovered,0.3100229473415721,0.2575567224593647,0.30267008370788395
full_with_synthetic,2016-03-22,2017-06-08,close,2017-07-03,close,-0.14660435003786831,2017-07-19,2018-02-09,recovered,0.4301981682190873,0.0007175891338662144,0.43595995234944634
full_with_synthetic,2016-03-22,2017-07-20,close,2017-07-21,close,-0.0015147253164619068,2017-07-24,2018-02-09,recovered,0.45913801799883547,0.010898925390597114,0.4591465371434185
full_with_synthetic,2016-03-22,2017-07-24,close,2017-07-25,close,-0.006695097884521495,2017-07-26,2018-02-09,recovered,0.4047289144821924,0.09925453434972775,0.40077263554861764
full_with_synthetic,2016-03-22,2017-07-26,close,2017-08-21,close,-0.08183222109058541,2017-08-31,2018-02-09,recovered,0.35329896506138225,0.0680751544871332,0.34908461796425155
full_with_synthetic,2016-03-22,2017-08-31,close,2017-09-08,close,-0.037326005918718486,2017-09-12,2018-02-09,recovered,0.3777495592798218,0.0017576891993820176,0.3810996389416198
full_with_synthetic,2016-03-22,2017-09-13,close,2017-09-25,close,-0.06698207837695702,2017-10-05,2018-02-09,recovered,0.34243947609832176,0.0699057567417305,0.35037743766900237
full_with_synthetic,2016-03-22,2017-10-06,close,2017-10-09,close,-0.0025136220109446272,2017-10-11,2018-02-09,recovered,0.2689901790027134,0.11552437665027804,0.2678324782973009
full_with_synthetic,2016-03-22,2017-10-11,close,2017-10-12,close,-0.005401394239108126,2017-10-13,2018-02-09,recovered,0.26668209490605005,0.10891968180652833,0.25094639265236607
full_with_synthetic,2016-03-22,2017-10-17,close,2017-10-26,close,-0.0420503485040733,2017-10-27,2018-02-09,recovered,0.2081786347321014,0.021523877818319992,0.20368892578177758
full_with_synthetic,2016-03-22,2017-10-31,close,2017-11-02,close,-0.006387232465845605,2017-11-03,2018-02-09,recovered,0.31824745191269105,0.13483722164315903,0.3116837164047371
full_with_synthetic,2016-03-22,2017-11-08,close,2017-11-15,close,-0.037655657355814554,2017-11-21,2018-02-09,recovered,0.29936884318940976,0.15187761229653152,0.3046619932199275
full_with_synthetic,2016-03-22,2017-11-24,close,2017-11-27,close,-0.0016402154883803366,2017-11-28,2018-02-09,recovered,0.32354824251698255,0.17161025530571772,0.3237190909675384
full_with_synthetic,2016-03-22,2017-11-28,close,2017-12-04,close,-0.0739556201000694,2017-12-15,2018-02-09,recovered,0.3679581037633468,0.11895097927913367,0.3843111643040631
full_with_synthetic,2016-03-22,2017-12-18,close,2017-12-29,close,-0.055491241378135214,2018-01-03,2018-02-09,recovered,0.30511581714775,0.06468381943697388,0.3073783315452815
full_with_synthetic,2016-03-22,2018-01-09,close,2018-01-10,close,-0.00711548922966021,2018-01-11,2018-02-09,recovered,0.32834022257777523,0.12244162363133348,0.32954812268641137
full_with_synthetic,2016-03-22,2018-01-12,close,2018-01-16,close,-0.007740037106134912,2018-01-17,2018-02-09,recovered,0.29103142711666474,0.21684857649578682,0.28873176780876336
full_with_synthetic,2016-03-22,2018-01-23,close,2018-01-25,close,-0.021511910172784643,2018-01-26,2018-02-09,recovered,0.2892869743023723,0.2863567512098335,0.28735253707768893
full_with_synthetic,2016-03-22,2018-01-26,close,2018-02-08,close,-0.2856202107831036,,2018-02-09,open_before_rebalance,0.5695807712478632,0.035372849343211055,0.674974675086036
full_with_synthetic,2018-05-15,2018-05-15,open,2018-05-15,close,-0.008758943329509883,2018-05-16,2018-10-17,recovered,0.5648061007102525,0.27527799232112393,0.571910933513117
full_with_synthetic,2018-05-15,2018-05-16,close,2018-05-18,close,-0.02712206707060305,2018-05-23,2018-10-17,recovered,0.5612637104417812,0.13018438710572133,0.5129078534502519
full_with_synthetic,2018-05-15,2018-05-23,close,2018-05-24,close,-0.0008414178734583722,2018-05-25,2018-10-17,recovered,0.48060397389011306,0.1663628642187127,0.47267246569369287
full_with_synthetic,2018-05-15,2018-05-25,close,2018-05-29,close,-0.012781303666453026,2018-05-30,2018-10-17,recovered,0.46920325784257627,0.14575428724227324,0.46903627293801414
full_with_synthetic,2018-05-15,2018-05-30,close,2018-05-31,close,-0.0021424657421480475,2018-06-01,2018-10-17,recovered,0.43667180830989755,0.062338038134155394,0.43664023698324206
full_with_synthetic,2018-05-15,2018-06-06,close,2018-06-08,close,-0.02385984025212018,2018-06-14,2018-10-17,recovered,0.3728420931143444,0.3124458035817028,0.3386253757144361
full_with_synthetic,2018-05-15,2018-06-14,close,2018-06-27,close,-0.12434911690072792,2018-07-12,2018-10-17,recovered,0.34718689653570334,0.03701284732329557,0.35442707019254394
full_with_synthetic,2018-05-15,2018-07-13,close,2018-07-16,close,-0.006742131570276033,2018-07-17,2018-10-17,recovered,0.4208867101920051,0.16765069353130135,0.4037623628333518
full_with_synthetic,2018-05-15,2018-07-17,close,2018-07-20,close,-0.0224172767876325,2018-07-25,2018-10-17,recovered,0.40243371157693386,0.04901799166963272,0.39550833611180475
full_with_synthetic,2018-05-15,2018-07-25,close,2018-07-30,close,-0.12303434810537639,2018-08-27,2018-10-17,recovered,0.443125149905759,-0.006785796097862784,0.4597611167396771
full_with_synthetic,2018-05-15,2018-08-29,close,2018-10-11,close,-0.2619308082062888,,2018-10-17,open_before_rebalance,0.513193984918211,-0.20385426716262156,0.506084234678438
full_with_synthetic,2019-02-19,2019-02-19,close,2019-02-21,close,-0.012120184415319035,2019-02-22,2019-06-05,recovered,0.46504178435488125,0.2734867551186595,0.46434000687769
full_with_synthetic,2019-02-19,2019-02-26,close,2019-02-28,close,-0.009316859452078607,2019-03-01,2019-06-05,recovered,0.4506580734119114,0.2709726985526235,0.4297002654460559
full_with_synthetic,2019-02-19,2019-03-05,close,2019-03-08,close,-0.058429056643205635,2019-03-11,2019-06-05,recovered,0.4091720026298639,0.16388059587141224,0.4086776772834093
full_with_synthetic,2019-02-19,2019-03-13,close,2019-03-14,close,-0.004426490323543142,2019-03-15,2019-06-05,recovered,0.4027384831919695,0.2943425433837106,0.3522157555181991
full_with_synthetic,2019-02-19,2019-03-21,close,2019-03-27,close,-0.0769487579732866,2019-04-03,2019-06-05,recovered,0.3730488179519998,0.19227387879504576,0.3630200504412787
full_with_synthetic,2019-02-19,2019-04-03,close,2019-04-04,close,-0.001485946730051979,2019-04-05,2019-06-05,recovered,0.3810482283344916,0.20484179452650686,0.3780981882228243
full_with_synthetic,2019-02-19,2019-04-08,close,2019-04-09,close,-0.010990911843478779,2019-04-10,2019-06-05,recovered,0.376093914550962,0.2050613018139642,0.3794075805800328
full_with_synthetic,2019-02-19,2019-04-10,close,2019-04-11,close,-0.007558768531546911,2019-04-12,2019-06-05,recovered,0.37948555271273177,0.21109922816619453,0.3798975211308716
full_with_synthetic,2019-02-19,2019-04-23,close,2019-04-24,close,-0.009709092980226264,2019-04-25,2019-06-05,recovered,0.3182485414144954,0.28253089322238756,0.32164211972961665
full_with_synthetic,2019-02-19,2019-04-29,close,2019-06-03,close,-0.30499696869164006,,2019-06-05,open_before_rebalance,0.5237781106811639,-0.21235877519858426,0.5475855051740752
full_with_synthetic,2019-06-26,2019-06-26,open,2019-06-26,close,-0.006043821118309145,2019-06-27,2019-08-15,recovered,0.5593122994019594,0.09613304601172845,0.5538564404988063
full_with_synthetic,2019-06-26,2019-07-03,close,2019-07-08,close,-0.02738908995559841,2019-07-10,2019-08-15,recovered,0.5089566780304087,0.16191466536672117,0.4907735202092477
full_with_synthetic,2019-06-26,2019-07-10,close,2019-07-11,close,-0.0026650811650885675,2019-07-12,2019-08-15,recovered,0.49210166651850235,0.26290214110414967,0.4831202211346708
full_with_synthetic,2019-06-26,2019-07-15,close,2019-07-19,close,-0.04821185215130919,2019-07-24,2019-08-15,recovered,0.34999587839393426,0.2970736895798549,0.3600667529012753
full_with_synthetic,2019-06-26,2019-07-24,close,2019-07-25,close,-0.028550925749374678,2019-07-26,2019-08-15,recovered,0.3250075207210486,0.19866553419741528,0.3338323255265835
full_with_synthetic,2019-06-26,2019-07-26,close,2019-08-05,close,-0.2116454422199996,,2019-08-15,open_before_rebalance,0.3673175042417519,-0.030169695979091138,0.4756885829634642
full_with_synthetic,2019-09-23,2019-09-23,close,2019-10-02,close,-0.10113409845059407,2019-10-14,2020-02-26,recovered,0.48333659560743647,-0.025757271157144435,0.5022296959401945
full_with_synthetic,2019-09-23,2019-10-15,close,2019-10-18,close,-0.02927788057737679,2019-10-24,2020-02-26,recovered,0.4141064171249478,0.02012994294576198,0.42287322960508117
full_with_synthetic,2019-09-23,2019-10-28,close,2019-10-29,close,-0.023035933146787313,2019-11-01,2020-02-26,recovered,0.4424086030862445,0.08558573129075664,0.4476664428724331
full_with_synthetic,2019-09-23,2019-11-05,close,2019-11-06,close,-0.00634222522108252,2019-11-07,2020-02-26,recovered,0.42429293920867844,0.18960138369908686,0.41851725975381343
full_with_synthetic,2019-09-23,2019-11-08,close,2019-11-11,close,-0.004208714658135215,2019-11-12,2020-02-26,recovered,0.39726914831247095,0.22705333704663078,0.39415920187297715
full_with_synthetic,2019-09-23,2019-11-12,close,2019-11-14,close,-0.0017577055163598976,2019-11-15,2020-02-26,recovered,0.34265202630350255,0.29407603586883857,0.33581338667075283
full_with_synthetic,2019-09-23,2019-11-19,close,2019-11-21,close,-0.025161329428837642,2019-11-25,2020-02-26,recovered,0.27875752823145256,0.24632347640435914,0.27872348418715276
full_with_synthetic,2019-09-23,2019-11-27,close,2019-12-03,close,-0.06650611347256608,2019-12-12,2020-02-26,recovered,0.2699544979213791,0.17580855202535783,0.27426782602546856
full_with_synthetic,2019-09-23,2019-12-26,close,2019-12-30,close,-0.022822690460385098,2020-01-02,2020-02-26,recovered,0.25349396088332204,0.18962315064653557,0.26386192426447463
full_with_synthetic,2019-09-23,2020-01-02,close,2020-01-03,close,-0.027190471217589773,2020-01-08,2020-02-26,recovered,0.29119336834199216,0.2020217084295266,0.30695581073019523
full_with_synthetic,2019-09-23,2020-01-09,close,2020-01-10,close,-0.008162852228626005,2020-01-13,2020-02-26,recovered,0.29670407023571815,0.22917942122037083,0.29996921757972617
full_with_synthetic,2019-09-23,2020-01-13,close,2020-01-14,close,-0.011669763843993208,2020-01-16,2020-02-26,recovered,0.3087010527297041,0.22940743916844109,0.30778485509353976
full_with_synthetic,2019-09-23,2020-01-17,close,2020-01-21,close,-0.0005005725581909148,2020-01-22,2020-02-26,recovered,0.27532719448355353,0.3389086170805917,0.2766724118160125
full_with_synthetic,2019-09-23,2020-01-23,close,2020-01-27,close,-0.08614224214867083,2020-02-04,2020-02-26,recovered,0.27948806362987433,0.29694020211323946,0.3456430736799245
full_with_synthetic,2019-09-23,2020-02-06,close,2020-02-07,close,-0.012912758652171452,2020-02-10,2020-02-26,recovered,0.44776037953818226,0.2646825585783039,0.45155326521870615
full_with_synthetic,2019-09-23,2020-02-12,close,2020-02-13,close,-0.0038526023382635666,2020-02-14,2020-02-26,recovered,0.45124269519642457,0.3270970595406473,0.4528554248510322
full_with_synthetic,2019-09-23,2020-02-19,close,2020-02-25,close,-0.2551243575066644,,2020-02-26,open_before_rebalance,0.5881960100109686,0.014311482188808622,0.6341835762062122
full_with_synthetic,2020-06-11,2020-06-11,open,2020-06-11,close,-0.10347808919987589,,2020-06-12,open_before_rebalance,0.5994637513836062,0.550334600152542,0.7090324543001629
full_with_synthetic,2020-09-01,2020-09-02,close,2020-09-04,open_before_rebalance,-0.16702009168477527,,2020-09-04,open_before_rebalance,0.70045274406139,0.3487628375995264,0.7070965676144075
full_with_synthetic,2020-12-18,2020-12-18,open,2020-12-23,close,-0.02900411019946647,2020-12-28,2021-02-05,recovered,0.42521629766324487,0.23135919015894668,0.3900180788308725
full_with_synthetic,2020-12-18,2020-12-29,close,2020-12-30,close,-0.00016637378898520794,2020-12-31,2021-02-05,recovered,0.34493827876917377,0.24307542078993882,0.3424188137908688
full_with_synthetic,2020-12-18,2020-12-31,close,2021-01-06,close,-0.06028593481964206,2021-01-07,2021-02-05,recovered,0.3598520510235206,0.21017287217449998,0.3782467838348971
full_with_synthetic,2020-12-18,2021-01-08,close,2021-01-15,close,-0.06784726281363296,2021-01-20,2021-02-05,recovered,0.43775326712291923,0.1069230859395216,0.44524594803439127
full_with_synthetic,2020-12-18,2021-01-21,close,2021-01-22,close,-0.009069550935105197,2021-01-25,2021-02-05,recovered,0.4999294255273979,0.19040113820079507,0.5018134844207488
full_with_synthetic,2020-12-18,2021-01-26,close,2021-01-29,close,-0.12521782133165493,2021-02-04,2021-02-05,recovered,0.5214494540320793,0.17130032789636673,0.5514837027752026
full_with_synthetic,2021-02-18,2021-02-18,close,2021-02-25,close,-0.17247227263434972,,2021-02-26,open_before_rebalance,0.5687667377527764,0.07934261573811763,0.6486304552487734
full_with_synthetic,2021-04-22,2021-04-22,open,2021-04-22,close,-0.03285173905230532,2021-04-23,2021-12-16,recovered,0.5657433279574817,0.2738845500808944,0.5787445611625067
full_with_synthetic,2021-04-22,2021-04-26,close,2021-05-12,close,-0.2065275006791586,2021-06-14,2021-12-16,recovered,0.5067559505692725,0.07810400927323968,0.5545295441824369
full_with_synthetic,2021-04-22,2021-06-14,close,2021-06-16,close,-0.029034324296464686,2021-06-17,2021-12-16,recovered,0.5370243224931391,0.04060444299997501,0.5132050969767094
full_with_synthetic,2021-04-22,2021-06-17,close,2021-06-18,close,-0.023874678414180894,2021-06-22,2021-12-16,recovered,0.5203998943112786,0.14059500463142638,0.5243201653264916
full_with_synthetic,2021-04-22,2021-06-24,close,2021-06-25,close,-0.0031387199020224132,2021-06-28,2021-12-16,recovered,0.39960902707121815,0.3357506569875963,0.39993796339488763
full_with_synthetic,2021-04-22,2021-06-29,close,2021-06-30,close,-0.004388849017816554,2021-07-02,2021-12-16,recovered,0.36462881697075167,0.30408022946739455,0.3557784495301812
full_with_synthetic,2021-04-22,2021-07-07,close,2021-07-08,close,-0.01733215521946052,2021-07-12,2021-12-16,recovered,0.30261890905007693,0.27606671341211686,0.31153433122127633
full_with_synthetic,2021-04-22,2021-07-12,close,2021-07-13,close,-0.0005355151502804967,2021-07-14,2021-12-16,recovered,0.30734939114270116,0.2871064299666952,0.3084670853171182
full_with_synthetic,2021-04-22,2021-07-14,close,2021-07-19,close,-0.06765099286942378,2021-07-22,2021-12-16,recovered,0.3086649436637855,0.26913315497926926,0.2940495606889323
full_with_synthetic,2021-04-22,2021-07-26,close,2021-07-27,close,-0.03266967206214533,2021-08-05,2021-12-16,recovered,0.3115752745092737,0.2555391111681218,0.32663792197679187
full_with_synthetic,2021-04-22,2021-08-05,close,2021-08-18,close,-0.06040638905319862,2021-08-23,2021-12-16,recovered,0.2795539781377956,0.04166037857436655,0.2927655872087017
full_with_synthetic,2021-04-22,2021-08-25,close,2021-08-26,close,-0.016944604876804714,2021-08-27,2021-12-16,recovered,0.3234842562065212,0.09131703711596062,0.32125780292585193
full_with_synthetic,2021-04-22,2021-08-30,close,2021-08-31,close,-0.002801891047746863,2021-09-01,2021-12-16,recovered,0.31643138403412835,0.22355561308421223,0.3077217130663545
full_with_synthetic,2021-04-22,2021-09-01,close,2021-09-02,close,-0.001396951194276408,2021-09-03,2021-12-16,recovered,0.3034281856591012,0.16114307186899657,0.3001941265303432
full_with_synthetic,2021-04-22,2021-09-07,close,2021-10-04,close,-0.21720273211851893,2021-10-28,2021-12-16,recovered,0.43123673068619445,-0.037121306598473014,0.4545541813461339
full_with_synthetic,2021-04-22,2021-11-05,close,2021-11-10,close,-0.06736646093068244,2021-11-18,2021-12-16,recovered,0.3827122982691174,0.31167677763050383,0.41039992669650716
full_with_synthetic,2021-04-22,2021-11-19,close,2021-12-03,close,-0.152760407977113,,2021-12-16,open_before_rebalance,0.45514034166576306,0.10969132938335346,0.4791137492265083
full_with_synthetic,2023-04-05,2023-04-05,open,2023-04-12,close,-0.04878053440468921,2023-04-13,2024-08-01,recovered,0.5516297407794963,0.21387009865551687,0.5591669039615886
full_with_synthetic,2023-04-05,2023-04-13,close,2023-04-25,close,-0.0879479024390466,2023-04-27,2024-08-01,recovered,0.4910823065078769,0.2866717842909816,0.5245919048731238
full_with_synthetic,2023-04-05,2023-04-28,close,2023-05-04,close,-0.05911495077840512,2023-05-08,2024-08-01,recovered,0.4918796471318395,0.04469491573641671,0.47677569936272773
full_with_synthetic,2023-04-05,2023-05-08,close,2023-05-09,close,-0.01933909360527264,2023-05-10,2024-08-01,recovered,0.49726143454557364,0.1014718494512552,0.49677052202513955
full_with_synthetic,2023-04-05,2023-05-11,close,2023-05-12,close,-0.010334171929086478,2023-05-15,2024-08-01,recovered,0.4773739735125479,0.1067479981548034,0.47383825220825276
full_with_synthetic,2023-04-05,2023-05-18,close,2023-05-19,close,-0.006883553153306687,2023-05-22,2024-08-01,recovered,0.4728519633174332,0.18854608380513826,0.47242920307353764
full_with_synthetic,2023-04-05,2023-05-22,close,2023-05-24,close,-0.054256284317809156,2023-05-25,2024-08-01,recovered,0.484174723476351,0.1486587031864388,0.4792673196735129
full_with_synthetic,2023-04-05,2023-05-30,close,2023-05-31,close,-0.020298845922270936,2023-06-01,2024-08-01,recovered,0.5327026365511573,0.28981818189785313,0.5390065062029837
full_with_synthetic,2023-04-05,2023-06-05,close,2023-06-07,close,-0.05203273541839348,2023-06-12,2024-08-01,recovered,0.5347946793354333,0.38000759687013064,0.5289052594188894
full_with_synthetic,2023-04-05,2023-06-15,close,2023-06-26,close,-0.09787705716180184,2023-07-12,2024-08-01,recovered,0.5032228296560868,0.3571788797006239,0.5238916137368507
full_with_synthetic,2023-04-05,2023-07-13,close,2023-07-14,close,-0.0009079377330017957,2023-07-17,2024-08-01,recovered,0.4568974968237802,0.2461050730564327,0.44995310939913946
full_with_synthetic,2023-04-05,2023-07-19,close,2023-10-26,close,-0.3314181850403649,2023-12-12,2024-08-01,recovered,0.526841420769088,-0.19674063633466465,0.539258929301345
full_with_synthetic,2023-04-05,2023-12-13,close,2023-12-14,close,-0.0016412516266791632,2023-12-15,2024-08-01,recovered,0.40291205507251104,0.48688210811196053,0.3886293206783287
full_with_synthetic,2023-04-05,2023-12-19,close,2023-12-20,close,-0.04443207373881031,2023-12-26,2024-08-01,recovered,0.3626224523061414,0.3422786785448544,0.39113740473710396
full_with_synthetic,2023-04-05,2023-12-27,close,2024-01-04,close,-0.11117570399712307,2024-01-18,2024-08-01,recovered,0.36486613123975925,0.08421069065752751,0.35552236561781564
full_with_synthetic,2023-04-05,2024-01-25,close,2024-01-26,close,-0.018413570374228527,2024-01-29,2024-08-01,recovered,0.40150503940681,0.23402104619193986,0.4049591758377966
full_with_synthetic,2023-04-05,2024-01-29,close,2024-01-31,close,-0.07762399994604363,2024-02-02,2024-08-01,recovered,0.4080016699242639,0.15444974323810645,0.44737005698778887
full_with_synthetic,2023-04-05,2024-02-02,close,2024-02-06,close,-0.010831496150527364,2024-02-07,2024-08-01,recovered,0.45134178555577176,0.17325940037276855,0.4448387012335943
full_with_synthetic,2023-04-05,2024-02-09,close,2024-02-21,close,-0.08113496785005003,2024-02-29,2024-08-01,recovered,0.45601401389056134,0.21966076009402014,0.43026682182691656
full_with_synthetic,2023-04-05,2024-03-01,close,2024-04-19,close,-0.21339247263811179,2024-05-15,2024-08-01,recovered,0.4543245417751005,-0.1195686755654436,0.4605901665532801
full_with_synthetic,2023-04-05,2024-05-15,close,2024-05-17,close,-0.008350435977026338,2024-05-20,2024-08-01,recovered,0.5282555230080053,0.0909720186843701,0.5197277997148774
full_with_synthetic,2023-04-05,2024-05-21,close,2024-05-23,close,-0.01548707798691662,2024-05-24,2024-08-01,recovered,0.5148876687042241,0.09502775046216305,0.5005323289065233
full_with_synthetic,2023-04-05,2024-05-28,close,2024-05-31,close,-0.05343627924569261,2024-06-05,2024-08-01,recovered,0.45782372419604256,0.1655185776140924,0.4529328738763892
full_with_synthetic,2023-04-05,2024-06-05,close,2024-06-07,close,-0.004892612659720741,2024-06-10,2024-08-01,recovered,0.4154609059392564,0.25432900732197683,0.4108096901454279
full_with_synthetic,2023-04-05,2024-06-18,close,2024-06-24,close,-0.0652796724006357,2024-07-02,2024-08-01,recovered,0.32235517352539517,0.2728827809861454,0.34471650538068566
full_with_synthetic,2023-04-05,2024-07-10,close,2024-07-30,close,-0.2606850709774535,,2024-08-01,open_before_rebalance,0.5686277547096776,-0.10121252739901732,0.5764443967368846
full_with_synthetic,2024-09-30,2024-09-30,close,2024-10-01,close,-0.04235083807778439,2024-10-08,2025-01-16,recovered,0.5706739254979538,0.059490891511641,0.5743779360236952
full_with_synthetic,2024-09-30,2024-10-09,close,2024-10-10,close,-0.0034959506913201377,2024-10-14,2025-01-16,recovered,0.5746980292272833,0.08067042290044446,0.5642930901400101
full_with_synthetic,2024-09-30,2024-10-14,close,2024-10-23,close,-0.057873873488630045,2024-10-29,2025-01-16,recovered,0.41450810447629116,0.2440263502496831,0.4076146009093416
full_with_synthetic,2024-09-30,2024-10-29,close,2024-10-31,close,-0.09664405401841247,2024-11-06,2025-01-16,recovered,0.4123487738314473,0.1492237793465856,0.4208809947654656
full_with_synthetic,2024-09-30,2024-11-08,close,2024-11-15,close,-0.10247735333320851,2024-12-03,2025-01-16,recovered,0.4925475567278129,0.15161106523476842,0.5325376977302625
full_with_synthetic,2024-09-30,2024-12-04,close,2024-12-05,close,-0.008231958870774547,2024-12-06,2025-01-16,recovered,0.5161146539900661,0.14587492692153292,0.49459629901609153
full_with_synthetic,2024-09-30,2024-12-06,close,2024-12-10,close,-0.03396415099487238,2024-12-11,2025-01-16,recovered,0.5015040757047632,0.14650776342683436,0.5035051754264235
full_with_synthetic,2024-09-30,2024-12-11,close,2024-12-12,close,-0.01982310055622971,2024-12-13,2025-01-16,recovered,0.5190425887295895,0.1614204347084125,0.5179643114189788
full_with_synthetic,2024-09-30,2024-12-16,close,2025-01-14,close,-0.18521008906021397,,2025-01-16,open_before_rebalance,0.5785474085744436,-0.04443616271900008,0.5743972956750518
full_with_synthetic,2025-01-17,2025-01-17,open,2025-01-17,close,-0.006571908400329396,2025-01-21,2025-01-21,recovered,0.5986382519489626,-0.036211295640420915,0.6154254057457331
full_with_synthetic,2025-02-05,2025-02-06,close,2025-02-07,close,-0.03813511220118215,2025-02-13,2025-03-07,recovered,0.5651317530180924,0.03933315716853092,0.5711322536191126
full_with_synthetic,2025-02-05,2025-02-19,close,2025-03-07,open_before_rebalance,-0.27477885298390936,,2025-03-07,open_before_rebalance,0.6147390367020682,-0.24783584979597795,0.6192425236852735
full_with_synthetic,2025-06-04,2025-06-04,close,2025-06-05,close,-0.023284127301106405,2025-06-06,2025-11-14,recovered,0.5586752307258404,0.6393697549011037,0.5504725789273476
full_with_synthetic,2025-06-04,2025-06-10,close,2025-06-20,close,-0.046459645194169674,2025-06-24,2025-11-14,recovered,0.5151099549314849,0.29467747898358176,0.5192774187205619
full_with_synthetic,2025-06-04,2025-06-30,close,2025-07-01,close,-0.025421731899739397,2025-07-03,2025-11-14,recovered,0.40009922180512614,0.17926215435482873,0.40960663146808324
full_with_synthetic,2025-06-04,2025-07-03,close,2025-07-07,close,-0.0222851998736725,2025-07-15,2025-11-14,recovered,0.414375238771825,0.1997093668988783,0.3983861846802788
full_with_synthetic,2025-06-04,2025-07-17,close,2025-07-18,close,-0.003446159431728879,2025-07-21,2025-11-14,recovered,0.33396783234878497,0.1912344410536959,0.33503389082561735
full_with_synthetic,2025-06-04,2025-07-21,close,2025-07-22,close,-0.015555728646462375,2025-07-24,2025-11-14,recovered,0.3245281324760938,0.22406806416516245,0.32420963142913883
full_with_synthetic,2025-06-04,2025-07-28,close,2025-08-01,close,-0.0765119382451126,2025-08-08,2025-11-14,recovered,0.2629372822035878,0.20251383376315668,0.3252569286153498
full_with_synthetic,2025-06-04,2025-08-08,close,2025-08-11,close,-0.008789075050794515,2025-08-12,2025-11-14,recovered,0.3450548053893478,0.14299897909459958,0.34686626241467755
full_with_synthetic,2025-06-04,2025-08-13,close,2025-08-21,close,-0.08823515570179208,2025-09-11,2025-11-14,recovered,0.357718024909291,0.034926128820043534,0.3600823015822962
full_with_synthetic,2025-06-04,2025-09-15,close,2025-09-17,close,-0.009069867313133861,2025-09-18,2025-11-14,recovered,0.33769680804599467,0.13148879057435625,0.33087375262995417
full_with_synthetic,2025-06-04,2025-09-22,close,2025-09-25,close,-0.04368181643381819,2025-10-01,2025-11-14,recovered,0.31434577666229924,0.07165271614110491,0.3177099037483816
full_with_synthetic,2025-06-04,2025-10-02,close,2025-10-03,close,-0.013567052489321108,2025-10-06,2025-11-14,recovered,0.2791784520103027,0.2112811649213484,0.27896206730552997
full_with_synthetic,2025-06-04,2025-10-06,close,2025-10-07,close,-0.01616225972384433,2025-10-08,2025-11-14,recovered,0.25887810933332295,0.1854650544616887,0.26335922652054455
full_with_synthetic,2025-06-04,2025-10-08,close,2025-10-10,close,-0.10846806978226875,2025-10-24,2025-11-14,recovered,0.27701682378469344,0.19237332073513813,0.42195151820670473
full_with_synthetic,2025-06-04,2025-10-29,close,2025-11-14,open_before_rebalance,-0.1710471364035876,,2025-11-14,open_before_rebalance,0.6174642538846784,-0.013943842985819077,0.616067586002519
full_with_synthetic,2025-11-24,2025-11-28,close,2025-12-01,close,-0.008984204632494164,2025-12-02,2026-04-01,recovered,0.5941625897888817,0.06888767506022053,0.5931074359169075
full_with_synthetic,2025-11-24,2025-12-03,close,2025-12-04,close,-0.003232262633587557,2025-12-05,2026-04-01,recovered,0.5872180331917491,0.03349728250200101,0.5799964854958919
full_with_synthetic,2025-11-24,2025-12-05,close,2025-12-08,close,-0.0062332652668005695,2025-12-10,2026-04-01,recovered,0.5767718892430539,0.04737916110856277,0.5706023582865822
full_with_synthetic,2025-11-24,2025-12-10,close,2025-12-17,close,-0.12797881851405435,2026-01-28,2026-04-01,recovered,0.5521225980884282,-0.11544960595685949,0.5475883053459558
full_with_synthetic,2025-11-24,2026-01-28,close,2026-03-30,close,-0.3348642367786786,,2026-04-01,open_before_rebalance,0.5288725279414288,-0.1951073929226259,0.5298486603482134
full_with_synthetic,2026-05-11,2026-05-11,close,2026-05-12,close,-0.025987619264047468,2026-05-13,2026-06-08,recovered,0.5097569434562632,0.9845283263391988,0.5122369304999368
full_with_synthetic,2026-05-11,2026-05-14,close,2026-05-19,close,-0.0762507438088772,2026-05-26,2026-06-08,recovered,0.5018557008318069,0.6852607682967593,0.5108689829344973
full_with_synthetic,2026-05-11,2026-05-26,close,2026-05-27,close,-0.0034167003275704655,2026-05-28,2026-06-08,recovered,0.4863910002842473,0.6176470054438159,0.4761963788117741
full_with_synthetic,2026-05-11,2026-06-02,close,2026-06-05,close,-0.16246261425286668,,2026-06-08,open_before_rebalance,0.45378523333527504,0.4153794862149136,0.6345037186536505
full_with_synthetic,2026-09-04,2026-09-04,open,2026-09-15,close,-0.06331909536231495,2026-09-18,2026-10-05,recovered,0.4936673542917833,0.07195908547483754,0.4752484450680049
full_with_synthetic,2026-09-04,2026-09-22,close,2026-09-28,close,-0.04504551441883842,2026-10-02,2026-10-05,recovered,0.453820290333826,0.03375146442641741,0.46394778259536723
actual,2010-02-11,2010-02-11,close,2010-02-12,open_before_rebalance,-0.027210781531233907,,2010-02-12,open_before_rebalance,0.6110449530216435,-0.1588761167424868,0.610206069206263
actual,2010-03-04,2010-03-12,close,2010-03-15,close,-0.0067337737349366655,2010-03-16,2010-05-11,recovered,0.4584660119642153,0.2728345466267066,0.423601192548348
actual,2010-03-04,2010-03-18,close,2010-03-19,close,-0.017689364484176018,2010-03-22,2010-05-11,recovered,0.415054314991814,0.282138909556493,0.31261141151693844
actual,2010-03-04,2010-03-23,close,2010-03-25,close,-0.020396990827464268,2010-03-30,2010-05-11,recovered,0.3030483004206622,0.37837097023828115,0.30304752630423254
actual,2010-03-04,2010-03-30,close,2010-04-01,close,-0.015430057912406925,2010-04-05,2010-05-11,recovered,0.2780970341969905,0.2628018757507211,0.27751854545998267
actual,2010-03-04,2010-04-06,close,2010-04-07,close,-0.005648064238991224,2010-04-09,2010-05-11,recovered,0.2798459192121566,0.29137609274841014,0.24488333091820236
actual,2010-03-04,2010-04-15,close,2010-04-19,close,-0.037112805389806214,2010-04-22,2010-05-11,recovered,0.2642086636257201,0.2659575940161858,0.24213075408844675
actual,2010-03-04,2010-04-23,close,2010-05-07,close,-0.2792991025821958,,2010-05-11,open_before_rebalance,0.5493161201559985,-0.09845697305713186,0.5855345397887901
actual,2010-08-12,2010-08-12,close,2010-08-13,close,-0.01992179303822128,2010-08-17,2011-08-03,recovered,0.5824930012776995,0.1485202501002949,0.585512129600509
actual,2010-08-12,2010-08-18,close,2010-08-31,close,-0.128013069698113,2010-09-03,2011-08-03,recovered,0.5313283059616015,-0.08512256160997511,0.5214673297393823
actual,2010-08-12,2010-09-03,close,2010-09-07,close,-0.024343486617597998,2010-09-08,2011-08-03,recovered,0.5595956248433221,-0.016292070887904964,0.5599289895326065
actual,2010-08-12,2010-09-20,close,2010-09-23,close,-0.010849708515073275,2010-09-24,2011-08-03,recovered,0.5656591350098746,0.1247922526678018,0.5030757772769429
actual,2010-08-12,2010-09-24,close,2010-10-04,close,-0.06681069379990445,2010-10-05,2011-08-03,recovered,0.4908705716392066,0.29176294951432014,0.5058951223662669
actual,2010-08-12,2010-10-05,close,2010-10-06,close,-0.02548476469722638,2010-10-08,2011-08-03,recovered,0.5294297305708506,0.3825525124992919,0.5007235244254392
actual,2010-08-12,2010-10-13,close,2010-10-14,close,-0.005550193774997547,2010-10-15,2011-08-03,recovered,0.4559331876034396,0.5565741370253183,0.41044599251504443
actual,2010-08-12,2010-10-18,close,2010-10-19,close,-0.03976507887549341,2010-10-22,2011-08-03,recovered,0.4189157526174819,0.3977316123777124,0.4325611203440335
actual,2010-08-12,2010-10-28,close,2010-10-29,close,-0.0047996212159433504,2010-11-02,2011-08-03,recovered,0.4161225883649595,0.2946141349031792,0.4179856337196821
actual,2010-08-12,2010-11-08,close,2010-11-16,close,-0.12363718683046687,2010-12-03,2011-08-03,recovered,0.4040526483962361,0.2472928913481649,0.38554670580230016
actual,2010-08-12,2010-12-03,close,2010-12-06,close,-0.0017566428094272224,2010-12-08,2011-08-03,recovered,0.45394327142100976,0.14680587734944628,0.45220901215834886
actual,2010-08-12,2010-12-10,close,2010-12-15,close,-0.017711812124103332,2010-12-16,2011-08-03,recovered,0.45605485031142085,0.11658963540077316,0.4508897136677157
actual,2010-08-12,2010-12-22,close,2010-12-31,close,-0.022151837348481807,2011-01-03,2011-08-03,recovered,0.371879751878622,0.19706285720890837,0.3744082447279289
actual,2010-08-12,2011-01-03,close,2011-01-04,close,-0.0015531002893517387,2011-01-05,2011-08-03,recovered,0.3731843137410613,0.17348668698353675,0.37365204078921277
actual,2010-08-12,2011-01-06,close,2011-01-07,close,-0.0023200117259186692,2011-01-10,2011-08-03,recovered,0.3378948774557018,0.23609604051114053,0.3020284353821824
actual,2010-08-12,2011-01-18,close,2011-01-21,close,-0.07678186301756573,2011-02-04,2011-08-03,recovered,0.24304471815585738,0.13261913028760075,0.2535227990879375
actual,2010-08-12,2011-02-08,close,2011-02-09,close,-0.006077824569957868,2011-02-11,2011-08-03,recovered,0.38978558474637964,0.18369504718755225,0.39021807759680877
actual,2010-08-12,2011-02-14,close,2011-02-15,close,-0.002578503149718969,2011-02-16,2011-08-03,recovered,0.38741868763741777,0.23262280059249707,0.37122301051923423
actual,2010-08-12,2011-02-16,close,2011-03-16,close,-0.23000552399115204,2011-04-27,2011-08-03,recovered,0.49309754232305525,-0.036565382436758664,0.5066234432086405
actual,2010-08-12,2011-04-27,close,2011-06-17,close,-0.25344002187613524,2011-07-22,2011-08-03,recovered,0.45983148193760226,-0.22277758928829172,0.45934691217997625
actual,2010-08-12,2011-07-22,close,2011-08-02,close,-0.16161544724799648,,2011-08-03,open_before_rebalance,0.5638382436559544,0.22007690881755204,0.6127059761321738
actual,2011-08-04,2011-08-04,open,2011-08-04,close,-0.0989622229098519,,2011-08-05,open_before_rebalance,0.5875280107558698,0.07022920940823085,0.7097816641315222
actual,2012-01-12,2012-01-12,close,2012-01-13,close,-0.011467693670169088,2012-01-17,2012-06-07,recovered,0.5850871170983297,0.2310886681313975,0.5005366564908437
actual,2012-01-12,2012-01-19,close,2012-01-24,close,-0.010052621853651633,2012-01-25,2012-06-07,recovered,0.506250323993687,0.14478186276315586,0.479037814026106
actual,2012-01-12,2012-01-25,close,2012-01-26,close,-0.01059725074667417,2012-01-30,2012-06-07,recovered,0.4729058748364732,0.18898034659948793,0.46121525954373765
actual,2012-01-12,2012-02-03,close,2012-02-06,close,-0.0009700288053432482,2012-02-07,2012-06-07,recovered,0.3349205493496174,0.3561747831387019,0.2987862190321934
actual,2012-01-12,2012-02-09,close,2012-02-10,close,-0.021388019272078118,2012-02-13,2012-06-07,recovered,0.29593888224904075,0.3932641238815562,0.2836661765268138
actual,2012-01-12,2012-02-14,close,2012-02-15,close,-0.022321094514921813,2012-02-16,2012-06-07,recovered,0.28009690989986236,0.44315260381947974,0.2644969730779347
actual,2012-01-12,2012-02-16,close,2012-02-22,close,-0.013307864991982776,2012-02-23,2012-06-07,recovered,0.2825376522111692,0.32744622961135295,0.2855512174000366
actual,2012-01-12,2012-02-28,close,2012-02-29,close,-0.013141539807430824,2012-03-01,2012-06-07,recovered,0.2842545306651737,0.36843602896601846,0.28807158321919446
actual,2012-01-12,2012-03-01,close,2012-03-06,close,-0.06180585931110427,2012-03-09,2012-06-07,recovered,0.2977085214898056,0.23235992067652522,0.31478920541211886
actual,2012-01-12,2012-03-15,close,2012-03-16,close,-0.002180626008464581,2012-03-19,2012-06-07,recovered,0.3345025361689978,0.2972735349687181,0.336009531828594
actual,2012-01-12,2012-03-20,close,2012-03-23,close,-0.007742410906842134,2012-03-26,2012-06-07,recovered,0.3264910927943141,0.23318159981095765,0.3242375869897757
actual,2012-01-12,2012-03-27,close,2012-03-30,close,-0.028658597984010714,2012-04-02,2012-06-07,recovered,0.3325248103554867,0.25591686822435555,0.31900120477119337
actual,2012-01-12,2012-04-03,close,2012-06-01,close,-0.3193845518572248,,2012-06-07,open_before_rebalance,0.5194129007232994,-0.20196268720489785,0.5551330535657125
actual,2012-06-08,2012-06-08,close,2012-06-11,close,-0.04783139586642815,2012-06-15,2012-06-25,recovered,0.5531721521426142,-0.17790272329846057,0.561622570865003
actual,2012-06-08,2012-06-20,close,2012-06-21,close,-0.07490738305745948,,2012-06-25,open_before_rebalance,0.5586180973593441,-0.015524399573056735,0.5993703034338762
actual,2012-07-17,2012-07-17,open,2012-07-17,close,-0.002884130847276345,2012-07-18,2012-07-30,recovered,0.5915207836744046,0.13584355133220205,0.5902980930386104
actual,2012-07-17,2012-07-19,close,2012-07-25,close,-0.11538449430535225,,2012-07-30,open_before_rebalance,0.5789943575059228,0.045787351207242866,0.5762487165040592
actual,2012-08-06,2012-08-07,close,2012-08-08,close,-0.001623100335317318,2012-08-09,2014-11-03,recovered,0.5498627653466343,0.2190242741505819,0.5491962469134527
actual,2012-08-06,2012-08-20,close,2012-08-30,close,-0.03116630512344254,2012-09-06,2014-11-03,recovered,0.3999466976572271,0.19062780090957232,0.4054730435215964
actual,2012-08-06,2012-09-06,close,2012-09-11,close,-0.04510634949400272,2012-09-13,2014-11-03,recovered,0.34390778269781486,0.1701675097355113,0.3434466041436225
actual,2012-08-06,2012-09-19,close,2012-11-15,close,-0.31894925881493574,2013-04-30,2014-11-03,recovered,0.4667055873962635,-0.258860018485901,0.46425405672067505
actual,2012-08-06,2013-04-30,close,2013-05-01,close,-0.012732124666881117,2013-05-02,2014-11-03,recovered,0.4588732331108427,0.09710683385344088,0.46080204176734507
actual,2012-08-06,2013-05-06,close,2013-05-07,close,-0.002432117339017492,2013-05-08,2014-11-03,recovered,0.46025897043513875,0.16536034653824183,0.4585099299355816
actual,2012-08-06,2013-05-08,close,2013-05-09,close,-0.0035305795063979017,2013-05-10,2014-11-03,recovered,0.4585661079160456,0.174822226028031,0.4593618267016147
actual,2012-08-06,2013-05-15,close,2013-05-16,close,-0.003665962154384972,2013-05-17,2014-11-03,recovered,0.44169200079539683,0.23777524240880754,0.4424316596055245
actual,2012-08-06,2013-05-17,close,2013-06-24,close,-0.17307217481704174,2013-07-11,2014-11-03,recovered,0.4047843317502223,-0.08770181758885365,0.40828302089223073
actual,2012-08-06,2013-07-15,close,2013-07-16,close,-0.003925141098501617,2013-07-17,2014-11-03,recovered,0.44678317845280097,0.09422148286077037,0.4472155435818754
actual,2012-08-06,2013-07-17,close,2013-07-23,close,-0.052132147004079754,2013-07-30,2014-11-03,recovered,0.4234301229160475,0.0591634686736191,0.4293516857336857
actual,2012-08-06,2013-08-05,close,2013-08-07,close,-0.02340888216313808,2013-08-13,2014-11-03,recovered,0.2732824791224553,0.3179494876185758,0.2742576626173662
actual,2012-08-06,2013-08-13,close,2013-08-27,close,-0.07847382537753345,2013-09-09,2014-11-03,recovered,0.27763717798613,0.04419397836786576,0.3346563919239097
actual,2012-08-06,2013-09-10,close,2013-09-16,close,-0.014683669914831277,2013-09-17,2014-11-03,recovered,0.3378335190339771,0.05402787304417922,0.3361752980225255
actual,2012-08-06,2013-09-19,close,2013-09-25,close,-0.02560456527632482,2013-10-01,2014-11-03,recovered,0.3489130657461944,0.08996036276023833,0.34832823645683136
actual,2012-08-06,2013-10-01,close,2013-10-09,close,-0.10076521500648239,2013-10-16,2014-11-03,recovered,0.38478810491694887,0.02316258264725901,0.3361034544920356
actual,2012-08-06,2013-10-22,close,2013-10-23,close,-0.016082212285901565,2013-10-25,2014-11-03,recovered,0.3903560522051696,0.16989814049553265,0.3942463397444811
actual,2012-08-06,2013-10-29,close,2013-11-07,close,-0.05808498687986596,2013-11-13,2014-11-03,recovered,0.37675975892227714,0.16833254901130945,0.4120516148463707
actual,2012-08-06,2013-11-15,close,2013-11-20,close,-0.043956495140221596,2013-11-22,2014-11-03,recovered,0.36704585856347866,0.2253176480276946,0.36549477722548906
actual,2012-08-06,2013-11-29,close,2013-12-05,close,-0.00964802084671923,2013-12-06,2014-11-03,recovered,0.29096937304125886,0.11060978120247955,0.28569552065496745
actual,2012-08-06,2013-12-09,close,2013-12-13,close,-0.05144891104638616,2013-12-20,2014-11-03,recovered,0.3115005636222803,0.06875101267114192,0.31112505578660155
actual,2012-08-06,2013-12-26,close,2013-12-30,close,-0.01249366445461042,2013-12-31,2014-11-03,recovered,0.268144206206234,0.15630231178646126,0.269618530518701
actual,2012-08-06,2013-12-31,close,2014-01-13,close,-0.0668764091242513,2014-01-15,2014-11-03,recovered,0.2739333703873804,0.10211876156212263,0.30222889772861505
actual,2012-08-06,2014-01-16,close,2014-01-17,close,-0.01776034609135424,2014-01-21,2014-11-03,recovered,0.344351841251879,0.1114457998808045,0.3499552588165608
actual,2012-08-06,2014-01-22,close,2014-02-03,close,-0.1472572095897814,2014-02-13,2014-11-03,recovered,0.4251971546755821,0.03944151585846267,0.45662337374747264
actual,2012-08-06,2014-02-18,close,2014-02-19,close,-0.02188384262441978,2014-02-24,2014-11-03,recovered,0.4856463865154545,0.11765260641088893,0.48970575358986385
actual,2012-08-06,2014-02-24,close,2014-02-26,close,-0.00691183872491663,2014-02-27,2014-11-03,recovered,0.4870054775983969,0.09438963211347784,0.46595361347416514
actual,2012-08-06,2014-02-27,close,2014-03-03,close,-0.026854655538472216,2014-03-04,2014-11-03,recovered,0.43790781663449735,0.070390776823684,0.4436616289430346
actual,2012-08-06,2014-03-05,close,2014-04-11,close,-0.21660138119809624,2014-06-05,2014-11-03,recovered,0.537401145103472,-0.1715134524943407,0.5440255195935596
actual,2012-08-06,2014-06-06,close,2014-06-09,close,-0.0018126813271406306,2014-06-10,2014-11-03,recovered,0.3299416075140035,0.18157862311703465,0.2886834784710345
actual,2012-08-06,2014-06-10,close,2014-06-12,close,-0.027643429040598133,2014-06-18,2014-11-03,recovered,0.2860280184537655,0.2046254005219128,0.30099974487223724
actual,2012-08-06,2014-06-18,close,2014-06-19,close,-0.0038816121475604426,2014-06-23,2014-11-03,recovered,0.2702665981291853,0.22399499556154256,0.2680519018533749
actual,2012-08-06,2014-06-23,close,2014-06-24,close,-0.002769786629509996,2014-06-25,2014-11-03,recovered,0.2666801893287707,0.2260521751748994,0.236631680205146
actual,2012-08-06,2014-07-03,close,2014-07-08,close,-0.0441321398017418,2014-07-14,2014-11-03,recovered,0.2141433263530783,0.22798386300836815,0.24087900533801784
actual,2012-08-06,2014-07-14,close,2014-07-15,close,-0.01045452384201917,2014-07-16,2014-11-03,recovered,0.22854133272356317,0.16205496927689333,0.2319859561758424
actual,2012-08-06,2014-07-16,close,2014-07-17,close,-0.03989879028524845,2014-07-18,2014-11-03,recovered,0.23192076655175503,0.16754609619711713,0.26559744374044797
actual,2012-08-06,2014-07-18,close,2014-07-21,close,-0.003629974220852872,2014-07-22,2014-11-03,recovered,0.2874988274135656,0.13225623884081306,0.2861296509840963
actual,2012-08-06,2014-07-23,close,2014-08-07,close,-0.0925028551690088,2014-08-15,2014-11-03,recovered,0.35429475719325515,0.052821230895790494,0.3523162714025824
actual,2012-08-06,2014-08-27,close,2014-08-28,close,-0.004076737219436799,2014-08-29,2014-11-03,recovered,0.33275811744419526,0.11151740072320537,0.3071417718675274
actual,2012-08-06,2014-09-02,close,2014-09-15,close,-0.047815433391880324,2014-09-18,2014-11-03,recovered,0.22972247742548457,0.14300532433026092,0.24667903940221275
actual,2012-08-06,2014-09-18,close,2014-10-16,close,-0.23381812808591984,2014-10-31,2014-11-03,recovered,0.49585989060975333,-0.20503478899384997,0.49629657599435667
actual,2014-11-06,2014-11-06,close,2014-11-07,close,-0.00247487340992536,2014-11-10,2015-08-25,recovered,0.5627661640951062,0.10906899364540523,0.5567415309432425
actual,2014-11-06,2014-11-14,close,2014-11-17,close,-0.009363822687356471,2014-11-18,2015-08-25,recovered,0.5306178293645374,0.14585510154670334,0.5311612261988028
actual,2014-11-06,2014-11-18,close,2014-11-19,close,-0.01269958464770704,2014-11-20,2015-08-25,recovered,0.5139493426696378,0.2201564282964732,0.4938422645132294
actual,2014-11-06,2014-11-28,close,2015-01-15,close,-0.1715243426344718,2015-02-13,2015-08-25,recovered,0.4921972758828613,-0.10419363993095665,0.5014155486127646
actual,2014-11-06,2015-02-24,close,2015-02-25,close,-0.008035668412800123,2015-02-26,2015-08-25,recovered,0.43794603717312264,0.17486586949875305,0.4262959479522878
actual,2014-11-06,2015-02-26,close,2015-02-27,close,-0.013210589490911473,2015-03-02,2015-08-25,recovered,0.4264239349616146,0.22172927814519583,0.42547714041785517
actual,2014-11-06,2015-03-02,close,2015-03-11,close,-0.11426049798343829,2015-04-24,2015-08-25,recovered,0.42701887335104055,0.03588671852341241,0.3610195312510881
actual,2014-11-06,2015-04-24,close,2015-05-06,close,-0.10173822402596244,2015-05-27,2015-08-25,recovered,0.44313860893123314,-0.03180780762612723,0.4463916769330069
actual,2014-11-06,2015-05-27,close,2015-07-09,close,-0.12861101613800796,2015-07-16,2015-08-25,recovered,0.39902438963362635,-0.08400687234081017,0.3689063312680291
actual,2014-11-06,2015-07-20,close,2015-08-24,close,-0.36397154627413464,,2015-08-25,open_before_rebalance,0.582559348960319,-0.14596333551462704,0.6456436705590413
actual,2015-10-15,2015-10-19,close,2015-10-21,close,-0.032397490094979275,2015-10-22,2016-01-13,recovered,0.5077590569393123,0.08499593760645774,0.49838742195713975
actual,2015-10-15,2015-10-28,close,2015-10-30,close,-0.01732935217237852,2015-11-02,2016-01-13,recovered,0.5588955244435617,0.19094899859559322,0.5431322668090384
actual,2015-10-15,2015-11-04,close,2016-01-08,close,-0.2686457565383785,,2016-01-13,open_before_rebalance,0.5958109711023423,-0.23064273522945633,0.5973078250803029
actual,2016-03-22,2016-03-22,close,2016-03-28,close,-0.027610540097742664,2016-03-29,2018-02-09,recovered,0.5163170226315047,0.3594411762086931,0.5166002813943331
actual,2016-03-22,2016-03-30,close,2016-03-31,close,-0.005825131750931467,2016-04-01,2018-02-09,recovered,0.4923891803275817,0.2985374063437465,0.46002031783252983
actual,2016-03-22,2016-04-01,close,2016-04-05,close,-0.03893740007101332,2016-04-06,2018-02-09,recovered,0.45372874073579955,0.2625347250553336,0.44912938974217687
actual,2016-03-22,2016-04-06,close,2016-04-11,close,-0.05564952322938921,2016-04-13,2018-02-09,recovered,0.45000111018915223,0.16718329817353883,0.4519337723659764
actual,2016-03-22,2016-04-14,close,2016-04-15,close,-0.007658540677012771,2016-04-18,2018-02-09,recovered,0.37043844749093985,0.15315026350671856,0.37099895178108755
actual,2016-03-22,2016-04-18,close,2016-06-27,close,-0.22889977533551176,2016-07-14,2018-02-09,recovered,0.5095979363666735,-0.047680480601467345,0.5351384214602445
actual,2016-03-22,2016-07-14,close,2016-07-15,close,-0.0056209376545810485,2016-07-18,2018-02-09,recovered,0.5614407179026166,0.03807118632223205,0.5617321129993462
actual,2016-03-22,2016-07-18,close,2016-07-19,close,-0.010357906644336778,2016-07-20,2018-02-09,recovered,0.5622819332782822,0.061433572110646484,0.5629623146869853
actual,2016-03-22,2016-07-20,close,2016-07-21,close,-0.0059476767219618365,2016-07-22,2018-02-09,recovered,0.569926180146414,0.08254837279214233,0.5705394759022195
actual,2016-03-22,2016-08-01,close,2016-08-02,close,-0.022526207601527792,2016-08-05,2018-02-09,recovered,0.5383817270127969,0.26835951612603504,0.5449638156038337
actual,2016-03-22,2016-08-05,close,2016-08-08,close,-0.0031765823017562145,2016-08-09,2018-02-09,recovered,0.5374356303524366,0.22047811656829852,0.3734572695772209
actual,2016-03-22,2016-08-09,close,2016-08-10,close,-0.007711160370038717,2016-08-11,2018-02-09,recovered,0.31070151937857543,0.4818383034735292,0.2790255746530494
actual,2016-03-22,2016-08-15,close,2016-08-31,close,-0.0324790744052359,2016-09-06,2018-02-09,recovered,0.1972089757991768,0.11880279067512878,0.17554716538234902
actual,2016-03-22,2016-09-07,close,2016-09-09,close,-0.09164453327824473,2016-09-21,2018-02-09,recovered,0.1824276212878522,0.06802889120545297,0.2888206141474164
actual,2016-03-22,2016-09-22,close,2016-09-26,close,-0.042381307821077185,2016-10-10,2018-02-09,recovered,0.3598554981853433,0.03101025187661688,0.3677035533809126
actual,2016-03-22,2016-10-10,close,2016-10-17,close,-0.05893177539349603,2016-10-24,2018-02-09,recovered,0.40228741882115254,0.010239130666528817,0.40145561479954556
actual,2016-03-22,2016-10-24,close,2016-11-04,close,-0.14308550644400897,2016-12-13,2018-02-09,recovered,0.2880553397879185,-0.1259134998340845,0.28594834329475416
actual,2016-03-22,2016-12-13,close,2016-12-16,close,-0.013416088853461794,2016-12-20,2018-02-09,recovered,0.44037949741656873,0.1324674163369628,0.43199398977674286
actual,2016-03-22,2016-12-20,close,2016-12-22,close,-0.012154874976986085,2016-12-27,2018-02-09,recovered,0.3800383009678816,0.08854663545015296,0.3800732803476269
actual,2016-03-22,2016-12-27,close,2016-12-30,close,-0.056297153489963336,2017-01-05,2018-02-09,recovered,0.3190854196588664,0.09435537239392766,0.3299526565864379
actual,2016-03-22,2017-01-11,close,2017-01-12,close,-0.005085521464701981,2017-01-13,2018-02-09,recovered,0.3266806483044717,0.11533010119378084,0.3272054985642774
actual,2016-03-22,2017-01-13,close,2017-01-17,close,-0.00940449212897998,2017-01-20,2018-02-09,recovered,0.30980690563306634,0.1489389112455246,0.25715383213031884
actual,2016-03-22,2017-01-27,close,2017-01-31,close,-0.028111411285442034,2017-02-06,2018-02-09,recovered,0.22712018507969975,0.12444060116757538,0.22869359416961607
actual,2016-03-22,2017-02-15,close,2017-02-16,close,-0.0008528179936986291,2017-02-17,2018-02-09,recovered,0.17031630326139455,0.259765069454458,0.16976103943642407
actual,2016-03-22,2017-02-22,close,2017-02-23,close,-0.010785787677118686,2017-03-01,2018-02-09,recovered,0.1614841994514835,0.20787372866548282,0.16896956827918175
actual,2016-03-22,2017-03-01,close,2017-03-07,close,-0.022389924487144275,2017-03-13,2018-02-09,recovered,0.19448111309462168,0.1874648459262651,0.19673811427487467
actual,2016-03-22,2017-03-13,close,2017-03-14,close,-0.007408072293260348,2017-03-15,2018-02-09,recovered,0.17827889636486882,0.14016082344589376,0.16289277059523308
actual,2016-03-22,2017-03-15,close,2017-03-17,close,-0.0029800805260379315,2017-03-20,2018-02-09,recovered,0.15965196103992105,0.16204640965270944,0.15960097317161637
actual,2016-03-22,2017-03-20,close,2017-03-21,close,-0.04458464139100626,2017-03-29,2018-02-09,recovered,0.15933406656787605,0.15562942434695382,0.21438890022948487
actual,2016-03-22,2017-03-30,close,2017-04-03,close,-0.004523915433068071,2017-04-04,2018-02-09,recovered,0.21760768911405048,0.0756006823943971,0.2158827366497172
actual,2016-03-22,2017-04-04,close,2017-04-13,close,-0.04738758810125332,2017-04-24,2018-02-09,recovered,0.19680534007189115,-0.011136819785071639,0.19443564555898643
actual,2016-03-22,2017-04-25,close,2017-04-26,close,-0.004381877349467822,2017-04-27,2018-02-09,recovered,0.24335332453372435,0.08311172575460657,0.2424087744812505
actual,2016-03-22,2017-05-02,close,2017-05-03,close,-0.009866694685126465,2017-05-05,2018-02-09,recovered,0.24998777176666342,0.12676206795928424,0.20794186300325887
actual,2016-03-22,2017-05-10,close,2017-05-11,close,-0.0023916554647309685,2017-05-12,2018-02-09,recovered,0.1977991106840977,0.15559099171842639,0.1972623558919049
actual,2016-03-22,2017-05-16,close,2017-05-17,close,-0.0756532042467436,2017-05-24,2018-02-09,recovered,0.1968503297859314,0.16984789317747473,0.30635288014642026
actual,2016-03-22,2017-05-30,close,2017-05-31,close,-0.001222405563335749,2017-06-01,2018-02-09,recovered,0.3042748028349757,0.23344563669997442,0.3038296164306353
actual,2016-03-22,2017-06-02,close,2017-06-06,close,-0.01214374749495939,2017-06-08,2018-02-09,recovered,0.3100229473415721,0.2575567224593647,0.30267008370788395
actual,2016-03-22,2017-06-08,close,2017-07-03,close,-0.146604237229931,2017-07-19,2018-02-09,recovered,0.4301981682190873,0.0007175891338662144,0.43595995234944634
actual,2016-03-22,2017-07-20,close,2017-07-21,close,-0.0015147241603739037,2017-07-24,2018-02-09,recovered,0.45913801799883547,0.010898925390597114,0.4591465371434185
actual,2016-03-22,2017-07-24,close,2017-07-25,close,-0.0066950928326718895,2017-07-26,2018-02-09,recovered,0.4047289144821924,0.09925453434972775,0.40077263554861764
actual,2016-03-22,2017-07-26,close,2017-08-21,close,-0.08183215947900202,2017-08-31,2018-02-09,recovered,0.35329896506138225,0.0680751544871332,0.34908461796425155
actual,2016-03-22,2017-08-31,close,2017-09-08,close,-0.03732597822965655,2017-09-12,2018-02-09,recovered,0.3777495592798218,0.0017576891993820176,0.3810996389416198
actual,2016-03-22,2017-09-13,close,2017-09-25,close,-0.06698202897941108,2017-10-05,2018-02-09,recovered,0.34243947609832176,0.0699057567417305,0.35037743766900237
actual,2016-03-22,2017-10-06,close,2017-10-09,close,-0.002513620206915368,2017-10-11,2018-02-09,recovered,0.2689901790027134,0.11552437665027804,0.2678324782973009
actual,2016-03-22,2017-10-11,close,2017-10-12,close,-0.005401390394412675,2017-10-13,2018-02-09,recovered,0.26668209490605005,0.10891968180652833,0.25094639265236607
actual,2016-03-22,2017-10-17,close,2017-10-26,close,-0.04205031915086388,2017-10-27,2018-02-09,recovered,0.2081786347321014,0.021523877818319992,0.20368892578177758
actual,2016-03-22,2017-10-31,close,2017-11-02,close,-0.006387228255648969,2017-11-03,2018-02-09,recovered,0.31824745191269105,0.13483722164315903,0.3116837164047371
actual,2016-03-22,2017-11-08,close,2017-11-15,close,-0.03765563363371671,2017-11-21,2018-02-09,recovered,0.29936884318940976,0.15187761229653152,0.3046619932199275
actual,2016-03-22,2017-11-24,close,2017-11-27,close,-0.0016402144864763324,2017-11-28,2018-02-09,recovered,0.32354824251698255,0.17161025530571772,0.3237190909675384
actual,2016-03-22,2017-11-28,close,2017-12-04,close,-0.07395557518152185,2017-12-15,2018-02-09,recovered,0.3679581037633468,0.11895097927913367,0.3843111643040631
actual,2016-03-22,2017-12-18,close,2017-12-29,close,-0.05549120901449389,2018-01-03,2018-02-09,recovered,0.30511581714775,0.06468381943697388,0.3073783315452815
actual,2016-03-22,2018-01-09,close,2018-01-10,close,-0.007115485357386042,2018-01-11,2018-02-09,recovered,0.32834022257777523,0.12244162363133348,0.32954812268641137
actual,2016-03-22,2018-01-12,close,2018-01-16,close,-0.007740033033445393,2018-01-17,2018-02-09,recovered,0.29103142711666474,0.21684857649578682,0.28873176780876336
actual,2016-03-22,2018-01-23,close,2018-01-25,close,-0.02151189982309132,2018-01-26,2018-02-09,recovered,0.2892869743023723,0.2863567512098335,0.28735253707768893
actual,2016-03-22,2018-01-26,close,2018-02-08,close,-0.28562007634961395,,2018-02-09,open_before_rebalance,0.5695807712478632,0.035372849343211055,0.674974675086036
actual,2018-05-15,2018-05-15,open,2018-05-15,close,-0.008758932166623823,2018-05-16,2018-10-17,recovered,0.5648061007102525,0.27527799232112393,0.571910933513117
actual,2018-05-15,2018-05-16,close,2018-05-18,close,-0.027122032829817955,2018-05-23,2018-10-17,recovered,0.5612637104417812,0.13018438710572133,0.5129078534502519
actual,2018-05-15,2018-05-23,close,2018-05-24,close,-0.0008414168211542394,2018-05-25,2018-10-17,recovered,0.48060397389011306,0.1663628642187127,0.47267246569369287
actual,2018-05-15,2018-05-25,close,2018-05-29,close,-0.01278128770860254,2018-05-30,2018-10-17,recovered,0.46920325784257627,0.14575428724227324,0.46903627293801414
actual,2018-05-15,2018-05-30,close,2018-05-31,close,-0.0021424630891823115,2018-06-01,2018-10-17,recovered,0.43667180830989755,0.062338038134155394,0.43664023698324206
actual,2018-05-15,2018-06-06,close,2018-06-08,close,-0.023859813392515417,2018-06-14,2018-10-17,recovered,0.3728420931143444,0.3124458035817028,0.3386253757144361
actual,2018-05-15,2018-06-14,close,2018-06-27,close,-0.12434898080568912,2018-07-12,2018-10-17,recovered,0.34718689653570334,0.03701284732329557,0.35442707019254394
actual,2018-05-15,2018-07-13,close,2018-07-16,close,-0.006742124404989669,2018-07-17,2018-10-17,recovered,0.4208867101920051,0.16765069353130135,0.4037623628333518
actual,2018-05-15,2018-07-17,close,2018-07-20,close,-0.02241725323764099,2018-07-25,2018-10-17,recovered,0.40243371157693386,0.04901799166963272,0.39550833611180475
actual,2018-05-15,2018-07-25,close,2018-07-30,close,-0.1230342238602199,2018-08-27,2018-10-17,recovered,0.443125149905759,-0.006785796097862784,0.4597611167396771
actual,2018-05-15,2018-08-29,close,2018-10-11,close,-0.26193055763455775,,2018-10-17,open_before_rebalance,0.513193984918211,-0.20385426716262156,0.506084234678438
actual,2019-02-19,2019-02-19,close,2019-02-21,close,-0.012120177062772242,2019-02-22,2019-06-05,recovered,0.46504178435488125,0.2734867551186595,0.46434000687769
actual,2019-02-19,2019-02-26,close,2019-02-28,close,-0.009316853930678382,2019-03-01,2019-06-05,recovered,0.4506580734119114,0.2709726985526235,0.4297002654460559
actual,2019-02-19,2019-03-05,close,2019-03-08,close,-0.058429022467779035,2019-03-11,2019-06-05,recovered,0.4091720026298639,0.16388059587141224,0.4086776772834093
actual,2019-02-19,2019-03-13,close,2019-03-14,close,-0.004426487830926029,2019-03-15,2019-06-05,recovered,0.4027384831919695,0.2943425433837106,0.3522157555181991
actual,2019-02-19,2019-03-21,close,2019-03-27,close,-0.07694871860081243,2019-04-03,2019-06-05,recovered,0.3730488179519998,0.19227387879504576,0.3630200504412787
actual,2019-02-19,2019-04-03,close,2019-04-04,close,-0.0014859459812842646,2019-04-05,2019-06-05,recovered,0.3810482283344916,0.20484179452650686,0.3780981882228243
actual,2019-02-19,2019-04-08,close,2019-04-09,close,-0.010990906421533442,2019-04-10,2019-06-05,recovered,0.376093914550962,0.2050613018139642,0.3794075805800328
actual,2019-02-19,2019-04-10,close,2019-04-11,close,-0.007558764821308128,2019-04-12,2019-06-05,recovered,0.37948555271273177,0.21109922816619453,0.3798975211308716
actual,2019-02-19,2019-04-23,close,2019-04-24,close,-0.0097090885540414,2019-04-25,2019-06-05,recovered,0.3182485414144954,0.28253089322238756,0.32164211972961665
actual,2019-02-19,2019-04-29,close,2019-06-03,close,-0.30499683106784914,,2019-06-05,open_before_rebalance,0.5237781106811639,-0.21235877519858426,0.5475855051740752
actual,2019-06-26,2019-06-26,open,2019-06-26,close,-0.006043816552777637,2019-06-27,2019-08-15,recovered,0.5593122994019594,0.09613304601172845,0.5538564404988063
actual,2019-06-26,2019-07-03,close,2019-07-08,close,-0.027389070894159318,2019-07-10,2019-08-15,recovered,0.5089566780304087,0.16191466536672117,0.4907735202092477
actual,2019-06-26,2019-07-10,close,2019-07-11,close,-0.0026650793402581696,2019-07-12,2019-08-15,recovered,0.49210166651850235,0.26290214110414967,0.4831202211346708
actual,2019-06-26,2019-07-15,close,2019-07-19,close,-0.04821181987101297,2019-07-24,2019-08-15,recovered,0.34999587839393426,0.2970736895798549,0.3600667529012753
actual,2019-06-26,2019-07-24,close,2019-07-25,close,-0.02855090690051476,2019-07-26,2019-08-15,recovered,0.3250075207210486,0.19866553419741528,0.3338323255265835
actual,2019-06-26,2019-07-26,close,2019-08-05,close,-0.21164530253495673,,2019-08-15,open_before_rebalance,0.3673175042417519,-0.030169695979091138,0.4756885829634642
actual,2019-09-23,2019-09-23,close,2019-10-02,close,-0.1011338973073076,2019-10-14,2020-02-26,recovered,0.48333659560743647,-0.025757271157144435,0.5022296959401945
actual,2019-09-23,2019-10-15,close,2019-10-18,close,-0.029277824502634164,2019-10-24,2020-02-26,recovered,0.4141064171249478,0.02012994294576198,0.42287322960508117
actual,2019-09-23,2019-10-28,close,2019-10-29,close,-0.023035891533149,2019-11-01,2020-02-26,recovered,0.4424086030862445,0.08558573129075664,0.4476664428724331
actual,2019-09-23,2019-11-05,close,2019-11-06,close,-0.0063422141810851596,2019-11-07,2020-02-26,recovered,0.42429293920867844,0.18960138369908686,0.41851725975381343
actual,2019-09-23,2019-11-08,close,2019-11-11,close,-0.004208707444358528,2019-11-12,2020-02-26,recovered,0.39726914831247095,0.22705333704663078,0.39415920187297715
actual,2019-09-23,2019-11-12,close,2019-11-14,close,-0.0017577025154498216,2019-11-15,2020-02-26,recovered,0.34265202630350255,0.29407603586883857,0.33581338667075283
actual,2019-09-23,2019-11-19,close,2019-11-21,close,-0.025161287580372504,2019-11-25,2020-02-26,recovered,0.27875752823145256,0.24632347640435914,0.27872348418715276
actual,2019-09-23,2019-11-27,close,2019-12-03,close,-0.06650600690244035,2019-12-12,2020-02-26,recovered,0.2699544979213791,0.17580855202535783,0.27426782602546856
actual,2019-09-23,2019-12-26,close,2019-12-30,close,-0.022822657754426823,2020-01-02,2020-02-26,recovered,0.25349396088332204,0.18962315064653557,0.26386192426447463
actual,2019-09-23,2020-01-02,close,2020-01-03,close,-0.027190433440566708,2020-01-08,2020-02-26,recovered,0.29119336834199216,0.2020217084295266,0.30695581073019523
actual,2019-09-23,2020-01-09,close,2020-01-10,close,-0.008162841307178925,2020-01-13,2020-02-26,recovered,0.29670407023571815,0.22917942122037083,0.29996921757972617
actual,2019-09-23,2020-01-13,close,2020-01-14,close,-0.011669748633605592,2020-01-16,2020-02-26,recovered,0.3087010527297041,0.22940743916844109,0.30778485509353976
actual,2019-09-23,2020-01-17,close,2020-01-21,close,-0.0005005719257941132,2020-01-22,2020-02-26,recovered,0.27532719448355353,0.3389086170805917,0.2766724118160125
actual,2019-09-23,2020-01-23,close,2020-01-27,close,-0.08614213499439072,2020-02-04,2020-02-26,recovered,0.27948806362987433,0.29694020211323946,0.3456430736799245
actual,2019-09-23,2020-02-06,close,2020-02-07,close,-0.01291274362082695,2020-02-10,2020-02-26,recovered,0.44776037953818226,0.2646825585783039,0.45155326521870615
actual,2019-09-23,2020-02-12,close,2020-02-13,close,-0.0038525980809238636,2020-02-14,2020-02-26,recovered,0.45124269519642457,0.3270970595406473,0.4528554248510322
actual,2019-09-23,2020-02-19,close,2020-02-25,close,-0.25512408477385584,,2020-02-26,open_before_rebalance,0.5881960100109686,0.014311482188808622,0.6341835762062122
actual,2020-06-11,2020-06-11,open,2020-06-11,close,-0.10347795503031365,,2020-06-12,open_before_rebalance,0.5994637513836062,0.550334600152542,0.7090324543001629
actual,2020-09-01,2020-09-02,close,2020-09-04,open_before_rebalance,-0.16701979248283616,,2020-09-04,open_before_rebalance,0.70045274406139,0.3487628375995264,0.7070965676144075
actual,2020-12-18,2020-12-18,open,2020-12-23,close,-0.029004026459739318,2020-12-28,2021-02-05,recovered,0.42521629766324487,0.23135919015894668,0.3900180788308725
actual,2020-12-18,2020-12-29,close,2020-12-30,close,-0.00016637331625057872,2020-12-31,2021-02-05,recovered,0.34493827876917377,0.24307542078993882,0.3424188137908688
actual,2020-12-18,2020-12-31,close,2021-01-06,close,-0.06028576482342385,2021-01-07,2021-02-05,recovered,0.3598520510235206,0.21017287217449998,0.3782467838348971
actual,2020-12-18,2021-01-08,close,2021-01-15,close,-0.06784708002193796,2021-01-20,2021-02-05,recovered,0.43775326712291923,0.1069230859395216,0.44524594803439127
actual,2020-12-18,2021-01-21,close,2021-01-22,close,-0.009069528017787487,2021-01-25,2021-02-05,recovered,0.4999294255273979,0.19040113820079507,0.5018134844207488
actual,2020-12-18,2021-01-26,close,2021-01-29,close,-0.12521751098369205,2021-02-04,2021-02-05,recovered,0.5214494540320793,0.17130032789636673,0.5514837027752026
actual,2021-02-18,2021-02-18,close,2021-02-25,close,-0.1724720795529121,,2021-02-26,open_before_rebalance,0.5687667377527764,0.07934261573811763,0.6486304552487734
actual,2021-04-22,2021-04-22,open,2021-04-22,close,-0.03285163820861725,2021-04-23,2021-12-16,recovered,0.5657433279574817,0.2738845500808944,0.5787445611625067
actual,2021-04-22,2021-04-26,close,2021-05-12,close,-0.2065268812451143,2021-06-14,2021-12-16,recovered,0.5067559505692725,0.07810400927323968,0.5545295441824369
actual,2021-04-22,2021-06-14,close,2021-06-16,close,-0.029034238036463655,2021-06-17,2021-12-16,recovered,0.5370243224931391,0.04060444299997501,0.5132050969767094
actual,2021-04-22,2021-06-17,close,2021-06-18,close,-0.023874607991364427,2021-06-22,2021-12-16,recovered,0.5203998943112786,0.14059500463142638,0.5243201653264916
actual,2021-04-22,2021-06-24,close,2021-06-25,close,-0.0031387110199854185,2021-06-28,2021-12-16,recovered,0.39960902707121815,0.3357506569875963,0.39993796339488763
actual,2021-04-22,2021-06-29,close,2021-06-30,close,-0.004388837118978417,2021-07-02,2021-12-16,recovered,0.36462881697075167,0.30408022946739455,0.3557784495301812
actual,2021-04-22,2021-07-07,close,2021-07-08,close,-0.01733211048359673,2021-07-12,2021-12-16,recovered,0.30261890905007693,0.27606671341211686,0.31153433122127633
actual,2021-04-22,2021-07-12,close,2021-07-13,close,-0.0005355137842392166,2021-07-14,2021-12-16,recovered,0.30734939114270116,0.2871064299666952,0.3084670853171182
actual,2021-04-22,2021-07-14,close,2021-07-19,close,-0.06765082113951104,2021-07-22,2021-12-16,recovered,0.3086649436637855,0.26913315497926926,0.2940495606889323
actual,2021-04-22,2021-07-26,close,2021-07-27,close,-0.03266959259042035,2021-08-05,2021-12-16,recovered,0.3115752745092737,0.2555391111681218,0.32663792197679187
actual,2021-04-22,2021-08-05,close,2021-08-18,close,-0.06040624327891275,2021-08-23,2021-12-16,recovered,0.2795539781377956,0.04166037857436655,0.2927655872087017
actual,2021-04-22,2021-08-25,close,2021-08-26,close,-0.016944565462634342,2021-08-27,2021-12-16,recovered,0.3234842562065212,0.09131703711596062,0.32125780292585193
actual,2021-04-22,2021-08-30,close,2021-08-31,close,-0.0028018848129695018,2021-09-01,2021-12-16,recovered,0.31643138403412835,0.22355561308421223,0.3077217130663545
actual,2021-04-22,2021-09-01,close,2021-09-02,close,-0.0013969480940464463,2021-09-03,2021-12-16,recovered,0.3034281856591012,0.16114307186899657,0.3001941265303432
actual,2021-04-22,2021-09-07,close,2021-10-04,close,-0.21720225566332296,2021-10-28,2021-12-16,recovered,0.43123673068619445,-0.037121306598473014,0.4545541813461339
actual,2021-04-22,2021-11-05,close,2021-11-10,close,-0.06736632917569674,2021-11-18,2021-12-16,recovered,0.3827122982691174,0.31167677763050383,0.41039992669650716
actual,2021-04-22,2021-11-19,close,2021-12-03,close,-0.1527601203069635,,2021-12-16,open_before_rebalance,0.45514034166576306,0.10969132938335346,0.4791137492265083
actual,2023-04-05,2023-04-05,open,2023-04-12,close,-0.04878049782736005,2023-04-13,2024-08-01,recovered,0.5516297407794963,0.21387009865551687,0.5591669039615886
actual,2023-04-05,2023-04-13,close,2023-04-25,close,-0.08794783687456387,2023-04-27,2024-08-01,recovered,0.4910823065078769,0.2866717842909816,0.5245919048731238
actual,2023-04-05,2023-04-28,close,2023-05-04,close,-0.059114907675855255,2023-05-08,2024-08-01,recovered,0.4918796471318395,0.04469491573641671,0.47677569936272773
actual,2023-04-05,2023-05-08,close,2023-05-09,close,-0.019339079598741926,2023-05-10,2024-08-01,recovered,0.49726143454557364,0.1014718494512552,0.49677052202513955
actual,2023-04-05,2023-05-11,close,2023-05-12,close,-0.010334164596575546,2023-05-15,2024-08-01,recovered,0.4773739735125479,0.1067479981548034,0.47383825220825276
actual,2023-04-05,2023-05-18,close,2023-05-19,close,-0.006883548716913768,2023-05-22,2024-08-01,recovered,0.4728519633174332,0.18854608380513826,0.47242920307353764
actual,2023-04-05,2023-05-22,close,2023-05-24,close,-0.05425624947002472,2023-05-25,2024-08-01,recovered,0.484174723476351,0.1486587031864388,0.4792673196735129
actual,2023-04-05,2023-05-30,close,2023-05-31,close,-0.020298834134429122,2023-06-01,2024-08-01,recovered,0.5327026365511573,0.28981818189785313,0.5390065062029837
actual,2023-04-05,2023-06-05,close,2023-06-07,close,-0.05203270637319135,2023-06-12,2024-08-01,recovered,0.5347946793354333,0.38000759687013064,0.5289052594188894
actual,2023-04-05,2023-06-15,close,2023-06-26,close,-0.09787700869863869,2023-07-12,2024-08-01,recovered,0.5032228296560868,0.3571788797006239,0.5238916137368507
actual,2023-04-05,2023-07-13,close,2023-07-14,close,-0.000907937309881035,2023-07-17,2024-08-01,recovered,0.4568974968237802,0.2461050730564327,0.44995310939913946
actual,2023-04-05,2023-07-19,close,2023-10-26,close,-0.33141803812721893,2023-12-12,2024-08-01,recovered,0.526841420769088,-0.19674063633466465,0.539258929301345
actual,2023-04-05,2023-12-13,close,2023-12-14,close,-0.0016412509376851903,2023-12-15,2024-08-01,recovered,0.40291205507251104,0.48688210811196053,0.3886293206783287
actual,2023-04-05,2023-12-19,close,2023-12-20,close,-0.044432055919872204,2023-12-26,2024-08-01,recovered,0.3626224523061414,0.3422786785448544,0.39113740473710396
actual,2023-04-05,2023-12-27,close,2024-01-04,close,-0.11117566005420765,2024-01-18,2024-08-01,recovered,0.36486613123975925,0.08421069065752751,0.35552236561781564
actual,2023-04-05,2024-01-25,close,2024-01-26,close,-0.01841356373271974,2024-01-29,2024-08-01,recovered,0.40150503940681,0.23402104619193986,0.4049591758377966
actual,2023-04-05,2024-01-29,close,2024-01-31,close,-0.07762397223763728,2024-02-02,2024-08-01,recovered,0.4080016699242639,0.15444974323810645,0.44737005698778887
actual,2023-04-05,2024-02-02,close,2024-02-06,close,-0.010831492295635292,2024-02-07,2024-08-01,recovered,0.45134178555577176,0.17325940037276855,0.4448387012335943
actual,2023-04-05,2024-02-09,close,2024-02-21,close,-0.08113494042608105,2024-02-29,2024-08-01,recovered,0.45601401389056134,0.21966076009402014,0.43026682182691656
actual,2023-04-05,2024-03-01,close,2024-04-19,close,-0.21339240377815427,2024-05-15,2024-08-01,recovered,0.4543245417751005,-0.1195686755654436,0.4605901665532801
actual,2023-04-05,2024-05-15,close,2024-05-17,close,-0.008350433306481553,2024-05-20,2024-08-01,recovered,0.5282555230080053,0.0909720186843701,0.5197277997148774
actual,2023-04-05,2024-05-21,close,2024-05-23,close,-0.01548707311838593,2024-05-24,2024-08-01,recovered,0.5148876687042241,0.09502775046216305,0.5005323289065233
actual,2023-04-05,2024-05-28,close,2024-05-31,close,-0.05343626282630676,2024-06-05,2024-08-01,recovered,0.45782372419604256,0.1655185776140924,0.4529328738763892
actual,2023-04-05,2024-06-05,close,2024-06-07,close,-0.004892611187346962,2024-06-10,2024-08-01,recovered,0.4154609059392564,0.25432900732197683,0.4108096901454279
actual,2023-04-05,2024-06-18,close,2024-06-24,close,-0.06527965516962164,2024-07-02,2024-08-01,recovered,0.32235517352539517,0.2728827809861454,0.34471650538068566
actual,2023-04-05,2024-07-10,close,2024-07-30,close,-0.2606850089110524,,2024-08-01,open_before_rebalance,0.5686277547096776,-0.10121252739901732,0.5764443967368846
actual,2024-09-30,2024-09-30,close,2024-10-01,close,-0.042350792565580164,2024-10-08,2025-01-16,recovered,0.5706739254979538,0.059490891511641,0.5743779360236952
actual,2024-09-30,2024-10-09,close,2024-10-10,close,-0.0034959470293771666,2024-10-14,2025-01-16,recovered,0.5746980292272833,0.08067042290044446,0.5642930901400101
actual,2024-09-30,2024-10-14,close,2024-10-23,close,-0.057873814322704,2024-10-29,2025-01-16,recovered,0.41450810447629116,0.2440263502496831,0.4076146009093416
actual,2024-09-30,2024-10-29,close,2024-10-31,close,-0.09664395609065368,2024-11-06,2025-01-16,recovered,0.4123487738314473,0.1492237793465856,0.4208809947654656
actual,2024-09-30,2024-11-08,close,2024-11-15,close,-0.10247725686061016,2024-12-03,2025-01-16,recovered,0.4925475567278129,0.15161106523476842,0.5325376977302625
actual,2024-09-30,2024-12-04,close,2024-12-05,close,-0.008231951435651474,2024-12-06,2025-01-16,recovered,0.5161146539900661,0.14587492692153292,0.49459629901609153
actual,2024-09-30,2024-12-06,close,2024-12-10,close,-0.03396412083932576,2024-12-11,2025-01-16,recovered,0.5015040757047632,0.14650776342683436,0.5035051754264235
actual,2024-09-30,2024-12-11,close,2024-12-12,close,-0.019823083261536478,2024-12-13,2025-01-16,recovered,0.5190425887295895,0.1614204347084125,0.5179643114189788
actual,2024-09-30,2024-12-16,close,2025-01-14,close,-0.1852099344017425,,2025-01-16,open_before_rebalance,0.5785474085744436,-0.04443616271900008,0.5743972956750518
actual,2025-01-17,2025-01-17,open,2025-01-17,close,-0.006571900639020689,2025-01-21,2025-01-21,recovered,0.5986382519489626,-0.036211295640420915,0.6154254057457331
actual,2025-02-05,2025-02-06,close,2025-02-07,close,-0.03813510603837167,2025-02-13,2025-03-07,recovered,0.5651317530180924,0.03933315716853092,0.5711322536191126
actual,2025-02-05,2025-02-19,close,2025-03-07,open_before_rebalance,-0.2747788107347915,,2025-03-07,open_before_rebalance,0.6147390367020682,-0.24783584979597795,0.6192425236852735
actual,2025-06-04,2025-06-04,close,2025-06-05,close,-0.023284099402029468,2025-06-06,2025-11-14,recovered,0.5586752307258404,0.6393697549011037,0.5504725789273476
actual,2025-06-04,2025-06-10,close,2025-06-20,close,-0.04645959107207698,2025-06-24,2025-11-14,recovered,0.5151099549314849,0.29467747898358176,0.5192774187205619
actual,2025-06-04,2025-06-30,close,2025-07-01,close,-0.025421704865688732,2025-07-03,2025-11-14,recovered,0.40009922180512614,0.17926215435482873,0.40960663146808324
actual,2025-06-04,2025-07-03,close,2025-07-07,close,-0.022285176680852503,2025-07-15,2025-11-14,recovered,0.414375238771825,0.1997093668988783,0.3983861846802788
actual,2025-06-04,2025-07-17,close,2025-07-18,close,-0.003446155937505524,2025-07-21,2025-11-14,recovered,0.33396783234878497,0.1912344410536959,0.33503389082561735
actual,2025-06-04,2025-07-21,close,2025-07-22,close,-0.015555713056448095,2025-07-24,2025-11-14,recovered,0.3245281324760938,0.22406806416516245,0.32420963142913883
actual,2025-06-04,2025-07-28,close,2025-08-01,close,-0.07651186303342239,2025-08-08,2025-11-14,recovered,0.2629372822035878,0.20251383376315668,0.3252569286153498
actual,2025-06-04,2025-08-08,close,2025-08-11,close,-0.008789066633261178,2025-08-12,2025-11-14,recovered,0.3450548053893478,0.14299897909459958,0.34686626241467755
actual,2025-06-04,2025-08-13,close,2025-08-21,close,-0.08823507360187699,2025-09-11,2025-11-14,recovered,0.357718024909291,0.034926128820043534,0.3600823015822962
actual,2025-06-04,2025-09-15,close,2025-09-17,close,-0.00906985924557635,2025-09-18,2025-11-14,recovered,0.33769680804599467,0.13148879057435625,0.33087375262995417
actual,2025-06-04,2025-09-22,close,2025-09-25,close,-0.04368177961623965,2025-10-01,2025-11-14,recovered,0.31434577666229924,0.07165271614110491,0.3177099037483816
actual,2025-06-04,2025-10-02,close,2025-10-03,close,-0.013567041217978804,2025-10-06,2025-11-14,recovered,0.2791784520103027,0.2112811649213484,0.27896206730552997
actual,2025-06-04,2025-10-06,close,2025-10-07,close,-0.01616224640933417,2025-10-08,2025-11-14,recovered,0.25887810933332295,0.1854650544616887,0.26335922652054455
actual,2025-06-04,2025-10-08,close,2025-10-10,close,-0.10846798193605645,2025-10-24,2025-11-14,recovered,0.27701682378469344,0.19237332073513813,0.42195151820670473
actual,2025-06-04,2025-10-29,close,2025-11-14,open_before_rebalance,-0.17104701134838007,,2025-11-14,open_before_rebalance,0.6174642538846784,-0.013943842985819077,0.616067586002519
actual,2025-11-24,2025-11-28,close,2025-12-01,close,-0.008984203507121924,2025-12-02,2026-04-01,recovered,0.5941625897888817,0.06888767506022053,0.5931074359169075
actual,2025-11-24,2025-12-03,close,2025-12-04,close,-0.0032322622370709597,2025-12-05,2026-04-01,recovered,0.5872180331917491,0.03349728250200101,0.5799964854958919
actual,2025-11-24,2025-12-05,close,2025-12-08,close,-0.00623326450840167,2025-12-10,2026-04-01,recovered,0.5767718892430539,0.04737916110856277,0.5706023582865822
actual,2025-11-24,2025-12-10,close,2025-12-17,close,-0.12797880308035836,2026-01-28,2026-04-01,recovered,0.5521225980884282,-0.11544960595685949,0.5475883053459558
actual,2025-11-24,2026-01-28,close,2026-03-30,close,-0.33486419674833756,,2026-04-01,open_before_rebalance,0.5288725279414288,-0.1951073929226259,0.5298486603482134
actual,2026-05-11,2026-05-11,close,2026-05-12,close,-0.025987580971579605,2026-05-13,2026-06-08,recovered,0.5097569434562632,0.9845283263391988,0.5122369304999368
actual,2026-05-11,2026-05-14,close,2026-05-19,close,-0.0762506342862318,2026-05-26,2026-06-08,recovered,0.5018557008318069,0.6852607682967593,0.5108689829344973
actual,2026-05-11,2026-05-26,close,2026-05-27,close,-0.0034166955996522974,2026-05-28,2026-06-08,recovered,0.4863910002842473,0.6176470054438159,0.4761963788117741
actual,2026-05-11,2026-06-02,close,2026-06-05,close,-0.16246240302588377,,2026-06-08,open_before_rebalance,0.45378523333527504,0.4153794862149136,0.6345037186536505
actual,2026-09-04,2026-09-04,open,2026-09-15,close,-0.06331899084710979,2026-09-18,2026-10-05,recovered,0.4936673542917833,0.07195908547483754,0.4752484450680049
actual,2026-09-04,2026-09-22,close,2026-09-28,close,-0.04504544773786878,2026-10-02,2026-10-05,recovered,0.453820290333826,0.03375146442641741,0.46394778259536723
