period,model,start,end,start_equity,end_equity,total_return,cagr,trade_count,annual_trades,fees,mdd,mdd_peak,mdd_trough,drawdown_duration_days,recovery_date,recovery_period_days,mdd_time_underwater_days,longest_time_underwater_days,longest_underwater_start
full_pre2026,vo,1999-03-10,2025-12-31,100000.0000000000,189827721.8578608632,1897.2772185786,0.3251670507,154,5.7436275911,2086286.9659416291,-0.5288319343,2007-10-31,2009-05-13,560,2010-04-05,327.0000000000,887.0000000000,887,2007-10-31
full_pre2026,ret_tqqq_50_floor50,1999-03-10,2025-12-31,100000.0000000000,125649914.8338125795,1255.4991483381,0.3049300452,219,8.1678859900,1708162.6363108605,-0.5828652488,2000-03-27,2001-10-30,582,2004-12-06,1133.0000000000,1715.0000000000,1715,2000-03-27
full_pre2026,ret_tqqq_50_floor100,1999-03-10,2025-12-31,100000.0000000000,63193885.9051057249,630.9388590511,0.2719052790,312,11.6364403145,1447466.2696657940,-0.8350183346,2000-03-27,2001-10-30,582,2009-11-17,2940.0000000000,3522.0000000000,3522,2000-03-27
full_pre2026,ret_tqqq_50_step_up,1999-03-10,2025-12-31,100000.0000000000,124241082.2120827734,1241.4108221208,0.3043813832,332,12.3823659757,2150881.9479776900,-0.5829324135,2000-03-27,2001-10-30,582,2005-11-25,1487.0000000000,2069.0000000000,2069,2000-03-27
full_pre2026,ret_tqqq_50_block_cut,1999-03-10,2025-12-31,100000.0000000000,178058225.2560452819,1779.5822525605,0.3220073873,126,4.6993316655,1754067.8107761918,-0.5640618434,2007-10-31,2009-05-13,560,2010-04-14,336.0000000000,896.0000000000,1260,2000-01-03
full_pre2026,ret_tqqq_100_floor50,1999-03-10,2025-12-31,100000.0000000000,182383046.0453095138,1822.8304604531,0.3231911870,217,8.0932934239,2468219.0986366849,-0.5061664134,2021-11-19,2022-12-28,404,2023-06-15,169.0000000000,573.0000000000,1178,2000-03-27
full_pre2026,ret_tqqq_100_floor100,1999-03-10,2025-12-31,100000.0000000000,201431241.3503820300,2013.3124135038,0.3281026690,292,10.8905146533,3763172.0314848372,-0.6342910412,2000-03-27,2001-10-30,582,2004-01-08,800.0000000000,1382.0000000000,1382,2000-03-27
full_pre2026,ret_tqqq_100_step_up,1999-03-10,2025-12-31,100000.0000000000,239495664.5454840362,2393.9566454548,0.3367039824,313,11.6737365976,3600059.9609127557,-0.5346607444,2021-11-19,2022-12-28,404,2023-07-18,202.0000000000,606.0000000000,1159,2000-03-27
full_pre2026,ret_tqqq_100_block_cut,1999-03-10,2025-12-31,100000.0000000000,176803822.5115596652,1767.0382251156,0.3216588482,130,4.8485167977,1769697.7333167740,-0.5288318511,2007-10-31,2009-05-13,560,2010-04-05,327.0000000000,887.0000000000,1281,2000-01-03
full_pre2026,ret_tqqq_150_floor50,1999-03-10,2025-12-31,100000.0000000000,142770298.8999584317,1426.7029889996,0.3111617369,211,7.8695157255,1926112.5557239307,-0.5094621036,2007-10-31,2009-04-07,524,2009-12-22,259.0000000000,783.0000000000,1332,2000-01-03
full_pre2026,ret_tqqq_150_floor100,1999-03-10,2025-12-31,100000.0000000000,109694873.5724242181,1095.9487357242,0.2983376463,281,10.4802555397,2023126.9852598144,-0.6734291647,2000-01-03,2001-10-30,666,2004-12-14,1141.0000000000,1807.0000000000,1807,2000-01-03
full_pre2026,ret_tqqq_150_step_up,1999-03-10,2025-12-31,100000.0000000000,164719112.0983731747,1646.1911209837,0.3181735545,295,11.0024035025,2564106.9694176177,-0.5287156784,2007-10-31,2009-05-13,560,2010-03-30,321.0000000000,881.0000000000,1248,2000-01-03
full_pre2026,ret_tqqq_150_block_cut,1999-03-10,2025-12-31,100000.0000000000,146452216.1626516581,1463.5221616265,0.3124074655,136,5.0722944961,1527548.6904109847,-0.5288317936,2007-10-31,2009-05-13,560,2010-04-05,327.0000000000,887.0000000000,1281,2000-01-03
full_pre2026,ret_tqqq_200_floor50,1999-03-10,2025-12-31,100000.0000000000,153353094.9169732034,1532.5309491697,0.3146631532,190,7.0862937813,2039584.2117586308,-0.5411714981,2007-10-31,2009-04-07,524,2009-12-28,265.0000000000,789.0000000000,1243,2000-01-03
full_pre2026,ret_tqqq_200_floor100,1999-03-10,2025-12-31,100000.0000000000,144201328.1612729430,1441.0132816127,0.3116495413,254,9.4732558971,2833048.9156717197,-0.5909151123,2007-10-31,2009-04-07,524,2009-12-24,261.0000000000,785.0000000000,1053,2000-01-03
full_pre2026,ret_tqqq_200_step_up,1999-03-10,2025-12-31,100000.0000000000,193496824.7748441696,1933.9682477484,0.3261135663,267,9.9581075768,3315123.7580882018,-0.5459376746,2007-10-31,2009-05-13,560,2009-12-28,229.0000000000,789.0000000000,789,2007-10-31
full_pre2026,ret_tqqq_200_block_cut,1999-03-10,2025-12-31,100000.0000000000,145961443.9808056951,1458.6144398081,0.3122431722,140,5.2214796283,1571452.7675725722,-0.5288317471,2007-10-31,2009-05-13,560,2010-04-05,327.0000000000,887.0000000000,1281,2000-01-03
full_pre2026,ret_tqqq_250_floor50,1999-03-10,2025-12-31,100000.0000000000,151030449.5372457206,1509.3044953725,0.3139150585,192,7.1608863474,1743070.0393072867,-0.5038092787,2007-10-31,2009-04-20,537,2009-12-23,247.0000000000,784.0000000000,1326,2000-01-03
full_pre2026,ret_tqqq_250_floor100,1999-03-10,2025-12-31,100000.0000000000,111533394.1974761486,1114.3339419748,0.2991427572,251,9.3613670479,1744011.9147897228,-0.6695475212,2000-01-03,2000-07-10,189,2005-11-17,1956.0000000000,2145.0000000000,2145,2000-01-03
full_pre2026,ret_tqqq_250_step_up,1999-03-10,2025-12-31,100000.0000000000,150656782.1014797091,1505.5678210148,0.3137936717,261,9.7343298785,2262113.8441711725,-0.5062513928,2007-10-31,2009-05-13,560,2009-12-23,224.0000000000,784.0000000000,1249,2000-01-03
full_pre2026,ret_tqqq_250_block_cut,1999-03-10,2025-12-31,100000.0000000000,144054128.6121648252,1439.5412861216,0.3115995800,144,5.3706647605,1555865.7335317845,-0.5288319927,2007-10-31,2009-05-13,560,2010-04-05,327.0000000000,887.0000000000,1281,2000-01-03
full_pre2026,ret_tqqq_300_floor50,1999-03-10,2025-12-31,100000.0000000000,152273974.3750635386,1521.7397437506,0.3143169487,196,7.3100714796,1706634.6879369253,-0.5082540398,2007-10-31,2009-04-20,537,2009-12-24,248.0000000000,785.0000000000,1334,2000-01-03
full_pre2026,ret_tqqq_300_floor100,1999-03-10,2025-12-31,100000.0000000000,100987229.4456627965,1008.8722944566,0.2943388063,267,9.9581075768,1794266.5692637882,-0.7121300007,2000-01-03,2001-05-30,513,2005-11-21,1636.0000000000,2149.0000000000,2149,2000-01-03
full_pre2026,ret_tqqq_300_step_up,1999-03-10,2025-12-31,100000.0000000000,137081810.6080099940,1369.8181060801,0.3091749528,273,10.1818852752,2318077.2011884721,-0.5347825290,2007-10-31,2009-05-13,560,2010-01-04,236.0000000000,796.0000000000,1281,2000-01-03
full_pre2026,ret_tqqq_300_block_cut,1999-03-10,2025-12-31,100000.0000000000,154202178.2330692410,1541.0217823307,0.3149339123,148,5.5198498928,1665935.5001535844,-0.5288317248,2007-10-31,2009-05-13,560,2010-04-05,327.0000000000,887.0000000000,1248,2000-01-03
full_pre2026,ret_tqqq_400_floor50,1999-03-10,2025-12-31,100000.0000000000,147634441.2496708035,1475.3444124967,0.3128010668,200,7.4592566119,1668519.6018397897,-0.5231648859,2007-10-31,2009-04-20,537,2009-12-28,252.0000000000,789.0000000000,1344,2000-01-03
full_pre2026,ret_tqqq_400_floor100,1999-03-10,2025-12-31,100000.0000000000,104151995.9470081478,1040.5199594701,0.2958292682,242,9.0257005004,1592118.8455875954,-0.7271238712,2000-01-03,2001-05-04,487,2006-11-20,2026.0000000000,2513.0000000000,2513,2000-01-03
full_pre2026,ret_tqqq_400_step_up,1999-03-10,2025-12-31,100000.0000000000,146139501.4341298342,1460.3950143413,0.3123028410,246,9.1748856326,2085074.8946506747,-0.5539957375,2007-10-31,2009-05-13,560,2010-04-13,335.0000000000,895.0000000000,1340,2000-01-03
full_pre2026,ret_tqqq_400_block_cut,1999-03-10,2025-12-31,100000.0000000000,160642482.3180555105,1605.4248231806,0.3169420871,152,5.6690350250,1765626.6169691645,-0.5288318279,2007-10-31,2009-05-13,560,2010-04-05,327.0000000000,887.0000000000,1248,2000-01-03
full_pre2026,varshare_tqqq_55_floor50,1999-03-10,2025-12-31,100000.0000000000,83536617.3328924775,834.3661733289,0.2852131112,231,8.6154413867,1122087.5739541333,-0.6873705069,2000-01-03,2002-09-19,990,2005-11-25,1163.0000000000,2153.0000000000,2153,2000-01-03
full_pre2026,varshare_tqqq_55_floor100,1999-03-10,2025-12-31,100000.0000000000,20822233.6802198552,207.2223368022,0.2203164090,294,10.9651072194,436820.4167229626,-0.9137130492,2000-01-03,2002-09-19,990,2013-10-17,4046.0000000000,5036.0000000000,5036,2000-01-03
full_pre2026,varshare_tqqq_55_step_up,1999-03-10,2025-12-31,100000.0000000000,75675271.0834861100,755.7527108349,0.2804843731,317,11.8229217298,1341038.4967792090,-0.7009867813,2007-10-31,2009-02-10,468,2011-01-05,694.0000000000,1162.0000000000,2200,2000-01-03
full_pre2026,varshare_tqqq_55_block_cut,1999-03-10,2025-12-31,100000.0000000000,147675180.2942638993,1475.7518029426,0.3128145760,128,4.7739242316,1526624.4520383303,-0.5447118566,2007-10-31,2009-05-13,560,2010-04-13,335.0000000000,895.0000000000,1242,2000-01-03
full_pre2026,varshare_tqqq_60_floor50,1999-03-10,2025-12-31,100000.0000000000,106165484.4543787986,1060.6548445438,0.2967550006,212,7.9068120086,1449553.8119116072,-0.5931061461,2000-01-03,2002-06-21,900,2004-11-18,881.0000000000,1781.0000000000,1781,2000-01-03
full_pre2026,varshare_tqqq_60_floor100,1999-03-10,2025-12-31,100000.0000000000,35329710.7927280590,352.2971079273,0.2446182184,284,10.5921443888,772653.2240266956,-0.8497557099,2000-01-03,2002-06-21,900,2010-03-23,2832.0000000000,3732.0000000000,3732,2000-01-03
full_pre2026,varshare_tqqq_60_step_up,1999-03-10,2025-12-31,100000.0000000000,84550711.7208524644,844.5071172085,0.2857916295,293,10.9278109364,1466275.2662742902,-0.5711170730,2000-01-03,2002-06-21,900,2005-11-18,1246.0000000000,2146.0000000000,2146,2000-01-03
full_pre2026,varshare_tqqq_60_block_cut,1999-03-10,2025-12-31,100000.0000000000,179241956.7663990855,1791.4195676640,0.3223341290,138,5.1468870622,1863679.7660156870,-0.5178972576,2007-10-31,2009-05-13,560,2010-03-23,314.0000000000,874.0000000000,1173,2000-01-03
full_pre2026,varshare_tqqq_65_floor50,1999-03-10,2025-12-31,100000.0000000000,203920101.1718786657,2038.2010117188,0.3287110855,202,7.5338491780,2536103.1374653783,-0.4750602860,2021-11-19,2022-12-28,404,2023-06-14,168.0000000000,572.0000000000,1282,2000-01-03
full_pre2026,varshare_tqqq_65_floor100,1999-03-10,2025-12-31,100000.0000000000,194404851.9025204778,1943.0485190252,0.3263451415,243,9.0629967834,3344329.6432216163,-0.6420565384,2000-01-03,2002-06-20,899,2005-11-21,1250.0000000000,2149.0000000000,2149,2000-01-03
full_pre2026,varshare_tqqq_65_step_up,1999-03-10,2025-12-31,100000.0000000000,225031723.2164977491,2249.3172321650,0.3336019800,247,9.2121819157,3285094.2680826685,-0.5064439657,2021-11-19,2022-12-28,404,2023-07-18,202.0000000000,606.0000000000,1276,2000-01-03
full_pre2026,varshare_tqqq_65_block_cut,1999-03-10,2025-12-31,100000.0000000000,167460376.8523384333,1673.6037685234,0.3189852439,148,5.5198498928,1790028.1606693598,-0.5474360817,2007-10-31,2009-05-13,560,2010-04-13,335.0000000000,895.0000000000,1173,2000-01-03
full_pre2026,varshare_tqqq_70_floor50,1999-03-10,2025-12-31,100000.0000000000,161787345.3252117634,1616.8734532521,0.3172909380,180,6.7133309507,2159955.5460569048,-0.4968505237,2021-11-19,2022-12-28,404,2023-07-12,196.0000000000,600.0000000000,1260,2000-01-03
full_pre2026,varshare_tqqq_70_floor100,1999-03-10,2025-12-31,100000.0000000000,158205418.8111642003,1581.0541881116,0.3161914498,211,7.8695157255,3228661.9134913776,-0.6090068815,2021-11-19,2022-12-28,404,2024-01-29,397.0000000000,801.0000000000,1340,2000-01-03
full_pre2026,varshare_tqqq_70_step_up,1999-03-10,2025-12-31,100000.0000000000,193155810.7431924641,1930.5581074319,0.3260263268,208,7.7576268763,3110694.2217193749,-0.5466913202,2021-11-19,2022-12-28,404,2023-12-19,356.0000000000,760.0000000000,1173,2000-01-03
full_pre2026,varshare_tqqq_70_block_cut,1999-03-10,2025-12-31,100000.0000000000,173215578.1072303653,1731.1557810723,0.3206485398,152,5.6690350250,1903697.1686727153,-0.5288317140,2007-10-31,2009-05-13,560,2010-04-05,327.0000000000,887.0000000000,1173,2000-01-03
full_pre2026,varshare_tqqq_75_floor50,1999-03-10,2025-12-31,100000.0000000000,169937708.8097998500,1698.3770880980,0.3197078536,172,6.4149606862,1977405.1721526384,-0.5039819549,2007-10-31,2009-05-13,560,2009-12-28,229.0000000000,789.0000000000,1249,2000-01-03
full_pre2026,varshare_tqqq_75_floor100,1999-03-10,2025-12-31,100000.0000000000,139729079.6186861694,1396.2907961869,0.3101092312,193,7.1981826305,1972138.7854834988,-0.4882722698,2024-12-16,2025-05-23,158,,,,1465,2000-01-03
full_pre2026,varshare_tqqq_75_step_up,1999-03-10,2025-12-31,100000.0000000000,158296663.2082482576,1581.9666320825,0.3162197539,192,7.1608863474,1996936.8452487222,-0.4939012565,2007-10-31,2009-05-13,560,2009-12-24,225.0000000000,785.0000000000,1248,2000-01-03
full_pre2026,varshare_tqqq_75_block_cut,1999-03-10,2025-12-31,100000.0000000000,175917870.5946190357,1758.1787059462,0.3214112468,154,5.7436275911,1933498.6317123855,-0.5288318220,2007-10-31,2009-05-13,560,2010-04-05,327.0000000000,887.0000000000,1173,2000-01-03
full_pre2026,varshare_tqqq_80_floor50,1999-03-10,2025-12-31,100000.0000000000,166805775.8419314027,1667.0577584193,0.3187925852,160,5.9674052895,1906826.5504094393,-0.5320994507,2007-10-31,2009-05-13,560,2010-04-06,328.0000000000,888.0000000000,1176,1999-12-23
full_pre2026,varshare_tqqq_80_floor100,1999-03-10,2025-12-31,100000.0000000000,131841941.5678387731,1317.4194156784,0.3072733322,167,6.2284792709,1637287.9902391641,-0.5359637247,2007-10-31,2009-05-13,560,2010-04-09,331.0000000000,891.0000000000,1181,1999-12-23
full_pre2026,varshare_tqqq_80_step_up,1999-03-10,2025-12-31,100000.0000000000,151092864.1259748936,1509.9286412597,0.3139353058,166,6.1911829878,1714755.1357173282,-0.5320993102,2007-10-31,2009-05-13,560,2010-04-06,328.0000000000,888.0000000000,1176,1999-12-23
full_pre2026,varshare_tqqq_80_block_cut,1999-03-10,2025-12-31,100000.0000000000,189827721.8578608632,1897.2772185786,0.3251670507,154,5.7436275911,2086286.9659416291,-0.5288319343,2007-10-31,2009-05-13,560,2010-04-05,327.0000000000,887.0000000000,887,2007-10-31
full_pre2026,magratio_tqqq_125_floor50,1999-03-10,2025-12-31,100000.0000000000,152653813.3135009408,1525.5381331350,0.3144390776,217,8.0932934239,2081876.5448285330,-0.5162381313,2021-11-19,2022-12-28,404,2023-07-13,197.0000000000,601.0000000000,1197,2000-03-27
full_pre2026,magratio_tqqq_125_floor100,1999-03-10,2025-12-31,100000.0000000000,113601405.3028680682,1135.0140530287,0.3000332362,300,11.1888849178,2132537.0643009730,-0.7000772121,2000-03-27,2001-10-30,582,2005-11-17,1479.0000000000,2061.0000000000,2061,2000-03-27
full_pre2026,magratio_tqqq_125_step_up,1999-03-10,2025-12-31,100000.0000000000,162192691.6700875759,1620.9269167009,0.3174138816,321,11.9721068620,2429283.2951137489,-0.5503614783,2007-10-31,2009-05-13,560,2010-03-30,321.0000000000,881.0000000000,1163,2000-03-27
full_pre2026,magratio_tqqq_125_block_cut,1999-03-10,2025-12-31,100000.0000000000,172047653.1720299721,1719.4765317203,0.3203153480,130,4.8485167977,1722232.9087309504,-0.5415067555,2007-10-31,2009-05-13,560,2010-04-12,334.0000000000,894.0000000000,1281,2000-01-03
full_pre2026,magratio_tqqq_150_floor50,1999-03-10,2025-12-31,100000.0000000000,150345818.5791972280,1502.4581857920,0.3136924333,190,7.0862937813,1682800.3636988318,-0.5056891981,2007-10-31,2009-04-20,537,2009-12-24,248.0000000000,785.0000000000,1334,2000-01-03
full_pre2026,magratio_tqqq_150_floor100,1999-03-10,2025-12-31,100000.0000000000,128707550.8463632762,1286.0755084636,0.3061007293,243,9.0629967834,1756095.4176258384,-0.7162114127,2000-01-03,2000-07-10,189,2005-11-21,1960.0000000000,2149.0000000000,2149,2000-01-03
full_pre2026,magratio_tqqq_150_step_up,1999-03-10,2025-12-31,100000.0000000000,170267881.9493681192,1701.6788194937,0.3198033945,253,9.4359596140,2292301.0794070722,-0.5397519082,2007-10-31,2009-05-13,560,2010-04-05,327.0000000000,887.0000000000,1281,2000-01-03
full_pre2026,magratio_tqqq_150_block_cut,1999-03-10,2025-12-31,100000.0000000000,150338776.2573205829,1502.3877625732,0.3136901383,142,5.2960721944,1568392.4757201564,-0.5288315832,2007-10-31,2009-05-13,560,2010-04-05,327.0000000000,887.0000000000,1281,2000-01-03
full_pre2026,magratio_tqqq_200_floor50,1999-03-10,2025-12-31,100000.0000000000,173685955.2921924293,1735.8595529219,0.3207821209,182,6.7879235168,2060224.4832325503,-0.4914343576,2007-10-31,2008-09-17,322,2009-12-24,463.0000000000,785.0000000000,1249,2000-01-03
full_pre2026,magratio_tqqq_200_floor100,1999-03-10,2025-12-31,100000.0000000000,175382378.4997582436,1752.8237849976,0.3212610074,239,8.9138116512,2926902.4944372550,-0.5295844822,2000-01-03,2002-11-19,1051,2004-01-12,419.0000000000,1470.0000000000,1470,2000-01-03
full_pre2026,magratio_tqqq_200_step_up,1999-03-10,2025-12-31,100000.0000000000,197389962.8029009402,1972.8996280290,0.3270991665,238,8.8765153681,2973624.1980391033,-0.5253363712,2007-10-31,2009-05-13,560,2010-01-04,236.0000000000,796.0000000000,1243,2000-01-03
full_pre2026,magratio_tqqq_200_block_cut,1999-03-10,2025-12-31,100000.0000000000,180072805.2583091855,1799.7280525831,0.3225622272,152,5.6690350250,1924752.8137415131,-0.5288318220,2007-10-31,2009-05-13,560,2010-04-05,327.0000000000,887.0000000000,1173,2000-01-03
full_pre2026,magratio_tqqq_300_floor50,1999-03-10,2025-12-31,100000.0000000000,189827721.8578608632,1897.2772185786,0.3251670507,154,5.7436275911,2086286.9659416291,-0.5288319343,2007-10-31,2009-05-13,560,2010-04-05,327.0000000000,887.0000000000,887,2007-10-31
full_pre2026,magratio_tqqq_300_floor100,1999-03-10,2025-12-31,100000.0000000000,193984116.7124623060,1938.8411671246,0.3262379707,158,5.8928127234,2076045.4230353360,-0.5288317450,2007-10-31,2009-05-13,560,2010-04-05,327.0000000000,887.0000000000,887,2007-10-31
full_pre2026,magratio_tqqq_300_step_up,1999-03-10,2025-12-31,100000.0000000000,193984116.7124623060,1938.8411671246,0.3262379707,158,5.8928127234,2076045.4230353360,-0.5288317450,2007-10-31,2009-05-13,560,2010-04-05,327.0000000000,887.0000000000,887,2007-10-31
full_pre2026,magratio_tqqq_300_block_cut,1999-03-10,2025-12-31,100000.0000000000,189827721.8578608632,1897.2772185786,0.3251670507,154,5.7436275911,2086286.9659416291,-0.5288319343,2007-10-31,2009-05-13,560,2010-04-05,327.0000000000,887.0000000000,887,2007-10-31
full_pre2026,magratio_tqqq_400_floor50,1999-03-10,2025-12-31,100000.0000000000,189827721.8578608632,1897.2772185786,0.3251670507,154,5.7436275911,2086286.9659416291,-0.5288319343,2007-10-31,2009-05-13,560,2010-04-05,327.0000000000,887.0000000000,887,2007-10-31
full_pre2026,magratio_tqqq_400_floor100,1999-03-10,2025-12-31,100000.0000000000,189827721.8578608632,1897.2772185786,0.3251670507,154,5.7436275911,2086286.9659416291,-0.5288319343,2007-10-31,2009-05-13,560,2010-04-05,327.0000000000,887.0000000000,887,2007-10-31
full_pre2026,magratio_tqqq_400_step_up,1999-03-10,2025-12-31,100000.0000000000,189827721.8578608632,1897.2772185786,0.3251670507,154,5.7436275911,2086286.9659416291,-0.5288319343,2007-10-31,2009-05-13,560,2010-04-05,327.0000000000,887.0000000000,887,2007-10-31
full_pre2026,magratio_tqqq_400_block_cut,1999-03-10,2025-12-31,100000.0000000000,189827721.8578608632,1897.2772185786,0.3251670507,154,5.7436275911,2086286.9659416291,-0.5288319343,2007-10-31,2009-05-13,560,2010-04-05,327.0000000000,887.0000000000,887,2007-10-31
full_pre2026,combo_tqqq_100_55_floor50,1999-03-10,2025-12-31,100000.0000000000,192772222.8752518892,1926.7222287525,0.3259280184,221,8.2424785561,2642702.6220176201,-0.5061664472,2021-11-19,2022-12-28,404,2023-06-15,169.0000000000,573.0000000000,1243,2000-01-03
full_pre2026,combo_tqqq_100_55_floor100,1999-03-10,2025-12-31,100000.0000000000,197248679.1871076822,1971.4867918711,0.3270637272,295,11.0024035025,3862131.8883952103,-0.6031720983,2000-01-03,2000-07-05,184,2003-07-07,1097.0000000000,1281.0000000000,1281,2000-01-03
full_pre2026,combo_tqqq_100_55_step_up,1999-03-10,2025-12-31,100000.0000000000,233550466.4694771767,2334.5046646948,0.3354513809,312,11.6364403145,3696531.0960377743,-0.5346607347,2021-11-19,2022-12-28,404,2023-07-18,202.0000000000,606.0000000000,1169,2000-01-03
full_pre2026,combo_tqqq_100_55_block_cut,1999-03-10,2025-12-31,100000.0000000000,150794015.5725885630,1506.9401557259,0.3138382860,136,5.0722944961,1568291.8339609201,-0.5288319256,2007-10-31,2009-05-13,560,2010-04-05,327.0000000000,887.0000000000,1281,2000-01-03
full_pre2026,combo_tqqq_100_65_floor50,1999-03-10,2025-12-31,100000.0000000000,188695168.6253543496,1885.9516862535,0.3248713275,206,7.6830343102,2452280.3670950970,-0.4722806995,2007-10-31,2008-09-17,322,2009-10-14,392.0000000000,714.0000000000,1326,2000-01-03
full_pre2026,combo_tqqq_100_65_floor100,1999-03-10,2025-12-31,100000.0000000000,181948014.0260008872,1818.4801402600,0.3230733385,245,9.1375893495,3347036.9648060347,-0.6261747740,2000-01-03,2000-07-10,189,2004-12-14,1618.0000000000,1807.0000000000,1807,2000-01-03
full_pre2026,combo_tqqq_100_65_step_up,1999-03-10,2025-12-31,100000.0000000000,207768570.0917374194,2076.6857009174,0.3296379350,251,9.3613670479,3150866.0223330949,-0.5002924690,2021-11-19,2022-12-28,404,2023-07-17,201.0000000000,605.0000000000,1173,2000-01-03
full_pre2026,combo_tqqq_100_65_block_cut,1999-03-10,2025-12-31,100000.0000000000,174344414.4499057233,1742.4441444991,0.3209685311,148,5.5198498928,1863390.4414635466,-0.5288318654,2007-10-31,2009-05-13,560,2010-04-05,327.0000000000,887.0000000000,1173,2000-01-03
full_pre2026,combo_tqqq_100_75_floor50,1999-03-10,2025-12-31,100000.0000000000,169937708.8097998500,1698.3770880980,0.3197078536,172,6.4149606862,1977405.1721526384,-0.5039819549,2007-10-31,2009-05-13,560,2009-12-28,229.0000000000,789.0000000000,1249,2000-01-03
full_pre2026,combo_tqqq_100_75_floor100,1999-03-10,2025-12-31,100000.0000000000,139729079.6186861694,1396.2907961869,0.3101092312,193,7.1981826305,1972138.7854834988,-0.4882722698,2024-12-16,2025-05-23,158,,,,1465,2000-01-03
full_pre2026,combo_tqqq_100_75_step_up,1999-03-10,2025-12-31,100000.0000000000,158296663.2082482576,1581.9666320825,0.3162197539,192,7.1608863474,1996936.8452487222,-0.4939012565,2007-10-31,2009-05-13,560,2009-12-24,225.0000000000,785.0000000000,1248,2000-01-03
full_pre2026,combo_tqqq_100_75_block_cut,1999-03-10,2025-12-31,100000.0000000000,175917870.5946190357,1758.1787059462,0.3214112468,154,5.7436275911,1933498.6317123855,-0.5288318220,2007-10-31,2009-05-13,560,2010-04-05,327.0000000000,887.0000000000,1173,2000-01-03
full_pre2026,combo_tqqq_150_55_floor50,1999-03-10,2025-12-31,100000.0000000000,138986048.4099429846,1388.8604840994,0.3098487314,213,7.9441082916,1897965.6625881819,-0.5094625024,2007-10-31,2009-04-07,524,2009-12-22,259.0000000000,783.0000000000,1334,2000-01-03
full_pre2026,combo_tqqq_150_55_floor100,1999-03-10,2025-12-31,100000.0000000000,102363850.3145228326,1022.6385031452,0.2949925803,277,10.3310704074,1853863.4853364858,-0.7130492947,2000-01-03,2001-10-30,666,2006-01-06,1529.0000000000,2195.0000000000,2195,2000-01-03
full_pre2026,combo_tqqq_150_55_step_up,1999-03-10,2025-12-31,100000.0000000000,159075422.9250438511,1589.7542292504,0.3164606885,291,10.8532183703,2415000.8019203399,-0.5287157205,2007-10-31,2009-05-13,560,2010-03-23,314.0000000000,874.0000000000,1249,2000-01-03
full_pre2026,combo_tqqq_150_55_block_cut,1999-03-10,2025-12-31,100000.0000000000,151180496.2392513752,1510.8049623925,0.3139637202,136,5.0722944961,1572277.9869849482,-0.5288319256,2007-10-31,2009-05-13,560,2010-04-05,327.0000000000,887.0000000000,1281,2000-01-03
full_pre2026,combo_tqqq_150_65_floor50,1999-03-10,2025-12-31,100000.0000000000,181079568.0246983171,1809.7956802470,0.3228372664,198,7.3846640457,2278668.6751567842,-0.4823701191,2007-10-31,2008-09-17,322,2009-11-16,425.0000000000,747.0000000000,1326,2000-01-03
full_pre2026,combo_tqqq_150_65_floor100,1999-03-10,2025-12-31,100000.0000000000,156996743.5187169909,1568.9674351872,0.3158150277,237,8.8392190851,2726915.3190436536,-0.6261155510,2000-01-03,2000-07-10,189,2005-11-21,1960.0000000000,2149.0000000000,2149,2000-01-03
full_pre2026,combo_tqqq_150_65_step_up,1999-03-10,2025-12-31,100000.0000000000,183409367.5405243635,1833.0936754052,0.3234681447,241,8.9884042173,2698150.8876685053,-0.4967352967,2021-11-19,2022-09-30,315,2023-07-13,286.0000000000,601.0000000000,1281,2000-01-03
full_pre2026,combo_tqqq_150_65_block_cut,1999-03-10,2025-12-31,100000.0000000000,174344414.4499057233,1742.4441444991,0.3209685311,148,5.5198498928,1863390.4414635466,-0.5288318654,2007-10-31,2009-05-13,560,2010-04-05,327.0000000000,887.0000000000,1173,2000-01-03
full_pre2026,combo_tqqq_150_75_floor50,1999-03-10,2025-12-31,100000.0000000000,169937708.8097998500,1698.3770880980,0.3197078536,172,6.4149606862,1977405.1721526384,-0.5039819549,2007-10-31,2009-05-13,560,2009-12-28,229.0000000000,789.0000000000,1249,2000-01-03
full_pre2026,combo_tqqq_150_75_floor100,1999-03-10,2025-12-31,100000.0000000000,139729079.6186861694,1396.2907961869,0.3101092312,193,7.1981826305,1972138.7854834988,-0.4882722698,2024-12-16,2025-05-23,158,,,,1465,2000-01-03
full_pre2026,combo_tqqq_150_75_step_up,1999-03-10,2025-12-31,100000.0000000000,158296663.2082482576,1581.9666320825,0.3162197539,192,7.1608863474,1996936.8452487222,-0.4939012565,2007-10-31,2009-05-13,560,2009-12-24,225.0000000000,785.0000000000,1248,2000-01-03
full_pre2026,combo_tqqq_150_75_block_cut,1999-03-10,2025-12-31,100000.0000000000,175917870.5946190357,1758.1787059462,0.3214112468,154,5.7436275911,1933498.6317123855,-0.5288318220,2007-10-31,2009-05-13,560,2010-04-05,327.0000000000,887.0000000000,1173,2000-01-03
full_pre2026,combo_tqqq_200_55_floor50,1999-03-10,2025-12-31,100000.0000000000,140330725.8443368971,1402.3072584434,0.3103191875,196,7.3100714796,1866942.3154660484,-0.5411714721,2007-10-31,2009-04-07,524,2009-12-28,265.0000000000,789.0000000000,1281,2000-01-03
full_pre2026,combo_tqqq_200_55_floor100,1999-03-10,2025-12-31,100000.0000000000,116209877.2485494614,1161.0987724855,0.3011344391,254,9.4732558971,2220729.3223186815,-0.6545306487,2000-01-03,2000-07-05,184,2004-01-12,1286.0000000000,1470.0000000000,1470,2000-01-03
full_pre2026,combo_tqqq_200_55_step_up,1999-03-10,2025-12-31,100000.0000000000,171771136.0477372408,1716.7113604774,0.3202361430,267,9.9581075768,2855709.4089800399,-0.5459378291,2007-10-31,2009-05-13,560,2009-12-28,229.0000000000,789.0000000000,1173,2000-01-03
full_pre2026,combo_tqqq_200_55_block_cut,1999-03-10,2025-12-31,100000.0000000000,159202176.5476130247,1591.0217654761,0.3164997964,140,5.2214796283,1695904.9221774191,-0.5288318768,2007-10-31,2009-05-13,560,2010-04-05,327.0000000000,887.0000000000,1281,2000-01-03
full_pre2026,combo_tqqq_200_65_floor50,1999-03-10,2025-12-31,100000.0000000000,179751214.8453160822,1796.5121484532,0.3224740593,194,7.2354789135,2177976.1203470859,-0.4981315290,2007-10-31,2009-04-07,524,2009-12-21,258.0000000000,782.0000000000,1281,2000-01-03
full_pre2026,combo_tqqq_200_65_floor100,1999-03-10,2025-12-31,100000.0000000000,174601830.7338703871,1745.0183073387,0.3210412215,229,8.5408488206,2820751.8626898862,-0.6261155510,2000-01-03,2000-07-10,189,2004-12-14,1618.0000000000,1807.0000000000,1807,2000-01-03
full_pre2026,combo_tqqq_200_65_step_up,1999-03-10,2025-12-31,100000.0000000000,205693815.7850486040,2055.9381578505,0.3291403332,233,8.6900339528,2914235.7181090033,-0.4915563058,2021-11-19,2022-09-30,315,2023-07-13,286.0000000000,601.0000000000,1281,2000-01-03
full_pre2026,combo_tqqq_200_65_block_cut,1999-03-10,2025-12-31,100000.0000000000,174344414.4499057233,1742.4441444991,0.3209685311,148,5.5198498928,1863390.4414635466,-0.5288318654,2007-10-31,2009-05-13,560,2010-04-05,327.0000000000,887.0000000000,1173,2000-01-03
full_pre2026,combo_tqqq_200_75_floor50,1999-03-10,2025-12-31,100000.0000000000,169937708.8097998500,1698.3770880980,0.3197078536,172,6.4149606862,1977405.1721526384,-0.5039819549,2007-10-31,2009-05-13,560,2009-12-28,229.0000000000,789.0000000000,1249,2000-01-03
full_pre2026,combo_tqqq_200_75_floor100,1999-03-10,2025-12-31,100000.0000000000,139729079.6186861694,1396.2907961869,0.3101092312,193,7.1981826305,1972138.7854834988,-0.4882722698,2024-12-16,2025-05-23,158,,,,1465,2000-01-03
full_pre2026,combo_tqqq_200_75_step_up,1999-03-10,2025-12-31,100000.0000000000,158296663.2082482576,1581.9666320825,0.3162197539,192,7.1608863474,1996936.8452487222,-0.4939012565,2007-10-31,2009-05-13,560,2009-12-24,225.0000000000,785.0000000000,1248,2000-01-03
full_pre2026,combo_tqqq_200_75_block_cut,1999-03-10,2025-12-31,100000.0000000000,175917870.5946190357,1758.1787059462,0.3214112468,154,5.7436275911,1933498.6317123855,-0.5288318220,2007-10-31,2009-05-13,560,2010-04-05,327.0000000000,887.0000000000,1173,2000-01-03
full_pre2026,combo_tqqq_300_55_floor50,1999-03-10,2025-12-31,100000.0000000000,156652797.3285077810,1565.5279732851,0.3157074013,196,7.3100714796,1755621.1232036049,-0.5082542074,2007-10-31,2009-04-20,537,2009-12-24,248.0000000000,785.0000000000,1333,2000-01-03
full_pre2026,combo_tqqq_300_55_floor100,1999-03-10,2025-12-31,100000.0000000000,111495921.3881463557,1113.9592138815,0.2991264754,259,9.6597373124,1855638.7577422706,-0.7121300007,2000-01-03,2001-05-30,513,2005-11-17,1632.0000000000,2145.0000000000,2145,2000-01-03
full_pre2026,combo_tqqq_300_55_step_up,1999-03-10,2025-12-31,100000.0000000000,148401694.4786416590,1483.0169447864,0.3130548901,265,9.8835150107,2342872.0302456664,-0.5347827926,2007-10-31,2009-05-13,560,2010-01-04,236.0000000000,796.0000000000,1281,2000-01-03
full_pre2026,combo_tqqq_300_55_block_cut,1999-03-10,2025-12-31,100000.0000000000,164763489.9080952406,1646.6348990810,0.3181867980,148,5.5198498928,1761030.7036013212,-0.5288317248,2007-10-31,2009-05-13,560,2010-04-05,327.0000000000,887.0000000000,1248,2000-01-03
full_pre2026,combo_tqqq_300_65_floor50,1999-03-10,2025-12-31,100000.0000000000,181977762.6210508347,1818.7776262105,0.3230814060,198,7.3846640457,2030704.1180006273,-0.5049530833,2007-10-31,2009-04-20,537,2009-12-23,247.0000000000,784.0000000000,1281,2000-01-03
full_pre2026,combo_tqqq_300_65_floor100,1999-03-10,2025-12-31,100000.0000000000,162718720.9192879796,1626.1872091929,0.3175729886,241,8.9884042173,2449615.5376698836,-0.6261828467,2000-01-03,2000-07-10,189,2004-12-01,1605.0000000000,1794.0000000000,1794,2000-01-03
full_pre2026,combo_tqqq_300_65_step_up,1999-03-10,2025-12-31,100000.0000000000,189060282.2365883291,1889.6028223659,0.3249668492,244,9.1002930665,2680231.3557613487,-0.5165360212,2021-11-19,2022-09-30,315,2023-07-13,286.0000000000,601.0000000000,1281,2000-01-03
full_pre2026,combo_tqqq_300_65_block_cut,1999-03-10,2025-12-31,100000.0000000000,185643561.8224568665,1855.4356182246,0.3240659293,150,5.5944424589,1984176.0022307395,-0.5288317073,2007-10-31,2009-05-13,560,2010-04-05,327.0000000000,887.0000000000,1173,2000-01-03
full_pre2026,combo_tqqq_300_75_floor50,1999-03-10,2025-12-31,100000.0000000000,169937708.8097998500,1698.3770880980,0.3197078536,172,6.4149606862,1977405.1721526384,-0.5039819549,2007-10-31,2009-05-13,560,2009-12-28,229.0000000000,789.0000000000,1249,2000-01-03
full_pre2026,combo_tqqq_300_75_floor100,1999-03-10,2025-12-31,100000.0000000000,135532893.7390617430,1354.3289373906,0.3086202189,197,7.3473677627,1913051.6848821146,-0.4882723470,2024-12-16,2025-05-23,158,,,,1465,2000-01-03
full_pre2026,combo_tqqq_300_75_step_up,1999-03-10,2025-12-31,100000.0000000000,153551946.8889496922,1534.5194688895,0.3147266931,196,7.3100714796,1937221.0527540233,-0.4939013088,2007-10-31,2009-05-13,560,2009-12-24,225.0000000000,785.0000000000,1248,2000-01-03
full_pre2026,combo_tqqq_300_75_block_cut,1999-03-10,2025-12-31,100000.0000000000,175917870.5946190357,1758.1787059462,0.3214112468,154,5.7436275911,1933498.6317123855,-0.5288318220,2007-10-31,2009-05-13,560,2010-04-05,327.0000000000,887.0000000000,1173,2000-01-03
full_pre2026,ret_qqq_20_floor50,1999-03-10,2025-12-31,100000.0000000000,167490448.6813628674,1673.9044868136,0.3189940770,243,9.0629967834,2482805.0080677927,-0.6589553482,2000-03-27,2001-10-30,582,2005-11-22,1484.0000000000,2066.0000000000,2066,2000-03-27
full_pre2026,ret_qqq_20_floor100,1999-03-10,2025-12-31,100000.0000000000,99535222.9261692464,994.3522292617,0.2936398671,325,12.1212919943,2541908.6172373332,-0.8602943352,2000-03-27,2001-10-30,582,2007-10-31,2192.0000000000,2774.0000000000,2774,2000-03-27
full_pre2026,ret_qqq_20_step_up,1999-03-10,2025-12-31,100000.0000000000,168887662.6942379177,1687.8766269424,0.3194028135,349,13.0164027877,3365748.9473484084,-0.6214714869,2000-03-27,2001-10-30,582,2005-11-16,1478.0000000000,2060.0000000000,2060,2000-03-27
full_pre2026,ret_qqq_20_block_cut,1999-03-10,2025-12-31,100000.0000000000,214902870.8245987594,2148.0287082460,0.3313132334,126,4.6993316655,2150774.0813530604,-0.5640618737,2007-10-31,2009-05-13,560,2010-04-14,336.0000000000,896.0000000000,1197,2000-03-27
full_pre2026,ret_qqq_40_floor50,1999-03-10,2025-12-31,100000.0000000000,166650239.7979779243,1665.5023979798,0.3187467016,227,8.4662562545,2232472.5502192210,-0.5770390711,2000-03-27,2001-10-30,582,2004-11-17,1114.0000000000,1696.0000000000,1696,2000-03-27
full_pre2026,ret_qqq_40_floor100,1999-03-10,2025-12-31,100000.0000000000,155426517.5244598985,1553.2651752446,0.3153218182,307,11.4499588992,3010843.2491538869,-0.7712693569,2000-03-27,2001-10-30,582,2006-11-16,1843.0000000000,2425.0000000000,2425,2000-03-27
full_pre2026,ret_qqq_40_step_up,1999-03-10,2025-12-31,100000.0000000000,214263504.3815015554,2141.6350438150,0.3311652966,325,12.1212919943,3196599.8656457034,-0.5591637566,2021-11-19,2022-12-28,404,2023-12-13,350.0000000000,754.0000000000,1198,2000-03-27
full_pre2026,ret_qqq_40_block_cut,1999-03-10,2025-12-31,100000.0000000000,210960782.9724293351,2108.6078297243,0.3303942789,128,4.7739242316,2063685.0493248871,-0.5279699647,2007-10-31,2009-05-13,560,2010-04-05,327.0000000000,887.0000000000,1254,2000-03-27
full_pre2026,ret_qqq_60_floor50,1999-03-10,2025-12-31,100000.0000000000,206245680.3954347968,2061.4568039543,0.3292731605,207,7.7203305933,2772917.3567338595,-0.5235252499,2007-10-31,2009-04-07,524,2009-12-23,260.0000000000,784.0000000000,1250,2000-03-27
full_pre2026,ret_qqq_60_floor100,1999-03-10,2025-12-31,100000.0000000000,210393317.7254295349,2102.9331772543,0.3302606358,271,10.1072927091,3855900.0473943828,-0.6669567261,2000-03-27,2001-10-30,582,2004-12-01,1128.0000000000,1710.0000000000,1710,2000-03-27
full_pre2026,ret_qqq_60_step_up,1999-03-10,2025-12-31,100000.0000000000,232938337.5980592370,2328.3833759806,0.3353206722,285,10.6294406719,3617969.6518091448,-0.5397396459,2007-10-31,2009-05-13,560,2009-12-28,229.0000000000,789.0000000000,1176,2000-03-27
full_pre2026,ret_qqq_60_block_cut,1999-03-10,2025-12-31,100000.0000000000,204975853.7301394045,2048.7585373014,0.3289670137,136,5.0722944961,2137743.2861287952,-0.5288318405,2007-10-31,2009-05-13,560,2010-04-05,327.0000000000,887.0000000000,1197,2000-03-27
full_pre2026,ret_qqq_80_floor50,1999-03-10,2025-12-31,100000.0000000000,181186629.3813581765,1810.8662938136,0.3228664280,192,7.1608863474,2271465.6816521254,-0.5302680812,2007-10-31,2009-04-07,524,2009-12-24,261.0000000000,785.0000000000,785,2007-10-31
full_pre2026,ret_qqq_80_floor100,1999-03-10,2025-12-31,100000.0000000000,155967403.5480939448,1558.6740354809,0.3154922504,252,9.3986633310,3005748.5519319954,-0.5519979984,2007-10-31,2009-04-07,524,2009-12-21,258.0000000000,782.0000000000,782,2007-10-31
full_pre2026,ret_qqq_80_step_up,1999-03-10,2025-12-31,100000.0000000000,183817666.5142908096,1837.1766651429,0.3235779115,263,9.8089224446,3168851.3545527998,-0.5154359835,2007-10-31,2009-05-13,560,2009-12-24,225.0000000000,785.0000000000,785,2007-10-31
full_pre2026,ret_qqq_80_block_cut,1999-03-10,2025-12-31,100000.0000000000,144999954.4766441584,1448.9995447664,0.3119197521,142,5.2960721944,1565970.1656503018,-0.5288318355,2007-10-31,2009-05-13,560,2010-04-05,327.0000000000,887.0000000000,1281,2000-01-03
full_pre2026,ret_qqq_100_floor50,1999-03-10,2025-12-31,100000.0000000000,154490705.1459798217,1543.9070514598,0.3150255923,194,7.2354789135,1707057.6153908756,-0.5107680437,2007-10-31,2009-04-20,537,2009-12-24,248.0000000000,785.0000000000,1282,2000-01-03
full_pre2026,ret_qqq_100_floor100,1999-03-10,2025-12-31,100000.0000000000,117112589.0204880089,1170.1258902049,0.3015099955,257,9.5851447462,1877041.2482614154,-0.6714707188,2000-01-03,2000-07-05,184,2004-11-17,1596.0000000000,1780.0000000000,1780,2000-01-03
full_pre2026,ret_qqq_100_step_up,1999-03-10,2025-12-31,100000.0000000000,154908801.2559315562,1548.0880125593,0.3151581510,265,9.8835150107,2469618.7335294825,-0.5371611437,2007-10-31,2009-05-13,560,2010-01-04,236.0000000000,796.0000000000,1248,2000-01-03
full_pre2026,ret_qqq_100_block_cut,1999-03-10,2025-12-31,100000.0000000000,154202178.2330692410,1541.0217823307,0.3149339123,148,5.5198498928,1665935.5001535844,-0.5288317248,2007-10-31,2009-05-13,560,2010-04-05,327.0000000000,887.0000000000,1248,2000-01-03
full_pre2026,ret_qqq_120_floor50,1999-03-10,2025-12-31,100000.0000000000,178777627.0962631702,1786.7762709626,0.3222062099,196,7.3100714796,2043530.5207326063,-0.5396926650,2000-01-03,2000-07-05,184,2003-06-16,1076.0000000000,1260.0000000000,1260,2000-01-03
full_pre2026,ret_qqq_120_floor100,1999-03-10,2025-12-31,100000.0000000000,132549656.0328564048,1324.4965603286,0.3075343780,251,9.3613670479,2141739.9342187247,-0.7616655685,2000-01-03,2000-07-05,184,2004-01-16,1290.0000000000,1474.0000000000,1474,2000-01-03
full_pre2026,ret_qqq_120_step_up,1999-03-10,2025-12-31,100000.0000000000,154234143.2254773676,1541.3414322548,0.3149440774,256,9.5478484632,2313337.0485035218,-0.5553503419,2007-10-31,2009-05-13,560,2010-04-14,336.0000000000,896.0000000000,1243,2000-01-03
full_pre2026,ret_qqq_120_block_cut,1999-03-10,2025-12-31,100000.0000000000,160961779.2755076289,1608.6177927551,0.3170396201,150,5.5944424589,1769032.6631554887,-0.5288317248,2007-10-31,2009-05-13,560,2010-04-05,327.0000000000,887.0000000000,1248,2000-01-03
full_pre2026,ret_qqq_150_floor50,1999-03-10,2025-12-31,100000.0000000000,167620145.4648677111,1675.2014546487,0.3190321560,206,7.6830343102,1894225.0742836436,-0.5231649831,2007-10-31,2009-04-20,537,2009-12-28,252.0000000000,789.0000000000,1282,2000-01-03
full_pre2026,ret_qqq_150_floor100,1999-03-10,2025-12-31,100000.0000000000,148529150.8708030283,1484.2915087080,0.3130969329,233,8.6900339528,2250285.9630432650,-0.6703146967,2000-01-03,2000-07-10,189,2004-12-01,1605.0000000000,1794.0000000000,1794,2000-01-03
full_pre2026,ret_qqq_150_step_up,1999-03-10,2025-12-31,100000.0000000000,186229675.4621013999,1861.2967546210,0.3242216040,235,8.7646265189,2633871.5838915501,-0.5296317265,2007-10-31,2009-04-20,537,2010-04-05,350.0000000000,887.0000000000,1248,2000-01-03
full_pre2026,ret_qqq_150_block_cut,1999-03-10,2025-12-31,100000.0000000000,158121168.1563970745,1580.2116815640,0.3161653012,154,5.7436275911,1738030.5946153151,-0.5288318040,2007-10-31,2009-05-13,560,2010-04-05,327.0000000000,887.0000000000,1248,2000-01-03
full_pre2026,varshare_qqq_55_floor50,1999-03-10,2025-12-31,100000.0000000000,89524813.8232646585,894.2481382326,0.2885358841,225,8.3916636883,1038544.0038110700,-0.6873705069,2000-01-03,2002-09-19,990,2005-11-25,1163.0000000000,2153.0000000000,2153,2000-01-03
full_pre2026,varshare_qqq_55_floor100,1999-03-10,2025-12-31,100000.0000000000,23844766.1174333878,237.4476611743,0.2265010512,301,11.2261812009,427917.6630171710,-0.9137130492,2000-01-03,2002-09-19,990,2013-09-18,4017.0000000000,5007.0000000000,5007,2000-01-03
full_pre2026,varshare_qqq_55_step_up,1999-03-10,2025-12-31,100000.0000000000,81316790.6254404783,812.1679062544,0.2839227836,322,12.0094031451,1354016.6475786709,-0.7009867813,2007-10-31,2009-02-10,468,2010-12-20,678.0000000000,1146.0000000000,2200,2000-01-03
full_pre2026,varshare_qqq_55_block_cut,1999-03-10,2025-12-31,100000.0000000000,147675180.2942638993,1475.7518029426,0.3128145760,128,4.7739242316,1526624.4520383303,-0.5447118566,2007-10-31,2009-05-13,560,2010-04-13,335.0000000000,895.0000000000,1242,2000-01-03
full_pre2026,varshare_qqq_60_floor50,1999-03-10,2025-12-31,100000.0000000000,116799446.7502276897,1166.9944675023,0.3013800351,208,7.7576268763,1329344.1898304231,-0.5931061461,2000-01-03,2002-06-21,900,2004-11-18,881.0000000000,1781.0000000000,1781,2000-01-03
full_pre2026,varshare_qqq_60_floor100,1999-03-10,2025-12-31,100000.0000000000,45137712.2066689581,450.3771220667,0.2560428574,276,10.2937741244,719563.0799340513,-0.8497557099,2000-01-03,2002-06-21,900,2010-03-23,2832.0000000000,3732.0000000000,3732,2000-01-03
full_pre2026,varshare_qqq_60_step_up,1999-03-10,2025-12-31,100000.0000000000,99865270.3531660736,997.6527035317,0.2937995970,285,10.6294406719,1393845.3181119235,-0.5711170730,2000-01-03,2002-06-21,900,2005-11-18,1246.0000000000,2146.0000000000,2146,2000-01-03
full_pre2026,varshare_qqq_60_block_cut,1999-03-10,2025-12-31,100000.0000000000,182587002.4207564592,1824.8700242076,0.3232463449,140,5.2214796283,1944447.4835591607,-0.5178972576,2007-10-31,2009-05-13,560,2010-03-23,314.0000000000,874.0000000000,1173,2000-01-03
full_pre2026,varshare_qqq_65_floor50,1999-03-10,2025-12-31,100000.0000000000,203920101.1718786657,2038.2010117188,0.3287110855,202,7.5338491780,2536103.1374653783,-0.4750602860,2021-11-19,2022-12-28,404,2023-06-14,168.0000000000,572.0000000000,1282,2000-01-03
full_pre2026,varshare_qqq_65_floor100,1999-03-10,2025-12-31,100000.0000000000,194853286.3266671300,1947.5328632667,0.3264591225,245,9.1375893495,3523876.6911940794,-0.6420565384,2000-01-03,2002-06-20,899,2005-11-21,1250.0000000000,2149.0000000000,2149,2000-01-03
full_pre2026,varshare_qqq_65_step_up,1999-03-10,2025-12-31,100000.0000000000,225550726.3555537462,2254.5072635555,0.3337165673,249,9.2867744818,3487271.5925489259,-0.5064439788,2021-11-19,2022-12-28,404,2023-07-18,202.0000000000,606.0000000000,1276,2000-01-03
full_pre2026,varshare_qqq_65_block_cut,1999-03-10,2025-12-31,100000.0000000000,167460376.8523384333,1673.6037685234,0.3189852439,148,5.5198498928,1790028.1606693598,-0.5474360817,2007-10-31,2009-05-13,560,2010-04-13,335.0000000000,895.0000000000,1173,2000-01-03
full_pre2026,varshare_qqq_70_floor50,1999-03-10,2025-12-31,100000.0000000000,149932367.7461912632,1498.3236774619,0.3135575161,180,6.7133309507,2069454.8994358764,-0.5282418351,2021-11-19,2022-12-28,404,2023-07-17,201.0000000000,605.0000000000,1260,2000-01-03
full_pre2026,varshare_qqq_70_floor100,1999-03-10,2025-12-31,100000.0000000000,137332781.3980662525,1372.3278139807,0.3092642677,209,7.7949231594,2926671.3914816878,-0.6518739712,2021-11-19,2022-12-28,404,2024-03-01,429.0000000000,833.0000000000,1340,2000-01-03
full_pre2026,varshare_qqq_70_step_up,1999-03-10,2025-12-31,100000.0000000000,180539215.9713094532,1804.3921597131,0.3226898303,207,7.7203305933,2900311.0228722072,-0.5749729663,2021-11-19,2022-12-28,404,2024-01-19,387.0000000000,791.0000000000,1173,2000-01-03
full_pre2026,varshare_qqq_70_block_cut,1999-03-10,2025-12-31,100000.0000000000,173215578.1072303653,1731.1557810723,0.3206485398,152,5.6690350250,1903697.1686727153,-0.5288317140,2007-10-31,2009-05-13,560,2010-04-05,327.0000000000,887.0000000000,1173,2000-01-03
full_pre2026,varshare_qqq_75_floor50,1999-03-10,2025-12-31,100000.0000000000,174021401.4849792123,1739.2140148498,0.3208771708,174,6.4895532523,2048732.0077482173,-0.5039819549,2007-10-31,2009-05-13,560,2009-12-28,229.0000000000,789.0000000000,1249,2000-01-03
full_pre2026,varshare_qqq_75_floor100,1999-03-10,2025-12-31,100000.0000000000,144945159.2480992675,1448.4515924810,0.3119012582,199,7.4219603288,2178572.2384987986,-0.4882723168,2024-12-16,2025-05-23,158,,,,1465,2000-01-03
full_pre2026,varshare_qqq_75_step_up,1999-03-10,2025-12-31,100000.0000000000,160448210.4245022833,1603.4821042450,0.3168826532,198,7.3846640457,2146774.9399874378,-0.4939012565,2007-10-31,2009-05-13,560,2009-12-24,225.0000000000,785.0000000000,1248,2000-01-03
full_pre2026,varshare_qqq_75_block_cut,1999-03-10,2025-12-31,100000.0000000000,175917870.5946190357,1758.1787059462,0.3214112468,154,5.7436275911,1933498.6317123855,-0.5288318220,2007-10-31,2009-05-13,560,2010-04-05,327.0000000000,887.0000000000,1173,2000-01-03
full_pre2026,varshare_qqq_80_floor50,1999-03-10,2025-12-31,100000.0000000000,166805775.8419314027,1667.0577584193,0.3187925852,160,5.9674052895,1906826.5504094393,-0.5320994507,2007-10-31,2009-05-13,560,2010-04-06,328.0000000000,888.0000000000,1176,1999-12-23
full_pre2026,varshare_qqq_80_floor100,1999-03-10,2025-12-31,100000.0000000000,131284978.3197640330,1311.8497831976,0.3070669418,167,6.2284792709,1633302.4847427825,-0.5359637247,2007-10-31,2009-05-13,560,2010-04-09,331.0000000000,891.0000000000,1181,1999-12-23
full_pre2026,varshare_qqq_80_step_up,1999-03-10,2025-12-31,100000.0000000000,150454573.1819474101,1503.5457318195,0.3137278628,166,6.1911829878,1710730.2281515726,-0.5320993102,2007-10-31,2009-05-13,560,2010-04-06,328.0000000000,888.0000000000,1176,1999-12-23
full_pre2026,varshare_qqq_80_block_cut,1999-03-10,2025-12-31,100000.0000000000,189827721.8578608632,1897.2772185786,0.3251670507,154,5.7436275911,2086286.9659416291,-0.5288319343,2007-10-31,2009-05-13,560,2010-04-05,327.0000000000,887.0000000000,887,2007-10-31
full_pre2026,magratio_qqq_125_floor50,1999-03-10,2025-12-31,100000.0000000000,152653813.3135009408,1525.5381331350,0.3144390776,217,8.0932934239,2081876.5448285330,-0.5162381313,2021-11-19,2022-12-28,404,2023-07-13,197.0000000000,601.0000000000,1197,2000-03-27
full_pre2026,magratio_qqq_125_floor100,1999-03-10,2025-12-31,100000.0000000000,114941346.7581692338,1148.4134675817,0.3006019167,302,11.2634774839,2202754.6587788835,-0.7000772121,2000-03-27,2001-10-30,582,2005-11-17,1479.0000000000,2061.0000000000,2061,2000-03-27
full_pre2026,magratio_qqq_125_step_up,1999-03-10,2025-12-31,100000.0000000000,164105722.9176042080,1640.0572291760,0.3179901500,323,12.0466994282,2506744.0659957547,-0.5503614783,2007-10-31,2009-05-13,560,2010-03-30,321.0000000000,881.0000000000,1163,2000-03-27
full_pre2026,magratio_qqq_125_block_cut,1999-03-10,2025-12-31,100000.0000000000,172047653.1720299721,1719.4765317203,0.3203153480,130,4.8485167977,1722232.9087309504,-0.5415067555,2007-10-31,2009-05-13,560,2010-04-12,334.0000000000,894.0000000000,1281,2000-01-03
full_pre2026,magratio_qqq_150_floor50,1999-03-10,2025-12-31,100000.0000000000,150345818.5791972280,1502.4581857920,0.3136924333,190,7.0862937813,1682800.3636988318,-0.5056891981,2007-10-31,2009-04-20,537,2009-12-24,248.0000000000,785.0000000000,1334,2000-01-03
full_pre2026,magratio_qqq_150_floor100,1999-03-10,2025-12-31,100000.0000000000,123174663.0992211998,1230.7466309922,0.3039620748,247,9.2121819157,1743364.4817900455,-0.7162114127,2000-01-03,2000-07-10,189,2005-11-21,1960.0000000000,2149.0000000000,2149,2000-01-03
full_pre2026,magratio_qqq_150_step_up,1999-03-10,2025-12-31,100000.0000000000,162948403.0551357269,1628.4840305514,0.3176423049,257,9.5851447462,2276616.4269604930,-0.5397519082,2007-10-31,2009-05-13,560,2010-04-05,327.0000000000,887.0000000000,1281,2000-01-03
full_pre2026,magratio_qqq_150_block_cut,1999-03-10,2025-12-31,100000.0000000000,150338776.2573205829,1502.3877625732,0.3136901383,142,5.2960721944,1568392.4757201564,-0.5288315832,2007-10-31,2009-05-13,560,2010-04-05,327.0000000000,887.0000000000,1281,2000-01-03
full_pre2026,magratio_qqq_200_floor50,1999-03-10,2025-12-31,100000.0000000000,173685955.2921924293,1735.8595529219,0.3207821209,182,6.7879235168,2060224.4832325503,-0.4914343576,2007-10-31,2008-09-17,322,2009-12-24,463.0000000000,785.0000000000,1249,2000-01-03
full_pre2026,magratio_qqq_200_floor100,1999-03-10,2025-12-31,100000.0000000000,177223123.7207601666,1771.2312372076,0.3217756163,241,8.9884042173,3104610.8498001415,-0.5295844822,2000-01-03,2002-11-19,1051,2004-01-12,419.0000000000,1470.0000000000,1470,2000-01-03
full_pre2026,magratio_qqq_200_step_up,1999-03-10,2025-12-31,100000.0000000000,199461726.0179362297,1993.6172601794,0.3276160579,240,8.9511079342,3164417.4500501035,-0.5253363712,2007-10-31,2009-05-13,560,2010-01-04,236.0000000000,796.0000000000,1243,2000-01-03
full_pre2026,magratio_qqq_200_block_cut,1999-03-10,2025-12-31,100000.0000000000,180072805.2583091855,1799.7280525831,0.3225622272,152,5.6690350250,1924752.8137415131,-0.5288318220,2007-10-31,2009-05-13,560,2010-04-05,327.0000000000,887.0000000000,1173,2000-01-03
full_pre2026,magratio_qqq_300_floor50,1999-03-10,2025-12-31,100000.0000000000,189827721.8578608632,1897.2772185786,0.3251670507,154,5.7436275911,2086286.9659416291,-0.5288319343,2007-10-31,2009-05-13,560,2010-04-05,327.0000000000,887.0000000000,887,2007-10-31
full_pre2026,magratio_qqq_300_floor100,1999-03-10,2025-12-31,100000.0000000000,193984116.7124623060,1938.8411671246,0.3262379707,158,5.8928127234,2076045.4230353360,-0.5288317450,2007-10-31,2009-05-13,560,2010-04-05,327.0000000000,887.0000000000,887,2007-10-31
full_pre2026,magratio_qqq_300_step_up,1999-03-10,2025-12-31,100000.0000000000,193984116.7124623060,1938.8411671246,0.3262379707,158,5.8928127234,2076045.4230353360,-0.5288317450,2007-10-31,2009-05-13,560,2010-04-05,327.0000000000,887.0000000000,887,2007-10-31
full_pre2026,magratio_qqq_300_block_cut,1999-03-10,2025-12-31,100000.0000000000,189827721.8578608632,1897.2772185786,0.3251670507,154,5.7436275911,2086286.9659416291,-0.5288319343,2007-10-31,2009-05-13,560,2010-04-05,327.0000000000,887.0000000000,887,2007-10-31
full_pre2026,magratio_qqq_400_floor50,1999-03-10,2025-12-31,100000.0000000000,189827721.8578608632,1897.2772185786,0.3251670507,154,5.7436275911,2086286.9659416291,-0.5288319343,2007-10-31,2009-05-13,560,2010-04-05,327.0000000000,887.0000000000,887,2007-10-31
full_pre2026,magratio_qqq_400_floor100,1999-03-10,2025-12-31,100000.0000000000,189827721.8578608632,1897.2772185786,0.3251670507,154,5.7436275911,2086286.9659416291,-0.5288319343,2007-10-31,2009-05-13,560,2010-04-05,327.0000000000,887.0000000000,887,2007-10-31
full_pre2026,magratio_qqq_400_step_up,1999-03-10,2025-12-31,100000.0000000000,189827721.8578608632,1897.2772185786,0.3251670507,154,5.7436275911,2086286.9659416291,-0.5288319343,2007-10-31,2009-05-13,560,2010-04-05,327.0000000000,887.0000000000,887,2007-10-31
full_pre2026,magratio_qqq_400_block_cut,1999-03-10,2025-12-31,100000.0000000000,189827721.8578608632,1897.2772185786,0.3251670507,154,5.7436275911,2086286.9659416291,-0.5288319343,2007-10-31,2009-05-13,560,2010-04-05,327.0000000000,887.0000000000,887,2007-10-31
full_pre2026,combo_qqq_30_55_floor50,1999-03-10,2025-12-31,100000.0000000000,211541844.7607249618,2114.4184476072,0.3305307659,223,8.3170711222,2858298.7549060420,-0.5259070584,2021-11-19,2022-09-30,315,2023-07-13,286.0000000000,601.0000000000,1243,2000-01-03
full_pre2026,combo_qqq_30_55_floor100,1999-03-10,2025-12-31,100000.0000000000,202263603.0533814430,2021.6360305338,0.3283069463,316,11.7856254467,4329709.8887029001,-0.6277127541,2021-11-19,2022-12-28,404,2024-02-08,407.0000000000,811.0000000000,1281,2000-01-03
full_pre2026,combo_qqq_30_55_step_up,1999-03-10,2025-12-31,100000.0000000000,235323950.3500100970,2352.2395035001,0.3358282215,330,12.3077734096,3947794.2846802105,-0.5574991048,2021-11-19,2022-09-30,315,2023-12-13,439.0000000000,754.0000000000,785,2007-10-31
full_pre2026,combo_qqq_30_55_block_cut,1999-03-10,2025-12-31,100000.0000000000,149161652.6017937064,1490.6165260179,0.3133050576,134,4.9977019299,1517779.4138147556,-0.5508046990,2007-10-31,2009-05-13,560,2010-04-14,336.0000000000,896.0000000000,1249,2000-01-03
full_pre2026,combo_qqq_30_65_floor50,1999-03-10,2025-12-31,100000.0000000000,222356341.8149711192,2222.5634181497,0.3330072342,208,7.7576268763,2846099.2253498291,-0.4632265518,2021-11-19,2022-09-30,315,2023-06-12,255.0000000000,570.0000000000,1282,2000-01-03
full_pre2026,combo_qqq_30_65_floor100,1999-03-10,2025-12-31,100000.0000000000,237465669.8571255207,2373.6566985713,0.3362796793,250,9.3240707648,4479988.7674936196,-0.6416119040,2000-01-03,2001-02-16,410,2004-12-02,1385.0000000000,1795.0000000000,1795,2000-01-03
full_pre2026,combo_qqq_30_65_step_up,1999-03-10,2025-12-31,100000.0000000000,248079332.8873914480,2479.7933288739,0.3384606612,255,9.5105521801,3914380.6160206106,-0.4967352964,2021-11-19,2022-09-30,315,2023-07-13,286.0000000000,601.0000000000,1170,2000-01-03
full_pre2026,combo_qqq_30_65_block_cut,1999-03-10,2025-12-31,100000.0000000000,170808845.6187806129,1707.0884561878,0.3199595463,148,5.5198498928,1825712.1379490355,-0.5383868619,2007-10-31,2009-05-13,560,2010-04-09,331.0000000000,891.0000000000,1173,2000-01-03
full_pre2026,combo_qqq_30_75_floor50,1999-03-10,2025-12-31,100000.0000000000,174021401.4849792123,1739.2140148498,0.3208771708,174,6.4895532523,2048732.0077482173,-0.5039819549,2007-10-31,2009-05-13,560,2009-12-28,229.0000000000,789.0000000000,1249,2000-01-03
full_pre2026,combo_qqq_30_75_floor100,1999-03-10,2025-12-31,100000.0000000000,144945159.2480992675,1448.4515924810,0.3119012582,199,7.4219603288,2178572.2384987986,-0.4882723168,2024-12-16,2025-05-23,158,,,,1465,2000-01-03
full_pre2026,combo_qqq_30_75_step_up,1999-03-10,2025-12-31,100000.0000000000,160448210.4245022833,1603.4821042450,0.3168826532,198,7.3846640457,2146774.9399874378,-0.4939012565,2007-10-31,2009-05-13,560,2009-12-24,225.0000000000,785.0000000000,1248,2000-01-03
full_pre2026,combo_qqq_30_75_block_cut,1999-03-10,2025-12-31,100000.0000000000,175917870.5946190357,1758.1787059462,0.3214112468,154,5.7436275911,1933498.6317123855,-0.5288318220,2007-10-31,2009-05-13,560,2010-04-05,327.0000000000,887.0000000000,1173,2000-01-03
full_pre2026,combo_qqq_50_55_floor50,1999-03-10,2025-12-31,100000.0000000000,190394927.4663080573,1902.9492746631,0.3253145172,219,8.1678859900,2628001.6836403059,-0.5156143603,2021-11-19,2022-12-28,404,2023-07-13,197.0000000000,601.0000000000,1228,2000-01-03
full_pre2026,combo_qqq_50_55_floor100,1999-03-10,2025-12-31,100000.0000000000,181606273.8216556311,1815.0627382166,0.3229805720,297,11.0769960686,3627611.2137800884,-0.6127870028,2021-11-19,2022-12-28,404,2024-01-19,387.0000000000,791.0000000000,1281,2000-01-03
full_pre2026,combo_qqq_50_55_step_up,1999-03-10,2025-12-31,100000.0000000000,217505379.1004999876,2174.0537910050,0.3319110620,310,11.5618477484,3484018.3854411095,-0.5435634763,2021-11-19,2022-12-28,404,2023-07-18,202.0000000000,606.0000000000,1057,2000-01-03
full_pre2026,combo_qqq_50_55_block_cut,1999-03-10,2025-12-31,100000.0000000000,151180496.2392513752,1510.8049623925,0.3139637202,136,5.0722944961,1572277.9869849482,-0.5288319256,2007-10-31,2009-05-13,560,2010-04-05,327.0000000000,887.0000000000,1281,2000-01-03
full_pre2026,combo_qqq_50_65_floor50,1999-03-10,2025-12-31,100000.0000000000,188715790.1187317371,1886.1579011873,0.3248767273,210,7.8322194425,2452764.3592893700,-0.4732993064,2007-10-31,2008-09-17,322,2009-10-14,392.0000000000,714.0000000000,1326,2000-01-03
full_pre2026,combo_qqq_50_65_floor100,1999-03-10,2025-12-31,100000.0000000000,162974200.1182737052,1628.7420011827,0.3176500843,251,9.3613670479,3142281.9006387405,-0.6415628495,2000-01-03,2001-02-16,410,2005-11-25,1743.0000000000,2153.0000000000,2153,2000-01-03
full_pre2026,combo_qqq_50_65_step_up,1999-03-10,2025-12-31,100000.0000000000,190806705.7866292298,1907.0670578663,0.3254213097,255,9.5105521801,3058625.9439985608,-0.5002924600,2021-11-19,2022-12-28,404,2023-07-17,201.0000000000,605.0000000000,1281,2000-01-03
full_pre2026,combo_qqq_50_65_block_cut,1999-03-10,2025-12-31,100000.0000000000,174344414.4499057233,1742.4441444991,0.3209685311,148,5.5198498928,1863390.4414635466,-0.5288318654,2007-10-31,2009-05-13,560,2010-04-05,327.0000000000,887.0000000000,1173,2000-01-03
full_pre2026,combo_qqq_50_75_floor50,1999-03-10,2025-12-31,100000.0000000000,174021401.4849792123,1739.2140148498,0.3208771708,174,6.4895532523,2048732.0077482173,-0.5039819549,2007-10-31,2009-05-13,560,2009-12-28,229.0000000000,789.0000000000,1249,2000-01-03
full_pre2026,combo_qqq_50_75_floor100,1999-03-10,2025-12-31,100000.0000000000,144945159.2480992675,1448.4515924810,0.3119012582,199,7.4219603288,2178572.2384987986,-0.4882723168,2024-12-16,2025-05-23,158,,,,1465,2000-01-03
full_pre2026,combo_qqq_50_75_step_up,1999-03-10,2025-12-31,100000.0000000000,160448210.4245022833,1603.4821042450,0.3168826532,198,7.3846640457,2146774.9399874378,-0.4939012565,2007-10-31,2009-05-13,560,2009-12-24,225.0000000000,785.0000000000,1248,2000-01-03
full_pre2026,combo_qqq_50_75_block_cut,1999-03-10,2025-12-31,100000.0000000000,175917870.5946190357,1758.1787059462,0.3214112468,154,5.7436275911,1933498.6317123855,-0.5288318220,2007-10-31,2009-05-13,560,2010-04-05,327.0000000000,887.0000000000,1173,2000-01-03
full_pre2026,combo_qqq_75_55_floor50,1999-03-10,2025-12-31,100000.0000000000,152103155.9414159656,1520.0315594142,0.3142619301,202,7.5338491780,1955624.8820847748,-0.5322262954,2007-10-31,2009-04-07,524,2009-12-24,261.0000000000,785.0000000000,1249,2000-01-03
full_pre2026,combo_qqq_75_55_floor100,1999-03-10,2025-12-31,100000.0000000000,115802076.8411678076,1157.0207684117,0.3009638596,270,10.0699964260,2347142.2207167693,-0.6108054829,2000-01-03,2001-10-30,666,2004-01-16,808.0000000000,1474.0000000000,1474,2000-01-03
full_pre2026,combo_qqq_75_55_step_up,1999-03-10,2025-12-31,100000.0000000000,167188431.8339416385,1670.8843183394,0.3189052946,283,10.5548481058,3024629.3513735756,-0.5328369404,2007-10-31,2009-05-13,560,2009-12-24,225.0000000000,785.0000000000,1057,2000-01-03
full_pre2026,combo_qqq_75_55_block_cut,1999-03-10,2025-12-31,100000.0000000000,156983807.8028320372,1568.8380780283,0.3158109840,140,5.2214796283,1677215.4104199912,-0.5288318768,2007-10-31,2009-05-13,560,2010-04-05,327.0000000000,887.0000000000,1281,2000-01-03
full_pre2026,combo_qqq_75_65_floor50,1999-03-10,2025-12-31,100000.0000000000,168828967.1848313808,1687.2896718483,0.3193857085,200,7.4592566119,2092488.5058957492,-0.4981315697,2007-10-31,2009-04-07,524,2009-12-21,258.0000000000,782.0000000000,1334,2000-01-03
full_pre2026,combo_qqq_75_65_floor100,1999-03-10,2025-12-31,100000.0000000000,155842024.3707243502,1557.4202437072,0.3154527944,241,8.9884042173,2759668.1987270564,-0.6416155422,2000-01-03,2001-02-16,410,2006-01-09,1788.0000000000,2198.0000000000,2198,2000-01-03
full_pre2026,combo_qqq_75_65_step_up,1999-03-10,2025-12-31,100000.0000000000,198320038.0110327601,1982.2003801103,0.3273318571,245,9.1375893495,3037931.6715780213,-0.4915563037,2021-11-19,2022-09-30,315,2023-07-13,286.0000000000,601.0000000000,1282,2000-01-03
full_pre2026,combo_qqq_75_65_block_cut,1999-03-10,2025-12-31,100000.0000000000,174344414.4499057233,1742.4441444991,0.3209685311,148,5.5198498928,1863390.4414635466,-0.5288318654,2007-10-31,2009-05-13,560,2010-04-05,327.0000000000,887.0000000000,1173,2000-01-03
full_pre2026,combo_qqq_75_75_floor50,1999-03-10,2025-12-31,100000.0000000000,174021401.4849792123,1739.2140148498,0.3208771708,174,6.4895532523,2048732.0077482173,-0.5039819549,2007-10-31,2009-05-13,560,2009-12-28,229.0000000000,789.0000000000,1249,2000-01-03
full_pre2026,combo_qqq_75_75_floor100,1999-03-10,2025-12-31,100000.0000000000,145437203.3235780895,1453.3720332358,0.3120670864,201,7.4965528949,2186085.0819915440,-0.4882723548,2024-12-16,2025-05-23,158,,,,1465,2000-01-03
full_pre2026,combo_qqq_75_75_step_up,1999-03-10,2025-12-31,100000.0000000000,160998621.6896700561,1608.9862168967,0.3170508620,200,7.4592566119,2154256.5668271389,-0.4939013842,2007-10-31,2009-05-13,560,2009-12-24,225.0000000000,785.0000000000,1248,2000-01-03
full_pre2026,combo_qqq_75_75_block_cut,1999-03-10,2025-12-31,100000.0000000000,175917870.5946190357,1758.1787059462,0.3214112468,154,5.7436275911,1933498.6317123855,-0.5288318220,2007-10-31,2009-05-13,560,2010-04-05,327.0000000000,887.0000000000,1173,2000-01-03
full_pre2026,combo_qqq_100_55_floor50,1999-03-10,2025-12-31,100000.0000000000,155275019.9638758302,1551.7501996388,0.3152739792,198,7.3846640457,1739157.4002728229,-0.5107683287,2007-10-31,2009-04-20,537,2009-12-24,248.0000000000,785.0000000000,1282,2000-01-03
full_pre2026,combo_qqq_100_55_floor100,1999-03-10,2025-12-31,100000.0000000000,122537486.1109935343,1224.3748611099,0.3037098702,251,9.3613670479,1849578.1794181669,-0.6714707188,2000-01-03,2000-07-05,184,2004-11-17,1596.0000000000,1780.0000000000,1780,2000-01-03
full_pre2026,combo_qqq_100_55_step_up,1999-03-10,2025-12-31,100000.0000000000,161183598.2690282762,1610.8359826903,0.3171072677,259,9.6597373124,2397126.6167184208,-0.5371608881,2007-10-31,2009-05-13,560,2010-01-04,236.0000000000,796.0000000000,1248,2000-01-03
full_pre2026,combo_qqq_100_55_block_cut,1999-03-10,2025-12-31,100000.0000000000,164763489.9080952406,1646.6348990810,0.3181867980,148,5.5198498928,1761030.7036013212,-0.5288317248,2007-10-31,2009-05-13,560,2010-04-05,327.0000000000,887.0000000000,1248,2000-01-03
full_pre2026,combo_qqq_100_65_floor50,1999-03-10,2025-12-31,100000.0000000000,178554220.5054825842,1784.5422050548,0.3221445491,200,7.4592566119,1991371.8210164602,-0.5074841669,2007-10-31,2009-04-20,537,2009-12-24,248.0000000000,785.0000000000,1282,2000-01-03
full_pre2026,combo_qqq_100_65_floor100,1999-03-10,2025-12-31,100000.0000000000,163205293.1959961057,1631.0529319600,0.3177197209,241,8.9884042173,2559707.7439078963,-0.6261828467,2000-01-03,2000-07-10,189,2004-12-14,1618.0000000000,1807.0000000000,1807,2000-01-03
full_pre2026,combo_qqq_100_65_step_up,1999-03-10,2025-12-31,100000.0000000000,193400216.4565432072,1933.0021645654,0.3260888666,244,9.1002930665,2859540.9378369940,-0.5088241405,2021-11-19,2022-09-30,315,2023-07-13,286.0000000000,601.0000000000,1281,2000-01-03
full_pre2026,combo_qqq_100_65_block_cut,1999-03-10,2025-12-31,100000.0000000000,185643561.8224568665,1855.4356182246,0.3240659293,150,5.5944424589,1984176.0022307395,-0.5288317073,2007-10-31,2009-05-13,560,2010-04-05,327.0000000000,887.0000000000,1173,2000-01-03
full_pre2026,combo_qqq_100_75_floor50,1999-03-10,2025-12-31,100000.0000000000,174021401.4849792123,1739.2140148498,0.3208771708,174,6.4895532523,2048732.0077482173,-0.5039819549,2007-10-31,2009-05-13,560,2009-12-28,229.0000000000,789.0000000000,1249,2000-01-03
full_pre2026,combo_qqq_100_75_floor100,1999-03-10,2025-12-31,100000.0000000000,140592337.0600228012,1404.9233706002,0.3104102117,203,7.5711454610,2113285.6165502206,-0.4882722619,2024-12-16,2025-05-23,158,,,,1465,2000-01-03
full_pre2026,combo_qqq_100_75_step_up,1999-03-10,2025-12-31,100000.0000000000,155638972.0586448610,1555.3897205864,0.3153888302,202,7.5338491780,2082567.8421014263,-0.4939013088,2007-10-31,2009-05-13,560,2009-12-24,225.0000000000,785.0000000000,1248,2000-01-03
full_pre2026,combo_qqq_100_75_block_cut,1999-03-10,2025-12-31,100000.0000000000,175917870.5946190357,1758.1787059462,0.3214112468,154,5.7436275911,1933498.6317123855,-0.5288318220,2007-10-31,2009-05-13,560,2010-04-05,327.0000000000,887.0000000000,1173,2000-01-03
full_pre2026,filtered_ret_qqq_40_sma100_block_cut,1999-03-10,2025-12-31,100000.0000000000,211588425.6083723903,2114.8842560837,0.3305416918,138,5.1468870622,2071603.7806513151,-0.5288318159,2007-10-31,2009-05-13,560,2010-04-05,327.0000000000,887.0000000000,1254,2000-03-27
full_pre2026,filtered_ret_qqq_40_sma150_block_cut,1999-03-10,2025-12-31,100000.0000000000,211634252.1008846760,2115.3425210088,0.3305524384,142,5.2960721944,2072273.0026504986,-0.5288318527,2007-10-31,2009-05-13,560,2010-04-05,327.0000000000,887.0000000000,1254,2000-03-27
full_pre2026,filtered_ret_qqq_40_sma200_block_cut,1999-03-10,2025-12-31,100000.0000000000,209831316.8748981357,2097.3131687490,0.3301279372,140,5.2214796283,2053289.0528309112,-0.5288318527,2007-10-31,2009-05-13,560,2010-04-05,327.0000000000,887.0000000000,1254,2000-03-27
full_pre2026,filtered_ret_qqq_40_return60_block_cut,1999-03-10,2025-12-31,100000.0000000000,223469341.9128945172,2233.6934191289,0.3332554901,130,4.8485167977,2187433.5388216530,-0.5288317555,2007-10-31,2009-05-13,560,2010-04-05,327.0000000000,887.0000000000,1254,2000-03-27
full_pre2026,filtered_ret_qqq_40_return120_block_cut,1999-03-10,2025-12-31,100000.0000000000,211588425.6083723903,2114.8842560837,0.3305416918,138,5.1468870622,2071603.7806513151,-0.5288318159,2007-10-31,2009-05-13,560,2010-04-05,327.0000000000,887.0000000000,1254,2000-03-27
full_pre2026,filtered_ret_qqq_40_return200_block_cut,1999-03-10,2025-12-31,100000.0000000000,220006746.9075050056,2199.0674690751,0.3324792022,140,5.2214796283,2152762.0478546447,-0.5288318623,2007-10-31,2009-05-13,560,2010-04-05,327.0000000000,887.0000000000,1250,2000-03-27
full_pre2026,filtered_ret_qqq_60_sma100_block_cut,1999-03-10,2025-12-31,100000.0000000000,204207823.9154717624,2041.0782391547,0.3287809594,144,5.3706647605,2130156.0884787575,-0.5288317894,2007-10-31,2009-05-13,560,2010-04-05,327.0000000000,887.0000000000,1197,2000-03-27
full_pre2026,filtered_ret_qqq_60_sma150_block_cut,1999-03-10,2025-12-31,100000.0000000000,204246340.3545859456,2041.4634035459,0.3287903060,148,5.5198498928,2130778.4107578932,-0.5288319747,2007-10-31,2009-05-13,560,2010-04-05,327.0000000000,887.0000000000,1197,2000-03-27
full_pre2026,filtered_ret_qqq_60_sma200_block_cut,1999-03-10,2025-12-31,100000.0000000000,204246340.3545859456,2041.4634035459,0.3287903060,148,5.5198498928,2130778.4107578932,-0.5288319747,2007-10-31,2009-05-13,560,2010-04-05,327.0000000000,887.0000000000,1197,2000-03-27
full_pre2026,filtered_ret_qqq_60_return60_block_cut,1999-03-10,2025-12-31,100000.0000000000,215123289.5983451307,2150.2328959835,0.3313641357,136,5.0722944961,2243568.5852091028,-0.5288319261,2007-10-31,2009-05-13,560,2010-04-05,327.0000000000,887.0000000000,1197,2000-03-27
full_pre2026,filtered_ret_qqq_60_return120_block_cut,1999-03-10,2025-12-31,100000.0000000000,204207823.9154717624,2041.0782391547,0.3287809594,144,5.3706647605,2130156.0884787575,-0.5288317894,2007-10-31,2009-05-13,560,2010-04-05,327.0000000000,887.0000000000,1197,2000-03-27
full_pre2026,filtered_ret_qqq_60_return200_block_cut,1999-03-10,2025-12-31,100000.0000000000,214150844.8769357204,2140.5084487694,0.3311391854,148,5.5198498928,2234002.7245131596,-0.5288318310,2007-10-31,2009-05-13,560,2010-04-05,327.0000000000,887.0000000000,1176,2000-03-27
full_pre2026,filtered_ret_qqq_80_sma100_block_cut,1999-03-10,2025-12-31,100000.0000000000,139448669.0828432739,1393.4866908284,0.3100110789,148,5.5198498928,1506341.6612874959,-0.5288318002,2007-10-31,2009-05-13,560,2010-04-05,327.0000000000,887.0000000000,1281,2000-01-03
full_pre2026,filtered_ret_qqq_80_sma150_block_cut,1999-03-10,2025-12-31,100000.0000000000,141625054.9406705499,1415.2505494067,0.3107679471,150,5.5944424589,1529953.7686490316,-0.5288318596,2007-10-31,2009-05-13,560,2010-04-05,327.0000000000,887.0000000000,1281,2000-01-03
full_pre2026,filtered_ret_qqq_80_sma200_block_cut,1999-03-10,2025-12-31,100000.0000000000,141625054.9406705499,1415.2505494067,0.3107679471,150,5.5944424589,1529953.7686490316,-0.5288318596,2007-10-31,2009-05-13,560,2010-04-05,327.0000000000,887.0000000000,1281,2000-01-03
full_pre2026,filtered_ret_qqq_80_return60_block_cut,1999-03-10,2025-12-31,100000.0000000000,144999954.4766441584,1448.9995447664,0.3119197521,142,5.2960721944,1565970.1656503018,-0.5288318355,2007-10-31,2009-05-13,560,2010-04-05,327.0000000000,887.0000000000,1281,2000-01-03
full_pre2026,filtered_ret_qqq_80_return120_block_cut,1999-03-10,2025-12-31,100000.0000000000,139448669.0828432739,1393.4866908284,0.3100110789,148,5.5198498928,1506341.6612874959,-0.5288318002,2007-10-31,2009-05-13,560,2010-04-05,327.0000000000,887.0000000000,1281,2000-01-03
full_pre2026,filtered_ret_qqq_80_return200_block_cut,1999-03-10,2025-12-31,100000.0000000000,148492946.3517627716,1483.9294635176,0.3130849940,150,5.5944424589,1604055.7531090921,-0.5288317509,2007-10-31,2009-05-13,560,2010-04-05,327.0000000000,887.0000000000,1248,2000-01-03
full_pre2026,filtered_ret_qqq_100_sma100_block_cut,1999-03-10,2025-12-31,100000.0000000000,149280454.8359722495,1491.8045483597,0.3133440547,152,5.6690350250,1612980.6531896594,-0.5288317509,2007-10-31,2009-05-13,560,2010-04-05,327.0000000000,887.0000000000,1248,2000-01-03
full_pre2026,filtered_ret_qqq_100_sma150_block_cut,1999-03-10,2025-12-31,100000.0000000000,149280454.8359722495,1491.8045483597,0.3133440547,152,5.6690350250,1612980.6531896594,-0.5288317509,2007-10-31,2009-05-13,560,2010-04-05,327.0000000000,887.0000000000,1248,2000-01-03
full_pre2026,filtered_ret_qqq_100_sma200_block_cut,1999-03-10,2025-12-31,100000.0000000000,149280454.8359722495,1491.8045483597,0.3133440547,152,5.6690350250,1612980.6531896594,-0.5288317509,2007-10-31,2009-05-13,560,2010-04-05,327.0000000000,887.0000000000,1248,2000-01-03
full_pre2026,filtered_ret_qqq_100_return60_block_cut,1999-03-10,2025-12-31,100000.0000000000,154202178.2330692410,1541.0217823307,0.3149339123,148,5.5198498928,1665935.5001535844,-0.5288317248,2007-10-31,2009-05-13,560,2010-04-05,327.0000000000,887.0000000000,1248,2000-01-03
full_pre2026,filtered_ret_qqq_100_return120_block_cut,1999-03-10,2025-12-31,100000.0000000000,149280454.8359722495,1491.8045483597,0.3133440547,152,5.6690350250,1612980.6531896594,-0.5288317509,2007-10-31,2009-05-13,560,2010-04-05,327.0000000000,887.0000000000,1248,2000-01-03
full_pre2026,filtered_ret_qqq_100_return200_block_cut,1999-03-10,2025-12-31,100000.0000000000,149280454.8359722495,1491.8045483597,0.3133440547,152,5.6690350250,1612980.6531896594,-0.5288317509,2007-10-31,2009-05-13,560,2010-04-05,327.0000000000,887.0000000000,1248,2000-01-03
full_pre2026,filtered_ret_qqq_120_sma100_block_cut,1999-03-10,2025-12-31,100000.0000000000,155824278.5808863044,1557.2427858089,0.3154472074,154,5.7436275911,1712787.0398121634,-0.5288317509,2007-10-31,2009-05-13,560,2010-04-05,327.0000000000,887.0000000000,1248,2000-01-03
full_pre2026,filtered_ret_qqq_120_sma150_block_cut,1999-03-10,2025-12-31,100000.0000000000,155824278.5808863044,1557.2427858089,0.3154472074,154,5.7436275911,1712787.0398121634,-0.5288317509,2007-10-31,2009-05-13,560,2010-04-05,327.0000000000,887.0000000000,1248,2000-01-03
full_pre2026,filtered_ret_qqq_120_sma200_block_cut,1999-03-10,2025-12-31,100000.0000000000,155824278.5808863044,1557.2427858089,0.3154472074,154,5.7436275911,1712787.0398121634,-0.5288317509,2007-10-31,2009-05-13,560,2010-04-05,327.0000000000,887.0000000000,1248,2000-01-03
full_pre2026,filtered_ret_qqq_120_return60_block_cut,1999-03-10,2025-12-31,100000.0000000000,160961779.2755076289,1608.6177927551,0.3170396201,150,5.5944424589,1769032.6631554887,-0.5288317248,2007-10-31,2009-05-13,560,2010-04-05,327.0000000000,887.0000000000,1248,2000-01-03
full_pre2026,filtered_ret_qqq_120_return120_block_cut,1999-03-10,2025-12-31,100000.0000000000,155824278.5808863044,1557.2427858089,0.3154472074,154,5.7436275911,1712787.0398121634,-0.5288317509,2007-10-31,2009-05-13,560,2010-04-05,327.0000000000,887.0000000000,1248,2000-01-03
full_pre2026,filtered_ret_qqq_120_return200_block_cut,1999-03-10,2025-12-31,100000.0000000000,155824278.5808863044,1557.2427858089,0.3154472074,154,5.7436275911,1712787.0398121634,-0.5288317509,2007-10-31,2009-05-13,560,2010-04-05,327.0000000000,887.0000000000,1248,2000-01-03
full_pre2026,filtered_ret_qqq_150_sma100_block_cut,1999-03-10,2025-12-31,100000.0000000000,155824278.5808863044,1557.2427858089,0.3154472074,154,5.7436275911,1712787.0398121634,-0.5288317509,2007-10-31,2009-05-13,560,2010-04-05,327.0000000000,887.0000000000,1248,2000-01-03
full_pre2026,filtered_ret_qqq_150_sma150_block_cut,1999-03-10,2025-12-31,100000.0000000000,155824278.5808863044,1557.2427858089,0.3154472074,154,5.7436275911,1712787.0398121634,-0.5288317509,2007-10-31,2009-05-13,560,2010-04-05,327.0000000000,887.0000000000,1248,2000-01-03
full_pre2026,filtered_ret_qqq_150_sma200_block_cut,1999-03-10,2025-12-31,100000.0000000000,155824278.5808863044,1557.2427858089,0.3154472074,154,5.7436275911,1712787.0398121634,-0.5288317509,2007-10-31,2009-05-13,560,2010-04-05,327.0000000000,887.0000000000,1248,2000-01-03
full_pre2026,filtered_ret_qqq_150_return60_block_cut,1999-03-10,2025-12-31,100000.0000000000,158121168.1563970745,1580.2116815640,0.3161653012,154,5.7436275911,1738030.5946153151,-0.5288318040,2007-10-31,2009-05-13,560,2010-04-05,327.0000000000,887.0000000000,1248,2000-01-03
full_pre2026,filtered_ret_qqq_150_return120_block_cut,1999-03-10,2025-12-31,100000.0000000000,155824278.5808863044,1557.2427858089,0.3154472074,154,5.7436275911,1712787.0398121634,-0.5288317509,2007-10-31,2009-05-13,560,2010-04-05,327.0000000000,887.0000000000,1248,2000-01-03
full_pre2026,filtered_ret_qqq_150_return200_block_cut,1999-03-10,2025-12-31,100000.0000000000,155824278.5808863044,1557.2427858089,0.3154472074,154,5.7436275911,1712787.0398121634,-0.5288317509,2007-10-31,2009-05-13,560,2010-04-05,327.0000000000,887.0000000000,1248,2000-01-03
full_pre2026,filtered_ret_tqqq_100_sma100_block_cut,1999-03-10,2025-12-31,100000.0000000000,177654572.1054401100,1775.5457210544,0.3218954898,140,5.2214796283,1779765.2369026532,-0.5288319457,2007-10-31,2009-05-13,560,2010-04-05,327.0000000000,887.0000000000,1281,2000-01-03
full_pre2026,filtered_ret_tqqq_100_sma150_block_cut,1999-03-10,2025-12-31,100000.0000000000,177699066.6690898836,1775.9906666909,0.3219078363,144,5.3706647605,1780431.2692624631,-0.5288316993,2007-10-31,2009-05-13,560,2010-04-05,327.0000000000,887.0000000000,1281,2000-01-03
full_pre2026,filtered_ret_tqqq_100_sma200_block_cut,1999-03-10,2025-12-31,100000.0000000000,176185270.0298770070,1760.8527002988,0.3214861045,142,5.2960721944,1764149.9010132523,-0.5288316993,2007-10-31,2009-05-13,560,2010-04-05,327.0000000000,887.0000000000,1281,2000-01-03
full_pre2026,filtered_ret_tqqq_100_return60_block_cut,1999-03-10,2025-12-31,100000.0000000000,187631789.2655508518,1875.3178926555,0.3245921068,132,4.9231093638,1879231.4311172243,-0.5288318094,2007-10-31,2009-05-13,560,2010-04-05,327.0000000000,887.0000000000,1281,2000-01-03
full_pre2026,filtered_ret_tqqq_100_return120_block_cut,1999-03-10,2025-12-31,100000.0000000000,177654572.1054401100,1775.5457210544,0.3218954898,140,5.2214796283,1779765.2369026532,-0.5288319457,2007-10-31,2009-05-13,560,2010-04-05,327.0000000000,887.0000000000,1281,2000-01-03
full_pre2026,filtered_ret_tqqq_100_return200_block_cut,1999-03-10,2025-12-31,100000.0000000000,184728968.1234613657,1846.2896812346,0.3238220609,142,5.2960721944,1849607.0828866223,-0.5288317744,2007-10-31,2009-05-13,560,2010-04-05,327.0000000000,887.0000000000,1248,2000-01-03
full_pre2026,filtered_ret_tqqq_150_sma100_block_cut,1999-03-10,2025-12-31,100000.0000000000,145901895.7017217875,1458.0189570172,0.3122232014,144,5.3706647605,1522231.6914820985,-0.5288316912,2007-10-31,2009-05-13,560,2010-04-05,327.0000000000,887.0000000000,1281,2000-01-03
full_pre2026,filtered_ret_tqqq_150_sma150_block_cut,1999-03-10,2025-12-31,100000.0000000000,145940232.3981030881,1458.4023239810,0.3122360593,148,5.5198498928,1522852.1331398985,-0.5288316106,2007-10-31,2009-05-13,560,2010-04-05,327.0000000000,887.0000000000,1281,2000-01-03
full_pre2026,filtered_ret_tqqq_150_sma200_block_cut,1999-03-10,2025-12-31,100000.0000000000,145940232.3981030881,1458.4023239810,0.3122360593,148,5.5198498928,1522852.1331398985,-0.5288316106,2007-10-31,2009-05-13,560,2010-04-05,327.0000000000,887.0000000000,1281,2000-01-03
full_pre2026,filtered_ret_tqqq_150_return60_block_cut,1999-03-10,2025-12-31,100000.0000000000,153702256.3334896863,1536.0225633349,0.3147746695,136,5.0722944961,1603164.1754885481,-0.5288318317,2007-10-31,2009-05-13,560,2010-04-05,327.0000000000,887.0000000000,1281,2000-01-03
full_pre2026,filtered_ret_tqqq_150_return120_block_cut,1999-03-10,2025-12-31,100000.0000000000,145901895.7017217875,1458.0189570172,0.3122232014,144,5.3706647605,1522231.6914820985,-0.5288316912,2007-10-31,2009-05-13,560,2010-04-05,327.0000000000,887.0000000000,1281,2000-01-03
full_pre2026,filtered_ret_tqqq_150_return200_block_cut,1999-03-10,2025-12-31,100000.0000000000,153017286.8274133801,1529.1728682741,0.3145556710,148,5.5198498928,1596608.8119573866,-0.5288318613,2007-10-31,2009-05-13,560,2010-04-05,327.0000000000,887.0000000000,1248,2000-01-03
full_pre2026,filtered_ret_tqqq_200_sma100_block_cut,1999-03-10,2025-12-31,100000.0000000000,138537738.9758894444,1384.3773897589,0.3096909090,148,5.5198498928,1491955.2036317461,-0.5288317353,2007-10-31,2009-05-13,560,2010-04-05,327.0000000000,887.0000000000,1281,2000-01-03
full_pre2026,filtered_ret_tqqq_200_sma150_block_cut,1999-03-10,2025-12-31,100000.0000000000,140699871.5561823845,1405.9987155618,0.3104475796,150,5.5944424589,1515342.6667610474,-0.5288318144,2007-10-31,2009-05-13,560,2010-04-05,327.0000000000,887.0000000000,1281,2000-01-03
full_pre2026,filtered_ret_tqqq_200_sma200_block_cut,1999-03-10,2025-12-31,100000.0000000000,140699871.5561823845,1405.9987155618,0.3104475796,150,5.5944424589,1515342.6667610474,-0.5288318144,2007-10-31,2009-05-13,560,2010-04-05,327.0000000000,887.0000000000,1281,2000-01-03
full_pre2026,filtered_ret_tqqq_200_return60_block_cut,1999-03-10,2025-12-31,100000.0000000000,145961443.9808056951,1458.6144398081,0.3122431722,140,5.2214796283,1571452.7675725722,-0.5288317471,2007-10-31,2009-05-13,560,2010-04-05,327.0000000000,887.0000000000,1281,2000-01-03
full_pre2026,filtered_ret_tqqq_200_return120_block_cut,1999-03-10,2025-12-31,100000.0000000000,138537738.9758894444,1384.3773897589,0.3096909090,148,5.5198498928,1491955.2036317461,-0.5288317353,2007-10-31,2009-05-13,560,2010-04-05,327.0000000000,887.0000000000,1281,2000-01-03
full_pre2026,filtered_ret_tqqq_200_return200_block_cut,1999-03-10,2025-12-31,100000.0000000000,147522799.6752435863,1474.2279967524,0.3127640277,150,5.5944424589,1588735.0697734805,-0.5288316304,2007-10-31,2009-05-13,560,2010-04-05,327.0000000000,887.0000000000,1248,2000-01-03
full_pre2026,filtered_ret_tqqq_250_sma100_block_cut,1999-03-10,2025-12-31,100000.0000000000,139448669.0828432739,1393.4866908284,0.3100110789,148,5.5198498928,1506341.6612874959,-0.5288318002,2007-10-31,2009-05-13,560,2010-04-05,327.0000000000,887.0000000000,1281,2000-01-03
full_pre2026,filtered_ret_tqqq_250_sma150_block_cut,1999-03-10,2025-12-31,100000.0000000000,141625054.9406705499,1415.2505494067,0.3107679471,150,5.5944424589,1529953.7686490316,-0.5288318596,2007-10-31,2009-05-13,560,2010-04-05,327.0000000000,887.0000000000,1281,2000-01-03
full_pre2026,filtered_ret_tqqq_250_sma200_block_cut,1999-03-10,2025-12-31,100000.0000000000,141625054.9406705499,1415.2505494067,0.3107679471,150,5.5944424589,1529953.7686490316,-0.5288318596,2007-10-31,2009-05-13,560,2010-04-05,327.0000000000,887.0000000000,1281,2000-01-03
full_pre2026,filtered_ret_tqqq_250_return60_block_cut,1999-03-10,2025-12-31,100000.0000000000,144054128.6121648252,1439.5412861216,0.3115995800,144,5.3706647605,1555865.7335317845,-0.5288319927,2007-10-31,2009-05-13,560,2010-04-05,327.0000000000,887.0000000000,1281,2000-01-03
full_pre2026,filtered_ret_tqqq_250_return120_block_cut,1999-03-10,2025-12-31,100000.0000000000,139448669.0828432739,1393.4866908284,0.3100110789,148,5.5198498928,1506341.6612874959,-0.5288318002,2007-10-31,2009-05-13,560,2010-04-05,327.0000000000,887.0000000000,1281,2000-01-03
full_pre2026,filtered_ret_tqqq_250_return200_block_cut,1999-03-10,2025-12-31,100000.0000000000,148492946.3517627716,1483.9294635176,0.3130849940,150,5.5944424589,1604055.7531090921,-0.5288317509,2007-10-31,2009-05-13,560,2010-04-05,327.0000000000,887.0000000000,1248,2000-01-03
full_pre2026,filtered_ret_tqqq_300_sma100_block_cut,1999-03-10,2025-12-31,100000.0000000000,149280454.8359722495,1491.8045483597,0.3133440547,152,5.6690350250,1612980.6531896594,-0.5288317509,2007-10-31,2009-05-13,560,2010-04-05,327.0000000000,887.0000000000,1248,2000-01-03
full_pre2026,filtered_ret_tqqq_300_sma150_block_cut,1999-03-10,2025-12-31,100000.0000000000,149280454.8359722495,1491.8045483597,0.3133440547,152,5.6690350250,1612980.6531896594,-0.5288317509,2007-10-31,2009-05-13,560,2010-04-05,327.0000000000,887.0000000000,1248,2000-01-03
full_pre2026,filtered_ret_tqqq_300_sma200_block_cut,1999-03-10,2025-12-31,100000.0000000000,149280454.8359722495,1491.8045483597,0.3133440547,152,5.6690350250,1612980.6531896594,-0.5288317509,2007-10-31,2009-05-13,560,2010-04-05,327.0000000000,887.0000000000,1248,2000-01-03
full_pre2026,filtered_ret_tqqq_300_return60_block_cut,1999-03-10,2025-12-31,100000.0000000000,154202178.2330692410,1541.0217823307,0.3149339123,148,5.5198498928,1665935.5001535844,-0.5288317248,2007-10-31,2009-05-13,560,2010-04-05,327.0000000000,887.0000000000,1248,2000-01-03
full_pre2026,filtered_ret_tqqq_300_return120_block_cut,1999-03-10,2025-12-31,100000.0000000000,149280454.8359722495,1491.8045483597,0.3133440547,152,5.6690350250,1612980.6531896594,-0.5288317509,2007-10-31,2009-05-13,560,2010-04-05,327.0000000000,887.0000000000,1248,2000-01-03
full_pre2026,filtered_ret_tqqq_300_return200_block_cut,1999-03-10,2025-12-31,100000.0000000000,149280454.8359722495,1491.8045483597,0.3133440547,152,5.6690350250,1612980.6531896594,-0.5288317509,2007-10-31,2009-05-13,560,2010-04-05,327.0000000000,887.0000000000,1248,2000-01-03
full_pre2026,filtered_varshare_qqq_60_sma100_block_cut,1999-03-10,2025-12-31,100000.0000000000,172770842.4261032343,1726.7084242610,0.3205219190,146,5.4452573267,1840715.8620606794,-0.5288317159,2007-10-31,2009-05-13,560,2010-04-05,327.0000000000,887.0000000000,1173,2000-01-03
full_pre2026,filtered_varshare_qqq_60_sma150_block_cut,1999-03-10,2025-12-31,100000.0000000000,172809655.1217917502,1727.0965512179,0.3205329818,150,5.5944424589,1841349.8019917549,-0.5288317032,2007-10-31,2009-05-13,560,2010-04-05,327.0000000000,887.0000000000,1173,2000-01-03
full_pre2026,filtered_varshare_qqq_60_sma200_block_cut,1999-03-10,2025-12-31,100000.0000000000,172809655.1217917502,1727.0965512179,0.3205329818,150,5.5944424589,1841349.8019917549,-0.5288317032,2007-10-31,2009-05-13,560,2010-04-05,327.0000000000,887.0000000000,1173,2000-01-03
full_pre2026,filtered_varshare_qqq_60_return60_block_cut,1999-03-10,2025-12-31,100000.0000000000,178903089.4590466619,1788.0308945905,0.3222408053,142,5.2960721944,1905784.6930386324,-0.5288317887,2007-10-31,2009-05-13,560,2010-04-05,327.0000000000,887.0000000000,1173,2000-01-03
full_pre2026,filtered_varshare_qqq_60_return120_block_cut,1999-03-10,2025-12-31,100000.0000000000,172770842.4261032343,1726.7084242610,0.3205219190,146,5.4452573267,1840715.8620606794,-0.5288317159,2007-10-31,2009-05-13,560,2010-04-05,327.0000000000,887.0000000000,1173,2000-01-03
full_pre2026,filtered_varshare_qqq_60_return200_block_cut,1999-03-10,2025-12-31,100000.0000000000,181189697.0224973559,1810.8969702250,0.3228672633,150,5.5944424589,1930546.9386853254,-0.5288318220,2007-10-31,2009-05-13,560,2010-04-05,327.0000000000,887.0000000000,1173,2000-01-03
full_pre2026,filtered_varshare_qqq_65_sma100_block_cut,1999-03-10,2025-12-31,100000.0000000000,169106216.0755055547,1690.0621607551,0.3194664538,150,5.5944424589,1807522.1615607168,-0.5288316637,2007-10-31,2009-05-13,560,2010-04-05,327.0000000000,887.0000000000,1173,2000-01-03
full_pre2026,filtered_varshare_qqq_65_sma150_block_cut,1999-03-10,2025-12-31,100000.0000000000,171744452.3892226219,1716.4445238922,0.3202284933,152,5.6690350250,1835823.9450754200,-0.5288317032,2007-10-31,2009-05-13,560,2010-04-05,327.0000000000,887.0000000000,1173,2000-01-03
full_pre2026,filtered_varshare_qqq_65_sma200_block_cut,1999-03-10,2025-12-31,100000.0000000000,171744452.3892226219,1716.4445238922,0.3202284933,152,5.6690350250,1835823.9450754200,-0.5288317032,2007-10-31,2009-05-13,560,2010-04-05,327.0000000000,887.0000000000,1173,2000-01-03
full_pre2026,filtered_varshare_qqq_65_return60_block_cut,1999-03-10,2025-12-31,100000.0000000000,174344414.4499057233,1742.4441444991,0.3209685311,148,5.5198498928,1863390.4414635466,-0.5288318654,2007-10-31,2009-05-13,560,2010-04-05,327.0000000000,887.0000000000,1173,2000-01-03
full_pre2026,filtered_varshare_qqq_65_return120_block_cut,1999-03-10,2025-12-31,100000.0000000000,169106216.0755055547,1690.0621607551,0.3194664538,150,5.5944424589,1807522.1615607168,-0.5288316637,2007-10-31,2009-05-13,560,2010-04-05,327.0000000000,887.0000000000,1173,2000-01-03
full_pre2026,filtered_varshare_qqq_65_return200_block_cut,1999-03-10,2025-12-31,100000.0000000000,180072805.2583091855,1799.7280525831,0.3225622272,152,5.6690350250,1924752.8137415131,-0.5288318220,2007-10-31,2009-05-13,560,2010-04-05,327.0000000000,887.0000000000,1173,2000-01-03
full_pre2026,filtered_varshare_qqq_70_sma100_block_cut,1999-03-10,2025-12-31,100000.0000000000,173215578.1072303653,1731.1557810723,0.3206485398,152,5.6690350250,1903697.1686727153,-0.5288317140,2007-10-31,2009-05-13,560,2010-04-05,327.0000000000,887.0000000000,1173,2000-01-03
full_pre2026,filtered_varshare_qqq_70_sma150_block_cut,1999-03-10,2025-12-31,100000.0000000000,175917870.5946190357,1758.1787059462,0.3214112468,154,5.7436275911,1933498.6317123855,-0.5288318220,2007-10-31,2009-05-13,560,2010-04-05,327.0000000000,887.0000000000,1173,2000-01-03
full_pre2026,filtered_varshare_qqq_70_sma200_block_cut,1999-03-10,2025-12-31,100000.0000000000,175917870.5946190357,1758.1787059462,0.3214112468,154,5.7436275911,1933498.6317123855,-0.5288318220,2007-10-31,2009-05-13,560,2010-04-05,327.0000000000,887.0000000000,1173,2000-01-03
full_pre2026,filtered_varshare_qqq_70_return60_block_cut,1999-03-10,2025-12-31,100000.0000000000,173215578.1072303653,1731.1557810723,0.3206485398,152,5.6690350250,1903697.1686727153,-0.5288317140,2007-10-31,2009-05-13,560,2010-04-05,327.0000000000,887.0000000000,1173,2000-01-03
full_pre2026,filtered_varshare_qqq_70_return120_block_cut,1999-03-10,2025-12-31,100000.0000000000,173215578.1072303653,1731.1557810723,0.3206485398,152,5.6690350250,1903697.1686727153,-0.5288317140,2007-10-31,2009-05-13,560,2010-04-05,327.0000000000,887.0000000000,1173,2000-01-03
full_pre2026,filtered_varshare_qqq_70_return200_block_cut,1999-03-10,2025-12-31,100000.0000000000,175917870.5946190357,1758.1787059462,0.3214112468,154,5.7436275911,1933498.6317123855,-0.5288318220,2007-10-31,2009-05-13,560,2010-04-05,327.0000000000,887.0000000000,1173,2000-01-03
full_pre2026,filtered_varshare_tqqq_60_sma100_block_cut,1999-03-10,2025-12-31,100000.0000000000,169605695.8585017920,1695.0569585850,0.3196115999,144,5.3706647605,1764290.6314699035,-0.5288317159,2007-10-31,2009-05-13,560,2010-04-05,327.0000000000,887.0000000000,1173,2000-01-03
full_pre2026,filtered_varshare_tqqq_60_sma150_block_cut,1999-03-10,2025-12-31,100000.0000000000,169643797.0467274189,1695.4379704673,0.3196226550,148,5.5198498928,1764907.4763556593,-0.5288317032,2007-10-31,2009-05-13,560,2010-04-05,327.0000000000,887.0000000000,1173,2000-01-03
full_pre2026,filtered_varshare_tqqq_60_sma200_block_cut,1999-03-10,2025-12-31,100000.0000000000,169643797.0467274189,1695.4379704673,0.3196226550,148,5.5198498928,1764907.4763556593,-0.5288317032,2007-10-31,2009-05-13,560,2010-04-05,327.0000000000,887.0000000000,1173,2000-01-03
full_pre2026,filtered_varshare_tqqq_60_return60_block_cut,1999-03-10,2025-12-31,100000.0000000000,175625586.0963376164,1755.2558609634,0.3213292972,140,5.2214796283,1826647.1250427039,-0.5288317887,2007-10-31,2009-05-13,560,2010-04-05,327.0000000000,887.0000000000,1173,2000-01-03
full_pre2026,filtered_varshare_tqqq_60_return120_block_cut,1999-03-10,2025-12-31,100000.0000000000,169605695.8585017920,1695.0569585850,0.3196115999,144,5.3706647605,1764290.6314699035,-0.5288317159,2007-10-31,2009-05-13,560,2010-04-05,327.0000000000,887.0000000000,1173,2000-01-03
full_pre2026,filtered_varshare_tqqq_60_return200_block_cut,1999-03-10,2025-12-31,100000.0000000000,177870246.8096661568,1777.7024680967,0.3219553078,148,5.5198498928,1850397.4285407525,-0.5288318220,2007-10-31,2009-05-13,560,2010-04-05,327.0000000000,887.0000000000,1173,2000-01-03
full_pre2026,filtered_varshare_tqqq_65_sma100_block_cut,1999-03-10,2025-12-31,100000.0000000000,169106216.0755055547,1690.0621607551,0.3194664538,150,5.5944424589,1807522.1615607168,-0.5288316637,2007-10-31,2009-05-13,560,2010-04-05,327.0000000000,887.0000000000,1173,2000-01-03
full_pre2026,filtered_varshare_tqqq_65_sma150_block_cut,1999-03-10,2025-12-31,100000.0000000000,171744452.3892226219,1716.4445238922,0.3202284933,152,5.6690350250,1835823.9450754200,-0.5288317032,2007-10-31,2009-05-13,560,2010-04-05,327.0000000000,887.0000000000,1173,2000-01-03
full_pre2026,filtered_varshare_tqqq_65_sma200_block_cut,1999-03-10,2025-12-31,100000.0000000000,171744452.3892226219,1716.4445238922,0.3202284933,152,5.6690350250,1835823.9450754200,-0.5288317032,2007-10-31,2009-05-13,560,2010-04-05,327.0000000000,887.0000000000,1173,2000-01-03
full_pre2026,filtered_varshare_tqqq_65_return60_block_cut,1999-03-10,2025-12-31,100000.0000000000,174344414.4499057233,1742.4441444991,0.3209685311,148,5.5198498928,1863390.4414635466,-0.5288318654,2007-10-31,2009-05-13,560,2010-04-05,327.0000000000,887.0000000000,1173,2000-01-03
full_pre2026,filtered_varshare_tqqq_65_return120_block_cut,1999-03-10,2025-12-31,100000.0000000000,169106216.0755055547,1690.0621607551,0.3194664538,150,5.5944424589,1807522.1615607168,-0.5288316637,2007-10-31,2009-05-13,560,2010-04-05,327.0000000000,887.0000000000,1173,2000-01-03
full_pre2026,filtered_varshare_tqqq_65_return200_block_cut,1999-03-10,2025-12-31,100000.0000000000,180072805.2583091855,1799.7280525831,0.3225622272,152,5.6690350250,1924752.8137415131,-0.5288318220,2007-10-31,2009-05-13,560,2010-04-05,327.0000000000,887.0000000000,1173,2000-01-03
full_pre2026,filtered_varshare_tqqq_70_sma100_block_cut,1999-03-10,2025-12-31,100000.0000000000,173215578.1072303653,1731.1557810723,0.3206485398,152,5.6690350250,1903697.1686727153,-0.5288317140,2007-10-31,2009-05-13,560,2010-04-05,327.0000000000,887.0000000000,1173,2000-01-03
full_pre2026,filtered_varshare_tqqq_70_sma150_block_cut,1999-03-10,2025-12-31,100000.0000000000,175917870.5946190357,1758.1787059462,0.3214112468,154,5.7436275911,1933498.6317123855,-0.5288318220,2007-10-31,2009-05-13,560,2010-04-05,327.0000000000,887.0000000000,1173,2000-01-03
full_pre2026,filtered_varshare_tqqq_70_sma200_block_cut,1999-03-10,2025-12-31,100000.0000000000,175917870.5946190357,1758.1787059462,0.3214112468,154,5.7436275911,1933498.6317123855,-0.5288318220,2007-10-31,2009-05-13,560,2010-04-05,327.0000000000,887.0000000000,1173,2000-01-03
full_pre2026,filtered_varshare_tqqq_70_return60_block_cut,1999-03-10,2025-12-31,100000.0000000000,173215578.1072303653,1731.1557810723,0.3206485398,152,5.6690350250,1903697.1686727153,-0.5288317140,2007-10-31,2009-05-13,560,2010-04-05,327.0000000000,887.0000000000,1173,2000-01-03
full_pre2026,filtered_varshare_tqqq_70_return120_block_cut,1999-03-10,2025-12-31,100000.0000000000,173215578.1072303653,1731.1557810723,0.3206485398,152,5.6690350250,1903697.1686727153,-0.5288317140,2007-10-31,2009-05-13,560,2010-04-05,327.0000000000,887.0000000000,1173,2000-01-03
full_pre2026,filtered_varshare_tqqq_70_return200_block_cut,1999-03-10,2025-12-31,100000.0000000000,175917870.5946190357,1758.1787059462,0.3214112468,154,5.7436275911,1933498.6317123855,-0.5288318220,2007-10-31,2009-05-13,560,2010-04-05,327.0000000000,887.0000000000,1173,2000-01-03
full_pre2026,filtered_magratio_qqq_200_sma100_block_cut,1999-03-10,2025-12-31,100000.0000000000,180072805.2583091855,1799.7280525831,0.3225622272,152,5.6690350250,1924752.8137415131,-0.5288318220,2007-10-31,2009-05-13,560,2010-04-05,327.0000000000,887.0000000000,1173,2000-01-03
full_pre2026,filtered_magratio_qqq_200_sma150_block_cut,1999-03-10,2025-12-31,100000.0000000000,180072805.2583091855,1799.7280525831,0.3225622272,152,5.6690350250,1924752.8137415131,-0.5288318220,2007-10-31,2009-05-13,560,2010-04-05,327.0000000000,887.0000000000,1173,2000-01-03
full_pre2026,filtered_magratio_qqq_200_sma200_block_cut,1999-03-10,2025-12-31,100000.0000000000,180072805.2583091855,1799.7280525831,0.3225622272,152,5.6690350250,1924752.8137415131,-0.5288318220,2007-10-31,2009-05-13,560,2010-04-05,327.0000000000,887.0000000000,1173,2000-01-03
full_pre2026,filtered_magratio_qqq_200_return60_block_cut,1999-03-10,2025-12-31,100000.0000000000,180072805.2583091855,1799.7280525831,0.3225622272,152,5.6690350250,1924752.8137415131,-0.5288318220,2007-10-31,2009-05-13,560,2010-04-05,327.0000000000,887.0000000000,1173,2000-01-03
full_pre2026,filtered_magratio_qqq_200_return120_block_cut,1999-03-10,2025-12-31,100000.0000000000,180072805.2583091855,1799.7280525831,0.3225622272,152,5.6690350250,1924752.8137415131,-0.5288318220,2007-10-31,2009-05-13,560,2010-04-05,327.0000000000,887.0000000000,1173,2000-01-03
full_pre2026,filtered_magratio_qqq_200_return200_block_cut,1999-03-10,2025-12-31,100000.0000000000,180072805.2583091855,1799.7280525831,0.3225622272,152,5.6690350250,1924752.8137415131,-0.5288318220,2007-10-31,2009-05-13,560,2010-04-05,327.0000000000,887.0000000000,1173,2000-01-03
full_pre2026,filtered_magratio_qqq_300_sma100_block_cut,1999-03-10,2025-12-31,100000.0000000000,189827721.8578608632,1897.2772185786,0.3251670507,154,5.7436275911,2086286.9659416291,-0.5288319343,2007-10-31,2009-05-13,560,2010-04-05,327.0000000000,887.0000000000,887,2007-10-31
full_pre2026,filtered_magratio_qqq_300_sma150_block_cut,1999-03-10,2025-12-31,100000.0000000000,189827721.8578608632,1897.2772185786,0.3251670507,154,5.7436275911,2086286.9659416291,-0.5288319343,2007-10-31,2009-05-13,560,2010-04-05,327.0000000000,887.0000000000,887,2007-10-31
full_pre2026,filtered_magratio_qqq_300_sma200_block_cut,1999-03-10,2025-12-31,100000.0000000000,189827721.8578608632,1897.2772185786,0.3251670507,154,5.7436275911,2086286.9659416291,-0.5288319343,2007-10-31,2009-05-13,560,2010-04-05,327.0000000000,887.0000000000,887,2007-10-31
full_pre2026,filtered_magratio_qqq_300_return60_block_cut,1999-03-10,2025-12-31,100000.0000000000,189827721.8578608632,1897.2772185786,0.3251670507,154,5.7436275911,2086286.9659416291,-0.5288319343,2007-10-31,2009-05-13,560,2010-04-05,327.0000000000,887.0000000000,887,2007-10-31
full_pre2026,filtered_magratio_qqq_300_return120_block_cut,1999-03-10,2025-12-31,100000.0000000000,189827721.8578608632,1897.2772185786,0.3251670507,154,5.7436275911,2086286.9659416291,-0.5288319343,2007-10-31,2009-05-13,560,2010-04-05,327.0000000000,887.0000000000,887,2007-10-31
full_pre2026,filtered_magratio_qqq_300_return200_block_cut,1999-03-10,2025-12-31,100000.0000000000,189827721.8578608632,1897.2772185786,0.3251670507,154,5.7436275911,2086286.9659416291,-0.5288319343,2007-10-31,2009-05-13,560,2010-04-05,327.0000000000,887.0000000000,887,2007-10-31
full_pre2026,filtered_magratio_tqqq_200_sma100_block_cut,1999-03-10,2025-12-31,100000.0000000000,180072805.2583091855,1799.7280525831,0.3225622272,152,5.6690350250,1924752.8137415131,-0.5288318220,2007-10-31,2009-05-13,560,2010-04-05,327.0000000000,887.0000000000,1173,2000-01-03
full_pre2026,filtered_magratio_tqqq_200_sma150_block_cut,1999-03-10,2025-12-31,100000.0000000000,180072805.2583091855,1799.7280525831,0.3225622272,152,5.6690350250,1924752.8137415131,-0.5288318220,2007-10-31,2009-05-13,560,2010-04-05,327.0000000000,887.0000000000,1173,2000-01-03
full_pre2026,filtered_magratio_tqqq_200_sma200_block_cut,1999-03-10,2025-12-31,100000.0000000000,180072805.2583091855,1799.7280525831,0.3225622272,152,5.6690350250,1924752.8137415131,-0.5288318220,2007-10-31,2009-05-13,560,2010-04-05,327.0000000000,887.0000000000,1173,2000-01-03
full_pre2026,filtered_magratio_tqqq_200_return60_block_cut,1999-03-10,2025-12-31,100000.0000000000,180072805.2583091855,1799.7280525831,0.3225622272,152,5.6690350250,1924752.8137415131,-0.5288318220,2007-10-31,2009-05-13,560,2010-04-05,327.0000000000,887.0000000000,1173,2000-01-03
full_pre2026,filtered_magratio_tqqq_200_return120_block_cut,1999-03-10,2025-12-31,100000.0000000000,180072805.2583091855,1799.7280525831,0.3225622272,152,5.6690350250,1924752.8137415131,-0.5288318220,2007-10-31,2009-05-13,560,2010-04-05,327.0000000000,887.0000000000,1173,2000-01-03
full_pre2026,filtered_magratio_tqqq_200_return200_block_cut,1999-03-10,2025-12-31,100000.0000000000,180072805.2583091855,1799.7280525831,0.3225622272,152,5.6690350250,1924752.8137415131,-0.5288318220,2007-10-31,2009-05-13,560,2010-04-05,327.0000000000,887.0000000000,1173,2000-01-03
full_pre2026,filtered_magratio_tqqq_300_sma100_block_cut,1999-03-10,2025-12-31,100000.0000000000,189827721.8578608632,1897.2772185786,0.3251670507,154,5.7436275911,2086286.9659416291,-0.5288319343,2007-10-31,2009-05-13,560,2010-04-05,327.0000000000,887.0000000000,887,2007-10-31
full_pre2026,filtered_magratio_tqqq_300_sma150_block_cut,1999-03-10,2025-12-31,100000.0000000000,189827721.8578608632,1897.2772185786,0.3251670507,154,5.7436275911,2086286.9659416291,-0.5288319343,2007-10-31,2009-05-13,560,2010-04-05,327.0000000000,887.0000000000,887,2007-10-31
full_pre2026,filtered_magratio_tqqq_300_sma200_block_cut,1999-03-10,2025-12-31,100000.0000000000,189827721.8578608632,1897.2772185786,0.3251670507,154,5.7436275911,2086286.9659416291,-0.5288319343,2007-10-31,2009-05-13,560,2010-04-05,327.0000000000,887.0000000000,887,2007-10-31
full_pre2026,filtered_magratio_tqqq_300_return60_block_cut,1999-03-10,2025-12-31,100000.0000000000,189827721.8578608632,1897.2772185786,0.3251670507,154,5.7436275911,2086286.9659416291,-0.5288319343,2007-10-31,2009-05-13,560,2010-04-05,327.0000000000,887.0000000000,887,2007-10-31
full_pre2026,filtered_magratio_tqqq_300_return120_block_cut,1999-03-10,2025-12-31,100000.0000000000,189827721.8578608632,1897.2772185786,0.3251670507,154,5.7436275911,2086286.9659416291,-0.5288319343,2007-10-31,2009-05-13,560,2010-04-05,327.0000000000,887.0000000000,887,2007-10-31
full_pre2026,filtered_magratio_tqqq_300_return200_block_cut,1999-03-10,2025-12-31,100000.0000000000,189827721.8578608632,1897.2772185786,0.3251670507,154,5.7436275911,2086286.9659416291,-0.5288319343,2007-10-31,2009-05-13,560,2010-04-05,327.0000000000,887.0000000000,887,2007-10-31
actual_pre2026,vo,2010-02-11,2025-12-31,100000.0000000000,25918761.6360912323,258.1876163609,0.4188607092,91,5.7285535160,283659.4074932614,-0.4577019976,2021-11-19,2022-09-30,315,2023-06-02,245.0000000000,560.0000000000,560,2021-11-19
actual_pre2026,ret_tqqq_50_floor50,2010-02-11,2025-12-31,100000.0000000000,21723420.4156763479,216.2342041568,0.4031764559,101,6.3580648914,293375.2183082980,-0.5535658405,2021-11-19,2022-12-28,404,2023-07-18,202.0000000000,606.0000000000,606,2021-11-19
actual_pre2026,ret_tqqq_50_floor100,2010-02-11,2025-12-31,100000.0000000000,16882178.7669676319,167.8217876697,0.3810810221,143,9.0020126680,381904.8646277885,-0.6774141573,2021-11-19,2022-12-28,404,2024-06-11,531.0000000000,935.0000000000,935,2021-11-19
actual_pre2026,ret_tqqq_50_step_up,2010-02-11,2025-12-31,100000.0000000000,21028111.8119322173,209.2811181193,0.4003059035,144,9.0649638056,360446.1251653407,-0.5827339392,2021-11-19,2022-12-28,404,2024-01-19,387.0000000000,791.0000000000,791,2021-11-19
actual_pre2026,ret_tqqq_50_block_cut,2010-02-11,2025-12-31,100000.0000000000,28924719.7830033898,288.2471978300,0.4286955546,81,5.0990421406,283888.6710796620,-0.4577020502,2021-11-19,2022-09-30,315,2023-06-02,245.0000000000,560.0000000000,560,2021-11-19
actual_pre2026,ret_tqqq_100_floor50,2010-02-11,2025-12-31,100000.0000000000,23323822.4274639115,232.2382242746,0.4094695123,105,6.6098694416,313885.5503036403,-0.5061658559,2021-11-19,2022-12-28,404,2023-06-15,169.0000000000,573.0000000000,573,2021-11-19
actual_pre2026,ret_tqqq_100_floor100,2010-02-11,2025-12-31,100000.0000000000,21341993.0347387940,212.4199303474,0.4016125942,137,8.6243058428,395514.9941058072,-0.5966026152,2021-11-19,2022-12-28,404,2024-01-19,387.0000000000,791.0000000000,791,2021-11-19
actual_pre2026,ret_tqqq_100_step_up,2010-02-11,2025-12-31,100000.0000000000,24398805.1658368409,242.9880516584,0.4134731610,140,8.8131592554,363963.2820978970,-0.5346603042,2021-11-19,2022-12-28,404,2023-07-18,202.0000000000,606.0000000000,606,2021-11-19
actual_pre2026,ret_tqqq_100_block_cut,2010-02-11,2025-12-31,100000.0000000000,30238640.8398226351,301.3864083982,0.4326965544,83,5.2249444157,301652.7547189539,-0.4577022415,2021-11-19,2022-09-30,315,2023-06-02,245.0000000000,560.0000000000,560,2021-11-19
actual_pre2026,ret_tqqq_150_floor50,2010-02-11,2025-12-31,100000.0000000000,23669792.9729737192,235.6979297297,0.4107765817,107,6.7357717166,317574.6593401695,-0.4907482685,2021-11-19,2022-09-30,315,2023-06-14,257.0000000000,572.0000000000,572,2021-11-19
actual_pre2026,ret_tqqq_150_floor100,2010-02-11,2025-12-31,100000.0000000000,23789905.0250748508,236.8990502507,0.4112261789,133,8.3725012927,434969.6257299400,-0.5571990525,2021-11-19,2022-12-28,404,2023-12-13,350.0000000000,754.0000000000,754,2021-11-19
actual_pre2026,ret_tqqq_150_step_up,2010-02-11,2025-12-31,100000.0000000000,26589357.7277469039,264.8935772775,0.4211441025,137,8.6243058428,410799.6061638519,-0.5189243543,2021-11-19,2022-09-30,315,2023-07-13,286.0000000000,601.0000000000,601,2021-11-19
actual_pre2026,ret_tqqq_150_block_cut,2010-02-11,2025-12-31,100000.0000000000,26452538.5753199980,263.5253857532,0.4206826468,87,5.4767489659,274833.2414350013,-0.4577013962,2021-11-19,2022-09-30,315,2023-06-02,245.0000000000,560.0000000000,560,2021-11-19
actual_pre2026,ret_tqqq_200_floor50,2010-02-11,2025-12-31,100000.0000000000,24671086.7113817930,245.7108671138,0.4144609869,105,6.6098694416,326594.0366394905,-0.4733270754,2021-11-19,2022-09-30,315,2023-06-12,255.0000000000,570.0000000000,570,2021-11-19
actual_pre2026,ret_tqqq_200_floor100,2010-02-11,2025-12-31,100000.0000000000,26076636.8289973065,259.7663682900,0.4194032178,135,8.4984035677,509488.4377521836,-0.5198334240,2021-11-19,2022-12-28,404,2023-07-18,202.0000000000,606.0000000000,606,2021-11-19
actual_pre2026,ret_tqqq_200_step_up,2010-02-11,2025-12-31,100000.0000000000,27834386.1224318966,277.3438612243,0.4252439151,139,8.7502081179,474453.3664953499,-0.5024663862,2021-11-19,2022-09-30,315,2023-07-13,286.0000000000,601.0000000000,601,2021-11-19
actual_pre2026,ret_tqqq_200_block_cut,2010-02-11,2025-12-31,100000.0000000000,25181150.4387062304,250.8115043871,0.4162842916,89,5.6026512410,270014.2205875324,-0.4577016864,2021-11-19,2022-09-30,315,2023-06-02,245.0000000000,560.0000000000,560,2021-11-19
actual_pre2026,ret_tqqq_250_floor50,2010-02-11,2025-12-31,100000.0000000000,26053243.1840969622,259.5324318410,0.4193230245,97,6.1062603413,299065.6733104677,-0.4584001829,2024-12-16,2025-05-23,158,,,,559,2021-11-19
actual_pre2026,ret_tqqq_250_floor100,2010-02-11,2025-12-31,100000.0000000000,24529283.5010674186,244.2928350107,0.4139478129,119,7.4911853671,380462.4709200109,-0.4827344599,2021-11-19,2022-09-30,315,2023-06-15,258.0000000000,573.0000000000,573,2021-11-19
actual_pre2026,ret_tqqq_250_step_up,2010-02-11,2025-12-31,100000.0000000000,24723187.2968157828,246.2318729682,0.4146488405,123,7.7429899173,368621.2003606919,-0.4975032909,2021-11-19,2022-09-30,315,2023-07-12,285.0000000000,600.0000000000,600,2021-11-19
actual_pre2026,ret_tqqq_250_block_cut,2010-02-11,2025-12-31,100000.0000000000,24830282.7447365634,247.3028274474,0.4150338212,89,5.6026512410,267058.2585842984,-0.4577023552,2021-11-19,2022-09-30,315,2023-06-02,245.0000000000,560.0000000000,560,2021-11-19
actual_pre2026,ret_tqqq_300_floor50,2010-02-11,2025-12-31,100000.0000000000,26098375.6802448519,259.9837568024,0.4194776781,95,5.9803580662,290670.9353720780,-0.4584004547,2024-12-16,2025-05-23,158,,,,559,2021-11-19
actual_pre2026,ret_tqqq_300_floor100,2010-02-11,2025-12-31,100000.0000000000,22416807.9954465330,223.1680799545,0.4059545864,129,8.1206967425,394676.2019087005,-0.4872250065,2021-11-19,2022-09-30,315,2023-06-15,258.0000000000,573.0000000000,573,2021-11-19
actual_pre2026,ret_tqqq_300_step_up,2010-02-11,2025-12-31,100000.0000000000,22558679.0196404308,224.5867901964,0.4065130700,131,8.2465990176,378564.3105376569,-0.5018652695,2021-11-19,2022-09-30,315,2023-07-12,285.0000000000,600.0000000000,600,2021-11-19
actual_pre2026,ret_tqqq_300_block_cut,2010-02-11,2025-12-31,100000.0000000000,24830282.7447365634,247.3028274474,0.4150338212,89,5.6026512410,267058.2585842984,-0.4577023552,2021-11-19,2022-09-30,315,2023-06-02,245.0000000000,560.0000000000,560,2021-11-19
actual_pre2026,ret_tqqq_400_floor50,2010-02-11,2025-12-31,100000.0000000000,27894784.0391325876,277.9478403913,0.4254384027,93,5.8544557911,313323.7354934647,-0.4584001133,2024-12-16,2025-05-23,158,,,,560,2021-11-19
actual_pre2026,ret_tqqq_400_floor100,2010-02-11,2025-12-31,100000.0000000000,28227610.3190337792,281.2761031903,0.4265031112,115,7.2393808170,427669.6157893878,-0.4725022584,2024-12-16,2025-05-23,158,,,,570,2021-11-19
actual_pre2026,ret_tqqq_400_step_up,2010-02-11,2025-12-31,100000.0000000000,26568844.0571364090,264.6884405714,0.4210750572,115,7.2393808170,376342.1509368515,-0.4584004758,2024-12-16,2025-05-23,158,,,,570,2021-11-19
actual_pre2026,ret_tqqq_400_block_cut,2010-02-11,2025-12-31,100000.0000000000,25918761.6360912323,258.1876163609,0.4188607092,91,5.7285535160,283659.4074932614,-0.4577019976,2021-11-19,2022-09-30,315,2023-06-02,245.0000000000,560.0000000000,560,2021-11-19
actual_pre2026,varshare_tqqq_55_floor50,2010-02-11,2025-12-31,100000.0000000000,24869261.8753913082,247.6926187539,0.4151735550,105,6.6098694416,330967.1071301871,-0.5365169720,2021-11-19,2022-12-28,404,2023-07-18,202.0000000000,606.0000000000,606,2021-11-19
actual_pre2026,varshare_tqqq_55_floor100,2010-02-11,2025-12-31,100000.0000000000,24756190.8255044110,246.5619082550,0.4147676460,141,8.8761103930,504404.8968850661,-0.6984687487,2021-11-19,2022-12-28,404,2024-06-11,531.0000000000,935.0000000000,935,2021-11-19
actual_pre2026,varshare_tqqq_55_step_up,2010-02-11,2025-12-31,100000.0000000000,27115799.3170362823,270.1579931704,0.4228991458,148,9.3167683557,474990.3410576954,-0.6238547351,2021-11-19,2022-12-28,404,2024-01-24,392.0000000000,796.0000000000,796,2021-11-19
actual_pre2026,varshare_tqqq_55_block_cut,2010-02-11,2025-12-31,100000.0000000000,25195026.2799298055,250.9502627993,0.4163334079,83,5.2249444157,259468.9817247037,-0.4929692349,2021-11-19,2022-09-30,315,2023-06-13,256.0000000000,571.0000000000,571,2021-11-19
actual_pre2026,varshare_tqqq_60_floor50,2010-02-11,2025-12-31,100000.0000000000,22764585.2624485679,226.6458526245,0.4073178050,101,6.3580648914,308973.3574741267,-0.5266733389,2021-11-19,2022-12-28,404,2023-07-17,201.0000000000,605.0000000000,605,2021-11-19
actual_pre2026,varshare_tqqq_60_floor100,2010-02-11,2025-12-31,100000.0000000000,18783274.7718765959,186.8327477188,0.3903895358,128,8.0577456050,404935.6569323941,-0.6336618269,2021-11-19,2022-12-28,404,2024-01-25,393.0000000000,797.0000000000,797,2021-11-19
actual_pre2026,varshare_tqqq_60_step_up,2010-02-11,2025-12-31,100000.0000000000,21566018.2880644351,214.6601828806,0.4025342460,128,8.0577456050,370058.6584158785,-0.5523167493,2021-11-19,2022-12-28,404,2023-12-13,350.0000000000,754.0000000000,754,2021-11-19
actual_pre2026,varshare_tqqq_60_block_cut,2010-02-11,2025-12-31,100000.0000000000,26345325.2185343280,262.4532521853,0.4203194783,87,5.4767489659,272930.7887486208,-0.4577021868,2021-11-19,2022-09-30,315,2023-06-02,245.0000000000,560.0000000000,560,2021-11-19
actual_pre2026,varshare_tqqq_65_floor50,2010-02-11,2025-12-31,100000.0000000000,24925034.2614171952,248.2503426142,0.4153731335,95,5.9803580662,308572.3319997676,-0.4750600791,2021-11-19,2022-12-28,404,2023-06-14,168.0000000000,572.0000000000,572,2021-11-19
actual_pre2026,varshare_tqqq_65_floor100,2010-02-11,2025-12-31,100000.0000000000,24523320.7593733631,244.2332075937,0.4139261734,108,6.7987228542,419273.6903562081,-0.5496159780,2021-11-19,2022-12-28,404,2023-12-15,352.0000000000,756.0000000000,756,2021-11-19
actual_pre2026,varshare_tqqq_65_step_up,2010-02-11,2025-12-31,100000.0000000000,25040677.2166321985,249.4067721663,0.4157856257,108,6.7987228542,363337.0711125897,-0.5064431578,2021-11-19,2022-12-28,404,2023-07-18,202.0000000000,606.0000000000,606,2021-11-19
actual_pre2026,varshare_tqqq_65_block_cut,2010-02-11,2025-12-31,100000.0000000000,26530896.5503377095,264.3089655034,0.4209472009,89,5.6026512410,282370.6605550498,-0.4577015838,2021-11-19,2022-09-30,315,2023-06-02,245.0000000000,560.0000000000,560,2021-11-19
actual_pre2026,varshare_tqqq_70_floor50,2010-02-11,2025-12-31,100000.0000000000,23934324.8815573603,238.3432488156,0.4117639559,101,6.3580648914,318201.0038014842,-0.4968500993,2021-11-19,2022-12-28,404,2023-07-12,196.0000000000,600.0000000000,600,2021-11-19
actual_pre2026,varshare_tqqq_70_floor100,2010-02-11,2025-12-31,100000.0000000000,20220387.5803051069,201.2038758031,0.3968573922,114,7.1764296794,410834.3589540851,-0.6090062881,2021-11-19,2022-12-28,404,2024-01-29,397.0000000000,801.0000000000,801,2021-11-19
actual_pre2026,varshare_tqqq_70_step_up,2010-02-11,2025-12-31,100000.0000000000,21818073.8535818495,217.1807385358,0.4035605512,111,6.9875762668,349745.6092143325,-0.5466908275,2021-11-19,2022-12-28,404,2023-12-19,356.0000000000,760.0000000000,760,2021-11-19
actual_pre2026,varshare_tqqq_70_block_cut,2010-02-11,2025-12-31,100000.0000000000,25918761.6360912323,258.1876163609,0.4188607092,91,5.7285535160,283659.4074932614,-0.4577019976,2021-11-19,2022-09-30,315,2023-06-02,245.0000000000,560.0000000000,560,2021-11-19
actual_pre2026,varshare_tqqq_75_floor50,2010-02-11,2025-12-31,100000.0000000000,27066354.0010344312,269.6635400103,0.4227356707,95,5.9803580662,313470.0392505180,-0.4663709038,2024-12-16,2025-05-23,158,,,,560,2021-11-19
actual_pre2026,varshare_tqqq_75_floor100,2010-02-11,2025-12-31,100000.0000000000,27930792.1453961506,278.3079214540,0.4255541649,104,6.5469183040,392080.6504188938,-0.4882720014,2024-12-16,2025-05-23,158,,,,570,2021-11-19
actual_pre2026,varshare_tqqq_75_step_up,2010-02-11,2025-12-31,100000.0000000000,27215411.4244869538,271.1541142449,0.4232276350,102,6.4210160290,341464.0018988706,-0.4797732660,2021-11-19,2022-09-30,315,2023-06-12,255.0000000000,570.0000000000,570,2021-11-19
actual_pre2026,varshare_tqqq_75_block_cut,2010-02-11,2025-12-31,100000.0000000000,25918761.6360912323,258.1876163609,0.4188607092,91,5.7285535160,283659.4074932614,-0.4577019976,2021-11-19,2022-09-30,315,2023-06-02,245.0000000000,560.0000000000,560,2021-11-19
actual_pre2026,varshare_tqqq_80_floor50,2010-02-11,2025-12-31,100000.0000000000,24847999.1947261319,247.4799919473,0.4150973572,91,5.7285535160,282658.8384806389,-0.4663706020,2024-12-16,2025-05-23,158,,,,560,2021-11-19
actual_pre2026,varshare_tqqq_80_floor100,2010-02-11,2025-12-31,100000.0000000000,24996969.3880854584,248.9696938809,0.4156299324,94,5.9174069286,308767.1702252211,-0.4882718716,2024-12-16,2025-05-23,158,,,,559,2021-11-19
actual_pre2026,varshare_tqqq_80_step_up,2010-02-11,2025-12-31,100000.0000000000,26043847.5139683001,259.4384751397,0.4192907972,93,5.8544557911,294117.6703598474,-0.4663707389,2024-12-16,2025-05-23,158,,,,559,2021-11-19
actual_pre2026,varshare_tqqq_80_block_cut,2010-02-11,2025-12-31,100000.0000000000,25918761.6360912323,258.1876163609,0.4188607092,91,5.7285535160,283659.4074932614,-0.4577019976,2021-11-19,2022-09-30,315,2023-06-02,245.0000000000,560.0000000000,560,2021-11-19
actual_pre2026,magratio_tqqq_125_floor50,2010-02-11,2025-12-31,100000.0000000000,23570221.2099823244,234.7022120998,0.4104022462,107,6.7357717166,319563.0576849206,-0.5162370571,2021-11-19,2022-12-28,404,2023-07-13,197.0000000000,601.0000000000,601,2021-11-19
actual_pre2026,magratio_tqqq_125_floor100,2010-02-11,2025-12-31,100000.0000000000,20297192.4933498800,201.9719249335,0.3971908059,141,8.8761103930,376778.8408139047,-0.6137907037,2021-11-19,2022-12-28,404,2024-01-19,387.0000000000,791.0000000000,791,2021-11-19
actual_pre2026,magratio_tqqq_125_step_up,2010-02-11,2025-12-31,100000.0000000000,23060858.0196396634,229.6085801964,0.4084638287,144,9.0649638056,341935.6280543712,-0.5441504934,2021-11-19,2022-12-28,404,2023-07-18,202.0000000000,606.0000000000,606,2021-11-19
actual_pre2026,magratio_tqqq_125_block_cut,2010-02-11,2025-12-31,100000.0000000000,30238640.8398226351,301.3864083982,0.4326965544,83,5.2249444157,301652.7547189539,-0.4577022415,2021-11-19,2022-09-30,315,2023-06-02,245.0000000000,560.0000000000,560,2021-11-19
actual_pre2026,magratio_tqqq_150_floor50,2010-02-11,2025-12-31,100000.0000000000,26398367.6956015006,262.9836769560,0.4204993242,95,5.9803580662,293825.2000636651,-0.4584001305,2024-12-16,2025-05-23,158,,,,559,2021-11-19
actual_pre2026,magratio_tqqq_150_floor100,2010-02-11,2025-12-31,100000.0000000000,29948257.7853545174,298.4825778535,0.4318265357,113,7.1134785419,405287.9112745477,-0.4673013384,2024-12-16,2025-05-23,158,,,,572,2021-11-19
actual_pre2026,magratio_tqqq_150_step_up,2010-02-11,2025-12-31,100000.0000000000,29785960.0772653259,296.8596007727,0.4313368246,117,7.3652830920,398226.8992117209,-0.4761283188,2021-11-19,2022-09-30,315,2023-06-15,258.0000000000,573.0000000000,573,2021-11-19
actual_pre2026,magratio_tqqq_150_block_cut,2010-02-11,2025-12-31,100000.0000000000,26452538.5753199980,263.5253857532,0.4206826468,87,5.4767489659,274833.2414350013,-0.4577013962,2021-11-19,2022-09-30,315,2023-06-02,245.0000000000,560.0000000000,560,2021-11-19
actual_pre2026,magratio_tqqq_200_floor50,2010-02-11,2025-12-31,100000.0000000000,26187731.5429193825,260.8773154292,0.4197831323,97,6.1062603413,309121.3304823543,-0.4663708583,2024-12-16,2025-05-23,158,,,,560,2021-11-19
actual_pre2026,magratio_tqqq_200_floor100,2010-02-11,2025-12-31,100000.0000000000,26846158.2592414096,267.4615825924,0.4220042489,125,7.8688921923,445324.3475578217,-0.4882722608,2024-12-16,2025-05-23,158,,,,559,2021-11-19
actual_pre2026,magratio_tqqq_200_step_up,2010-02-11,2025-12-31,100000.0000000000,26891018.7505434155,267.9101875054,0.4221537163,125,7.8688921923,402773.8610321469,-0.4663705732,2024-12-16,2025-05-23,158,,,,559,2021-11-19
actual_pre2026,magratio_tqqq_200_block_cut,2010-02-11,2025-12-31,100000.0000000000,26530896.5503377095,264.3089655034,0.4209472009,89,5.6026512410,282370.6605550498,-0.4577015838,2021-11-19,2022-09-30,315,2023-06-02,245.0000000000,560.0000000000,560,2021-11-19
actual_pre2026,magratio_tqqq_300_floor50,2010-02-11,2025-12-31,100000.0000000000,25918761.6360912323,258.1876163609,0.4188607092,91,5.7285535160,283659.4074932614,-0.4577019976,2021-11-19,2022-09-30,315,2023-06-02,245.0000000000,560.0000000000,560,2021-11-19
actual_pre2026,magratio_tqqq_300_floor100,2010-02-11,2025-12-31,100000.0000000000,26687974.9272869676,265.8797492729,0.4214753351,91,5.7285535160,284378.0484222936,-0.4577019976,2021-11-19,2022-09-30,315,2023-06-02,245.0000000000,560.0000000000,560,2021-11-19
actual_pre2026,magratio_tqqq_300_step_up,2010-02-11,2025-12-31,100000.0000000000,26687974.9272869676,265.8797492729,0.4214753351,91,5.7285535160,284378.0484222936,-0.4577019976,2021-11-19,2022-09-30,315,2023-06-02,245.0000000000,560.0000000000,560,2021-11-19
actual_pre2026,magratio_tqqq_300_block_cut,2010-02-11,2025-12-31,100000.0000000000,25918761.6360912323,258.1876163609,0.4188607092,91,5.7285535160,283659.4074932614,-0.4577019976,2021-11-19,2022-09-30,315,2023-06-02,245.0000000000,560.0000000000,560,2021-11-19
actual_pre2026,magratio_tqqq_400_floor50,2010-02-11,2025-12-31,100000.0000000000,25918761.6360912323,258.1876163609,0.4188607092,91,5.7285535160,283659.4074932614,-0.4577019976,2021-11-19,2022-09-30,315,2023-06-02,245.0000000000,560.0000000000,560,2021-11-19
actual_pre2026,magratio_tqqq_400_floor100,2010-02-11,2025-12-31,100000.0000000000,25918761.6360912323,258.1876163609,0.4188607092,91,5.7285535160,283659.4074932614,-0.4577019976,2021-11-19,2022-09-30,315,2023-06-02,245.0000000000,560.0000000000,560,2021-11-19
actual_pre2026,magratio_tqqq_400_step_up,2010-02-11,2025-12-31,100000.0000000000,25918761.6360912323,258.1876163609,0.4188607092,91,5.7285535160,283659.4074932614,-0.4577019976,2021-11-19,2022-09-30,315,2023-06-02,245.0000000000,560.0000000000,560,2021-11-19
actual_pre2026,magratio_tqqq_400_block_cut,2010-02-11,2025-12-31,100000.0000000000,25918761.6360912323,258.1876163609,0.4188607092,91,5.7285535160,283659.4074932614,-0.4577019976,2021-11-19,2022-09-30,315,2023-06-02,245.0000000000,560.0000000000,560,2021-11-19
actual_pre2026,combo_tqqq_100_55_floor50,2010-02-11,2025-12-31,100000.0000000000,24250169.2963780537,241.5016929638,0.4129295491,109,6.8616739917,330694.4191391211,-0.5061659857,2021-11-19,2022-12-28,404,2023-06-15,169.0000000000,573.0000000000,573,2021-11-19
actual_pre2026,combo_tqqq_100_55_floor100,2010-02-11,2025-12-31,100000.0000000000,23765583.0888824500,236.6558308888,0.4111353103,141,8.8761103930,461925.2308366039,-0.5966026715,2021-11-19,2022-12-28,404,2024-01-19,387.0000000000,791.0000000000,791,2021-11-19
actual_pre2026,combo_tqqq_100_55_step_up,2010-02-11,2025-12-31,100000.0000000000,26190961.7000795715,260.9096170008,0.4197941560,144,9.0649638056,411606.1506299688,-0.5346598767,2021-11-19,2022-12-28,404,2023-07-18,202.0000000000,606.0000000000,606,2021-11-19
actual_pre2026,combo_tqqq_100_55_block_cut,2010-02-11,2025-12-31,100000.0000000000,26345325.2185343280,262.4532521853,0.4203194783,87,5.4767489659,272930.7887486208,-0.4577021868,2021-11-19,2022-09-30,315,2023-06-02,245.0000000000,560.0000000000,560,2021-11-19
actual_pre2026,combo_tqqq_100_65_floor50,2010-02-11,2025-12-31,100000.0000000000,25930260.7147295736,258.3026071473,0.4189003280,101,6.3580648914,335375.0205590181,-0.4685173990,2021-11-19,2022-12-28,404,2023-06-13,167.0000000000,571.0000000000,571,2021-11-19
actual_pre2026,combo_tqqq_100_65_floor100,2010-02-11,2025-12-31,100000.0000000000,25080536.9321554229,249.8053693216,0.4159273895,113,7.1134785419,458460.6717378782,-0.5304554448,2021-11-19,2022-12-28,404,2023-12-12,349.0000000000,753.0000000000,753,2021-11-19
actual_pre2026,combo_tqqq_100_65_step_up,2010-02-11,2025-12-31,100000.0000000000,25476341.0176466890,253.7634101765,0.4173237499,114,7.1764296794,383900.2519956424,-0.5002919225,2021-11-19,2022-12-28,404,2023-07-17,201.0000000000,605.0000000000,605,2021-11-19
actual_pre2026,combo_tqqq_100_65_block_cut,2010-02-11,2025-12-31,100000.0000000000,26530896.5503377095,264.3089655034,0.4209472009,89,5.6026512410,282370.6605550498,-0.4577015838,2021-11-19,2022-09-30,315,2023-06-02,245.0000000000,560.0000000000,560,2021-11-19
actual_pre2026,combo_tqqq_100_75_floor50,2010-02-11,2025-12-31,100000.0000000000,27066354.0010344312,269.6635400103,0.4227356707,95,5.9803580662,313470.0392505180,-0.4663709038,2024-12-16,2025-05-23,158,,,,560,2021-11-19
actual_pre2026,combo_tqqq_100_75_floor100,2010-02-11,2025-12-31,100000.0000000000,27930792.1453961506,278.3079214540,0.4255541649,104,6.5469183040,392080.6504188938,-0.4882720014,2024-12-16,2025-05-23,158,,,,570,2021-11-19
actual_pre2026,combo_tqqq_100_75_step_up,2010-02-11,2025-12-31,100000.0000000000,27215411.4244869538,271.1541142449,0.4232276350,102,6.4210160290,341464.0018988706,-0.4797732660,2021-11-19,2022-09-30,315,2023-06-12,255.0000000000,570.0000000000,570,2021-11-19
actual_pre2026,combo_tqqq_100_75_block_cut,2010-02-11,2025-12-31,100000.0000000000,25918761.6360912323,258.1876163609,0.4188607092,91,5.7285535160,283659.4074932614,-0.4577019976,2021-11-19,2022-09-30,315,2023-06-02,245.0000000000,560.0000000000,560,2021-11-19
actual_pre2026,combo_tqqq_150_55_floor50,2010-02-11,2025-12-31,100000.0000000000,23855923.1682682186,237.5592316827,0.4114723895,109,6.8616739917,324021.2930306556,-0.4907490011,2021-11-19,2022-09-30,315,2023-06-14,257.0000000000,572.0000000000,572,2021-11-19
actual_pre2026,combo_tqqq_150_55_floor100,2010-02-11,2025-12-31,100000.0000000000,25984358.7811640576,258.8435878116,0.4190864965,133,8.3725012927,466762.2736074239,-0.5571994173,2021-11-19,2022-12-28,404,2023-12-13,350.0000000000,754.0000000000,754,2021-11-19
actual_pre2026,combo_tqqq_150_55_step_up,2010-02-11,2025-12-31,100000.0000000000,28823839.4002788961,287.2383940028,0.4283813652,137,8.6243058428,434491.4042359472,-0.5189237441,2021-11-19,2022-09-30,315,2023-07-13,286.0000000000,601.0000000000,601,2021-11-19
actual_pre2026,combo_tqqq_150_55_block_cut,2010-02-11,2025-12-31,100000.0000000000,26412909.4558011033,263.1290945580,0.4205485703,87,5.4767489659,273627.5991088045,-0.4577016647,2021-11-19,2022-09-30,315,2023-06-02,245.0000000000,560.0000000000,560,2021-11-19
actual_pre2026,combo_tqqq_150_65_floor50,2010-02-11,2025-12-31,100000.0000000000,26409661.5697540119,263.0966156975,0.4205375734,99,6.2321626163,330739.4930189887,-0.4632263602,2021-11-19,2022-09-30,315,2023-06-12,255.0000000000,570.0000000000,570,2021-11-19
actual_pre2026,combo_tqqq_150_65_floor100,2010-02-11,2025-12-31,100000.0000000000,26025546.4668679610,259.2554646687,0.4192279930,111,6.9875762668,448996.1303463218,-0.5127634957,2021-11-19,2022-12-28,404,2023-07-18,202.0000000000,606.0000000000,606,2021-11-19
actual_pre2026,combo_tqqq_150_65_step_up,2010-02-11,2025-12-31,100000.0000000000,25947377.3421412595,258.4737734214,0.4189592711,112,7.0505274043,379218.8702036120,-0.4967347288,2021-11-19,2022-09-30,315,2023-07-13,286.0000000000,601.0000000000,601,2021-11-19
actual_pre2026,combo_tqqq_150_65_block_cut,2010-02-11,2025-12-31,100000.0000000000,26530896.5503377095,264.3089655034,0.4209472009,89,5.6026512410,282370.6605550498,-0.4577015838,2021-11-19,2022-09-30,315,2023-06-02,245.0000000000,560.0000000000,560,2021-11-19
actual_pre2026,combo_tqqq_150_75_floor50,2010-02-11,2025-12-31,100000.0000000000,27066354.0010344312,269.6635400103,0.4227356707,95,5.9803580662,313470.0392505180,-0.4663709038,2024-12-16,2025-05-23,158,,,,560,2021-11-19
actual_pre2026,combo_tqqq_150_75_floor100,2010-02-11,2025-12-31,100000.0000000000,27930792.1453961506,278.3079214540,0.4255541649,104,6.5469183040,392080.6504188938,-0.4882720014,2024-12-16,2025-05-23,158,,,,570,2021-11-19
actual_pre2026,combo_tqqq_150_75_step_up,2010-02-11,2025-12-31,100000.0000000000,27215411.4244869538,271.1541142449,0.4232276350,102,6.4210160290,341464.0018988706,-0.4797732660,2021-11-19,2022-09-30,315,2023-06-12,255.0000000000,570.0000000000,570,2021-11-19
actual_pre2026,combo_tqqq_150_75_block_cut,2010-02-11,2025-12-31,100000.0000000000,25918761.6360912323,258.1876163609,0.4188607092,91,5.7285535160,283659.4074932614,-0.4577019976,2021-11-19,2022-09-30,315,2023-06-02,245.0000000000,560.0000000000,560,2021-11-19
actual_pre2026,combo_tqqq_200_55_floor50,2010-02-11,2025-12-31,100000.0000000000,24671086.7113817930,245.7108671138,0.4144609869,105,6.6098694416,326594.0366394905,-0.4733270754,2021-11-19,2022-09-30,315,2023-06-12,255.0000000000,570.0000000000,570,2021-11-19
actual_pre2026,combo_tqqq_200_55_floor100,2010-02-11,2025-12-31,100000.0000000000,25141821.2505158186,250.4182125052,0.4161449402,131,8.2465990176,477443.4424577728,-0.5198331470,2021-11-19,2022-12-28,404,2023-07-18,202.0000000000,606.0000000000,606,2021-11-19
actual_pre2026,combo_tqqq_200_55_step_up,2010-02-11,2025-12-31,100000.0000000000,26836488.8061514869,267.3648880615,0.4219720013,135,8.4984035677,443679.4337536836,-0.5024663667,2021-11-19,2022-09-30,315,2023-07-13,286.0000000000,601.0000000000,601,2021-11-19
actual_pre2026,combo_tqqq_200_55_block_cut,2010-02-11,2025-12-31,100000.0000000000,26905831.8965475261,268.0583189655,0.4222030198,89,5.6026512410,285529.5351649146,-0.4577016949,2021-11-19,2022-09-30,315,2023-06-02,245.0000000000,560.0000000000,560,2021-11-19
actual_pre2026,combo_tqqq_200_65_floor50,2010-02-11,2025-12-31,100000.0000000000,26803045.9840186425,267.0304598402,0.4218603855,97,6.1062603413,323175.3070494104,-0.4584002444,2024-12-16,2025-05-23,158,,,,570,2021-11-19
actual_pre2026,combo_tqqq_200_65_floor100,2010-02-11,2025-12-31,100000.0000000000,26691522.9110989049,265.9152291110,0.4214872305,109,6.8616739917,428524.1165889362,-0.4967247900,2021-11-19,2022-12-28,404,2023-07-13,197.0000000000,601.0000000000,601,2021-11-19
actual_pre2026,combo_tqqq_200_65_step_up,2010-02-11,2025-12-31,100000.0000000000,26147037.3049308099,260.4703730493,0.4196441444,110,6.9246251293,368302.3382789585,-0.4915560680,2021-11-19,2022-09-30,315,2023-07-13,286.0000000000,601.0000000000,601,2021-11-19
actual_pre2026,combo_tqqq_200_65_block_cut,2010-02-11,2025-12-31,100000.0000000000,26530896.5503377095,264.3089655034,0.4209472009,89,5.6026512410,282370.6605550498,-0.4577015838,2021-11-19,2022-09-30,315,2023-06-02,245.0000000000,560.0000000000,560,2021-11-19
actual_pre2026,combo_tqqq_200_75_floor50,2010-02-11,2025-12-31,100000.0000000000,27066354.0010344312,269.6635400103,0.4227356707,95,5.9803580662,313470.0392505180,-0.4663709038,2024-12-16,2025-05-23,158,,,,560,2021-11-19
actual_pre2026,combo_tqqq_200_75_floor100,2010-02-11,2025-12-31,100000.0000000000,27930792.1453961506,278.3079214540,0.4255541649,104,6.5469183040,392080.6504188938,-0.4882720014,2024-12-16,2025-05-23,158,,,,570,2021-11-19
actual_pre2026,combo_tqqq_200_75_step_up,2010-02-11,2025-12-31,100000.0000000000,27215411.4244869538,271.1541142449,0.4232276350,102,6.4210160290,341464.0018988706,-0.4797732660,2021-11-19,2022-09-30,315,2023-06-12,255.0000000000,570.0000000000,570,2021-11-19
actual_pre2026,combo_tqqq_200_75_block_cut,2010-02-11,2025-12-31,100000.0000000000,25918761.6360912323,258.1876163609,0.4188607092,91,5.7285535160,283659.4074932614,-0.4577019976,2021-11-19,2022-09-30,315,2023-06-02,245.0000000000,560.0000000000,560,2021-11-19
actual_pre2026,combo_tqqq_300_55_floor50,2010-02-11,2025-12-31,100000.0000000000,26098375.6802448519,259.9837568024,0.4194776781,95,5.9803580662,290670.9353720780,-0.4584004547,2024-12-16,2025-05-23,158,,,,559,2021-11-19
actual_pre2026,combo_tqqq_300_55_floor100,2010-02-11,2025-12-31,100000.0000000000,23589581.5127955265,234.8958151280,0.4104751463,121,7.6170876422,389046.6910067361,-0.4872251229,2021-11-19,2022-09-30,315,2023-06-15,258.0000000000,573.0000000000,573,2021-11-19
actual_pre2026,combo_tqqq_300_55_step_up,2010-02-11,2025-12-31,100000.0000000000,23738851.9946211800,236.3885199462,0.4110353404,123,7.7429899173,371886.0771803447,-0.5018657404,2021-11-19,2022-09-30,315,2023-07-12,285.0000000000,600.0000000000,600,2021-11-19
actual_pre2026,combo_tqqq_300_55_block_cut,2010-02-11,2025-12-31,100000.0000000000,26530896.5503377095,264.3089655034,0.4209472009,89,5.6026512410,282370.6605550498,-0.4577015838,2021-11-19,2022-09-30,315,2023-06-02,245.0000000000,560.0000000000,560,2021-11-19
actual_pre2026,combo_tqqq_300_65_floor50,2010-02-11,2025-12-31,100000.0000000000,27191067.0655149296,270.9106706551,0.4231474592,91,5.7285535160,301508.6612165801,-0.4584002654,2024-12-16,2025-05-23,158,,,,560,2021-11-19
actual_pre2026,combo_tqqq_300_65_floor100,2010-02-11,2025-12-31,100000.0000000000,25528529.7171486467,254.2852971715,0.4175063477,107,6.7357717166,380895.7166354068,-0.5165355600,2021-11-19,2022-09-30,315,2023-07-13,286.0000000000,601.0000000000,601,2021-11-19
actual_pre2026,combo_tqqq_300_65_step_up,2010-02-11,2025-12-31,100000.0000000000,24647461.5328110568,245.4746153281,0.4143756815,108,6.7987228542,346827.8068928677,-0.5165356795,2021-11-19,2022-09-30,315,2023-07-13,286.0000000000,601.0000000000,601,2021-11-19
actual_pre2026,combo_tqqq_300_65_block_cut,2010-02-11,2025-12-31,100000.0000000000,26530896.5503377095,264.3089655034,0.4209472009,89,5.6026512410,282370.6605550498,-0.4577015838,2021-11-19,2022-09-30,315,2023-06-02,245.0000000000,560.0000000000,560,2021-11-19
actual_pre2026,combo_tqqq_300_75_floor50,2010-02-11,2025-12-31,100000.0000000000,27066354.0010344312,269.6635400103,0.4227356707,95,5.9803580662,313470.0392505180,-0.4663709038,2024-12-16,2025-05-23,158,,,,560,2021-11-19
actual_pre2026,combo_tqqq_300_75_floor100,2010-02-11,2025-12-31,100000.0000000000,28068585.5068110675,279.6858550681,0.4259958681,104,6.5469183040,394010.0704229753,-0.4882720739,2024-12-16,2025-05-23,158,,,,570,2021-11-19
actual_pre2026,combo_tqqq_300_75_step_up,2010-02-11,2025-12-31,100000.0000000000,27349688.8975825422,272.4968889758,0.4236686611,102,6.4210160290,343143.8226030370,-0.4797724642,2021-11-19,2022-09-30,315,2023-06-12,255.0000000000,570.0000000000,570,2021-11-19
actual_pre2026,combo_tqqq_300_75_block_cut,2010-02-11,2025-12-31,100000.0000000000,25918761.6360912323,258.1876163609,0.4188607092,91,5.7285535160,283659.4074932614,-0.4577019976,2021-11-19,2022-09-30,315,2023-06-02,245.0000000000,560.0000000000,560,2021-11-19
actual_pre2026,ret_qqq_20_floor50,2010-02-11,2025-12-31,100000.0000000000,24193240.9700850993,240.9324097009,0.4127205156,109,6.8616739917,356406.4026671188,-0.5261843606,2021-11-19,2022-12-28,404,2023-07-13,197.0000000000,601.0000000000,601,2021-11-19
actual_pre2026,ret_qqq_20_floor100,2010-02-11,2025-12-31,100000.0000000000,22710479.6945936754,226.1047969459,0.4071070091,152,9.5685729059,574710.9814292750,-0.6456546229,2021-11-19,2022-12-28,404,2024-02-09,408.0000000000,812.0000000000,812,2021-11-19
actual_pre2026,ret_qqq_20_step_up,2010-02-11,2025-12-31,100000.0000000000,25527719.9351010099,254.2771993510,0.4175035171,157,9.8833285936,505094.5091821962,-0.5687691851,2021-11-19,2022-12-28,404,2023-12-18,355.0000000000,759.0000000000,759,2021-11-19
actual_pre2026,ret_qqq_20_block_cut,2010-02-11,2025-12-31,100000.0000000000,27043627.9951478280,269.4362799515,0.4226604405,81,5.0990421406,269622.8847472179,-0.4929691931,2021-11-19,2022-09-30,315,2023-06-13,256.0000000000,571.0000000000,571,2021-11-19
actual_pre2026,ret_qqq_40_floor50,2010-02-11,2025-12-31,100000.0000000000,24007056.1045017242,239.0705610450,0.4120336353,103,6.4839671665,319559.7729943397,-0.5321692952,2021-11-19,2022-12-28,404,2023-07-13,197.0000000000,601.0000000000,601,2021-11-19
actual_pre2026,ret_qqq_40_floor100,2010-02-11,2025-12-31,100000.0000000000,22511234.5411800370,224.1123454118,0.4063266692,137,8.6243058428,432033.8480484542,-0.6406352838,2021-11-19,2022-12-28,404,2024-02-09,408.0000000000,812.0000000000,812,2021-11-19
actual_pre2026,ret_qqq_40_step_up,2010-02-11,2025-12-31,100000.0000000000,25467781.8264834397,253.6778182648,0.4172937695,138,8.6872569804,376772.9711284552,-0.5591630068,2021-11-19,2022-12-28,404,2023-12-13,350.0000000000,754.0000000000,754,2021-11-19
actual_pre2026,ret_qqq_40_block_cut,2010-02-11,2025-12-31,100000.0000000000,30207870.6883725002,301.0787068837,0.4326047355,81,5.0990421406,294501.8712912534,-0.4577023154,2021-11-19,2022-09-30,315,2023-06-02,245.0000000000,560.0000000000,560,2021-11-19
actual_pre2026,ret_qqq_60_floor50,2010-02-11,2025-12-31,100000.0000000000,25655036.7219310850,255.5503672193,0.4179475229,107,6.7357717166,343209.3125397072,-0.4907485171,2021-11-19,2022-09-30,315,2023-06-14,257.0000000000,572.0000000000,572,2021-11-19
actual_pre2026,ret_qqq_60_floor100,2010-02-11,2025-12-31,100000.0000000000,27876332.1983863264,277.7633219839,0.4253790278,135,8.4984035677,507638.5540198663,-0.5571992686,2021-11-19,2022-12-28,404,2023-12-13,350.0000000000,754.0000000000,754,2021-11-19
actual_pre2026,ret_qqq_60_step_up,2010-02-11,2025-12-31,100000.0000000000,29059945.6311960816,289.5994563120,0.4291151053,139,8.7502081179,448744.9055506288,-0.5189238412,2021-11-19,2022-09-30,315,2023-07-17,290.0000000000,605.0000000000,605,2021-11-19
actual_pre2026,ret_qqq_60_block_cut,2010-02-11,2025-12-31,100000.0000000000,26452538.5753199980,263.5253857532,0.4206826468,87,5.4767489659,274833.2414350013,-0.4577013962,2021-11-19,2022-09-30,315,2023-06-02,245.0000000000,560.0000000000,560,2021-11-19
actual_pre2026,ret_qqq_80_floor50,2010-02-11,2025-12-31,100000.0000000000,24966903.9326486290,248.6690393265,0.4155226871,101,6.3580648914,311467.3773702072,-0.4796110894,2021-11-19,2022-12-28,404,2023-06-14,168.0000000000,572.0000000000,572,2021-11-19
actual_pre2026,ret_qqq_80_floor100,2010-02-11,2025-12-31,100000.0000000000,21151433.2999766245,210.5143329998,0.4008214580,129,8.1206967425,404963.1637730904,-0.5451587409,2021-11-19,2022-12-28,404,2023-12-13,350.0000000000,754.0000000000,754,2021-11-19
actual_pre2026,ret_qqq_80_step_up,2010-02-11,2025-12-31,100000.0000000000,22555460.3130097352,224.5546031301,0.4065004359,133,8.3725012927,386529.7467602110,-0.5078047764,2021-11-19,2022-12-28,404,2023-07-17,201.0000000000,605.0000000000,605,2021-11-19
actual_pre2026,ret_qqq_80_block_cut,2010-02-11,2025-12-31,100000.0000000000,24830282.7447365634,247.3028274474,0.4150338212,89,5.6026512410,267058.2585842984,-0.4577023552,2021-11-19,2022-09-30,315,2023-06-02,245.0000000000,560.0000000000,560,2021-11-19
actual_pre2026,ret_qqq_100_floor50,2010-02-11,2025-12-31,100000.0000000000,26192346.6104496010,260.9234661045,0.4197988819,93,5.8544557911,287594.9003865767,-0.4584003840,2024-12-16,2025-05-23,158,,,,559,2021-11-19
actual_pre2026,ret_qqq_100_floor100,2010-02-11,2025-12-31,100000.0000000000,24280618.5496234745,241.8061854962,0.4130411662,123,7.7429899173,385772.0226730083,-0.4790457313,2021-11-19,2022-09-30,315,2023-06-14,257.0000000000,572.0000000000,572,2021-11-19
actual_pre2026,ret_qqq_100_step_up,2010-02-11,2025-12-31,100000.0000000000,24331718.7467160448,242.3171874672,0.4132281885,127,7.9947944674,385160.9983587094,-0.4939200254,2021-11-19,2022-09-30,315,2023-06-15,258.0000000000,573.0000000000,573,2021-11-19
actual_pre2026,ret_qqq_100_block_cut,2010-02-11,2025-12-31,100000.0000000000,24830282.7447365634,247.3028274474,0.4150338212,89,5.6026512410,267058.2585842984,-0.4577023552,2021-11-19,2022-09-30,315,2023-06-02,245.0000000000,560.0000000000,560,2021-11-19
actual_pre2026,ret_qqq_120_floor50,2010-02-11,2025-12-31,100000.0000000000,27407829.0023736693,273.0782900237,0.4238589896,93,5.8544557911,311551.2277580274,-0.4584001767,2024-12-16,2025-05-23,158,,,,560,2021-11-19
actual_pre2026,ret_qqq_120_floor100,2010-02-11,2025-12-31,100000.0000000000,26322904.4728379846,262.2290447284,0.4202433564,121,7.6170876422,421940.6998276691,-0.4725023749,2024-12-16,2025-05-23,158,,,,570,2021-11-19
actual_pre2026,ret_qqq_120_step_up,2010-02-11,2025-12-31,100000.0000000000,25210010.1063728184,251.1001010637,0.4163864177,122,7.6800387797,375291.2866766389,-0.4584003757,2024-12-16,2025-05-23,158,,,,570,2021-11-19
actual_pre2026,ret_qqq_120_block_cut,2010-02-11,2025-12-31,100000.0000000000,25918761.6360912323,258.1876163609,0.4188607092,91,5.7285535160,283659.4074932614,-0.4577019976,2021-11-19,2022-09-30,315,2023-06-02,245.0000000000,560.0000000000,560,2021-11-19
actual_pre2026,ret_qqq_150_floor50,2010-02-11,2025-12-31,100000.0000000000,27894784.0391325876,277.9478403913,0.4254384027,93,5.8544557911,313323.7354934647,-0.4584001133,2024-12-16,2025-05-23,158,,,,560,2021-11-19
actual_pre2026,ret_qqq_150_floor100,2010-02-11,2025-12-31,100000.0000000000,29948003.6916388944,298.4800369164,0.4318257710,113,7.1134785419,450676.8905165041,-0.4725021669,2024-12-16,2025-05-23,158,,,,560,2021-11-19
actual_pre2026,ret_qqq_150_step_up,2010-02-11,2025-12-31,100000.0000000000,28187049.4932388477,280.8704949324,0.4263739888,113,7.1134785419,396471.6553089005,-0.4584004478,2024-12-16,2025-05-23,158,,,,560,2021-11-19
actual_pre2026,ret_qqq_150_block_cut,2010-02-11,2025-12-31,100000.0000000000,25918761.6360912323,258.1876163609,0.4188607092,91,5.7285535160,283659.4074932614,-0.4577019976,2021-11-19,2022-09-30,315,2023-06-02,245.0000000000,560.0000000000,560,2021-11-19
actual_pre2026,varshare_qqq_55_floor50,2010-02-11,2025-12-31,100000.0000000000,26651971.8314361274,265.5197183144,0.4213545421,99,6.2321626163,306095.7245431537,-0.5251220455,2021-11-19,2022-12-28,404,2023-07-17,201.0000000000,605.0000000000,605,2021-11-19
actual_pre2026,varshare_qqq_55_floor100,2010-02-11,2025-12-31,100000.0000000000,28349608.5214071870,282.4960852141,0.4268904381,148,9.3167683557,493818.4093997735,-0.6882525434,2021-11-19,2022-12-28,404,2024-06-10,530.0000000000,934.0000000000,934,2021-11-19
actual_pre2026,varshare_qqq_55_step_up,2010-02-11,2025-12-31,100000.0000000000,29137295.9119727276,290.3729591197,0.4293542698,153,9.6315240434,479641.7115648498,-0.6175923368,2021-11-19,2022-12-28,404,2024-01-24,392.0000000000,796.0000000000,796,2021-11-19
actual_pre2026,varshare_qqq_55_block_cut,2010-02-11,2025-12-31,100000.0000000000,25195026.2799298055,250.9502627993,0.4163334079,83,5.2249444157,259468.9817247037,-0.4929692349,2021-11-19,2022-09-30,315,2023-06-13,256.0000000000,571.0000000000,571,2021-11-19
actual_pre2026,varshare_qqq_60_floor50,2010-02-11,2025-12-31,100000.0000000000,25044777.0094293877,249.4477700943,0.4158002166,97,6.1062603413,283197.3707571435,-0.5266733389,2021-11-19,2022-12-28,404,2023-07-17,201.0000000000,605.0000000000,605,2021-11-19
actual_pre2026,varshare_qqq_60_floor100,2010-02-11,2025-12-31,100000.0000000000,23997837.6956030428,238.9783769560,0.4119994969,120,7.5541365047,376710.7137407456,-0.6305021946,2021-11-19,2022-12-28,404,2024-01-24,392.0000000000,796.0000000000,796,2021-11-19
actual_pre2026,varshare_qqq_60_step_up,2010-02-11,2025-12-31,100000.0000000000,25472228.4720384851,253.7222847204,0.4173093460,120,7.5541365047,351584.2560146223,-0.5484560066,2021-11-19,2022-12-28,404,2023-12-12,349.0000000000,753.0000000000,753,2021-11-19
actual_pre2026,varshare_qqq_60_block_cut,2010-02-11,2025-12-31,100000.0000000000,26837011.5152932405,267.3701151529,0.4219737448,89,5.6026512410,284802.4327294318,-0.4577017018,2021-11-19,2022-09-30,315,2023-06-02,245.0000000000,560.0000000000,560,2021-11-19
actual_pre2026,varshare_qqq_65_floor50,2010-02-11,2025-12-31,100000.0000000000,24925034.2614171952,248.2503426142,0.4153731335,95,5.9803580662,308572.3319997676,-0.4750600791,2021-11-19,2022-12-28,404,2023-06-14,168.0000000000,572.0000000000,572,2021-11-19
actual_pre2026,varshare_qqq_65_floor100,2010-02-11,2025-12-31,100000.0000000000,24579925.0476577580,244.7992504766,0.4141313988,110,6.9246251293,441923.0553277264,-0.5496162410,2021-11-19,2022-12-28,404,2023-12-15,352.0000000000,756.0000000000,756,2021-11-19
actual_pre2026,varshare_qqq_65_step_up,2010-02-11,2025-12-31,100000.0000000000,25098455.9497325867,249.9845594973,0.4159910510,110,6.9246251293,385835.0707568037,-0.5064433473,2021-11-19,2022-12-28,404,2023-07-18,202.0000000000,606.0000000000,606,2021-11-19
actual_pre2026,varshare_qqq_65_block_cut,2010-02-11,2025-12-31,100000.0000000000,26530896.5503377095,264.3089655034,0.4209472009,89,5.6026512410,282370.6605550498,-0.4577015838,2021-11-19,2022-09-30,315,2023-06-02,245.0000000000,560.0000000000,560,2021-11-19
actual_pre2026,varshare_qqq_70_floor50,2010-02-11,2025-12-31,100000.0000000000,22180517.2393708825,220.8051723937,0.4050170201,101,6.3580648914,304812.3139208629,-0.5282412560,2021-11-19,2022-12-28,404,2023-07-17,201.0000000000,605.0000000000,605,2021-11-19
actual_pre2026,varshare_qqq_70_floor100,2010-02-11,2025-12-31,100000.0000000000,17552642.9949834198,174.5264299498,0.3844711641,112,7.0505274043,372236.7357844093,-0.6518735843,2021-11-19,2022-12-28,404,2024-03-01,429.0000000000,833.0000000000,833,2021-11-19
actual_pre2026,varshare_qqq_70_step_up,2010-02-11,2025-12-31,100000.0000000000,20392975.6065165810,202.9297560652,0.3976049523,110,6.9246251293,325981.5366560117,-0.5749724783,2021-11-19,2022-12-28,404,2024-01-19,387.0000000000,791.0000000000,791,2021-11-19
actual_pre2026,varshare_qqq_70_block_cut,2010-02-11,2025-12-31,100000.0000000000,25918761.6360912323,258.1876163609,0.4188607092,91,5.7285535160,283659.4074932614,-0.4577019976,2021-11-19,2022-09-30,315,2023-06-02,245.0000000000,560.0000000000,560,2021-11-19
actual_pre2026,varshare_qqq_75_floor50,2010-02-11,2025-12-31,100000.0000000000,27716804.4572872743,276.1680445729,0.4248641529,97,6.1062603413,324830.7738170007,-0.4663708062,2024-12-16,2025-05-23,158,,,,560,2021-11-19
actual_pre2026,varshare_qqq_75_floor100,2010-02-11,2025-12-31,100000.0000000000,28973426.4456736073,288.7342644567,0.4288468829,110,6.9246251293,433344.9240210271,-0.4882719023,2024-12-16,2025-05-23,158,,,,570,2021-11-19
actual_pre2026,varshare_qqq_75_step_up,2010-02-11,2025-12-31,100000.0000000000,27585313.9723918401,274.8531397239,0.4244376761,108,6.7987228542,367225.0726398350,-0.4797731092,2021-11-19,2022-09-30,315,2023-06-12,255.0000000000,570.0000000000,570,2021-11-19
actual_pre2026,varshare_qqq_75_block_cut,2010-02-11,2025-12-31,100000.0000000000,25918761.6360912323,258.1876163609,0.4188607092,91,5.7285535160,283659.4074932614,-0.4577019976,2021-11-19,2022-09-30,315,2023-06-02,245.0000000000,560.0000000000,560,2021-11-19
actual_pre2026,varshare_qqq_80_floor50,2010-02-11,2025-12-31,100000.0000000000,24847999.1947261319,247.4799919473,0.4150973572,91,5.7285535160,282658.8384806389,-0.4663706020,2024-12-16,2025-05-23,158,,,,560,2021-11-19
actual_pre2026,varshare_qqq_80_floor100,2010-02-11,2025-12-31,100000.0000000000,24891360.6083137915,247.9136060831,0.4152526843,94,5.9174069286,308011.2980453617,-0.4882720060,2024-12-16,2025-05-23,158,,,,559,2021-11-19
actual_pre2026,varshare_qqq_80_step_up,2010-02-11,2025-12-31,100000.0000000000,25933816.5485418886,258.3381654854,0.4189125759,93,5.8544557911,293423.7201142511,-0.4663708283,2024-12-16,2025-05-23,158,,,,559,2021-11-19
actual_pre2026,varshare_qqq_80_block_cut,2010-02-11,2025-12-31,100000.0000000000,25918761.6360912323,258.1876163609,0.4188607092,91,5.7285535160,283659.4074932614,-0.4577019976,2021-11-19,2022-09-30,315,2023-06-02,245.0000000000,560.0000000000,560,2021-11-19
actual_pre2026,magratio_qqq_125_floor50,2010-02-11,2025-12-31,100000.0000000000,23570221.2099823244,234.7022120998,0.4104022462,107,6.7357717166,319563.0576849206,-0.5162370571,2021-11-19,2022-12-28,404,2023-07-13,197.0000000000,601.0000000000,601,2021-11-19
actual_pre2026,magratio_qqq_125_floor100,2010-02-11,2025-12-31,100000.0000000000,20536655.3680701964,204.3665536807,0.3982227888,143,9.0020126680,389325.0539603793,-0.6137907515,2021-11-19,2022-12-28,404,2024-01-23,391.0000000000,795.0000000000,795,2021-11-19
actual_pre2026,magratio_qqq_125_step_up,2010-02-11,2025-12-31,100000.0000000000,23332890.2062088698,232.3289020621,0.4095040013,146,9.1908660807,352949.5666467908,-0.5441506993,2021-11-19,2022-12-28,404,2023-12-13,350.0000000000,754.0000000000,754,2021-11-19
actual_pre2026,magratio_qqq_125_block_cut,2010-02-11,2025-12-31,100000.0000000000,30238640.8398226351,301.3864083982,0.4326965544,83,5.2249444157,301652.7547189539,-0.4577022415,2021-11-19,2022-09-30,315,2023-06-02,245.0000000000,560.0000000000,560,2021-11-19
actual_pre2026,magratio_qqq_150_floor50,2010-02-11,2025-12-31,100000.0000000000,26398367.6956015006,262.9836769560,0.4204993242,95,5.9803580662,293825.2000636651,-0.4584001305,2024-12-16,2025-05-23,158,,,,559,2021-11-19
actual_pre2026,magratio_qqq_150_floor100,2010-02-11,2025-12-31,100000.0000000000,28660867.3626285419,285.6086736263,0.4278716094,117,7.3652830920,402325.5929926241,-0.4673010852,2024-12-16,2025-05-23,158,,,,572,2021-11-19
actual_pre2026,magratio_qqq_150_step_up,2010-02-11,2025-12-31,100000.0000000000,28505508.0867094025,284.0550808671,0.4273831303,121,7.6170876422,395483.1366190891,-0.4761279135,2021-11-19,2022-09-30,315,2023-06-15,258.0000000000,573.0000000000,573,2021-11-19
actual_pre2026,magratio_qqq_150_block_cut,2010-02-11,2025-12-31,100000.0000000000,26452538.5753199980,263.5253857532,0.4206826468,87,5.4767489659,274833.2414350013,-0.4577013962,2021-11-19,2022-09-30,315,2023-06-02,245.0000000000,560.0000000000,560,2021-11-19
actual_pre2026,magratio_qqq_200_floor50,2010-02-11,2025-12-31,100000.0000000000,26187731.5429193825,260.8773154292,0.4197831323,97,6.1062603413,309121.3304823543,-0.4663708583,2024-12-16,2025-05-23,158,,,,560,2021-11-19
actual_pre2026,magratio_qqq_200_floor100,2010-02-11,2025-12-31,100000.0000000000,27127967.3485344276,270.2796734853,0.4229393327,127,7.9947944674,472526.7848124546,-0.4882718539,2024-12-16,2025-05-23,158,,,,559,2021-11-19
actual_pre2026,magratio_qqq_200_step_up,2010-02-11,2025-12-31,100000.0000000000,27173252.1473700963,270.7325214737,0.4230887448,127,7.9947944674,428766.1784309347,-0.4663708893,2024-12-16,2025-05-23,158,,,,559,2021-11-19
actual_pre2026,magratio_qqq_200_block_cut,2010-02-11,2025-12-31,100000.0000000000,26530896.5503377095,264.3089655034,0.4209472009,89,5.6026512410,282370.6605550498,-0.4577015838,2021-11-19,2022-09-30,315,2023-06-02,245.0000000000,560.0000000000,560,2021-11-19
actual_pre2026,magratio_qqq_300_floor50,2010-02-11,2025-12-31,100000.0000000000,25918761.6360912323,258.1876163609,0.4188607092,91,5.7285535160,283659.4074932614,-0.4577019976,2021-11-19,2022-09-30,315,2023-06-02,245.0000000000,560.0000000000,560,2021-11-19
actual_pre2026,magratio_qqq_300_floor100,2010-02-11,2025-12-31,100000.0000000000,26687974.9272869676,265.8797492729,0.4214753351,91,5.7285535160,284378.0484222936,-0.4577019976,2021-11-19,2022-09-30,315,2023-06-02,245.0000000000,560.0000000000,560,2021-11-19
actual_pre2026,magratio_qqq_300_step_up,2010-02-11,2025-12-31,100000.0000000000,26687974.9272869676,265.8797492729,0.4214753351,91,5.7285535160,284378.0484222936,-0.4577019976,2021-11-19,2022-09-30,315,2023-06-02,245.0000000000,560.0000000000,560,2021-11-19
actual_pre2026,magratio_qqq_300_block_cut,2010-02-11,2025-12-31,100000.0000000000,25918761.6360912323,258.1876163609,0.4188607092,91,5.7285535160,283659.4074932614,-0.4577019976,2021-11-19,2022-09-30,315,2023-06-02,245.0000000000,560.0000000000,560,2021-11-19
actual_pre2026,magratio_qqq_400_floor50,2010-02-11,2025-12-31,100000.0000000000,25918761.6360912323,258.1876163609,0.4188607092,91,5.7285535160,283659.4074932614,-0.4577019976,2021-11-19,2022-09-30,315,2023-06-02,245.0000000000,560.0000000000,560,2021-11-19
actual_pre2026,magratio_qqq_400_floor100,2010-02-11,2025-12-31,100000.0000000000,25918761.6360912323,258.1876163609,0.4188607092,91,5.7285535160,283659.4074932614,-0.4577019976,2021-11-19,2022-09-30,315,2023-06-02,245.0000000000,560.0000000000,560,2021-11-19
actual_pre2026,magratio_qqq_400_step_up,2010-02-11,2025-12-31,100000.0000000000,25918761.6360912323,258.1876163609,0.4188607092,91,5.7285535160,283659.4074932614,-0.4577019976,2021-11-19,2022-09-30,315,2023-06-02,245.0000000000,560.0000000000,560,2021-11-19
actual_pre2026,magratio_qqq_400_block_cut,2010-02-11,2025-12-31,100000.0000000000,25918761.6360912323,258.1876163609,0.4188607092,91,5.7285535160,283659.4074932614,-0.4577019976,2021-11-19,2022-09-30,315,2023-06-02,245.0000000000,560.0000000000,560,2021-11-19
actual_pre2026,combo_qqq_30_55_floor50,2010-02-11,2025-12-31,100000.0000000000,23727520.2209941074,236.2752022099,0.4109929295,107,6.7357717166,318816.1783242367,-0.5259062553,2021-11-19,2022-09-30,315,2023-07-13,286.0000000000,601.0000000000,601,2021-11-19
actual_pre2026,combo_qqq_30_55_floor100,2010-02-11,2025-12-31,100000.0000000000,23434968.5122943819,233.3496851229,0.4098913894,151,9.5056217684,497408.7192764459,-0.6277122514,2021-11-19,2022-12-28,404,2024-02-08,407.0000000000,811.0000000000,811,2021-11-19
actual_pre2026,combo_qqq_30_55_step_up,2010-02-11,2025-12-31,100000.0000000000,27005786.3542887643,269.0578635429,0.4225350413,152,9.5685729059,449568.6650299743,-0.5574985942,2021-11-19,2022-09-30,315,2023-12-13,439.0000000000,754.0000000000,754,2021-11-19
actual_pre2026,combo_qqq_30_55_block_cut,2010-02-11,2025-12-31,100000.0000000000,26318539.7064172477,262.1853970642,0.4202285303,85,5.3508466908,266700.6151995191,-0.4577021058,2021-11-19,2022-09-30,315,2023-06-02,245.0000000000,560.0000000000,560,2021-11-19
actual_pre2026,combo_qqq_30_65_floor50,2010-02-11,2025-12-31,100000.0000000000,26737451.2099723183,266.3745120997,0.4216410827,101,6.3580648914,340822.1055876267,-0.4632263602,2021-11-19,2022-09-30,315,2023-06-12,255.0000000000,570.0000000000,570,2021-11-19
actual_pre2026,combo_qqq_30_65_floor100,2010-02-11,2025-12-31,100000.0000000000,26714125.4402826056,266.1412544028,0.4215629762,115,7.2393808170,501499.5103657874,-0.5079964956,2021-11-19,2022-12-28,404,2023-07-17,201.0000000000,605.0000000000,605,2021-11-19
actual_pre2026,combo_qqq_30_65_step_up,2010-02-11,2025-12-31,100000.0000000000,26703210.1458902881,266.0321014589,0.4215264044,116,7.3023319545,419146.7061548650,-0.4967344185,2021-11-19,2022-09-30,315,2023-07-13,286.0000000000,601.0000000000,601,2021-11-19
actual_pre2026,combo_qqq_30_65_block_cut,2010-02-11,2025-12-31,100000.0000000000,26530896.5503377095,264.3089655034,0.4209472009,89,5.6026512410,282370.6605550498,-0.4577015838,2021-11-19,2022-09-30,315,2023-06-02,245.0000000000,560.0000000000,560,2021-11-19
actual_pre2026,combo_qqq_30_75_floor50,2010-02-11,2025-12-31,100000.0000000000,27716804.4572872743,276.1680445729,0.4248641529,97,6.1062603413,324830.7738170007,-0.4663708062,2024-12-16,2025-05-23,158,,,,560,2021-11-19
actual_pre2026,combo_qqq_30_75_floor100,2010-02-11,2025-12-31,100000.0000000000,28973426.4456736073,288.7342644567,0.4288468829,110,6.9246251293,433344.9240210271,-0.4882719023,2024-12-16,2025-05-23,158,,,,570,2021-11-19
actual_pre2026,combo_qqq_30_75_step_up,2010-02-11,2025-12-31,100000.0000000000,27585313.9723918401,274.8531397239,0.4244376761,108,6.7987228542,367225.0726398350,-0.4797731092,2021-11-19,2022-09-30,315,2023-06-12,255.0000000000,570.0000000000,570,2021-11-19
actual_pre2026,combo_qqq_30_75_block_cut,2010-02-11,2025-12-31,100000.0000000000,25918761.6360912323,258.1876163609,0.4188607092,91,5.7285535160,283659.4074932614,-0.4577019976,2021-11-19,2022-09-30,315,2023-06-02,245.0000000000,560.0000000000,560,2021-11-19
actual_pre2026,combo_qqq_50_55_floor50,2010-02-11,2025-12-31,100000.0000000000,23786196.3407155238,236.8619634072,0.4112123286,109,6.8616739917,326566.7528284650,-0.5156139231,2021-11-19,2022-12-28,404,2023-07-13,197.0000000000,601.0000000000,601,2021-11-19
actual_pre2026,combo_qqq_50_55_floor100,2010-02-11,2025-12-31,100000.0000000000,24375395.1236609854,242.7539512366,0.4133877487,141,8.8761103930,483192.3625238027,-0.6127864882,2021-11-19,2022-12-28,404,2024-01-19,387.0000000000,791.0000000000,791,2021-11-19
actual_pre2026,combo_qqq_50_55_step_up,2010-02-11,2025-12-31,100000.0000000000,27450282.0846370608,273.5028208464,0.4239977259,144,9.0649638056,436563.9753515266,-0.5435630576,2021-11-19,2022-12-28,404,2023-07-18,202.0000000000,606.0000000000,606,2021-11-19
actual_pre2026,combo_qqq_50_55_block_cut,2010-02-11,2025-12-31,100000.0000000000,26412909.4558011033,263.1290945580,0.4205485703,87,5.4767489659,273627.5991088045,-0.4577016647,2021-11-19,2022-09-30,315,2023-06-02,245.0000000000,560.0000000000,560,2021-11-19
actual_pre2026,combo_qqq_50_65_floor50,2010-02-11,2025-12-31,100000.0000000000,25930260.7147295736,258.3026071473,0.4189003280,101,6.3580648914,335375.0205590181,-0.4685173990,2021-11-19,2022-12-28,404,2023-06-13,167.0000000000,571.0000000000,571,2021-11-19
actual_pre2026,combo_qqq_50_65_floor100,2010-02-11,2025-12-31,100000.0000000000,25138408.9792922065,250.3840897929,0.4161328402,115,7.2393808170,481628.2853550186,-0.5304553835,2021-11-19,2022-12-28,404,2023-12-12,349.0000000000,753.0000000000,753,2021-11-19
actual_pre2026,combo_qqq_50_65_step_up,2010-02-11,2025-12-31,100000.0000000000,25535106.8498628847,254.3510684986,0.4175293350,116,7.3023319545,406791.1620879268,-0.5002918431,2021-11-19,2022-12-28,404,2023-07-17,201.0000000000,605.0000000000,605,2021-11-19
actual_pre2026,combo_qqq_50_65_block_cut,2010-02-11,2025-12-31,100000.0000000000,26530896.5503377095,264.3089655034,0.4209472009,89,5.6026512410,282370.6605550498,-0.4577015838,2021-11-19,2022-09-30,315,2023-06-02,245.0000000000,560.0000000000,560,2021-11-19
actual_pre2026,combo_qqq_50_75_floor50,2010-02-11,2025-12-31,100000.0000000000,27716804.4572872743,276.1680445729,0.4248641529,97,6.1062603413,324830.7738170007,-0.4663708062,2024-12-16,2025-05-23,158,,,,560,2021-11-19
actual_pre2026,combo_qqq_50_75_floor100,2010-02-11,2025-12-31,100000.0000000000,28973426.4456736073,288.7342644567,0.4288468829,110,6.9246251293,433344.9240210271,-0.4882719023,2024-12-16,2025-05-23,158,,,,570,2021-11-19
actual_pre2026,combo_qqq_50_75_step_up,2010-02-11,2025-12-31,100000.0000000000,27585313.9723918401,274.8531397239,0.4244376761,108,6.7987228542,367225.0726398350,-0.4797731092,2021-11-19,2022-09-30,315,2023-06-12,255.0000000000,570.0000000000,570,2021-11-19
actual_pre2026,combo_qqq_50_75_block_cut,2010-02-11,2025-12-31,100000.0000000000,25918761.6360912323,258.1876163609,0.4188607092,91,5.7285535160,283659.4074932614,-0.4577019976,2021-11-19,2022-09-30,315,2023-06-02,245.0000000000,560.0000000000,560,2021-11-19
actual_pre2026,combo_qqq_75_55_floor50,2010-02-11,2025-12-31,100000.0000000000,24905471.9271312878,248.0547192713,0.4153031784,105,6.6098694416,318503.6864589792,-0.4733270754,2021-11-19,2022-09-30,315,2023-06-12,255.0000000000,570.0000000000,570,2021-11-19
actual_pre2026,combo_qqq_75_55_floor100,2010-02-11,2025-12-31,100000.0000000000,23772866.6912776828,236.7286669128,0.4111625315,139,8.7502081179,478511.6433907936,-0.5157641581,2021-11-19,2022-12-28,404,2023-07-18,202.0000000000,606.0000000000,606,2021-11-19
actual_pre2026,combo_qqq_75_55_step_up,2010-02-11,2025-12-31,100000.0000000000,25195296.8118410148,250.9529681184,0.4163343653,143,9.0020126680,453178.3476838002,-0.5024659350,2021-11-19,2022-09-30,315,2023-07-13,286.0000000000,601.0000000000,601,2021-11-19
actual_pre2026,combo_qqq_75_55_block_cut,2010-02-11,2025-12-31,100000.0000000000,26530896.5503377095,264.3089655034,0.4209472009,89,5.6026512410,282370.6605550498,-0.4577015838,2021-11-19,2022-09-30,315,2023-06-02,245.0000000000,560.0000000000,560,2021-11-19
actual_pre2026,combo_qqq_75_65_floor50,2010-02-11,2025-12-31,100000.0000000000,26944737.0472074002,268.4473704721,0.4223323893,99,6.2321626163,332292.6820933575,-0.4584001409,2024-12-16,2025-05-23,158,,,,570,2021-11-19
actual_pre2026,combo_qqq_75_65_floor100,2010-02-11,2025-12-31,100000.0000000000,26979821.0195438713,268.7982101954,0.4224489024,113,7.1134785419,474823.0197013786,-0.4924598813,2021-11-19,2022-12-28,404,2023-07-13,197.0000000000,601.0000000000,601,2021-11-19
actual_pre2026,combo_qqq_75_65_step_up,2010-02-11,2025-12-31,100000.0000000000,26345860.4702631086,262.4586047026,0.4203212948,114,7.1764296794,401294.6625989699,-0.4915558948,2021-11-19,2022-09-30,315,2023-07-13,286.0000000000,601.0000000000,601,2021-11-19
actual_pre2026,combo_qqq_75_65_block_cut,2010-02-11,2025-12-31,100000.0000000000,26530896.5503377095,264.3089655034,0.4209472009,89,5.6026512410,282370.6605550498,-0.4577015838,2021-11-19,2022-09-30,315,2023-06-02,245.0000000000,560.0000000000,560,2021-11-19
actual_pre2026,combo_qqq_75_75_floor50,2010-02-11,2025-12-31,100000.0000000000,27716804.4572872743,276.1680445729,0.4248641529,97,6.1062603413,324830.7738170007,-0.4663708062,2024-12-16,2025-05-23,158,,,,560,2021-11-19
actual_pre2026,combo_qqq_75_75_floor100,2010-02-11,2025-12-31,100000.0000000000,28973426.4456736073,288.7342644567,0.4288468829,110,6.9246251293,433344.9240210271,-0.4882719023,2024-12-16,2025-05-23,158,,,,570,2021-11-19
actual_pre2026,combo_qqq_75_75_step_up,2010-02-11,2025-12-31,100000.0000000000,27585313.9723918401,274.8531397239,0.4244376761,108,6.7987228542,367225.0726398350,-0.4797731092,2021-11-19,2022-09-30,315,2023-06-12,255.0000000000,570.0000000000,570,2021-11-19
actual_pre2026,combo_qqq_75_75_block_cut,2010-02-11,2025-12-31,100000.0000000000,25918761.6360912323,258.1876163609,0.4188607092,91,5.7285535160,283659.4074932614,-0.4577019976,2021-11-19,2022-09-30,315,2023-06-02,245.0000000000,560.0000000000,560,2021-11-19
actual_pre2026,combo_qqq_100_55_floor50,2010-02-11,2025-12-31,100000.0000000000,26398367.6956015006,262.9836769560,0.4204993242,95,5.9803580662,293825.2000636651,-0.4584001305,2024-12-16,2025-05-23,158,,,,559,2021-11-19
actual_pre2026,combo_qqq_100_55_floor100,2010-02-11,2025-12-31,100000.0000000000,25525918.5075616613,254.2591850756,0.4174972199,115,7.2393808170,381834.7970293718,-0.4790457327,2021-11-19,2022-09-30,315,2023-06-14,257.0000000000,572.0000000000,572,2021-11-19
actual_pre2026,combo_qqq_100_55_step_up,2010-02-11,2025-12-31,100000.0000000000,25387571.1498540454,252.8757114985,0.4170123552,119,7.4911853671,374787.8559054911,-0.4939195510,2021-11-19,2022-09-30,315,2023-06-15,258.0000000000,573.0000000000,573,2021-11-19
actual_pre2026,combo_qqq_100_55_block_cut,2010-02-11,2025-12-31,100000.0000000000,26530896.5503377095,264.3089655034,0.4209472009,89,5.6026512410,282370.6605550498,-0.4577015838,2021-11-19,2022-09-30,315,2023-06-02,245.0000000000,560.0000000000,560,2021-11-19
actual_pre2026,combo_qqq_100_65_floor50,2010-02-11,2025-12-31,100000.0000000000,27503610.5990059301,274.0361059901,0.4241717184,91,5.7285535160,304776.4173872014,-0.4584004060,2024-12-16,2025-05-23,158,,,,560,2021-11-19
actual_pre2026,combo_qqq_100_65_floor100,2010-02-11,2025-12-31,100000.0000000000,27088213.8746741712,269.8821387467,0.4228079778,107,6.7357717166,421399.9690148259,-0.5088235629,2021-11-19,2022-09-30,315,2023-07-13,286.0000000000,601.0000000000,601,2021-11-19
actual_pre2026,combo_qqq_100_65_step_up,2010-02-11,2025-12-31,100000.0000000000,25854782.5623149574,257.5478256231,0.4186399749,108,6.7987228542,379725.6022125496,-0.5088238255,2021-11-19,2022-09-30,315,2023-07-13,286.0000000000,601.0000000000,601,2021-11-19
actual_pre2026,combo_qqq_100_65_block_cut,2010-02-11,2025-12-31,100000.0000000000,26530896.5503377095,264.3089655034,0.4209472009,89,5.6026512410,282370.6605550498,-0.4577015838,2021-11-19,2022-09-30,315,2023-06-02,245.0000000000,560.0000000000,560,2021-11-19
actual_pre2026,combo_qqq_100_75_floor50,2010-02-11,2025-12-31,100000.0000000000,27716804.4572872743,276.1680445729,0.4248641529,97,6.1062603413,324830.7738170007,-0.4663708062,2024-12-16,2025-05-23,158,,,,560,2021-11-19
actual_pre2026,combo_qqq_100_75_floor100,2010-02-11,2025-12-31,100000.0000000000,29116352.7677566521,290.1635276776,0.4292895731,110,6.9246251293,435477.7064041512,-0.4882720232,2024-12-16,2025-05-23,158,,,,570,2021-11-19
actual_pre2026,combo_qqq_100_75_step_up,2010-02-11,2025-12-31,100000.0000000000,27721430.8798964508,276.2143087990,0.4248791237,108,6.7987228542,369032.3248747665,-0.4797727273,2021-11-19,2022-09-30,315,2023-06-12,255.0000000000,570.0000000000,570,2021-11-19
actual_pre2026,combo_qqq_100_75_block_cut,2010-02-11,2025-12-31,100000.0000000000,25918761.6360912323,258.1876163609,0.4188607092,91,5.7285535160,283659.4074932614,-0.4577019976,2021-11-19,2022-09-30,315,2023-06-02,245.0000000000,560.0000000000,560,2021-11-19
actual_pre2026,filtered_ret_qqq_40_sma100_block_cut,2010-02-11,2025-12-31,100000.0000000000,30467371.9210992977,303.6737192110,0.4333763625,83,5.2249444157,297234.1308965333,-0.4577019316,2021-11-19,2022-09-30,315,2023-06-02,245.0000000000,560.0000000000,560,2021-11-19
actual_pre2026,filtered_ret_qqq_40_sma150_block_cut,2010-02-11,2025-12-31,100000.0000000000,30467371.9210992977,303.6737192110,0.4333763625,83,5.2249444157,297234.1308965333,-0.4577019316,2021-11-19,2022-09-30,315,2023-06-02,245.0000000000,560.0000000000,560,2021-11-19
actual_pre2026,filtered_ret_qqq_40_sma200_block_cut,2010-02-11,2025-12-31,100000.0000000000,30207870.6883725002,301.0787068837,0.4326047355,81,5.0990421406,294501.8712912534,-0.4577023154,2021-11-19,2022-09-30,315,2023-06-02,245.0000000000,560.0000000000,560,2021-11-19
actual_pre2026,filtered_ret_qqq_40_return60_block_cut,2010-02-11,2025-12-31,100000.0000000000,30545474.1710766703,304.4547417108,0.4336073941,83,5.2249444157,297993.1761821851,-0.4577023486,2021-11-19,2022-09-30,315,2023-06-02,245.0000000000,560.0000000000,560,2021-11-19
actual_pre2026,filtered_ret_qqq_40_return120_block_cut,2010-02-11,2025-12-31,100000.0000000000,30467371.9210992977,303.6737192110,0.4333763625,83,5.2249444157,297234.1308965333,-0.4577019316,2021-11-19,2022-09-30,315,2023-06-02,245.0000000000,560.0000000000,560,2021-11-19
actual_pre2026,filtered_ret_qqq_40_return200_block_cut,2010-02-11,2025-12-31,100000.0000000000,30207870.6883725002,301.0787068837,0.4326047355,81,5.0990421406,294501.8712912534,-0.4577023154,2021-11-19,2022-09-30,315,2023-06-02,245.0000000000,560.0000000000,560,2021-11-19
actual_pre2026,filtered_ret_qqq_60_sma100_block_cut,2010-02-11,2025-12-31,100000.0000000000,26452538.5753199980,263.5253857532,0.4206826468,87,5.4767489659,274833.2414350013,-0.4577013962,2021-11-19,2022-09-30,315,2023-06-02,245.0000000000,560.0000000000,560,2021-11-19
actual_pre2026,filtered_ret_qqq_60_sma150_block_cut,2010-02-11,2025-12-31,100000.0000000000,26452538.5753199980,263.5253857532,0.4206826468,87,5.4767489659,274833.2414350013,-0.4577013962,2021-11-19,2022-09-30,315,2023-06-02,245.0000000000,560.0000000000,560,2021-11-19
actual_pre2026,filtered_ret_qqq_60_sma200_block_cut,2010-02-11,2025-12-31,100000.0000000000,26452538.5753199980,263.5253857532,0.4206826468,87,5.4767489659,274833.2414350013,-0.4577013962,2021-11-19,2022-09-30,315,2023-06-02,245.0000000000,560.0000000000,560,2021-11-19
actual_pre2026,filtered_ret_qqq_60_return60_block_cut,2010-02-11,2025-12-31,100000.0000000000,26452538.5753199980,263.5253857532,0.4206826468,87,5.4767489659,274833.2414350013,-0.4577013962,2021-11-19,2022-09-30,315,2023-06-02,245.0000000000,560.0000000000,560,2021-11-19
actual_pre2026,filtered_ret_qqq_60_return120_block_cut,2010-02-11,2025-12-31,100000.0000000000,26452538.5753199980,263.5253857532,0.4206826468,87,5.4767489659,274833.2414350013,-0.4577013962,2021-11-19,2022-09-30,315,2023-06-02,245.0000000000,560.0000000000,560,2021-11-19
actual_pre2026,filtered_ret_qqq_60_return200_block_cut,2010-02-11,2025-12-31,100000.0000000000,26452538.5753199980,263.5253857532,0.4206826468,87,5.4767489659,274833.2414350013,-0.4577013962,2021-11-19,2022-09-30,315,2023-06-02,245.0000000000,560.0000000000,560,2021-11-19
actual_pre2026,filtered_ret_qqq_80_sma100_block_cut,2010-02-11,2025-12-31,100000.0000000000,24830282.7447365634,247.3028274474,0.4150338212,89,5.6026512410,267058.2585842984,-0.4577023552,2021-11-19,2022-09-30,315,2023-06-02,245.0000000000,560.0000000000,560,2021-11-19
actual_pre2026,filtered_ret_qqq_80_sma150_block_cut,2010-02-11,2025-12-31,100000.0000000000,24830282.7447365634,247.3028274474,0.4150338212,89,5.6026512410,267058.2585842984,-0.4577023552,2021-11-19,2022-09-30,315,2023-06-02,245.0000000000,560.0000000000,560,2021-11-19
actual_pre2026,filtered_ret_qqq_80_sma200_block_cut,2010-02-11,2025-12-31,100000.0000000000,24830282.7447365634,247.3028274474,0.4150338212,89,5.6026512410,267058.2585842984,-0.4577023552,2021-11-19,2022-09-30,315,2023-06-02,245.0000000000,560.0000000000,560,2021-11-19
actual_pre2026,filtered_ret_qqq_80_return60_block_cut,2010-02-11,2025-12-31,100000.0000000000,24830282.7447365634,247.3028274474,0.4150338212,89,5.6026512410,267058.2585842984,-0.4577023552,2021-11-19,2022-09-30,315,2023-06-02,245.0000000000,560.0000000000,560,2021-11-19
actual_pre2026,filtered_ret_qqq_80_return120_block_cut,2010-02-11,2025-12-31,100000.0000000000,24830282.7447365634,247.3028274474,0.4150338212,89,5.6026512410,267058.2585842984,-0.4577023552,2021-11-19,2022-09-30,315,2023-06-02,245.0000000000,560.0000000000,560,2021-11-19
actual_pre2026,filtered_ret_qqq_80_return200_block_cut,2010-02-11,2025-12-31,100000.0000000000,24830282.7447365634,247.3028274474,0.4150338212,89,5.6026512410,267058.2585842984,-0.4577023552,2021-11-19,2022-09-30,315,2023-06-02,245.0000000000,560.0000000000,560,2021-11-19
actual_pre2026,filtered_ret_qqq_100_sma100_block_cut,2010-02-11,2025-12-31,100000.0000000000,24830282.7447365634,247.3028274474,0.4150338212,89,5.6026512410,267058.2585842984,-0.4577023552,2021-11-19,2022-09-30,315,2023-06-02,245.0000000000,560.0000000000,560,2021-11-19
actual_pre2026,filtered_ret_qqq_100_sma150_block_cut,2010-02-11,2025-12-31,100000.0000000000,24830282.7447365634,247.3028274474,0.4150338212,89,5.6026512410,267058.2585842984,-0.4577023552,2021-11-19,2022-09-30,315,2023-06-02,245.0000000000,560.0000000000,560,2021-11-19
actual_pre2026,filtered_ret_qqq_100_sma200_block_cut,2010-02-11,2025-12-31,100000.0000000000,24830282.7447365634,247.3028274474,0.4150338212,89,5.6026512410,267058.2585842984,-0.4577023552,2021-11-19,2022-09-30,315,2023-06-02,245.0000000000,560.0000000000,560,2021-11-19
actual_pre2026,filtered_ret_qqq_100_return60_block_cut,2010-02-11,2025-12-31,100000.0000000000,24830282.7447365634,247.3028274474,0.4150338212,89,5.6026512410,267058.2585842984,-0.4577023552,2021-11-19,2022-09-30,315,2023-06-02,245.0000000000,560.0000000000,560,2021-11-19
actual_pre2026,filtered_ret_qqq_100_return120_block_cut,2010-02-11,2025-12-31,100000.0000000000,24830282.7447365634,247.3028274474,0.4150338212,89,5.6026512410,267058.2585842984,-0.4577023552,2021-11-19,2022-09-30,315,2023-06-02,245.0000000000,560.0000000000,560,2021-11-19
actual_pre2026,filtered_ret_qqq_100_return200_block_cut,2010-02-11,2025-12-31,100000.0000000000,24830282.7447365634,247.3028274474,0.4150338212,89,5.6026512410,267058.2585842984,-0.4577023552,2021-11-19,2022-09-30,315,2023-06-02,245.0000000000,560.0000000000,560,2021-11-19
actual_pre2026,filtered_ret_qqq_120_sma100_block_cut,2010-02-11,2025-12-31,100000.0000000000,25918761.6360912323,258.1876163609,0.4188607092,91,5.7285535160,283659.4074932614,-0.4577019976,2021-11-19,2022-09-30,315,2023-06-02,245.0000000000,560.0000000000,560,2021-11-19
actual_pre2026,filtered_ret_qqq_120_sma150_block_cut,2010-02-11,2025-12-31,100000.0000000000,25918761.6360912323,258.1876163609,0.4188607092,91,5.7285535160,283659.4074932614,-0.4577019976,2021-11-19,2022-09-30,315,2023-06-02,245.0000000000,560.0000000000,560,2021-11-19
actual_pre2026,filtered_ret_qqq_120_sma200_block_cut,2010-02-11,2025-12-31,100000.0000000000,25918761.6360912323,258.1876163609,0.4188607092,91,5.7285535160,283659.4074932614,-0.4577019976,2021-11-19,2022-09-30,315,2023-06-02,245.0000000000,560.0000000000,560,2021-11-19
actual_pre2026,filtered_ret_qqq_120_return60_block_cut,2010-02-11,2025-12-31,100000.0000000000,25918761.6360912323,258.1876163609,0.4188607092,91,5.7285535160,283659.4074932614,-0.4577019976,2021-11-19,2022-09-30,315,2023-06-02,245.0000000000,560.0000000000,560,2021-11-19
actual_pre2026,filtered_ret_qqq_120_return120_block_cut,2010-02-11,2025-12-31,100000.0000000000,25918761.6360912323,258.1876163609,0.4188607092,91,5.7285535160,283659.4074932614,-0.4577019976,2021-11-19,2022-09-30,315,2023-06-02,245.0000000000,560.0000000000,560,2021-11-19
actual_pre2026,filtered_ret_qqq_120_return200_block_cut,2010-02-11,2025-12-31,100000.0000000000,25918761.6360912323,258.1876163609,0.4188607092,91,5.7285535160,283659.4074932614,-0.4577019976,2021-11-19,2022-09-30,315,2023-06-02,245.0000000000,560.0000000000,560,2021-11-19
actual_pre2026,filtered_ret_qqq_150_sma100_block_cut,2010-02-11,2025-12-31,100000.0000000000,25918761.6360912323,258.1876163609,0.4188607092,91,5.7285535160,283659.4074932614,-0.4577019976,2021-11-19,2022-09-30,315,2023-06-02,245.0000000000,560.0000000000,560,2021-11-19
actual_pre2026,filtered_ret_qqq_150_sma150_block_cut,2010-02-11,2025-12-31,100000.0000000000,25918761.6360912323,258.1876163609,0.4188607092,91,5.7285535160,283659.4074932614,-0.4577019976,2021-11-19,2022-09-30,315,2023-06-02,245.0000000000,560.0000000000,560,2021-11-19
actual_pre2026,filtered_ret_qqq_150_sma200_block_cut,2010-02-11,2025-12-31,100000.0000000000,25918761.6360912323,258.1876163609,0.4188607092,91,5.7285535160,283659.4074932614,-0.4577019976,2021-11-19,2022-09-30,315,2023-06-02,245.0000000000,560.0000000000,560,2021-11-19
actual_pre2026,filtered_ret_qqq_150_return60_block_cut,2010-02-11,2025-12-31,100000.0000000000,25918761.6360912323,258.1876163609,0.4188607092,91,5.7285535160,283659.4074932614,-0.4577019976,2021-11-19,2022-09-30,315,2023-06-02,245.0000000000,560.0000000000,560,2021-11-19
actual_pre2026,filtered_ret_qqq_150_return120_block_cut,2010-02-11,2025-12-31,100000.0000000000,25918761.6360912323,258.1876163609,0.4188607092,91,5.7285535160,283659.4074932614,-0.4577019976,2021-11-19,2022-09-30,315,2023-06-02,245.0000000000,560.0000000000,560,2021-11-19
actual_pre2026,filtered_ret_qqq_150_return200_block_cut,2010-02-11,2025-12-31,100000.0000000000,25918761.6360912323,258.1876163609,0.4188607092,91,5.7285535160,283659.4074932614,-0.4577019976,2021-11-19,2022-09-30,315,2023-06-02,245.0000000000,560.0000000000,560,2021-11-19
actual_pre2026,filtered_ret_tqqq_100_sma100_block_cut,2010-02-11,2025-12-31,100000.0000000000,30498358.2542771474,303.9835825428,0.4334680884,85,5.3508466908,304446.3381970751,-0.4577022349,2021-11-19,2022-09-30,315,2023-06-02,245.0000000000,560.0000000000,560,2021-11-19
actual_pre2026,filtered_ret_tqqq_100_sma150_block_cut,2010-02-11,2025-12-31,100000.0000000000,30498358.2542771474,303.9835825428,0.4334680884,85,5.3508466908,304446.3381970751,-0.4577022349,2021-11-19,2022-09-30,315,2023-06-02,245.0000000000,560.0000000000,560,2021-11-19
actual_pre2026,filtered_ret_tqqq_100_sma200_block_cut,2010-02-11,2025-12-31,100000.0000000000,30238640.8398226351,301.3864083982,0.4326965544,83,5.2249444157,301652.7547189539,-0.4577022415,2021-11-19,2022-09-30,315,2023-06-02,245.0000000000,560.0000000000,560,2021-11-19
actual_pre2026,filtered_ret_tqqq_100_return60_block_cut,2010-02-11,2025-12-31,100000.0000000000,30576564.4462074675,304.7656444621,0.4336992071,85,5.3508466908,305223.5836226133,-0.4577019944,2021-11-19,2022-09-30,315,2023-06-02,245.0000000000,560.0000000000,560,2021-11-19
actual_pre2026,filtered_ret_tqqq_100_return120_block_cut,2010-02-11,2025-12-31,100000.0000000000,30498358.2542771474,303.9835825428,0.4334680884,85,5.3508466908,304446.3381970751,-0.4577022349,2021-11-19,2022-09-30,315,2023-06-02,245.0000000000,560.0000000000,560,2021-11-19
actual_pre2026,filtered_ret_tqqq_100_return200_block_cut,2010-02-11,2025-12-31,100000.0000000000,30238640.8398226351,301.3864083982,0.4326965544,83,5.2249444157,301652.7547189539,-0.4577022415,2021-11-19,2022-09-30,315,2023-06-02,245.0000000000,560.0000000000,560,2021-11-19
actual_pre2026,filtered_ret_tqqq_150_sma100_block_cut,2010-02-11,2025-12-31,100000.0000000000,26452538.5753199980,263.5253857532,0.4206826468,87,5.4767489659,274833.2414350013,-0.4577013962,2021-11-19,2022-09-30,315,2023-06-02,245.0000000000,560.0000000000,560,2021-11-19
actual_pre2026,filtered_ret_tqqq_150_sma150_block_cut,2010-02-11,2025-12-31,100000.0000000000,26452538.5753199980,263.5253857532,0.4206826468,87,5.4767489659,274833.2414350013,-0.4577013962,2021-11-19,2022-09-30,315,2023-06-02,245.0000000000,560.0000000000,560,2021-11-19
actual_pre2026,filtered_ret_tqqq_150_sma200_block_cut,2010-02-11,2025-12-31,100000.0000000000,26452538.5753199980,263.5253857532,0.4206826468,87,5.4767489659,274833.2414350013,-0.4577013962,2021-11-19,2022-09-30,315,2023-06-02,245.0000000000,560.0000000000,560,2021-11-19
actual_pre2026,filtered_ret_tqqq_150_return60_block_cut,2010-02-11,2025-12-31,100000.0000000000,26452538.5753199980,263.5253857532,0.4206826468,87,5.4767489659,274833.2414350013,-0.4577013962,2021-11-19,2022-09-30,315,2023-06-02,245.0000000000,560.0000000000,560,2021-11-19
actual_pre2026,filtered_ret_tqqq_150_return120_block_cut,2010-02-11,2025-12-31,100000.0000000000,26452538.5753199980,263.5253857532,0.4206826468,87,5.4767489659,274833.2414350013,-0.4577013962,2021-11-19,2022-09-30,315,2023-06-02,245.0000000000,560.0000000000,560,2021-11-19
actual_pre2026,filtered_ret_tqqq_150_return200_block_cut,2010-02-11,2025-12-31,100000.0000000000,26452538.5753199980,263.5253857532,0.4206826468,87,5.4767489659,274833.2414350013,-0.4577013962,2021-11-19,2022-09-30,315,2023-06-02,245.0000000000,560.0000000000,560,2021-11-19
actual_pre2026,filtered_ret_tqqq_200_sma100_block_cut,2010-02-11,2025-12-31,100000.0000000000,25181150.4387062304,250.8115043871,0.4162842916,89,5.6026512410,270014.2205875324,-0.4577016864,2021-11-19,2022-09-30,315,2023-06-02,245.0000000000,560.0000000000,560,2021-11-19
actual_pre2026,filtered_ret_tqqq_200_sma150_block_cut,2010-02-11,2025-12-31,100000.0000000000,25181150.4387062304,250.8115043871,0.4162842916,89,5.6026512410,270014.2205875324,-0.4577016864,2021-11-19,2022-09-30,315,2023-06-02,245.0000000000,560.0000000000,560,2021-11-19
actual_pre2026,filtered_ret_tqqq_200_sma200_block_cut,2010-02-11,2025-12-31,100000.0000000000,25181150.4387062304,250.8115043871,0.4162842916,89,5.6026512410,270014.2205875324,-0.4577016864,2021-11-19,2022-09-30,315,2023-06-02,245.0000000000,560.0000000000,560,2021-11-19
actual_pre2026,filtered_ret_tqqq_200_return60_block_cut,2010-02-11,2025-12-31,100000.0000000000,25181150.4387062304,250.8115043871,0.4162842916,89,5.6026512410,270014.2205875324,-0.4577016864,2021-11-19,2022-09-30,315,2023-06-02,245.0000000000,560.0000000000,560,2021-11-19
actual_pre2026,filtered_ret_tqqq_200_return120_block_cut,2010-02-11,2025-12-31,100000.0000000000,25181150.4387062304,250.8115043871,0.4162842916,89,5.6026512410,270014.2205875324,-0.4577016864,2021-11-19,2022-09-30,315,2023-06-02,245.0000000000,560.0000000000,560,2021-11-19
actual_pre2026,filtered_ret_tqqq_200_return200_block_cut,2010-02-11,2025-12-31,100000.0000000000,25181150.4387062304,250.8115043871,0.4162842916,89,5.6026512410,270014.2205875324,-0.4577016864,2021-11-19,2022-09-30,315,2023-06-02,245.0000000000,560.0000000000,560,2021-11-19
actual_pre2026,filtered_ret_tqqq_250_sma100_block_cut,2010-02-11,2025-12-31,100000.0000000000,24830282.7447365634,247.3028274474,0.4150338212,89,5.6026512410,267058.2585842984,-0.4577023552,2021-11-19,2022-09-30,315,2023-06-02,245.0000000000,560.0000000000,560,2021-11-19
actual_pre2026,filtered_ret_tqqq_250_sma150_block_cut,2010-02-11,2025-12-31,100000.0000000000,24830282.7447365634,247.3028274474,0.4150338212,89,5.6026512410,267058.2585842984,-0.4577023552,2021-11-19,2022-09-30,315,2023-06-02,245.0000000000,560.0000000000,560,2021-11-19
actual_pre2026,filtered_ret_tqqq_250_sma200_block_cut,2010-02-11,2025-12-31,100000.0000000000,24830282.7447365634,247.3028274474,0.4150338212,89,5.6026512410,267058.2585842984,-0.4577023552,2021-11-19,2022-09-30,315,2023-06-02,245.0000000000,560.0000000000,560,2021-11-19
actual_pre2026,filtered_ret_tqqq_250_return60_block_cut,2010-02-11,2025-12-31,100000.0000000000,24830282.7447365634,247.3028274474,0.4150338212,89,5.6026512410,267058.2585842984,-0.4577023552,2021-11-19,2022-09-30,315,2023-06-02,245.0000000000,560.0000000000,560,2021-11-19
actual_pre2026,filtered_ret_tqqq_250_return120_block_cut,2010-02-11,2025-12-31,100000.0000000000,24830282.7447365634,247.3028274474,0.4150338212,89,5.6026512410,267058.2585842984,-0.4577023552,2021-11-19,2022-09-30,315,2023-06-02,245.0000000000,560.0000000000,560,2021-11-19
actual_pre2026,filtered_ret_tqqq_250_return200_block_cut,2010-02-11,2025-12-31,100000.0000000000,24830282.7447365634,247.3028274474,0.4150338212,89,5.6026512410,267058.2585842984,-0.4577023552,2021-11-19,2022-09-30,315,2023-06-02,245.0000000000,560.0000000000,560,2021-11-19
actual_pre2026,filtered_ret_tqqq_300_sma100_block_cut,2010-02-11,2025-12-31,100000.0000000000,24830282.7447365634,247.3028274474,0.4150338212,89,5.6026512410,267058.2585842984,-0.4577023552,2021-11-19,2022-09-30,315,2023-06-02,245.0000000000,560.0000000000,560,2021-11-19
actual_pre2026,filtered_ret_tqqq_300_sma150_block_cut,2010-02-11,2025-12-31,100000.0000000000,24830282.7447365634,247.3028274474,0.4150338212,89,5.6026512410,267058.2585842984,-0.4577023552,2021-11-19,2022-09-30,315,2023-06-02,245.0000000000,560.0000000000,560,2021-11-19
actual_pre2026,filtered_ret_tqqq_300_sma200_block_cut,2010-02-11,2025-12-31,100000.0000000000,24830282.7447365634,247.3028274474,0.4150338212,89,5.6026512410,267058.2585842984,-0.4577023552,2021-11-19,2022-09-30,315,2023-06-02,245.0000000000,560.0000000000,560,2021-11-19
actual_pre2026,filtered_ret_tqqq_300_return60_block_cut,2010-02-11,2025-12-31,100000.0000000000,24830282.7447365634,247.3028274474,0.4150338212,89,5.6026512410,267058.2585842984,-0.4577023552,2021-11-19,2022-09-30,315,2023-06-02,245.0000000000,560.0000000000,560,2021-11-19
actual_pre2026,filtered_ret_tqqq_300_return120_block_cut,2010-02-11,2025-12-31,100000.0000000000,24830282.7447365634,247.3028274474,0.4150338212,89,5.6026512410,267058.2585842984,-0.4577023552,2021-11-19,2022-09-30,315,2023-06-02,245.0000000000,560.0000000000,560,2021-11-19
actual_pre2026,filtered_ret_tqqq_300_return200_block_cut,2010-02-11,2025-12-31,100000.0000000000,24830282.7447365634,247.3028274474,0.4150338212,89,5.6026512410,267058.2585842984,-0.4577023552,2021-11-19,2022-09-30,315,2023-06-02,245.0000000000,560.0000000000,560,2021-11-19
actual_pre2026,filtered_varshare_qqq_60_sma100_block_cut,2010-02-11,2025-12-31,100000.0000000000,26837011.5152932405,267.3701151529,0.4219737448,89,5.6026512410,284802.4327294318,-0.4577017018,2021-11-19,2022-09-30,315,2023-06-02,245.0000000000,560.0000000000,560,2021-11-19
actual_pre2026,filtered_varshare_qqq_60_sma150_block_cut,2010-02-11,2025-12-31,100000.0000000000,26837011.5152932405,267.3701151529,0.4219737448,89,5.6026512410,284802.4327294318,-0.4577017018,2021-11-19,2022-09-30,315,2023-06-02,245.0000000000,560.0000000000,560,2021-11-19
actual_pre2026,filtered_varshare_qqq_60_sma200_block_cut,2010-02-11,2025-12-31,100000.0000000000,26837011.5152932405,267.3701151529,0.4219737448,89,5.6026512410,284802.4327294318,-0.4577017018,2021-11-19,2022-09-30,315,2023-06-02,245.0000000000,560.0000000000,560,2021-11-19
actual_pre2026,filtered_varshare_qqq_60_return60_block_cut,2010-02-11,2025-12-31,100000.0000000000,26905831.8965475261,268.0583189655,0.4222030198,89,5.6026512410,285529.5351649146,-0.4577016949,2021-11-19,2022-09-30,315,2023-06-02,245.0000000000,560.0000000000,560,2021-11-19
actual_pre2026,filtered_varshare_qqq_60_return120_block_cut,2010-02-11,2025-12-31,100000.0000000000,26837011.5152932405,267.3701151529,0.4219737448,89,5.6026512410,284802.4327294318,-0.4577017018,2021-11-19,2022-09-30,315,2023-06-02,245.0000000000,560.0000000000,560,2021-11-19
actual_pre2026,filtered_varshare_qqq_60_return200_block_cut,2010-02-11,2025-12-31,100000.0000000000,26837011.5152932405,267.3701151529,0.4219737448,89,5.6026512410,284802.4327294318,-0.4577017018,2021-11-19,2022-09-30,315,2023-06-02,245.0000000000,560.0000000000,560,2021-11-19
actual_pre2026,filtered_varshare_qqq_65_sma100_block_cut,2010-02-11,2025-12-31,100000.0000000000,26530896.5503377095,264.3089655034,0.4209472009,89,5.6026512410,282370.6605550498,-0.4577015838,2021-11-19,2022-09-30,315,2023-06-02,245.0000000000,560.0000000000,560,2021-11-19
actual_pre2026,filtered_varshare_qqq_65_sma150_block_cut,2010-02-11,2025-12-31,100000.0000000000,26530896.5503377095,264.3089655034,0.4209472009,89,5.6026512410,282370.6605550498,-0.4577015838,2021-11-19,2022-09-30,315,2023-06-02,245.0000000000,560.0000000000,560,2021-11-19
actual_pre2026,filtered_varshare_qqq_65_sma200_block_cut,2010-02-11,2025-12-31,100000.0000000000,26530896.5503377095,264.3089655034,0.4209472009,89,5.6026512410,282370.6605550498,-0.4577015838,2021-11-19,2022-09-30,315,2023-06-02,245.0000000000,560.0000000000,560,2021-11-19
actual_pre2026,filtered_varshare_qqq_65_return60_block_cut,2010-02-11,2025-12-31,100000.0000000000,26530896.5503377095,264.3089655034,0.4209472009,89,5.6026512410,282370.6605550498,-0.4577015838,2021-11-19,2022-09-30,315,2023-06-02,245.0000000000,560.0000000000,560,2021-11-19
actual_pre2026,filtered_varshare_qqq_65_return120_block_cut,2010-02-11,2025-12-31,100000.0000000000,26530896.5503377095,264.3089655034,0.4209472009,89,5.6026512410,282370.6605550498,-0.4577015838,2021-11-19,2022-09-30,315,2023-06-02,245.0000000000,560.0000000000,560,2021-11-19
actual_pre2026,filtered_varshare_qqq_65_return200_block_cut,2010-02-11,2025-12-31,100000.0000000000,26530896.5503377095,264.3089655034,0.4209472009,89,5.6026512410,282370.6605550498,-0.4577015838,2021-11-19,2022-09-30,315,2023-06-02,245.0000000000,560.0000000000,560,2021-11-19
actual_pre2026,filtered_varshare_qqq_70_sma100_block_cut,2010-02-11,2025-12-31,100000.0000000000,25918761.6360912323,258.1876163609,0.4188607092,91,5.7285535160,283659.4074932614,-0.4577019976,2021-11-19,2022-09-30,315,2023-06-02,245.0000000000,560.0000000000,560,2021-11-19
actual_pre2026,filtered_varshare_qqq_70_sma150_block_cut,2010-02-11,2025-12-31,100000.0000000000,25918761.6360912323,258.1876163609,0.4188607092,91,5.7285535160,283659.4074932614,-0.4577019976,2021-11-19,2022-09-30,315,2023-06-02,245.0000000000,560.0000000000,560,2021-11-19
actual_pre2026,filtered_varshare_qqq_70_sma200_block_cut,2010-02-11,2025-12-31,100000.0000000000,25918761.6360912323,258.1876163609,0.4188607092,91,5.7285535160,283659.4074932614,-0.4577019976,2021-11-19,2022-09-30,315,2023-06-02,245.0000000000,560.0000000000,560,2021-11-19
actual_pre2026,filtered_varshare_qqq_70_return60_block_cut,2010-02-11,2025-12-31,100000.0000000000,25918761.6360912323,258.1876163609,0.4188607092,91,5.7285535160,283659.4074932614,-0.4577019976,2021-11-19,2022-09-30,315,2023-06-02,245.0000000000,560.0000000000,560,2021-11-19
actual_pre2026,filtered_varshare_qqq_70_return120_block_cut,2010-02-11,2025-12-31,100000.0000000000,25918761.6360912323,258.1876163609,0.4188607092,91,5.7285535160,283659.4074932614,-0.4577019976,2021-11-19,2022-09-30,315,2023-06-02,245.0000000000,560.0000000000,560,2021-11-19
actual_pre2026,filtered_varshare_qqq_70_return200_block_cut,2010-02-11,2025-12-31,100000.0000000000,25918761.6360912323,258.1876163609,0.4188607092,91,5.7285535160,283659.4074932614,-0.4577019976,2021-11-19,2022-09-30,315,2023-06-02,245.0000000000,560.0000000000,560,2021-11-19
actual_pre2026,filtered_varshare_tqqq_60_sma100_block_cut,2010-02-11,2025-12-31,100000.0000000000,26345325.2185343280,262.4532521853,0.4203194783,87,5.4767489659,272930.7887486208,-0.4577021868,2021-11-19,2022-09-30,315,2023-06-02,245.0000000000,560.0000000000,560,2021-11-19
actual_pre2026,filtered_varshare_tqqq_60_sma150_block_cut,2010-02-11,2025-12-31,100000.0000000000,26345325.2185343280,262.4532521853,0.4203194783,87,5.4767489659,272930.7887486208,-0.4577021868,2021-11-19,2022-09-30,315,2023-06-02,245.0000000000,560.0000000000,560,2021-11-19
actual_pre2026,filtered_varshare_tqqq_60_sma200_block_cut,2010-02-11,2025-12-31,100000.0000000000,26345325.2185343280,262.4532521853,0.4203194783,87,5.4767489659,272930.7887486208,-0.4577021868,2021-11-19,2022-09-30,315,2023-06-02,245.0000000000,560.0000000000,560,2021-11-19
actual_pre2026,filtered_varshare_tqqq_60_return60_block_cut,2010-02-11,2025-12-31,100000.0000000000,26412909.4558011033,263.1290945580,0.4205485703,87,5.4767489659,273627.5991088045,-0.4577016647,2021-11-19,2022-09-30,315,2023-06-02,245.0000000000,560.0000000000,560,2021-11-19
actual_pre2026,filtered_varshare_tqqq_60_return120_block_cut,2010-02-11,2025-12-31,100000.0000000000,26345325.2185343280,262.4532521853,0.4203194783,87,5.4767489659,272930.7887486208,-0.4577021868,2021-11-19,2022-09-30,315,2023-06-02,245.0000000000,560.0000000000,560,2021-11-19
actual_pre2026,filtered_varshare_tqqq_60_return200_block_cut,2010-02-11,2025-12-31,100000.0000000000,26345325.2185343280,262.4532521853,0.4203194783,87,5.4767489659,272930.7887486208,-0.4577021868,2021-11-19,2022-09-30,315,2023-06-02,245.0000000000,560.0000000000,560,2021-11-19
actual_pre2026,filtered_varshare_tqqq_65_sma100_block_cut,2010-02-11,2025-12-31,100000.0000000000,26530896.5503377095,264.3089655034,0.4209472009,89,5.6026512410,282370.6605550498,-0.4577015838,2021-11-19,2022-09-30,315,2023-06-02,245.0000000000,560.0000000000,560,2021-11-19
actual_pre2026,filtered_varshare_tqqq_65_sma150_block_cut,2010-02-11,2025-12-31,100000.0000000000,26530896.5503377095,264.3089655034,0.4209472009,89,5.6026512410,282370.6605550498,-0.4577015838,2021-11-19,2022-09-30,315,2023-06-02,245.0000000000,560.0000000000,560,2021-11-19
actual_pre2026,filtered_varshare_tqqq_65_sma200_block_cut,2010-02-11,2025-12-31,100000.0000000000,26530896.5503377095,264.3089655034,0.4209472009,89,5.6026512410,282370.6605550498,-0.4577015838,2021-11-19,2022-09-30,315,2023-06-02,245.0000000000,560.0000000000,560,2021-11-19
actual_pre2026,filtered_varshare_tqqq_65_return60_block_cut,2010-02-11,2025-12-31,100000.0000000000,26530896.5503377095,264.3089655034,0.4209472009,89,5.6026512410,282370.6605550498,-0.4577015838,2021-11-19,2022-09-30,315,2023-06-02,245.0000000000,560.0000000000,560,2021-11-19
actual_pre2026,filtered_varshare_tqqq_65_return120_block_cut,2010-02-11,2025-12-31,100000.0000000000,26530896.5503377095,264.3089655034,0.4209472009,89,5.6026512410,282370.6605550498,-0.4577015838,2021-11-19,2022-09-30,315,2023-06-02,245.0000000000,560.0000000000,560,2021-11-19
actual_pre2026,filtered_varshare_tqqq_65_return200_block_cut,2010-02-11,2025-12-31,100000.0000000000,26530896.5503377095,264.3089655034,0.4209472009,89,5.6026512410,282370.6605550498,-0.4577015838,2021-11-19,2022-09-30,315,2023-06-02,245.0000000000,560.0000000000,560,2021-11-19
actual_pre2026,filtered_varshare_tqqq_70_sma100_block_cut,2010-02-11,2025-12-31,100000.0000000000,25918761.6360912323,258.1876163609,0.4188607092,91,5.7285535160,283659.4074932614,-0.4577019976,2021-11-19,2022-09-30,315,2023-06-02,245.0000000000,560.0000000000,560,2021-11-19
actual_pre2026,filtered_varshare_tqqq_70_sma150_block_cut,2010-02-11,2025-12-31,100000.0000000000,25918761.6360912323,258.1876163609,0.4188607092,91,5.7285535160,283659.4074932614,-0.4577019976,2021-11-19,2022-09-30,315,2023-06-02,245.0000000000,560.0000000000,560,2021-11-19
actual_pre2026,filtered_varshare_tqqq_70_sma200_block_cut,2010-02-11,2025-12-31,100000.0000000000,25918761.6360912323,258.1876163609,0.4188607092,91,5.7285535160,283659.4074932614,-0.4577019976,2021-11-19,2022-09-30,315,2023-06-02,245.0000000000,560.0000000000,560,2021-11-19
actual_pre2026,filtered_varshare_tqqq_70_return60_block_cut,2010-02-11,2025-12-31,100000.0000000000,25918761.6360912323,258.1876163609,0.4188607092,91,5.7285535160,283659.4074932614,-0.4577019976,2021-11-19,2022-09-30,315,2023-06-02,245.0000000000,560.0000000000,560,2021-11-19
actual_pre2026,filtered_varshare_tqqq_70_return120_block_cut,2010-02-11,2025-12-31,100000.0000000000,25918761.6360912323,258.1876163609,0.4188607092,91,5.7285535160,283659.4074932614,-0.4577019976,2021-11-19,2022-09-30,315,2023-06-02,245.0000000000,560.0000000000,560,2021-11-19
actual_pre2026,filtered_varshare_tqqq_70_return200_block_cut,2010-02-11,2025-12-31,100000.0000000000,25918761.6360912323,258.1876163609,0.4188607092,91,5.7285535160,283659.4074932614,-0.4577019976,2021-11-19,2022-09-30,315,2023-06-02,245.0000000000,560.0000000000,560,2021-11-19
actual_pre2026,filtered_magratio_qqq_200_sma100_block_cut,2010-02-11,2025-12-31,100000.0000000000,26530896.5503377095,264.3089655034,0.4209472009,89,5.6026512410,282370.6605550498,-0.4577015838,2021-11-19,2022-09-30,315,2023-06-02,245.0000000000,560.0000000000,560,2021-11-19
actual_pre2026,filtered_magratio_qqq_200_sma150_block_cut,2010-02-11,2025-12-31,100000.0000000000,26530896.5503377095,264.3089655034,0.4209472009,89,5.6026512410,282370.6605550498,-0.4577015838,2021-11-19,2022-09-30,315,2023-06-02,245.0000000000,560.0000000000,560,2021-11-19
actual_pre2026,filtered_magratio_qqq_200_sma200_block_cut,2010-02-11,2025-12-31,100000.0000000000,26530896.5503377095,264.3089655034,0.4209472009,89,5.6026512410,282370.6605550498,-0.4577015838,2021-11-19,2022-09-30,315,2023-06-02,245.0000000000,560.0000000000,560,2021-11-19
actual_pre2026,filtered_magratio_qqq_200_return60_block_cut,2010-02-11,2025-12-31,100000.0000000000,26530896.5503377095,264.3089655034,0.4209472009,89,5.6026512410,282370.6605550498,-0.4577015838,2021-11-19,2022-09-30,315,2023-06-02,245.0000000000,560.0000000000,560,2021-11-19
actual_pre2026,filtered_magratio_qqq_200_return120_block_cut,2010-02-11,2025-12-31,100000.0000000000,26530896.5503377095,264.3089655034,0.4209472009,89,5.6026512410,282370.6605550498,-0.4577015838,2021-11-19,2022-09-30,315,2023-06-02,245.0000000000,560.0000000000,560,2021-11-19
actual_pre2026,filtered_magratio_qqq_200_return200_block_cut,2010-02-11,2025-12-31,100000.0000000000,26530896.5503377095,264.3089655034,0.4209472009,89,5.6026512410,282370.6605550498,-0.4577015838,2021-11-19,2022-09-30,315,2023-06-02,245.0000000000,560.0000000000,560,2021-11-19
actual_pre2026,filtered_magratio_qqq_300_sma100_block_cut,2010-02-11,2025-12-31,100000.0000000000,25918761.6360912323,258.1876163609,0.4188607092,91,5.7285535160,283659.4074932614,-0.4577019976,2021-11-19,2022-09-30,315,2023-06-02,245.0000000000,560.0000000000,560,2021-11-19
actual_pre2026,filtered_magratio_qqq_300_sma150_block_cut,2010-02-11,2025-12-31,100000.0000000000,25918761.6360912323,258.1876163609,0.4188607092,91,5.7285535160,283659.4074932614,-0.4577019976,2021-11-19,2022-09-30,315,2023-06-02,245.0000000000,560.0000000000,560,2021-11-19
actual_pre2026,filtered_magratio_qqq_300_sma200_block_cut,2010-02-11,2025-12-31,100000.0000000000,25918761.6360912323,258.1876163609,0.4188607092,91,5.7285535160,283659.4074932614,-0.4577019976,2021-11-19,2022-09-30,315,2023-06-02,245.0000000000,560.0000000000,560,2021-11-19
actual_pre2026,filtered_magratio_qqq_300_return60_block_cut,2010-02-11,2025-12-31,100000.0000000000,25918761.6360912323,258.1876163609,0.4188607092,91,5.7285535160,283659.4074932614,-0.4577019976,2021-11-19,2022-09-30,315,2023-06-02,245.0000000000,560.0000000000,560,2021-11-19
actual_pre2026,filtered_magratio_qqq_300_return120_block_cut,2010-02-11,2025-12-31,100000.0000000000,25918761.6360912323,258.1876163609,0.4188607092,91,5.7285535160,283659.4074932614,-0.4577019976,2021-11-19,2022-09-30,315,2023-06-02,245.0000000000,560.0000000000,560,2021-11-19
actual_pre2026,filtered_magratio_qqq_300_return200_block_cut,2010-02-11,2025-12-31,100000.0000000000,25918761.6360912323,258.1876163609,0.4188607092,91,5.7285535160,283659.4074932614,-0.4577019976,2021-11-19,2022-09-30,315,2023-06-02,245.0000000000,560.0000000000,560,2021-11-19
actual_pre2026,filtered_magratio_tqqq_200_sma100_block_cut,2010-02-11,2025-12-31,100000.0000000000,26530896.5503377095,264.3089655034,0.4209472009,89,5.6026512410,282370.6605550498,-0.4577015838,2021-11-19,2022-09-30,315,2023-06-02,245.0000000000,560.0000000000,560,2021-11-19
actual_pre2026,filtered_magratio_tqqq_200_sma150_block_cut,2010-02-11,2025-12-31,100000.0000000000,26530896.5503377095,264.3089655034,0.4209472009,89,5.6026512410,282370.6605550498,-0.4577015838,2021-11-19,2022-09-30,315,2023-06-02,245.0000000000,560.0000000000,560,2021-11-19
actual_pre2026,filtered_magratio_tqqq_200_sma200_block_cut,2010-02-11,2025-12-31,100000.0000000000,26530896.5503377095,264.3089655034,0.4209472009,89,5.6026512410,282370.6605550498,-0.4577015838,2021-11-19,2022-09-30,315,2023-06-02,245.0000000000,560.0000000000,560,2021-11-19
actual_pre2026,filtered_magratio_tqqq_200_return60_block_cut,2010-02-11,2025-12-31,100000.0000000000,26530896.5503377095,264.3089655034,0.4209472009,89,5.6026512410,282370.6605550498,-0.4577015838,2021-11-19,2022-09-30,315,2023-06-02,245.0000000000,560.0000000000,560,2021-11-19
actual_pre2026,filtered_magratio_tqqq_200_return120_block_cut,2010-02-11,2025-12-31,100000.0000000000,26530896.5503377095,264.3089655034,0.4209472009,89,5.6026512410,282370.6605550498,-0.4577015838,2021-11-19,2022-09-30,315,2023-06-02,245.0000000000,560.0000000000,560,2021-11-19
actual_pre2026,filtered_magratio_tqqq_200_return200_block_cut,2010-02-11,2025-12-31,100000.0000000000,26530896.5503377095,264.3089655034,0.4209472009,89,5.6026512410,282370.6605550498,-0.4577015838,2021-11-19,2022-09-30,315,2023-06-02,245.0000000000,560.0000000000,560,2021-11-19
actual_pre2026,filtered_magratio_tqqq_300_sma100_block_cut,2010-02-11,2025-12-31,100000.0000000000,25918761.6360912323,258.1876163609,0.4188607092,91,5.7285535160,283659.4074932614,-0.4577019976,2021-11-19,2022-09-30,315,2023-06-02,245.0000000000,560.0000000000,560,2021-11-19
actual_pre2026,filtered_magratio_tqqq_300_sma150_block_cut,2010-02-11,2025-12-31,100000.0000000000,25918761.6360912323,258.1876163609,0.4188607092,91,5.7285535160,283659.4074932614,-0.4577019976,2021-11-19,2022-09-30,315,2023-06-02,245.0000000000,560.0000000000,560,2021-11-19
actual_pre2026,filtered_magratio_tqqq_300_sma200_block_cut,2010-02-11,2025-12-31,100000.0000000000,25918761.6360912323,258.1876163609,0.4188607092,91,5.7285535160,283659.4074932614,-0.4577019976,2021-11-19,2022-09-30,315,2023-06-02,245.0000000000,560.0000000000,560,2021-11-19
actual_pre2026,filtered_magratio_tqqq_300_return60_block_cut,2010-02-11,2025-12-31,100000.0000000000,25918761.6360912323,258.1876163609,0.4188607092,91,5.7285535160,283659.4074932614,-0.4577019976,2021-11-19,2022-09-30,315,2023-06-02,245.0000000000,560.0000000000,560,2021-11-19
actual_pre2026,filtered_magratio_tqqq_300_return120_block_cut,2010-02-11,2025-12-31,100000.0000000000,25918761.6360912323,258.1876163609,0.4188607092,91,5.7285535160,283659.4074932614,-0.4577019976,2021-11-19,2022-09-30,315,2023-06-02,245.0000000000,560.0000000000,560,2021-11-19
actual_pre2026,filtered_magratio_tqqq_300_return200_block_cut,2010-02-11,2025-12-31,100000.0000000000,25918761.6360912323,258.1876163609,0.4188607092,91,5.7285535160,283659.4074932614,-0.4577019976,2021-11-19,2022-09-30,315,2023-06-02,245.0000000000,560.0000000000,560,2021-11-19
decade_2016_2025,vo,2016-01-04,2025-12-31,100000.0000000000,2420041.5782648772,23.2004157826,0.3756633599,67,6.7062887092,26146.4008300926,-0.4576942932,2021-11-19,2022-09-30,315,2023-06-02,245.0000000000,560.0000000000,560,2021-11-19
decade_2016_2025,ret_tqqq_50_floor50,2016-01-04,2025-12-31,100000.0000000000,2115803.5669879662,20.1580356699,0.3572877998,75,7.5070395999,28215.2817219220,-0.5535543409,2021-11-19,2022-12-28,404,2023-07-18,202.0000000000,606.0000000000,606,2021-11-19
decade_2016_2025,ret_tqqq_50_floor100,2016-01-04,2025-12-31,100000.0000000000,1851368.1674898004,17.5136816749,0.3392703304,107,10.7100431625,41324.5333410642,-0.6774063175,2021-11-19,2022-12-28,404,2024-06-11,531.0000000000,935.0000000000,935,2021-11-19
decade_2016_2025,ret_tqqq_50_step_up,2016-01-04,2025-12-31,100000.0000000000,2206794.7542374358,21.0679475424,0.3630202924,108,10.8101370238,37291.8674289233,-0.5827237231,2021-11-19,2022-12-28,404,2024-01-19,387.0000000000,791.0000000000,791,2021-11-19
decade_2016_2025,ret_tqqq_50_block_cut,2016-01-04,2025-12-31,100000.0000000000,2710794.9569780380,26.1079495698,0.3913749472,59,5.9055378186,26286.3941114322,-0.4576984729,2021-11-19,2022-09-30,315,2023-06-02,245.0000000000,560.0000000000,560,2021-11-19
decade_2016_2025,ret_tqqq_100_floor50,2016-01-04,2025-12-31,100000.0000000000,2329096.4743318213,22.2909647433,0.3703991287,79,7.9074150452,30983.8953837921,-0.5061549266,2021-11-19,2022-12-28,404,2023-06-15,169.0000000000,573.0000000000,573,2021-11-19
decade_2016_2025,ret_tqqq_100_floor100,2016-01-04,2025-12-31,100000.0000000000,2305024.6858924879,22.0502468589,0.3689748217,97,9.7091045492,42136.6574525878,-0.5965971632,2021-11-19,2022-12-28,404,2024-01-19,387.0000000000,791.0000000000,791,2021-11-19
decade_2016_2025,ret_tqqq_100_step_up,2016-01-04,2025-12-31,100000.0000000000,2452361.6028006519,23.5236160280,0.3774913457,100,10.0093861332,36026.8999669572,-0.5346517667,2021-11-19,2022-12-28,404,2023-07-18,202.0000000000,606.0000000000,606,2021-11-19
decade_2016_2025,ret_tqqq_100_block_cut,2016-01-04,2025-12-31,100000.0000000000,2854924.8762836931,27.5492487628,0.3986082720,61,6.1057255412,28159.8121811738,-0.4576959422,2021-11-19,2022-09-30,315,2023-06-02,245.0000000000,560.0000000000,560,2021-11-19
decade_2016_2025,ret_tqqq_150_floor50,2016-01-04,2025-12-31,100000.0000000000,2374327.8921101904,22.7432789211,0.3730399685,81,8.1076027679,31494.8059795968,-0.4907396484,2021-11-19,2022-09-30,315,2023-06-14,257.0000000000,572.0000000000,572,2021-11-19
decade_2016_2025,ret_tqqq_150_floor100,2016-01-04,2025-12-31,100000.0000000000,2737761.8625185499,26.3776186252,0.3927542193,95,9.5089168265,49471.3520103571,-0.5571943160,2021-11-19,2022-12-28,404,2023-12-13,350.0000000000,754.0000000000,754,2021-11-19
decade_2016_2025,ret_tqqq_150_step_up,2016-01-04,2025-12-31,100000.0000000000,2833005.7381668007,27.3300573817,0.3975297293,99,9.9092922719,43210.9718145521,-0.5189180610,2021-11-19,2022-09-30,315,2023-07-13,286.0000000000,601.0000000000,601,2021-11-19
decade_2016_2025,ret_tqqq_150_block_cut,2016-01-04,2025-12-31,100000.0000000000,2469895.7988003734,23.6989579880,0.3784740086,63,6.3059132639,25322.4812937974,-0.4576887884,2021-11-19,2022-09-30,315,2023-06-02,245.0000000000,560.0000000000,560,2021-11-19
decade_2016_2025,ret_tqqq_200_floor50,2016-01-04,2025-12-31,100000.0000000000,2474729.5432381472,23.7472954324,0.3787438005,79,7.9074150452,32399.1899560384,-0.4733187778,2021-11-19,2022-09-30,315,2023-06-12,255.0000000000,570.0000000000,570,2021-11-19
decade_2016_2025,ret_tqqq_200_floor100,2016-01-04,2025-12-31,100000.0000000000,2882367.7030846532,27.8236770308,0.3999481543,99,9.9092922719,55762.5584759466,-0.5198270197,2021-11-19,2022-12-28,404,2023-07-18,202.0000000000,606.0000000000,606,2021-11-19
decade_2016_2025,ret_tqqq_200_step_up,2016-01-04,2025-12-31,100000.0000000000,2848458.2769940449,27.4845827699,0.3982908568,103,10.3096677172,48026.5544272928,-0.5024577596,2021-11-19,2022-09-30,315,2023-07-13,286.0000000000,601.0000000000,601,2021-11-19
decade_2016_2025,ret_tqqq_200_block_cut,2016-01-04,2025-12-31,100000.0000000000,2351181.8084263671,22.5118180843,0.3716942939,65,6.5061009866,24872.6278213783,-0.4576901551,2021-11-19,2022-09-30,315,2023-06-02,245.0000000000,560.0000000000,560,2021-11-19
decade_2016_2025,ret_tqqq_250_floor50,2016-01-04,2025-12-31,100000.0000000000,2613336.5595212458,25.1333655952,0.3862850963,71,7.1066641546,29637.9350005850,-0.4583999519,2024-12-16,2025-05-23,158,,,,559,2021-11-19
decade_2016_2025,ret_tqqq_250_floor100,2016-01-04,2025-12-31,100000.0000000000,2820397.6988024060,27.2039769880,0.3969059372,87,8.7081659359,43294.3284837903,-0.4827305866,2021-11-19,2022-09-30,315,2023-06-15,258.0000000000,573.0000000000,573,2021-11-19
decade_2016_2025,ret_tqqq_250_step_up,2016-01-04,2025-12-31,100000.0000000000,2631881.9291000813,25.3188192910,0.3872666576,91,9.1085413812,38816.5436247310,-0.4974944128,2021-11-19,2022-09-30,315,2023-07-12,285.0000000000,600.0000000000,600,2021-11-19
decade_2016_2025,ret_tqqq_250_block_cut,2016-01-04,2025-12-31,100000.0000000000,2318387.3605974475,22.1838736060,0.3697671233,65,6.5061009866,24596.4678626557,-0.4576961486,2021-11-19,2022-09-30,315,2023-06-02,245.0000000000,560.0000000000,560,2021-11-19
decade_2016_2025,ret_tqqq_300_floor50,2016-01-04,2025-12-31,100000.0000000000,2617874.6563222664,25.1787465632,0.3865258646,69,6.9064764319,28795.8113245815,-0.4583983711,2024-12-16,2025-05-23,158,,,,559,2021-11-19
decade_2016_2025,ret_tqqq_300_floor100,2016-01-04,2025-12-31,100000.0000000000,2440905.0606420152,23.4090506064,0.3768458699,101,10.1094799945,42570.2051380301,-0.4872174422,2021-11-19,2022-09-30,315,2023-06-15,258.0000000000,573.0000000000,573,2021-11-19
decade_2016_2025,ret_tqqq_300_step_up,2016-01-04,2025-12-31,100000.0000000000,2274214.6773499474,21.7421467735,0.3671321606,103,10.3096677172,37784.4781393813,-0.5018571954,2021-11-19,2022-09-30,315,2023-07-12,285.0000000000,600.0000000000,600,2021-11-19
decade_2016_2025,ret_tqqq_300_block_cut,2016-01-04,2025-12-31,100000.0000000000,2318387.3605974475,22.1838736060,0.3697671233,65,6.5061009866,24596.4678626557,-0.4576961486,2021-11-19,2022-09-30,315,2023-06-02,245.0000000000,560.0000000000,560,2021-11-19
decade_2016_2025,ret_tqqq_400_floor50,2016-01-04,2025-12-31,100000.0000000000,2604495.7915710732,25.0449579157,0.3858149678,69,6.9064764319,28915.8515288936,-0.4583990288,2024-12-16,2025-05-23,158,,,,560,2021-11-19
decade_2016_2025,ret_tqqq_400_floor100,2016-01-04,2025-12-31,100000.0000000000,2635639.4718223759,25.3563947182,0.3874647766,91,9.1085413812,39593.0899024513,-0.4724976670,2024-12-16,2025-05-23,158,,,,570,2021-11-19
decade_2016_2025,ret_tqqq_400_step_up,2016-01-04,2025-12-31,100000.0000000000,2480709.9027730925,23.8070990277,0.3790769344,91,9.1085413812,34800.1724163043,-0.4583978486,2024-12-16,2025-05-23,158,,,,570,2021-11-19
decade_2016_2025,ret_tqqq_400_block_cut,2016-01-04,2025-12-31,100000.0000000000,2420041.5782648772,23.2004157826,0.3756633599,67,6.7062887092,26146.4008300926,-0.4576942932,2021-11-19,2022-09-30,315,2023-06-02,245.0000000000,560.0000000000,560,2021-11-19
decade_2016_2025,varshare_tqqq_55_floor50,2016-01-04,2025-12-31,100000.0000000000,2463425.1392251495,23.6342513923,0.3781121087,77,7.7072273226,32409.3467572093,-0.5365121380,2021-11-19,2022-12-28,404,2023-07-18,202.0000000000,606.0000000000,606,2021-11-19
decade_2016_2025,varshare_tqqq_55_floor100,2016-01-04,2025-12-31,100000.0000000000,2614163.9499011105,25.1416394990,0.3863290215,103,10.3096677172,52690.1477563448,-0.6984648535,2021-11-19,2022-12-28,404,2024-06-11,531.0000000000,935.0000000000,935,2021-11-19
decade_2016_2025,varshare_tqqq_55_step_up,2016-01-04,2025-12-31,100000.0000000000,2673577.8860727227,25.7357788607,0.3894509910,109,10.9102308852,46297.1513784593,-0.6238492154,2021-11-19,2022-12-28,404,2024-01-24,392.0000000000,796.0000000000,796,2021-11-19
decade_2016_2025,varshare_tqqq_55_block_cut,2016-01-04,2025-12-31,100000.0000000000,2303451.2352231415,22.0345123522,0.3688812566,61,6.1057255412,23411.4649519834,-0.4929633622,2021-11-19,2022-09-30,315,2023-06-13,256.0000000000,571.0000000000,571,2021-11-19
decade_2016_2025,varshare_tqqq_60_floor50,2016-01-04,2025-12-31,100000.0000000000,2283482.5199784711,21.8348251998,0.3676887951,75,7.5070395999,30631.8160660006,-0.5266611818,2021-11-19,2022-12-28,404,2023-07-17,201.0000000000,605.0000000000,605,2021-11-19
decade_2016_2025,varshare_tqqq_60_floor100,2016-01-04,2025-12-31,100000.0000000000,2005494.8586059259,19.0549485861,0.3500329972,95,9.5089168265,42714.2430172559,-0.6336555698,2021-11-19,2022-12-28,404,2024-01-25,393.0000000000,797.0000000000,797,2021-11-19
decade_2016_2025,varshare_tqqq_60_step_up,2016-01-04,2025-12-31,100000.0000000000,2131855.4431551411,20.3185544316,0.3583149924,95,9.5089168265,36085.8071941252,-0.5523063670,2021-11-19,2022-12-28,404,2023-12-13,350.0000000000,754.0000000000,754,2021-11-19
decade_2016_2025,varshare_tqqq_60_block_cut,2016-01-04,2025-12-31,100000.0000000000,2466199.7118808320,23.6619971188,0.3782673935,63,6.3059132639,25209.9354915210,-0.4576885084,2021-11-19,2022-09-30,315,2023-06-02,245.0000000000,560.0000000000,560,2021-11-19
decade_2016_2025,varshare_tqqq_65_floor50,2016-01-04,2025-12-31,100000.0000000000,2327257.4390849685,22.2725743908,0.3702907831,71,7.1066641546,28472.7696062221,-0.4750506432,2021-11-19,2022-12-28,404,2023-06-14,168.0000000000,572.0000000000,572,2021-11-19
decade_2016_2025,varshare_tqqq_65_floor100,2016-01-04,2025-12-31,100000.0000000000,2202695.7378420760,21.0269573784,0.3627666682,82,8.2076966292,37233.2125318497,-0.5496116284,2021-11-19,2022-12-28,404,2023-12-15,352.0000000000,756.0000000000,756,2021-11-19
decade_2016_2025,varshare_tqqq_65_step_up,2016-01-04,2025-12-31,100000.0000000000,2249215.7233864572,21.4921572339,0.3656204590,82,8.2076966292,32209.2482571553,-0.5064345946,2021-11-19,2022-12-28,404,2023-07-18,202.0000000000,606.0000000000,606,2021-11-19
decade_2016_2025,varshare_tqqq_65_block_cut,2016-01-04,2025-12-31,100000.0000000000,2477210.5149097247,23.7721051491,0.3788820900,65,6.5061009866,26026.2823794914,-0.4576945767,2021-11-19,2022-09-30,315,2023-06-02,245.0000000000,560.0000000000,560,2021-11-19
decade_2016_2025,varshare_tqqq_70_floor50,2016-01-04,2025-12-31,100000.0000000000,2234744.1178549509,21.3474411785,0.3647384284,77,7.7072273226,29371.4812155420,-0.4968453888,2021-11-19,2022-12-28,404,2023-07-12,196.0000000000,600.0000000000,600,2021-11-19
decade_2016_2025,varshare_tqqq_70_floor100,2016-01-04,2025-12-31,100000.0000000000,1860300.3146126359,17.6030031461,0.3399156842,90,9.0084475199,37459.7525538519,-0.6090022743,2021-11-19,2022-12-28,404,2024-01-29,397.0000000000,801.0000000000,801,2021-11-19
decade_2016_2025,varshare_tqqq_70_step_up,2016-01-04,2025-12-31,100000.0000000000,2007302.0161574930,19.0730201616,0.3501547139,87,8.7081659359,31839.6019345395,-0.5466873225,2021-11-19,2022-12-28,404,2023-12-19,356.0000000000,760.0000000000,760,2021-11-19
decade_2016_2025,varshare_tqqq_70_block_cut,2016-01-04,2025-12-31,100000.0000000000,2420041.5782648772,23.2004157826,0.3756633599,67,6.7062887092,26146.4008300926,-0.4576942932,2021-11-19,2022-09-30,315,2023-06-02,245.0000000000,560.0000000000,560,2021-11-19
decade_2016_2025,varshare_tqqq_75_floor50,2016-01-04,2025-12-31,100000.0000000000,2527196.5365342367,24.2719653653,0.3816420911,71,7.1066641546,28929.9133434806,-0.4663671967,2024-12-16,2025-05-23,158,,,,560,2021-11-19
decade_2016_2025,varshare_tqqq_75_floor100,2016-01-04,2025-12-31,100000.0000000000,2604185.6510322937,25.0418565103,0.3857984493,80,8.0075089065,36217.5790772815,-0.4882677758,2024-12-16,2025-05-23,158,,,,570,2021-11-19
decade_2016_2025,varshare_tqqq_75_step_up,2016-01-04,2025-12-31,100000.0000000000,2537460.8604624458,24.3746086046,0.3822027542,78,7.8073211839,31498.2095085323,-0.4797634287,2021-11-19,2022-09-30,315,2023-06-12,255.0000000000,570.0000000000,570,2021-11-19
decade_2016_2025,varshare_tqqq_75_block_cut,2016-01-04,2025-12-31,100000.0000000000,2420041.5782648772,23.2004157826,0.3756633599,67,6.7062887092,26146.4008300926,-0.4576942932,2021-11-19,2022-09-30,315,2023-06-02,245.0000000000,560.0000000000,560,2021-11-19
decade_2016_2025,varshare_tqqq_80_floor50,2016-01-04,2025-12-31,100000.0000000000,2320062.2214955976,22.2006222150,0.3698661394,67,6.7062887092,26052.9270480937,-0.4663652655,2024-12-16,2025-05-23,158,,,,560,2021-11-19
decade_2016_2025,varshare_tqqq_80_floor100,2016-01-04,2025-12-31,100000.0000000000,2333936.5916340072,22.3393659163,0.3706839138,70,7.0065702932,28490.5260041790,-0.4882687364,2024-12-16,2025-05-23,158,,,,559,2021-11-19
decade_2016_2025,varshare_tqqq_80_step_up,2016-01-04,2025-12-31,100000.0000000000,2431686.9884147365,23.3168698841,0.3763245298,69,6.9064764319,27122.6724532255,-0.4663672674,2024-12-16,2025-05-23,158,,,,559,2021-11-19
decade_2016_2025,varshare_tqqq_80_block_cut,2016-01-04,2025-12-31,100000.0000000000,2420041.5782648772,23.2004157826,0.3756633599,67,6.7062887092,26146.4008300926,-0.4576942932,2021-11-19,2022-09-30,315,2023-06-02,245.0000000000,560.0000000000,560,2021-11-19
decade_2016_2025,magratio_tqqq_125_floor50,2016-01-04,2025-12-31,100000.0000000000,2281627.4893960552,21.8162748940,0.3675775433,79,7.9074150452,30560.2107514617,-0.5162286940,2021-11-19,2022-12-28,404,2023-07-13,197.0000000000,601.0000000000,601,2021-11-19
decade_2016_2025,magratio_tqqq_125_floor100,2016-01-04,2025-12-31,100000.0000000000,2262718.4811351532,21.6271848114,0.3664388457,97,9.7091045492,41363.4591605384,-0.6137877595,2021-11-19,2022-12-28,404,2024-01-19,387.0000000000,791.0000000000,791,2021-11-19
decade_2016_2025,magratio_tqqq_125_step_up,2016-01-04,2025-12-31,100000.0000000000,2463249.5075638210,23.6324950756,0.3781022738,100,10.0093861332,35920.2449573609,-0.5441451879,2021-11-19,2022-12-28,404,2023-07-18,202.0000000000,606.0000000000,606,2021-11-19
decade_2016_2025,magratio_tqqq_125_block_cut,2016-01-04,2025-12-31,100000.0000000000,2854924.8762836931,27.5492487628,0.3986082720,61,6.1057255412,28159.8121811738,-0.4576959422,2021-11-19,2022-09-30,315,2023-06-02,245.0000000000,560.0000000000,560,2021-11-19
decade_2016_2025,magratio_tqqq_150_floor50,2016-01-04,2025-12-31,100000.0000000000,2647996.3656565640,25.4799636566,0.3881145147,69,6.9064764319,29112.5368906183,-0.4583966772,2024-12-16,2025-05-23,158,,,,559,2021-11-19
decade_2016_2025,magratio_tqqq_150_floor100,2016-01-04,2025-12-31,100000.0000000000,3270033.9582183459,31.7003395822,0.4177425838,83,8.3077904905,43758.5464090792,-0.4672993375,2024-12-16,2025-05-23,158,,,,572,2021-11-19
decade_2016_2025,magratio_tqqq_150_step_up,2016-01-04,2025-12-31,100000.0000000000,3011129.5286554592,29.1112952866,0.4060855311,87,8.7081659359,39788.8141948153,-0.4761204313,2021-11-19,2022-09-30,315,2023-06-15,258.0000000000,573.0000000000,573,2021-11-19
decade_2016_2025,magratio_tqqq_150_block_cut,2016-01-04,2025-12-31,100000.0000000000,2469895.7988003734,23.6989579880,0.3784740086,63,6.3059132639,25322.4812937974,-0.4576887884,2021-11-19,2022-09-30,315,2023-06-02,245.0000000000,560.0000000000,560,2021-11-19
decade_2016_2025,magratio_tqqq_200_floor50,2016-01-04,2025-12-31,100000.0000000000,2445140.4062136356,23.4514040621,0.3770848115,73,7.3068518772,28523.7207135176,-0.4663669580,2024-12-16,2025-05-23,158,,,,560,2021-11-19
decade_2016_2025,magratio_tqqq_200_floor100,2016-01-04,2025-12-31,100000.0000000000,2506682.2595696654,24.0668225957,0.3805153822,101,10.1094799945,41241.5671660665,-0.4882667870,2024-12-16,2025-05-23,158,,,,559,2021-11-19
decade_2016_2025,magratio_tqqq_200_step_up,2016-01-04,2025-12-31,100000.0000000000,2510843.1997900419,24.1084319979,0.3807445833,101,10.1094799945,37268.3447573794,-0.4663654629,2024-12-16,2025-05-23,158,,,,559,2021-11-19
decade_2016_2025,magratio_tqqq_200_block_cut,2016-01-04,2025-12-31,100000.0000000000,2477210.5149097247,23.7721051491,0.3788820900,65,6.5061009866,26026.2823794914,-0.4576945767,2021-11-19,2022-09-30,315,2023-06-02,245.0000000000,560.0000000000,560,2021-11-19
decade_2016_2025,magratio_tqqq_300_floor50,2016-01-04,2025-12-31,100000.0000000000,2420041.5782648772,23.2004157826,0.3756633599,67,6.7062887092,26146.4008300926,-0.4576942932,2021-11-19,2022-09-30,315,2023-06-02,245.0000000000,560.0000000000,560,2021-11-19
decade_2016_2025,magratio_tqqq_300_floor100,2016-01-04,2025-12-31,100000.0000000000,2491861.1864891518,23.9186118649,0.3796961873,67,6.7062887092,26213.4659194579,-0.4576942932,2021-11-19,2022-09-30,315,2023-06-02,245.0000000000,560.0000000000,560,2021-11-19
decade_2016_2025,magratio_tqqq_300_step_up,2016-01-04,2025-12-31,100000.0000000000,2491861.1864891518,23.9186118649,0.3796961873,67,6.7062887092,26213.4659194579,-0.4576942932,2021-11-19,2022-09-30,315,2023-06-02,245.0000000000,560.0000000000,560,2021-11-19
decade_2016_2025,magratio_tqqq_300_block_cut,2016-01-04,2025-12-31,100000.0000000000,2420041.5782648772,23.2004157826,0.3756633599,67,6.7062887092,26146.4008300926,-0.4576942932,2021-11-19,2022-09-30,315,2023-06-02,245.0000000000,560.0000000000,560,2021-11-19
decade_2016_2025,magratio_tqqq_400_floor50,2016-01-04,2025-12-31,100000.0000000000,2420041.5782648772,23.2004157826,0.3756633599,67,6.7062887092,26146.4008300926,-0.4576942932,2021-11-19,2022-09-30,315,2023-06-02,245.0000000000,560.0000000000,560,2021-11-19
decade_2016_2025,magratio_tqqq_400_floor100,2016-01-04,2025-12-31,100000.0000000000,2420041.5782648772,23.2004157826,0.3756633599,67,6.7062887092,26146.4008300926,-0.4576942932,2021-11-19,2022-09-30,315,2023-06-02,245.0000000000,560.0000000000,560,2021-11-19
decade_2016_2025,magratio_tqqq_400_step_up,2016-01-04,2025-12-31,100000.0000000000,2420041.5782648772,23.2004157826,0.3756633599,67,6.7062887092,26146.4008300926,-0.4576942932,2021-11-19,2022-09-30,315,2023-06-02,245.0000000000,560.0000000000,560,2021-11-19
decade_2016_2025,magratio_tqqq_400_block_cut,2016-01-04,2025-12-31,100000.0000000000,2420041.5782648772,23.2004157826,0.3756633599,67,6.7062887092,26146.4008300926,-0.4576942932,2021-11-19,2022-09-30,315,2023-06-02,245.0000000000,560.0000000000,560,2021-11-19
decade_2016_2025,combo_tqqq_100_55_floor50,2016-01-04,2025-12-31,100000.0000000000,2347434.3062593052,22.4743430626,0.3714753000,81,8.1076027679,31637.6223484452,-0.5061573624,2021-11-19,2022-12-28,404,2023-06-15,169.0000000000,573.0000000000,573,2021-11-19
decade_2016_2025,combo_tqqq_100_55_floor100,2016-01-04,2025-12-31,100000.0000000000,2555928.6880015768,24.5592868800,0.3832063934,101,10.1094799945,49068.4359916231,-0.5965989340,2021-11-19,2022-12-28,404,2024-01-19,387.0000000000,791.0000000000,791,2021-11-19
decade_2016_2025,combo_tqqq_100_55_step_up,2016-01-04,2025-12-31,100000.0000000000,2698885.2374558919,25.9888523746,0.3907618680,104,10.4097615785,41841.9879679757,-0.5346564119,2021-11-19,2022-12-28,404,2023-07-18,202.0000000000,606.0000000000,606,2021-11-19
decade_2016_2025,combo_tqqq_100_55_block_cut,2016-01-04,2025-12-31,100000.0000000000,2466199.7118808320,23.6619971188,0.3782673935,63,6.3059132639,25209.9354915210,-0.4576885084,2021-11-19,2022-09-30,315,2023-06-02,245.0000000000,560.0000000000,560,2021-11-19
decade_2016_2025,combo_tqqq_100_65_floor50,2016-01-04,2025-12-31,100000.0000000000,2421124.8700828981,23.2112487008,0.3757249846,77,7.7072273226,30975.2909103967,-0.4685075988,2021-11-19,2022-12-28,404,2023-06-13,167.0000000000,571.0000000000,571,2021-11-19
decade_2016_2025,combo_tqqq_100_65_floor100,2016-01-04,2025-12-31,100000.0000000000,2296430.2189430911,21.9643021894,0.3684630503,87,8.7081659359,41549.5621160095,-0.5304504424,2021-11-19,2022-12-28,404,2023-12-12,349.0000000000,753.0000000000,753,2021-11-19
decade_2016_2025,combo_tqqq_100_65_step_up,2016-01-04,2025-12-31,100000.0000000000,2332703.9060150189,22.3270390602,0.3706114349,88,8.8082597972,34722.8197457770,-0.5002839262,2021-11-19,2022-12-28,404,2023-07-17,201.0000000000,605.0000000000,605,2021-11-19
decade_2016_2025,combo_tqqq_100_65_block_cut,2016-01-04,2025-12-31,100000.0000000000,2477210.5149097247,23.7721051491,0.3788820900,65,6.5061009866,26026.2823794914,-0.4576945767,2021-11-19,2022-09-30,315,2023-06-02,245.0000000000,560.0000000000,560,2021-11-19
decade_2016_2025,combo_tqqq_100_75_floor50,2016-01-04,2025-12-31,100000.0000000000,2527196.5365342367,24.2719653653,0.3816420911,71,7.1066641546,28929.9133434806,-0.4663671967,2024-12-16,2025-05-23,158,,,,560,2021-11-19
decade_2016_2025,combo_tqqq_100_75_floor100,2016-01-04,2025-12-31,100000.0000000000,2604185.6510322937,25.0418565103,0.3857984493,80,8.0075089065,36217.5790772815,-0.4882677758,2024-12-16,2025-05-23,158,,,,570,2021-11-19
decade_2016_2025,combo_tqqq_100_75_step_up,2016-01-04,2025-12-31,100000.0000000000,2537460.8604624458,24.3746086046,0.3822027542,78,7.8073211839,31498.2095085323,-0.4797634287,2021-11-19,2022-09-30,315,2023-06-12,255.0000000000,570.0000000000,570,2021-11-19
decade_2016_2025,combo_tqqq_100_75_block_cut,2016-01-04,2025-12-31,100000.0000000000,2420041.5782648772,23.2004157826,0.3756633599,67,6.7062887092,26146.4008300926,-0.4576942932,2021-11-19,2022-09-30,315,2023-06-02,245.0000000000,560.0000000000,560,2021-11-19
decade_2016_2025,combo_tqqq_150_55_floor50,2016-01-04,2025-12-31,100000.0000000000,2392955.1672751931,22.9295516728,0.3741143811,83,8.3077904905,32141.1890038280,-0.4907387904,2021-11-19,2022-09-30,315,2023-06-14,257.0000000000,572.0000000000,572,2021-11-19
decade_2016_2025,combo_tqqq_150_55_floor100,2016-01-04,2025-12-31,100000.0000000000,2998945.8101964192,28.9894581020,0.4055150233,95,9.5089168265,53284.6264834539,-0.5571952227,2021-11-19,2022-12-28,404,2023-12-13,350.0000000000,754.0000000000,754,2021-11-19
decade_2016_2025,combo_tqqq_150_55_step_up,2016-01-04,2025-12-31,100000.0000000000,3079992.9383941647,29.7999293839,0.4092715654,99,9.9092922719,45868.4319314586,-0.5189162738,2021-11-19,2022-09-30,315,2023-07-13,286.0000000000,601.0000000000,601,2021-11-19
decade_2016_2025,combo_tqqq_150_55_block_cut,2016-01-04,2025-12-31,100000.0000000000,2466199.7118808320,23.6619971188,0.3782673935,63,6.3059132639,25209.9354915210,-0.4576885084,2021-11-19,2022-09-30,315,2023-06-02,245.0000000000,560.0000000000,560,2021-11-19
decade_2016_2025,combo_tqqq_150_65_floor50,2016-01-04,2025-12-31,100000.0000000000,2465876.1641043695,23.6587616410,0.3782492935,75,7.5070395999,30542.5377518305,-0.4632158811,2021-11-19,2022-09-30,315,2023-06-12,255.0000000000,570.0000000000,570,2021-11-19
decade_2016_2025,combo_tqqq_150_65_floor100,2016-01-04,2025-12-31,100000.0000000000,2382951.3212872576,22.8295132129,0.3735383034,85,8.5079782132,40682.9611942874,-0.5127585490,2021-11-19,2022-12-28,404,2023-07-18,202.0000000000,606.0000000000,606,2021-11-19
decade_2016_2025,combo_tqqq_150_65_step_up,2016-01-04,2025-12-31,100000.0000000000,2375811.8681098353,22.7581186811,0.3731258411,86,8.6080720745,34294.3004644845,-0.4967266901,2021-11-19,2022-09-30,315,2023-07-13,286.0000000000,601.0000000000,601,2021-11-19
decade_2016_2025,combo_tqqq_150_65_block_cut,2016-01-04,2025-12-31,100000.0000000000,2477210.5149097247,23.7721051491,0.3788820900,65,6.5061009866,26026.2823794914,-0.4576945767,2021-11-19,2022-09-30,315,2023-06-02,245.0000000000,560.0000000000,560,2021-11-19
decade_2016_2025,combo_tqqq_150_75_floor50,2016-01-04,2025-12-31,100000.0000000000,2527196.5365342367,24.2719653653,0.3816420911,71,7.1066641546,28929.9133434806,-0.4663671967,2024-12-16,2025-05-23,158,,,,560,2021-11-19
decade_2016_2025,combo_tqqq_150_75_floor100,2016-01-04,2025-12-31,100000.0000000000,2604185.6510322937,25.0418565103,0.3857984493,80,8.0075089065,36217.5790772815,-0.4882677758,2024-12-16,2025-05-23,158,,,,570,2021-11-19
decade_2016_2025,combo_tqqq_150_75_step_up,2016-01-04,2025-12-31,100000.0000000000,2537460.8604624458,24.3746086046,0.3822027542,78,7.8073211839,31498.2095085323,-0.4797634287,2021-11-19,2022-09-30,315,2023-06-12,255.0000000000,570.0000000000,570,2021-11-19
decade_2016_2025,combo_tqqq_150_75_block_cut,2016-01-04,2025-12-31,100000.0000000000,2420041.5782648772,23.2004157826,0.3756633599,67,6.7062887092,26146.4008300926,-0.4576942932,2021-11-19,2022-09-30,315,2023-06-02,245.0000000000,560.0000000000,560,2021-11-19
decade_2016_2025,combo_tqqq_200_55_floor50,2016-01-04,2025-12-31,100000.0000000000,2474729.5432381472,23.7472954324,0.3787438005,79,7.9074150452,32399.1899560384,-0.4733187778,2021-11-19,2022-09-30,315,2023-06-12,255.0000000000,570.0000000000,570,2021-11-19
decade_2016_2025,combo_tqqq_200_55_floor100,2016-01-04,2025-12-31,100000.0000000000,2830972.3537916578,27.3097235379,0.3974292953,95,9.5089168265,53204.3060012333,-0.5198261658,2021-11-19,2022-12-28,404,2023-07-18,202.0000000000,606.0000000000,606,2021-11-19
decade_2016_2025,combo_tqqq_200_55_step_up,2016-01-04,2025-12-31,100000.0000000000,2797717.2538590748,26.9771725386,0.3957774610,99,9.9092922719,45724.2250002159,-0.5024605065,2021-11-19,2022-09-30,315,2023-07-13,286.0000000000,601.0000000000,601,2021-11-19
decade_2016_2025,combo_tqqq_200_55_block_cut,2016-01-04,2025-12-31,100000.0000000000,2512179.7868873975,24.1217978689,0.3808181353,65,6.5061009866,26320.9404582363,-0.4576939046,2021-11-19,2022-09-30,315,2023-06-02,245.0000000000,560.0000000000,560,2021-11-19
decade_2016_2025,combo_tqqq_200_65_floor50,2016-01-04,2025-12-31,100000.0000000000,2502604.4746669210,24.0260447467,0.3802904292,73,7.3068518772,29836.1334621922,-0.4583948925,2024-12-16,2025-05-23,158,,,,570,2021-11-19
decade_2016_2025,combo_tqqq_200_65_floor100,2016-01-04,2025-12-31,100000.0000000000,2461410.5304259053,23.6141053043,0.3779992583,83,8.3077904905,39090.4116216568,-0.4967195366,2021-11-19,2022-12-28,404,2023-07-13,197.0000000000,601.0000000000,601,2021-11-19
decade_2016_2025,combo_tqqq_200_65_step_up,2016-01-04,2025-12-31,100000.0000000000,2411212.8247492360,23.1121282475,0.3751601952,84,8.4078843519,33537.0862988801,-0.4915493010,2021-11-19,2022-09-30,315,2023-07-13,286.0000000000,601.0000000000,601,2021-11-19
decade_2016_2025,combo_tqqq_200_65_block_cut,2016-01-04,2025-12-31,100000.0000000000,2477210.5149097247,23.7721051491,0.3788820900,65,6.5061009866,26026.2823794914,-0.4576945767,2021-11-19,2022-09-30,315,2023-06-02,245.0000000000,560.0000000000,560,2021-11-19
decade_2016_2025,combo_tqqq_200_75_floor50,2016-01-04,2025-12-31,100000.0000000000,2527196.5365342367,24.2719653653,0.3816420911,71,7.1066641546,28929.9133434806,-0.4663671967,2024-12-16,2025-05-23,158,,,,560,2021-11-19
decade_2016_2025,combo_tqqq_200_75_floor100,2016-01-04,2025-12-31,100000.0000000000,2604185.6510322937,25.0418565103,0.3857984493,80,8.0075089065,36217.5790772815,-0.4882677758,2024-12-16,2025-05-23,158,,,,570,2021-11-19
decade_2016_2025,combo_tqqq_200_75_step_up,2016-01-04,2025-12-31,100000.0000000000,2537460.8604624458,24.3746086046,0.3822027542,78,7.8073211839,31498.2095085323,-0.4797634287,2021-11-19,2022-09-30,315,2023-06-12,255.0000000000,570.0000000000,570,2021-11-19
decade_2016_2025,combo_tqqq_200_75_block_cut,2016-01-04,2025-12-31,100000.0000000000,2420041.5782648772,23.2004157826,0.3756633599,67,6.7062887092,26146.4008300926,-0.4576942932,2021-11-19,2022-09-30,315,2023-06-02,245.0000000000,560.0000000000,560,2021-11-19
decade_2016_2025,combo_tqqq_300_55_floor50,2016-01-04,2025-12-31,100000.0000000000,2617874.6563222664,25.1787465632,0.3865258646,69,6.9064764319,28795.8113245815,-0.4583983711,2024-12-16,2025-05-23,158,,,,559,2021-11-19
decade_2016_2025,combo_tqqq_300_55_floor100,2016-01-04,2025-12-31,100000.0000000000,2568582.8655337621,24.6858286553,0.3838903273,93,9.3087291039,41957.1823468334,-0.4872194306,2021-11-19,2022-09-30,315,2023-06-15,258.0000000000,573.0000000000,573,2021-11-19
decade_2016_2025,combo_tqqq_300_55_step_up,2016-01-04,2025-12-31,100000.0000000000,2393209.7016868680,22.9320970169,0.3741290103,95,9.5089168265,37111.6435611949,-0.5018610121,2021-11-19,2022-09-30,315,2023-07-12,285.0000000000,600.0000000000,600,2021-11-19
decade_2016_2025,combo_tqqq_300_55_block_cut,2016-01-04,2025-12-31,100000.0000000000,2477210.5149097247,23.7721051491,0.3788820900,65,6.5061009866,26026.2823794914,-0.4576945767,2021-11-19,2022-09-30,315,2023-06-02,245.0000000000,560.0000000000,560,2021-11-19
decade_2016_2025,combo_tqqq_300_65_floor50,2016-01-04,2025-12-31,100000.0000000000,2538808.5203417870,24.3880852034,0.3822762151,67,6.7062887092,27813.1199444386,-0.4583991968,2024-12-16,2025-05-23,158,,,,560,2021-11-19
decade_2016_2025,combo_tqqq_300_65_floor100,2016-01-04,2025-12-31,100000.0000000000,2368498.3746751081,22.6849837468,0.3727021661,83,8.3077904905,35000.4980743969,-0.5165290112,2021-11-19,2022-09-30,315,2023-07-13,286.0000000000,601.0000000000,601,2021-11-19
decade_2016_2025,combo_tqqq_300_65_step_up,2016-01-04,2025-12-31,100000.0000000000,2286796.0477259383,21.8679604773,0.3678873151,84,8.4078843519,31840.3070135221,-0.5165259733,2021-11-19,2022-09-30,315,2023-07-13,286.0000000000,601.0000000000,601,2021-11-19
decade_2016_2025,combo_tqqq_300_65_block_cut,2016-01-04,2025-12-31,100000.0000000000,2477210.5149097247,23.7721051491,0.3788820900,65,6.5061009866,26026.2823794914,-0.4576945767,2021-11-19,2022-09-30,315,2023-06-02,245.0000000000,560.0000000000,560,2021-11-19
decade_2016_2025,combo_tqqq_300_75_floor50,2016-01-04,2025-12-31,100000.0000000000,2527196.5365342367,24.2719653653,0.3816420911,71,7.1066641546,28929.9133434806,-0.4663671967,2024-12-16,2025-05-23,158,,,,560,2021-11-19
decade_2016_2025,combo_tqqq_300_75_floor100,2016-01-04,2025-12-31,100000.0000000000,2604185.6510322937,25.0418565103,0.3857984493,80,8.0075089065,36217.5790772815,-0.4882677758,2024-12-16,2025-05-23,158,,,,570,2021-11-19
decade_2016_2025,combo_tqqq_300_75_step_up,2016-01-04,2025-12-31,100000.0000000000,2537460.8604624458,24.3746086046,0.3822027542,78,7.8073211839,31498.2095085323,-0.4797634287,2021-11-19,2022-09-30,315,2023-06-12,255.0000000000,570.0000000000,570,2021-11-19
decade_2016_2025,combo_tqqq_300_75_block_cut,2016-01-04,2025-12-31,100000.0000000000,2420041.5782648772,23.2004157826,0.3756633599,67,6.7062887092,26146.4008300926,-0.4576942932,2021-11-19,2022-09-30,315,2023-06-02,245.0000000000,560.0000000000,560,2021-11-19
decade_2016_2025,ret_qqq_20_floor50,2016-01-04,2025-12-31,100000.0000000000,2300848.1580134043,22.0084815801,0.3687263385,83,8.3077904905,33538.7685351258,-0.5261783473,2021-11-19,2022-12-28,404,2023-07-13,197.0000000000,601.0000000000,601,2021-11-19
decade_2016_2025,ret_qqq_20_floor100,2016-01-04,2025-12-31,100000.0000000000,2316951.9323544819,22.1695193235,0.3696822110,117,11.7109817758,58097.3048452521,-0.6456494361,2021-11-19,2022-12-28,404,2024-02-09,408.0000000000,812.0000000000,812,2021-11-19
decade_2016_2025,ret_qqq_20_step_up,2016-01-04,2025-12-31,100000.0000000000,2556141.6974032815,24.5614169740,0.3832179314,122,12.2114510825,50058.5536950499,-0.5687624039,2021-11-19,2022-12-28,404,2023-12-18,355.0000000000,759.0000000000,759,2021-11-19
decade_2016_2025,ret_qqq_20_block_cut,2016-01-04,2025-12-31,100000.0000000000,2534501.1123814564,24.3450111238,0.3820412950,59,5.9055378186,24949.3951047567,-0.4929634227,2021-11-19,2022-09-30,315,2023-06-13,256.0000000000,571.0000000000,571,2021-11-19
decade_2016_2025,ret_qqq_40_floor50,2016-01-04,2025-12-31,100000.0000000000,2338185.0605884665,22.3818506059,0.3709334495,77,7.7072273226,30765.1653655729,-0.5321630883,2021-11-19,2022-12-28,404,2023-07-13,197.0000000000,601.0000000000,601,2021-11-19
decade_2016_2025,ret_qqq_40_floor100,2016-01-04,2025-12-31,100000.0000000000,2271340.5387865030,21.7134053879,0.3669591227,97,9.7091045492,43009.8390361893,-0.6406300708,2021-11-19,2022-12-28,404,2024-02-09,408.0000000000,812.0000000000,812,2021-11-19
decade_2016_2025,ret_qqq_40_step_up,2016-01-04,2025-12-31,100000.0000000000,2459128.8481833255,23.5912884818,0.3778713470,98,9.8091984105,35819.6405723971,-0.5591543798,2021-11-19,2022-12-28,404,2023-12-13,350.0000000000,754.0000000000,754,2021-11-19
decade_2016_2025,ret_qqq_40_block_cut,2016-01-04,2025-12-31,100000.0000000000,2852016.6044577947,27.5201660446,0.3984655986,59,5.9055378186,27484.5718458331,-0.4576921365,2021-11-19,2022-09-30,315,2023-06-02,245.0000000000,560.0000000000,560,2021-11-19
decade_2016_2025,ret_qqq_60_floor50,2016-01-04,2025-12-31,100000.0000000000,2573437.5945785972,24.7343759458,0.3841519115,81,8.1076027679,34065.9649366114,-0.4907422328,2021-11-19,2022-09-30,315,2023-06-14,257.0000000000,572.0000000000,572,2021-11-19
decade_2016_2025,ret_qqq_60_floor100,2016-01-04,2025-12-31,100000.0000000000,3208061.0669475021,31.0806106695,0.4150299778,97,9.7091045492,57834.4209455326,-0.5571929636,2021-11-19,2022-12-28,404,2023-12-13,350.0000000000,754.0000000000,754,2021-11-19
decade_2016_2025,ret_qqq_60_step_up,2016-01-04,2025-12-31,100000.0000000000,3096273.1609734390,29.9627316097,0.4100154097,101,10.1094799945,47254.3976189028,-0.5189160472,2021-11-19,2022-09-30,315,2023-07-17,290.0000000000,605.0000000000,605,2021-11-19
decade_2016_2025,ret_qqq_60_block_cut,2016-01-04,2025-12-31,100000.0000000000,2469895.7988003734,23.6989579880,0.3784740086,63,6.3059132639,25322.4812937974,-0.4576887884,2021-11-19,2022-09-30,315,2023-06-02,245.0000000000,560.0000000000,560,2021-11-19
decade_2016_2025,ret_qqq_80_floor50,2016-01-04,2025-12-31,100000.0000000000,2504421.1244278383,24.0442112443,0.3803906863,75,7.5070395999,30882.0247773686,-0.4796013597,2021-11-19,2022-12-28,404,2023-06-14,168.0000000000,572.0000000000,572,2021-11-19
decade_2016_2025,ret_qqq_80_floor100,2016-01-04,2025-12-31,100000.0000000000,2435260.0843358086,23.3526008434,0.3765268216,95,9.5089168265,46154.0035474727,-0.5451514636,2021-11-19,2022-12-28,404,2023-12-13,350.0000000000,754.0000000000,754,2021-11-19
decade_2016_2025,ret_qqq_80_step_up,2016-01-04,2025-12-31,100000.0000000000,2404328.1332341866,23.0432813323,0.3747666739,99,9.9092922719,40758.4688064246,-0.5077961533,2021-11-19,2022-12-28,404,2023-07-17,201.0000000000,605.0000000000,605,2021-11-19
decade_2016_2025,ret_qqq_80_block_cut,2016-01-04,2025-12-31,100000.0000000000,2318387.3605974475,22.1838736060,0.3697671233,65,6.5061009866,24596.4678626557,-0.4576961486,2021-11-19,2022-09-30,315,2023-06-02,245.0000000000,560.0000000000,560,2021-11-19
decade_2016_2025,ret_qqq_100_floor50,2016-01-04,2025-12-31,100000.0000000000,2627348.7502709823,25.2734875027,0.3870273036,67,6.7062887092,28487.6373083389,-0.4583977622,2024-12-16,2025-05-23,158,,,,559,2021-11-19
decade_2016_2025,ret_qqq_100_floor100,2016-01-04,2025-12-31,100000.0000000000,2665481.0654129065,25.6548106541,0.3890292315,95,9.5089168265,41942.9700441721,-0.4790379861,2021-11-19,2022-09-30,315,2023-06-14,257.0000000000,572.0000000000,572,2021-11-19
decade_2016_2025,ret_qqq_100_step_up,2016-01-04,2025-12-31,100000.0000000000,2472992.8361273739,23.7299283613,0.3786469221,99,9.9092922719,38765.8040056915,-0.4939157623,2021-11-19,2022-09-30,315,2023-06-15,258.0000000000,573.0000000000,573,2021-11-19
decade_2016_2025,ret_qqq_100_block_cut,2016-01-04,2025-12-31,100000.0000000000,2318387.3605974475,22.1838736060,0.3697671233,65,6.5061009866,24596.4678626557,-0.4576961486,2021-11-19,2022-09-30,315,2023-06-02,245.0000000000,560.0000000000,560,2021-11-19
decade_2016_2025,ret_qqq_120_floor50,2016-01-04,2025-12-31,100000.0000000000,2559098.1771979160,24.5909817720,0.3833779837,69,6.9064764319,28750.9454389158,-0.4583973648,2024-12-16,2025-05-23,158,,,,560,2021-11-19
decade_2016_2025,ret_qqq_120_floor100,2016-01-04,2025-12-31,100000.0000000000,2444378.9848275208,23.4437898483,0.3770418826,95,9.5089168265,38824.5637148442,-0.4724971833,2024-12-16,2025-05-23,158,,,,570,2021-11-19
decade_2016_2025,ret_qqq_120_step_up,2016-01-04,2025-12-31,100000.0000000000,2341052.3113101618,22.4105231131,0.3711016282,96,9.6090106879,34492.9448986829,-0.4583977932,2024-12-16,2025-05-23,158,,,,570,2021-11-19
decade_2016_2025,ret_qqq_120_block_cut,2016-01-04,2025-12-31,100000.0000000000,2420041.5782648772,23.2004157826,0.3756633599,67,6.7062887092,26146.4008300926,-0.4576942932,2021-11-19,2022-09-30,315,2023-06-02,245.0000000000,560.0000000000,560,2021-11-19
decade_2016_2025,ret_qqq_150_floor50,2016-01-04,2025-12-31,100000.0000000000,2604495.7915710732,25.0449579157,0.3858149678,69,6.9064764319,28915.8515288936,-0.4583990288,2024-12-16,2025-05-23,158,,,,560,2021-11-19
decade_2016_2025,ret_qqq_150_floor100,2016-01-04,2025-12-31,100000.0000000000,2796290.9954691129,26.9629099547,0.3957062220,89,8.9083536585,41741.4185719570,-0.4724993350,2024-12-16,2025-05-23,158,,,,560,2021-11-19
decade_2016_2025,ret_qqq_150_step_up,2016-01-04,2025-12-31,100000.0000000000,2631855.3339625197,25.3185533396,0.3872652545,89,8.9083536585,36680.1390938081,-0.4583999571,2024-12-16,2025-05-23,158,,,,560,2021-11-19
decade_2016_2025,ret_qqq_150_block_cut,2016-01-04,2025-12-31,100000.0000000000,2420041.5782648772,23.2004157826,0.3756633599,67,6.7062887092,26146.4008300926,-0.4576942932,2021-11-19,2022-09-30,315,2023-06-02,245.0000000000,560.0000000000,560,2021-11-19
decade_2016_2025,varshare_qqq_55_floor50,2016-01-04,2025-12-31,100000.0000000000,2640035.8825948522,25.4003588259,0.3876962579,71,7.1066641546,29945.8154760343,-0.5251159633,2021-11-19,2022-12-28,404,2023-07-17,201.0000000000,605.0000000000,605,2021-11-19
decade_2016_2025,varshare_qqq_55_floor100,2016-01-04,2025-12-31,100000.0000000000,2828850.1573121841,27.2885015731,0.3973244054,101,10.1094799945,48637.3413214650,-0.6882460306,2021-11-19,2022-12-28,404,2024-06-10,530.0000000000,934.0000000000,934,2021-11-19
decade_2016_2025,varshare_qqq_55_step_up,2016-01-04,2025-12-31,100000.0000000000,2714784.4747811975,26.1478447478,0.3915797745,105,10.5098554398,44087.9176074980,-0.6175883645,2021-11-19,2022-12-28,404,2024-01-24,392.0000000000,796.0000000000,796,2021-11-19
decade_2016_2025,varshare_qqq_55_block_cut,2016-01-04,2025-12-31,100000.0000000000,2303451.2352231415,22.0345123522,0.3688812566,61,6.1057255412,23411.4649519834,-0.4929633622,2021-11-19,2022-09-30,315,2023-06-13,256.0000000000,571.0000000000,571,2021-11-19
decade_2016_2025,varshare_qqq_60_floor50,2016-01-04,2025-12-31,100000.0000000000,2512203.7461770670,24.1220374618,0.3808194535,71,7.1066641546,28046.3560229557,-0.5266611818,2021-11-19,2022-12-28,404,2023-07-17,201.0000000000,605.0000000000,605,2021-11-19
decade_2016_2025,varshare_qqq_60_floor100,2016-01-04,2025-12-31,100000.0000000000,2562253.2583941640,24.6225325839,0.3835486042,87,8.7081659359,39700.5821178629,-0.6304957619,2021-11-19,2022-12-28,404,2024-01-24,392.0000000000,796.0000000000,796,2021-11-19
decade_2016_2025,varshare_qqq_60_step_up,2016-01-04,2025-12-31,100000.0000000000,2517973.9067067998,24.1797390671,0.3811365773,87,8.7081659359,34259.4567131529,-0.5484470485,2021-11-19,2022-12-28,404,2023-12-12,349.0000000000,753.0000000000,753,2021-11-19
decade_2016_2025,varshare_qqq_60_block_cut,2016-01-04,2025-12-31,100000.0000000000,2512179.7868873975,24.1217978689,0.3808181353,65,6.5061009866,26320.9404582363,-0.4576939046,2021-11-19,2022-09-30,315,2023-06-02,245.0000000000,560.0000000000,560,2021-11-19
decade_2016_2025,varshare_qqq_65_floor50,2016-01-04,2025-12-31,100000.0000000000,2327257.4390849685,22.2725743908,0.3702907831,71,7.1066641546,28472.7696062221,-0.4750506432,2021-11-19,2022-12-28,404,2023-06-14,168.0000000000,572.0000000000,572,2021-11-19
decade_2016_2025,varshare_qqq_65_floor100,2016-01-04,2025-12-31,100000.0000000000,2207774.5549495639,21.0777455495,0.3630808542,84,8.4078843519,39267.5841664241,-0.5496124427,2021-11-19,2022-12-28,404,2023-12-15,352.0000000000,756.0000000000,756,2021-11-19
decade_2016_2025,varshare_qqq_65_step_up,2016-01-04,2025-12-31,100000.0000000000,2254409.6331503605,21.5440963315,0.3659357778,84,8.4078843519,34230.0771323320,-0.5064373778,2021-11-19,2022-12-28,404,2023-07-18,202.0000000000,606.0000000000,606,2021-11-19
decade_2016_2025,varshare_qqq_65_block_cut,2016-01-04,2025-12-31,100000.0000000000,2477210.5149097247,23.7721051491,0.3788820900,65,6.5061009866,26026.2823794914,-0.4576945767,2021-11-19,2022-09-30,315,2023-06-02,245.0000000000,560.0000000000,560,2021-11-19
decade_2016_2025,varshare_qqq_70_floor50,2016-01-04,2025-12-31,100000.0000000000,2070991.9001580090,19.7099190016,0.3543826393,77,7.7072273226,28121.4580477941,-0.5282324257,2021-11-19,2022-12-28,404,2023-07-17,201.0000000000,605.0000000000,605,2021-11-19
decade_2016_2025,varshare_qqq_70_floor100,2016-01-04,2025-12-31,100000.0000000000,1614868.2489031497,15.1486824890,0.3210738832,88,8.8082597972,33908.6777896779,-0.6518674120,2021-11-19,2022-12-28,404,2024-03-01,429.0000000000,833.0000000000,833,2021-11-19
decade_2016_2025,varshare_qqq_70_step_up,2016-01-04,2025-12-31,100000.0000000000,1876167.2400071563,17.7616724001,0.3410552350,86,8.6080720745,29652.9444219473,-0.5749641925,2021-11-19,2022-12-28,404,2024-01-19,387.0000000000,791.0000000000,791,2021-11-19
decade_2016_2025,varshare_qqq_70_block_cut,2016-01-04,2025-12-31,100000.0000000000,2420041.5782648772,23.2004157826,0.3756633599,67,6.7062887092,26146.4008300926,-0.4576942932,2021-11-19,2022-09-30,315,2023-06-02,245.0000000000,560.0000000000,560,2021-11-19
decade_2016_2025,varshare_qqq_75_floor50,2016-01-04,2025-12-31,100000.0000000000,2587964.5483634188,24.8796454836,0.3849320138,73,7.3068518772,29990.8616766276,-0.4663649354,2024-12-16,2025-05-23,158,,,,560,2021-11-19
decade_2016_2025,varshare_qqq_75_floor100,2016-01-04,2025-12-31,100000.0000000000,2701440.7365718409,26.0144073657,0.3908936228,86,8.6080720745,40065.4319131085,-0.4882673376,2024-12-16,2025-05-23,158,,,,570,2021-11-19
decade_2016_2025,varshare_qqq_75_step_up,2016-01-04,2025-12-31,100000.0000000000,2571981.9982996141,24.7198199830,0.3840735272,84,8.4078843519,33900.3088866089,-0.4797628799,2021-11-19,2022-09-30,315,2023-06-12,255.0000000000,570.0000000000,570,2021-11-19
decade_2016_2025,varshare_qqq_75_block_cut,2016-01-04,2025-12-31,100000.0000000000,2420041.5782648772,23.2004157826,0.3756633599,67,6.7062887092,26146.4008300926,-0.4576942932,2021-11-19,2022-09-30,315,2023-06-02,245.0000000000,560.0000000000,560,2021-11-19
decade_2016_2025,varshare_qqq_80_floor50,2016-01-04,2025-12-31,100000.0000000000,2320062.2214955976,22.2006222150,0.3698661394,67,6.7062887092,26052.9270480937,-0.4663652655,2024-12-16,2025-05-23,158,,,,560,2021-11-19
decade_2016_2025,varshare_qqq_80_floor100,2016-01-04,2025-12-31,100000.0000000000,2324097.3275184208,22.2409732752,0.3701044269,70,7.0065702932,28419.8835681554,-0.4882655307,2024-12-16,2025-05-23,158,,,,559,2021-11-19
decade_2016_2025,varshare_qqq_80_step_up,2016-01-04,2025-12-31,100000.0000000000,2421424.9182064738,23.2142491821,0.3757420489,69,6.9064764319,27057.9315130819,-0.4663646762,2024-12-16,2025-05-23,158,,,,559,2021-11-19
decade_2016_2025,varshare_qqq_80_block_cut,2016-01-04,2025-12-31,100000.0000000000,2420041.5782648772,23.2004157826,0.3756633599,67,6.7062887092,26146.4008300926,-0.4576942932,2021-11-19,2022-09-30,315,2023-06-02,245.0000000000,560.0000000000,560,2021-11-19
decade_2016_2025,magratio_qqq_125_floor50,2016-01-04,2025-12-31,100000.0000000000,2281627.4893960552,21.8162748940,0.3675775433,79,7.9074150452,30560.2107514617,-0.5162286940,2021-11-19,2022-12-28,404,2023-07-13,197.0000000000,601.0000000000,601,2021-11-19
decade_2016_2025,magratio_qqq_125_floor100,2016-01-04,2025-12-31,100000.0000000000,2289407.6756466711,21.8940767565,0.3680436005,99,9.9092922719,42762.0840638657,-0.6137865782,2021-11-19,2022-12-28,404,2024-01-23,391.0000000000,795.0000000000,795,2021-11-19
decade_2016_2025,magratio_qqq_125_step_up,2016-01-04,2025-12-31,100000.0000000000,2492301.0971491272,23.9230109715,0.3797205652,102,10.2095738559,37096.6716083439,-0.5441420691,2021-11-19,2022-12-28,404,2023-12-13,350.0000000000,754.0000000000,754,2021-11-19
decade_2016_2025,magratio_qqq_125_block_cut,2016-01-04,2025-12-31,100000.0000000000,2854924.8762836931,27.5492487628,0.3986082720,61,6.1057255412,28159.8121811738,-0.4576959422,2021-11-19,2022-09-30,315,2023-06-02,245.0000000000,560.0000000000,560,2021-11-19
decade_2016_2025,magratio_qqq_150_floor50,2016-01-04,2025-12-31,100000.0000000000,2647996.3656565640,25.4799636566,0.3881145147,69,6.9064764319,29112.5368906183,-0.4583966772,2024-12-16,2025-05-23,158,,,,559,2021-11-19
decade_2016_2025,magratio_qqq_150_floor100,2016-01-04,2025-12-31,100000.0000000000,3205134.9054857385,31.0513490549,0.4149007348,85,8.5079782132,44475.5356770289,-0.4673011169,2024-12-16,2025-05-23,158,,,,572,2021-11-19
decade_2016_2025,magratio_qqq_150_step_up,2016-01-04,2025-12-31,100000.0000000000,2951366.6552933371,28.5136665529,0.4032669442,89,8.9083536585,40456.6848306751,-0.4761211429,2021-11-19,2022-09-30,315,2023-06-15,258.0000000000,573.0000000000,573,2021-11-19
decade_2016_2025,magratio_qqq_150_block_cut,2016-01-04,2025-12-31,100000.0000000000,2469895.7988003734,23.6989579880,0.3784740086,63,6.3059132639,25322.4812937974,-0.4576887884,2021-11-19,2022-09-30,315,2023-06-02,245.0000000000,560.0000000000,560,2021-11-19
decade_2016_2025,magratio_qqq_200_floor50,2016-01-04,2025-12-31,100000.0000000000,2445140.4062136356,23.4514040621,0.3770848115,73,7.3068518772,28523.7207135176,-0.4663669580,2024-12-16,2025-05-23,158,,,,560,2021-11-19
decade_2016_2025,magratio_qqq_200_floor100,2016-01-04,2025-12-31,100000.0000000000,2532995.1132526831,24.3299511325,0.3819590751,103,10.3096677172,43781.5118564935,-0.4882673576,2024-12-16,2025-05-23,158,,,,559,2021-11-19
decade_2016_2025,magratio_qqq_200_step_up,2016-01-04,2025-12-31,100000.0000000000,2537157.5979313059,24.3715759793,0.3821862185,103,10.3096677172,39695.0566422847,-0.4663700518,2024-12-16,2025-05-23,158,,,,559,2021-11-19
decade_2016_2025,magratio_qqq_200_block_cut,2016-01-04,2025-12-31,100000.0000000000,2477210.5149097247,23.7721051491,0.3788820900,65,6.5061009866,26026.2823794914,-0.4576945767,2021-11-19,2022-09-30,315,2023-06-02,245.0000000000,560.0000000000,560,2021-11-19
decade_2016_2025,magratio_qqq_300_floor50,2016-01-04,2025-12-31,100000.0000000000,2420041.5782648772,23.2004157826,0.3756633599,67,6.7062887092,26146.4008300926,-0.4576942932,2021-11-19,2022-09-30,315,2023-06-02,245.0000000000,560.0000000000,560,2021-11-19
decade_2016_2025,magratio_qqq_300_floor100,2016-01-04,2025-12-31,100000.0000000000,2491861.1864891518,23.9186118649,0.3796961873,67,6.7062887092,26213.4659194579,-0.4576942932,2021-11-19,2022-09-30,315,2023-06-02,245.0000000000,560.0000000000,560,2021-11-19
decade_2016_2025,magratio_qqq_300_step_up,2016-01-04,2025-12-31,100000.0000000000,2491861.1864891518,23.9186118649,0.3796961873,67,6.7062887092,26213.4659194579,-0.4576942932,2021-11-19,2022-09-30,315,2023-06-02,245.0000000000,560.0000000000,560,2021-11-19
decade_2016_2025,magratio_qqq_300_block_cut,2016-01-04,2025-12-31,100000.0000000000,2420041.5782648772,23.2004157826,0.3756633599,67,6.7062887092,26146.4008300926,-0.4576942932,2021-11-19,2022-09-30,315,2023-06-02,245.0000000000,560.0000000000,560,2021-11-19
decade_2016_2025,magratio_qqq_400_floor50,2016-01-04,2025-12-31,100000.0000000000,2420041.5782648772,23.2004157826,0.3756633599,67,6.7062887092,26146.4008300926,-0.4576942932,2021-11-19,2022-09-30,315,2023-06-02,245.0000000000,560.0000000000,560,2021-11-19
decade_2016_2025,magratio_qqq_400_floor100,2016-01-04,2025-12-31,100000.0000000000,2420041.5782648772,23.2004157826,0.3756633599,67,6.7062887092,26146.4008300926,-0.4576942932,2021-11-19,2022-09-30,315,2023-06-02,245.0000000000,560.0000000000,560,2021-11-19
decade_2016_2025,magratio_qqq_400_step_up,2016-01-04,2025-12-31,100000.0000000000,2420041.5782648772,23.2004157826,0.3756633599,67,6.7062887092,26146.4008300926,-0.4576942932,2021-11-19,2022-09-30,315,2023-06-02,245.0000000000,560.0000000000,560,2021-11-19
decade_2016_2025,magratio_qqq_400_block_cut,2016-01-04,2025-12-31,100000.0000000000,2420041.5782648772,23.2004157826,0.3756633599,67,6.7062887092,26146.4008300926,-0.4576942932,2021-11-19,2022-09-30,315,2023-06-02,245.0000000000,560.0000000000,560,2021-11-19
decade_2016_2025,combo_qqq_30_55_floor50,2016-01-04,2025-12-31,100000.0000000000,2296892.7520375811,21.9689275204,0.3684906365,79,7.9074150452,30488.3474717376,-0.5258970552,2021-11-19,2022-09-30,315,2023-07-13,286.0000000000,601.0000000000,601,2021-11-19
decade_2016_2025,combo_qqq_30_55_floor100,2016-01-04,2025-12-31,100000.0000000000,2357808.4601484756,22.5780846015,0.3720807700,105,10.5098554398,49386.5457542920,-0.6277043815,2021-11-19,2022-12-28,404,2024-02-08,407.0000000000,811.0000000000,811,2021-11-19
decade_2016_2025,combo_qqq_30_55_step_up,2016-01-04,2025-12-31,100000.0000000000,2603371.0004577506,25.0337100046,0.3857550514,106,10.6099493012,42717.1993885008,-0.5574901525,2021-11-19,2022-09-30,315,2023-12-13,439.0000000000,754.0000000000,754,2021-11-19
decade_2016_2025,combo_qqq_30_55_block_cut,2016-01-04,2025-12-31,100000.0000000000,2463675.8461324256,23.6367584613,0.3781261465,61,6.1057255412,24626.5799270824,-0.4576969336,2021-11-19,2022-09-30,315,2023-06-02,245.0000000000,560.0000000000,560,2021-11-19
decade_2016_2025,combo_qqq_30_65_floor50,2016-01-04,2025-12-31,100000.0000000000,2496493.7541271672,23.9649375413,0.3799527100,77,7.7072273226,31484.0286325598,-0.4632158811,2021-11-19,2022-09-30,315,2023-06-12,255.0000000000,570.0000000000,570,2021-11-19
decade_2016_2025,combo_qqq_30_65_floor100,2016-01-04,2025-12-31,100000.0000000000,2411806.5169265084,23.1180651693,0.3751940826,89,8.9083536585,44849.6931413133,-0.5079933717,2021-11-19,2022-12-28,404,2023-07-17,201.0000000000,605.0000000000,605,2021-11-19
decade_2016_2025,combo_qqq_30_65_step_up,2016-01-04,2025-12-31,100000.0000000000,2410854.4873913219,23.1085448739,0.3751397380,90,9.0084475199,37415.0316379932,-0.4967288351,2021-11-19,2022-09-30,315,2023-07-13,286.0000000000,601.0000000000,601,2021-11-19
decade_2016_2025,combo_qqq_30_65_block_cut,2016-01-04,2025-12-31,100000.0000000000,2477210.5149097247,23.7721051491,0.3788820900,65,6.5061009866,26026.2823794914,-0.4576945767,2021-11-19,2022-09-30,315,2023-06-02,245.0000000000,560.0000000000,560,2021-11-19
decade_2016_2025,combo_qqq_30_75_floor50,2016-01-04,2025-12-31,100000.0000000000,2587964.5483634188,24.8796454836,0.3849320138,73,7.3068518772,29990.8616766276,-0.4663649354,2024-12-16,2025-05-23,158,,,,560,2021-11-19
decade_2016_2025,combo_qqq_30_75_floor100,2016-01-04,2025-12-31,100000.0000000000,2701440.7365718409,26.0144073657,0.3908936228,86,8.6080720745,40065.4319131085,-0.4882673376,2024-12-16,2025-05-23,158,,,,570,2021-11-19
decade_2016_2025,combo_qqq_30_75_step_up,2016-01-04,2025-12-31,100000.0000000000,2571981.9982996141,24.7198199830,0.3840735272,84,8.4078843519,33900.3088866089,-0.4797628799,2021-11-19,2022-09-30,315,2023-06-12,255.0000000000,570.0000000000,570,2021-11-19
decade_2016_2025,combo_qqq_30_75_block_cut,2016-01-04,2025-12-31,100000.0000000000,2420041.5782648772,23.2004157826,0.3756633599,67,6.7062887092,26146.4008300926,-0.4576942932,2021-11-19,2022-09-30,315,2023-06-02,245.0000000000,560.0000000000,560,2021-11-19
decade_2016_2025,combo_qqq_50_55_floor50,2016-01-04,2025-12-31,100000.0000000000,2302487.4537244975,22.0248745372,0.3688239170,81,8.1076027679,31237.8955101649,-0.5156059955,2021-11-19,2022-12-28,404,2023-07-13,197.0000000000,601.0000000000,601,2021-11-19
decade_2016_2025,combo_qqq_50_55_floor100,2016-01-04,2025-12-31,100000.0000000000,2562616.6800729074,24.6261668007,0.3835682452,99,9.9092922719,50172.2792106863,-0.6127780166,2021-11-19,2022-12-28,404,2024-01-19,387.0000000000,791.0000000000,791,2021-11-19
decade_2016_2025,combo_qqq_50_55_step_up,2016-01-04,2025-12-31,100000.0000000000,2765087.9287769571,26.6508792878,0.3941394459,102,10.2095738559,43386.2018326463,-0.5435548581,2021-11-19,2022-12-28,404,2023-07-18,202.0000000000,606.0000000000,606,2021-11-19
decade_2016_2025,combo_qqq_50_55_block_cut,2016-01-04,2025-12-31,100000.0000000000,2466199.7118808320,23.6619971188,0.3782673935,63,6.3059132639,25209.9354915210,-0.4576885084,2021-11-19,2022-09-30,315,2023-06-02,245.0000000000,560.0000000000,560,2021-11-19
decade_2016_2025,combo_qqq_50_65_floor50,2016-01-04,2025-12-31,100000.0000000000,2421124.8700828981,23.2112487008,0.3757249846,77,7.7072273226,30975.2909103967,-0.4685075988,2021-11-19,2022-12-28,404,2023-06-13,167.0000000000,571.0000000000,571,2021-11-19
decade_2016_2025,combo_qqq_50_65_floor100,2016-01-04,2025-12-31,100000.0000000000,2301717.8664999632,22.0171786650,0.3687781154,89,8.9083536585,43670.7372640293,-0.5304516884,2021-11-19,2022-12-28,404,2023-12-12,349.0000000000,753.0000000000,753,2021-11-19
decade_2016_2025,combo_qqq_50_65_step_up,2016-01-04,2025-12-31,100000.0000000000,2338052.4847895214,22.3805248479,0.3709256687,90,9.0084475199,36818.6958283034,-0.5002863900,2021-11-19,2022-12-28,404,2023-07-17,201.0000000000,605.0000000000,605,2021-11-19
decade_2016_2025,combo_qqq_50_65_block_cut,2016-01-04,2025-12-31,100000.0000000000,2477210.5149097247,23.7721051491,0.3788820900,65,6.5061009866,26026.2823794914,-0.4576945767,2021-11-19,2022-09-30,315,2023-06-02,245.0000000000,560.0000000000,560,2021-11-19
decade_2016_2025,combo_qqq_50_75_floor50,2016-01-04,2025-12-31,100000.0000000000,2587964.5483634188,24.8796454836,0.3849320138,73,7.3068518772,29990.8616766276,-0.4663649354,2024-12-16,2025-05-23,158,,,,560,2021-11-19
decade_2016_2025,combo_qqq_50_75_floor100,2016-01-04,2025-12-31,100000.0000000000,2701440.7365718409,26.0144073657,0.3908936228,86,8.6080720745,40065.4319131085,-0.4882673376,2024-12-16,2025-05-23,158,,,,570,2021-11-19
decade_2016_2025,combo_qqq_50_75_step_up,2016-01-04,2025-12-31,100000.0000000000,2571981.9982996141,24.7198199830,0.3840735272,84,8.4078843519,33900.3088866089,-0.4797628799,2021-11-19,2022-09-30,315,2023-06-12,255.0000000000,570.0000000000,570,2021-11-19
decade_2016_2025,combo_qqq_50_75_block_cut,2016-01-04,2025-12-31,100000.0000000000,2420041.5782648772,23.2004157826,0.3756633599,67,6.7062887092,26146.4008300926,-0.4576942932,2021-11-19,2022-09-30,315,2023-06-02,245.0000000000,560.0000000000,560,2021-11-19
decade_2016_2025,combo_qqq_75_55_floor50,2016-01-04,2025-12-31,100000.0000000000,2498230.9469732703,23.9823094697,0.3800487945,79,7.9074150452,31587.7663859907,-0.4733187778,2021-11-19,2022-09-30,315,2023-06-12,255.0000000000,570.0000000000,570,2021-11-19
decade_2016_2025,combo_qqq_75_55_floor100,2016-01-04,2025-12-31,100000.0000000000,2676837.5992474444,25.7683759925,0.3896204635,103,10.3096677172,53324.7104630155,-0.5157584303,2021-11-19,2022-12-28,404,2023-07-18,202.0000000000,606.0000000000,606,2021-11-19
decade_2016_2025,combo_qqq_75_55_step_up,2016-01-04,2025-12-31,100000.0000000000,2626660.2927367799,25.2666029274,0.3869909202,107,10.7100431625,46714.5900536155,-0.5024593977,2021-11-19,2022-09-30,315,2023-07-13,286.0000000000,601.0000000000,601,2021-11-19
decade_2016_2025,combo_qqq_75_55_block_cut,2016-01-04,2025-12-31,100000.0000000000,2477210.5149097247,23.7721051491,0.3788820900,65,6.5061009866,26026.2823794914,-0.4576945767,2021-11-19,2022-09-30,315,2023-06-02,245.0000000000,560.0000000000,560,2021-11-19
decade_2016_2025,combo_qqq_75_65_floor50,2016-01-04,2025-12-31,100000.0000000000,2515843.2819982748,24.1584328200,0.3810195560,75,7.5070395999,30687.4557602145,-0.4583972940,2024-12-16,2025-05-23,158,,,,570,2021-11-19
decade_2016_2025,combo_qqq_75_65_floor100,2016-01-04,2025-12-31,100000.0000000000,2487986.8368824739,23.8798683688,0.3794813202,87,8.7081659359,43359.8370738253,-0.4924547157,2021-11-19,2022-12-28,404,2023-07-13,197.0000000000,601.0000000000,601,2021-11-19
decade_2016_2025,combo_qqq_75_65_step_up,2016-01-04,2025-12-31,100000.0000000000,2429562.5269896267,23.2956252699,0.3762041260,88,8.8082597972,36579.6663892555,-0.4915476990,2021-11-19,2022-09-30,315,2023-07-13,286.0000000000,601.0000000000,601,2021-11-19
decade_2016_2025,combo_qqq_75_65_block_cut,2016-01-04,2025-12-31,100000.0000000000,2477210.5149097247,23.7721051491,0.3788820900,65,6.5061009866,26026.2823794914,-0.4576945767,2021-11-19,2022-09-30,315,2023-06-02,245.0000000000,560.0000000000,560,2021-11-19
decade_2016_2025,combo_qqq_75_75_floor50,2016-01-04,2025-12-31,100000.0000000000,2587964.5483634188,24.8796454836,0.3849320138,73,7.3068518772,29990.8616766276,-0.4663649354,2024-12-16,2025-05-23,158,,,,560,2021-11-19
decade_2016_2025,combo_qqq_75_75_floor100,2016-01-04,2025-12-31,100000.0000000000,2701440.7365718409,26.0144073657,0.3908936228,86,8.6080720745,40065.4319131085,-0.4882673376,2024-12-16,2025-05-23,158,,,,570,2021-11-19
decade_2016_2025,combo_qqq_75_75_step_up,2016-01-04,2025-12-31,100000.0000000000,2571981.9982996141,24.7198199830,0.3840735272,84,8.4078843519,33900.3088866089,-0.4797628799,2021-11-19,2022-09-30,315,2023-06-12,255.0000000000,570.0000000000,570,2021-11-19
decade_2016_2025,combo_qqq_75_75_block_cut,2016-01-04,2025-12-31,100000.0000000000,2420041.5782648772,23.2004157826,0.3756633599,67,6.7062887092,26146.4008300926,-0.4576942932,2021-11-19,2022-09-30,315,2023-06-02,245.0000000000,560.0000000000,560,2021-11-19
decade_2016_2025,combo_qqq_100_55_floor50,2016-01-04,2025-12-31,100000.0000000000,2647996.3656565640,25.4799636566,0.3881145147,69,6.9064764319,29112.5368906183,-0.4583966772,2024-12-16,2025-05-23,158,,,,559,2021-11-19
decade_2016_2025,combo_qqq_100_55_floor100,2016-01-04,2025-12-31,100000.0000000000,2802164.9668949731,27.0216496689,0.3959994063,87,8.7081659359,41510.2798213587,-0.4790378734,2021-11-19,2022-09-30,315,2023-06-14,257.0000000000,572.0000000000,572,2021-11-19
decade_2016_2025,combo_qqq_100_55_step_up,2016-01-04,2025-12-31,100000.0000000000,2580311.9559498038,24.8031195595,0.3845215596,91,9.1085413812,37711.5125759773,-0.4939166752,2021-11-19,2022-09-30,315,2023-06-15,258.0000000000,573.0000000000,573,2021-11-19
decade_2016_2025,combo_qqq_100_55_block_cut,2016-01-04,2025-12-31,100000.0000000000,2477210.5149097247,23.7721051491,0.3788820900,65,6.5061009866,26026.2823794914,-0.4576945767,2021-11-19,2022-09-30,315,2023-06-02,245.0000000000,560.0000000000,560,2021-11-19
decade_2016_2025,combo_qqq_100_65_floor50,2016-01-04,2025-12-31,100000.0000000000,2568026.4476181525,24.6802644762,0.3838603178,67,6.7062887092,28118.3486975313,-0.4583957914,2024-12-16,2025-05-23,158,,,,560,2021-11-19
decade_2016_2025,combo_qqq_100_65_floor100,2016-01-04,2025-12-31,100000.0000000000,2513193.6635382357,24.1319366354,0.3808739052,83,8.3077904905,38758.5548067182,-0.5088195562,2021-11-19,2022-09-30,315,2023-07-13,286.0000000000,601.0000000000,601,2021-11-19
decade_2016_2025,combo_qqq_100_65_step_up,2016-01-04,2025-12-31,100000.0000000000,2398780.5985626504,22.9878059856,0.3744488445,84,8.4078843519,34892.3383859995,-0.5088176342,2021-11-19,2022-09-30,315,2023-07-13,286.0000000000,601.0000000000,601,2021-11-19
decade_2016_2025,combo_qqq_100_65_block_cut,2016-01-04,2025-12-31,100000.0000000000,2477210.5149097247,23.7721051491,0.3788820900,65,6.5061009866,26026.2823794914,-0.4576945767,2021-11-19,2022-09-30,315,2023-06-02,245.0000000000,560.0000000000,560,2021-11-19
decade_2016_2025,combo_qqq_100_75_floor50,2016-01-04,2025-12-31,100000.0000000000,2587964.5483634188,24.8796454836,0.3849320138,73,7.3068518772,29990.8616766276,-0.4663649354,2024-12-16,2025-05-23,158,,,,560,2021-11-19
decade_2016_2025,combo_qqq_100_75_floor100,2016-01-04,2025-12-31,100000.0000000000,2701440.7365718409,26.0144073657,0.3908936228,86,8.6080720745,40065.4319131085,-0.4882673376,2024-12-16,2025-05-23,158,,,,570,2021-11-19
decade_2016_2025,combo_qqq_100_75_step_up,2016-01-04,2025-12-31,100000.0000000000,2571981.9982996141,24.7198199830,0.3840735272,84,8.4078843519,33900.3088866089,-0.4797628799,2021-11-19,2022-09-30,315,2023-06-12,255.0000000000,570.0000000000,570,2021-11-19
decade_2016_2025,combo_qqq_100_75_block_cut,2016-01-04,2025-12-31,100000.0000000000,2420041.5782648772,23.2004157826,0.3756633599,67,6.7062887092,26146.4008300926,-0.4576942932,2021-11-19,2022-09-30,315,2023-06-02,245.0000000000,560.0000000000,560,2021-11-19
decade_2016_2025,filtered_ret_qqq_40_sma100_block_cut,2016-01-04,2025-12-31,100000.0000000000,2852016.6044577947,27.5201660446,0.3984655986,59,5.9055378186,27484.5718458331,-0.4576921365,2021-11-19,2022-09-30,315,2023-06-02,245.0000000000,560.0000000000,560,2021-11-19
decade_2016_2025,filtered_ret_qqq_40_sma150_block_cut,2016-01-04,2025-12-31,100000.0000000000,2852016.6044577947,27.5201660446,0.3984655986,59,5.9055378186,27484.5718458331,-0.4576921365,2021-11-19,2022-09-30,315,2023-06-02,245.0000000000,560.0000000000,560,2021-11-19
decade_2016_2025,filtered_ret_qqq_40_sma200_block_cut,2016-01-04,2025-12-31,100000.0000000000,2852016.6044577947,27.5201660446,0.3984655986,59,5.9055378186,27484.5718458331,-0.4576921365,2021-11-19,2022-09-30,315,2023-06-02,245.0000000000,560.0000000000,560,2021-11-19
decade_2016_2025,filtered_ret_qqq_40_return60_block_cut,2016-01-04,2025-12-31,100000.0000000000,2852016.6044577947,27.5201660446,0.3984655986,59,5.9055378186,27484.5718458331,-0.4576921365,2021-11-19,2022-09-30,315,2023-06-02,245.0000000000,560.0000000000,560,2021-11-19
decade_2016_2025,filtered_ret_qqq_40_return120_block_cut,2016-01-04,2025-12-31,100000.0000000000,2852016.6044577947,27.5201660446,0.3984655986,59,5.9055378186,27484.5718458331,-0.4576921365,2021-11-19,2022-09-30,315,2023-06-02,245.0000000000,560.0000000000,560,2021-11-19
decade_2016_2025,filtered_ret_qqq_40_return200_block_cut,2016-01-04,2025-12-31,100000.0000000000,2852016.6044577947,27.5201660446,0.3984655986,59,5.9055378186,27484.5718458331,-0.4576921365,2021-11-19,2022-09-30,315,2023-06-02,245.0000000000,560.0000000000,560,2021-11-19
decade_2016_2025,filtered_ret_qqq_60_sma100_block_cut,2016-01-04,2025-12-31,100000.0000000000,2469895.7988003734,23.6989579880,0.3784740086,63,6.3059132639,25322.4812937974,-0.4576887884,2021-11-19,2022-09-30,315,2023-06-02,245.0000000000,560.0000000000,560,2021-11-19
decade_2016_2025,filtered_ret_qqq_60_sma150_block_cut,2016-01-04,2025-12-31,100000.0000000000,2469895.7988003734,23.6989579880,0.3784740086,63,6.3059132639,25322.4812937974,-0.4576887884,2021-11-19,2022-09-30,315,2023-06-02,245.0000000000,560.0000000000,560,2021-11-19
decade_2016_2025,filtered_ret_qqq_60_sma200_block_cut,2016-01-04,2025-12-31,100000.0000000000,2469895.7988003734,23.6989579880,0.3784740086,63,6.3059132639,25322.4812937974,-0.4576887884,2021-11-19,2022-09-30,315,2023-06-02,245.0000000000,560.0000000000,560,2021-11-19
decade_2016_2025,filtered_ret_qqq_60_return60_block_cut,2016-01-04,2025-12-31,100000.0000000000,2469895.7988003734,23.6989579880,0.3784740086,63,6.3059132639,25322.4812937974,-0.4576887884,2021-11-19,2022-09-30,315,2023-06-02,245.0000000000,560.0000000000,560,2021-11-19
decade_2016_2025,filtered_ret_qqq_60_return120_block_cut,2016-01-04,2025-12-31,100000.0000000000,2469895.7988003734,23.6989579880,0.3784740086,63,6.3059132639,25322.4812937974,-0.4576887884,2021-11-19,2022-09-30,315,2023-06-02,245.0000000000,560.0000000000,560,2021-11-19
decade_2016_2025,filtered_ret_qqq_60_return200_block_cut,2016-01-04,2025-12-31,100000.0000000000,2469895.7988003734,23.6989579880,0.3784740086,63,6.3059132639,25322.4812937974,-0.4576887884,2021-11-19,2022-09-30,315,2023-06-02,245.0000000000,560.0000000000,560,2021-11-19
decade_2016_2025,filtered_ret_qqq_80_sma100_block_cut,2016-01-04,2025-12-31,100000.0000000000,2318387.3605974475,22.1838736060,0.3697671233,65,6.5061009866,24596.4678626557,-0.4576961486,2021-11-19,2022-09-30,315,2023-06-02,245.0000000000,560.0000000000,560,2021-11-19
decade_2016_2025,filtered_ret_qqq_80_sma150_block_cut,2016-01-04,2025-12-31,100000.0000000000,2318387.3605974475,22.1838736060,0.3697671233,65,6.5061009866,24596.4678626557,-0.4576961486,2021-11-19,2022-09-30,315,2023-06-02,245.0000000000,560.0000000000,560,2021-11-19
decade_2016_2025,filtered_ret_qqq_80_sma200_block_cut,2016-01-04,2025-12-31,100000.0000000000,2318387.3605974475,22.1838736060,0.3697671233,65,6.5061009866,24596.4678626557,-0.4576961486,2021-11-19,2022-09-30,315,2023-06-02,245.0000000000,560.0000000000,560,2021-11-19
decade_2016_2025,filtered_ret_qqq_80_return60_block_cut,2016-01-04,2025-12-31,100000.0000000000,2318387.3605974475,22.1838736060,0.3697671233,65,6.5061009866,24596.4678626557,-0.4576961486,2021-11-19,2022-09-30,315,2023-06-02,245.0000000000,560.0000000000,560,2021-11-19
decade_2016_2025,filtered_ret_qqq_80_return120_block_cut,2016-01-04,2025-12-31,100000.0000000000,2318387.3605974475,22.1838736060,0.3697671233,65,6.5061009866,24596.4678626557,-0.4576961486,2021-11-19,2022-09-30,315,2023-06-02,245.0000000000,560.0000000000,560,2021-11-19
decade_2016_2025,filtered_ret_qqq_80_return200_block_cut,2016-01-04,2025-12-31,100000.0000000000,2318387.3605974475,22.1838736060,0.3697671233,65,6.5061009866,24596.4678626557,-0.4576961486,2021-11-19,2022-09-30,315,2023-06-02,245.0000000000,560.0000000000,560,2021-11-19
decade_2016_2025,filtered_ret_qqq_100_sma100_block_cut,2016-01-04,2025-12-31,100000.0000000000,2318387.3605974475,22.1838736060,0.3697671233,65,6.5061009866,24596.4678626557,-0.4576961486,2021-11-19,2022-09-30,315,2023-06-02,245.0000000000,560.0000000000,560,2021-11-19
decade_2016_2025,filtered_ret_qqq_100_sma150_block_cut,2016-01-04,2025-12-31,100000.0000000000,2318387.3605974475,22.1838736060,0.3697671233,65,6.5061009866,24596.4678626557,-0.4576961486,2021-11-19,2022-09-30,315,2023-06-02,245.0000000000,560.0000000000,560,2021-11-19
decade_2016_2025,filtered_ret_qqq_100_sma200_block_cut,2016-01-04,2025-12-31,100000.0000000000,2318387.3605974475,22.1838736060,0.3697671233,65,6.5061009866,24596.4678626557,-0.4576961486,2021-11-19,2022-09-30,315,2023-06-02,245.0000000000,560.0000000000,560,2021-11-19
decade_2016_2025,filtered_ret_qqq_100_return60_block_cut,2016-01-04,2025-12-31,100000.0000000000,2318387.3605974475,22.1838736060,0.3697671233,65,6.5061009866,24596.4678626557,-0.4576961486,2021-11-19,2022-09-30,315,2023-06-02,245.0000000000,560.0000000000,560,2021-11-19
decade_2016_2025,filtered_ret_qqq_100_return120_block_cut,2016-01-04,2025-12-31,100000.0000000000,2318387.3605974475,22.1838736060,0.3697671233,65,6.5061009866,24596.4678626557,-0.4576961486,2021-11-19,2022-09-30,315,2023-06-02,245.0000000000,560.0000000000,560,2021-11-19
decade_2016_2025,filtered_ret_qqq_100_return200_block_cut,2016-01-04,2025-12-31,100000.0000000000,2318387.3605974475,22.1838736060,0.3697671233,65,6.5061009866,24596.4678626557,-0.4576961486,2021-11-19,2022-09-30,315,2023-06-02,245.0000000000,560.0000000000,560,2021-11-19
decade_2016_2025,filtered_ret_qqq_120_sma100_block_cut,2016-01-04,2025-12-31,100000.0000000000,2420041.5782648772,23.2004157826,0.3756633599,67,6.7062887092,26146.4008300926,-0.4576942932,2021-11-19,2022-09-30,315,2023-06-02,245.0000000000,560.0000000000,560,2021-11-19
decade_2016_2025,filtered_ret_qqq_120_sma150_block_cut,2016-01-04,2025-12-31,100000.0000000000,2420041.5782648772,23.2004157826,0.3756633599,67,6.7062887092,26146.4008300926,-0.4576942932,2021-11-19,2022-09-30,315,2023-06-02,245.0000000000,560.0000000000,560,2021-11-19
decade_2016_2025,filtered_ret_qqq_120_sma200_block_cut,2016-01-04,2025-12-31,100000.0000000000,2420041.5782648772,23.2004157826,0.3756633599,67,6.7062887092,26146.4008300926,-0.4576942932,2021-11-19,2022-09-30,315,2023-06-02,245.0000000000,560.0000000000,560,2021-11-19
decade_2016_2025,filtered_ret_qqq_120_return60_block_cut,2016-01-04,2025-12-31,100000.0000000000,2420041.5782648772,23.2004157826,0.3756633599,67,6.7062887092,26146.4008300926,-0.4576942932,2021-11-19,2022-09-30,315,2023-06-02,245.0000000000,560.0000000000,560,2021-11-19
decade_2016_2025,filtered_ret_qqq_120_return120_block_cut,2016-01-04,2025-12-31,100000.0000000000,2420041.5782648772,23.2004157826,0.3756633599,67,6.7062887092,26146.4008300926,-0.4576942932,2021-11-19,2022-09-30,315,2023-06-02,245.0000000000,560.0000000000,560,2021-11-19
decade_2016_2025,filtered_ret_qqq_120_return200_block_cut,2016-01-04,2025-12-31,100000.0000000000,2420041.5782648772,23.2004157826,0.3756633599,67,6.7062887092,26146.4008300926,-0.4576942932,2021-11-19,2022-09-30,315,2023-06-02,245.0000000000,560.0000000000,560,2021-11-19
decade_2016_2025,filtered_ret_qqq_150_sma100_block_cut,2016-01-04,2025-12-31,100000.0000000000,2420041.5782648772,23.2004157826,0.3756633599,67,6.7062887092,26146.4008300926,-0.4576942932,2021-11-19,2022-09-30,315,2023-06-02,245.0000000000,560.0000000000,560,2021-11-19
decade_2016_2025,filtered_ret_qqq_150_sma150_block_cut,2016-01-04,2025-12-31,100000.0000000000,2420041.5782648772,23.2004157826,0.3756633599,67,6.7062887092,26146.4008300926,-0.4576942932,2021-11-19,2022-09-30,315,2023-06-02,245.0000000000,560.0000000000,560,2021-11-19
decade_2016_2025,filtered_ret_qqq_150_sma200_block_cut,2016-01-04,2025-12-31,100000.0000000000,2420041.5782648772,23.2004157826,0.3756633599,67,6.7062887092,26146.4008300926,-0.4576942932,2021-11-19,2022-09-30,315,2023-06-02,245.0000000000,560.0000000000,560,2021-11-19
decade_2016_2025,filtered_ret_qqq_150_return60_block_cut,2016-01-04,2025-12-31,100000.0000000000,2420041.5782648772,23.2004157826,0.3756633599,67,6.7062887092,26146.4008300926,-0.4576942932,2021-11-19,2022-09-30,315,2023-06-02,245.0000000000,560.0000000000,560,2021-11-19
decade_2016_2025,filtered_ret_qqq_150_return120_block_cut,2016-01-04,2025-12-31,100000.0000000000,2420041.5782648772,23.2004157826,0.3756633599,67,6.7062887092,26146.4008300926,-0.4576942932,2021-11-19,2022-09-30,315,2023-06-02,245.0000000000,560.0000000000,560,2021-11-19
decade_2016_2025,filtered_ret_qqq_150_return200_block_cut,2016-01-04,2025-12-31,100000.0000000000,2420041.5782648772,23.2004157826,0.3756633599,67,6.7062887092,26146.4008300926,-0.4576942932,2021-11-19,2022-09-30,315,2023-06-02,245.0000000000,560.0000000000,560,2021-11-19
decade_2016_2025,filtered_ret_tqqq_100_sma100_block_cut,2016-01-04,2025-12-31,100000.0000000000,2854924.8762836931,27.5492487628,0.3986082720,61,6.1057255412,28159.8121811738,-0.4576959422,2021-11-19,2022-09-30,315,2023-06-02,245.0000000000,560.0000000000,560,2021-11-19
decade_2016_2025,filtered_ret_tqqq_100_sma150_block_cut,2016-01-04,2025-12-31,100000.0000000000,2854924.8762836931,27.5492487628,0.3986082720,61,6.1057255412,28159.8121811738,-0.4576959422,2021-11-19,2022-09-30,315,2023-06-02,245.0000000000,560.0000000000,560,2021-11-19
decade_2016_2025,filtered_ret_tqqq_100_sma200_block_cut,2016-01-04,2025-12-31,100000.0000000000,2854924.8762836931,27.5492487628,0.3986082720,61,6.1057255412,28159.8121811738,-0.4576959422,2021-11-19,2022-09-30,315,2023-06-02,245.0000000000,560.0000000000,560,2021-11-19
decade_2016_2025,filtered_ret_tqqq_100_return60_block_cut,2016-01-04,2025-12-31,100000.0000000000,2854924.8762836931,27.5492487628,0.3986082720,61,6.1057255412,28159.8121811738,-0.4576959422,2021-11-19,2022-09-30,315,2023-06-02,245.0000000000,560.0000000000,560,2021-11-19
decade_2016_2025,filtered_ret_tqqq_100_return120_block_cut,2016-01-04,2025-12-31,100000.0000000000,2854924.8762836931,27.5492487628,0.3986082720,61,6.1057255412,28159.8121811738,-0.4576959422,2021-11-19,2022-09-30,315,2023-06-02,245.0000000000,560.0000000000,560,2021-11-19
decade_2016_2025,filtered_ret_tqqq_100_return200_block_cut,2016-01-04,2025-12-31,100000.0000000000,2854924.8762836931,27.5492487628,0.3986082720,61,6.1057255412,28159.8121811738,-0.4576959422,2021-11-19,2022-09-30,315,2023-06-02,245.0000000000,560.0000000000,560,2021-11-19
decade_2016_2025,filtered_ret_tqqq_150_sma100_block_cut,2016-01-04,2025-12-31,100000.0000000000,2469895.7988003734,23.6989579880,0.3784740086,63,6.3059132639,25322.4812937974,-0.4576887884,2021-11-19,2022-09-30,315,2023-06-02,245.0000000000,560.0000000000,560,2021-11-19
decade_2016_2025,filtered_ret_tqqq_150_sma150_block_cut,2016-01-04,2025-12-31,100000.0000000000,2469895.7988003734,23.6989579880,0.3784740086,63,6.3059132639,25322.4812937974,-0.4576887884,2021-11-19,2022-09-30,315,2023-06-02,245.0000000000,560.0000000000,560,2021-11-19
decade_2016_2025,filtered_ret_tqqq_150_sma200_block_cut,2016-01-04,2025-12-31,100000.0000000000,2469895.7988003734,23.6989579880,0.3784740086,63,6.3059132639,25322.4812937974,-0.4576887884,2021-11-19,2022-09-30,315,2023-06-02,245.0000000000,560.0000000000,560,2021-11-19
decade_2016_2025,filtered_ret_tqqq_150_return60_block_cut,2016-01-04,2025-12-31,100000.0000000000,2469895.7988003734,23.6989579880,0.3784740086,63,6.3059132639,25322.4812937974,-0.4576887884,2021-11-19,2022-09-30,315,2023-06-02,245.0000000000,560.0000000000,560,2021-11-19
decade_2016_2025,filtered_ret_tqqq_150_return120_block_cut,2016-01-04,2025-12-31,100000.0000000000,2469895.7988003734,23.6989579880,0.3784740086,63,6.3059132639,25322.4812937974,-0.4576887884,2021-11-19,2022-09-30,315,2023-06-02,245.0000000000,560.0000000000,560,2021-11-19
decade_2016_2025,filtered_ret_tqqq_150_return200_block_cut,2016-01-04,2025-12-31,100000.0000000000,2469895.7988003734,23.6989579880,0.3784740086,63,6.3059132639,25322.4812937974,-0.4576887884,2021-11-19,2022-09-30,315,2023-06-02,245.0000000000,560.0000000000,560,2021-11-19
decade_2016_2025,filtered_ret_tqqq_200_sma100_block_cut,2016-01-04,2025-12-31,100000.0000000000,2351181.8084263671,22.5118180843,0.3716942939,65,6.5061009866,24872.6278213783,-0.4576901551,2021-11-19,2022-09-30,315,2023-06-02,245.0000000000,560.0000000000,560,2021-11-19
decade_2016_2025,filtered_ret_tqqq_200_sma150_block_cut,2016-01-04,2025-12-31,100000.0000000000,2351181.8084263671,22.5118180843,0.3716942939,65,6.5061009866,24872.6278213783,-0.4576901551,2021-11-19,2022-09-30,315,2023-06-02,245.0000000000,560.0000000000,560,2021-11-19
decade_2016_2025,filtered_ret_tqqq_200_sma200_block_cut,2016-01-04,2025-12-31,100000.0000000000,2351181.8084263671,22.5118180843,0.3716942939,65,6.5061009866,24872.6278213783,-0.4576901551,2021-11-19,2022-09-30,315,2023-06-02,245.0000000000,560.0000000000,560,2021-11-19
decade_2016_2025,filtered_ret_tqqq_200_return60_block_cut,2016-01-04,2025-12-31,100000.0000000000,2351181.8084263671,22.5118180843,0.3716942939,65,6.5061009866,24872.6278213783,-0.4576901551,2021-11-19,2022-09-30,315,2023-06-02,245.0000000000,560.0000000000,560,2021-11-19
decade_2016_2025,filtered_ret_tqqq_200_return120_block_cut,2016-01-04,2025-12-31,100000.0000000000,2351181.8084263671,22.5118180843,0.3716942939,65,6.5061009866,24872.6278213783,-0.4576901551,2021-11-19,2022-09-30,315,2023-06-02,245.0000000000,560.0000000000,560,2021-11-19
decade_2016_2025,filtered_ret_tqqq_200_return200_block_cut,2016-01-04,2025-12-31,100000.0000000000,2351181.8084263671,22.5118180843,0.3716942939,65,6.5061009866,24872.6278213783,-0.4576901551,2021-11-19,2022-09-30,315,2023-06-02,245.0000000000,560.0000000000,560,2021-11-19
decade_2016_2025,filtered_ret_tqqq_250_sma100_block_cut,2016-01-04,2025-12-31,100000.0000000000,2318387.3605974475,22.1838736060,0.3697671233,65,6.5061009866,24596.4678626557,-0.4576961486,2021-11-19,2022-09-30,315,2023-06-02,245.0000000000,560.0000000000,560,2021-11-19
decade_2016_2025,filtered_ret_tqqq_250_sma150_block_cut,2016-01-04,2025-12-31,100000.0000000000,2318387.3605974475,22.1838736060,0.3697671233,65,6.5061009866,24596.4678626557,-0.4576961486,2021-11-19,2022-09-30,315,2023-06-02,245.0000000000,560.0000000000,560,2021-11-19
decade_2016_2025,filtered_ret_tqqq_250_sma200_block_cut,2016-01-04,2025-12-31,100000.0000000000,2318387.3605974475,22.1838736060,0.3697671233,65,6.5061009866,24596.4678626557,-0.4576961486,2021-11-19,2022-09-30,315,2023-06-02,245.0000000000,560.0000000000,560,2021-11-19
decade_2016_2025,filtered_ret_tqqq_250_return60_block_cut,2016-01-04,2025-12-31,100000.0000000000,2318387.3605974475,22.1838736060,0.3697671233,65,6.5061009866,24596.4678626557,-0.4576961486,2021-11-19,2022-09-30,315,2023-06-02,245.0000000000,560.0000000000,560,2021-11-19
decade_2016_2025,filtered_ret_tqqq_250_return120_block_cut,2016-01-04,2025-12-31,100000.0000000000,2318387.3605974475,22.1838736060,0.3697671233,65,6.5061009866,24596.4678626557,-0.4576961486,2021-11-19,2022-09-30,315,2023-06-02,245.0000000000,560.0000000000,560,2021-11-19
decade_2016_2025,filtered_ret_tqqq_250_return200_block_cut,2016-01-04,2025-12-31,100000.0000000000,2318387.3605974475,22.1838736060,0.3697671233,65,6.5061009866,24596.4678626557,-0.4576961486,2021-11-19,2022-09-30,315,2023-06-02,245.0000000000,560.0000000000,560,2021-11-19
decade_2016_2025,filtered_ret_tqqq_300_sma100_block_cut,2016-01-04,2025-12-31,100000.0000000000,2318387.3605974475,22.1838736060,0.3697671233,65,6.5061009866,24596.4678626557,-0.4576961486,2021-11-19,2022-09-30,315,2023-06-02,245.0000000000,560.0000000000,560,2021-11-19
decade_2016_2025,filtered_ret_tqqq_300_sma150_block_cut,2016-01-04,2025-12-31,100000.0000000000,2318387.3605974475,22.1838736060,0.3697671233,65,6.5061009866,24596.4678626557,-0.4576961486,2021-11-19,2022-09-30,315,2023-06-02,245.0000000000,560.0000000000,560,2021-11-19
decade_2016_2025,filtered_ret_tqqq_300_sma200_block_cut,2016-01-04,2025-12-31,100000.0000000000,2318387.3605974475,22.1838736060,0.3697671233,65,6.5061009866,24596.4678626557,-0.4576961486,2021-11-19,2022-09-30,315,2023-06-02,245.0000000000,560.0000000000,560,2021-11-19
decade_2016_2025,filtered_ret_tqqq_300_return60_block_cut,2016-01-04,2025-12-31,100000.0000000000,2318387.3605974475,22.1838736060,0.3697671233,65,6.5061009866,24596.4678626557,-0.4576961486,2021-11-19,2022-09-30,315,2023-06-02,245.0000000000,560.0000000000,560,2021-11-19
decade_2016_2025,filtered_ret_tqqq_300_return120_block_cut,2016-01-04,2025-12-31,100000.0000000000,2318387.3605974475,22.1838736060,0.3697671233,65,6.5061009866,24596.4678626557,-0.4576961486,2021-11-19,2022-09-30,315,2023-06-02,245.0000000000,560.0000000000,560,2021-11-19
decade_2016_2025,filtered_ret_tqqq_300_return200_block_cut,2016-01-04,2025-12-31,100000.0000000000,2318387.3605974475,22.1838736060,0.3697671233,65,6.5061009866,24596.4678626557,-0.4576961486,2021-11-19,2022-09-30,315,2023-06-02,245.0000000000,560.0000000000,560,2021-11-19
decade_2016_2025,filtered_varshare_qqq_60_sma100_block_cut,2016-01-04,2025-12-31,100000.0000000000,2512179.7868873975,24.1217978689,0.3808181353,65,6.5061009866,26320.9404582363,-0.4576939046,2021-11-19,2022-09-30,315,2023-06-02,245.0000000000,560.0000000000,560,2021-11-19
decade_2016_2025,filtered_varshare_qqq_60_sma150_block_cut,2016-01-04,2025-12-31,100000.0000000000,2512179.7868873975,24.1217978689,0.3808181353,65,6.5061009866,26320.9404582363,-0.4576939046,2021-11-19,2022-09-30,315,2023-06-02,245.0000000000,560.0000000000,560,2021-11-19
decade_2016_2025,filtered_varshare_qqq_60_sma200_block_cut,2016-01-04,2025-12-31,100000.0000000000,2512179.7868873975,24.1217978689,0.3808181353,65,6.5061009866,26320.9404582363,-0.4576939046,2021-11-19,2022-09-30,315,2023-06-02,245.0000000000,560.0000000000,560,2021-11-19
decade_2016_2025,filtered_varshare_qqq_60_return60_block_cut,2016-01-04,2025-12-31,100000.0000000000,2512179.7868873975,24.1217978689,0.3808181353,65,6.5061009866,26320.9404582363,-0.4576939046,2021-11-19,2022-09-30,315,2023-06-02,245.0000000000,560.0000000000,560,2021-11-19
decade_2016_2025,filtered_varshare_qqq_60_return120_block_cut,2016-01-04,2025-12-31,100000.0000000000,2512179.7868873975,24.1217978689,0.3808181353,65,6.5061009866,26320.9404582363,-0.4576939046,2021-11-19,2022-09-30,315,2023-06-02,245.0000000000,560.0000000000,560,2021-11-19
decade_2016_2025,filtered_varshare_qqq_60_return200_block_cut,2016-01-04,2025-12-31,100000.0000000000,2512179.7868873975,24.1217978689,0.3808181353,65,6.5061009866,26320.9404582363,-0.4576939046,2021-11-19,2022-09-30,315,2023-06-02,245.0000000000,560.0000000000,560,2021-11-19
decade_2016_2025,filtered_varshare_qqq_65_sma100_block_cut,2016-01-04,2025-12-31,100000.0000000000,2477210.5149097247,23.7721051491,0.3788820900,65,6.5061009866,26026.2823794914,-0.4576945767,2021-11-19,2022-09-30,315,2023-06-02,245.0000000000,560.0000000000,560,2021-11-19
decade_2016_2025,filtered_varshare_qqq_65_sma150_block_cut,2016-01-04,2025-12-31,100000.0000000000,2477210.5149097247,23.7721051491,0.3788820900,65,6.5061009866,26026.2823794914,-0.4576945767,2021-11-19,2022-09-30,315,2023-06-02,245.0000000000,560.0000000000,560,2021-11-19
decade_2016_2025,filtered_varshare_qqq_65_sma200_block_cut,2016-01-04,2025-12-31,100000.0000000000,2477210.5149097247,23.7721051491,0.3788820900,65,6.5061009866,26026.2823794914,-0.4576945767,2021-11-19,2022-09-30,315,2023-06-02,245.0000000000,560.0000000000,560,2021-11-19
decade_2016_2025,filtered_varshare_qqq_65_return60_block_cut,2016-01-04,2025-12-31,100000.0000000000,2477210.5149097247,23.7721051491,0.3788820900,65,6.5061009866,26026.2823794914,-0.4576945767,2021-11-19,2022-09-30,315,2023-06-02,245.0000000000,560.0000000000,560,2021-11-19
decade_2016_2025,filtered_varshare_qqq_65_return120_block_cut,2016-01-04,2025-12-31,100000.0000000000,2477210.5149097247,23.7721051491,0.3788820900,65,6.5061009866,26026.2823794914,-0.4576945767,2021-11-19,2022-09-30,315,2023-06-02,245.0000000000,560.0000000000,560,2021-11-19
decade_2016_2025,filtered_varshare_qqq_65_return200_block_cut,2016-01-04,2025-12-31,100000.0000000000,2477210.5149097247,23.7721051491,0.3788820900,65,6.5061009866,26026.2823794914,-0.4576945767,2021-11-19,2022-09-30,315,2023-06-02,245.0000000000,560.0000000000,560,2021-11-19
decade_2016_2025,filtered_varshare_qqq_70_sma100_block_cut,2016-01-04,2025-12-31,100000.0000000000,2420041.5782648772,23.2004157826,0.3756633599,67,6.7062887092,26146.4008300926,-0.4576942932,2021-11-19,2022-09-30,315,2023-06-02,245.0000000000,560.0000000000,560,2021-11-19
decade_2016_2025,filtered_varshare_qqq_70_sma150_block_cut,2016-01-04,2025-12-31,100000.0000000000,2420041.5782648772,23.2004157826,0.3756633599,67,6.7062887092,26146.4008300926,-0.4576942932,2021-11-19,2022-09-30,315,2023-06-02,245.0000000000,560.0000000000,560,2021-11-19
decade_2016_2025,filtered_varshare_qqq_70_sma200_block_cut,2016-01-04,2025-12-31,100000.0000000000,2420041.5782648772,23.2004157826,0.3756633599,67,6.7062887092,26146.4008300926,-0.4576942932,2021-11-19,2022-09-30,315,2023-06-02,245.0000000000,560.0000000000,560,2021-11-19
decade_2016_2025,filtered_varshare_qqq_70_return60_block_cut,2016-01-04,2025-12-31,100000.0000000000,2420041.5782648772,23.2004157826,0.3756633599,67,6.7062887092,26146.4008300926,-0.4576942932,2021-11-19,2022-09-30,315,2023-06-02,245.0000000000,560.0000000000,560,2021-11-19
decade_2016_2025,filtered_varshare_qqq_70_return120_block_cut,2016-01-04,2025-12-31,100000.0000000000,2420041.5782648772,23.2004157826,0.3756633599,67,6.7062887092,26146.4008300926,-0.4576942932,2021-11-19,2022-09-30,315,2023-06-02,245.0000000000,560.0000000000,560,2021-11-19
decade_2016_2025,filtered_varshare_qqq_70_return200_block_cut,2016-01-04,2025-12-31,100000.0000000000,2420041.5782648772,23.2004157826,0.3756633599,67,6.7062887092,26146.4008300926,-0.4576942932,2021-11-19,2022-09-30,315,2023-06-02,245.0000000000,560.0000000000,560,2021-11-19
decade_2016_2025,filtered_varshare_tqqq_60_sma100_block_cut,2016-01-04,2025-12-31,100000.0000000000,2466199.7118808320,23.6619971188,0.3782673935,63,6.3059132639,25209.9354915210,-0.4576885084,2021-11-19,2022-09-30,315,2023-06-02,245.0000000000,560.0000000000,560,2021-11-19
decade_2016_2025,filtered_varshare_tqqq_60_sma150_block_cut,2016-01-04,2025-12-31,100000.0000000000,2466199.7118808320,23.6619971188,0.3782673935,63,6.3059132639,25209.9354915210,-0.4576885084,2021-11-19,2022-09-30,315,2023-06-02,245.0000000000,560.0000000000,560,2021-11-19
decade_2016_2025,filtered_varshare_tqqq_60_sma200_block_cut,2016-01-04,2025-12-31,100000.0000000000,2466199.7118808320,23.6619971188,0.3782673935,63,6.3059132639,25209.9354915210,-0.4576885084,2021-11-19,2022-09-30,315,2023-06-02,245.0000000000,560.0000000000,560,2021-11-19
decade_2016_2025,filtered_varshare_tqqq_60_return60_block_cut,2016-01-04,2025-12-31,100000.0000000000,2466199.7118808320,23.6619971188,0.3782673935,63,6.3059132639,25209.9354915210,-0.4576885084,2021-11-19,2022-09-30,315,2023-06-02,245.0000000000,560.0000000000,560,2021-11-19
decade_2016_2025,filtered_varshare_tqqq_60_return120_block_cut,2016-01-04,2025-12-31,100000.0000000000,2466199.7118808320,23.6619971188,0.3782673935,63,6.3059132639,25209.9354915210,-0.4576885084,2021-11-19,2022-09-30,315,2023-06-02,245.0000000000,560.0000000000,560,2021-11-19
decade_2016_2025,filtered_varshare_tqqq_60_return200_block_cut,2016-01-04,2025-12-31,100000.0000000000,2466199.7118808320,23.6619971188,0.3782673935,63,6.3059132639,25209.9354915210,-0.4576885084,2021-11-19,2022-09-30,315,2023-06-02,245.0000000000,560.0000000000,560,2021-11-19
decade_2016_2025,filtered_varshare_tqqq_65_sma100_block_cut,2016-01-04,2025-12-31,100000.0000000000,2477210.5149097247,23.7721051491,0.3788820900,65,6.5061009866,26026.2823794914,-0.4576945767,2021-11-19,2022-09-30,315,2023-06-02,245.0000000000,560.0000000000,560,2021-11-19
decade_2016_2025,filtered_varshare_tqqq_65_sma150_block_cut,2016-01-04,2025-12-31,100000.0000000000,2477210.5149097247,23.7721051491,0.3788820900,65,6.5061009866,26026.2823794914,-0.4576945767,2021-11-19,2022-09-30,315,2023-06-02,245.0000000000,560.0000000000,560,2021-11-19
decade_2016_2025,filtered_varshare_tqqq_65_sma200_block_cut,2016-01-04,2025-12-31,100000.0000000000,2477210.5149097247,23.7721051491,0.3788820900,65,6.5061009866,26026.2823794914,-0.4576945767,2021-11-19,2022-09-30,315,2023-06-02,245.0000000000,560.0000000000,560,2021-11-19
decade_2016_2025,filtered_varshare_tqqq_65_return60_block_cut,2016-01-04,2025-12-31,100000.0000000000,2477210.5149097247,23.7721051491,0.3788820900,65,6.5061009866,26026.2823794914,-0.4576945767,2021-11-19,2022-09-30,315,2023-06-02,245.0000000000,560.0000000000,560,2021-11-19
decade_2016_2025,filtered_varshare_tqqq_65_return120_block_cut,2016-01-04,2025-12-31,100000.0000000000,2477210.5149097247,23.7721051491,0.3788820900,65,6.5061009866,26026.2823794914,-0.4576945767,2021-11-19,2022-09-30,315,2023-06-02,245.0000000000,560.0000000000,560,2021-11-19
decade_2016_2025,filtered_varshare_tqqq_65_return200_block_cut,2016-01-04,2025-12-31,100000.0000000000,2477210.5149097247,23.7721051491,0.3788820900,65,6.5061009866,26026.2823794914,-0.4576945767,2021-11-19,2022-09-30,315,2023-06-02,245.0000000000,560.0000000000,560,2021-11-19
decade_2016_2025,filtered_varshare_tqqq_70_sma100_block_cut,2016-01-04,2025-12-31,100000.0000000000,2420041.5782648772,23.2004157826,0.3756633599,67,6.7062887092,26146.4008300926,-0.4576942932,2021-11-19,2022-09-30,315,2023-06-02,245.0000000000,560.0000000000,560,2021-11-19
decade_2016_2025,filtered_varshare_tqqq_70_sma150_block_cut,2016-01-04,2025-12-31,100000.0000000000,2420041.5782648772,23.2004157826,0.3756633599,67,6.7062887092,26146.4008300926,-0.4576942932,2021-11-19,2022-09-30,315,2023-06-02,245.0000000000,560.0000000000,560,2021-11-19
decade_2016_2025,filtered_varshare_tqqq_70_sma200_block_cut,2016-01-04,2025-12-31,100000.0000000000,2420041.5782648772,23.2004157826,0.3756633599,67,6.7062887092,26146.4008300926,-0.4576942932,2021-11-19,2022-09-30,315,2023-06-02,245.0000000000,560.0000000000,560,2021-11-19
decade_2016_2025,filtered_varshare_tqqq_70_return60_block_cut,2016-01-04,2025-12-31,100000.0000000000,2420041.5782648772,23.2004157826,0.3756633599,67,6.7062887092,26146.4008300926,-0.4576942932,2021-11-19,2022-09-30,315,2023-06-02,245.0000000000,560.0000000000,560,2021-11-19
decade_2016_2025,filtered_varshare_tqqq_70_return120_block_cut,2016-01-04,2025-12-31,100000.0000000000,2420041.5782648772,23.2004157826,0.3756633599,67,6.7062887092,26146.4008300926,-0.4576942932,2021-11-19,2022-09-30,315,2023-06-02,245.0000000000,560.0000000000,560,2021-11-19
decade_2016_2025,filtered_varshare_tqqq_70_return200_block_cut,2016-01-04,2025-12-31,100000.0000000000,2420041.5782648772,23.2004157826,0.3756633599,67,6.7062887092,26146.4008300926,-0.4576942932,2021-11-19,2022-09-30,315,2023-06-02,245.0000000000,560.0000000000,560,2021-11-19
decade_2016_2025,filtered_magratio_qqq_200_sma100_block_cut,2016-01-04,2025-12-31,100000.0000000000,2477210.5149097247,23.7721051491,0.3788820900,65,6.5061009866,26026.2823794914,-0.4576945767,2021-11-19,2022-09-30,315,2023-06-02,245.0000000000,560.0000000000,560,2021-11-19
decade_2016_2025,filtered_magratio_qqq_200_sma150_block_cut,2016-01-04,2025-12-31,100000.0000000000,2477210.5149097247,23.7721051491,0.3788820900,65,6.5061009866,26026.2823794914,-0.4576945767,2021-11-19,2022-09-30,315,2023-06-02,245.0000000000,560.0000000000,560,2021-11-19
decade_2016_2025,filtered_magratio_qqq_200_sma200_block_cut,2016-01-04,2025-12-31,100000.0000000000,2477210.5149097247,23.7721051491,0.3788820900,65,6.5061009866,26026.2823794914,-0.4576945767,2021-11-19,2022-09-30,315,2023-06-02,245.0000000000,560.0000000000,560,2021-11-19
decade_2016_2025,filtered_magratio_qqq_200_return60_block_cut,2016-01-04,2025-12-31,100000.0000000000,2477210.5149097247,23.7721051491,0.3788820900,65,6.5061009866,26026.2823794914,-0.4576945767,2021-11-19,2022-09-30,315,2023-06-02,245.0000000000,560.0000000000,560,2021-11-19
decade_2016_2025,filtered_magratio_qqq_200_return120_block_cut,2016-01-04,2025-12-31,100000.0000000000,2477210.5149097247,23.7721051491,0.3788820900,65,6.5061009866,26026.2823794914,-0.4576945767,2021-11-19,2022-09-30,315,2023-06-02,245.0000000000,560.0000000000,560,2021-11-19
decade_2016_2025,filtered_magratio_qqq_200_return200_block_cut,2016-01-04,2025-12-31,100000.0000000000,2477210.5149097247,23.7721051491,0.3788820900,65,6.5061009866,26026.2823794914,-0.4576945767,2021-11-19,2022-09-30,315,2023-06-02,245.0000000000,560.0000000000,560,2021-11-19
decade_2016_2025,filtered_magratio_qqq_300_sma100_block_cut,2016-01-04,2025-12-31,100000.0000000000,2420041.5782648772,23.2004157826,0.3756633599,67,6.7062887092,26146.4008300926,-0.4576942932,2021-11-19,2022-09-30,315,2023-06-02,245.0000000000,560.0000000000,560,2021-11-19
decade_2016_2025,filtered_magratio_qqq_300_sma150_block_cut,2016-01-04,2025-12-31,100000.0000000000,2420041.5782648772,23.2004157826,0.3756633599,67,6.7062887092,26146.4008300926,-0.4576942932,2021-11-19,2022-09-30,315,2023-06-02,245.0000000000,560.0000000000,560,2021-11-19
decade_2016_2025,filtered_magratio_qqq_300_sma200_block_cut,2016-01-04,2025-12-31,100000.0000000000,2420041.5782648772,23.2004157826,0.3756633599,67,6.7062887092,26146.4008300926,-0.4576942932,2021-11-19,2022-09-30,315,2023-06-02,245.0000000000,560.0000000000,560,2021-11-19
decade_2016_2025,filtered_magratio_qqq_300_return60_block_cut,2016-01-04,2025-12-31,100000.0000000000,2420041.5782648772,23.2004157826,0.3756633599,67,6.7062887092,26146.4008300926,-0.4576942932,2021-11-19,2022-09-30,315,2023-06-02,245.0000000000,560.0000000000,560,2021-11-19
decade_2016_2025,filtered_magratio_qqq_300_return120_block_cut,2016-01-04,2025-12-31,100000.0000000000,2420041.5782648772,23.2004157826,0.3756633599,67,6.7062887092,26146.4008300926,-0.4576942932,2021-11-19,2022-09-30,315,2023-06-02,245.0000000000,560.0000000000,560,2021-11-19
decade_2016_2025,filtered_magratio_qqq_300_return200_block_cut,2016-01-04,2025-12-31,100000.0000000000,2420041.5782648772,23.2004157826,0.3756633599,67,6.7062887092,26146.4008300926,-0.4576942932,2021-11-19,2022-09-30,315,2023-06-02,245.0000000000,560.0000000000,560,2021-11-19
decade_2016_2025,filtered_magratio_tqqq_200_sma100_block_cut,2016-01-04,2025-12-31,100000.0000000000,2477210.5149097247,23.7721051491,0.3788820900,65,6.5061009866,26026.2823794914,-0.4576945767,2021-11-19,2022-09-30,315,2023-06-02,245.0000000000,560.0000000000,560,2021-11-19
decade_2016_2025,filtered_magratio_tqqq_200_sma150_block_cut,2016-01-04,2025-12-31,100000.0000000000,2477210.5149097247,23.7721051491,0.3788820900,65,6.5061009866,26026.2823794914,-0.4576945767,2021-11-19,2022-09-30,315,2023-06-02,245.0000000000,560.0000000000,560,2021-11-19
decade_2016_2025,filtered_magratio_tqqq_200_sma200_block_cut,2016-01-04,2025-12-31,100000.0000000000,2477210.5149097247,23.7721051491,0.3788820900,65,6.5061009866,26026.2823794914,-0.4576945767,2021-11-19,2022-09-30,315,2023-06-02,245.0000000000,560.0000000000,560,2021-11-19
decade_2016_2025,filtered_magratio_tqqq_200_return60_block_cut,2016-01-04,2025-12-31,100000.0000000000,2477210.5149097247,23.7721051491,0.3788820900,65,6.5061009866,26026.2823794914,-0.4576945767,2021-11-19,2022-09-30,315,2023-06-02,245.0000000000,560.0000000000,560,2021-11-19
decade_2016_2025,filtered_magratio_tqqq_200_return120_block_cut,2016-01-04,2025-12-31,100000.0000000000,2477210.5149097247,23.7721051491,0.3788820900,65,6.5061009866,26026.2823794914,-0.4576945767,2021-11-19,2022-09-30,315,2023-06-02,245.0000000000,560.0000000000,560,2021-11-19
decade_2016_2025,filtered_magratio_tqqq_200_return200_block_cut,2016-01-04,2025-12-31,100000.0000000000,2477210.5149097247,23.7721051491,0.3788820900,65,6.5061009866,26026.2823794914,-0.4576945767,2021-11-19,2022-09-30,315,2023-06-02,245.0000000000,560.0000000000,560,2021-11-19
decade_2016_2025,filtered_magratio_tqqq_300_sma100_block_cut,2016-01-04,2025-12-31,100000.0000000000,2420041.5782648772,23.2004157826,0.3756633599,67,6.7062887092,26146.4008300926,-0.4576942932,2021-11-19,2022-09-30,315,2023-06-02,245.0000000000,560.0000000000,560,2021-11-19
decade_2016_2025,filtered_magratio_tqqq_300_sma150_block_cut,2016-01-04,2025-12-31,100000.0000000000,2420041.5782648772,23.2004157826,0.3756633599,67,6.7062887092,26146.4008300926,-0.4576942932,2021-11-19,2022-09-30,315,2023-06-02,245.0000000000,560.0000000000,560,2021-11-19
decade_2016_2025,filtered_magratio_tqqq_300_sma200_block_cut,2016-01-04,2025-12-31,100000.0000000000,2420041.5782648772,23.2004157826,0.3756633599,67,6.7062887092,26146.4008300926,-0.4576942932,2021-11-19,2022-09-30,315,2023-06-02,245.0000000000,560.0000000000,560,2021-11-19
decade_2016_2025,filtered_magratio_tqqq_300_return60_block_cut,2016-01-04,2025-12-31,100000.0000000000,2420041.5782648772,23.2004157826,0.3756633599,67,6.7062887092,26146.4008300926,-0.4576942932,2021-11-19,2022-09-30,315,2023-06-02,245.0000000000,560.0000000000,560,2021-11-19
decade_2016_2025,filtered_magratio_tqqq_300_return120_block_cut,2016-01-04,2025-12-31,100000.0000000000,2420041.5782648772,23.2004157826,0.3756633599,67,6.7062887092,26146.4008300926,-0.4576942932,2021-11-19,2022-09-30,315,2023-06-02,245.0000000000,560.0000000000,560,2021-11-19
decade_2016_2025,filtered_magratio_tqqq_300_return200_block_cut,2016-01-04,2025-12-31,100000.0000000000,2420041.5782648772,23.2004157826,0.3756633599,67,6.7062887092,26146.4008300926,-0.4576942932,2021-11-19,2022-09-30,315,2023-06-02,245.0000000000,560.0000000000,560,2021-11-19
full_current,vo,1999-03-10,2026-08-05,100000.0000000000,214972780.5306245089,2148.7278053062,0.3230955717,161,5.8745297203,2768237.9539187178,-0.5288319343,2007-10-31,2009-05-13,560,2010-04-05,327.0000000000,887.0000000000,887,2007-10-31
full_current,ret_tqqq_50_floor50,1999-03-10,2026-08-05,100000.0000000000,142293802.7855964303,1421.9380278560,0.3033249241,226,8.2462342657,2159556.4309620783,-0.5828652488,2000-03-27,2001-10-30,582,2004-12-06,1133.0000000000,1715.0000000000,1715,2000-03-27
full_current,ret_tqqq_50_floor100,1999-03-10,2026-08-05,100000.0000000000,78833053.3483397514,787.3305334834,0.2755409491,319,11.6395961538,1695097.8598480958,-0.8350183346,2000-03-27,2001-10-30,582,2009-11-17,2940.0000000000,3522.0000000000,3522,2000-03-27
full_current,ret_tqqq_50_step_up,1999-03-10,2026-08-05,100000.0000000000,154988168.1352299750,1548.8816813523,0.3073951056,339,12.3693513986,2637733.0632390492,-0.5829324135,2000-03-27,2001-10-30,582,2005-11-25,1487.0000000000,2069.0000000000,2069,2000-03-27
full_current,ret_tqqq_50_block_cut,1999-03-10,2026-08-05,100000.0000000000,204789732.6703020334,2046.8973267030,0.3207548846,131,4.7798968531,2199061.1771752480,-0.5640618434,2007-10-31,2009-05-13,560,2010-04-14,336.0000000000,896.0000000000,1260,2000-01-03
full_current,ret_tqqq_100_floor50,1999-03-10,2026-08-05,100000.0000000000,206541964.5984941125,2064.4196459849,0.3211655319,224,8.1732587413,3123425.1928080213,-0.5061664134,2021-11-19,2022-12-28,404,2023-06-15,169.0000000000,573.0000000000,1178,2000-03-27
full_current,ret_tqqq_100_floor100,1999-03-10,2026-08-05,100000.0000000000,248181333.9088861644,2480.8133390889,0.3300486549,297,10.8368653846,4290837.4207663899,-0.6342910412,2000-03-27,2001-10-30,582,2004-01-08,800.0000000000,1382.0000000000,1382,2000-03-27
full_current,ret_tqqq_100_step_up,1999-03-10,2026-08-05,100000.0000000000,295080110.9845918417,2949.8011098459,0.3384752453,318,11.6031083916,4227438.1620429577,-0.5346607444,2021-11-19,2022-12-28,404,2023-07-18,202.0000000000,606.0000000000,1159,2000-03-27
full_current,ret_tqqq_100_block_cut,1999-03-10,2026-08-05,100000.0000000000,203347009.1137970388,2032.4700911380,0.3204142234,135,4.9258479021,2211556.1752587524,-0.5288318511,2007-10-31,2009-05-13,560,2010-04-05,327.0000000000,887.0000000000,1281,2000-01-03
full_current,ret_tqqq_150_floor50,1999-03-10,2026-08-05,100000.0000000000,161682001.0924870670,1615.8200109249,0.3094137115,218,7.9543321678,2439010.9694524263,-0.5094621036,2007-10-31,2009-04-07,524,2009-12-22,259.0000000000,783.0000000000,1332,2000-01-03
full_current,ret_tqqq_150_floor100,1999-03-10,2026-08-05,100000.0000000000,129384281.5931563973,1292.8428159316,0.2988099079,290,10.5814510490,2536666.1723498069,-0.6734291647,2000-01-03,2001-10-30,666,2004-12-14,1141.0000000000,1807.0000000000,1807,2000-01-03
full_current,ret_tqqq_150_step_up,1999-03-10,2026-08-05,100000.0000000000,194284968.6201476455,1941.8496862015,0.3182196699,304,11.0922797203,3335243.4322111905,-0.5287156784,2007-10-31,2009-05-13,560,2010-03-30,321.0000000000,881.0000000000,1248,2000-01-03
full_current,ret_tqqq_150_block_cut,1999-03-10,2026-08-05,100000.0000000000,163694988.1929600835,1635.9498819296,0.3100050169,141,5.1447744755,1886583.4838652904,-0.5288317936,2007-10-31,2009-05-13,560,2010-04-05,327.0000000000,887.0000000000,1281,2000-01-03
full_current,ret_tqqq_200_floor50,1999-03-10,2026-08-05,100000.0000000000,173666613.8578855991,1735.6661385789,0.3128345556,197,7.1880891608,2590500.9812189233,-0.5411714981,2007-10-31,2009-04-07,524,2009-12-28,265.0000000000,789.0000000000,1243,2000-01-03
full_current,ret_tqqq_200_floor100,1999-03-10,2026-08-05,100000.0000000000,175980206.4880737364,1758.8020648807,0.3134686526,263,9.5962814685,3515691.5485193175,-0.5909151123,2007-10-31,2009-04-07,524,2009-12-24,261.0000000000,785.0000000000,1053,2000-01-03
full_current,ret_tqqq_200_step_up,1999-03-10,2026-08-05,100000.0000000000,236139369.5744504631,2360.3936957445,0.3276370589,276,10.0706223776,4231129.0661402773,-0.5459376746,2007-10-31,2009-05-13,560,2009-12-28,229.0000000000,789.0000000000,789,2007-10-31
full_current,ret_tqqq_200_block_cut,1999-03-10,2026-08-05,100000.0000000000,164063633.2965506315,1639.6363329655,0.3101125452,145,5.2907255245,1930632.0556732770,-0.5288317471,2007-10-31,2009-05-13,560,2010-04-05,327.0000000000,887.0000000000,1281,2000-01-03
full_current,ret_tqqq_250_floor50,1999-03-10,2026-08-05,100000.0000000000,171036312.9609333873,1709.3631296093,0.3121036939,199,7.2610646853,2285642.9651889843,-0.5038092787,2007-10-31,2009-04-20,537,2009-12-23,247.0000000000,784.0000000000,1326,2000-01-03
full_current,ret_tqqq_250_floor100,1999-03-10,2026-08-05,100000.0000000000,131441958.0885710120,1313.4195808857,0.2995578753,258,9.4138426573,2164214.0703789657,-0.6695475212,2000-01-03,2000-07-10,189,2005-11-17,1956.0000000000,2145.0000000000,2145,2000-01-03
full_current,ret_tqqq_250_step_up,1999-03-10,2026-08-05,100000.0000000000,177548847.4375225604,1774.4884743752,0.3138940243,268,9.7787202797,2829713.4380840398,-0.5062513928,2007-10-31,2009-05-13,560,2009-12-23,224.0000000000,784.0000000000,1249,2000-01-03
full_current,ret_tqqq_250_block_cut,1999-03-10,2026-08-05,100000.0000000000,167855262.1126568317,1677.5526211266,0.3112051915,149,5.4366765734,1919073.3129893483,-0.5288319927,2007-10-31,2009-05-13,560,2010-04-05,327.0000000000,887.0000000000,1281,2000-01-03
full_current,ret_tqqq_300_floor50,1999-03-10,2026-08-05,100000.0000000000,172444552.5129887462,1723.4455251299,0.3124963268,203,7.4070157343,2253674.8796894089,-0.5082540398,2007-10-31,2009-04-20,537,2009-12-24,248.0000000000,785.0000000000,1334,2000-01-03
full_current,ret_tqqq_300_floor100,1999-03-10,2026-08-05,100000.0000000000,117746912.1223542094,1176.4691212235,0.2943510375,274,9.9976468531,2147313.0253263838,-0.7121300007,2000-01-03,2001-05-30,513,2005-11-21,1636.0000000000,2149.0000000000,2149,2000-01-03
full_current,ret_tqqq_300_step_up,1999-03-10,2026-08-05,100000.0000000000,159831689.0021994710,1597.3168900220,0.3088639008,280,10.2165734266,2797308.6357734189,-0.5347825290,2007-10-31,2009-05-13,560,2010-01-04,236.0000000000,796.0000000000,1281,2000-01-03
full_current,ret_tqqq_300_block_cut,1999-03-10,2026-08-05,100000.0000000000,179680013.0786462426,1795.8001307865,0.3144661716,153,5.5826276224,2054729.6910327014,-0.5288317248,2007-10-31,2009-05-13,560,2010-04-05,327.0000000000,887.0000000000,1248,2000-01-03
full_current,ret_tqqq_400_floor50,1999-03-10,2026-08-05,100000.0000000000,167190469.0029105842,1670.9046900291,0.3110153464,207,7.5529667832,2198892.2673032717,-0.5231648859,2007-10-31,2009-04-20,537,2009-12-28,252.0000000000,789.0000000000,1344,2000-01-03
full_current,ret_tqqq_400_floor100,1999-03-10,2026-08-05,100000.0000000000,122034069.3237873614,1219.3406932379,0.2960411424,247,9.0124772727,1855710.0286088828,-0.7271238712,2000-01-03,2001-05-04,487,2006-11-20,2026.0000000000,2513.0000000000,2513,2000-01-03
full_current,ret_tqqq_400_step_up,1999-03-10,2026-08-05,100000.0000000000,171230505.3442767262,1711.3050534428,0.3121580216,251,9.1584283217,2454929.4674256747,-0.5539957375,2007-10-31,2009-05-13,560,2010-04-13,335.0000000000,895.0000000000,1340,2000-01-03
full_current,ret_tqqq_400_block_cut,1999-03-10,2026-08-05,100000.0000000000,187184411.3880209923,1870.8441138802,0.3164300823,157,5.7285786713,2170658.9427808039,-0.5288318279,2007-10-31,2009-05-13,560,2010-04-05,327.0000000000,887.0000000000,1248,2000-01-03
full_current,varshare_tqqq_55_floor50,1999-03-10,2026-08-05,100000.0000000000,94602094.9062104076,945.0209490621,0.2840559841,238,8.6840874126,1422190.5334380772,-0.6873705069,2000-01-03,2002-09-19,990,2005-11-25,1163.0000000000,2153.0000000000,2153,2000-01-03
full_current,varshare_tqqq_55_floor100,1999-03-10,2026-08-05,100000.0000000000,27655620.3376315273,275.5562033763,0.2277083576,303,11.0557919580,541487.4619750336,-0.9137130492,2000-01-03,2002-09-19,990,2013-10-17,4046.0000000000,5036.0000000000,5036,2000-01-03
full_current,varshare_tqqq_55_step_up,1999-03-10,2026-08-05,100000.0000000000,100510157.3254970759,1004.1015732550,0.2868973985,326,11.8950104895,1721435.5129870053,-0.7009867813,2007-10-31,2009-02-10,468,2011-01-05,694.0000000000,1162.0000000000,2200,2000-01-03
full_current,varshare_tqqq_55_block_cut,1999-03-10,2026-08-05,100000.0000000000,172074621.9026374221,1719.7462190264,0.3123934861,133,4.8528723776,1898961.8261568884,-0.5447118566,2007-10-31,2009-05-13,560,2010-04-13,335.0000000000,895.0000000000,1242,2000-01-03
full_current,varshare_tqqq_60_floor50,1999-03-10,2026-08-05,100000.0000000000,120228428.4529434294,1201.2842845294,0.2953363988,219,7.9908199301,1830950.3850493717,-0.5931061461,2000-01-03,2002-06-21,900,2004-11-18,881.0000000000,1781.0000000000,1781,2000-01-03
full_current,varshare_tqqq_60_floor100,1999-03-10,2026-08-05,100000.0000000000,44100702.9298852086,440.0070292989,0.2487913996,289,10.5449632867,866041.7644979344,-0.8497557099,2000-01-03,2002-06-21,900,2010-03-23,2832.0000000000,3732.0000000000,3732,2000-01-03
full_current,varshare_tqqq_60_step_up,1999-03-10,2026-08-05,100000.0000000000,105541351.7344648242,1054.4135173446,0.2891929648,298,10.8733531469,1689771.8315747699,-0.5711170730,2000-01-03,2002-06-21,900,2005-11-18,1246.0000000000,2146.0000000000,2146,2000-01-03
full_current,varshare_tqqq_60_block_cut,1999-03-10,2026-08-05,100000.0000000000,208856953.1249394417,2087.5695312494,0.3217029481,143,5.2177500000,2315607.3438663259,-0.5178972576,2007-10-31,2009-05-13,560,2010-03-23,314.0000000000,874.0000000000,1173,2000-01-03
full_current,varshare_tqqq_65_floor50,1999-03-10,2026-08-05,100000.0000000000,230931855.9666932821,2308.3185596669,0.3265572542,209,7.6259423077,3268680.7212708485,-0.4750602860,2021-11-19,2022-12-28,404,2023-06-14,168.0000000000,572.0000000000,1282,2000-01-03
full_current,varshare_tqqq_65_floor100,1999-03-10,2026-08-05,100000.0000000000,232139714.7144169509,2320.3971471442,0.3268097845,248,9.0489650350,3842738.0052548726,-0.6420565384,2000-01-03,2002-06-20,899,2005-11-21,1250.0000000000,2149.0000000000,2149,2000-01-03
full_current,varshare_tqqq_65_step_up,1999-03-10,2026-08-05,100000.0000000000,268711383.3938297629,2686.1138339383,0.3339113705,252,9.1949160839,3862022.7026797826,-0.5064439657,2021-11-19,2022-12-28,404,2023-07-18,202.0000000000,606.0000000000,1276,2000-01-03
full_current,varshare_tqqq_65_block_cut,1999-03-10,2026-08-05,100000.0000000000,195128790.9604536891,1950.2879096045,0.3184281381,153,5.5826276224,2212250.5450765290,-0.5474360817,2007-10-31,2009-05-13,560,2010-04-13,335.0000000000,895.0000000000,1173,2000-01-03
full_current,varshare_tqqq_70_floor50,1999-03-10,2026-08-05,100000.0000000000,183218084.6848053336,1831.1808468481,0.3154017428,187,6.8232115385,2741172.2541369791,-0.4968505237,2021-11-19,2022-12-28,404,2023-07-12,196.0000000000,600.0000000000,1260,2000-01-03
full_current,varshare_tqqq_70_floor100,1999-03-10,2026-08-05,100000.0000000000,187139854.5875469446,1870.3985458755,0.3164186473,216,7.8813566434,3631656.7433131263,-0.6090068815,2021-11-19,2022-12-28,404,2024-01-29,397.0000000000,801.0000000000,1340,2000-01-03
full_current,varshare_tqqq_70_step_up,1999-03-10,2026-08-05,100000.0000000000,228482393.7360163927,2283.8239373602,0.3260412073,213,7.7718933566,3602717.7545441976,-0.5466913202,2021-11-19,2022-12-28,404,2023-12-19,356.0000000000,760.0000000000,1173,2000-01-03
full_current,varshare_tqqq_70_block_cut,1999-03-10,2026-08-05,100000.0000000000,201834872.6610038280,2017.3487266100,0.3200546635,157,5.7285786713,2340430.3241123226,-0.5288317140,2007-10-31,2009-05-13,560,2010-04-05,327.0000000000,887.0000000000,1173,2000-01-03
full_current,varshare_tqqq_75_floor50,1999-03-10,2026-08-05,100000.0000000000,192448084.2491531372,1923.4808424915,0.3177628306,179,6.5313094406,2587901.8721951437,-0.5039819549,2007-10-31,2009-05-13,560,2009-12-28,229.0000000000,789.0000000000,1249,2000-01-03
full_current,varshare_tqqq_75_floor100,1999-03-10,2026-08-05,100000.0000000000,162815623.1744797230,1627.1562317448,0.3097475743,198,7.2245769231,2324441.4194851541,-0.4882722698,2024-12-16,2025-05-23,158,2026-05-26,368.0000000000,526.0000000000,1465,2000-01-03
full_current,varshare_tqqq_75_step_up,1999-03-10,2026-08-05,100000.0000000000,184451005.0468063354,1843.5100504681,0.3157236779,197,7.1880891608,2396054.5385934385,-0.4939012565,2007-10-31,2009-05-13,560,2009-12-24,225.0000000000,785.0000000000,1248,2000-01-03
full_current,varshare_tqqq_75_block_cut,1999-03-10,2026-08-05,100000.0000000000,204983660.2175263166,2048.8366021753,0.3208004991,159,5.8015541958,2377045.0739587788,-0.5288318220,2007-10-31,2009-05-13,560,2010-04-05,327.0000000000,887.0000000000,1173,2000-01-03
full_current,varshare_tqqq_80_floor50,1999-03-10,2026-08-05,100000.0000000000,188901295.4648882151,1888.0129546489,0.3168687186,167,6.0934562937,2506071.7354442389,-0.5320994507,2007-10-31,2009-05-13,560,2010-04-06,328.0000000000,888.0000000000,1176,1999-12-23
full_current,varshare_tqqq_80_floor100,1999-03-10,2026-08-05,100000.0000000000,149306041.5990149975,1492.0604159901,0.3056145486,174,6.3488706294,2110926.5834993981,-0.5359637247,2007-10-31,2009-05-13,560,2010-04-09,331.0000000000,891.0000000000,1181,1999-12-23
full_current,varshare_tqqq_80_step_up,1999-03-10,2026-08-05,100000.0000000000,171106994.2494265139,1710.0699424943,0.3121234747,173,6.3123828671,2257552.2371635814,-0.5320993102,2007-10-31,2009-05-13,560,2010-04-06,328.0000000000,888.0000000000,1176,1999-12-23
full_current,varshare_tqqq_80_block_cut,1999-03-10,2026-08-05,100000.0000000000,214972780.5306245089,2148.7278053062,0.3230955717,161,5.8745297203,2768237.9539187178,-0.5288319343,2007-10-31,2009-05-13,560,2010-04-05,327.0000000000,887.0000000000,887,2007-10-31
full_current,magratio_tqqq_125_floor50,1999-03-10,2026-08-05,100000.0000000000,172874709.9812899828,1727.7470998129,0.3126156437,224,8.1732587413,2630281.1993444497,-0.5162381313,2021-11-19,2022-12-28,404,2023-07-13,197.0000000000,601.0000000000,1197,2000-03-27
full_current,magratio_tqqq_125_floor100,1999-03-10,2026-08-05,100000.0000000000,139967109.8962571621,1398.6710989626,0.3025411381,305,11.1287674825,2430125.0566003551,-0.7000772121,2000-03-27,2001-10-30,582,2005-11-17,1479.0000000000,2061.0000000000,2061,2000-03-27
full_current,magratio_tqqq_125_step_up,1999-03-10,2026-08-05,100000.0000000000,199835931.9538776278,1997.3593195388,0.3195753457,326,11.8950104895,2854160.0913330484,-0.5503614783,2007-10-31,2009-05-13,560,2010-03-30,321.0000000000,881.0000000000,1163,2000-03-27
full_current,magratio_tqqq_125_block_cut,1999-03-10,2026-08-05,100000.0000000000,197876819.8999643326,1977.7681989996,0.3191010747,135,4.9258479021,2152204.9990828391,-0.5415067555,2007-10-31,2009-05-13,560,2010-04-12,334.0000000000,894.0000000000,1281,2000-01-03
full_current,magratio_tqqq_150_floor50,1999-03-10,2026-08-05,100000.0000000000,170260984.6455819607,1701.6098464558,0.3118861920,197,7.1880891608,2222913.6525978092,-0.5056891981,2007-10-31,2009-04-20,537,2009-12-24,248.0000000000,785.0000000000,1334,2000-01-03
full_current,magratio_tqqq_150_floor100,1999-03-10,2026-08-05,100000.0000000000,156234491.2264995575,1561.3449122650,0.3077772339,252,9.1949160839,2362507.4080347721,-0.7162114127,2000-01-03,2000-07-10,189,2005-11-21,1960.0000000000,2149.0000000000,2149,2000-01-03
full_current,magratio_tqqq_150_step_up,1999-03-10,2026-08-05,100000.0000000000,206683409.8485870361,2065.8340984859,0.3211985340,262,9.5597937063,3094526.7587602646,-0.5397519082,2007-10-31,2009-05-13,560,2010-04-05,327.0000000000,887.0000000000,1281,2000-01-03
full_current,magratio_tqqq_150_block_cut,1999-03-10,2026-08-05,100000.0000000000,168039126.8160505593,1679.3912681605,0.3112575699,147,5.3637010490,1936955.3925955172,-0.5288315832,2007-10-31,2009-05-13,560,2010-04-05,327.0000000000,887.0000000000,1281,2000-01-03
full_current,magratio_tqqq_200_floor50,1999-03-10,2026-08-05,100000.0000000000,196692825.9888328910,1965.9282598883,0.3188122496,189,6.8961870629,2684186.6012605871,-0.4914343576,2007-10-31,2008-09-17,322,2009-12-24,463.0000000000,785.0000000000,1249,2000-01-03
full_current,magratio_tqqq_200_floor100,1999-03-10,2026-08-05,100000.0000000000,206795688.0305624008,2066.9568803056,0.3212247153,246,8.9759895105,3545347.3767770836,-0.5295844822,2000-01-03,2002-11-19,1051,2004-01-12,419.0000000000,1470.0000000000,1470,2000-01-03
full_current,magratio_tqqq_200_step_up,1999-03-10,2026-08-05,100000.0000000000,232745119.5800228417,2326.4511958002,0.3269358823,245,8.9395017483,3669673.6326431241,-0.5253363712,2007-10-31,2009-05-13,560,2010-01-04,236.0000000000,796.0000000000,1243,2000-01-03
full_current,magratio_tqqq_200_block_cut,1999-03-10,2026-08-05,100000.0000000000,209825079.4186238647,2097.2507941862,0.3219259950,157,5.7285786713,2378775.3474600432,-0.5288318220,2007-10-31,2009-05-13,560,2010-04-05,327.0000000000,887.0000000000,1173,2000-01-03
full_current,magratio_tqqq_300_floor50,1999-03-10,2026-08-05,100000.0000000000,214972780.5306245089,2148.7278053062,0.3230955717,161,5.8745297203,2768237.9539187178,-0.5288319343,2007-10-31,2009-05-13,560,2010-04-05,327.0000000000,887.0000000000,887,2007-10-31
full_current,magratio_tqqq_300_floor100,1999-03-10,2026-08-05,100000.0000000000,226034884.3960716724,2259.3488439607,0.3255202201,163,5.9475052448,2565142.8539120294,-0.5288317450,2007-10-31,2009-05-13,560,2010-04-05,327.0000000000,887.0000000000,887,2007-10-31
full_current,magratio_tqqq_300_step_up,1999-03-10,2026-08-05,100000.0000000000,226034884.3960716724,2259.3488439607,0.3255202201,163,5.9475052448,2565142.8539120294,-0.5288317450,2007-10-31,2009-05-13,560,2010-04-05,327.0000000000,887.0000000000,887,2007-10-31
full_current,magratio_tqqq_300_block_cut,1999-03-10,2026-08-05,100000.0000000000,221191754.9039676487,2210.9175490397,0.3244730738,159,5.8015541958,2564904.8014465664,-0.5288319343,2007-10-31,2009-05-13,560,2010-04-05,327.0000000000,887.0000000000,887,2007-10-31
full_current,magratio_tqqq_400_floor50,1999-03-10,2026-08-05,100000.0000000000,214972780.5306245089,2148.7278053062,0.3230955717,161,5.8745297203,2768237.9539187178,-0.5288319343,2007-10-31,2009-05-13,560,2010-04-05,327.0000000000,887.0000000000,887,2007-10-31
full_current,magratio_tqqq_400_floor100,1999-03-10,2026-08-05,100000.0000000000,214972780.5306245089,2148.7278053062,0.3230955717,161,5.8745297203,2768237.9539187178,-0.5288319343,2007-10-31,2009-05-13,560,2010-04-05,327.0000000000,887.0000000000,887,2007-10-31
full_current,magratio_tqqq_400_step_up,1999-03-10,2026-08-05,100000.0000000000,214972780.5306245089,2148.7278053062,0.3230955717,161,5.8745297203,2768237.9539187178,-0.5288319343,2007-10-31,2009-05-13,560,2010-04-05,327.0000000000,887.0000000000,887,2007-10-31
full_current,magratio_tqqq_400_block_cut,1999-03-10,2026-08-05,100000.0000000000,214972780.5306245089,2148.7278053062,0.3230955717,161,5.8745297203,2768237.9539187178,-0.5288319343,2007-10-31,2009-05-13,560,2010-04-05,327.0000000000,887.0000000000,887,2007-10-31
full_current,combo_tqqq_100_55_floor50,1999-03-10,2026-08-05,100000.0000000000,218307303.8930352926,2182.0730389304,0.3238388715,228,8.3192097902,3335231.6473377487,-0.5061664472,2021-11-19,2022-12-28,404,2023-06-15,169.0000000000,573.0000000000,1243,2000-01-03
full_current,combo_tqqq_100_55_floor100,1999-03-10,2026-08-05,100000.0000000000,243000058.9791322351,2429.0005897913,0.3290251535,302,11.0193041958,4631731.5253561791,-0.6031720983,2000-01-03,2000-07-05,184,2003-07-07,1097.0000000000,1281.0000000000,1281,2000-01-03
full_current,combo_tqqq_100_55_step_up,1999-03-10,2026-08-05,100000.0000000000,287721935.3109533787,2876.2193531095,0.3372425388,319,11.6395961538,4607768.4184407443,-0.5346607347,2021-11-19,2022-12-28,404,2023-07-18,202.0000000000,606.0000000000,1169,2000-01-03
full_current,combo_tqqq_100_55_block_cut,1999-03-10,2026-08-05,100000.0000000000,175708746.4046342969,1756.0874640463,0.3133946696,141,5.1447744755,1948492.7609610474,-0.5288319256,2007-10-31,2009-05-13,560,2010-04-05,327.0000000000,887.0000000000,1281,2000-01-03
full_current,combo_tqqq_100_65_floor50,1999-03-10,2026-08-05,100000.0000000000,213690196.9976676404,2135.9019699767,0.3228067086,213,7.7718933566,3130162.6017647241,-0.4722806995,2007-10-31,2008-09-17,322,2009-10-14,392.0000000000,714.0000000000,1326,2000-01-03
full_current,combo_tqqq_100_65_floor100,1999-03-10,2026-08-05,100000.0000000000,217264928.0389133394,2171.6492803891,0.3236076972,250,9.1219405594,3813508.8398871492,-0.6261747740,2000-01-03,2000-07-10,189,2004-12-14,1618.0000000000,1807.0000000000,1807,2000-01-03
full_current,combo_tqqq_100_65_step_up,1999-03-10,2026-08-05,100000.0000000000,248097388.6504867077,2479.9738865049,0.3300322372,256,9.3408671329,3683535.8236084525,-0.5002924690,2021-11-19,2022-12-28,404,2023-07-17,201.0000000000,605.0000000000,1173,2000-01-03
full_current,combo_tqqq_100_65_block_cut,1999-03-10,2026-08-05,100000.0000000000,203150240.4847301841,2030.5024048473,0.3203675813,153,5.5826276224,2302969.8118867776,-0.5288318654,2007-10-31,2009-05-13,560,2010-04-05,327.0000000000,887.0000000000,1173,2000-01-03
full_current,combo_tqqq_100_75_floor50,1999-03-10,2026-08-05,100000.0000000000,192448084.2491531372,1923.4808424915,0.3177628306,179,6.5313094406,2587901.8721951437,-0.5039819549,2007-10-31,2009-05-13,560,2009-12-28,229.0000000000,789.0000000000,1249,2000-01-03
full_current,combo_tqqq_100_75_floor100,1999-03-10,2026-08-05,100000.0000000000,162815623.1744797230,1627.1562317448,0.3097475743,198,7.2245769231,2324441.4194851541,-0.4882722698,2024-12-16,2025-05-23,158,2026-05-26,368.0000000000,526.0000000000,1465,2000-01-03
full_current,combo_tqqq_100_75_step_up,1999-03-10,2026-08-05,100000.0000000000,184451005.0468063354,1843.5100504681,0.3157236779,197,7.1880891608,2396054.5385934385,-0.4939012565,2007-10-31,2009-05-13,560,2009-12-24,225.0000000000,785.0000000000,1248,2000-01-03
full_current,combo_tqqq_100_75_block_cut,1999-03-10,2026-08-05,100000.0000000000,204983660.2175263166,2048.8366021753,0.3208004991,159,5.8015541958,2377045.0739587788,-0.5288318220,2007-10-31,2009-05-13,560,2010-04-05,327.0000000000,887.0000000000,1173,2000-01-03
full_current,combo_tqqq_150_55_floor50,1999-03-10,2026-08-05,100000.0000000000,157396484.6467711031,1572.9648464677,0.3081308699,220,8.0273076923,2397269.2506049909,-0.5094625024,2007-10-31,2009-04-07,524,2009-12-22,259.0000000000,783.0000000000,1334,2000-01-03
full_current,combo_tqqq_150_55_floor100,1999-03-10,2026-08-05,100000.0000000000,125312851.2488927543,1252.1285124889,0.2972955468,286,10.4355000000,2349936.7168971850,-0.7130492947,2000-01-03,2001-10-30,666,2006-01-06,1529.0000000000,2195.0000000000,2195,2000-01-03
full_current,combo_tqqq_150_55_step_up,1999-03-10,2026-08-05,100000.0000000000,194738624.9881780148,1946.3862498818,0.3183318549,300,10.9463286713,3185908.4890872282,-0.5287157205,2007-10-31,2009-05-13,560,2010-03-23,314.0000000000,874.0000000000,1249,2000-01-03
full_current,combo_tqqq_150_55_block_cut,1999-03-10,2026-08-05,100000.0000000000,176159089.6820409000,1760.5908968204,0.3135173449,141,5.1447744755,1953453.4263030805,-0.5288319256,2007-10-31,2009-05-13,560,2010-04-05,327.0000000000,887.0000000000,1281,2000-01-03
full_current,combo_tqqq_150_65_floor50,1999-03-10,2026-08-05,100000.0000000000,205065808.8900102377,2049.6580889001,0.3208198091,205,7.4799912587,2929192.2712325500,-0.4823701191,2007-10-31,2008-09-17,322,2009-11-16,425.0000000000,747.0000000000,1326,2000-01-03
full_current,combo_tqqq_150_65_floor100,1999-03-10,2026-08-05,100000.0000000000,187470516.3137484789,1873.7051631375,0.3165034460,242,8.8300384615,3129418.0043356884,-0.6261155510,2000-01-03,2000-07-10,189,2005-11-21,1960.0000000000,2149.0000000000,2149,2000-01-03
full_current,combo_tqqq_150_65_step_up,1999-03-10,2026-08-05,100000.0000000000,219009950.0114747584,2189.0995001147,0.3239941024,246,8.9759895105,3168369.3423907775,-0.4967352967,2021-11-19,2022-09-30,315,2023-07-13,286.0000000000,601.0000000000,1281,2000-01-03
full_current,combo_tqqq_150_65_block_cut,1999-03-10,2026-08-05,100000.0000000000,203150240.4847301841,2030.5024048473,0.3203675813,153,5.5826276224,2302969.8118867776,-0.5288318654,2007-10-31,2009-05-13,560,2010-04-05,327.0000000000,887.0000000000,1173,2000-01-03
full_current,combo_tqqq_150_75_floor50,1999-03-10,2026-08-05,100000.0000000000,192448084.2491531372,1923.4808424915,0.3177628306,179,6.5313094406,2587901.8721951437,-0.5039819549,2007-10-31,2009-05-13,560,2009-12-28,229.0000000000,789.0000000000,1249,2000-01-03
full_current,combo_tqqq_150_75_floor100,1999-03-10,2026-08-05,100000.0000000000,162815623.1744797230,1627.1562317448,0.3097475743,198,7.2245769231,2324441.4194851541,-0.4882722698,2024-12-16,2025-05-23,158,2026-05-26,368.0000000000,526.0000000000,1465,2000-01-03
full_current,combo_tqqq_150_75_step_up,1999-03-10,2026-08-05,100000.0000000000,184451005.0468063354,1843.5100504681,0.3157236779,197,7.1880891608,2396054.5385934385,-0.4939012565,2007-10-31,2009-05-13,560,2009-12-24,225.0000000000,785.0000000000,1248,2000-01-03
full_current,combo_tqqq_150_75_block_cut,1999-03-10,2026-08-05,100000.0000000000,204983660.2175263166,2048.8366021753,0.3208004991,159,5.8015541958,2377045.0739587788,-0.5288318220,2007-10-31,2009-05-13,560,2010-04-05,327.0000000000,887.0000000000,1173,2000-01-03
full_current,combo_tqqq_200_55_floor50,1999-03-10,2026-08-05,100000.0000000000,158919267.9046243429,1588.1926790462,0.3085905179,203,7.4070157343,2371076.7179735182,-0.5411714721,2007-10-31,2009-04-07,524,2009-12-28,265.0000000000,789.0000000000,1281,2000-01-03
full_current,combo_tqqq_200_55_floor100,1999-03-10,2026-08-05,100000.0000000000,139522134.4204526246,1394.2213442045,0.3023898117,263,9.5962814685,2777272.4795260737,-0.6545306487,2000-01-03,2000-07-05,184,2004-01-12,1286.0000000000,1470.0000000000,1470,2000-01-03
full_current,combo_tqqq_200_55_step_up,1999-03-10,2026-08-05,100000.0000000000,206229254.2561087310,2061.2925425611,0.3210924928,276,10.0706223776,3678342.3142049550,-0.5459378291,2007-10-31,2009-05-13,560,2009-12-28,229.0000000000,789.0000000000,1173,2000-01-03
full_current,combo_tqqq_200_55_block_cut,1999-03-10,2026-08-05,100000.0000000000,185506130.3645354509,1854.0613036454,0.3159975457,145,5.2907255245,2097305.7775989305,-0.5288318768,2007-10-31,2009-05-13,560,2010-04-05,327.0000000000,887.0000000000,1281,2000-01-03
full_current,combo_tqqq_200_65_floor50,1999-03-10,2026-08-05,100000.0000000000,203561502.0588026047,2034.6150205880,0.3204650174,201,7.3340402098,2823727.4898538464,-0.4981315290,2007-10-31,2009-04-07,524,2009-12-21,258.0000000000,782.0000000000,1281,2000-01-03
full_current,combo_tqqq_200_65_floor100,1999-03-10,2026-08-05,100000.0000000000,208492835.9504841566,2083.9283595048,0.3216188012,234,8.5381363636,3268389.9142965460,-0.6261155510,2000-01-03,2000-07-10,189,2004-12-14,1618.0000000000,1807.0000000000,1807,2000-01-03
full_current,combo_tqqq_200_65_step_up,1999-03-10,2026-08-05,100000.0000000000,245619914.7102459073,2455.1991471025,0.3295452761,238,8.6840874126,3441586.3263660804,-0.4915563058,2021-11-19,2022-09-30,315,2023-07-13,286.0000000000,601.0000000000,1281,2000-01-03
full_current,combo_tqqq_200_65_block_cut,1999-03-10,2026-08-05,100000.0000000000,203150240.4847301841,2030.5024048473,0.3203675813,153,5.5826276224,2302969.8118867776,-0.5288318654,2007-10-31,2009-05-13,560,2010-04-05,327.0000000000,887.0000000000,1173,2000-01-03
full_current,combo_tqqq_200_75_floor50,1999-03-10,2026-08-05,100000.0000000000,192448084.2491531372,1923.4808424915,0.3177628306,179,6.5313094406,2587901.8721951437,-0.5039819549,2007-10-31,2009-05-13,560,2009-12-28,229.0000000000,789.0000000000,1249,2000-01-03
full_current,combo_tqqq_200_75_floor100,1999-03-10,2026-08-05,100000.0000000000,162815623.1744797230,1627.1562317448,0.3097475743,198,7.2245769231,2324441.4194851541,-0.4882722698,2024-12-16,2025-05-23,158,2026-05-26,368.0000000000,526.0000000000,1465,2000-01-03
full_current,combo_tqqq_200_75_step_up,1999-03-10,2026-08-05,100000.0000000000,184451005.0468063354,1843.5100504681,0.3157236779,197,7.1880891608,2396054.5385934385,-0.4939012565,2007-10-31,2009-05-13,560,2009-12-24,225.0000000000,785.0000000000,1248,2000-01-03
full_current,combo_tqqq_200_75_block_cut,1999-03-10,2026-08-05,100000.0000000000,204983660.2175263166,2048.8366021753,0.3208004991,159,5.8015541958,2377045.0739587788,-0.5288318220,2007-10-31,2009-05-13,560,2010-04-05,327.0000000000,887.0000000000,1173,2000-01-03
full_current,combo_tqqq_300_55_floor50,1999-03-10,2026-08-05,100000.0000000000,177403417.6258119345,1773.0341762581,0.3138547404,203,7.4070157343,2318391.9969197954,-0.5082542074,2007-10-31,2009-04-20,537,2009-12-24,248.0000000000,785.0000000000,1333,2000-01-03
full_current,combo_tqqq_300_55_floor100,1999-03-10,2026-08-05,100000.0000000000,129999601.1476596296,1298.9960114766,0.2990347714,266,9.7057447552,2245423.1460434096,-0.7121300007,2000-01-03,2001-05-30,513,2005-11-17,1632.0000000000,2145.0000000000,2145,2000-01-03
full_current,combo_tqqq_300_55_step_up,1999-03-10,2026-08-05,100000.0000000000,173030198.6385414004,1729.3019863854,0.3126587027,272,9.9246713287,2861677.2290421957,-0.5347827926,2007-10-31,2009-05-13,560,2010-01-04,236.0000000000,796.0000000000,1281,2000-01-03
full_current,combo_tqqq_300_55_block_cut,1999-03-10,2026-08-05,100000.0000000000,191986320.7291983366,1918.8632072920,0.3176473276,153,5.5826276224,2176453.4405240836,-0.5288317248,2007-10-31,2009-05-13,560,2010-04-05,327.0000000000,887.0000000000,1248,2000-01-03
full_current,combo_tqqq_300_65_floor50,1999-03-10,2026-08-05,100000.0000000000,206082989.3569239378,2059.8298935692,0.3210582934,205,7.4799912587,2684454.3769279001,-0.5049530833,2007-10-31,2009-04-20,537,2009-12-23,247.0000000000,784.0000000000,1281,2000-01-03
full_current,combo_tqqq_300_65_floor100,1999-03-10,2026-08-05,100000.0000000000,189723261.1442458630,1896.2326114425,0.3170773596,248,9.0489650350,3018472.3284287453,-0.6261828467,2000-01-03,2000-07-10,189,2004-12-01,1605.0000000000,1794.0000000000,1794,2000-01-03
full_current,combo_tqqq_300_65_step_up,1999-03-10,2026-08-05,100000.0000000000,220436435.3121369481,2203.3643531214,0.3243077757,251,9.1584283217,3341177.0179760749,-0.5165360212,2021-11-19,2022-09-30,315,2023-07-13,286.0000000000,601.0000000000,1281,2000-01-03
full_current,combo_tqqq_300_65_block_cut,1999-03-10,2026-08-05,100000.0000000000,216316265.6487089992,2162.1626564871,0.3233963757,155,5.6556031469,2452244.1306978352,-0.5288317073,2007-10-31,2009-05-13,560,2010-04-05,327.0000000000,887.0000000000,1173,2000-01-03
full_current,combo_tqqq_300_75_floor50,1999-03-10,2026-08-05,100000.0000000000,192448084.2491531372,1923.4808424915,0.3177628306,179,6.5313094406,2587901.8721951437,-0.5039819549,2007-10-31,2009-05-13,560,2009-12-28,229.0000000000,789.0000000000,1249,2000-01-03
full_current,combo_tqqq_300_75_floor100,1999-03-10,2026-08-05,100000.0000000000,157926116.8613469005,1578.2611686135,0.3082912220,202,7.3705279720,2254774.4265570045,-0.4882723470,2024-12-16,2025-05-23,158,2026-05-26,368.0000000000,526.0000000000,1465,2000-01-03
full_current,combo_tqqq_300_75_step_up,1999-03-10,2026-08-05,100000.0000000000,178922360.4761362076,1788.2236047614,0.3142635197,201,7.3340402098,2324375.7806062535,-0.4939013088,2007-10-31,2009-05-13,560,2009-12-24,225.0000000000,785.0000000000,1248,2000-01-03
full_current,combo_tqqq_300_75_block_cut,1999-03-10,2026-08-05,100000.0000000000,204983660.2175263166,2048.8366021753,0.3208004991,159,5.8015541958,2377045.0739587788,-0.5288318220,2007-10-31,2009-05-13,560,2010-04-05,327.0000000000,887.0000000000,1173,2000-01-03
full_current,ret_qqq_20_floor50,1999-03-10,2026-08-05,100000.0000000000,189676656.1606818140,1895.7665616068,0.3170655531,250,9.1219405594,3084509.9056107318,-0.6589553482,2000-03-27,2001-10-30,582,2005-11-22,1484.0000000000,2066.0000000000,2066,2000-03-27
full_current,ret_qqq_20_floor100,1999-03-10,2026-08-05,100000.0000000000,122553897.9254275411,1224.5389792543,0.2962421699,332,12.1139370629,2929575.3373501105,-0.8602943352,2000-03-27,2001-10-30,582,2007-10-31,2192.0000000000,2774.0000000000,2774,2000-03-27
full_current,ret_qqq_20_step_up,1999-03-10,2026-08-05,100000.0000000000,207944916.1068681479,2078.4491610687,0.3214919105,356,12.9896433566,4023527.5505755451,-0.6214714869,2000-03-27,2001-10-30,582,2005-11-16,1478.0000000000,2060.0000000000,2060,2000-03-27
full_current,ret_qqq_20_block_cut,1999-03-10,2026-08-05,100000.0000000000,247165805.3227592111,2470.6580532276,0.3298496813,131,4.7798968531,2687847.6162635097,-0.5640618737,2007-10-31,2009-05-13,560,2010-04-14,336.0000000000,896.0000000000,1197,2000-03-27
full_current,ret_qqq_40_floor50,1999-03-10,2026-08-05,100000.0000000000,188725148.3318239450,1886.2514833182,0.3168238930,234,8.5381363636,2831158.9782724599,-0.5770390711,2000-03-27,2001-10-30,582,2004-11-17,1114.0000000000,1696.0000000000,1696,2000-03-27
full_current,ret_qqq_40_floor100,1999-03-10,2026-08-05,100000.0000000000,191499399.0680769682,1913.9939906808,0.3175252415,312,11.3841818182,3417995.5443230704,-0.7712693569,2000-03-27,2001-10-30,582,2006-11-16,1843.0000000000,2425.0000000000,2425,2000-03-27
full_current,ret_qqq_40_step_up,1999-03-10,2026-08-05,100000.0000000000,263991826.2220563889,2638.9182622206,0.3330492041,330,12.0409615385,3757880.3622462885,-0.5591637566,2021-11-19,2022-12-28,404,2023-12-13,350.0000000000,754.0000000000,1198,2000-03-27
full_current,ret_qqq_40_block_cut,1999-03-10,2026-08-05,100000.0000000000,242631899.4773955345,2425.3189947740,0.3289516298,133,4.8528723776,2590906.7191595575,-0.5279699647,2007-10-31,2009-05-13,560,2010-04-05,327.0000000000,887.0000000000,1254,2000-03-27
full_current,ret_qqq_60_floor50,1999-03-10,2026-08-05,100000.0000000000,233565511.2832725048,2334.6551128327,0.3271062555,214,7.8083811189,3513849.4102456053,-0.5235252499,2007-10-31,2009-04-07,524,2009-12-23,260.0000000000,784.0000000000,1250,2000-03-27
full_current,ret_qqq_60_floor100,1999-03-10,2026-08-05,100000.0000000000,248157373.7112218738,2480.5737371122,0.3300439694,280,10.2165734266,4840861.3135622293,-0.6669567261,2000-03-27,2001-10-30,582,2004-12-01,1128.0000000000,1710.0000000000,1710,2000-03-27
full_current,ret_qqq_60_step_up,1999-03-10,2026-08-05,100000.0000000000,274749054.3012595177,2746.4905430126,0.3349933017,294,10.7274020979,4708475.9533412606,-0.5397396459,2007-10-31,2009-05-13,560,2009-12-28,229.0000000000,789.0000000000,1176,2000-03-27
full_current,ret_qqq_60_block_cut,1999-03-10,2026-08-05,100000.0000000000,229108994.5037252307,2290.0899450373,0.3261737236,141,5.1447744755,2640251.6121207150,-0.5288318405,2007-10-31,2009-05-13,560,2010-04-05,327.0000000000,887.0000000000,1197,2000-03-27
full_current,ret_qqq_80_floor50,1999-03-10,2026-08-05,100000.0000000000,205187065.0761936307,2050.8706507619,0.3208482981,199,7.2610646853,2922373.7567640822,-0.5302680812,2007-10-31,2009-04-07,524,2009-12-24,261.0000000000,785.0000000000,785,2007-10-31
full_current,ret_qqq_80_floor100,1999-03-10,2026-08-05,100000.0000000000,195408969.3689381778,1953.0896936894,0.3184971648,259,9.4503304196,3614435.8283610088,-0.5519979984,2007-10-31,2009-04-07,524,2009-12-21,258.0000000000,782.0000000000,782,2007-10-31
full_current,ret_qqq_80_step_up,1999-03-10,2026-08-05,100000.0000000000,230302101.4164958596,2302.0210141650,0.3264250845,270,9.8516958042,3886228.6066812021,-0.5154359835,2007-10-31,2009-05-13,560,2009-12-24,225.0000000000,785.0000000000,785,2007-10-31
full_current,ret_qqq_80_block_cut,1999-03-10,2026-08-05,100000.0000000000,170825835.2247799039,1707.2583522478,0.3120447429,147,5.3637010490,1934307.9931879404,-0.5288318355,2007-10-31,2009-05-13,560,2010-04-05,327.0000000000,887.0000000000,1281,2000-01-03
full_current,ret_qqq_100_floor50,1999-03-10,2026-08-05,100000.0000000000,174954918.1491218805,1748.5491814912,0.3131886442,201,7.3340402098,2262061.2983197779,-0.5107680437,2007-10-31,2009-04-20,537,2009-12-24,248.0000000000,785.0000000000,1282,2000-01-03
full_current,ret_qqq_100_floor100,1999-03-10,2026-08-05,100000.0000000000,134763867.5956101418,1346.6386759561,0.3007419072,266,9.7057447552,2424110.9511413830,-0.6714707188,2000-01-03,2000-07-05,184,2004-11-17,1596.0000000000,1780.0000000000,1780,2000-01-03
full_current,ret_qqq_100_step_up,1999-03-10,2026-08-05,100000.0000000000,178256746.3699716926,1781.5674636997,0.3140848022,274,9.9976468531,3193246.4324586056,-0.5371611437,2007-10-31,2009-05-13,560,2010-01-04,236.0000000000,796.0000000000,1248,2000-01-03
full_current,ret_qqq_100_block_cut,1999-03-10,2026-08-05,100000.0000000000,179680013.0786462426,1795.8001307865,0.3144661716,153,5.5826276224,2054729.6910327014,-0.5288317248,2007-10-31,2009-05-13,560,2010-04-05,327.0000000000,887.0000000000,1248,2000-01-03
full_current,ret_qqq_120_floor50,1999-03-10,2026-08-05,100000.0000000000,202458947.1629798412,2023.5894716298,0.3202033711,203,7.4070157343,2685784.3158587045,-0.5396926650,2000-01-03,2000-07-05,184,2003-06-16,1076.0000000000,1260.0000000000,1260,2000-01-03
full_current,ret_qqq_120_floor100,1999-03-10,2026-08-05,100000.0000000000,156291044.2396016121,1561.9104423960,0.3077945036,258,9.4138426573,2609145.1640405059,-0.7616655685,2000-01-03,2000-07-05,184,2004-01-16,1290.0000000000,1474.0000000000,1474,2000-01-03
full_current,ret_qqq_120_step_up,1999-03-10,2026-08-05,100000.0000000000,181859503.7448669076,1817.5950374487,0.3150445695,263,9.5962814685,2857207.6222468684,-0.5553503419,2007-10-31,2009-05-13,560,2010-04-14,336.0000000000,896.0000000000,1243,2000-01-03
full_current,ret_qqq_120_block_cut,1999-03-10,2026-08-05,100000.0000000000,187556458.2841846347,1874.5645828418,0.3165254624,155,5.6556031469,2174870.0202986663,-0.5288317248,2007-10-31,2009-05-13,560,2010-04-05,327.0000000000,887.0000000000,1248,2000-01-03
full_current,ret_qqq_150_floor50,1999-03-10,2026-08-05,100000.0000000000,189823528.9103465676,1897.2352891035,0.3171027511,213,7.7718933566,2496395.8205018789,-0.5231649831,2007-10-31,2009-04-20,537,2009-12-28,252.0000000000,789.0000000000,1282,2000-01-03
full_current,ret_qqq_150_floor100,1999-03-10,2026-08-05,100000.0000000000,173069678.4811039567,1729.6967848110,0.3126696298,238,8.6840874126,2624776.4644357110,-0.6703146967,2000-01-03,2000-07-10,189,2004-12-01,1605.0000000000,1794.0000000000,1794,2000-01-03
full_current,ret_qqq_150_step_up,1999-03-10,2026-08-05,100000.0000000000,216999218.1386184096,2168.9921813862,0.3235485982,240,8.7570629371,3103417.4486608556,-0.5296317265,2007-10-31,2009-04-20,537,2010-04-05,350.0000000000,887.0000000000,1248,2000-01-03
full_current,ret_qqq_150_block_cut,1999-03-10,2026-08-05,100000.0000000000,184246516.9002293944,1841.4651690023,0.3156704265,159,5.8015541958,2136705.8713373244,-0.5288318040,2007-10-31,2009-05-13,560,2010-04-05,327.0000000000,887.0000000000,1248,2000-01-03
full_current,varshare_qqq_55_floor50,1999-03-10,2026-08-05,100000.0000000000,101383494.2385290563,1012.8349423853,0.2873037029,232,8.4651608392,1360159.3347988529,-0.6873705069,2000-01-03,2002-09-19,990,2005-11-25,1163.0000000000,2153.0000000000,2153,2000-01-03
full_current,varshare_qqq_55_floor100,1999-03-10,2026-08-05,100000.0000000000,29204037.4481958449,291.0403744820,0.2301511989,311,11.3476940559,585829.7364631518,-0.9137130492,2000-01-03,2002-09-19,990,2013-09-18,4017.0000000000,5007.0000000000,5007,2000-01-03
full_current,varshare_qqq_55_step_up,1999-03-10,2026-08-05,100000.0000000000,99593335.1835695505,994.9333518357,0.2864671870,332,12.1139370629,1892537.8886382305,-0.7009867813,2007-10-31,2009-02-10,468,2010-12-20,678.0000000000,1146.0000000000,2200,2000-01-03
full_current,varshare_qqq_55_block_cut,1999-03-10,2026-08-05,100000.0000000000,172074621.9026374221,1719.7462190264,0.3123934861,133,4.8528723776,1898961.8261568884,-0.5447118566,2007-10-31,2009-05-13,560,2010-04-13,335.0000000000,895.0000000000,1242,2000-01-03
full_current,varshare_qqq_60_floor50,1999-03-10,2026-08-05,100000.0000000000,132271004.1406526566,1321.7100414065,0.2998560504,215,7.8448688811,1748942.8706738474,-0.5931061461,2000-01-03,2002-06-21,900,2004-11-18,881.0000000000,1781.0000000000,1781,2000-01-03
full_current,varshare_qqq_60_floor100,1999-03-10,2026-08-05,100000.0000000000,57504555.4009722024,574.0455540097,0.2609427227,281,10.2530611888,840583.2421244514,-0.8497557099,2000-01-03,2002-06-21,900,2010-03-23,2832.0000000000,3732.0000000000,3732,2000-01-03
full_current,varshare_qqq_60_step_up,1999-03-10,2026-08-05,100000.0000000000,127226433.7269885838,1271.2643372699,0.2980131143,290,10.5814510490,1661597.6923902996,-0.5711170730,2000-01-03,2002-06-21,900,2005-11-18,1246.0000000000,2146.0000000000,2146,2000-01-03
full_current,varshare_qqq_60_block_cut,1999-03-10,2026-08-05,100000.0000000000,212754699.4187980294,2126.5469941880,0.3225949606,145,5.2907255245,2404809.1060455153,-0.5178972576,2007-10-31,2009-05-13,560,2010-03-23,314.0000000000,874.0000000000,1173,2000-01-03
full_current,varshare_qqq_65_floor50,1999-03-10,2026-08-05,100000.0000000000,230931855.9666932821,2308.3185596669,0.3265572542,209,7.6259423077,3268680.7212708485,-0.4750602860,2021-11-19,2022-12-28,404,2023-06-14,168.0000000000,572.0000000000,1282,2000-01-03
full_current,varshare_qqq_65_floor100,1999-03-10,2026-08-05,100000.0000000000,236791759.3916636705,2366.9175939166,0.3277707147,250,9.1219405594,4029483.6058242377,-0.6420565384,2000-01-03,2002-06-20,899,2005-11-21,1250.0000000000,2149.0000000000,2149,2000-01-03
full_current,varshare_qqq_65_step_up,1999-03-10,2026-08-05,100000.0000000000,274096224.5797731876,2739.9622457977,0.3348774273,254,9.2678916084,4072532.5180007853,-0.5064439788,2021-11-19,2022-12-28,404,2023-07-18,202.0000000000,606.0000000000,1276,2000-01-03
full_current,varshare_qqq_65_block_cut,1999-03-10,2026-08-05,100000.0000000000,195128790.9604536891,1950.2879096045,0.3184281381,153,5.5826276224,2212250.5450765290,-0.5474360817,2007-10-31,2009-05-13,560,2010-04-13,335.0000000000,895.0000000000,1173,2000-01-03
full_current,varshare_qqq_70_floor50,1999-03-10,2026-08-05,100000.0000000000,169792788.8552134633,1696.9278885521,0.3117543871,187,6.8232115385,2608082.8381591267,-0.5282418351,2021-11-19,2022-12-28,404,2023-07-17,201.0000000000,605.0000000000,1260,2000-01-03
full_current,varshare_qqq_70_floor100,1999-03-10,2026-08-05,100000.0000000000,160124312.7385487556,1600.2431273855,0.3089512594,216,7.8813566434,3406780.1729690204,-0.6518739712,2021-11-19,2022-12-28,404,2024-03-01,429.0000000000,833.0000000000,1340,2000-01-03
full_current,varshare_qqq_70_step_up,1999-03-10,2026-08-05,100000.0000000000,210501211.0362665951,2104.0121103627,0.3220811819,214,7.8083811189,3531467.4034271464,-0.5749729663,2021-11-19,2022-12-28,404,2024-01-19,387.0000000000,791.0000000000,1173,2000-01-03
full_current,varshare_qqq_70_block_cut,1999-03-10,2026-08-05,100000.0000000000,201834872.6610038280,2017.3487266100,0.3200546635,157,5.7285786713,2340430.3241123226,-0.5288317140,2007-10-31,2009-05-13,560,2010-04-05,327.0000000000,887.0000000000,1173,2000-01-03
full_current,varshare_qqq_75_floor50,1999-03-10,2026-08-05,100000.0000000000,197072700.9273682237,1969.7270092737,0.3189050989,181,6.6042849650,2673899.2410175893,-0.5039819549,2007-10-31,2009-05-13,560,2009-12-28,229.0000000000,789.0000000000,1249,2000-01-03
full_current,varshare_qqq_75_floor100,1999-03-10,2026-08-05,100000.0000000000,168893518.8282332420,1687.9351882823,0.3115002423,204,7.4435034965,2544026.4727085251,-0.4882723168,2024-12-16,2025-05-23,158,2026-05-26,368.0000000000,526.0000000000,1465,2000-01-03
full_current,varshare_qqq_75_step_up,1999-03-10,2026-08-05,100000.0000000000,186958037.6191466451,1868.5803761915,0.3163719585,203,7.4070157343,2551317.3917828300,-0.4939012565,2007-10-31,2009-05-13,560,2009-12-24,225.0000000000,785.0000000000,1248,2000-01-03
full_current,varshare_qqq_75_block_cut,1999-03-10,2026-08-05,100000.0000000000,204983660.2175263166,2048.8366021753,0.3208004991,159,5.8015541958,2377045.0739587788,-0.5288318220,2007-10-31,2009-05-13,560,2010-04-05,327.0000000000,887.0000000000,1173,2000-01-03
full_current,varshare_qqq_80_floor50,1999-03-10,2026-08-05,100000.0000000000,188901295.4648882151,1888.0129546489,0.3168687186,167,6.0934562937,2506071.7354442389,-0.5320994507,2007-10-31,2009-05-13,560,2010-04-06,328.0000000000,888.0000000000,1176,1999-12-23
full_current,varshare_qqq_80_floor100,1999-03-10,2026-08-05,100000.0000000000,148675297.7349664569,1485.7529773497,0.3054128870,174,6.3488706294,2104940.2484381772,-0.5359637247,2007-10-31,2009-05-13,560,2010-04-09,331.0000000000,891.0000000000,1181,1999-12-23
full_current,varshare_qqq_80_step_up,1999-03-10,2026-08-05,100000.0000000000,170384160.6494928598,1702.8416064949,0.3119208101,173,6.3123828671,2251234.2713666400,-0.5320993102,2007-10-31,2009-05-13,560,2010-04-06,328.0000000000,888.0000000000,1176,1999-12-23
full_current,varshare_qqq_80_block_cut,1999-03-10,2026-08-05,100000.0000000000,214972780.5306245089,2148.7278053062,0.3230955717,161,5.8745297203,2768237.9539187178,-0.5288319343,2007-10-31,2009-05-13,560,2010-04-05,327.0000000000,887.0000000000,887,2007-10-31
full_current,magratio_qqq_125_floor50,1999-03-10,2026-08-05,100000.0000000000,172874709.9812899828,1727.7470998129,0.3126156437,224,8.1732587413,2630281.1993444497,-0.5162381313,2021-11-19,2022-12-28,404,2023-07-13,197.0000000000,601.0000000000,1197,2000-03-27
full_current,magratio_qqq_125_floor100,1999-03-10,2026-08-05,100000.0000000000,144535976.2711677253,1444.3597627117,0.3040686409,307,11.2017430070,2508140.4088933859,-0.7000772121,2000-03-27,2001-10-30,582,2005-11-17,1479.0000000000,2061.0000000000,2061,2000-03-27
full_current,magratio_qqq_125_step_up,1999-03-10,2026-08-05,100000.0000000000,206359012.9438575506,2062.5901294386,0.3211228132,328,11.9679860140,2942753.8061921815,-0.5503614783,2007-10-31,2009-05-13,560,2010-03-30,321.0000000000,881.0000000000,1163,2000-03-27
full_current,magratio_qqq_125_block_cut,1999-03-10,2026-08-05,100000.0000000000,197876819.8999643326,1977.7681989996,0.3191010747,135,4.9258479021,2152204.9990828391,-0.5415067555,2007-10-31,2009-05-13,560,2010-04-12,334.0000000000,894.0000000000,1281,2000-01-03
full_current,magratio_qqq_150_floor50,1999-03-10,2026-08-05,100000.0000000000,170260984.6455819607,1701.6098464558,0.3118861920,197,7.1880891608,2222913.6525978092,-0.5056891981,2007-10-31,2009-04-20,537,2009-12-24,248.0000000000,785.0000000000,1334,2000-01-03
full_current,magratio_qqq_150_floor100,1999-03-10,2026-08-05,100000.0000000000,150850349.6265318990,1507.5034962653,0.3061048509,254,9.2678916084,2207927.5374790700,-0.7162114127,2000-01-03,2000-07-10,189,2005-11-21,1960.0000000000,2149.0000000000,2149,2000-01-03
full_current,magratio_qqq_150_step_up,1999-03-10,2026-08-05,100000.0000000000,199560709.5703744292,1994.6070957037,0.3195089898,264,9.6327692308,2891189.3744895151,-0.5397519082,2007-10-31,2009-05-13,560,2010-04-05,327.0000000000,887.0000000000,1281,2000-01-03
full_current,magratio_qqq_150_block_cut,1999-03-10,2026-08-05,100000.0000000000,168039126.8160505593,1679.3912681605,0.3112575699,147,5.3637010490,1936955.3925955172,-0.5288315832,2007-10-31,2009-05-13,560,2010-04-05,327.0000000000,887.0000000000,1281,2000-01-03
full_current,magratio_qqq_200_floor50,1999-03-10,2026-08-05,100000.0000000000,196692825.9888328910,1965.9282598883,0.3188122496,189,6.8961870629,2684186.6012605871,-0.4914343576,2007-10-31,2008-09-17,322,2009-12-24,463.0000000000,785.0000000000,1249,2000-01-03
full_current,magratio_qqq_200_floor100,1999-03-10,2026-08-05,100000.0000000000,208966124.6971783042,2088.6612469718,0.3217281500,248,9.0489650350,3729546.6064472520,-0.5295844822,2000-01-03,2002-11-19,1051,2004-01-12,419.0000000000,1470.0000000000,1470,2000-01-03
full_current,magratio_qqq_200_step_up,1999-03-10,2026-08-05,100000.0000000000,235187941.3156768978,2350.8794131568,0.3274414995,247,9.0124772727,3867772.3494428052,-0.5253363712,2007-10-31,2009-05-13,560,2010-01-04,236.0000000000,796.0000000000,1243,2000-01-03
full_current,magratio_qqq_200_block_cut,1999-03-10,2026-08-05,100000.0000000000,209825079.4186238647,2097.2507941862,0.3219259950,157,5.7285786713,2378775.3474600432,-0.5288318220,2007-10-31,2009-05-13,560,2010-04-05,327.0000000000,887.0000000000,1173,2000-01-03
full_current,magratio_qqq_300_floor50,1999-03-10,2026-08-05,100000.0000000000,214972780.5306245089,2148.7278053062,0.3230955717,161,5.8745297203,2768237.9539187178,-0.5288319343,2007-10-31,2009-05-13,560,2010-04-05,327.0000000000,887.0000000000,887,2007-10-31
full_current,magratio_qqq_300_floor100,1999-03-10,2026-08-05,100000.0000000000,226034884.3960716724,2259.3488439607,0.3255202201,163,5.9475052448,2565142.8539120294,-0.5288317450,2007-10-31,2009-05-13,560,2010-04-05,327.0000000000,887.0000000000,887,2007-10-31
full_current,magratio_qqq_300_step_up,1999-03-10,2026-08-05,100000.0000000000,226034884.3960716724,2259.3488439607,0.3255202201,163,5.9475052448,2565142.8539120294,-0.5288317450,2007-10-31,2009-05-13,560,2010-04-05,327.0000000000,887.0000000000,887,2007-10-31
full_current,magratio_qqq_300_block_cut,1999-03-10,2026-08-05,100000.0000000000,221191754.9039676487,2210.9175490397,0.3244730738,159,5.8015541958,2564904.8014465664,-0.5288319343,2007-10-31,2009-05-13,560,2010-04-05,327.0000000000,887.0000000000,887,2007-10-31
full_current,magratio_qqq_400_floor50,1999-03-10,2026-08-05,100000.0000000000,214972780.5306245089,2148.7278053062,0.3230955717,161,5.8745297203,2768237.9539187178,-0.5288319343,2007-10-31,2009-05-13,560,2010-04-05,327.0000000000,887.0000000000,887,2007-10-31
full_current,magratio_qqq_400_floor100,1999-03-10,2026-08-05,100000.0000000000,214972780.5306245089,2148.7278053062,0.3230955717,161,5.8745297203,2768237.9539187178,-0.5288319343,2007-10-31,2009-05-13,560,2010-04-05,327.0000000000,887.0000000000,887,2007-10-31
full_current,magratio_qqq_400_step_up,1999-03-10,2026-08-05,100000.0000000000,214972780.5306245089,2148.7278053062,0.3230955717,161,5.8745297203,2768237.9539187178,-0.5288319343,2007-10-31,2009-05-13,560,2010-04-05,327.0000000000,887.0000000000,887,2007-10-31
full_current,magratio_qqq_400_block_cut,1999-03-10,2026-08-05,100000.0000000000,214972780.5306245089,2148.7278053062,0.3230955717,161,5.8745297203,2768237.9539187178,-0.5288319343,2007-10-31,2009-05-13,560,2010-04-05,327.0000000000,887.0000000000,887,2007-10-31
full_current,combo_qqq_30_55_floor50,1999-03-10,2026-08-05,100000.0000000000,239563208.3345007300,2394.6320833450,0.3283345777,230,8.3921853147,3618257.0421908288,-0.5259070584,2021-11-19,2022-09-30,315,2023-07-13,286.0000000000,601.0000000000,1243,2000-01-03
full_current,combo_qqq_30_55_floor100,1999-03-10,2026-08-05,100000.0000000000,240384252.5822119117,2402.8425258221,0.3285004161,325,11.8585227273,5381484.6490476551,-0.6277127541,2021-11-19,2022-12-28,404,2024-02-08,407.0000000000,811.0000000000,1281,2000-01-03
full_current,combo_qqq_30_55_step_up,1999-03-10,2026-08-05,100000.0000000000,279675495.2581006289,2795.7549525810,0.3358592648,339,12.3693513986,5171483.4547416577,-0.5574991048,2021-11-19,2022-09-30,315,2023-12-13,439.0000000000,754.0000000000,785,2007-10-31
full_current,combo_qqq_30_55_block_cut,1999-03-10,2026-08-05,100000.0000000000,173806667.8184566796,1737.0666781846,0.3128731716,139,5.0717989510,1893864.6763115583,-0.5508046990,2007-10-31,2009-05-13,560,2010-04-14,336.0000000000,896.0000000000,1249,2000-01-03
full_current,combo_qqq_30_65_floor50,1999-03-10,2026-08-05,100000.0000000000,251810208.6154774725,2517.1020861548,0.3307533101,215,7.8448688811,3644908.4848431791,-0.4632265518,2021-11-19,2022-09-30,315,2023-06-12,255.0000000000,570.0000000000,1282,2000-01-03
full_current,combo_qqq_30_65_floor100,1999-03-10,2026-08-05,100000.0000000000,288575621.2714130878,2884.7562127141,0.3373871036,255,9.3043793706,5096166.6710458845,-0.6416119040,2000-01-03,2001-02-16,410,2004-12-02,1385.0000000000,1795.0000000000,1795,2000-01-03
full_current,combo_qqq_30_65_step_up,1999-03-10,2026-08-05,100000.0000000000,301473680.0373741388,3013.7368003737,0.3395225373,260,9.4868181818,4558098.8732048813,-0.4967352964,2021-11-19,2022-09-30,315,2023-07-13,286.0000000000,601.0000000000,1170,2000-01-03
full_current,combo_qqq_30_65_block_cut,1999-03-10,2026-08-05,100000.0000000000,199030489.9856407344,1989.3048998564,0.3193809052,153,5.5826276224,2256377.1146680485,-0.5383868619,2007-10-31,2009-05-13,560,2010-04-09,331.0000000000,891.0000000000,1173,2000-01-03
full_current,combo_qqq_30_75_floor50,1999-03-10,2026-08-05,100000.0000000000,197072700.9273682237,1969.7270092737,0.3189050989,181,6.6042849650,2673899.2410175893,-0.5039819549,2007-10-31,2009-05-13,560,2009-12-28,229.0000000000,789.0000000000,1249,2000-01-03
full_current,combo_qqq_30_75_floor100,1999-03-10,2026-08-05,100000.0000000000,168893518.8282332420,1687.9351882823,0.3115002423,204,7.4435034965,2544026.4727085251,-0.4882723168,2024-12-16,2025-05-23,158,2026-05-26,368.0000000000,526.0000000000,1465,2000-01-03
full_current,combo_qqq_30_75_step_up,1999-03-10,2026-08-05,100000.0000000000,186958037.6191466451,1868.5803761915,0.3163719585,203,7.4070157343,2551317.3917828300,-0.4939012565,2007-10-31,2009-05-13,560,2009-12-24,225.0000000000,785.0000000000,1248,2000-01-03
full_current,combo_qqq_30_75_block_cut,1999-03-10,2026-08-05,100000.0000000000,204983660.2175263166,2048.8366021753,0.3208004991,159,5.8015541958,2377045.0739587788,-0.5288318220,2007-10-31,2009-05-13,560,2010-04-05,327.0000000000,887.0000000000,1173,2000-01-03
full_current,combo_qqq_50_55_floor50,1999-03-10,2026-08-05,100000.0000000000,215615112.9021792412,2155.1511290218,0.3232396141,226,8.2462342657,3311990.3348830529,-0.5156143603,2021-11-19,2022-12-28,404,2023-07-13,197.0000000000,601.0000000000,1228,2000-01-03
full_current,combo_qqq_50_55_floor100,1999-03-10,2026-08-05,100000.0000000000,210144695.1158173084,2100.4469511582,0.3219994137,308,11.2382307692,4726013.6434751470,-0.6127870028,2021-11-19,2022-12-28,404,2024-01-19,387.0000000000,791.0000000000,1281,2000-01-03
full_current,combo_qqq_50_55_step_up,1999-03-10,2026-08-05,100000.0000000000,251685165.9623529315,2515.8516596235,0.3307291926,321,11.7125716783,4799548.1744196666,-0.5435634763,2021-11-19,2022-12-28,404,2023-07-18,202.0000000000,606.0000000000,1057,2000-01-03
full_current,combo_qqq_50_55_block_cut,1999-03-10,2026-08-05,100000.0000000000,176159089.6820409000,1760.5908968204,0.3135173449,141,5.1447744755,1953453.4263030805,-0.5288319256,2007-10-31,2009-05-13,560,2010-04-05,327.0000000000,887.0000000000,1281,2000-01-03
full_current,combo_qqq_50_65_floor50,1999-03-10,2026-08-05,100000.0000000000,213713558.9641672671,2136.1355896417,0.3228119851,217,7.9178444056,3130720.7415861767,-0.4732993064,2007-10-31,2008-09-17,322,2009-10-14,392.0000000000,714.0000000000,1326,2000-01-03
full_current,combo_qqq_50_65_floor100,1999-03-10,2026-08-05,100000.0000000000,198051294.8681564927,1979.5129486816,0.3191434955,256,9.3408671329,3565168.7434475785,-0.6415628495,2000-01-03,2001-02-16,410,2005-11-25,1743.0000000000,2153.0000000000,2153,2000-01-03
full_current,combo_qqq_50_65_step_up,1999-03-10,2026-08-05,100000.0000000000,231874233.3569303751,2317.7423335693,0.3267543883,260,9.4868181818,3553732.8056309875,-0.5002924600,2021-11-19,2022-12-28,404,2023-07-17,201.0000000000,605.0000000000,1281,2000-01-03
full_current,combo_qqq_50_65_block_cut,1999-03-10,2026-08-05,100000.0000000000,203150240.4847301841,2030.5024048473,0.3203675813,153,5.5826276224,2302969.8118867776,-0.5288318654,2007-10-31,2009-05-13,560,2010-04-05,327.0000000000,887.0000000000,1173,2000-01-03
full_current,combo_qqq_50_75_floor50,1999-03-10,2026-08-05,100000.0000000000,197072700.9273682237,1969.7270092737,0.3189050989,181,6.6042849650,2673899.2410175893,-0.5039819549,2007-10-31,2009-05-13,560,2009-12-28,229.0000000000,789.0000000000,1249,2000-01-03
full_current,combo_qqq_50_75_floor100,1999-03-10,2026-08-05,100000.0000000000,168893518.8282332420,1687.9351882823,0.3115002423,204,7.4435034965,2544026.4727085251,-0.4882723168,2024-12-16,2025-05-23,158,2026-05-26,368.0000000000,526.0000000000,1465,2000-01-03
full_current,combo_qqq_50_75_step_up,1999-03-10,2026-08-05,100000.0000000000,186958037.6191466451,1868.5803761915,0.3163719585,203,7.4070157343,2551317.3917828300,-0.4939012565,2007-10-31,2009-05-13,560,2009-12-24,225.0000000000,785.0000000000,1248,2000-01-03
full_current,combo_qqq_50_75_block_cut,1999-03-10,2026-08-05,100000.0000000000,204983660.2175263166,2048.8366021753,0.3208004991,159,5.8015541958,2377045.0739587788,-0.5288318220,2007-10-31,2009-05-13,560,2010-04-05,327.0000000000,887.0000000000,1173,2000-01-03
full_current,combo_qqq_75_55_floor50,1999-03-10,2026-08-05,100000.0000000000,172251121.8040245473,1721.5112180402,0.3124425796,209,7.6259423077,2502051.3042868013,-0.5322262954,2007-10-31,2009-04-07,524,2009-12-24,261.0000000000,785.0000000000,1249,2000-01-03
full_current,combo_qqq_75_55_floor100,1999-03-10,2026-08-05,100000.0000000000,137805696.8270993829,1377.0569682710,0.3018016994,281,10.2530611888,3013249.9290381023,-0.6108054829,2000-01-03,2001-10-30,666,2004-01-16,808.0000000000,1474.0000000000,1474,2000-01-03
full_current,combo_qqq_75_55_step_up,1999-03-10,2026-08-05,100000.0000000000,198956000.2093570828,1988.5600020936,0.3193628845,294,10.7274020979,3986318.0409473348,-0.5328369404,2007-10-31,2009-05-13,560,2009-12-24,225.0000000000,785.0000000000,1057,2000-01-03
full_current,combo_qqq_75_55_block_cut,1999-03-10,2026-08-05,100000.0000000000,182921245.0204755664,1828.2124502048,0.3153239215,145,5.2907255245,2073022.8755018758,-0.5288318768,2007-10-31,2009-05-13,560,2010-04-05,327.0000000000,887.0000000000,1281,2000-01-03
full_current,combo_qqq_75_65_floor50,1999-03-10,2026-08-05,100000.0000000000,191192474.6601907611,1910.9247466019,0.3174481323,207,7.5529667832,2699001.8366018427,-0.4981315697,2007-10-31,2009-04-07,524,2009-12-21,258.0000000000,782.0000000000,1334,2000-01-03
full_current,combo_qqq_75_65_floor100,1999-03-10,2026-08-05,100000.0000000000,187180922.0648957491,1870.8092206490,0.3164291869,248,9.0489650350,3315417.0837478694,-0.6416155422,2000-01-03,2001-02-16,410,2006-01-09,1788.0000000000,2198.0000000000,2198,2000-01-03
full_current,combo_qqq_75_65_step_up,1999-03-10,2026-08-05,100000.0000000000,238201035.1645073295,2381.0103516451,0.3280582278,252,9.1949160839,3745161.5837618927,-0.4915563037,2021-11-19,2022-09-30,315,2023-07-13,286.0000000000,601.0000000000,1282,2000-01-03
full_current,combo_qqq_75_65_block_cut,1999-03-10,2026-08-05,100000.0000000000,203150240.4847301841,2030.5024048473,0.3203675813,153,5.5826276224,2302969.8118867776,-0.5288318654,2007-10-31,2009-05-13,560,2010-04-05,327.0000000000,887.0000000000,1173,2000-01-03
full_current,combo_qqq_75_75_floor50,1999-03-10,2026-08-05,100000.0000000000,197072700.9273682237,1969.7270092737,0.3189050989,181,6.6042849650,2673899.2410175893,-0.5039819549,2007-10-31,2009-05-13,560,2009-12-28,229.0000000000,789.0000000000,1249,2000-01-03
full_current,combo_qqq_75_75_floor100,1999-03-10,2026-08-05,100000.0000000000,169466857.1020823121,1693.6685710208,0.3116624249,206,7.5164790210,2552779.8589912429,-0.4882723548,2024-12-16,2025-05-23,158,2026-05-26,368.0000000000,526.0000000000,1465,2000-01-03
full_current,combo_qqq_75_75_step_up,1999-03-10,2026-08-05,100000.0000000000,187599387.2584350407,1874.9938725844,0.3165364562,205,7.4799912587,2560186.7089470224,-0.4939013842,2007-10-31,2009-05-13,560,2009-12-24,225.0000000000,785.0000000000,1248,2000-01-03
full_current,combo_qqq_75_75_block_cut,1999-03-10,2026-08-05,100000.0000000000,204983660.2175263166,2048.8366021753,0.3208004991,159,5.8015541958,2377045.0739587788,-0.5288318220,2007-10-31,2009-05-13,560,2010-04-05,327.0000000000,887.0000000000,1173,2000-01-03
full_current,combo_qqq_100_55_floor50,1999-03-10,2026-08-05,100000.0000000000,175843123.4034386873,1757.4312340344,0.3134313061,205,7.4799912587,2296978.6827281178,-0.5107683287,2007-10-31,2009-04-20,537,2009-12-24,248.0000000000,785.0000000000,1282,2000-01-03
full_current,combo_qqq_100_55_floor100,1999-03-10,2026-08-05,100000.0000000000,141006432.7118313909,1409.0643271183,0.3028927911,260,9.4868181818,2421989.3179158899,-0.6714707188,2000-01-03,2000-07-05,184,2004-11-17,1596.0000000000,1780.0000000000,1780,2000-01-03
full_current,combo_qqq_100_55_step_up,1999-03-10,2026-08-05,100000.0000000000,185477312.7095015347,1853.7731270950,0.3159900857,268,9.7787202797,3150065.8104546410,-0.5371608881,2007-10-31,2009-05-13,560,2010-01-04,236.0000000000,796.0000000000,1248,2000-01-03
full_current,combo_qqq_100_55_block_cut,1999-03-10,2026-08-05,100000.0000000000,191986320.7291983366,1918.8632072920,0.3176473276,153,5.5826276224,2176453.4405240836,-0.5288317248,2007-10-31,2009-05-13,560,2010-04-05,327.0000000000,887.0000000000,1248,2000-01-03
full_current,combo_qqq_100_65_floor50,1999-03-10,2026-08-05,100000.0000000000,202205961.3945755363,2021.0596139458,0.3201431417,207,7.5529667832,2632822.9733724375,-0.5074841669,2007-10-31,2009-04-20,537,2009-12-24,248.0000000000,785.0000000000,1282,2000-01-03
full_current,combo_qqq_100_65_floor100,1999-03-10,2026-08-05,100000.0000000000,190290582.0944770575,1901.9058209448,0.3172208563,248,9.0489650350,3130265.5300939158,-0.6261828467,2000-01-03,2000-07-10,189,2004-12-14,1618.0000000000,1807.0000000000,1807,2000-01-03
full_current,combo_qqq_100_65_step_up,1999-03-10,2026-08-05,100000.0000000000,225496622.0096895099,2253.9662200969,0.3254049144,251,9.1584283217,3535658.7116880435,-0.5088241405,2021-11-19,2022-09-30,315,2023-07-13,286.0000000000,601.0000000000,1281,2000-01-03
full_current,combo_qqq_100_65_block_cut,1999-03-10,2026-08-05,100000.0000000000,216316265.6487089992,2162.1626564871,0.3233963757,155,5.6556031469,2452244.1306978352,-0.5288317073,2007-10-31,2009-05-13,560,2010-04-05,327.0000000000,887.0000000000,1173,2000-01-03
full_current,combo_qqq_100_75_floor50,1999-03-10,2026-08-05,100000.0000000000,197072700.9273682237,1969.7270092737,0.3189050989,181,6.6042849650,2673899.2410175893,-0.5039819549,2007-10-31,2009-05-13,560,2009-12-28,229.0000000000,789.0000000000,1249,2000-01-03
full_current,combo_qqq_100_75_floor100,1999-03-10,2026-08-05,100000.0000000000,163821505.6641998291,1637.2150566420,0.3100419464,208,7.5894545455,2467764.9329864765,-0.4882722619,2024-12-16,2025-05-23,158,2026-05-26,368.0000000000,526.0000000000,1465,2000-01-03
full_current,combo_qqq_100_75_step_up,1999-03-10,2026-08-05,100000.0000000000,181354211.2544057369,1812.5421125441,0.3149110710,207,7.5529667832,2474984.6241080440,-0.4939013088,2007-10-31,2009-05-13,560,2009-12-24,225.0000000000,785.0000000000,1248,2000-01-03
full_current,combo_qqq_100_75_block_cut,1999-03-10,2026-08-05,100000.0000000000,204983660.2175263166,2048.8366021753,0.3208004991,159,5.8015541958,2377045.0739587788,-0.5288318220,2007-10-31,2009-05-13,560,2010-04-05,327.0000000000,887.0000000000,1173,2000-01-03
full_current,filtered_ret_qqq_40_sma100_block_cut,1999-03-10,2026-08-05,100000.0000000000,243353754.2555637062,2432.5375425556,0.3290956875,143,5.2177500000,2600394.0355874929,-0.5288318159,2007-10-31,2009-05-13,560,2010-04-05,327.0000000000,887.0000000000,1254,2000-03-27
full_current,filtered_ret_qqq_40_sma150_block_cut,1999-03-10,2026-08-05,100000.0000000000,243406459.7282722592,2433.0645972827,0.3291061896,147,5.3637010490,2601177.8024599100,-0.5288318527,2007-10-31,2009-05-13,560,2010-04-05,327.0000000000,887.0000000000,1254,2000-03-27
full_current,filtered_ret_qqq_40_sma200_block_cut,1999-03-10,2026-08-05,100000.0000000000,241332872.3591366410,2412.3287235914,0.3286913446,145,5.2907255245,2577688.0648259628,-0.5288318527,2007-10-31,2009-05-13,560,2010-04-05,327.0000000000,887.0000000000,1254,2000-03-27
full_current,filtered_ret_qqq_40_return60_block_cut,1999-03-10,2026-08-05,100000.0000000000,257018342.0642229021,2569.1834206422,0.3317477140,135,4.9258479021,2745915.9236918129,-0.5288317555,2007-10-31,2009-05-13,560,2010-04-05,327.0000000000,887.0000000000,1254,2000-03-27
full_current,filtered_ret_qqq_40_return120_block_cut,1999-03-10,2026-08-05,100000.0000000000,243353754.2555637062,2432.5375425556,0.3290956875,143,5.2177500000,2600394.0355874929,-0.5288318159,2007-10-31,2009-05-13,560,2010-04-05,327.0000000000,887.0000000000,1254,2000-03-27
full_current,filtered_ret_qqq_40_return200_block_cut,1999-03-10,2026-08-05,100000.0000000000,253035901.4655631185,2529.3590146556,0.3309891063,145,5.2907255245,2702590.9259051625,-0.5288318623,2007-10-31,2009-05-13,560,2010-04-05,327.0000000000,887.0000000000,1250,2000-03-27
full_current,filtered_ret_qqq_60_sma100_block_cut,1999-03-10,2026-08-05,100000.0000000000,228250543.1023476422,2281.5054310235,0.3259920858,149,5.4366765734,2630781.6779789361,-0.5288317894,2007-10-31,2009-05-13,560,2010-04-05,327.0000000000,887.0000000000,1197,2000-03-27
full_current,filtered_ret_qqq_60_sma150_block_cut,1999-03-10,2026-08-05,100000.0000000000,228293595.8718012273,2281.9359587180,0.3260012109,153,5.5826276224,2631498.4405325069,-0.5288319747,2007-10-31,2009-05-13,560,2010-04-05,327.0000000000,887.0000000000,1197,2000-03-27
full_current,filtered_ret_qqq_60_sma200_block_cut,1999-03-10,2026-08-05,100000.0000000000,228293595.8718012273,2281.9359587180,0.3260012109,153,5.5826276224,2631498.4405325069,-0.5288319747,2007-10-31,2009-05-13,560,2010-04-05,327.0000000000,887.0000000000,1197,2000-03-27
full_current,filtered_ret_qqq_60_return60_block_cut,1999-03-10,2026-08-05,100000.0000000000,240451155.7368245125,2403.5115573682,0.3285139055,141,5.1447744755,2770953.8976425496,-0.5288319261,2007-10-31,2009-05-13,560,2010-04-05,327.0000000000,887.0000000000,1197,2000-03-27
full_current,filtered_ret_qqq_60_return120_block_cut,1999-03-10,2026-08-05,100000.0000000000,228250543.1023476422,2281.5054310235,0.3259920858,149,5.4366765734,2630781.6779789361,-0.5288317894,2007-10-31,2009-05-13,560,2010-04-05,327.0000000000,887.0000000000,1197,2000-03-27
full_current,filtered_ret_qqq_60_return200_block_cut,1999-03-10,2026-08-05,100000.0000000000,239364233.5935955644,2392.6423359360,0.3282943054,153,5.5826276224,2759004.1148624187,-0.5288318310,2007-10-31,2009-05-13,560,2010-04-05,327.0000000000,887.0000000000,1176,2000-03-27
full_current,filtered_ret_qqq_80_sma100_block_cut,1999-03-10,2026-08-05,100000.0000000000,164285813.5428293347,1641.8581354283,0.3101772394,153,5.5826276224,1860577.7625420718,-0.5288318002,2007-10-31,2009-05-13,560,2010-04-05,327.0000000000,887.0000000000,1281,2000-01-03
full_current,filtered_ret_qqq_80_sma150_block_cut,1999-03-10,2026-08-05,100000.0000000000,166849844.8975366950,1667.4984489754,0.3109177923,155,5.6556031469,1889718.4739817628,-0.5288318596,2007-10-31,2009-05-13,560,2010-04-05,327.0000000000,887.0000000000,1281,2000-01-03
full_current,filtered_ret_qqq_80_sma200_block_cut,1999-03-10,2026-08-05,100000.0000000000,166849844.8975366950,1667.4984489754,0.3109177923,155,5.6556031469,1889718.4739817628,-0.5288318596,2007-10-31,2009-05-13,560,2010-04-05,327.0000000000,887.0000000000,1281,2000-01-03
full_current,filtered_ret_qqq_80_return60_block_cut,1999-03-10,2026-08-05,100000.0000000000,170825835.2247799039,1707.2583522478,0.3120447429,147,5.3637010490,1934307.9931879404,-0.5288318355,2007-10-31,2009-05-13,560,2010-04-05,327.0000000000,887.0000000000,1281,2000-01-03
full_current,filtered_ret_qqq_80_return120_block_cut,1999-03-10,2026-08-05,100000.0000000000,164285813.5428293347,1641.8581354283,0.3101772394,153,5.5826276224,1860577.7625420718,-0.5288318002,2007-10-31,2009-05-13,560,2010-04-05,327.0000000000,887.0000000000,1281,2000-01-03
full_current,filtered_ret_qqq_80_return200_block_cut,1999-03-10,2026-08-05,100000.0000000000,174940960.3559919298,1748.4096035599,0.3131848214,155,5.6556031469,1981266.7298834119,-0.5288317509,2007-10-31,2009-05-13,560,2010-04-05,327.0000000000,887.0000000000,1248,2000-01-03
full_current,filtered_ret_qqq_100_sma100_block_cut,1999-03-10,2026-08-05,100000.0000000000,173945106.0013456345,1738.4510600135,0.3129113127,157,5.7285786713,1989365.5471388923,-0.5288317509,2007-10-31,2009-05-13,560,2010-04-05,327.0000000000,887.0000000000,1248,2000-01-03
full_current,filtered_ret_qqq_100_sma150_block_cut,1999-03-10,2026-08-05,100000.0000000000,173945106.0013456345,1738.4510600135,0.3129113127,157,5.7285786713,1989365.5471388923,-0.5288317509,2007-10-31,2009-05-13,560,2010-04-05,327.0000000000,887.0000000000,1248,2000-01-03
full_current,filtered_ret_qqq_100_sma200_block_cut,1999-03-10,2026-08-05,100000.0000000000,173945106.0013456345,1738.4510600135,0.3129113127,157,5.7285786713,1989365.5471388923,-0.5288317509,2007-10-31,2009-05-13,560,2010-04-05,327.0000000000,887.0000000000,1248,2000-01-03
full_current,filtered_ret_qqq_100_return60_block_cut,1999-03-10,2026-08-05,100000.0000000000,179680013.0786462426,1795.8001307865,0.3144661716,153,5.5826276224,2054729.6910327014,-0.5288317248,2007-10-31,2009-05-13,560,2010-04-05,327.0000000000,887.0000000000,1248,2000-01-03
full_current,filtered_ret_qqq_100_return120_block_cut,1999-03-10,2026-08-05,100000.0000000000,173945106.0013456345,1738.4510600135,0.3129113127,157,5.7285786713,1989365.5471388923,-0.5288317509,2007-10-31,2009-05-13,560,2010-04-05,327.0000000000,887.0000000000,1248,2000-01-03
full_current,filtered_ret_qqq_100_return200_block_cut,1999-03-10,2026-08-05,100000.0000000000,173945106.0013456345,1738.4510600135,0.3129113127,157,5.7285786713,1989365.5471388923,-0.5288317509,2007-10-31,2009-05-13,560,2010-04-05,327.0000000000,887.0000000000,1248,2000-01-03
full_current,filtered_ret_qqq_120_sma100_block_cut,1999-03-10,2026-08-05,100000.0000000000,181570121.2842996120,1814.7012128430,0.3149681583,159,5.8015541958,2105670.9754534704,-0.5288317509,2007-10-31,2009-05-13,560,2010-04-05,327.0000000000,887.0000000000,1248,2000-01-03
full_current,filtered_ret_qqq_120_sma150_block_cut,1999-03-10,2026-08-05,100000.0000000000,181570121.2842996120,1814.7012128430,0.3149681583,159,5.8015541958,2105670.9754534704,-0.5288317509,2007-10-31,2009-05-13,560,2010-04-05,327.0000000000,887.0000000000,1248,2000-01-03
full_current,filtered_ret_qqq_120_sma200_block_cut,1999-03-10,2026-08-05,100000.0000000000,181570121.2842996120,1814.7012128430,0.3149681583,159,5.8015541958,2105670.9754534704,-0.5288317509,2007-10-31,2009-05-13,560,2010-04-05,327.0000000000,887.0000000000,1248,2000-01-03
full_current,filtered_ret_qqq_120_return60_block_cut,1999-03-10,2026-08-05,100000.0000000000,187556458.2841846347,1874.5645828418,0.3165254624,155,5.6556031469,2174870.0202986663,-0.5288317248,2007-10-31,2009-05-13,560,2010-04-05,327.0000000000,887.0000000000,1248,2000-01-03
full_current,filtered_ret_qqq_120_return120_block_cut,1999-03-10,2026-08-05,100000.0000000000,181570121.2842996120,1814.7012128430,0.3149681583,159,5.8015541958,2105670.9754534704,-0.5288317509,2007-10-31,2009-05-13,560,2010-04-05,327.0000000000,887.0000000000,1248,2000-01-03
full_current,filtered_ret_qqq_120_return200_block_cut,1999-03-10,2026-08-05,100000.0000000000,181570121.2842996120,1814.7012128430,0.3149681583,159,5.8015541958,2105670.9754534704,-0.5288317509,2007-10-31,2009-05-13,560,2010-04-05,327.0000000000,887.0000000000,1248,2000-01-03
full_current,filtered_ret_qqq_150_sma100_block_cut,1999-03-10,2026-08-05,100000.0000000000,181570121.2842996120,1814.7012128430,0.3149681583,159,5.8015541958,2105670.9754534704,-0.5288317509,2007-10-31,2009-05-13,560,2010-04-05,327.0000000000,887.0000000000,1248,2000-01-03
full_current,filtered_ret_qqq_150_sma150_block_cut,1999-03-10,2026-08-05,100000.0000000000,181570121.2842996120,1814.7012128430,0.3149681583,159,5.8015541958,2105670.9754534704,-0.5288317509,2007-10-31,2009-05-13,560,2010-04-05,327.0000000000,887.0000000000,1248,2000-01-03
full_current,filtered_ret_qqq_150_sma200_block_cut,1999-03-10,2026-08-05,100000.0000000000,181570121.2842996120,1814.7012128430,0.3149681583,159,5.8015541958,2105670.9754534704,-0.5288317509,2007-10-31,2009-05-13,560,2010-04-05,327.0000000000,887.0000000000,1248,2000-01-03
full_current,filtered_ret_qqq_150_return60_block_cut,1999-03-10,2026-08-05,100000.0000000000,184246516.9002293944,1841.4651690023,0.3156704265,159,5.8015541958,2136705.8713373244,-0.5288318040,2007-10-31,2009-05-13,560,2010-04-05,327.0000000000,887.0000000000,1248,2000-01-03
full_current,filtered_ret_qqq_150_return120_block_cut,1999-03-10,2026-08-05,100000.0000000000,181570121.2842996120,1814.7012128430,0.3149681583,159,5.8015541958,2105670.9754534704,-0.5288317509,2007-10-31,2009-05-13,560,2010-04-05,327.0000000000,887.0000000000,1248,2000-01-03
full_current,filtered_ret_qqq_150_return200_block_cut,1999-03-10,2026-08-05,100000.0000000000,181570121.2842996120,1814.7012128430,0.3149681583,159,5.8015541958,2105670.9754534704,-0.5288317509,2007-10-31,2009-05-13,560,2010-04-05,327.0000000000,887.0000000000,1248,2000-01-03
full_current,filtered_ret_tqqq_100_sma100_block_cut,1999-03-10,2026-08-05,100000.0000000000,204325489.8147017062,2042.2548981470,0.3206455189,145,5.2907255245,2223749.7825503307,-0.5288319457,2007-10-31,2009-05-13,560,2010-04-05,327.0000000000,887.0000000000,1281,2000-01-03
full_current,filtered_ret_tqqq_100_sma150_block_cut,1999-03-10,2026-08-05,100000.0000000000,204376679.9064697027,2042.7667990647,0.3206575899,149,5.4366765734,2224527.0670561604,-0.5288316993,2007-10-31,2009-05-13,560,2010-04-05,327.0000000000,887.0000000000,1281,2000-01-03
full_current,filtered_ret_tqqq_100_sma200_block_cut,1999-03-10,2026-08-05,100000.0000000000,202635604.2922507524,2025.3560429225,0.3202453857,147,5.3637010490,2204462.4304584200,-0.5288316993,2007-10-31,2009-05-13,560,2010-04-05,327.0000000000,887.0000000000,1281,2000-01-03
full_current,filtered_ret_tqqq_100_return60_block_cut,1999-03-10,2026-08-05,100000.0000000000,215800554.2607835531,2157.0055426078,0.3232811222,137,4.9988234266,2348150.5154029704,-0.5288318094,2007-10-31,2009-05-13,560,2010-04-05,327.0000000000,887.0000000000,1281,2000-01-03
full_current,filtered_ret_tqqq_100_return120_block_cut,1999-03-10,2026-08-05,100000.0000000000,204325489.8147017062,2042.2548981470,0.3206455189,145,5.2907255245,2223749.7825503307,-0.5288319457,2007-10-31,2009-05-13,560,2010-04-05,327.0000000000,887.0000000000,1281,2000-01-03
full_current,filtered_ret_tqqq_100_return200_block_cut,1999-03-10,2026-08-05,100000.0000000000,212461955.1614229977,2123.6195516142,0.3225285142,147,5.3637010490,2311271.5877244873,-0.5288317744,2007-10-31,2009-05-13,560,2010-04-05,327.0000000000,887.0000000000,1248,2000-01-03
full_current,filtered_ret_tqqq_150_sma100_block_cut,1999-03-10,2026-08-05,100000.0000000000,163079874.6985019445,1629.7987469850,0.3098250770,149,5.4366765734,1879917.3563378172,-0.5288316912,2007-10-31,2009-05-13,560,2010-04-05,327.0000000000,887.0000000000,1281,2000-01-03
full_current,filtered_ret_tqqq_150_sma150_block_cut,1999-03-10,2026-08-05,100000.0000000000,163122723.6202442050,1630.2272362024,0.3098376328,153,5.5826276224,1880631.7377812222,-0.5288316106,2007-10-31,2009-05-13,560,2010-04-05,327.0000000000,887.0000000000,1281,2000-01-03
full_current,filtered_ret_tqqq_150_sma200_block_cut,1999-03-10,2026-08-05,100000.0000000000,163122723.6202442050,1630.2272362024,0.3098376328,153,5.5826276224,1880631.7377812222,-0.5288316106,2007-10-31,2009-05-13,560,2010-04-05,327.0000000000,887.0000000000,1281,2000-01-03
full_current,filtered_ret_tqqq_150_return60_block_cut,1999-03-10,2026-08-05,100000.0000000000,171798621.5118739903,1716.9862151187,0.3123166191,141,5.1447744755,1979972.7755755195,-0.5288318317,2007-10-31,2009-05-13,560,2010-04-05,327.0000000000,887.0000000000,1281,2000-01-03
full_current,filtered_ret_tqqq_150_return120_block_cut,1999-03-10,2026-08-05,100000.0000000000,163079874.6985019445,1629.7987469850,0.3098250770,149,5.4366765734,1879917.3563378172,-0.5288316912,2007-10-31,2009-05-13,560,2010-04-05,327.0000000000,887.0000000000,1281,2000-01-03
full_current,filtered_ret_tqqq_150_return200_block_cut,1999-03-10,2026-08-05,100000.0000000000,171033006.7957944274,1709.3300679579,0.3121027684,153,5.5826276224,1971738.2291646192,-0.5288318613,2007-10-31,2009-05-13,560,2010-04-05,327.0000000000,887.0000000000,1248,2000-01-03
full_current,filtered_ret_tqqq_200_sma100_block_cut,1999-03-10,2026-08-05,100000.0000000000,155719229.1197527945,1556.1922911975,0.3076196096,153,5.5826276224,1832866.4566453472,-0.5288317353,2007-10-31,2009-05-13,560,2010-04-05,327.0000000000,887.0000000000,1281,2000-01-03
full_current,filtered_ret_tqqq_200_sma150_block_cut,1999-03-10,2026-08-05,100000.0000000000,158149508.7493223250,1580.4950874932,0.3083587011,155,5.6556031469,1861574.4333941005,-0.5288318144,2007-10-31,2009-05-13,560,2010-04-05,327.0000000000,887.0000000000,1281,2000-01-03
full_current,filtered_ret_tqqq_200_sma200_block_cut,1999-03-10,2026-08-05,100000.0000000000,158149508.7493223250,1580.4950874932,0.3083587011,155,5.6556031469,1861574.4333941005,-0.5288318144,2007-10-31,2009-05-13,560,2010-04-05,327.0000000000,887.0000000000,1281,2000-01-03
full_current,filtered_ret_tqqq_200_return60_block_cut,1999-03-10,2026-08-05,100000.0000000000,164063633.2965506315,1639.6363329655,0.3101125452,145,5.2907255245,1930632.0556732770,-0.5288317471,2007-10-31,2009-05-13,560,2010-04-05,327.0000000000,887.0000000000,1281,2000-01-03
full_current,filtered_ret_tqqq_200_return120_block_cut,1999-03-10,2026-08-05,100000.0000000000,155719229.1197527945,1556.1922911975,0.3076196096,153,5.5826276224,1832866.4566453472,-0.5288317353,2007-10-31,2009-05-13,560,2010-04-05,327.0000000000,887.0000000000,1281,2000-01-03
full_current,filtered_ret_tqqq_200_return200_block_cut,1999-03-10,2026-08-05,100000.0000000000,165818635.4872912169,1657.1863548729,0.3106212817,155,5.6556031469,1951756.6239640764,-0.5288316304,2007-10-31,2009-05-13,560,2010-04-05,327.0000000000,887.0000000000,1248,2000-01-03
full_current,filtered_ret_tqqq_250_sma100_block_cut,1999-03-10,2026-08-05,100000.0000000000,162488889.6509937644,1623.8888965099,0.3096515784,153,5.5826276224,1857937.3781042681,-0.5288318002,2007-10-31,2009-05-13,560,2010-04-05,327.0000000000,887.0000000000,1281,2000-01-03
full_current,filtered_ret_tqqq_250_sma150_block_cut,1999-03-10,2026-08-05,100000.0000000000,165024875.9161042869,1649.2487591610,0.3103918341,155,5.6556031469,1887036.8633287481,-0.5288318596,2007-10-31,2009-05-13,560,2010-04-05,327.0000000000,887.0000000000,1281,2000-01-03
full_current,filtered_ret_tqqq_250_sma200_block_cut,1999-03-10,2026-08-05,100000.0000000000,165024875.9161042869,1649.2487591610,0.3103918341,155,5.6556031469,1887036.8633287481,-0.5288318596,2007-10-31,2009-05-13,560,2010-04-05,327.0000000000,887.0000000000,1281,2000-01-03
full_current,filtered_ret_tqqq_250_return60_block_cut,1999-03-10,2026-08-05,100000.0000000000,167855262.1126568317,1677.5526211266,0.3112051915,149,5.4366765734,1919073.3129893483,-0.5288319927,2007-10-31,2009-05-13,560,2010-04-05,327.0000000000,887.0000000000,1281,2000-01-03
full_current,filtered_ret_tqqq_250_return120_block_cut,1999-03-10,2026-08-05,100000.0000000000,162488889.6509937644,1623.8888965099,0.3096515784,153,5.5826276224,1857937.3781042681,-0.5288318002,2007-10-31,2009-05-13,560,2010-04-05,327.0000000000,887.0000000000,1281,2000-01-03
full_current,filtered_ret_tqqq_250_return200_block_cut,1999-03-10,2026-08-05,100000.0000000000,173027492.0969146490,1729.2749209691,0.3126579535,155,5.6556031469,1978455.0692046217,-0.5288317509,2007-10-31,2009-05-13,560,2010-04-05,327.0000000000,887.0000000000,1248,2000-01-03
full_current,filtered_ret_tqqq_300_sma100_block_cut,1999-03-10,2026-08-05,100000.0000000000,173945106.0013456345,1738.4510600135,0.3129113127,157,5.7285786713,1989365.5471388923,-0.5288317509,2007-10-31,2009-05-13,560,2010-04-05,327.0000000000,887.0000000000,1248,2000-01-03
full_current,filtered_ret_tqqq_300_sma150_block_cut,1999-03-10,2026-08-05,100000.0000000000,173945106.0013456345,1738.4510600135,0.3129113127,157,5.7285786713,1989365.5471388923,-0.5288317509,2007-10-31,2009-05-13,560,2010-04-05,327.0000000000,887.0000000000,1248,2000-01-03
full_current,filtered_ret_tqqq_300_sma200_block_cut,1999-03-10,2026-08-05,100000.0000000000,173945106.0013456345,1738.4510600135,0.3129113127,157,5.7285786713,1989365.5471388923,-0.5288317509,2007-10-31,2009-05-13,560,2010-04-05,327.0000000000,887.0000000000,1248,2000-01-03
full_current,filtered_ret_tqqq_300_return60_block_cut,1999-03-10,2026-08-05,100000.0000000000,179680013.0786462426,1795.8001307865,0.3144661716,153,5.5826276224,2054729.6910327014,-0.5288317248,2007-10-31,2009-05-13,560,2010-04-05,327.0000000000,887.0000000000,1248,2000-01-03
full_current,filtered_ret_tqqq_300_return120_block_cut,1999-03-10,2026-08-05,100000.0000000000,173945106.0013456345,1738.4510600135,0.3129113127,157,5.7285786713,1989365.5471388923,-0.5288317509,2007-10-31,2009-05-13,560,2010-04-05,327.0000000000,887.0000000000,1248,2000-01-03
full_current,filtered_ret_tqqq_300_return200_block_cut,1999-03-10,2026-08-05,100000.0000000000,173945106.0013456345,1738.4510600135,0.3129113127,157,5.7285786713,1989365.5471388923,-0.5288317509,2007-10-31,2009-05-13,560,2010-04-05,327.0000000000,887.0000000000,1248,2000-01-03
full_current,filtered_varshare_qqq_60_sma100_block_cut,1999-03-10,2026-08-05,100000.0000000000,201316671.3604518175,2012.1667136045,0.3199308468,151,5.5096520979,2276327.6233167197,-0.5288317159,2007-10-31,2009-05-13,560,2010-04-05,327.0000000000,887.0000000000,1173,2000-01-03
full_current,filtered_varshare_qqq_60_sma150_block_cut,1999-03-10,2026-08-05,100000.0000000000,201361883.7957460880,2012.6188379575,0.3199416619,155,5.6556031469,2277059.4650234682,-0.5288317032,2007-10-31,2009-05-13,560,2010-04-05,327.0000000000,887.0000000000,1173,2000-01-03
full_current,filtered_varshare_qqq_60_sma200_block_cut,1999-03-10,2026-08-05,100000.0000000000,201361883.7957460880,2012.6188379575,0.3199416619,155,5.6556031469,2277059.4650234682,-0.5288317032,2007-10-31,2009-05-13,560,2010-04-05,327.0000000000,887.0000000000,1173,2000-01-03
full_current,filtered_varshare_qqq_60_return60_block_cut,1999-03-10,2026-08-05,100000.0000000000,208462115.3534931242,2083.6211535349,0.3216116952,147,5.3637010490,2356857.9509668215,-0.5288317887,2007-10-31,2009-05-13,560,2010-04-05,327.0000000000,887.0000000000,1173,2000-01-03
full_current,filtered_varshare_qqq_60_return120_block_cut,1999-03-10,2026-08-05,100000.0000000000,201316671.3604518175,2012.1667136045,0.3199308468,151,5.5096520979,2276327.6233167197,-0.5288317159,2007-10-31,2009-05-13,560,2010-04-05,327.0000000000,887.0000000000,1173,2000-01-03
full_current,filtered_varshare_qqq_60_return200_block_cut,1999-03-10,2026-08-05,100000.0000000000,211126521.0158915818,2110.2652101589,0.3222242772,155,5.6556031469,2387385.4984375704,-0.5288318220,2007-10-31,2009-05-13,560,2010-04-05,327.0000000000,887.0000000000,1173,2000-01-03
full_current,filtered_varshare_qqq_65_sma100_block_cut,1999-03-10,2026-08-05,100000.0000000000,197046567.1926349998,1969.4656719264,0.3188987168,155,5.6556031469,2233894.2906588679,-0.5288316637,2007-10-31,2009-05-13,560,2010-04-05,327.0000000000,887.0000000000,1173,2000-01-03
full_current,filtered_varshare_qqq_65_sma150_block_cut,1999-03-10,2026-08-05,100000.0000000000,200120698.4901497662,2000.2069849015,0.3196439102,157,5.7285786713,2268847.9484628234,-0.5288317032,2007-10-31,2009-05-13,560,2010-04-05,327.0000000000,887.0000000000,1173,2000-01-03
full_current,filtered_varshare_qqq_65_sma200_block_cut,1999-03-10,2026-08-05,100000.0000000000,200120698.4901497662,2000.2069849015,0.3196439102,157,5.7285786713,2268847.9484628234,-0.5288317032,2007-10-31,2009-05-13,560,2010-04-05,327.0000000000,887.0000000000,1173,2000-01-03
full_current,filtered_varshare_qqq_65_return60_block_cut,1999-03-10,2026-08-05,100000.0000000000,203150240.4847301841,2030.5024048473,0.3203675813,153,5.5826276224,2302969.8118867776,-0.5288318654,2007-10-31,2009-05-13,560,2010-04-05,327.0000000000,887.0000000000,1173,2000-01-03
full_current,filtered_varshare_qqq_65_return120_block_cut,1999-03-10,2026-08-05,100000.0000000000,197046567.1926349998,1969.4656719264,0.3188987168,155,5.6556031469,2233894.2906588679,-0.5288316637,2007-10-31,2009-05-13,560,2010-04-05,327.0000000000,887.0000000000,1173,2000-01-03
full_current,filtered_varshare_qqq_65_return200_block_cut,1999-03-10,2026-08-05,100000.0000000000,209825079.4186238647,2097.2507941862,0.3219259950,157,5.7285786713,2378775.3474600432,-0.5288318220,2007-10-31,2009-05-13,560,2010-04-05,327.0000000000,887.0000000000,1173,2000-01-03
full_current,filtered_varshare_qqq_70_sma100_block_cut,1999-03-10,2026-08-05,100000.0000000000,201834872.6610038280,2017.3487266100,0.3200546635,157,5.7285786713,2340430.3241123226,-0.5288317140,2007-10-31,2009-05-13,560,2010-04-05,327.0000000000,887.0000000000,1173,2000-01-03
full_current,filtered_varshare_qqq_70_sma150_block_cut,1999-03-10,2026-08-05,100000.0000000000,204983660.2175263166,2048.8366021753,0.3208004991,159,5.8015541958,2377045.0739587788,-0.5288318220,2007-10-31,2009-05-13,560,2010-04-05,327.0000000000,887.0000000000,1173,2000-01-03
full_current,filtered_varshare_qqq_70_sma200_block_cut,1999-03-10,2026-08-05,100000.0000000000,204983660.2175263166,2048.8366021753,0.3208004991,159,5.8015541958,2377045.0739587788,-0.5288318220,2007-10-31,2009-05-13,560,2010-04-05,327.0000000000,887.0000000000,1173,2000-01-03
full_current,filtered_varshare_qqq_70_return60_block_cut,1999-03-10,2026-08-05,100000.0000000000,201834872.6610038280,2017.3487266100,0.3200546635,157,5.7285786713,2340430.3241123226,-0.5288317140,2007-10-31,2009-05-13,560,2010-04-05,327.0000000000,887.0000000000,1173,2000-01-03
full_current,filtered_varshare_qqq_70_return120_block_cut,1999-03-10,2026-08-05,100000.0000000000,201834872.6610038280,2017.3487266100,0.3200546635,157,5.7285786713,2340430.3241123226,-0.5288317140,2007-10-31,2009-05-13,560,2010-04-05,327.0000000000,887.0000000000,1173,2000-01-03
full_current,filtered_varshare_qqq_70_return200_block_cut,1999-03-10,2026-08-05,100000.0000000000,204983660.2175263166,2048.8366021753,0.3208004991,159,5.8015541958,2377045.0739587788,-0.5288318220,2007-10-31,2009-05-13,560,2010-04-05,327.0000000000,887.0000000000,1173,2000-01-03
full_current,filtered_varshare_tqqq_60_sma100_block_cut,1999-03-10,2026-08-05,100000.0000000000,197628579.9073227942,1975.2857990732,0.3190406569,149,5.4366765734,2191921.9932618374,-0.5288317159,2007-10-31,2009-05-13,560,2010-04-05,327.0000000000,887.0000000000,1173,2000-01-03
full_current,filtered_varshare_tqqq_60_sma150_block_cut,1999-03-10,2026-08-05,100000.0000000000,197672949.0452985764,1975.7294904530,0.3190514610,153,5.5826276224,2192634.9937900375,-0.5288317032,2007-10-31,2009-05-13,560,2010-04-05,327.0000000000,887.0000000000,1173,2000-01-03
full_current,filtered_varshare_tqqq_60_sma200_block_cut,1999-03-10,2026-08-05,100000.0000000000,197672949.0452985764,1975.7294904530,0.3190514610,153,5.5826276224,2192634.9937900375,-0.5288317032,2007-10-31,2009-05-13,560,2010-04-05,327.0000000000,887.0000000000,1173,2000-01-03
full_current,filtered_varshare_tqqq_60_return60_block_cut,1999-03-10,2026-08-05,100000.0000000000,204643088.1560128629,2045.4308815601,0.3207203641,145,5.2907255245,2269456.6501398184,-0.5288317887,2007-10-31,2009-05-13,560,2010-04-05,327.0000000000,887.0000000000,1173,2000-01-03
full_current,filtered_varshare_tqqq_60_return120_block_cut,1999-03-10,2026-08-05,100000.0000000000,197628579.9073227942,1975.2857990732,0.3190406569,149,5.4366765734,2191921.9932618374,-0.5288317159,2007-10-31,2009-05-13,560,2010-04-05,327.0000000000,887.0000000000,1173,2000-01-03
full_current,filtered_varshare_tqqq_60_return200_block_cut,1999-03-10,2026-08-05,100000.0000000000,207258599.9597729445,2071.5859995977,0.3213325139,153,5.5826276224,2298866.4640369182,-0.5288318220,2007-10-31,2009-05-13,560,2010-04-05,327.0000000000,887.0000000000,1173,2000-01-03
full_current,filtered_varshare_tqqq_65_sma100_block_cut,1999-03-10,2026-08-05,100000.0000000000,197046567.1926349998,1969.4656719264,0.3188987168,155,5.6556031469,2233894.2906588679,-0.5288316637,2007-10-31,2009-05-13,560,2010-04-05,327.0000000000,887.0000000000,1173,2000-01-03
full_current,filtered_varshare_tqqq_65_sma150_block_cut,1999-03-10,2026-08-05,100000.0000000000,200120698.4901497662,2000.2069849015,0.3196439102,157,5.7285786713,2268847.9484628234,-0.5288317032,2007-10-31,2009-05-13,560,2010-04-05,327.0000000000,887.0000000000,1173,2000-01-03
full_current,filtered_varshare_tqqq_65_sma200_block_cut,1999-03-10,2026-08-05,100000.0000000000,200120698.4901497662,2000.2069849015,0.3196439102,157,5.7285786713,2268847.9484628234,-0.5288317032,2007-10-31,2009-05-13,560,2010-04-05,327.0000000000,887.0000000000,1173,2000-01-03
full_current,filtered_varshare_tqqq_65_return60_block_cut,1999-03-10,2026-08-05,100000.0000000000,203150240.4847301841,2030.5024048473,0.3203675813,153,5.5826276224,2302969.8118867776,-0.5288318654,2007-10-31,2009-05-13,560,2010-04-05,327.0000000000,887.0000000000,1173,2000-01-03
full_current,filtered_varshare_tqqq_65_return120_block_cut,1999-03-10,2026-08-05,100000.0000000000,197046567.1926349998,1969.4656719264,0.3188987168,155,5.6556031469,2233894.2906588679,-0.5288316637,2007-10-31,2009-05-13,560,2010-04-05,327.0000000000,887.0000000000,1173,2000-01-03
full_current,filtered_varshare_tqqq_65_return200_block_cut,1999-03-10,2026-08-05,100000.0000000000,209825079.4186238647,2097.2507941862,0.3219259950,157,5.7285786713,2378775.3474600432,-0.5288318220,2007-10-31,2009-05-13,560,2010-04-05,327.0000000000,887.0000000000,1173,2000-01-03
full_current,filtered_varshare_tqqq_70_sma100_block_cut,1999-03-10,2026-08-05,100000.0000000000,201834872.6610038280,2017.3487266100,0.3200546635,157,5.7285786713,2340430.3241123226,-0.5288317140,2007-10-31,2009-05-13,560,2010-04-05,327.0000000000,887.0000000000,1173,2000-01-03
full_current,filtered_varshare_tqqq_70_sma150_block_cut,1999-03-10,2026-08-05,100000.0000000000,204983660.2175263166,2048.8366021753,0.3208004991,159,5.8015541958,2377045.0739587788,-0.5288318220,2007-10-31,2009-05-13,560,2010-04-05,327.0000000000,887.0000000000,1173,2000-01-03
full_current,filtered_varshare_tqqq_70_sma200_block_cut,1999-03-10,2026-08-05,100000.0000000000,204983660.2175263166,2048.8366021753,0.3208004991,159,5.8015541958,2377045.0739587788,-0.5288318220,2007-10-31,2009-05-13,560,2010-04-05,327.0000000000,887.0000000000,1173,2000-01-03
full_current,filtered_varshare_tqqq_70_return60_block_cut,1999-03-10,2026-08-05,100000.0000000000,201834872.6610038280,2017.3487266100,0.3200546635,157,5.7285786713,2340430.3241123226,-0.5288317140,2007-10-31,2009-05-13,560,2010-04-05,327.0000000000,887.0000000000,1173,2000-01-03
full_current,filtered_varshare_tqqq_70_return120_block_cut,1999-03-10,2026-08-05,100000.0000000000,201834872.6610038280,2017.3487266100,0.3200546635,157,5.7285786713,2340430.3241123226,-0.5288317140,2007-10-31,2009-05-13,560,2010-04-05,327.0000000000,887.0000000000,1173,2000-01-03
full_current,filtered_varshare_tqqq_70_return200_block_cut,1999-03-10,2026-08-05,100000.0000000000,204983660.2175263166,2048.8366021753,0.3208004991,159,5.8015541958,2377045.0739587788,-0.5288318220,2007-10-31,2009-05-13,560,2010-04-05,327.0000000000,887.0000000000,1173,2000-01-03
full_current,filtered_magratio_qqq_200_sma100_block_cut,1999-03-10,2026-08-05,100000.0000000000,209825079.4186238647,2097.2507941862,0.3219259950,157,5.7285786713,2378775.3474600432,-0.5288318220,2007-10-31,2009-05-13,560,2010-04-05,327.0000000000,887.0000000000,1173,2000-01-03
full_current,filtered_magratio_qqq_200_sma150_block_cut,1999-03-10,2026-08-05,100000.0000000000,209825079.4186238647,2097.2507941862,0.3219259950,157,5.7285786713,2378775.3474600432,-0.5288318220,2007-10-31,2009-05-13,560,2010-04-05,327.0000000000,887.0000000000,1173,2000-01-03
full_current,filtered_magratio_qqq_200_sma200_block_cut,1999-03-10,2026-08-05,100000.0000000000,209825079.4186238647,2097.2507941862,0.3219259950,157,5.7285786713,2378775.3474600432,-0.5288318220,2007-10-31,2009-05-13,560,2010-04-05,327.0000000000,887.0000000000,1173,2000-01-03
full_current,filtered_magratio_qqq_200_return60_block_cut,1999-03-10,2026-08-05,100000.0000000000,209825079.4186238647,2097.2507941862,0.3219259950,157,5.7285786713,2378775.3474600432,-0.5288318220,2007-10-31,2009-05-13,560,2010-04-05,327.0000000000,887.0000000000,1173,2000-01-03
full_current,filtered_magratio_qqq_200_return120_block_cut,1999-03-10,2026-08-05,100000.0000000000,209825079.4186238647,2097.2507941862,0.3219259950,157,5.7285786713,2378775.3474600432,-0.5288318220,2007-10-31,2009-05-13,560,2010-04-05,327.0000000000,887.0000000000,1173,2000-01-03
full_current,filtered_magratio_qqq_200_return200_block_cut,1999-03-10,2026-08-05,100000.0000000000,209825079.4186238647,2097.2507941862,0.3219259950,157,5.7285786713,2378775.3474600432,-0.5288318220,2007-10-31,2009-05-13,560,2010-04-05,327.0000000000,887.0000000000,1173,2000-01-03
full_current,filtered_magratio_qqq_300_sma100_block_cut,1999-03-10,2026-08-05,100000.0000000000,221191754.9039676487,2210.9175490397,0.3244730738,159,5.8015541958,2564904.8014465664,-0.5288319343,2007-10-31,2009-05-13,560,2010-04-05,327.0000000000,887.0000000000,887,2007-10-31
full_current,filtered_magratio_qqq_300_sma150_block_cut,1999-03-10,2026-08-05,100000.0000000000,221191754.9039676487,2210.9175490397,0.3244730738,159,5.8015541958,2564904.8014465664,-0.5288319343,2007-10-31,2009-05-13,560,2010-04-05,327.0000000000,887.0000000000,887,2007-10-31
full_current,filtered_magratio_qqq_300_sma200_block_cut,1999-03-10,2026-08-05,100000.0000000000,221191754.9039676487,2210.9175490397,0.3244730738,159,5.8015541958,2564904.8014465664,-0.5288319343,2007-10-31,2009-05-13,560,2010-04-05,327.0000000000,887.0000000000,887,2007-10-31
full_current,filtered_magratio_qqq_300_return60_block_cut,1999-03-10,2026-08-05,100000.0000000000,221191754.9039676487,2210.9175490397,0.3244730738,159,5.8015541958,2564904.8014465664,-0.5288319343,2007-10-31,2009-05-13,560,2010-04-05,327.0000000000,887.0000000000,887,2007-10-31
full_current,filtered_magratio_qqq_300_return120_block_cut,1999-03-10,2026-08-05,100000.0000000000,221191754.9039676487,2210.9175490397,0.3244730738,159,5.8015541958,2564904.8014465664,-0.5288319343,2007-10-31,2009-05-13,560,2010-04-05,327.0000000000,887.0000000000,887,2007-10-31
full_current,filtered_magratio_qqq_300_return200_block_cut,1999-03-10,2026-08-05,100000.0000000000,221191754.9039676487,2210.9175490397,0.3244730738,159,5.8015541958,2564904.8014465664,-0.5288319343,2007-10-31,2009-05-13,560,2010-04-05,327.0000000000,887.0000000000,887,2007-10-31
full_current,filtered_magratio_tqqq_200_sma100_block_cut,1999-03-10,2026-08-05,100000.0000000000,209825079.4186238647,2097.2507941862,0.3219259950,157,5.7285786713,2378775.3474600432,-0.5288318220,2007-10-31,2009-05-13,560,2010-04-05,327.0000000000,887.0000000000,1173,2000-01-03
full_current,filtered_magratio_tqqq_200_sma150_block_cut,1999-03-10,2026-08-05,100000.0000000000,209825079.4186238647,2097.2507941862,0.3219259950,157,5.7285786713,2378775.3474600432,-0.5288318220,2007-10-31,2009-05-13,560,2010-04-05,327.0000000000,887.0000000000,1173,2000-01-03
full_current,filtered_magratio_tqqq_200_sma200_block_cut,1999-03-10,2026-08-05,100000.0000000000,209825079.4186238647,2097.2507941862,0.3219259950,157,5.7285786713,2378775.3474600432,-0.5288318220,2007-10-31,2009-05-13,560,2010-04-05,327.0000000000,887.0000000000,1173,2000-01-03
full_current,filtered_magratio_tqqq_200_return60_block_cut,1999-03-10,2026-08-05,100000.0000000000,209825079.4186238647,2097.2507941862,0.3219259950,157,5.7285786713,2378775.3474600432,-0.5288318220,2007-10-31,2009-05-13,560,2010-04-05,327.0000000000,887.0000000000,1173,2000-01-03
full_current,filtered_magratio_tqqq_200_return120_block_cut,1999-03-10,2026-08-05,100000.0000000000,209825079.4186238647,2097.2507941862,0.3219259950,157,5.7285786713,2378775.3474600432,-0.5288318220,2007-10-31,2009-05-13,560,2010-04-05,327.0000000000,887.0000000000,1173,2000-01-03
full_current,filtered_magratio_tqqq_200_return200_block_cut,1999-03-10,2026-08-05,100000.0000000000,209825079.4186238647,2097.2507941862,0.3219259950,157,5.7285786713,2378775.3474600432,-0.5288318220,2007-10-31,2009-05-13,560,2010-04-05,327.0000000000,887.0000000000,1173,2000-01-03
full_current,filtered_magratio_tqqq_300_sma100_block_cut,1999-03-10,2026-08-05,100000.0000000000,221191754.9039676487,2210.9175490397,0.3244730738,159,5.8015541958,2564904.8014465664,-0.5288319343,2007-10-31,2009-05-13,560,2010-04-05,327.0000000000,887.0000000000,887,2007-10-31
full_current,filtered_magratio_tqqq_300_sma150_block_cut,1999-03-10,2026-08-05,100000.0000000000,221191754.9039676487,2210.9175490397,0.3244730738,159,5.8015541958,2564904.8014465664,-0.5288319343,2007-10-31,2009-05-13,560,2010-04-05,327.0000000000,887.0000000000,887,2007-10-31
full_current,filtered_magratio_tqqq_300_sma200_block_cut,1999-03-10,2026-08-05,100000.0000000000,221191754.9039676487,2210.9175490397,0.3244730738,159,5.8015541958,2564904.8014465664,-0.5288319343,2007-10-31,2009-05-13,560,2010-04-05,327.0000000000,887.0000000000,887,2007-10-31
full_current,filtered_magratio_tqqq_300_return60_block_cut,1999-03-10,2026-08-05,100000.0000000000,221191754.9039676487,2210.9175490397,0.3244730738,159,5.8015541958,2564904.8014465664,-0.5288319343,2007-10-31,2009-05-13,560,2010-04-05,327.0000000000,887.0000000000,887,2007-10-31
full_current,filtered_magratio_tqqq_300_return120_block_cut,1999-03-10,2026-08-05,100000.0000000000,221191754.9039676487,2210.9175490397,0.3244730738,159,5.8015541958,2564904.8014465664,-0.5288319343,2007-10-31,2009-05-13,560,2010-04-05,327.0000000000,887.0000000000,887,2007-10-31
full_current,filtered_magratio_tqqq_300_return200_block_cut,1999-03-10,2026-08-05,100000.0000000000,221191754.9039676487,2210.9175490397,0.3244730738,159,5.8015541958,2564904.8014465664,-0.5288319343,2007-10-31,2009-05-13,560,2010-04-05,327.0000000000,887.0000000000,887,2007-10-31
actual_current,vo,2010-02-11,2026-08-05,100000.0000000000,29352015.1430729255,292.5201514307,0.4116927903,98,5.9467959794,376771.7367667665,-0.4577019976,2021-11-19,2022-09-30,315,2023-06-02,245.0000000000,560.0000000000,560,2021-11-19
actual_current,ret_tqqq_50_floor50,2010-02-11,2026-08-05,100000.0000000000,24600959.9132000431,245.0095991320,0.3966473964,108,6.5536118957,371415.9570677645,-0.5535658405,2021-11-19,2022-12-28,404,2023-07-18,202.0000000000,606.0000000000,606,2021-11-19
actual_current,ret_tqqq_50_floor100,2010-02-11,2026-08-05,100000.0000000000,21060156.9693225697,209.6015696932,0.3835388165,150,9.1022387440,448059.2697112720,-0.6774141573,2021-11-19,2022-12-28,404,2024-06-11,531.0000000000,935.0000000000,935,2021-11-19
actual_current,ret_tqqq_50_step_up,2010-02-11,2026-08-05,100000.0000000000,26232112.8764182702,261.3211287642,0.4020989138,151,9.1629203356,442846.8499032954,-0.5827339392,2021-11-19,2022-12-28,404,2024-01-19,387.0000000000,791.0000000000,791,2021-11-19
actual_current,ret_tqqq_50_block_cut,2010-02-11,2026-08-05,100000.0000000000,33267121.8274676614,331.6712182747,0.4224594610,86,5.2186168799,356175.5905648161,-0.4577020502,2021-11-19,2022-09-30,315,2023-06-02,245.0000000000,560.0000000000,560,2021-11-19
actual_current,ret_tqqq_100_floor50,2010-02-11,2026-08-05,100000.0000000000,26413337.0010748170,263.1333700107,0.4026847999,112,6.7963382622,397675.6200545832,-0.5061658559,2021-11-19,2022-12-28,404,2023-06-15,169.0000000000,573.0000000000,573,2021-11-19
actual_current,ret_tqqq_100_floor100,2010-02-11,2026-08-05,100000.0000000000,26295241.7113838606,261.9524171138,0.4023034356,142,8.6167860110,451421.9400388995,-0.5966026152,2021-11-19,2022-12-28,404,2024-01-19,387.0000000000,791.0000000000,791,2021-11-19
actual_current,ret_tqqq_100_step_up,2010-02-11,2026-08-05,100000.0000000000,30061504.1608337983,299.6150416083,0.4137402858,145,8.7988307858,427877.8116766493,-0.5346603042,2021-11-19,2022-12-28,404,2023-07-18,202.0000000000,606.0000000000,606,2021-11-19
actual_current,ret_tqqq_100_block_cut,2010-02-11,2026-08-05,100000.0000000000,34778294.1606424004,346.7829416064,0.4262991751,88,5.3399800631,377223.5290363465,-0.4577022415,2021-11-19,2022-09-30,315,2023-06-02,245.0000000000,560.0000000000,560,2021-11-19
actual_current,ret_tqqq_150_floor50,2010-02-11,2026-08-05,100000.0000000000,26805136.5169043019,267.0513651690,0.4039386638,114,6.9177014454,402607.6729942527,-0.4907482685,2021-11-19,2022-09-30,315,2023-06-14,257.0000000000,572.0000000000,572,2021-11-19
actual_current,ret_tqqq_150_floor100,2010-02-11,2026-08-05,100000.0000000000,28060017.1202573143,279.6001712026,0.4078418535,142,8.6167860110,546342.6180266822,-0.5571990525,2021-11-19,2022-12-28,404,2023-12-13,350.0000000000,754.0000000000,754,2021-11-19
actual_current,ret_tqqq_150_step_up,2010-02-11,2026-08-05,100000.0000000000,31361943.2662265450,312.6194326623,0.4173780578,146,8.8595123775,535278.2619442353,-0.5189243543,2021-11-19,2022-09-30,315,2023-07-13,286.0000000000,601.0000000000,601,2021-11-19
actual_current,ret_tqqq_150_block_cut,2010-02-11,2026-08-05,100000.0000000000,29566963.5362582877,294.6696353626,0.4123179691,92,5.5827064296,339682.8050061410,-0.4577013962,2021-11-19,2022-09-30,315,2023-06-02,245.0000000000,560.0000000000,560,2021-11-19
actual_current,ret_tqqq_200_floor50,2010-02-11,2026-08-05,100000.0000000000,27939061.5673324987,278.3906156733,0.4074728508,112,6.7963382622,415224.1262288389,-0.4733270754,2021-11-19,2022-09-30,315,2023-06-12,255.0000000000,570.0000000000,570,2021-11-19
actual_current,ret_tqqq_200_floor100,2010-02-11,2026-08-05,100000.0000000000,31823360.8299379721,317.2336082994,0.4186348136,144,8.7381491942,632933.8487510905,-0.5198334240,2021-11-19,2022-12-28,404,2023-07-18,202.0000000000,606.0000000000,606,2021-11-19
actual_current,ret_tqqq_200_step_up,2010-02-11,2026-08-05,100000.0000000000,33968492.1744749397,338.6849217447,0.4242615058,148,8.9808755607,606219.9959160222,-0.5024663862,2021-11-19,2022-09-30,315,2023-07-13,286.0000000000,601.0000000000,601,2021-11-19
actual_current,ret_tqqq_200_block_cut,2010-02-11,2026-08-05,100000.0000000000,28304120.7421666682,282.0412074217,0.4085820194,94,5.7040696129,331979.4313642546,-0.4577016864,2021-11-19,2022-09-30,315,2023-06-02,245.0000000000,560.0000000000,560,2021-11-19
actual_current,ret_tqqq_250_floor50,2010-02-11,2026-08-05,100000.0000000000,29504320.3538111076,294.0432035381,0.4121362129,104,6.3108855292,392661.1294798487,-0.4584001829,2024-12-16,2025-05-23,158,2026-05-26,368.0000000000,526.0000000000,559,2021-11-19
actual_current,ret_tqqq_250_floor100,2010-02-11,2026-08-05,100000.0000000000,28907704.8724400066,288.0770487244,0.4103867621,126,7.6458805449,472876.4307941102,-0.4827344599,2021-11-19,2022-09-30,315,2023-06-15,258.0000000000,573.0000000000,573,2021-11-19
actual_current,ret_tqqq_250_step_up,2010-02-11,2026-08-05,100000.0000000000,29136228.9191893339,290.3622891919,0.4110608340,130,7.8886069114,461765.7021892173,-0.4975032909,2021-11-19,2022-09-30,315,2023-07-12,285.0000000000,600.0000000000,600,2021-11-19
actual_current,ret_tqqq_250_block_cut,2010-02-11,2026-08-05,100000.0000000000,28932817.4875716567,288.3281748757,0.4104610805,94,5.7040696129,329663.5108682684,-0.4577023552,2021-11-19,2022-09-30,315,2023-06-02,245.0000000000,560.0000000000,560,2021-11-19
actual_current,ret_tqqq_300_floor50,2010-02-11,2026-08-05,100000.0000000000,29555415.5205244124,294.5541552052,0.4122844903,102,6.1895223459,384428.5546537536,-0.4584004547,2024-12-16,2025-05-23,158,2026-05-26,368.0000000000,526.0000000000,559,2021-11-19
actual_current,ret_tqqq_300_floor100,2010-02-11,2026-08-05,100000.0000000000,26137062.6561986990,260.3706265620,0.4017901007,136,8.2526964612,473044.2952995144,-0.4872250065,2021-11-19,2022-09-30,315,2023-06-15,258.0000000000,573.0000000000,573,2021-11-19
actual_current,ret_tqqq_300_step_up,2010-02-11,2026-08-05,100000.0000000000,26302476.9185851365,262.0247691859,0.4023268464,138,8.3740596445,457428.2135664005,-0.5018652695,2021-11-19,2022-09-30,315,2023-07-12,285.0000000000,600.0000000000,600,2021-11-19
actual_current,ret_tqqq_300_block_cut,2010-02-11,2026-08-05,100000.0000000000,28932817.4875716567,288.3281748757,0.4104610805,94,5.7040696129,329663.5108682684,-0.4577023552,2021-11-19,2022-09-30,315,2023-06-02,245.0000000000,560.0000000000,560,2021-11-19
actual_current,ret_tqqq_400_floor50,2010-02-11,2026-08-05,100000.0000000000,31589780.1759938449,314.8978017599,0.4180007686,100,6.0681591627,413534.9969202034,-0.4584001133,2024-12-16,2025-05-23,158,2026-05-26,368.0000000000,526.0000000000,560,2021-11-19
actual_current,ret_tqqq_400_floor100,2010-02-11,2026-08-05,100000.0000000000,33074051.9632955790,329.7405196330,0.4219571384,120,7.2817909952,499108.8744738863,-0.4725022584,2024-12-16,2025-05-23,158,2026-05-08,350.0000000000,508.0000000000,570,2021-11-19
actual_current,ret_tqqq_400_step_up,2010-02-11,2026-08-05,100000.0000000000,31130502.9571140334,310.3050295711,0.4167411325,120,7.2817909952,443583.3817128584,-0.4584004758,2024-12-16,2025-05-23,158,2026-05-08,350.0000000000,508.0000000000,570,2021-11-19
actual_current,ret_tqqq_400_block_cut,2010-02-11,2026-08-05,100000.0000000000,30201140.4858085364,301.0114048581,0.4141379062,96,5.8254327961,349009.1138135970,-0.4577019976,2021-11-19,2022-09-30,315,2023-06-02,245.0000000000,560.0000000000,560,2021-11-19
actual_current,varshare_tqqq_55_floor50,2010-02-11,2026-08-05,100000.0000000000,28163492.6306948774,280.6349263069,0.4081563454,112,6.7963382622,420309.1392318721,-0.5365169720,2021-11-19,2022-12-28,404,2023-07-18,202.0000000000,606.0000000000,606,2021-11-19
actual_current,varshare_tqqq_55_floor100,2010-02-11,2026-08-05,100000.0000000000,32880599.9044934958,327.8059990449,0.4214510512,150,9.1022387440,628846.8560010850,-0.6984687487,2021-11-19,2022-12-28,404,2024-06-11,531.0000000000,935.0000000000,935,2021-11-19
actual_current,varshare_tqqq_55_step_up,2010-02-11,2026-08-05,100000.0000000000,36014581.6867557690,359.1458168676,0.4293256148,157,9.5270098854,611293.2590396712,-0.6238547351,2021-11-19,2022-12-28,404,2024-01-24,392.0000000000,796.0000000000,796,2021-11-19
actual_current,varshare_tqqq_55_block_cut,2010-02-11,2026-08-05,100000.0000000000,29357835.7786102183,292.5783577861,0.4117097762,88,5.3399800631,322993.7578082348,-0.4929692349,2021-11-19,2022-09-30,315,2023-06-13,256.0000000000,571.0000000000,571,2021-11-19
actual_current,varshare_tqqq_60_floor50,2010-02-11,2026-08-05,100000.0000000000,25780021.4656859227,256.8002146569,0.4006205916,108,6.5536118957,390754.4809377693,-0.5266733389,2021-11-19,2022-12-28,404,2023-07-17,201.0000000000,605.0000000000,605,2021-11-19
actual_current,varshare_tqqq_60_floor100,2010-02-11,2026-08-05,100000.0000000000,23446417.8414181098,233.4641784142,0.3925795533,133,8.0706516863,454586.1280903718,-0.6336618269,2021-11-19,2022-12-28,404,2024-01-25,393.0000000000,797.0000000000,797,2021-11-19
actual_current,varshare_tqqq_60_step_up,2010-02-11,2026-08-05,100000.0000000000,26920019.7373822406,268.2001973738,0.4043030577,133,8.0706516863,427064.9932404517,-0.5523167493,2021-11-19,2022-12-28,404,2023-12-13,350.0000000000,754.0000000000,754,2021-11-19
actual_current,varshare_tqqq_60_block_cut,2010-02-11,2026-08-05,100000.0000000000,30698196.6024653167,305.9819660247,0.4155394166,92,5.5827064296,339355.9300026059,-0.4577021868,2021-11-19,2022-09-30,315,2023-06-02,245.0000000000,560.0000000000,560,2021-11-19
actual_current,varshare_tqqq_65_floor50,2010-02-11,2026-08-05,100000.0000000000,28226647.2816509232,281.2664728165,0.4083477576,102,6.1895223459,398114.6189604067,-0.4750600791,2021-11-19,2022-12-28,404,2023-06-14,168.0000000000,572.0000000000,572,2021-11-19
actual_current,varshare_tqqq_65_floor100,2010-02-11,2026-08-05,100000.0000000000,29283393.9844997823,291.8339398450,0.4114922994,113,6.8570198538,482145.6686343080,-0.5496159780,2021-11-19,2022-12-28,404,2023-12-15,352.0000000000,756.0000000000,756,2021-11-19
actual_current,varshare_tqqq_65_step_up,2010-02-11,2026-08-05,100000.0000000000,29901169.7133063227,298.0116971331,0.4132815813,113,6.8570198538,427535.4044663049,-0.5064431578,2021-11-19,2022-12-28,404,2023-07-18,202.0000000000,606.0000000000,606,2021-11-19
actual_current,varshare_tqqq_65_block_cut,2010-02-11,2026-08-05,100000.0000000000,30914421.3859199658,308.1442138592,0.4161424468,94,5.7040696129,349263.6011288422,-0.4577015838,2021-11-19,2022-09-30,315,2023-06-02,245.0000000000,560.0000000000,560,2021-11-19
actual_current,varshare_tqqq_70_floor50,2010-02-11,2026-08-05,100000.0000000000,27104704.7682967000,270.0470476830,0.4048858029,108,6.5536118957,404184.3176074759,-0.4968500993,2021-11-19,2022-12-28,404,2023-07-12,196.0000000000,600.0000000000,600,2021-11-19
actual_current,varshare_tqqq_70_floor100,2010-02-11,2026-08-05,100000.0000000000,23918509.1336855814,238.1850913369,0.3942651481,119,7.2211094036,462341.4511359459,-0.6090062881,2021-11-19,2022-12-28,404,2024-01-29,397.0000000000,801.0000000000,801,2021-11-19
actual_current,varshare_tqqq_70_step_up,2010-02-11,2026-08-05,100000.0000000000,25808416.7791946232,257.0841677919,0.4007141573,116,7.0390646287,405322.4856265587,-0.5466908275,2021-11-19,2022-12-28,404,2023-12-19,356.0000000000,760.0000000000,760,2021-11-19
actual_current,varshare_tqqq_70_block_cut,2010-02-11,2026-08-05,100000.0000000000,30201140.4858085364,301.0114048581,0.4141379062,96,5.8254327961,349009.1138135970,-0.4577019976,2021-11-19,2022-09-30,315,2023-06-02,245.0000000000,560.0000000000,560,2021-11-19
actual_current,varshare_tqqq_75_floor50,2010-02-11,2026-08-05,100000.0000000000,30651614.4207098037,305.5161442071,0.4154089812,102,6.1895223459,410705.1122333070,-0.4663709038,2024-12-16,2025-05-23,158,2026-05-26,368.0000000000,526.0000000000,560,2021-11-19
actual_current,varshare_tqqq_75_floor100,2010-02-11,2026-08-05,100000.0000000000,32545611.8821571805,324.4561188216,0.4205680420,109,6.6142934873,462503.1881334875,-0.4882720014,2024-12-16,2025-05-23,158,2026-05-26,368.0000000000,526.0000000000,570,2021-11-19
actual_current,varshare_tqqq_75_step_up,2010-02-11,2026-08-05,100000.0000000000,31712021.6661906019,316.1202166619,0.4183331353,107,6.4929303040,410082.8813601098,-0.4797732660,2021-11-19,2022-09-30,315,2023-06-12,255.0000000000,570.0000000000,570,2021-11-19
actual_current,varshare_tqqq_75_block_cut,2010-02-11,2026-08-05,100000.0000000000,30201140.4858085364,301.0114048581,0.4141379062,96,5.8254327961,349009.1138135970,-0.4577019976,2021-11-19,2022-09-30,315,2023-06-02,245.0000000000,560.0000000000,560,2021-11-19
actual_current,varshare_tqqq_80_floor50,2010-02-11,2026-08-05,100000.0000000000,28139424.1211986020,280.3942412120,0.4080832913,98,5.9467959794,371924.5746784119,-0.4663706020,2024-12-16,2025-05-23,158,2026-05-26,368.0000000000,526.0000000000,560,2021-11-19
actual_current,varshare_tqqq_80_floor100,2010-02-11,2026-08-05,100000.0000000000,28308114.6520485282,282.0811465205,0.4085940797,101,6.1288407543,398568.0075098817,-0.4882718716,2024-12-16,2025-05-23,158,2026-05-26,368.0000000000,526.0000000000,559,2021-11-19
actual_current,varshare_tqqq_80_step_up,2010-02-11,2026-08-05,100000.0000000000,29493665.7438177541,293.9366574382,0.4121052630,100,6.0681591627,387679.4190140687,-0.4663707389,2024-12-16,2025-05-23,158,2026-05-14,356.0000000000,514.0000000000,559,2021-11-19
actual_current,varshare_tqqq_80_block_cut,2010-02-11,2026-08-05,100000.0000000000,29352015.1430729255,292.5201514307,0.4116927903,98,5.9467959794,376771.7367667665,-0.4577019976,2021-11-19,2022-09-30,315,2023-06-02,245.0000000000,560.0000000000,560,2021-11-19
actual_current,magratio_tqqq_125_floor50,2010-02-11,2026-08-05,100000.0000000000,26692374.2726771161,265.9237427268,0.4035795680,114,6.9177014454,404238.3683277263,-0.5162370571,2021-11-19,2022-12-28,404,2023-07-13,197.0000000000,601.0000000000,601,2021-11-19
actual_current,magratio_tqqq_125_floor100,2010-02-11,2026-08-05,100000.0000000000,25007943.9288290888,249.0794392883,0.3980386856,146,8.8595123775,429948.7965967090,-0.6137907037,2021-11-19,2022-12-28,404,2024-01-19,387.0000000000,791.0000000000,791,2021-11-19
actual_current,magratio_tqqq_125_step_up,2010-02-11,2026-08-05,100000.0000000000,28413037.8262817934,283.1303782628,0.4089103427,149,9.0415571524,402345.4125877668,-0.5441504934,2021-11-19,2022-12-28,404,2023-07-18,202.0000000000,606.0000000000,606,2021-11-19
actual_current,magratio_tqqq_125_block_cut,2010-02-11,2026-08-05,100000.0000000000,34778294.1606424004,346.7829416064,0.4262991751,88,5.3399800631,377223.5290363465,-0.4577022415,2021-11-19,2022-09-30,315,2023-06-02,245.0000000000,560.0000000000,560,2021-11-19
actual_current,magratio_tqqq_150_floor50,2010-02-11,2026-08-05,100000.0000000000,29895161.7554456256,297.9516175545,0.4132643481,102,6.1895223459,388660.4540855759,-0.4584001305,2024-12-16,2025-05-23,158,2026-05-26,368.0000000000,526.0000000000,559,2021-11-19
actual_current,magratio_tqqq_150_floor100,2010-02-11,2026-08-05,100000.0000000000,36353357.1231817827,362.5335712318,0.4301379035,122,7.4031541784,546390.5254394533,-0.4673013384,2024-12-16,2025-05-23,158,2026-05-06,348.0000000000,506.0000000000,572,2021-11-19
actual_current,magratio_tqqq_150_step_up,2010-02-11,2026-08-05,100000.0000000000,36156315.9290303737,360.5631592903,0.4296663235,126,7.6458805449,538564.7536255345,-0.4761283188,2021-11-19,2022-09-30,315,2023-06-15,258.0000000000,573.0000000000,573,2021-11-19
actual_current,magratio_tqqq_150_block_cut,2010-02-11,2026-08-05,100000.0000000000,29566963.5362582877,294.6696353626,0.4123179691,92,5.5827064296,339682.8050061410,-0.4577013962,2021-11-19,2022-09-30,315,2023-06-02,245.0000000000,560.0000000000,560,2021-11-19
actual_current,magratio_tqqq_200_floor50,2010-02-11,2026-08-05,100000.0000000000,29656603.3482504971,295.5660334825,0.4125774264,104,6.3108855292,403199.9502923189,-0.4663708583,2024-12-16,2025-05-23,158,2026-05-26,368.0000000000,526.0000000000,560,2021-11-19
actual_current,magratio_tqqq_200_floor100,2010-02-11,2026-08-05,100000.0000000000,31654671.4973495007,315.5467149735,0.4181773541,132,8.0099700947,539990.9521205405,-0.4882722608,2024-12-16,2025-05-23,158,2026-05-14,356.0000000000,514.0000000000,559,2021-11-19
actual_current,magratio_tqqq_200_step_up,2010-02-11,2026-08-05,100000.0000000000,31707549.8945864737,316.0754989459,0.4183209981,132,8.0099700947,497598.6226486024,-0.4663705732,2024-12-16,2025-05-23,158,2026-05-08,350.0000000000,508.0000000000,559,2021-11-19
actual_current,magratio_tqqq_200_block_cut,2010-02-11,2026-08-05,100000.0000000000,30914421.3859199658,308.1442138592,0.4161424468,94,5.7040696129,349263.6011288422,-0.4577015838,2021-11-19,2022-09-30,315,2023-06-02,245.0000000000,560.0000000000,560,2021-11-19
actual_current,magratio_tqqq_300_floor50,2010-02-11,2026-08-05,100000.0000000000,29352015.1430729255,292.5201514307,0.4116927903,98,5.9467959794,376771.7367667665,-0.4577019976,2021-11-19,2022-09-30,315,2023-06-02,245.0000000000,560.0000000000,560,2021-11-19
actual_current,magratio_tqqq_300_floor100,2010-02-11,2026-08-05,100000.0000000000,31097447.9451749772,309.9744794517,0.4166498021,96,5.8254327961,351667.1774474557,-0.4577019976,2021-11-19,2022-09-30,315,2023-06-02,245.0000000000,560.0000000000,560,2021-11-19
actual_current,magratio_tqqq_300_step_up,2010-02-11,2026-08-05,100000.0000000000,31097447.9451749772,309.9744794517,0.4166498021,96,5.8254327961,351667.1774474557,-0.4577019976,2021-11-19,2022-09-30,315,2023-06-02,245.0000000000,560.0000000000,560,2021-11-19
actual_current,magratio_tqqq_300_block_cut,2010-02-11,2026-08-05,100000.0000000000,30201140.4858085364,301.0114048581,0.4141379062,96,5.8254327961,349009.1138135970,-0.4577019976,2021-11-19,2022-09-30,315,2023-06-02,245.0000000000,560.0000000000,560,2021-11-19
actual_current,magratio_tqqq_400_floor50,2010-02-11,2026-08-05,100000.0000000000,29352015.1430729255,292.5201514307,0.4116927903,98,5.9467959794,376771.7367667665,-0.4577019976,2021-11-19,2022-09-30,315,2023-06-02,245.0000000000,560.0000000000,560,2021-11-19
actual_current,magratio_tqqq_400_floor100,2010-02-11,2026-08-05,100000.0000000000,29352015.1430729255,292.5201514307,0.4116927903,98,5.9467959794,376771.7367667665,-0.4577019976,2021-11-19,2022-09-30,315,2023-06-02,245.0000000000,560.0000000000,560,2021-11-19
actual_current,magratio_tqqq_400_step_up,2010-02-11,2026-08-05,100000.0000000000,29352015.1430729255,292.5201514307,0.4116927903,98,5.9467959794,376771.7367667665,-0.4577019976,2021-11-19,2022-09-30,315,2023-06-02,245.0000000000,560.0000000000,560,2021-11-19
actual_current,magratio_tqqq_400_block_cut,2010-02-11,2026-08-05,100000.0000000000,29352015.1430729255,292.5201514307,0.4116927903,98,5.9467959794,376771.7367667665,-0.4577019976,2021-11-19,2022-09-30,315,2023-06-02,245.0000000000,560.0000000000,560,2021-11-19
actual_current,combo_tqqq_100_55_floor50,2010-02-11,2026-08-05,100000.0000000000,27462385.3457376212,273.6238534574,0.4060038794,116,7.0390646287,417812.4580532505,-0.5061659857,2021-11-19,2022-12-28,404,2023-06-15,169.0000000000,573.0000000000,573,2021-11-19
actual_current,combo_tqqq_100_55_floor100,2010-02-11,2026-08-05,100000.0000000000,29277947.1960967258,291.7794719610,0.4114763666,148,8.9808755607,554650.6722240843,-0.5966026715,2021-11-19,2022-12-28,404,2024-01-19,387.0000000000,791.0000000000,791,2021-11-19
actual_current,combo_tqqq_100_55_step_up,2010-02-11,2026-08-05,100000.0000000000,32265894.8759920038,321.6589487599,0.4198241588,151,9.1629203356,513794.6843851036,-0.5346598767,2021-11-19,2022-12-28,404,2023-07-18,202.0000000000,606.0000000000,606,2021-11-19
actual_current,combo_tqqq_100_55_block_cut,2010-02-11,2026-08-05,100000.0000000000,30698196.6024653167,305.9819660247,0.4155394166,92,5.5827064296,339355.9300026059,-0.4577021868,2021-11-19,2022-09-30,315,2023-06-02,245.0000000000,560.0000000000,560,2021-11-19
actual_current,combo_tqqq_100_65_floor50,2010-02-11,2026-08-05,100000.0000000000,29365039.3955545872,292.6503939555,0.4117307936,108,6.5536118957,428528.7329252116,-0.4685173990,2021-11-19,2022-12-28,404,2023-06-13,167.0000000000,571.0000000000,571,2021-11-19
actual_current,combo_tqqq_100_65_floor100,2010-02-11,2026-08-05,100000.0000000000,29948780.9184511043,298.4878091845,0.4134180340,118,7.1604278119,522761.2474027170,-0.5304554448,2021-11-19,2022-12-28,404,2023-12-12,349.0000000000,753.0000000000,753,2021-11-19
actual_current,combo_tqqq_100_65_step_up,2010-02-11,2026-08-05,100000.0000000000,30421407.9189884439,303.2140791899,0.4147616302,119,7.2211094036,449215.4798599906,-0.5002919225,2021-11-19,2022-12-28,404,2023-07-17,201.0000000000,605.0000000000,605,2021-11-19
actual_current,combo_tqqq_100_65_block_cut,2010-02-11,2026-08-05,100000.0000000000,30914421.3859199658,308.1442138592,0.4161424468,94,5.7040696129,349263.6011288422,-0.4577015838,2021-11-19,2022-09-30,315,2023-06-02,245.0000000000,560.0000000000,560,2021-11-19
actual_current,combo_tqqq_100_75_floor50,2010-02-11,2026-08-05,100000.0000000000,30651614.4207098037,305.5161442071,0.4154089812,102,6.1895223459,410705.1122333070,-0.4663709038,2024-12-16,2025-05-23,158,2026-05-26,368.0000000000,526.0000000000,560,2021-11-19
actual_current,combo_tqqq_100_75_floor100,2010-02-11,2026-08-05,100000.0000000000,32545611.8821571805,324.4561188216,0.4205680420,109,6.6142934873,462503.1881334875,-0.4882720014,2024-12-16,2025-05-23,158,2026-05-26,368.0000000000,526.0000000000,570,2021-11-19
actual_current,combo_tqqq_100_75_step_up,2010-02-11,2026-08-05,100000.0000000000,31712021.6661906019,316.1202166619,0.4183331353,107,6.4929303040,410082.8813601098,-0.4797732660,2021-11-19,2022-09-30,315,2023-06-12,255.0000000000,570.0000000000,570,2021-11-19
actual_current,combo_tqqq_100_75_block_cut,2010-02-11,2026-08-05,100000.0000000000,30201140.4858085364,301.0114048581,0.4141379062,96,5.8254327961,349009.1138135970,-0.4577019976,2021-11-19,2022-09-30,315,2023-06-02,245.0000000000,560.0000000000,560,2021-11-19
actual_current,combo_tqqq_150_55_floor50,2010-02-11,2026-08-05,100000.0000000000,27015935.3308954388,269.1593533090,0.4046061717,116,7.0390646287,409722.9789775998,-0.4907490011,2021-11-19,2022-09-30,315,2023-06-14,257.0000000000,572.0000000000,572,2021-11-19
actual_current,combo_tqqq_150_55_floor100,2010-02-11,2026-08-05,100000.0000000000,31809810.3127337396,317.0981031273,0.4185981509,142,8.6167860110,592686.8361980481,-0.5571994173,2021-11-19,2022-12-28,404,2023-12-13,350.0000000000,754.0000000000,754,2021-11-19
actual_current,combo_tqqq_150_55_step_up,2010-02-11,2026-08-05,100000.0000000000,35285848.5871125981,351.8584858711,0.4275537105,146,8.8595123775,574176.7692619140,-0.5189237441,2021-11-19,2022-09-30,315,2023-07-13,286.0000000000,601.0000000000,601,2021-11-19
actual_current,combo_tqqq_150_55_block_cut,2010-02-11,2026-08-05,100000.0000000000,30776933.8502460271,306.7693385025,0.4157594678,92,5.5827064296,340223.1609170406,-0.4577016647,2021-11-19,2022-09-30,315,2023-06-02,245.0000000000,560.0000000000,560,2021-11-19
actual_current,combo_tqqq_150_65_floor50,2010-02-11,2026-08-05,100000.0000000000,29907935.4899967760,298.0793549000,0.4133009843,106,6.4322487124,425615.4373774311,-0.4632263602,2021-11-19,2022-09-30,315,2023-06-12,255.0000000000,570.0000000000,570,2021-11-19
actual_current,combo_tqqq_150_65_floor100,2010-02-11,2026-08-05,100000.0000000000,31077215.4918859005,309.7721549189,0.4165938552,116,7.0390646287,515719.3874147538,-0.5127634957,2021-11-19,2022-12-28,404,2023-07-18,202.0000000000,606.0000000000,606,2021-11-19
actual_current,combo_tqqq_150_65_step_up,2010-02-11,2026-08-05,100000.0000000000,30983876.5534334704,308.8387655343,0.4163353100,117,7.0997462203,445741.7922930713,-0.4967347288,2021-11-19,2022-09-30,315,2023-07-13,286.0000000000,601.0000000000,601,2021-11-19
actual_current,combo_tqqq_150_65_block_cut,2010-02-11,2026-08-05,100000.0000000000,30914421.3859199658,308.1442138592,0.4161424468,94,5.7040696129,349263.6011288422,-0.4577015838,2021-11-19,2022-09-30,315,2023-06-02,245.0000000000,560.0000000000,560,2021-11-19
actual_current,combo_tqqq_150_75_floor50,2010-02-11,2026-08-05,100000.0000000000,30651614.4207098037,305.5161442071,0.4154089812,102,6.1895223459,410705.1122333070,-0.4663709038,2024-12-16,2025-05-23,158,2026-05-26,368.0000000000,526.0000000000,560,2021-11-19
actual_current,combo_tqqq_150_75_floor100,2010-02-11,2026-08-05,100000.0000000000,32545611.8821571805,324.4561188216,0.4205680420,109,6.6142934873,462503.1881334875,-0.4882720014,2024-12-16,2025-05-23,158,2026-05-26,368.0000000000,526.0000000000,570,2021-11-19
actual_current,combo_tqqq_150_75_step_up,2010-02-11,2026-08-05,100000.0000000000,31712021.6661906019,316.1202166619,0.4183331353,107,6.4929303040,410082.8813601098,-0.4797732660,2021-11-19,2022-09-30,315,2023-06-12,255.0000000000,570.0000000000,570,2021-11-19
actual_current,combo_tqqq_150_75_block_cut,2010-02-11,2026-08-05,100000.0000000000,30201140.4858085364,301.0114048581,0.4141379062,96,5.8254327961,349009.1138135970,-0.4577019976,2021-11-19,2022-09-30,315,2023-06-02,245.0000000000,560.0000000000,560,2021-11-19
actual_current,combo_tqqq_200_55_floor50,2010-02-11,2026-08-05,100000.0000000000,27939061.5673324987,278.3906156733,0.4074728508,112,6.7963382622,415224.1262288389,-0.4733270754,2021-11-19,2022-09-30,315,2023-06-12,255.0000000000,570.0000000000,570,2021-11-19
actual_current,combo_tqqq_200_55_floor100,2010-02-11,2026-08-05,100000.0000000000,30185372.5801227912,300.8537258012,0.4140930930,140,8.4954228277,597850.5511759876,-0.5198331470,2021-11-19,2022-12-28,404,2023-07-18,202.0000000000,606.0000000000,606,2021-11-19
actual_current,combo_tqqq_200_55_step_up,2010-02-11,2026-08-05,100000.0000000000,32219998.7417216338,321.1999874172,0.4197015239,144,8.7381491942,572202.6190870968,-0.5024663667,2021-11-19,2022-09-30,315,2023-07-13,286.0000000000,601.0000000000,601,2021-11-19
actual_current,combo_tqqq_200_55_block_cut,2010-02-11,2026-08-05,100000.0000000000,31351312.3345296755,312.5131233453,0.4173488983,94,5.7040696129,353367.8923414725,-0.4577016949,2021-11-19,2022-09-30,315,2023-06-02,245.0000000000,560.0000000000,560,2021-11-19
actual_current,combo_tqqq_200_65_floor50,2010-02-11,2026-08-05,100000.0000000000,30353438.4432079345,302.5343844321,0.4145696171,104,6.3108855292,419464.5043185836,-0.4584002444,2024-12-16,2025-05-23,158,2026-05-26,368.0000000000,526.0000000000,570,2021-11-19
actual_current,combo_tqqq_200_65_floor100,2010-02-11,2026-08-05,100000.0000000000,31872451.2891264707,317.7245128913,0.4187675116,114,6.9177014454,496954.8276933487,-0.4967247900,2021-11-19,2022-12-28,404,2023-07-13,197.0000000000,601.0000000000,601,2021-11-19
actual_current,combo_tqqq_200_65_step_up,2010-02-11,2026-08-05,100000.0000000000,31222295.6148197949,311.2229561482,0.4169942770,115,6.9783830370,435337.1664868612,-0.4915560680,2021-11-19,2022-09-30,315,2023-07-13,286.0000000000,601.0000000000,601,2021-11-19
actual_current,combo_tqqq_200_65_block_cut,2010-02-11,2026-08-05,100000.0000000000,30914421.3859199658,308.1442138592,0.4161424468,94,5.7040696129,349263.6011288422,-0.4577015838,2021-11-19,2022-09-30,315,2023-06-02,245.0000000000,560.0000000000,560,2021-11-19
actual_current,combo_tqqq_200_75_floor50,2010-02-11,2026-08-05,100000.0000000000,30651614.4207098037,305.5161442071,0.4154089812,102,6.1895223459,410705.1122333070,-0.4663709038,2024-12-16,2025-05-23,158,2026-05-26,368.0000000000,526.0000000000,560,2021-11-19
actual_current,combo_tqqq_200_75_floor100,2010-02-11,2026-08-05,100000.0000000000,32545611.8821571805,324.4561188216,0.4205680420,109,6.6142934873,462503.1881334875,-0.4882720014,2024-12-16,2025-05-23,158,2026-05-26,368.0000000000,526.0000000000,570,2021-11-19
actual_current,combo_tqqq_200_75_step_up,2010-02-11,2026-08-05,100000.0000000000,31712021.6661906019,316.1202166619,0.4183331353,107,6.4929303040,410082.8813601098,-0.4797732660,2021-11-19,2022-09-30,315,2023-06-12,255.0000000000,570.0000000000,570,2021-11-19
actual_current,combo_tqqq_200_75_block_cut,2010-02-11,2026-08-05,100000.0000000000,30201140.4858085364,301.0114048581,0.4141379062,96,5.8254327961,349009.1138135970,-0.4577019976,2021-11-19,2022-09-30,315,2023-06-02,245.0000000000,560.0000000000,560,2021-11-19
actual_current,combo_tqqq_300_55_floor50,2010-02-11,2026-08-05,100000.0000000000,29555415.5205244124,294.5541552052,0.4122844903,102,6.1895223459,384428.5546537536,-0.4584004547,2024-12-16,2025-05-23,158,2026-05-26,368.0000000000,526.0000000000,559,2021-11-19
actual_current,combo_tqqq_300_55_floor100,2010-02-11,2026-08-05,100000.0000000000,27504465.3734119907,274.0446537341,0.4061345172,128,7.7672437282,471514.6123748950,-0.4872251229,2021-11-19,2022-09-30,315,2023-06-15,258.0000000000,573.0000000000,573,2021-11-19
actual_current,combo_tqqq_300_55_step_up,2010-02-11,2026-08-05,100000.0000000000,27678509.9346864372,275.7850993469,0.4066728536,130,7.8886069114,454875.8543230597,-0.5018657404,2021-11-19,2022-09-30,315,2023-07-12,285.0000000000,600.0000000000,600,2021-11-19
actual_current,combo_tqqq_300_55_block_cut,2010-02-11,2026-08-05,100000.0000000000,30914421.3859199658,308.1442138592,0.4161424468,94,5.7040696129,349263.6011288422,-0.4577015838,2021-11-19,2022-09-30,315,2023-06-02,245.0000000000,560.0000000000,560,2021-11-19
actual_current,combo_tqqq_300_65_floor50,2010-02-11,2026-08-05,100000.0000000000,30792864.0847287253,306.9286408473,0.4158039246,98,5.9467959794,399191.6848300137,-0.4584002654,2024-12-16,2025-05-23,158,2026-05-26,368.0000000000,526.0000000000,560,2021-11-19
actual_current,combo_tqqq_300_65_floor100,2010-02-11,2026-08-05,100000.0000000000,29765209.8714108504,296.6520987141,0.4128907968,114,6.9177014454,470142.1366196538,-0.5165355600,2021-11-19,2022-09-30,315,2023-07-13,286.0000000000,601.0000000000,601,2021-11-19
actual_current,combo_tqqq_300_65_step_up,2010-02-11,2026-08-05,100000.0000000000,28737897.0466869436,286.3789704669,0.4098826346,115,6.9783830370,432994.1023627702,-0.5165356795,2021-11-19,2022-09-30,315,2023-07-13,286.0000000000,601.0000000000,601,2021-11-19
actual_current,combo_tqqq_300_65_block_cut,2010-02-11,2026-08-05,100000.0000000000,30914421.3859199658,308.1442138592,0.4161424468,94,5.7040696129,349263.6011288422,-0.4577015838,2021-11-19,2022-09-30,315,2023-06-02,245.0000000000,560.0000000000,560,2021-11-19
actual_current,combo_tqqq_300_75_floor50,2010-02-11,2026-08-05,100000.0000000000,30651614.4207098037,305.5161442071,0.4154089812,102,6.1895223459,410705.1122333070,-0.4663709038,2024-12-16,2025-05-23,158,2026-05-26,368.0000000000,526.0000000000,560,2021-11-19
actual_current,combo_tqqq_300_75_floor100,2010-02-11,2026-08-05,100000.0000000000,32706176.9114134163,326.0617691141,0.4209923422,109,6.6142934873,464780.0677411204,-0.4882720739,2024-12-16,2025-05-23,158,2026-05-26,368.0000000000,526.0000000000,570,2021-11-19
actual_current,combo_tqqq_300_75_step_up,2010-02-11,2026-08-05,100000.0000000000,31868496.9040386416,317.6849690404,0.4187568295,107,6.4929303040,412101.2126352041,-0.4797724642,2021-11-19,2022-09-30,315,2023-06-12,255.0000000000,570.0000000000,570,2021-11-19
actual_current,combo_tqqq_300_75_block_cut,2010-02-11,2026-08-05,100000.0000000000,30201140.4858085364,301.0114048581,0.4141379062,96,5.8254327961,349009.1138135970,-0.4577019976,2021-11-19,2022-09-30,315,2023-06-02,245.0000000000,560.0000000000,560,2021-11-19
actual_current,ret_qqq_20_floor50,2010-02-11,2026-08-05,100000.0000000000,27397925.2339793444,272.9792523398,0.4058033974,116,7.0390646287,443319.7669625441,-0.5261843606,2021-11-19,2022-12-28,404,2023-07-13,197.0000000000,601.0000000000,601,2021-11-19
actual_current,ret_qqq_20_floor100,2010-02-11,2026-08-05,100000.0000000000,27962525.5460259840,278.6252554603,0.4075445503,159,9.6483730686,663162.8791684827,-0.6456546229,2021-11-19,2022-12-28,404,2024-02-09,408.0000000000,812.0000000000,812,2021-11-19
actual_current,ret_qqq_20_step_up,2010-02-11,2026-08-05,100000.0000000000,31431298.9199881554,313.3129891999,0.4175680654,164,9.9517810267,604519.0772655318,-0.5687691851,2021-11-19,2022-12-28,404,2023-12-18,355.0000000000,759.0000000000,759,2021-11-19
actual_current,ret_qqq_20_block_cut,2010-02-11,2026-08-05,100000.0000000000,31103628.7613952532,310.0362876140,0.4166668865,86,5.2186168799,337208.7547497165,-0.4929691931,2021-11-19,2022-09-30,315,2023-06-13,256.0000000000,571.0000000000,571,2021-11-19
actual_current,ret_qqq_40_floor50,2010-02-11,2026-08-05,100000.0000000000,27187085.9264284261,270.8708592643,0.4051445420,110,6.6749750789,405804.3658551739,-0.5321692952,2021-11-19,2022-12-28,404,2023-07-13,197.0000000000,601.0000000000,601,2021-11-19
actual_current,ret_qqq_40_floor100,2010-02-11,2026-08-05,100000.0000000000,27735859.8405655511,276.3585984057,0.4068495460,142,8.6167860110,491003.7902395778,-0.6406352838,2021-11-19,2022-12-28,404,2024-02-09,408.0000000000,812.0000000000,812,2021-11-19
actual_current,ret_qqq_40_step_up,2010-02-11,2026-08-05,100000.0000000000,31378569.5791081227,312.7856957911,0.4174236434,143,8.6774676026,443487.7824006708,-0.5591630068,2021-11-19,2022-12-28,404,2023-12-13,350.0000000000,754.0000000000,754,2021-11-19
actual_current,ret_qqq_40_block_cut,2010-02-11,2026-08-05,100000.0000000000,34742901.4449799508,346.4290144498,0.4262110538,86,5.2186168799,369995.7346649402,-0.4577023154,2021-11-19,2022-09-30,315,2023-06-02,245.0000000000,560.0000000000,560,2021-11-19
actual_current,ret_qqq_60_floor50,2010-02-11,2026-08-05,100000.0000000000,29053350.4103892371,289.5335041039,0.4108169450,114,6.9177014454,435374.2728060317,-0.4907485171,2021-11-19,2022-09-30,315,2023-06-14,257.0000000000,572.0000000000,572,2021-11-19
actual_current,ret_qqq_60_floor100,2010-02-11,2026-08-05,100000.0000000000,32879907.8473301716,327.7990784733,0.4214492357,144,8.7381491942,638142.2423742630,-0.5571992686,2021-11-19,2022-12-28,404,2023-12-13,350.0000000000,754.0000000000,754,2021-11-19
actual_current,ret_qqq_60_step_up,2010-02-11,2026-08-05,100000.0000000000,34275982.5778170973,341.7598257782,0.4250405506,148,8.9808755607,584789.6563384561,-0.5189238412,2021-11-19,2022-09-30,315,2023-07-17,290.0000000000,605.0000000000,605,2021-11-19
actual_current,ret_qqq_60_block_cut,2010-02-11,2026-08-05,100000.0000000000,29566963.5362582877,294.6696353626,0.4123179691,92,5.5827064296,339682.8050061410,-0.4577013962,2021-11-19,2022-09-30,315,2023-06-02,245.0000000000,560.0000000000,560,2021-11-19
actual_current,ret_qqq_80_floor50,2010-02-11,2026-08-05,100000.0000000000,28274078.6268155128,281.7407862682,0.4084912506,108,6.5536118957,401160.2032523100,-0.4796110894,2021-11-19,2022-12-28,404,2023-06-14,168.0000000000,572.0000000000,572,2021-11-19
actual_current,ret_qqq_80_floor100,2010-02-11,2026-08-05,100000.0000000000,26500285.8979139104,264.0028589791,0.4029645610,136,8.2526964612,487509.8561796193,-0.5451587409,2021-11-19,2022-12-28,404,2023-12-13,350.0000000000,754.0000000000,754,2021-11-19
actual_current,ret_qqq_80_step_up,2010-02-11,2026-08-05,100000.0000000000,28259348.5822173543,281.5934858222,0.4084467123,140,8.4954228277,474555.9764036427,-0.5078047764,2021-11-19,2022-12-28,404,2023-07-17,201.0000000000,605.0000000000,605,2021-11-19
actual_current,ret_qqq_80_block_cut,2010-02-11,2026-08-05,100000.0000000000,29252776.0577512607,291.5277605775,0.4114027004,94,5.7040696129,330133.6143350668,-0.4577023552,2021-11-19,2022-09-30,315,2023-06-02,245.0000000000,560.0000000000,560,2021-11-19
actual_current,ret_qqq_100_floor50,2010-02-11,2026-08-05,100000.0000000000,29661830.3645909280,295.6183036459,0.4125925330,100,6.0681591627,381690.1019999814,-0.4584003840,2024-12-16,2025-05-23,158,2026-05-26,368.0000000000,526.0000000000,559,2021-11-19
actual_current,ret_qqq_100_floor100,2010-02-11,2026-08-05,100000.0000000000,27940185.9843080044,278.4018598431,0.4074762880,132,8.0099700947,499194.3378568956,-0.4790457313,2021-11-19,2022-09-30,315,2023-06-14,257.0000000000,572.0000000000,572,2021-11-19
actual_current,ret_qqq_100_step_up,2010-02-11,2026-08-05,100000.0000000000,27999008.8590134084,278.9900885901,0.4076559210,136,8.2526964612,498822.0668730959,-0.4939200254,2021-11-19,2022-09-30,315,2023-06-15,258.0000000000,573.0000000000,573,2021-11-19
actual_current,ret_qqq_100_block_cut,2010-02-11,2026-08-05,100000.0000000000,28932817.4875716567,288.3281748757,0.4104610805,94,5.7040696129,329663.5108682684,-0.4577023552,2021-11-19,2022-09-30,315,2023-06-02,245.0000000000,560.0000000000,560,2021-11-19
actual_current,ret_qqq_120_floor50,2010-02-11,2026-08-05,100000.0000000000,31038346.1588914245,309.3834615889,0.4164862774,100,6.0681591627,410013.0262942813,-0.4584001767,2024-12-16,2025-05-23,158,2026-05-26,368.0000000000,526.0000000000,560,2021-11-19
actual_current,ret_qqq_120_floor100,2010-02-11,2026-08-05,100000.0000000000,31037668.8821082041,309.3766888211,0.4164844018,128,7.7672437282,514762.0997060352,-0.4725023749,2024-12-16,2025-05-23,158,2026-05-08,350.0000000000,508.0000000000,570,2021-11-19
actual_current,ret_qqq_120_step_up,2010-02-11,2026-08-05,100000.0000000000,29725452.9280899614,296.2545292809,0.4127762080,129,7.8279253198,464188.4201019520,-0.4584003757,2024-12-16,2025-05-23,158,2026-05-08,350.0000000000,508.0000000000,570,2021-11-19
actual_current,ret_qqq_120_block_cut,2010-02-11,2026-08-05,100000.0000000000,30201140.4858085364,301.0114048581,0.4141379062,96,5.8254327961,349009.1138135970,-0.4577019976,2021-11-19,2022-09-30,315,2023-06-02,245.0000000000,560.0000000000,560,2021-11-19
actual_current,ret_qqq_150_floor50,2010-02-11,2026-08-05,100000.0000000000,31589780.1759938449,314.8978017599,0.4180007686,100,6.0681591627,413534.9969202034,-0.4584001133,2024-12-16,2025-05-23,158,2026-05-26,368.0000000000,526.0000000000,560,2021-11-19
actual_current,ret_qqq_150_floor100,2010-02-11,2026-08-05,100000.0000000000,34896104.9027282000,347.9610490273,0.4265918963,118,7.1604278119,526185.4706533104,-0.4725021669,2024-12-16,2025-05-23,158,2026-05-11,353.0000000000,511.0000000000,560,2021-11-19
actual_current,ret_qqq_150_step_up,2010-02-11,2026-08-05,100000.0000000000,32844209.0728476234,327.4420907285,0.4213555372,118,7.1604278119,467540.3028468805,-0.4584004478,2024-12-16,2025-05-23,158,2026-05-08,350.0000000000,508.0000000000,560,2021-11-19
actual_current,ret_qqq_150_block_cut,2010-02-11,2026-08-05,100000.0000000000,30201140.4858085364,301.0114048581,0.4141379062,96,5.8254327961,349009.1138135970,-0.4577019976,2021-11-19,2022-09-30,315,2023-06-02,245.0000000000,560.0000000000,560,2021-11-19
actual_current,varshare_qqq_55_floor50,2010-02-11,2026-08-05,100000.0000000000,30182363.5197836421,300.8236351978,0.4140845386,106,6.4322487124,401842.0843684382,-0.5251220455,2021-11-19,2022-12-28,404,2023-07-17,201.0000000000,605.0000000000,605,2021-11-19
actual_current,varshare_qqq_55_floor100,2010-02-11,2026-08-05,100000.0000000000,34721379.1675592512,346.2137916756,0.4261574261,158,9.5876914770,681563.6096814279,-0.6882525434,2021-11-19,2022-12-28,404,2024-06-10,530.0000000000,934.0000000000,934,2021-11-19
actual_current,varshare_qqq_55_step_up,2010-02-11,2026-08-05,100000.0000000000,35686096.5419666171,355.8609654197,0.4285311166,163,9.8910994351,672603.6368164533,-0.6175923368,2021-11-19,2022-12-28,404,2024-01-24,392.0000000000,796.0000000000,796,2021-11-19
actual_current,varshare_qqq_55_block_cut,2010-02-11,2026-08-05,100000.0000000000,29357835.7786102183,292.5783577861,0.4117097762,88,5.3399800631,322993.7578082348,-0.4929692349,2021-11-19,2022-09-30,315,2023-06-13,256.0000000000,571.0000000000,571,2021-11-19
actual_current,varshare_qqq_60_floor50,2010-02-11,2026-08-05,100000.0000000000,28362252.5830653161,282.6225258307,0.4087574013,104,6.3108855292,373170.0459615838,-0.5266733389,2021-11-19,2022-12-28,404,2023-07-17,201.0000000000,605.0000000000,605,2021-11-19
actual_current,varshare_qqq_60_floor100,2010-02-11,2026-08-05,100000.0000000000,30572775.7807066031,304.7277578071,0.4151877992,125,7.5851989533,441052.0887842290,-0.6305021946,2021-11-19,2022-12-28,404,2024-01-24,392.0000000000,796.0000000000,796,2021-11-19
actual_current,varshare_qqq_60_step_up,2010-02-11,2026-08-05,100000.0000000000,32451116.2580914646,323.5111625809,0.4203174130,125,7.5851989533,419878.6879191697,-0.5484560066,2021-11-19,2022-12-28,404,2023-12-12,349.0000000000,753.0000000000,753,2021-11-19
actual_current,varshare_qqq_60_block_cut,2010-02-11,2026-08-05,100000.0000000000,31271102.7584378906,311.7110275844,0.4171285922,94,5.7040696129,352467.2089717745,-0.4577017018,2021-11-19,2022-09-30,315,2023-06-02,245.0000000000,560.0000000000,560,2021-11-19
actual_current,varshare_qqq_65_floor50,2010-02-11,2026-08-05,100000.0000000000,28226647.2816509232,281.2664728165,0.4083477576,102,6.1895223459,398114.6189604067,-0.4750600791,2021-11-19,2022-12-28,404,2023-06-14,168.0000000000,572.0000000000,572,2021-11-19
actual_current,varshare_qqq_65_floor100,2010-02-11,2026-08-05,100000.0000000000,29870273.7561597042,297.7027375616,0.4131929249,115,6.9783830370,505703.2013902491,-0.5496162410,2021-11-19,2022-12-28,404,2023-12-15,352.0000000000,756.0000000000,756,2021-11-19
actual_current,varshare_qqq_65_step_up,2010-02-11,2026-08-05,100000.0000000000,30500428.9514227435,304.0042895142,0.4149843580,115,6.9783830370,450960.6417308442,-0.5064433473,2021-11-19,2022-12-28,404,2023-07-18,202.0000000000,606.0000000000,606,2021-11-19
actual_current,varshare_qqq_65_block_cut,2010-02-11,2026-08-05,100000.0000000000,30914421.3859199658,308.1442138592,0.4161424468,94,5.7040696129,349263.6011288422,-0.4577015838,2021-11-19,2022-09-30,315,2023-06-02,245.0000000000,560.0000000000,560,2021-11-19
actual_current,varshare_qqq_70_floor50,2010-02-11,2026-08-05,100000.0000000000,25118601.6627642363,250.1860166276,0.3984132953,108,6.5536118957,384495.2681204887,-0.5282412560,2021-11-19,2022-12-28,404,2023-07-17,201.0000000000,605.0000000000,605,2021-11-19
actual_current,varshare_qqq_70_floor100,2010-02-11,2026-08-05,100000.0000000000,20465631.5571119934,203.6563155711,0.3811367599,119,7.2211094036,433599.8341122085,-0.6518735843,2021-11-19,2022-12-28,404,2024-03-01,429.0000000000,833.0000000000,833,2021-11-19
actual_current,varshare_qqq_70_step_up,2010-02-11,2026-08-05,100000.0000000000,23777359.9041183516,236.7735990412,0.3937644760,117,7.0997462203,397274.2658625527,-0.5749724783,2021-11-19,2022-12-28,404,2024-01-19,387.0000000000,791.0000000000,791,2021-11-19
actual_current,varshare_qqq_70_block_cut,2010-02-11,2026-08-05,100000.0000000000,30201140.4858085364,301.0114048581,0.4141379062,96,5.8254327961,349009.1138135970,-0.4577019976,2021-11-19,2022-09-30,315,2023-06-02,245.0000000000,560.0000000000,560,2021-11-19
actual_current,varshare_qqq_75_floor50,2010-02-11,2026-08-05,100000.0000000000,31388222.6787012443,312.8822267870,0.4174500996,104,6.3108855292,424402.5460771901,-0.4663708062,2024-12-16,2025-05-23,158,2026-05-26,368.0000000000,526.0000000000,560,2021-11-19
actual_current,varshare_qqq_75_floor100,2010-02-11,2026-08-05,100000.0000000000,33760532.1560059413,336.6053215601,0.4237308631,115,6.9783830370,506396.3714341115,-0.4882719023,2024-12-16,2025-05-23,158,2026-05-26,368.0000000000,526.0000000000,570,2021-11-19
actual_current,varshare_qqq_75_step_up,2010-02-11,2026-08-05,100000.0000000000,32143042.3735303544,320.4304237353,0.4194955270,113,6.8570198538,436776.6371830757,-0.4797731092,2021-11-19,2022-09-30,315,2023-06-12,255.0000000000,570.0000000000,570,2021-11-19
actual_current,varshare_qqq_75_block_cut,2010-02-11,2026-08-05,100000.0000000000,30201140.4858085364,301.0114048581,0.4141379062,96,5.8254327961,349009.1138135970,-0.4577019976,2021-11-19,2022-09-30,315,2023-06-02,245.0000000000,560.0000000000,560,2021-11-19
actual_current,varshare_qqq_80_floor50,2010-02-11,2026-08-05,100000.0000000000,28139424.1211986020,280.3942412120,0.4080832913,98,5.9467959794,371924.5746784119,-0.4663706020,2024-12-16,2025-05-23,158,2026-05-26,368.0000000000,526.0000000000,560,2021-11-19
actual_current,varshare_qqq_80_floor100,2010-02-11,2026-08-05,100000.0000000000,28188530.8341845050,280.8853083418,0.4082322806,101,6.1288407543,397432.6611170553,-0.4882720060,2024-12-16,2025-05-23,158,2026-05-26,368.0000000000,526.0000000000,559,2021-11-19
actual_current,varshare_qqq_80_step_up,2010-02-11,2026-08-05,100000.0000000000,29369079.3332516104,292.6907933325,0.4117425785,100,6.0681591627,386590.1717257596,-0.4663708283,2024-12-16,2025-05-23,158,2026-05-14,356.0000000000,514.0000000000,559,2021-11-19
actual_current,varshare_qqq_80_block_cut,2010-02-11,2026-08-05,100000.0000000000,29352015.1430729255,292.5201514307,0.4116927903,98,5.9467959794,376771.7367667665,-0.4577019976,2021-11-19,2022-09-30,315,2023-06-02,245.0000000000,560.0000000000,560,2021-11-19
actual_current,magratio_qqq_125_floor50,2010-02-11,2026-08-05,100000.0000000000,26692374.2726771161,265.9237427268,0.4035795680,114,6.9177014454,404238.3683277263,-0.5162370571,2021-11-19,2022-12-28,404,2023-07-13,197.0000000000,601.0000000000,601,2021-11-19
actual_current,magratio_qqq_125_floor100,2010-02-11,2026-08-05,100000.0000000000,25824351.1581405401,257.2435115814,0.4007666204,148,8.9808755607,443888.5225087625,-0.6137907515,2021-11-19,2022-12-28,404,2024-01-23,391.0000000000,795.0000000000,795,2021-11-19
actual_current,magratio_qqq_125_step_up,2010-02-11,2026-08-05,100000.0000000000,29340560.5794562548,292.4056057946,0.4116593540,151,9.1629203356,414942.2810315636,-0.5441506993,2021-11-19,2022-12-28,404,2023-12-13,350.0000000000,754.0000000000,754,2021-11-19
actual_current,magratio_qqq_125_block_cut,2010-02-11,2026-08-05,100000.0000000000,34778294.1606424004,346.7829416064,0.4262991751,88,5.3399800631,377223.5290363465,-0.4577022415,2021-11-19,2022-09-30,315,2023-06-02,245.0000000000,560.0000000000,560,2021-11-19
actual_current,magratio_qqq_150_floor50,2010-02-11,2026-08-05,100000.0000000000,29895161.7554456256,297.9516175545,0.4132643481,102,6.1895223459,388660.4540855759,-0.4584001305,2024-12-16,2025-05-23,158,2026-05-26,368.0000000000,526.0000000000,559,2021-11-19
actual_current,magratio_qqq_150_floor100,2010-02-11,2026-08-05,100000.0000000000,35100555.4962989092,350.0055549630,0.4270976930,124,7.5245173617,510422.3371574614,-0.4673010852,2024-12-16,2025-05-23,158,2026-05-06,348.0000000000,506.0000000000,572,2021-11-19
actual_current,magratio_qqq_150_step_up,2010-02-11,2026-08-05,100000.0000000000,34910289.6209417284,348.1028962094,0.4266270781,128,7.7672437282,502993.7291557378,-0.4761279135,2021-11-19,2022-09-30,315,2023-06-15,258.0000000000,573.0000000000,573,2021-11-19
actual_current,magratio_qqq_150_block_cut,2010-02-11,2026-08-05,100000.0000000000,29566963.5362582877,294.6696353626,0.4123179691,92,5.5827064296,339682.8050061410,-0.4577013962,2021-11-19,2022-09-30,315,2023-06-02,245.0000000000,560.0000000000,560,2021-11-19
actual_current,magratio_qqq_200_floor50,2010-02-11,2026-08-05,100000.0000000000,29656603.3482504971,295.5660334825,0.4125774264,104,6.3108855292,403199.9502923189,-0.4663708583,2024-12-16,2025-05-23,158,2026-05-26,368.0000000000,526.0000000000,560,2021-11-19
actual_current,magratio_qqq_200_floor100,2010-02-11,2026-08-05,100000.0000000000,31986933.0989576951,318.8693309896,0.4190762265,134,8.1313332780,568187.0839109495,-0.4882718539,2024-12-16,2025-05-23,158,2026-05-14,356.0000000000,514.0000000000,559,2021-11-19
actual_current,magratio_qqq_200_step_up,2010-02-11,2026-08-05,100000.0000000000,32040344.1699767560,319.4034416998,0.4192199015,134,8.1313332780,524586.2523807110,-0.4663708893,2024-12-16,2025-05-23,158,2026-05-08,350.0000000000,508.0000000000,559,2021-11-19
actual_current,magratio_qqq_200_block_cut,2010-02-11,2026-08-05,100000.0000000000,30914421.3859199658,308.1442138592,0.4161424468,94,5.7040696129,349263.6011288422,-0.4577015838,2021-11-19,2022-09-30,315,2023-06-02,245.0000000000,560.0000000000,560,2021-11-19
actual_current,magratio_qqq_300_floor50,2010-02-11,2026-08-05,100000.0000000000,29352015.1430729255,292.5201514307,0.4116927903,98,5.9467959794,376771.7367667665,-0.4577019976,2021-11-19,2022-09-30,315,2023-06-02,245.0000000000,560.0000000000,560,2021-11-19
actual_current,magratio_qqq_300_floor100,2010-02-11,2026-08-05,100000.0000000000,31097447.9451749772,309.9744794517,0.4166498021,96,5.8254327961,351667.1774474557,-0.4577019976,2021-11-19,2022-09-30,315,2023-06-02,245.0000000000,560.0000000000,560,2021-11-19
actual_current,magratio_qqq_300_step_up,2010-02-11,2026-08-05,100000.0000000000,31097447.9451749772,309.9744794517,0.4166498021,96,5.8254327961,351667.1774474557,-0.4577019976,2021-11-19,2022-09-30,315,2023-06-02,245.0000000000,560.0000000000,560,2021-11-19
actual_current,magratio_qqq_300_block_cut,2010-02-11,2026-08-05,100000.0000000000,30201140.4858085364,301.0114048581,0.4141379062,96,5.8254327961,349009.1138135970,-0.4577019976,2021-11-19,2022-09-30,315,2023-06-02,245.0000000000,560.0000000000,560,2021-11-19
actual_current,magratio_qqq_400_floor50,2010-02-11,2026-08-05,100000.0000000000,29352015.1430729255,292.5201514307,0.4116927903,98,5.9467959794,376771.7367667665,-0.4577019976,2021-11-19,2022-09-30,315,2023-06-02,245.0000000000,560.0000000000,560,2021-11-19
actual_current,magratio_qqq_400_floor100,2010-02-11,2026-08-05,100000.0000000000,29352015.1430729255,292.5201514307,0.4116927903,98,5.9467959794,376771.7367667665,-0.4577019976,2021-11-19,2022-09-30,315,2023-06-02,245.0000000000,560.0000000000,560,2021-11-19
actual_current,magratio_qqq_400_step_up,2010-02-11,2026-08-05,100000.0000000000,29352015.1430729255,292.5201514307,0.4116927903,98,5.9467959794,376771.7367667665,-0.4577019976,2021-11-19,2022-09-30,315,2023-06-02,245.0000000000,560.0000000000,560,2021-11-19
actual_current,magratio_qqq_400_block_cut,2010-02-11,2026-08-05,100000.0000000000,29352015.1430729255,292.5201514307,0.4116927903,98,5.9467959794,376771.7367667665,-0.4577019976,2021-11-19,2022-09-30,315,2023-06-02,245.0000000000,560.0000000000,560,2021-11-19
actual_current,combo_qqq_30_55_floor50,2010-02-11,2026-08-05,100000.0000000000,26870522.4214070663,267.7052242141,0.4041462384,114,6.9177014454,404056.5377498291,-0.5259062553,2021-11-19,2022-09-30,315,2023-07-13,286.0000000000,601.0000000000,601,2021-11-19
actual_current,combo_qqq_30_55_floor100,2010-02-11,2026-08-05,100000.0000000000,27851747.7049064301,277.5174770491,0.4072055461,160,9.7090546602,619270.8557394072,-0.6277122514,2021-11-19,2022-12-28,404,2024-02-08,407.0000000000,811.0000000000,811,2021-11-19
actual_current,combo_qqq_30_55_step_up,2010-02-11,2026-08-05,100000.0000000000,32095567.4189067110,319.9556741891,0.4193682148,161,9.7697362519,589999.3182118384,-0.5574985942,2021-11-19,2022-09-30,315,2023-12-13,439.0000000000,754.0000000000,754,2021-11-19
actual_current,combo_qqq_30_55_block_cut,2010-02-11,2026-08-05,100000.0000000000,30666978.7701801956,305.6697877018,0.4154520237,90,5.4613432464,333058.1487163640,-0.4577021058,2021-11-19,2022-09-30,315,2023-06-02,245.0000000000,560.0000000000,560,2021-11-19
actual_current,combo_qqq_30_65_floor50,2010-02-11,2026-08-05,100000.0000000000,30279144.8969049230,301.7914489690,0.4143592759,108,6.5536118957,436875.6571267272,-0.4632263602,2021-11-19,2022-09-30,315,2023-06-12,255.0000000000,570.0000000000,570,2021-11-19
actual_current,combo_qqq_30_65_floor100,2010-02-11,2026-08-05,100000.0000000000,32463813.2159473225,323.6381321595,0.4203511288,120,7.2817909952,570817.4205970018,-0.5079964956,2021-11-19,2022-12-28,404,2023-07-17,201.0000000000,605.0000000000,605,2021-11-19
actual_current,combo_qqq_30_65_step_up,2010-02-11,2026-08-05,100000.0000000000,32450547.2998821586,323.5054729988,0.4203159019,121,7.3424725868,488436.2817499465,-0.4967344185,2021-11-19,2022-09-30,315,2023-07-13,286.0000000000,601.0000000000,601,2021-11-19
actual_current,combo_qqq_30_65_block_cut,2010-02-11,2026-08-05,100000.0000000000,30914421.3859199658,308.1442138592,0.4161424468,94,5.7040696129,349263.6011288422,-0.4577015838,2021-11-19,2022-09-30,315,2023-06-02,245.0000000000,560.0000000000,560,2021-11-19
actual_current,combo_qqq_30_75_floor50,2010-02-11,2026-08-05,100000.0000000000,31388222.6787012443,312.8822267870,0.4174500996,104,6.3108855292,424402.5460771901,-0.4663708062,2024-12-16,2025-05-23,158,2026-05-26,368.0000000000,526.0000000000,560,2021-11-19
actual_current,combo_qqq_30_75_floor100,2010-02-11,2026-08-05,100000.0000000000,33760532.1560059413,336.6053215601,0.4237308631,115,6.9783830370,506396.3714341115,-0.4882719023,2024-12-16,2025-05-23,158,2026-05-26,368.0000000000,526.0000000000,570,2021-11-19
actual_current,combo_qqq_30_75_step_up,2010-02-11,2026-08-05,100000.0000000000,32143042.3735303544,320.4304237353,0.4194955270,113,6.8570198538,436776.6371830757,-0.4797731092,2021-11-19,2022-09-30,315,2023-06-12,255.0000000000,570.0000000000,570,2021-11-19
actual_current,combo_qqq_30_75_block_cut,2010-02-11,2026-08-05,100000.0000000000,30201140.4858085364,301.0114048581,0.4141379062,96,5.8254327961,349009.1138135970,-0.4577019976,2021-11-19,2022-09-30,315,2023-06-02,245.0000000000,560.0000000000,560,2021-11-19
actual_current,combo_qqq_50_55_floor50,2010-02-11,2026-08-05,100000.0000000000,26936974.5329069868,268.3697453291,0.4043567122,116,7.0390646287,412017.8813289926,-0.5156139231,2021-11-19,2022-12-28,404,2023-07-13,197.0000000000,601.0000000000,601,2021-11-19
actual_current,combo_qqq_50_55_floor100,2010-02-11,2026-08-05,100000.0000000000,28205842.2648411617,281.0584226484,0.4082847452,152,9.2236019272,630621.0083516524,-0.6127864882,2021-11-19,2022-12-28,404,2024-01-19,387.0000000000,791.0000000000,791,2021-11-19
actual_current,combo_qqq_50_55_step_up,2010-02-11,2026-08-05,100000.0000000000,31763943.0170997567,316.6394301710,0.4184739421,155,9.4056467021,602590.3236333904,-0.5435630576,2021-11-19,2022-12-28,404,2023-07-18,202.0000000000,606.0000000000,606,2021-11-19
actual_current,combo_qqq_50_55_block_cut,2010-02-11,2026-08-05,100000.0000000000,30776933.8502460271,306.7693385025,0.4157594678,92,5.5827064296,340223.1609170406,-0.4577016647,2021-11-19,2022-09-30,315,2023-06-02,245.0000000000,560.0000000000,560,2021-11-19
actual_current,combo_qqq_50_65_floor50,2010-02-11,2026-08-05,100000.0000000000,29365039.3955545872,292.6503939555,0.4117307936,108,6.5536118957,428528.7329252116,-0.4685173990,2021-11-19,2022-12-28,404,2023-06-13,167.0000000000,571.0000000000,571,2021-11-19
actual_current,combo_qqq_50_65_floor100,2010-02-11,2026-08-05,100000.0000000000,30548968.9156311601,304.4896891563,0.4151209036,120,7.2817909952,546857.5905287210,-0.5304553835,2021-11-19,2022-12-28,404,2023-12-12,349.0000000000,753.0000000000,753,2021-11-19
actual_current,combo_qqq_50_65_step_up,2010-02-11,2026-08-05,100000.0000000000,31031032.1011465490,309.3103210115,0.4164660203,121,7.3424725868,473049.7969696104,-0.5002918431,2021-11-19,2022-12-28,404,2023-07-17,201.0000000000,605.0000000000,605,2021-11-19
actual_current,combo_qqq_50_65_block_cut,2010-02-11,2026-08-05,100000.0000000000,30914421.3859199658,308.1442138592,0.4161424468,94,5.7040696129,349263.6011288422,-0.4577015838,2021-11-19,2022-09-30,315,2023-06-02,245.0000000000,560.0000000000,560,2021-11-19
actual_current,combo_qqq_50_75_floor50,2010-02-11,2026-08-05,100000.0000000000,31388222.6787012443,312.8822267870,0.4174500996,104,6.3108855292,424402.5460771901,-0.4663708062,2024-12-16,2025-05-23,158,2026-05-26,368.0000000000,526.0000000000,560,2021-11-19
actual_current,combo_qqq_50_75_floor100,2010-02-11,2026-08-05,100000.0000000000,33760532.1560059413,336.6053215601,0.4237308631,115,6.9783830370,506396.3714341115,-0.4882719023,2024-12-16,2025-05-23,158,2026-05-26,368.0000000000,526.0000000000,570,2021-11-19
actual_current,combo_qqq_50_75_step_up,2010-02-11,2026-08-05,100000.0000000000,32143042.3735303544,320.4304237353,0.4194955270,113,6.8570198538,436776.6371830757,-0.4797731092,2021-11-19,2022-09-30,315,2023-06-12,255.0000000000,570.0000000000,570,2021-11-19
actual_current,combo_qqq_50_75_block_cut,2010-02-11,2026-08-05,100000.0000000000,30201140.4858085364,301.0114048581,0.4141379062,96,5.8254327961,349009.1138135970,-0.4577019976,2021-11-19,2022-09-30,315,2023-06-02,245.0000000000,560.0000000000,560,2021-11-19
actual_current,combo_qqq_75_55_floor50,2010-02-11,2026-08-05,100000.0000000000,28204512.1908821985,281.0451219088,0.4082807154,112,6.7963382622,407975.8075001874,-0.4733270754,2021-11-19,2022-09-30,315,2023-06-12,255.0000000000,570.0000000000,570,2021-11-19
actual_current,combo_qqq_75_55_floor100,2010-02-11,2026-08-05,100000.0000000000,28289945.4655744061,281.8994546557,0.4085392017,150,9.1022387440,615255.9678642191,-0.5157641581,2021-11-19,2022-12-28,404,2023-07-18,202.0000000000,606.0000000000,606,2021-11-19
actual_current,combo_qqq_75_55_step_up,2010-02-11,2026-08-05,100000.0000000000,29982657.6391475797,298.8265763915,0.4135149999,154,9.3449651105,598104.8326357866,-0.5024659350,2021-11-19,2022-09-30,315,2023-07-13,286.0000000000,601.0000000000,601,2021-11-19
actual_current,combo_qqq_75_55_block_cut,2010-02-11,2026-08-05,100000.0000000000,30914421.3859199658,308.1442138592,0.4161424468,94,5.7040696129,349263.6011288422,-0.4577015838,2021-11-19,2022-09-30,315,2023-06-02,245.0000000000,560.0000000000,560,2021-11-19
actual_current,combo_qqq_75_65_floor50,2010-02-11,2026-08-05,100000.0000000000,30513894.6099964529,304.1389461000,0.4150222581,106,6.4322487124,429090.8675483007,-0.4584001409,2024-12-16,2025-05-23,158,2026-05-26,368.0000000000,526.0000000000,570,2021-11-19
actual_current,combo_qqq_75_65_floor100,2010-02-11,2026-08-05,100000.0000000000,32405281.9101951458,323.0528191020,0.4201956005,120,7.2817909952,571035.7835566333,-0.4924598813,2021-11-19,2022-12-28,404,2023-07-13,197.0000000000,601.0000000000,601,2021-11-19
actual_current,combo_qqq_75_65_step_up,2010-02-11,2026-08-05,100000.0000000000,31643852.7360173687,315.4385273602,0.4181479371,121,7.3424725868,495246.6350865540,-0.4915558948,2021-11-19,2022-09-30,315,2023-07-13,286.0000000000,601.0000000000,601,2021-11-19
actual_current,combo_qqq_75_65_block_cut,2010-02-11,2026-08-05,100000.0000000000,30914421.3859199658,308.1442138592,0.4161424468,94,5.7040696129,349263.6011288422,-0.4577015838,2021-11-19,2022-09-30,315,2023-06-02,245.0000000000,560.0000000000,560,2021-11-19
actual_current,combo_qqq_75_75_floor50,2010-02-11,2026-08-05,100000.0000000000,31388222.6787012443,312.8822267870,0.4174500996,104,6.3108855292,424402.5460771901,-0.4663708062,2024-12-16,2025-05-23,158,2026-05-26,368.0000000000,526.0000000000,560,2021-11-19
actual_current,combo_qqq_75_75_floor100,2010-02-11,2026-08-05,100000.0000000000,33760532.1560059413,336.6053215601,0.4237308631,115,6.9783830370,506396.3714341115,-0.4882719023,2024-12-16,2025-05-23,158,2026-05-26,368.0000000000,526.0000000000,570,2021-11-19
actual_current,combo_qqq_75_75_step_up,2010-02-11,2026-08-05,100000.0000000000,32143042.3735303544,320.4304237353,0.4194955270,113,6.8570198538,436776.6371830757,-0.4797731092,2021-11-19,2022-09-30,315,2023-06-12,255.0000000000,570.0000000000,570,2021-11-19
actual_current,combo_qqq_75_75_block_cut,2010-02-11,2026-08-05,100000.0000000000,30201140.4858085364,301.0114048581,0.4141379062,96,5.8254327961,349009.1138135970,-0.4577019976,2021-11-19,2022-09-30,315,2023-06-02,245.0000000000,560.0000000000,560,2021-11-19
actual_current,combo_qqq_100_55_floor50,2010-02-11,2026-08-05,100000.0000000000,29895161.7554456256,297.9516175545,0.4132643481,102,6.1895223459,388660.4540855759,-0.4584001305,2024-12-16,2025-05-23,158,2026-05-26,368.0000000000,526.0000000000,559,2021-11-19
actual_current,combo_qqq_100_55_floor100,2010-02-11,2026-08-05,100000.0000000000,29373200.5963123925,292.7320059631,0.4117545990,124,7.5245173617,501074.3296555433,-0.4790457327,2021-11-19,2022-09-30,315,2023-06-14,257.0000000000,572.0000000000,572,2021-11-19
actual_current,combo_qqq_100_55_step_up,2010-02-11,2026-08-05,100000.0000000000,29213992.1359085739,291.1399213591,0.4112890782,128,7.7672437282,493381.0344967486,-0.4939195510,2021-11-19,2022-09-30,315,2023-06-15,258.0000000000,573.0000000000,573,2021-11-19
actual_current,combo_qqq_100_55_block_cut,2010-02-11,2026-08-05,100000.0000000000,30914421.3859199658,308.1442138592,0.4161424468,94,5.7040696129,349263.6011288422,-0.4577015838,2021-11-19,2022-09-30,315,2023-06-02,245.0000000000,560.0000000000,560,2021-11-19
actual_current,combo_qqq_100_65_floor50,2010-02-11,2026-08-05,100000.0000000000,31146813.0186933987,310.4681301869,0.4167861633,98,5.9467959794,403582.3452594599,-0.4584004060,2024-12-16,2025-05-23,158,2026-05-26,368.0000000000,526.0000000000,560,2021-11-19
actual_current,combo_qqq_100_65_floor100,2010-02-11,2026-08-05,100000.0000000000,31583713.5502768010,314.8371355028,0.4179842424,114,6.9177014454,516098.9421103285,-0.5088235629,2021-11-19,2022-09-30,315,2023-07-13,286.0000000000,601.0000000000,601,2021-11-19
actual_current,combo_qqq_100_65_step_up,2010-02-11,2026-08-05,100000.0000000000,30145601.8566901237,300.4560185669,0.4139799648,115,6.9783830370,470112.6570708164,-0.5088238255,2021-11-19,2022-09-30,315,2023-07-13,286.0000000000,601.0000000000,601,2021-11-19
actual_current,combo_qqq_100_65_block_cut,2010-02-11,2026-08-05,100000.0000000000,30914421.3859199658,308.1442138592,0.4161424468,94,5.7040696129,349263.6011288422,-0.4577015838,2021-11-19,2022-09-30,315,2023-06-02,245.0000000000,560.0000000000,560,2021-11-19
actual_current,combo_qqq_100_75_floor50,2010-02-11,2026-08-05,100000.0000000000,31388222.6787012443,312.8822267870,0.4174500996,104,6.3108855292,424402.5460771901,-0.4663708062,2024-12-16,2025-05-23,158,2026-05-26,368.0000000000,526.0000000000,560,2021-11-19
actual_current,combo_qqq_100_75_floor100,2010-02-11,2026-08-05,100000.0000000000,33927050.6606027484,338.2705066060,0.4241560052,115,6.9783830370,508889.5656932328,-0.4882720232,2024-12-16,2025-05-23,158,2026-05-26,368.0000000000,526.0000000000,570,2021-11-19
actual_current,combo_qqq_100_75_step_up,2010-02-11,2026-08-05,100000.0000000000,32301678.0363624692,322.0167803636,0.4199196582,113,6.8570198538,438927.0208086897,-0.4797727273,2021-11-19,2022-09-30,315,2023-06-12,255.0000000000,570.0000000000,570,2021-11-19
actual_current,combo_qqq_100_75_block_cut,2010-02-11,2026-08-05,100000.0000000000,30201140.4858085364,301.0114048581,0.4141379062,96,5.8254327961,349009.1138135970,-0.4577019976,2021-11-19,2022-09-30,315,2023-06-02,245.0000000000,560.0000000000,560,2021-11-19
actual_current,filtered_ret_qqq_40_sma100_block_cut,2010-02-11,2026-08-05,100000.0000000000,35041362.9987624586,349.4136299876,0.4269515401,88,5.3399800631,373376.4980158139,-0.4577019316,2021-11-19,2022-09-30,315,2023-06-02,245.0000000000,560.0000000000,560,2021-11-19
actual_current,filtered_ret_qqq_40_sma150_block_cut,2010-02-11,2026-08-05,100000.0000000000,35041362.9987624586,349.4136299876,0.4269515401,88,5.3399800631,373376.4980158139,-0.4577019316,2021-11-19,2022-09-30,315,2023-06-02,245.0000000000,560.0000000000,560,2021-11-19
actual_current,filtered_ret_qqq_40_sma200_block_cut,2010-02-11,2026-08-05,100000.0000000000,34742901.4449799508,346.4290144498,0.4262110538,86,5.2186168799,369995.7346649402,-0.4577023154,2021-11-19,2022-09-30,315,2023-06-02,245.0000000000,560.0000000000,560,2021-11-19
actual_current,filtered_ret_qqq_40_return60_block_cut,2010-02-11,2026-08-05,100000.0000000000,35131202.2032044381,350.3120220320,0.4271732722,88,5.3399800631,374330.6876476888,-0.4577023486,2021-11-19,2022-09-30,315,2023-06-02,245.0000000000,560.0000000000,560,2021-11-19
actual_current,filtered_ret_qqq_40_return120_block_cut,2010-02-11,2026-08-05,100000.0000000000,35041362.9987624586,349.4136299876,0.4269515401,88,5.3399800631,373376.4980158139,-0.4577019316,2021-11-19,2022-09-30,315,2023-06-02,245.0000000000,560.0000000000,560,2021-11-19
actual_current,filtered_ret_qqq_40_return200_block_cut,2010-02-11,2026-08-05,100000.0000000000,34742901.4449799508,346.4290144498,0.4262110538,86,5.2186168799,369995.7346649402,-0.4577023154,2021-11-19,2022-09-30,315,2023-06-02,245.0000000000,560.0000000000,560,2021-11-19
actual_current,filtered_ret_qqq_60_sma100_block_cut,2010-02-11,2026-08-05,100000.0000000000,29566963.5362582877,294.6696353626,0.4123179691,92,5.5827064296,339682.8050061410,-0.4577013962,2021-11-19,2022-09-30,315,2023-06-02,245.0000000000,560.0000000000,560,2021-11-19
actual_current,filtered_ret_qqq_60_sma150_block_cut,2010-02-11,2026-08-05,100000.0000000000,29566963.5362582877,294.6696353626,0.4123179691,92,5.5827064296,339682.8050061410,-0.4577013962,2021-11-19,2022-09-30,315,2023-06-02,245.0000000000,560.0000000000,560,2021-11-19
actual_current,filtered_ret_qqq_60_sma200_block_cut,2010-02-11,2026-08-05,100000.0000000000,29566963.5362582877,294.6696353626,0.4123179691,92,5.5827064296,339682.8050061410,-0.4577013962,2021-11-19,2022-09-30,315,2023-06-02,245.0000000000,560.0000000000,560,2021-11-19
actual_current,filtered_ret_qqq_60_return60_block_cut,2010-02-11,2026-08-05,100000.0000000000,29566963.5362582877,294.6696353626,0.4123179691,92,5.5827064296,339682.8050061410,-0.4577013962,2021-11-19,2022-09-30,315,2023-06-02,245.0000000000,560.0000000000,560,2021-11-19
actual_current,filtered_ret_qqq_60_return120_block_cut,2010-02-11,2026-08-05,100000.0000000000,29566963.5362582877,294.6696353626,0.4123179691,92,5.5827064296,339682.8050061410,-0.4577013962,2021-11-19,2022-09-30,315,2023-06-02,245.0000000000,560.0000000000,560,2021-11-19
actual_current,filtered_ret_qqq_60_return200_block_cut,2010-02-11,2026-08-05,100000.0000000000,29566963.5362582877,294.6696353626,0.4123179691,92,5.5827064296,339682.8050061410,-0.4577013962,2021-11-19,2022-09-30,315,2023-06-02,245.0000000000,560.0000000000,560,2021-11-19
actual_current,filtered_ret_qqq_80_sma100_block_cut,2010-02-11,2026-08-05,100000.0000000000,29252776.0577512607,291.5277605775,0.4114027004,94,5.7040696129,330133.6143350668,-0.4577023552,2021-11-19,2022-09-30,315,2023-06-02,245.0000000000,560.0000000000,560,2021-11-19
actual_current,filtered_ret_qqq_80_sma150_block_cut,2010-02-11,2026-08-05,100000.0000000000,29252776.0577512607,291.5277605775,0.4114027004,94,5.7040696129,330133.6143350668,-0.4577023552,2021-11-19,2022-09-30,315,2023-06-02,245.0000000000,560.0000000000,560,2021-11-19
actual_current,filtered_ret_qqq_80_sma200_block_cut,2010-02-11,2026-08-05,100000.0000000000,29252776.0577512607,291.5277605775,0.4114027004,94,5.7040696129,330133.6143350668,-0.4577023552,2021-11-19,2022-09-30,315,2023-06-02,245.0000000000,560.0000000000,560,2021-11-19
actual_current,filtered_ret_qqq_80_return60_block_cut,2010-02-11,2026-08-05,100000.0000000000,29252776.0577512607,291.5277605775,0.4114027004,94,5.7040696129,330133.6143350668,-0.4577023552,2021-11-19,2022-09-30,315,2023-06-02,245.0000000000,560.0000000000,560,2021-11-19
actual_current,filtered_ret_qqq_80_return120_block_cut,2010-02-11,2026-08-05,100000.0000000000,29252776.0577512607,291.5277605775,0.4114027004,94,5.7040696129,330133.6143350668,-0.4577023552,2021-11-19,2022-09-30,315,2023-06-02,245.0000000000,560.0000000000,560,2021-11-19
actual_current,filtered_ret_qqq_80_return200_block_cut,2010-02-11,2026-08-05,100000.0000000000,29252776.0577512607,291.5277605775,0.4114027004,94,5.7040696129,330133.6143350668,-0.4577023552,2021-11-19,2022-09-30,315,2023-06-02,245.0000000000,560.0000000000,560,2021-11-19
actual_current,filtered_ret_qqq_100_sma100_block_cut,2010-02-11,2026-08-05,100000.0000000000,28932817.4875716567,288.3281748757,0.4104610805,94,5.7040696129,329663.5108682684,-0.4577023552,2021-11-19,2022-09-30,315,2023-06-02,245.0000000000,560.0000000000,560,2021-11-19
actual_current,filtered_ret_qqq_100_sma150_block_cut,2010-02-11,2026-08-05,100000.0000000000,28932817.4875716567,288.3281748757,0.4104610805,94,5.7040696129,329663.5108682684,-0.4577023552,2021-11-19,2022-09-30,315,2023-06-02,245.0000000000,560.0000000000,560,2021-11-19
actual_current,filtered_ret_qqq_100_sma200_block_cut,2010-02-11,2026-08-05,100000.0000000000,28932817.4875716567,288.3281748757,0.4104610805,94,5.7040696129,329663.5108682684,-0.4577023552,2021-11-19,2022-09-30,315,2023-06-02,245.0000000000,560.0000000000,560,2021-11-19
actual_current,filtered_ret_qqq_100_return60_block_cut,2010-02-11,2026-08-05,100000.0000000000,28932817.4875716567,288.3281748757,0.4104610805,94,5.7040696129,329663.5108682684,-0.4577023552,2021-11-19,2022-09-30,315,2023-06-02,245.0000000000,560.0000000000,560,2021-11-19
actual_current,filtered_ret_qqq_100_return120_block_cut,2010-02-11,2026-08-05,100000.0000000000,28932817.4875716567,288.3281748757,0.4104610805,94,5.7040696129,329663.5108682684,-0.4577023552,2021-11-19,2022-09-30,315,2023-06-02,245.0000000000,560.0000000000,560,2021-11-19
actual_current,filtered_ret_qqq_100_return200_block_cut,2010-02-11,2026-08-05,100000.0000000000,28932817.4875716567,288.3281748757,0.4104610805,94,5.7040696129,329663.5108682684,-0.4577023552,2021-11-19,2022-09-30,315,2023-06-02,245.0000000000,560.0000000000,560,2021-11-19
actual_current,filtered_ret_qqq_120_sma100_block_cut,2010-02-11,2026-08-05,100000.0000000000,30201140.4858085364,301.0114048581,0.4141379062,96,5.8254327961,349009.1138135970,-0.4577019976,2021-11-19,2022-09-30,315,2023-06-02,245.0000000000,560.0000000000,560,2021-11-19
actual_current,filtered_ret_qqq_120_sma150_block_cut,2010-02-11,2026-08-05,100000.0000000000,30201140.4858085364,301.0114048581,0.4141379062,96,5.8254327961,349009.1138135970,-0.4577019976,2021-11-19,2022-09-30,315,2023-06-02,245.0000000000,560.0000000000,560,2021-11-19
actual_current,filtered_ret_qqq_120_sma200_block_cut,2010-02-11,2026-08-05,100000.0000000000,30201140.4858085364,301.0114048581,0.4141379062,96,5.8254327961,349009.1138135970,-0.4577019976,2021-11-19,2022-09-30,315,2023-06-02,245.0000000000,560.0000000000,560,2021-11-19
actual_current,filtered_ret_qqq_120_return60_block_cut,2010-02-11,2026-08-05,100000.0000000000,30201140.4858085364,301.0114048581,0.4141379062,96,5.8254327961,349009.1138135970,-0.4577019976,2021-11-19,2022-09-30,315,2023-06-02,245.0000000000,560.0000000000,560,2021-11-19
actual_current,filtered_ret_qqq_120_return120_block_cut,2010-02-11,2026-08-05,100000.0000000000,30201140.4858085364,301.0114048581,0.4141379062,96,5.8254327961,349009.1138135970,-0.4577019976,2021-11-19,2022-09-30,315,2023-06-02,245.0000000000,560.0000000000,560,2021-11-19
actual_current,filtered_ret_qqq_120_return200_block_cut,2010-02-11,2026-08-05,100000.0000000000,30201140.4858085364,301.0114048581,0.4141379062,96,5.8254327961,349009.1138135970,-0.4577019976,2021-11-19,2022-09-30,315,2023-06-02,245.0000000000,560.0000000000,560,2021-11-19
actual_current,filtered_ret_qqq_150_sma100_block_cut,2010-02-11,2026-08-05,100000.0000000000,30201140.4858085364,301.0114048581,0.4141379062,96,5.8254327961,349009.1138135970,-0.4577019976,2021-11-19,2022-09-30,315,2023-06-02,245.0000000000,560.0000000000,560,2021-11-19
actual_current,filtered_ret_qqq_150_sma150_block_cut,2010-02-11,2026-08-05,100000.0000000000,30201140.4858085364,301.0114048581,0.4141379062,96,5.8254327961,349009.1138135970,-0.4577019976,2021-11-19,2022-09-30,315,2023-06-02,245.0000000000,560.0000000000,560,2021-11-19
actual_current,filtered_ret_qqq_150_sma200_block_cut,2010-02-11,2026-08-05,100000.0000000000,30201140.4858085364,301.0114048581,0.4141379062,96,5.8254327961,349009.1138135970,-0.4577019976,2021-11-19,2022-09-30,315,2023-06-02,245.0000000000,560.0000000000,560,2021-11-19
actual_current,filtered_ret_qqq_150_return60_block_cut,2010-02-11,2026-08-05,100000.0000000000,30201140.4858085364,301.0114048581,0.4141379062,96,5.8254327961,349009.1138135970,-0.4577019976,2021-11-19,2022-09-30,315,2023-06-02,245.0000000000,560.0000000000,560,2021-11-19
actual_current,filtered_ret_qqq_150_return120_block_cut,2010-02-11,2026-08-05,100000.0000000000,30201140.4858085364,301.0114048581,0.4141379062,96,5.8254327961,349009.1138135970,-0.4577019976,2021-11-19,2022-09-30,315,2023-06-02,245.0000000000,560.0000000000,560,2021-11-19
actual_current,filtered_ret_qqq_150_return200_block_cut,2010-02-11,2026-08-05,100000.0000000000,30201140.4858085364,301.0114048581,0.4141379062,96,5.8254327961,349009.1138135970,-0.4577019976,2021-11-19,2022-09-30,315,2023-06-02,245.0000000000,560.0000000000,560,2021-11-19
actual_current,filtered_ret_tqqq_100_sma100_block_cut,2010-02-11,2026-08-05,100000.0000000000,35077000.0599145517,349.7700005991,0.4270395597,90,5.4613432464,380666.1208117387,-0.4577022349,2021-11-19,2022-09-30,315,2023-06-02,245.0000000000,560.0000000000,560,2021-11-19
actual_current,filtered_ret_tqqq_100_sma150_block_cut,2010-02-11,2026-08-05,100000.0000000000,35077000.0599145517,349.7700005991,0.4270395597,90,5.4613432464,380666.1208117387,-0.4577022349,2021-11-19,2022-09-30,315,2023-06-02,245.0000000000,560.0000000000,560,2021-11-19
actual_current,filtered_ret_tqqq_100_sma200_block_cut,2010-02-11,2026-08-05,100000.0000000000,34778294.1606424004,346.7829416064,0.4262991751,88,5.3399800631,377223.5290363465,-0.4577022415,2021-11-19,2022-09-30,315,2023-06-02,245.0000000000,560.0000000000,560,2021-11-19
actual_current,filtered_ret_tqqq_100_return60_block_cut,2010-02-11,2026-08-05,100000.0000000000,35166961.5039181858,350.6696150392,0.4272613816,90,5.4613432464,381638.8333631080,-0.4577019944,2021-11-19,2022-09-30,315,2023-06-02,245.0000000000,560.0000000000,560,2021-11-19
actual_current,filtered_ret_tqqq_100_return120_block_cut,2010-02-11,2026-08-05,100000.0000000000,35077000.0599145517,349.7700005991,0.4270395597,90,5.4613432464,380666.1208117387,-0.4577022349,2021-11-19,2022-09-30,315,2023-06-02,245.0000000000,560.0000000000,560,2021-11-19
actual_current,filtered_ret_tqqq_100_return200_block_cut,2010-02-11,2026-08-05,100000.0000000000,34778294.1606424004,346.7829416064,0.4262991751,88,5.3399800631,377223.5290363465,-0.4577022415,2021-11-19,2022-09-30,315,2023-06-02,245.0000000000,560.0000000000,560,2021-11-19
actual_current,filtered_ret_tqqq_150_sma100_block_cut,2010-02-11,2026-08-05,100000.0000000000,29566963.5362582877,294.6696353626,0.4123179691,92,5.5827064296,339682.8050061410,-0.4577013962,2021-11-19,2022-09-30,315,2023-06-02,245.0000000000,560.0000000000,560,2021-11-19
actual_current,filtered_ret_tqqq_150_sma150_block_cut,2010-02-11,2026-08-05,100000.0000000000,29566963.5362582877,294.6696353626,0.4123179691,92,5.5827064296,339682.8050061410,-0.4577013962,2021-11-19,2022-09-30,315,2023-06-02,245.0000000000,560.0000000000,560,2021-11-19
actual_current,filtered_ret_tqqq_150_sma200_block_cut,2010-02-11,2026-08-05,100000.0000000000,29566963.5362582877,294.6696353626,0.4123179691,92,5.5827064296,339682.8050061410,-0.4577013962,2021-11-19,2022-09-30,315,2023-06-02,245.0000000000,560.0000000000,560,2021-11-19
actual_current,filtered_ret_tqqq_150_return60_block_cut,2010-02-11,2026-08-05,100000.0000000000,29566963.5362582877,294.6696353626,0.4123179691,92,5.5827064296,339682.8050061410,-0.4577013962,2021-11-19,2022-09-30,315,2023-06-02,245.0000000000,560.0000000000,560,2021-11-19
actual_current,filtered_ret_tqqq_150_return120_block_cut,2010-02-11,2026-08-05,100000.0000000000,29566963.5362582877,294.6696353626,0.4123179691,92,5.5827064296,339682.8050061410,-0.4577013962,2021-11-19,2022-09-30,315,2023-06-02,245.0000000000,560.0000000000,560,2021-11-19
actual_current,filtered_ret_tqqq_150_return200_block_cut,2010-02-11,2026-08-05,100000.0000000000,29566963.5362582877,294.6696353626,0.4123179691,92,5.5827064296,339682.8050061410,-0.4577013962,2021-11-19,2022-09-30,315,2023-06-02,245.0000000000,560.0000000000,560,2021-11-19
actual_current,filtered_ret_tqqq_200_sma100_block_cut,2010-02-11,2026-08-05,100000.0000000000,28304120.7421666682,282.0412074217,0.4085820194,94,5.7040696129,331979.4313642546,-0.4577016864,2021-11-19,2022-09-30,315,2023-06-02,245.0000000000,560.0000000000,560,2021-11-19
actual_current,filtered_ret_tqqq_200_sma150_block_cut,2010-02-11,2026-08-05,100000.0000000000,28304120.7421666682,282.0412074217,0.4085820194,94,5.7040696129,331979.4313642546,-0.4577016864,2021-11-19,2022-09-30,315,2023-06-02,245.0000000000,560.0000000000,560,2021-11-19
actual_current,filtered_ret_tqqq_200_sma200_block_cut,2010-02-11,2026-08-05,100000.0000000000,28304120.7421666682,282.0412074217,0.4085820194,94,5.7040696129,331979.4313642546,-0.4577016864,2021-11-19,2022-09-30,315,2023-06-02,245.0000000000,560.0000000000,560,2021-11-19
actual_current,filtered_ret_tqqq_200_return60_block_cut,2010-02-11,2026-08-05,100000.0000000000,28304120.7421666682,282.0412074217,0.4085820194,94,5.7040696129,331979.4313642546,-0.4577016864,2021-11-19,2022-09-30,315,2023-06-02,245.0000000000,560.0000000000,560,2021-11-19
actual_current,filtered_ret_tqqq_200_return120_block_cut,2010-02-11,2026-08-05,100000.0000000000,28304120.7421666682,282.0412074217,0.4085820194,94,5.7040696129,331979.4313642546,-0.4577016864,2021-11-19,2022-09-30,315,2023-06-02,245.0000000000,560.0000000000,560,2021-11-19
actual_current,filtered_ret_tqqq_200_return200_block_cut,2010-02-11,2026-08-05,100000.0000000000,28304120.7421666682,282.0412074217,0.4085820194,94,5.7040696129,331979.4313642546,-0.4577016864,2021-11-19,2022-09-30,315,2023-06-02,245.0000000000,560.0000000000,560,2021-11-19
actual_current,filtered_ret_tqqq_250_sma100_block_cut,2010-02-11,2026-08-05,100000.0000000000,28932817.4875716567,288.3281748757,0.4104610805,94,5.7040696129,329663.5108682684,-0.4577023552,2021-11-19,2022-09-30,315,2023-06-02,245.0000000000,560.0000000000,560,2021-11-19
actual_current,filtered_ret_tqqq_250_sma150_block_cut,2010-02-11,2026-08-05,100000.0000000000,28932817.4875716567,288.3281748757,0.4104610805,94,5.7040696129,329663.5108682684,-0.4577023552,2021-11-19,2022-09-30,315,2023-06-02,245.0000000000,560.0000000000,560,2021-11-19
actual_current,filtered_ret_tqqq_250_sma200_block_cut,2010-02-11,2026-08-05,100000.0000000000,28932817.4875716567,288.3281748757,0.4104610805,94,5.7040696129,329663.5108682684,-0.4577023552,2021-11-19,2022-09-30,315,2023-06-02,245.0000000000,560.0000000000,560,2021-11-19
actual_current,filtered_ret_tqqq_250_return60_block_cut,2010-02-11,2026-08-05,100000.0000000000,28932817.4875716567,288.3281748757,0.4104610805,94,5.7040696129,329663.5108682684,-0.4577023552,2021-11-19,2022-09-30,315,2023-06-02,245.0000000000,560.0000000000,560,2021-11-19
actual_current,filtered_ret_tqqq_250_return120_block_cut,2010-02-11,2026-08-05,100000.0000000000,28932817.4875716567,288.3281748757,0.4104610805,94,5.7040696129,329663.5108682684,-0.4577023552,2021-11-19,2022-09-30,315,2023-06-02,245.0000000000,560.0000000000,560,2021-11-19
actual_current,filtered_ret_tqqq_250_return200_block_cut,2010-02-11,2026-08-05,100000.0000000000,28932817.4875716567,288.3281748757,0.4104610805,94,5.7040696129,329663.5108682684,-0.4577023552,2021-11-19,2022-09-30,315,2023-06-02,245.0000000000,560.0000000000,560,2021-11-19
actual_current,filtered_ret_tqqq_300_sma100_block_cut,2010-02-11,2026-08-05,100000.0000000000,28932817.4875716567,288.3281748757,0.4104610805,94,5.7040696129,329663.5108682684,-0.4577023552,2021-11-19,2022-09-30,315,2023-06-02,245.0000000000,560.0000000000,560,2021-11-19
actual_current,filtered_ret_tqqq_300_sma150_block_cut,2010-02-11,2026-08-05,100000.0000000000,28932817.4875716567,288.3281748757,0.4104610805,94,5.7040696129,329663.5108682684,-0.4577023552,2021-11-19,2022-09-30,315,2023-06-02,245.0000000000,560.0000000000,560,2021-11-19
actual_current,filtered_ret_tqqq_300_sma200_block_cut,2010-02-11,2026-08-05,100000.0000000000,28932817.4875716567,288.3281748757,0.4104610805,94,5.7040696129,329663.5108682684,-0.4577023552,2021-11-19,2022-09-30,315,2023-06-02,245.0000000000,560.0000000000,560,2021-11-19
actual_current,filtered_ret_tqqq_300_return60_block_cut,2010-02-11,2026-08-05,100000.0000000000,28932817.4875716567,288.3281748757,0.4104610805,94,5.7040696129,329663.5108682684,-0.4577023552,2021-11-19,2022-09-30,315,2023-06-02,245.0000000000,560.0000000000,560,2021-11-19
actual_current,filtered_ret_tqqq_300_return120_block_cut,2010-02-11,2026-08-05,100000.0000000000,28932817.4875716567,288.3281748757,0.4104610805,94,5.7040696129,329663.5108682684,-0.4577023552,2021-11-19,2022-09-30,315,2023-06-02,245.0000000000,560.0000000000,560,2021-11-19
actual_current,filtered_ret_tqqq_300_return200_block_cut,2010-02-11,2026-08-05,100000.0000000000,28932817.4875716567,288.3281748757,0.4104610805,94,5.7040696129,329663.5108682684,-0.4577023552,2021-11-19,2022-09-30,315,2023-06-02,245.0000000000,560.0000000000,560,2021-11-19
actual_current,filtered_varshare_qqq_60_sma100_block_cut,2010-02-11,2026-08-05,100000.0000000000,31271102.7584378906,311.7110275844,0.4171285922,94,5.7040696129,352467.2089717745,-0.4577017018,2021-11-19,2022-09-30,315,2023-06-02,245.0000000000,560.0000000000,560,2021-11-19
actual_current,filtered_varshare_qqq_60_sma150_block_cut,2010-02-11,2026-08-05,100000.0000000000,31271102.7584378906,311.7110275844,0.4171285922,94,5.7040696129,352467.2089717745,-0.4577017018,2021-11-19,2022-09-30,315,2023-06-02,245.0000000000,560.0000000000,560,2021-11-19
actual_current,filtered_varshare_qqq_60_sma200_block_cut,2010-02-11,2026-08-05,100000.0000000000,31271102.7584378906,311.7110275844,0.4171285922,94,5.7040696129,352467.2089717745,-0.4577017018,2021-11-19,2022-09-30,315,2023-06-02,245.0000000000,560.0000000000,560,2021-11-19
actual_current,filtered_varshare_qqq_60_return60_block_cut,2010-02-11,2026-08-05,100000.0000000000,31351312.3345296755,312.5131233453,0.4173488983,94,5.7040696129,353367.8923414725,-0.4577016949,2021-11-19,2022-09-30,315,2023-06-02,245.0000000000,560.0000000000,560,2021-11-19
actual_current,filtered_varshare_qqq_60_return120_block_cut,2010-02-11,2026-08-05,100000.0000000000,31271102.7584378906,311.7110275844,0.4171285922,94,5.7040696129,352467.2089717745,-0.4577017018,2021-11-19,2022-09-30,315,2023-06-02,245.0000000000,560.0000000000,560,2021-11-19
actual_current,filtered_varshare_qqq_60_return200_block_cut,2010-02-11,2026-08-05,100000.0000000000,31271102.7584378906,311.7110275844,0.4171285922,94,5.7040696129,352467.2089717745,-0.4577017018,2021-11-19,2022-09-30,315,2023-06-02,245.0000000000,560.0000000000,560,2021-11-19
actual_current,filtered_varshare_qqq_65_sma100_block_cut,2010-02-11,2026-08-05,100000.0000000000,30914421.3859199658,308.1442138592,0.4161424468,94,5.7040696129,349263.6011288422,-0.4577015838,2021-11-19,2022-09-30,315,2023-06-02,245.0000000000,560.0000000000,560,2021-11-19
actual_current,filtered_varshare_qqq_65_sma150_block_cut,2010-02-11,2026-08-05,100000.0000000000,30914421.3859199658,308.1442138592,0.4161424468,94,5.7040696129,349263.6011288422,-0.4577015838,2021-11-19,2022-09-30,315,2023-06-02,245.0000000000,560.0000000000,560,2021-11-19
actual_current,filtered_varshare_qqq_65_sma200_block_cut,2010-02-11,2026-08-05,100000.0000000000,30914421.3859199658,308.1442138592,0.4161424468,94,5.7040696129,349263.6011288422,-0.4577015838,2021-11-19,2022-09-30,315,2023-06-02,245.0000000000,560.0000000000,560,2021-11-19
actual_current,filtered_varshare_qqq_65_return60_block_cut,2010-02-11,2026-08-05,100000.0000000000,30914421.3859199658,308.1442138592,0.4161424468,94,5.7040696129,349263.6011288422,-0.4577015838,2021-11-19,2022-09-30,315,2023-06-02,245.0000000000,560.0000000000,560,2021-11-19
actual_current,filtered_varshare_qqq_65_return120_block_cut,2010-02-11,2026-08-05,100000.0000000000,30914421.3859199658,308.1442138592,0.4161424468,94,5.7040696129,349263.6011288422,-0.4577015838,2021-11-19,2022-09-30,315,2023-06-02,245.0000000000,560.0000000000,560,2021-11-19
actual_current,filtered_varshare_qqq_65_return200_block_cut,2010-02-11,2026-08-05,100000.0000000000,30914421.3859199658,308.1442138592,0.4161424468,94,5.7040696129,349263.6011288422,-0.4577015838,2021-11-19,2022-09-30,315,2023-06-02,245.0000000000,560.0000000000,560,2021-11-19
actual_current,filtered_varshare_qqq_70_sma100_block_cut,2010-02-11,2026-08-05,100000.0000000000,30201140.4858085364,301.0114048581,0.4141379062,96,5.8254327961,349009.1138135970,-0.4577019976,2021-11-19,2022-09-30,315,2023-06-02,245.0000000000,560.0000000000,560,2021-11-19
actual_current,filtered_varshare_qqq_70_sma150_block_cut,2010-02-11,2026-08-05,100000.0000000000,30201140.4858085364,301.0114048581,0.4141379062,96,5.8254327961,349009.1138135970,-0.4577019976,2021-11-19,2022-09-30,315,2023-06-02,245.0000000000,560.0000000000,560,2021-11-19
actual_current,filtered_varshare_qqq_70_sma200_block_cut,2010-02-11,2026-08-05,100000.0000000000,30201140.4858085364,301.0114048581,0.4141379062,96,5.8254327961,349009.1138135970,-0.4577019976,2021-11-19,2022-09-30,315,2023-06-02,245.0000000000,560.0000000000,560,2021-11-19
actual_current,filtered_varshare_qqq_70_return60_block_cut,2010-02-11,2026-08-05,100000.0000000000,30201140.4858085364,301.0114048581,0.4141379062,96,5.8254327961,349009.1138135970,-0.4577019976,2021-11-19,2022-09-30,315,2023-06-02,245.0000000000,560.0000000000,560,2021-11-19
actual_current,filtered_varshare_qqq_70_return120_block_cut,2010-02-11,2026-08-05,100000.0000000000,30201140.4858085364,301.0114048581,0.4141379062,96,5.8254327961,349009.1138135970,-0.4577019976,2021-11-19,2022-09-30,315,2023-06-02,245.0000000000,560.0000000000,560,2021-11-19
actual_current,filtered_varshare_qqq_70_return200_block_cut,2010-02-11,2026-08-05,100000.0000000000,30201140.4858085364,301.0114048581,0.4141379062,96,5.8254327961,349009.1138135970,-0.4577019976,2021-11-19,2022-09-30,315,2023-06-02,245.0000000000,560.0000000000,560,2021-11-19
actual_current,filtered_varshare_tqqq_60_sma100_block_cut,2010-02-11,2026-08-05,100000.0000000000,30698196.6024653167,305.9819660247,0.4155394166,92,5.5827064296,339355.9300026059,-0.4577021868,2021-11-19,2022-09-30,315,2023-06-02,245.0000000000,560.0000000000,560,2021-11-19
actual_current,filtered_varshare_tqqq_60_sma150_block_cut,2010-02-11,2026-08-05,100000.0000000000,30698196.6024653167,305.9819660247,0.4155394166,92,5.5827064296,339355.9300026059,-0.4577021868,2021-11-19,2022-09-30,315,2023-06-02,245.0000000000,560.0000000000,560,2021-11-19
actual_current,filtered_varshare_tqqq_60_sma200_block_cut,2010-02-11,2026-08-05,100000.0000000000,30698196.6024653167,305.9819660247,0.4155394166,92,5.5827064296,339355.9300026059,-0.4577021868,2021-11-19,2022-09-30,315,2023-06-02,245.0000000000,560.0000000000,560,2021-11-19
actual_current,filtered_varshare_tqqq_60_return60_block_cut,2010-02-11,2026-08-05,100000.0000000000,30776933.8502460271,306.7693385025,0.4157594678,92,5.5827064296,340223.1609170406,-0.4577016647,2021-11-19,2022-09-30,315,2023-06-02,245.0000000000,560.0000000000,560,2021-11-19
actual_current,filtered_varshare_tqqq_60_return120_block_cut,2010-02-11,2026-08-05,100000.0000000000,30698196.6024653167,305.9819660247,0.4155394166,92,5.5827064296,339355.9300026059,-0.4577021868,2021-11-19,2022-09-30,315,2023-06-02,245.0000000000,560.0000000000,560,2021-11-19
actual_current,filtered_varshare_tqqq_60_return200_block_cut,2010-02-11,2026-08-05,100000.0000000000,30698196.6024653167,305.9819660247,0.4155394166,92,5.5827064296,339355.9300026059,-0.4577021868,2021-11-19,2022-09-30,315,2023-06-02,245.0000000000,560.0000000000,560,2021-11-19
actual_current,filtered_varshare_tqqq_65_sma100_block_cut,2010-02-11,2026-08-05,100000.0000000000,30914421.3859199658,308.1442138592,0.4161424468,94,5.7040696129,349263.6011288422,-0.4577015838,2021-11-19,2022-09-30,315,2023-06-02,245.0000000000,560.0000000000,560,2021-11-19
actual_current,filtered_varshare_tqqq_65_sma150_block_cut,2010-02-11,2026-08-05,100000.0000000000,30914421.3859199658,308.1442138592,0.4161424468,94,5.7040696129,349263.6011288422,-0.4577015838,2021-11-19,2022-09-30,315,2023-06-02,245.0000000000,560.0000000000,560,2021-11-19
actual_current,filtered_varshare_tqqq_65_sma200_block_cut,2010-02-11,2026-08-05,100000.0000000000,30914421.3859199658,308.1442138592,0.4161424468,94,5.7040696129,349263.6011288422,-0.4577015838,2021-11-19,2022-09-30,315,2023-06-02,245.0000000000,560.0000000000,560,2021-11-19
actual_current,filtered_varshare_tqqq_65_return60_block_cut,2010-02-11,2026-08-05,100000.0000000000,30914421.3859199658,308.1442138592,0.4161424468,94,5.7040696129,349263.6011288422,-0.4577015838,2021-11-19,2022-09-30,315,2023-06-02,245.0000000000,560.0000000000,560,2021-11-19
actual_current,filtered_varshare_tqqq_65_return120_block_cut,2010-02-11,2026-08-05,100000.0000000000,30914421.3859199658,308.1442138592,0.4161424468,94,5.7040696129,349263.6011288422,-0.4577015838,2021-11-19,2022-09-30,315,2023-06-02,245.0000000000,560.0000000000,560,2021-11-19
actual_current,filtered_varshare_tqqq_65_return200_block_cut,2010-02-11,2026-08-05,100000.0000000000,30914421.3859199658,308.1442138592,0.4161424468,94,5.7040696129,349263.6011288422,-0.4577015838,2021-11-19,2022-09-30,315,2023-06-02,245.0000000000,560.0000000000,560,2021-11-19
actual_current,filtered_varshare_tqqq_70_sma100_block_cut,2010-02-11,2026-08-05,100000.0000000000,30201140.4858085364,301.0114048581,0.4141379062,96,5.8254327961,349009.1138135970,-0.4577019976,2021-11-19,2022-09-30,315,2023-06-02,245.0000000000,560.0000000000,560,2021-11-19
actual_current,filtered_varshare_tqqq_70_sma150_block_cut,2010-02-11,2026-08-05,100000.0000000000,30201140.4858085364,301.0114048581,0.4141379062,96,5.8254327961,349009.1138135970,-0.4577019976,2021-11-19,2022-09-30,315,2023-06-02,245.0000000000,560.0000000000,560,2021-11-19
actual_current,filtered_varshare_tqqq_70_sma200_block_cut,2010-02-11,2026-08-05,100000.0000000000,30201140.4858085364,301.0114048581,0.4141379062,96,5.8254327961,349009.1138135970,-0.4577019976,2021-11-19,2022-09-30,315,2023-06-02,245.0000000000,560.0000000000,560,2021-11-19
actual_current,filtered_varshare_tqqq_70_return60_block_cut,2010-02-11,2026-08-05,100000.0000000000,30201140.4858085364,301.0114048581,0.4141379062,96,5.8254327961,349009.1138135970,-0.4577019976,2021-11-19,2022-09-30,315,2023-06-02,245.0000000000,560.0000000000,560,2021-11-19
actual_current,filtered_varshare_tqqq_70_return120_block_cut,2010-02-11,2026-08-05,100000.0000000000,30201140.4858085364,301.0114048581,0.4141379062,96,5.8254327961,349009.1138135970,-0.4577019976,2021-11-19,2022-09-30,315,2023-06-02,245.0000000000,560.0000000000,560,2021-11-19
actual_current,filtered_varshare_tqqq_70_return200_block_cut,2010-02-11,2026-08-05,100000.0000000000,30201140.4858085364,301.0114048581,0.4141379062,96,5.8254327961,349009.1138135970,-0.4577019976,2021-11-19,2022-09-30,315,2023-06-02,245.0000000000,560.0000000000,560,2021-11-19
actual_current,filtered_magratio_qqq_200_sma100_block_cut,2010-02-11,2026-08-05,100000.0000000000,30914421.3859199658,308.1442138592,0.4161424468,94,5.7040696129,349263.6011288422,-0.4577015838,2021-11-19,2022-09-30,315,2023-06-02,245.0000000000,560.0000000000,560,2021-11-19
actual_current,filtered_magratio_qqq_200_sma150_block_cut,2010-02-11,2026-08-05,100000.0000000000,30914421.3859199658,308.1442138592,0.4161424468,94,5.7040696129,349263.6011288422,-0.4577015838,2021-11-19,2022-09-30,315,2023-06-02,245.0000000000,560.0000000000,560,2021-11-19
actual_current,filtered_magratio_qqq_200_sma200_block_cut,2010-02-11,2026-08-05,100000.0000000000,30914421.3859199658,308.1442138592,0.4161424468,94,5.7040696129,349263.6011288422,-0.4577015838,2021-11-19,2022-09-30,315,2023-06-02,245.0000000000,560.0000000000,560,2021-11-19
actual_current,filtered_magratio_qqq_200_return60_block_cut,2010-02-11,2026-08-05,100000.0000000000,30914421.3859199658,308.1442138592,0.4161424468,94,5.7040696129,349263.6011288422,-0.4577015838,2021-11-19,2022-09-30,315,2023-06-02,245.0000000000,560.0000000000,560,2021-11-19
actual_current,filtered_magratio_qqq_200_return120_block_cut,2010-02-11,2026-08-05,100000.0000000000,30914421.3859199658,308.1442138592,0.4161424468,94,5.7040696129,349263.6011288422,-0.4577015838,2021-11-19,2022-09-30,315,2023-06-02,245.0000000000,560.0000000000,560,2021-11-19
actual_current,filtered_magratio_qqq_200_return200_block_cut,2010-02-11,2026-08-05,100000.0000000000,30914421.3859199658,308.1442138592,0.4161424468,94,5.7040696129,349263.6011288422,-0.4577015838,2021-11-19,2022-09-30,315,2023-06-02,245.0000000000,560.0000000000,560,2021-11-19
actual_current,filtered_magratio_qqq_300_sma100_block_cut,2010-02-11,2026-08-05,100000.0000000000,30201140.4858085364,301.0114048581,0.4141379062,96,5.8254327961,349009.1138135970,-0.4577019976,2021-11-19,2022-09-30,315,2023-06-02,245.0000000000,560.0000000000,560,2021-11-19
actual_current,filtered_magratio_qqq_300_sma150_block_cut,2010-02-11,2026-08-05,100000.0000000000,30201140.4858085364,301.0114048581,0.4141379062,96,5.8254327961,349009.1138135970,-0.4577019976,2021-11-19,2022-09-30,315,2023-06-02,245.0000000000,560.0000000000,560,2021-11-19
actual_current,filtered_magratio_qqq_300_sma200_block_cut,2010-02-11,2026-08-05,100000.0000000000,30201140.4858085364,301.0114048581,0.4141379062,96,5.8254327961,349009.1138135970,-0.4577019976,2021-11-19,2022-09-30,315,2023-06-02,245.0000000000,560.0000000000,560,2021-11-19
actual_current,filtered_magratio_qqq_300_return60_block_cut,2010-02-11,2026-08-05,100000.0000000000,30201140.4858085364,301.0114048581,0.4141379062,96,5.8254327961,349009.1138135970,-0.4577019976,2021-11-19,2022-09-30,315,2023-06-02,245.0000000000,560.0000000000,560,2021-11-19
actual_current,filtered_magratio_qqq_300_return120_block_cut,2010-02-11,2026-08-05,100000.0000000000,30201140.4858085364,301.0114048581,0.4141379062,96,5.8254327961,349009.1138135970,-0.4577019976,2021-11-19,2022-09-30,315,2023-06-02,245.0000000000,560.0000000000,560,2021-11-19
actual_current,filtered_magratio_qqq_300_return200_block_cut,2010-02-11,2026-08-05,100000.0000000000,30201140.4858085364,301.0114048581,0.4141379062,96,5.8254327961,349009.1138135970,-0.4577019976,2021-11-19,2022-09-30,315,2023-06-02,245.0000000000,560.0000000000,560,2021-11-19
actual_current,filtered_magratio_tqqq_200_sma100_block_cut,2010-02-11,2026-08-05,100000.0000000000,30914421.3859199658,308.1442138592,0.4161424468,94,5.7040696129,349263.6011288422,-0.4577015838,2021-11-19,2022-09-30,315,2023-06-02,245.0000000000,560.0000000000,560,2021-11-19
actual_current,filtered_magratio_tqqq_200_sma150_block_cut,2010-02-11,2026-08-05,100000.0000000000,30914421.3859199658,308.1442138592,0.4161424468,94,5.7040696129,349263.6011288422,-0.4577015838,2021-11-19,2022-09-30,315,2023-06-02,245.0000000000,560.0000000000,560,2021-11-19
actual_current,filtered_magratio_tqqq_200_sma200_block_cut,2010-02-11,2026-08-05,100000.0000000000,30914421.3859199658,308.1442138592,0.4161424468,94,5.7040696129,349263.6011288422,-0.4577015838,2021-11-19,2022-09-30,315,2023-06-02,245.0000000000,560.0000000000,560,2021-11-19
actual_current,filtered_magratio_tqqq_200_return60_block_cut,2010-02-11,2026-08-05,100000.0000000000,30914421.3859199658,308.1442138592,0.4161424468,94,5.7040696129,349263.6011288422,-0.4577015838,2021-11-19,2022-09-30,315,2023-06-02,245.0000000000,560.0000000000,560,2021-11-19
actual_current,filtered_magratio_tqqq_200_return120_block_cut,2010-02-11,2026-08-05,100000.0000000000,30914421.3859199658,308.1442138592,0.4161424468,94,5.7040696129,349263.6011288422,-0.4577015838,2021-11-19,2022-09-30,315,2023-06-02,245.0000000000,560.0000000000,560,2021-11-19
actual_current,filtered_magratio_tqqq_200_return200_block_cut,2010-02-11,2026-08-05,100000.0000000000,30914421.3859199658,308.1442138592,0.4161424468,94,5.7040696129,349263.6011288422,-0.4577015838,2021-11-19,2022-09-30,315,2023-06-02,245.0000000000,560.0000000000,560,2021-11-19
actual_current,filtered_magratio_tqqq_300_sma100_block_cut,2010-02-11,2026-08-05,100000.0000000000,30201140.4858085364,301.0114048581,0.4141379062,96,5.8254327961,349009.1138135970,-0.4577019976,2021-11-19,2022-09-30,315,2023-06-02,245.0000000000,560.0000000000,560,2021-11-19
actual_current,filtered_magratio_tqqq_300_sma150_block_cut,2010-02-11,2026-08-05,100000.0000000000,30201140.4858085364,301.0114048581,0.4141379062,96,5.8254327961,349009.1138135970,-0.4577019976,2021-11-19,2022-09-30,315,2023-06-02,245.0000000000,560.0000000000,560,2021-11-19
actual_current,filtered_magratio_tqqq_300_sma200_block_cut,2010-02-11,2026-08-05,100000.0000000000,30201140.4858085364,301.0114048581,0.4141379062,96,5.8254327961,349009.1138135970,-0.4577019976,2021-11-19,2022-09-30,315,2023-06-02,245.0000000000,560.0000000000,560,2021-11-19
actual_current,filtered_magratio_tqqq_300_return60_block_cut,2010-02-11,2026-08-05,100000.0000000000,30201140.4858085364,301.0114048581,0.4141379062,96,5.8254327961,349009.1138135970,-0.4577019976,2021-11-19,2022-09-30,315,2023-06-02,245.0000000000,560.0000000000,560,2021-11-19
actual_current,filtered_magratio_tqqq_300_return120_block_cut,2010-02-11,2026-08-05,100000.0000000000,30201140.4858085364,301.0114048581,0.4141379062,96,5.8254327961,349009.1138135970,-0.4577019976,2021-11-19,2022-09-30,315,2023-06-02,245.0000000000,560.0000000000,560,2021-11-19
actual_current,filtered_magratio_tqqq_300_return200_block_cut,2010-02-11,2026-08-05,100000.0000000000,30201140.4858085364,301.0114048581,0.4141379062,96,5.8254327961,349009.1138135970,-0.4577019976,2021-11-19,2022-09-30,315,2023-06-02,245.0000000000,560.0000000000,560,2021-11-19
2026_ytd,vo,2026-01-02,2026-08-05,100000.0000000000,110083.9302848681,0.1008393028,0.1772825412,8,13.5904186047,449.0394356755,-0.3347786367,2026-01-28,2026-03-30,61,2026-05-06,37.0000000000,98.0000000000,98,2026-01-28
2026_ytd,ret_tqqq_50_floor50,2026-01-02,2026-08-05,100000.0000000000,110083.9302848681,0.1008393028,0.1772825412,8,13.5904186047,449.0394356755,-0.3347786367,2026-01-28,2026-03-30,61,2026-05-06,37.0000000000,98.0000000000,98,2026-01-28
2026_ytd,ret_tqqq_50_floor100,2026-01-02,2026-08-05,100000.0000000000,121268.6921280266,0.2126869213,0.3876261505,8,13.5904186047,480.6630564373,-0.3347786367,2026-01-28,2026-03-30,61,2026-04-30,31.0000000000,92.0000000000,92,2026-01-28
2026_ytd,ret_tqqq_50_step_up,2026-01-02,2026-08-05,100000.0000000000,121268.6921280266,0.2126869213,0.3876261505,8,13.5904186047,480.6630564373,-0.3347786367,2026-01-28,2026-03-30,61,2026-04-30,31.0000000000,92.0000000000,92,2026-01-28
2026_ytd,ret_tqqq_50_block_cut,2026-01-02,2026-08-05,100000.0000000000,111801.9913265416,0.1180199133,0.2086656769,6,10.1928139535,342.7179272978,-0.3347786367,2026-01-28,2026-03-30,61,2026-05-06,37.0000000000,98.0000000000,98,2026-01-28
2026_ytd,ret_tqqq_100_floor50,2026-01-02,2026-08-05,100000.0000000000,110083.9302848681,0.1008393028,0.1772825412,8,13.5904186047,449.0394356755,-0.3347786367,2026-01-28,2026-03-30,61,2026-05-06,37.0000000000,98.0000000000,98,2026-01-28
2026_ytd,ret_tqqq_100_floor100,2026-01-02,2026-08-05,100000.0000000000,119781.1774544688,0.1978117745,0.3588349181,6,10.1928139535,354.5356235012,-0.3347786367,2026-01-28,2026-03-30,61,2026-05-01,32.0000000000,93.0000000000,93,2026-01-28
2026_ytd,ret_tqqq_100_step_up,2026-01-02,2026-08-05,100000.0000000000,119781.1774544688,0.1978117745,0.3588349181,6,10.1928139535,354.5356235012,-0.3347786367,2026-01-28,2026-03-30,61,2026-05-01,32.0000000000,93.0000000000,93,2026-01-28
2026_ytd,ret_tqqq_100_block_cut,2026-01-02,2026-08-05,100000.0000000000,111801.9913265416,0.1180199133,0.2086656769,6,10.1928139535,342.7179272978,-0.3347786367,2026-01-28,2026-03-30,61,2026-05-06,37.0000000000,98.0000000000,98,2026-01-28
2026_ytd,ret_tqqq_150_floor50,2026-01-02,2026-08-05,100000.0000000000,110083.9302848681,0.1008393028,0.1772825412,8,13.5904186047,449.0394356755,-0.3347786367,2026-01-28,2026-03-30,61,2026-05-06,37.0000000000,98.0000000000,98,2026-01-28
2026_ytd,ret_tqqq_150_floor100,2026-01-02,2026-08-05,100000.0000000000,114671.1785531040,0.1467117855,0.2618306215,10,16.9880232558,555.0109974189,-0.3347786367,2026-01-28,2026-03-30,61,2026-05-01,32.0000000000,93.0000000000,93,2026-01-28
2026_ytd,ret_tqqq_150_step_up,2026-01-02,2026-08-05,100000.0000000000,114671.1785531040,0.1467117855,0.2618306215,10,16.9880232558,555.0109974189,-0.3347786367,2026-01-28,2026-03-30,61,2026-05-01,32.0000000000,93.0000000000,93,2026-01-28
2026_ytd,ret_tqqq_150_block_cut,2026-01-02,2026-08-05,100000.0000000000,108655.3695268833,0.0865536953,0.1514467299,6,10.1928139535,338.0992869250,-0.3347786367,2026-01-28,2026-03-30,61,2026-05-06,37.0000000000,98.0000000000,98,2026-01-28
2026_ytd,ret_tqqq_200_floor50,2026-01-02,2026-08-05,100000.0000000000,110083.9302848681,0.1008393028,0.1772825412,8,13.5904186047,449.0394356755,-0.3347786367,2026-01-28,2026-03-30,61,2026-05-06,37.0000000000,98.0000000000,98,2026-01-28
2026_ytd,ret_tqqq_200_floor100,2026-01-02,2026-08-05,100000.0000000000,118634.3627973896,0.1863436280,0.3368078073,10,16.9880232558,560.0554746705,-0.3347786367,2026-01-28,2026-03-30,61,2026-05-05,36.0000000000,97.0000000000,97,2026-01-28
2026_ytd,ret_tqqq_200_step_up,2026-01-02,2026-08-05,100000.0000000000,118634.3627973896,0.1863436280,0.3368078073,10,16.9880232558,560.0554746705,-0.3347786367,2026-01-28,2026-03-30,61,2026-05-05,36.0000000000,97.0000000000,97,2026-01-28
2026_ytd,ret_tqqq_200_block_cut,2026-01-02,2026-08-05,100000.0000000000,109265.0033485017,0.0926500335,0.1624432338,6,10.1928139535,338.9765980455,-0.3347786367,2026-01-28,2026-03-30,61,2026-05-06,37.0000000000,98.0000000000,98,2026-01-28
2026_ytd,ret_tqqq_250_floor50,2026-01-02,2026-08-05,100000.0000000000,110083.9302848681,0.1008393028,0.1772825412,8,13.5904186047,449.0394356755,-0.3347786367,2026-01-28,2026-03-30,61,2026-05-06,37.0000000000,98.0000000000,98,2026-01-28
2026_ytd,ret_tqqq_250_floor100,2026-01-02,2026-08-05,100000.0000000000,114565.6572077401,0.1456565721,0.2598586970,8,13.5904186047,466.0258830086,-0.3347786367,2026-01-28,2026-03-30,61,2026-05-06,37.0000000000,98.0000000000,98,2026-01-28
2026_ytd,ret_tqqq_250_step_up,2026-01-02,2026-08-05,100000.0000000000,114565.6572077401,0.1456565721,0.2598586970,8,13.5904186047,466.0258830086,-0.3347786367,2026-01-28,2026-03-30,61,2026-05-06,37.0000000000,98.0000000000,98,2026-01-28
2026_ytd,ret_tqqq_250_block_cut,2026-01-02,2026-08-05,100000.0000000000,113267.6797132499,0.1326767971,0.2357067118,6,10.1928139535,344.8527504772,-0.3347786367,2026-01-28,2026-03-30,61,2026-05-06,37.0000000000,98.0000000000,98,2026-01-28
2026_ytd,ret_tqqq_300_floor50,2026-01-02,2026-08-05,100000.0000000000,110083.9302848681,0.1008393028,0.1772825412,8,13.5904186047,449.0394356755,-0.3347786367,2026-01-28,2026-03-30,61,2026-05-06,37.0000000000,98.0000000000,98,2026-01-28
2026_ytd,ret_tqqq_300_floor100,2026-01-02,2026-08-05,100000.0000000000,113344.6783209612,0.1334467832,0.2371340873,8,13.5904186047,439.6051706770,-0.3347786367,2026-01-28,2026-03-30,61,2026-05-06,37.0000000000,98.0000000000,98,2026-01-28
2026_ytd,ret_tqqq_300_step_up,2026-01-02,2026-08-05,100000.0000000000,113344.6783209612,0.1334467832,0.2371340873,8,13.5904186047,439.6051706770,-0.3347786367,2026-01-28,2026-03-30,61,2026-05-06,37.0000000000,98.0000000000,98,2026-01-28
2026_ytd,ret_tqqq_300_block_cut,2026-01-02,2026-08-05,100000.0000000000,113267.6797132499,0.1326767971,0.2357067118,6,10.1928139535,344.8527504772,-0.3347786367,2026-01-28,2026-03-30,61,2026-05-06,37.0000000000,98.0000000000,98,2026-01-28
2026_ytd,ret_tqqq_400_floor50,2026-01-02,2026-08-05,100000.0000000000,110083.9302848681,0.1008393028,0.1772825412,8,13.5904186047,449.0394356755,-0.3347786367,2026-01-28,2026-03-30,61,2026-05-06,37.0000000000,98.0000000000,98,2026-01-28
2026_ytd,ret_tqqq_400_floor100,2026-01-02,2026-08-05,100000.0000000000,113905.8943509620,0.1390589435,0.2475581947,6,10.1928139535,345.9002827375,-0.3347786367,2026-01-28,2026-03-30,61,2026-05-06,37.0000000000,98.0000000000,98,2026-01-28
2026_ytd,ret_tqqq_400_step_up,2026-01-02,2026-08-05,100000.0000000000,113905.8943509620,0.1390589435,0.2475581947,6,10.1928139535,345.9002827375,-0.3347786367,2026-01-28,2026-03-30,61,2026-05-06,37.0000000000,98.0000000000,98,2026-01-28
2026_ytd,ret_tqqq_400_block_cut,2026-01-02,2026-08-05,100000.0000000000,113267.6797132499,0.1326767971,0.2357067118,6,10.1928139535,344.8527504772,-0.3347786367,2026-01-28,2026-03-30,61,2026-05-06,37.0000000000,98.0000000000,98,2026-01-28
2026_ytd,varshare_tqqq_55_floor50,2026-01-02,2026-08-05,100000.0000000000,110083.9302848681,0.1008393028,0.1772825412,8,13.5904186047,449.0394356755,-0.3347786367,2026-01-28,2026-03-30,61,2026-05-06,37.0000000000,98.0000000000,98,2026-01-28
2026_ytd,varshare_tqqq_55_floor100,2026-01-02,2026-08-05,100000.0000000000,129118.7834024602,0.2911878340,0.5436509121,10,16.9880232558,588.4658900950,-0.3347786367,2026-01-28,2026-03-30,61,2026-04-22,23.0000000000,84.0000000000,84,2026-01-28
2026_ytd,varshare_tqqq_55_step_up,2026-01-02,2026-08-05,100000.0000000000,129118.7834024602,0.2911878340,0.5436509121,10,16.9880232558,588.4658900950,-0.3347786367,2026-01-28,2026-03-30,61,2026-04-22,23.0000000000,84.0000000000,84,2026-01-28
2026_ytd,varshare_tqqq_55_block_cut,2026-01-02,2026-08-05,100000.0000000000,113267.6797132499,0.1326767971,0.2357067118,6,10.1928139535,344.8527504772,-0.3347786367,2026-01-28,2026-03-30,61,2026-05-06,37.0000000000,98.0000000000,98,2026-01-28
2026_ytd,varshare_tqqq_60_floor50,2026-01-02,2026-08-05,100000.0000000000,110083.9302848681,0.1008393028,0.1772825412,8,13.5904186047,449.0394356755,-0.3347786367,2026-01-28,2026-03-30,61,2026-05-06,37.0000000000,98.0000000000,98,2026-01-28
2026_ytd,varshare_tqqq_60_floor100,2026-01-02,2026-08-05,100000.0000000000,121353.9012947686,0.2135390129,0.3892829103,6,10.1928139535,356.8443560404,-0.3347786367,2026-01-28,2026-03-30,61,2026-05-01,32.0000000000,93.0000000000,93,2026-01-28
2026_ytd,varshare_tqqq_60_step_up,2026-01-02,2026-08-05,100000.0000000000,121353.9012947686,0.2135390129,0.3892829103,6,10.1928139535,356.8443560404,-0.3347786367,2026-01-28,2026-03-30,61,2026-05-01,32.0000000000,93.0000000000,93,2026-01-28
2026_ytd,varshare_tqqq_60_block_cut,2026-01-02,2026-08-05,100000.0000000000,113267.6797132499,0.1326767971,0.2357067118,6,10.1928139535,344.8527504772,-0.3347786367,2026-01-28,2026-03-30,61,2026-05-06,37.0000000000,98.0000000000,98,2026-01-28
2026_ytd,varshare_tqqq_65_floor50,2026-01-02,2026-08-05,100000.0000000000,110083.9302848681,0.1008393028,0.1772825412,8,13.5904186047,449.0394356755,-0.3347786367,2026-01-28,2026-03-30,61,2026-05-06,37.0000000000,98.0000000000,98,2026-01-28
2026_ytd,varshare_tqqq_65_floor100,2026-01-02,2026-08-05,100000.0000000000,116078.5534857452,0.1607855349,0.2882520047,6,10.1928139535,349.0483119839,-0.3347786367,2026-01-28,2026-03-30,61,2026-05-06,37.0000000000,98.0000000000,98,2026-01-28
2026_ytd,varshare_tqqq_65_step_up,2026-01-02,2026-08-05,100000.0000000000,116078.5534857452,0.1607855349,0.2882520047,6,10.1928139535,349.0483119839,-0.3347786367,2026-01-28,2026-03-30,61,2026-05-06,37.0000000000,98.0000000000,98,2026-01-28
2026_ytd,varshare_tqqq_65_block_cut,2026-01-02,2026-08-05,100000.0000000000,113267.6797132499,0.1326767971,0.2357067118,6,10.1928139535,344.8527504772,-0.3347786367,2026-01-28,2026-03-30,61,2026-05-06,37.0000000000,98.0000000000,98,2026-01-28
2026_ytd,varshare_tqqq_70_floor50,2026-01-02,2026-08-05,100000.0000000000,110083.9302848681,0.1008393028,0.1772825412,8,13.5904186047,449.0394356755,-0.3347786367,2026-01-28,2026-03-30,61,2026-05-06,37.0000000000,98.0000000000,98,2026-01-28
2026_ytd,varshare_tqqq_70_floor100,2026-01-02,2026-08-05,100000.0000000000,114993.1302211470,0.1499313022,0.2678549136,6,10.1928139535,347.5064089494,-0.3347786367,2026-01-28,2026-03-30,61,2026-05-06,37.0000000000,98.0000000000,98,2026-01-28
2026_ytd,varshare_tqqq_70_step_up,2026-01-02,2026-08-05,100000.0000000000,114993.1302211470,0.1499313022,0.2678549136,6,10.1928139535,347.5064089494,-0.3347786367,2026-01-28,2026-03-30,61,2026-05-06,37.0000000000,98.0000000000,98,2026-01-28
2026_ytd,varshare_tqqq_70_block_cut,2026-01-02,2026-08-05,100000.0000000000,113267.6797132499,0.1326767971,0.2357067118,6,10.1928139535,344.8527504772,-0.3347786367,2026-01-28,2026-03-30,61,2026-05-06,37.0000000000,98.0000000000,98,2026-01-28
2026_ytd,varshare_tqqq_75_floor50,2026-01-02,2026-08-05,100000.0000000000,110083.9302848681,0.1008393028,0.1772825412,8,13.5904186047,449.0394356755,-0.3347786367,2026-01-28,2026-03-30,61,2026-05-06,37.0000000000,98.0000000000,98,2026-01-28
2026_ytd,varshare_tqqq_75_floor100,2026-01-02,2026-08-05,100000.0000000000,113267.6797132499,0.1326767971,0.2357067118,6,10.1928139535,344.8527504772,-0.3347786367,2026-01-28,2026-03-30,61,2026-05-06,37.0000000000,98.0000000000,98,2026-01-28
2026_ytd,varshare_tqqq_75_step_up,2026-01-02,2026-08-05,100000.0000000000,113267.6797132499,0.1326767971,0.2357067118,6,10.1928139535,344.8527504772,-0.3347786367,2026-01-28,2026-03-30,61,2026-05-06,37.0000000000,98.0000000000,98,2026-01-28
2026_ytd,varshare_tqqq_75_block_cut,2026-01-02,2026-08-05,100000.0000000000,113267.6797132499,0.1326767971,0.2357067118,6,10.1928139535,344.8527504772,-0.3347786367,2026-01-28,2026-03-30,61,2026-05-06,37.0000000000,98.0000000000,98,2026-01-28
2026_ytd,varshare_tqqq_80_floor50,2026-01-02,2026-08-05,100000.0000000000,110083.9302848681,0.1008393028,0.1772825412,8,13.5904186047,449.0394356755,-0.3347786367,2026-01-28,2026-03-30,61,2026-05-06,37.0000000000,98.0000000000,98,2026-01-28
2026_ytd,varshare_tqqq_80_floor100,2026-01-02,2026-08-05,100000.0000000000,110083.9302848681,0.1008393028,0.1772825412,8,13.5904186047,449.0394356755,-0.3347786367,2026-01-28,2026-03-30,61,2026-05-06,37.0000000000,98.0000000000,98,2026-01-28
2026_ytd,varshare_tqqq_80_step_up,2026-01-02,2026-08-05,100000.0000000000,110083.9302848681,0.1008393028,0.1772825412,8,13.5904186047,449.0394356755,-0.3347786367,2026-01-28,2026-03-30,61,2026-05-06,37.0000000000,98.0000000000,98,2026-01-28
2026_ytd,varshare_tqqq_80_block_cut,2026-01-02,2026-08-05,100000.0000000000,110083.9302848681,0.1008393028,0.1772825412,8,13.5904186047,449.0394356755,-0.3347786367,2026-01-28,2026-03-30,61,2026-05-06,37.0000000000,98.0000000000,98,2026-01-28
2026_ytd,magratio_tqqq_125_floor50,2026-01-02,2026-08-05,100000.0000000000,110083.9302848681,0.1008393028,0.1772825412,8,13.5904186047,449.0394356755,-0.3347786367,2026-01-28,2026-03-30,61,2026-05-06,37.0000000000,98.0000000000,98,2026-01-28
2026_ytd,magratio_tqqq_125_floor100,2026-01-02,2026-08-05,100000.0000000000,119781.1774544688,0.1978117745,0.3588349181,6,10.1928139535,354.5356235012,-0.3347786367,2026-01-28,2026-03-30,61,2026-05-01,32.0000000000,93.0000000000,93,2026-01-28
2026_ytd,magratio_tqqq_125_step_up,2026-01-02,2026-08-05,100000.0000000000,119781.1774544688,0.1978117745,0.3588349181,6,10.1928139535,354.5356235012,-0.3347786367,2026-01-28,2026-03-30,61,2026-05-01,32.0000000000,93.0000000000,93,2026-01-28
2026_ytd,magratio_tqqq_125_block_cut,2026-01-02,2026-08-05,100000.0000000000,111801.9913265416,0.1180199133,0.2086656769,6,10.1928139535,342.7179272978,-0.3347786367,2026-01-28,2026-03-30,61,2026-05-06,37.0000000000,98.0000000000,98,2026-01-28
2026_ytd,magratio_tqqq_150_floor50,2026-01-02,2026-08-05,100000.0000000000,110083.9302848681,0.1008393028,0.1772825412,8,13.5904186047,449.0394356755,-0.3347786367,2026-01-28,2026-03-30,61,2026-05-06,37.0000000000,98.0000000000,98,2026-01-28
2026_ytd,magratio_tqqq_150_floor100,2026-01-02,2026-08-05,100000.0000000000,117999.9635892957,0.1799996359,0.3246864485,10,16.9880232558,557.8667526866,-0.3347786367,2026-01-28,2026-03-30,61,2026-05-05,36.0000000000,97.0000000000,97,2026-01-28
2026_ytd,magratio_tqqq_150_step_up,2026-01-02,2026-08-05,100000.0000000000,117999.9635892957,0.1799996359,0.3246864485,10,16.9880232558,557.8667526866,-0.3347786367,2026-01-28,2026-03-30,61,2026-05-05,36.0000000000,97.0000000000,97,2026-01-28
2026_ytd,magratio_tqqq_150_block_cut,2026-01-02,2026-08-05,100000.0000000000,108655.3695268833,0.0865536953,0.1514467299,6,10.1928139535,338.0992869250,-0.3347786367,2026-01-28,2026-03-30,61,2026-05-06,37.0000000000,98.0000000000,98,2026-01-28
2026_ytd,magratio_tqqq_200_floor50,2026-01-02,2026-08-05,100000.0000000000,110083.9302848681,0.1008393028,0.1772825412,8,13.5904186047,449.0394356755,-0.3347786367,2026-01-28,2026-03-30,61,2026-05-06,37.0000000000,98.0000000000,98,2026-01-28
2026_ytd,magratio_tqqq_200_floor100,2026-01-02,2026-08-05,100000.0000000000,114632.1383433761,0.1463213834,0.2611009118,8,13.5904186047,442.6964191217,-0.3347786367,2026-01-28,2026-03-30,61,2026-05-06,37.0000000000,98.0000000000,98,2026-01-28
2026_ytd,magratio_tqqq_200_step_up,2026-01-02,2026-08-05,100000.0000000000,114632.1383433761,0.1463213834,0.2611009118,8,13.5904186047,442.6964191217,-0.3347786367,2026-01-28,2026-03-30,61,2026-05-06,37.0000000000,98.0000000000,98,2026-01-28
2026_ytd,magratio_tqqq_200_block_cut,2026-01-02,2026-08-05,100000.0000000000,113267.6797132499,0.1326767971,0.2357067118,6,10.1928139535,344.8527504772,-0.3347786367,2026-01-28,2026-03-30,61,2026-05-06,37.0000000000,98.0000000000,98,2026-01-28
2026_ytd,magratio_tqqq_300_floor50,2026-01-02,2026-08-05,100000.0000000000,110083.9302848681,0.1008393028,0.1772825412,8,13.5904186047,449.0394356755,-0.3347786367,2026-01-28,2026-03-30,61,2026-05-06,37.0000000000,98.0000000000,98,2026-01-28
2026_ytd,magratio_tqqq_300_floor100,2026-01-02,2026-08-05,100000.0000000000,113267.6797132499,0.1326767971,0.2357067118,6,10.1928139535,344.8527504772,-0.3347786367,2026-01-28,2026-03-30,61,2026-05-06,37.0000000000,98.0000000000,98,2026-01-28
2026_ytd,magratio_tqqq_300_step_up,2026-01-02,2026-08-05,100000.0000000000,113267.6797132499,0.1326767971,0.2357067118,6,10.1928139535,344.8527504772,-0.3347786367,2026-01-28,2026-03-30,61,2026-05-06,37.0000000000,98.0000000000,98,2026-01-28
2026_ytd,magratio_tqqq_300_block_cut,2026-01-02,2026-08-05,100000.0000000000,113267.6797132499,0.1326767971,0.2357067118,6,10.1928139535,344.8527504772,-0.3347786367,2026-01-28,2026-03-30,61,2026-05-06,37.0000000000,98.0000000000,98,2026-01-28
2026_ytd,magratio_tqqq_400_floor50,2026-01-02,2026-08-05,100000.0000000000,110083.9302848681,0.1008393028,0.1772825412,8,13.5904186047,449.0394356755,-0.3347786367,2026-01-28,2026-03-30,61,2026-05-06,37.0000000000,98.0000000000,98,2026-01-28
2026_ytd,magratio_tqqq_400_floor100,2026-01-02,2026-08-05,100000.0000000000,110083.9302848681,0.1008393028,0.1772825412,8,13.5904186047,449.0394356755,-0.3347786367,2026-01-28,2026-03-30,61,2026-05-06,37.0000000000,98.0000000000,98,2026-01-28
2026_ytd,magratio_tqqq_400_step_up,2026-01-02,2026-08-05,100000.0000000000,110083.9302848681,0.1008393028,0.1772825412,8,13.5904186047,449.0394356755,-0.3347786367,2026-01-28,2026-03-30,61,2026-05-06,37.0000000000,98.0000000000,98,2026-01-28
2026_ytd,magratio_tqqq_400_block_cut,2026-01-02,2026-08-05,100000.0000000000,110083.9302848681,0.1008393028,0.1772825412,8,13.5904186047,449.0394356755,-0.3347786367,2026-01-28,2026-03-30,61,2026-05-06,37.0000000000,98.0000000000,98,2026-01-28
2026_ytd,combo_tqqq_100_55_floor50,2026-01-02,2026-08-05,100000.0000000000,110083.9302848681,0.1008393028,0.1772825412,8,13.5904186047,449.0394356755,-0.3347786367,2026-01-28,2026-03-30,61,2026-05-06,37.0000000000,98.0000000000,98,2026-01-28
2026_ytd,combo_tqqq_100_55_floor100,2026-01-02,2026-08-05,100000.0000000000,119767.2550116197,0.1976725501,0.3585666193,8,13.5904186047,479.1292672920,-0.3347786367,2026-01-28,2026-03-30,61,2026-05-01,32.0000000000,93.0000000000,93,2026-01-28
2026_ytd,combo_tqqq_100_55_step_up,2026-01-02,2026-08-05,100000.0000000000,119767.2550116197,0.1976725501,0.3585666193,8,13.5904186047,479.1292672920,-0.3347786367,2026-01-28,2026-03-30,61,2026-05-01,32.0000000000,93.0000000000,93,2026-01-28
2026_ytd,combo_tqqq_100_55_block_cut,2026-01-02,2026-08-05,100000.0000000000,113267.6797132499,0.1326767971,0.2357067118,6,10.1928139535,344.8527504772,-0.3347786367,2026-01-28,2026-03-30,61,2026-05-06,37.0000000000,98.0000000000,98,2026-01-28
2026_ytd,combo_tqqq_100_65_floor50,2026-01-02,2026-08-05,100000.0000000000,110083.9302848681,0.1008393028,0.1772825412,8,13.5904186047,449.0394356755,-0.3347786367,2026-01-28,2026-03-30,61,2026-05-06,37.0000000000,98.0000000000,98,2026-01-28
2026_ytd,combo_tqqq_100_65_floor100,2026-01-02,2026-08-05,100000.0000000000,116078.5534857452,0.1607855349,0.2882520047,6,10.1928139535,349.0483119839,-0.3347786367,2026-01-28,2026-03-30,61,2026-05-06,37.0000000000,98.0000000000,98,2026-01-28
2026_ytd,combo_tqqq_100_65_step_up,2026-01-02,2026-08-05,100000.0000000000,116078.5534857452,0.1607855349,0.2882520047,6,10.1928139535,349.0483119839,-0.3347786367,2026-01-28,2026-03-30,61,2026-05-06,37.0000000000,98.0000000000,98,2026-01-28
2026_ytd,combo_tqqq_100_65_block_cut,2026-01-02,2026-08-05,100000.0000000000,113267.6797132499,0.1326767971,0.2357067118,6,10.1928139535,344.8527504772,-0.3347786367,2026-01-28,2026-03-30,61,2026-05-06,37.0000000000,98.0000000000,98,2026-01-28
2026_ytd,combo_tqqq_100_75_floor50,2026-01-02,2026-08-05,100000.0000000000,110083.9302848681,0.1008393028,0.1772825412,8,13.5904186047,449.0394356755,-0.3347786367,2026-01-28,2026-03-30,61,2026-05-06,37.0000000000,98.0000000000,98,2026-01-28
2026_ytd,combo_tqqq_100_75_floor100,2026-01-02,2026-08-05,100000.0000000000,113267.6797132499,0.1326767971,0.2357067118,6,10.1928139535,344.8527504772,-0.3347786367,2026-01-28,2026-03-30,61,2026-05-06,37.0000000000,98.0000000000,98,2026-01-28
2026_ytd,combo_tqqq_100_75_step_up,2026-01-02,2026-08-05,100000.0000000000,113267.6797132499,0.1326767971,0.2357067118,6,10.1928139535,344.8527504772,-0.3347786367,2026-01-28,2026-03-30,61,2026-05-06,37.0000000000,98.0000000000,98,2026-01-28
2026_ytd,combo_tqqq_100_75_block_cut,2026-01-02,2026-08-05,100000.0000000000,113267.6797132499,0.1326767971,0.2357067118,6,10.1928139535,344.8527504772,-0.3347786367,2026-01-28,2026-03-30,61,2026-05-06,37.0000000000,98.0000000000,98,2026-01-28
2026_ytd,combo_tqqq_150_55_floor50,2026-01-02,2026-08-05,100000.0000000000,110083.9302848681,0.1008393028,0.1772825412,8,13.5904186047,449.0394356755,-0.3347786367,2026-01-28,2026-03-30,61,2026-05-06,37.0000000000,98.0000000000,98,2026-01-28
2026_ytd,combo_tqqq_150_55_floor100,2026-01-02,2026-08-05,100000.0000000000,119015.3012774937,0.1901530128,0.3441081456,10,16.9880232558,571.0885826470,-0.3347786367,2026-01-28,2026-03-30,61,2026-05-01,32.0000000000,93.0000000000,93,2026-01-28
2026_ytd,combo_tqqq_150_55_step_up,2026-01-02,2026-08-05,100000.0000000000,119015.3012774937,0.1901530128,0.3441081456,10,16.9880232558,571.0885826470,-0.3347786367,2026-01-28,2026-03-30,61,2026-05-01,32.0000000000,93.0000000000,93,2026-01-28
2026_ytd,combo_tqqq_150_55_block_cut,2026-01-02,2026-08-05,100000.0000000000,113267.6797132499,0.1326767971,0.2357067118,6,10.1928139535,344.8527504772,-0.3347786367,2026-01-28,2026-03-30,61,2026-05-06,37.0000000000,98.0000000000,98,2026-01-28
2026_ytd,combo_tqqq_150_65_floor50,2026-01-02,2026-08-05,100000.0000000000,110083.9302848681,0.1008393028,0.1772825412,8,13.5904186047,449.0394356755,-0.3347786367,2026-01-28,2026-03-30,61,2026-05-06,37.0000000000,98.0000000000,98,2026-01-28
2026_ytd,combo_tqqq_150_65_floor100,2026-01-02,2026-08-05,100000.0000000000,116078.5534857452,0.1607855349,0.2882520047,6,10.1928139535,349.0483119839,-0.3347786367,2026-01-28,2026-03-30,61,2026-05-06,37.0000000000,98.0000000000,98,2026-01-28
2026_ytd,combo_tqqq_150_65_step_up,2026-01-02,2026-08-05,100000.0000000000,116078.5534857452,0.1607855349,0.2882520047,6,10.1928139535,349.0483119839,-0.3347786367,2026-01-28,2026-03-30,61,2026-05-06,37.0000000000,98.0000000000,98,2026-01-28
2026_ytd,combo_tqqq_150_65_block_cut,2026-01-02,2026-08-05,100000.0000000000,113267.6797132499,0.1326767971,0.2357067118,6,10.1928139535,344.8527504772,-0.3347786367,2026-01-28,2026-03-30,61,2026-05-06,37.0000000000,98.0000000000,98,2026-01-28
2026_ytd,combo_tqqq_150_75_floor50,2026-01-02,2026-08-05,100000.0000000000,110083.9302848681,0.1008393028,0.1772825412,8,13.5904186047,449.0394356755,-0.3347786367,2026-01-28,2026-03-30,61,2026-05-06,37.0000000000,98.0000000000,98,2026-01-28
2026_ytd,combo_tqqq_150_75_floor100,2026-01-02,2026-08-05,100000.0000000000,113267.6797132499,0.1326767971,0.2357067118,6,10.1928139535,344.8527504772,-0.3347786367,2026-01-28,2026-03-30,61,2026-05-06,37.0000000000,98.0000000000,98,2026-01-28
2026_ytd,combo_tqqq_150_75_step_up,2026-01-02,2026-08-05,100000.0000000000,113267.6797132499,0.1326767971,0.2357067118,6,10.1928139535,344.8527504772,-0.3347786367,2026-01-28,2026-03-30,61,2026-05-06,37.0000000000,98.0000000000,98,2026-01-28
2026_ytd,combo_tqqq_150_75_block_cut,2026-01-02,2026-08-05,100000.0000000000,113267.6797132499,0.1326767971,0.2357067118,6,10.1928139535,344.8527504772,-0.3347786367,2026-01-28,2026-03-30,61,2026-05-06,37.0000000000,98.0000000000,98,2026-01-28
2026_ytd,combo_tqqq_200_55_floor50,2026-01-02,2026-08-05,100000.0000000000,110083.9302848681,0.1008393028,0.1772825412,8,13.5904186047,449.0394356755,-0.3347786367,2026-01-28,2026-03-30,61,2026-05-06,37.0000000000,98.0000000000,98,2026-01-28
2026_ytd,combo_tqqq_200_55_floor100,2026-01-02,2026-08-05,100000.0000000000,116706.0368213047,0.1670603682,0.3001045859,10,16.9880232558,565.4772260352,-0.3347786367,2026-01-28,2026-03-30,61,2026-05-05,36.0000000000,97.0000000000,97,2026-01-28
2026_ytd,combo_tqqq_200_55_step_up,2026-01-02,2026-08-05,100000.0000000000,116706.0368213047,0.1670603682,0.3001045859,10,16.9880232558,565.4772260352,-0.3347786367,2026-01-28,2026-03-30,61,2026-05-05,36.0000000000,97.0000000000,97,2026-01-28
2026_ytd,combo_tqqq_200_55_block_cut,2026-01-02,2026-08-05,100000.0000000000,113267.6797132499,0.1326767971,0.2357067118,6,10.1928139535,344.8527504772,-0.3347786367,2026-01-28,2026-03-30,61,2026-05-06,37.0000000000,98.0000000000,98,2026-01-28
2026_ytd,combo_tqqq_200_65_floor50,2026-01-02,2026-08-05,100000.0000000000,110083.9302848681,0.1008393028,0.1772825412,8,13.5904186047,449.0394356755,-0.3347786367,2026-01-28,2026-03-30,61,2026-05-06,37.0000000000,98.0000000000,98,2026-01-28
2026_ytd,combo_tqqq_200_65_floor100,2026-01-02,2026-08-05,100000.0000000000,116078.5534857452,0.1607855349,0.2882520047,6,10.1928139535,349.0483119839,-0.3347786367,2026-01-28,2026-03-30,61,2026-05-06,37.0000000000,98.0000000000,98,2026-01-28
2026_ytd,combo_tqqq_200_65_step_up,2026-01-02,2026-08-05,100000.0000000000,116078.5534857452,0.1607855349,0.2882520047,6,10.1928139535,349.0483119839,-0.3347786367,2026-01-28,2026-03-30,61,2026-05-06,37.0000000000,98.0000000000,98,2026-01-28
2026_ytd,combo_tqqq_200_65_block_cut,2026-01-02,2026-08-05,100000.0000000000,113267.6797132499,0.1326767971,0.2357067118,6,10.1928139535,344.8527504772,-0.3347786367,2026-01-28,2026-03-30,61,2026-05-06,37.0000000000,98.0000000000,98,2026-01-28
2026_ytd,combo_tqqq_200_75_floor50,2026-01-02,2026-08-05,100000.0000000000,110083.9302848681,0.1008393028,0.1772825412,8,13.5904186047,449.0394356755,-0.3347786367,2026-01-28,2026-03-30,61,2026-05-06,37.0000000000,98.0000000000,98,2026-01-28
2026_ytd,combo_tqqq_200_75_floor100,2026-01-02,2026-08-05,100000.0000000000,113267.6797132499,0.1326767971,0.2357067118,6,10.1928139535,344.8527504772,-0.3347786367,2026-01-28,2026-03-30,61,2026-05-06,37.0000000000,98.0000000000,98,2026-01-28
2026_ytd,combo_tqqq_200_75_step_up,2026-01-02,2026-08-05,100000.0000000000,113267.6797132499,0.1326767971,0.2357067118,6,10.1928139535,344.8527504772,-0.3347786367,2026-01-28,2026-03-30,61,2026-05-06,37.0000000000,98.0000000000,98,2026-01-28
2026_ytd,combo_tqqq_200_75_block_cut,2026-01-02,2026-08-05,100000.0000000000,113267.6797132499,0.1326767971,0.2357067118,6,10.1928139535,344.8527504772,-0.3347786367,2026-01-28,2026-03-30,61,2026-05-06,37.0000000000,98.0000000000,98,2026-01-28
2026_ytd,combo_tqqq_300_55_floor50,2026-01-02,2026-08-05,100000.0000000000,110083.9302848681,0.1008393028,0.1772825412,8,13.5904186047,449.0394356755,-0.3347786367,2026-01-28,2026-03-30,61,2026-05-06,37.0000000000,98.0000000000,98,2026-01-28
2026_ytd,combo_tqqq_300_55_floor100,2026-01-02,2026-08-05,100000.0000000000,113344.6783209612,0.1334467832,0.2371340873,8,13.5904186047,439.6051706770,-0.3347786367,2026-01-28,2026-03-30,61,2026-05-06,37.0000000000,98.0000000000,98,2026-01-28
2026_ytd,combo_tqqq_300_55_step_up,2026-01-02,2026-08-05,100000.0000000000,113344.6783209612,0.1334467832,0.2371340873,8,13.5904186047,439.6051706770,-0.3347786367,2026-01-28,2026-03-30,61,2026-05-06,37.0000000000,98.0000000000,98,2026-01-28
2026_ytd,combo_tqqq_300_55_block_cut,2026-01-02,2026-08-05,100000.0000000000,113267.6797132499,0.1326767971,0.2357067118,6,10.1928139535,344.8527504772,-0.3347786367,2026-01-28,2026-03-30,61,2026-05-06,37.0000000000,98.0000000000,98,2026-01-28
2026_ytd,combo_tqqq_300_65_floor50,2026-01-02,2026-08-05,100000.0000000000,110083.9302848681,0.1008393028,0.1772825412,8,13.5904186047,449.0394356755,-0.3347786367,2026-01-28,2026-03-30,61,2026-05-06,37.0000000000,98.0000000000,98,2026-01-28
2026_ytd,combo_tqqq_300_65_floor100,2026-01-02,2026-08-05,100000.0000000000,113344.6783209612,0.1334467832,0.2371340873,8,13.5904186047,439.6051706770,-0.3347786367,2026-01-28,2026-03-30,61,2026-05-06,37.0000000000,98.0000000000,98,2026-01-28
2026_ytd,combo_tqqq_300_65_step_up,2026-01-02,2026-08-05,100000.0000000000,113344.6783209612,0.1334467832,0.2371340873,8,13.5904186047,439.6051706770,-0.3347786367,2026-01-28,2026-03-30,61,2026-05-06,37.0000000000,98.0000000000,98,2026-01-28
2026_ytd,combo_tqqq_300_65_block_cut,2026-01-02,2026-08-05,100000.0000000000,113267.6797132499,0.1326767971,0.2357067118,6,10.1928139535,344.8527504772,-0.3347786367,2026-01-28,2026-03-30,61,2026-05-06,37.0000000000,98.0000000000,98,2026-01-28
2026_ytd,combo_tqqq_300_75_floor50,2026-01-02,2026-08-05,100000.0000000000,110083.9302848681,0.1008393028,0.1772825412,8,13.5904186047,449.0394356755,-0.3347786367,2026-01-28,2026-03-30,61,2026-05-06,37.0000000000,98.0000000000,98,2026-01-28
2026_ytd,combo_tqqq_300_75_floor100,2026-01-02,2026-08-05,100000.0000000000,113267.6797132499,0.1326767971,0.2357067118,6,10.1928139535,344.8527504772,-0.3347786367,2026-01-28,2026-03-30,61,2026-05-06,37.0000000000,98.0000000000,98,2026-01-28
2026_ytd,combo_tqqq_300_75_step_up,2026-01-02,2026-08-05,100000.0000000000,113267.6797132499,0.1326767971,0.2357067118,6,10.1928139535,344.8527504772,-0.3347786367,2026-01-28,2026-03-30,61,2026-05-06,37.0000000000,98.0000000000,98,2026-01-28
2026_ytd,combo_tqqq_300_75_block_cut,2026-01-02,2026-08-05,100000.0000000000,113267.6797132499,0.1326767971,0.2357067118,6,10.1928139535,344.8527504772,-0.3347786367,2026-01-28,2026-03-30,61,2026-05-06,37.0000000000,98.0000000000,98,2026-01-28
2026_ytd,ret_qqq_20_floor50,2026-01-02,2026-08-05,100000.0000000000,110083.9302848681,0.1008393028,0.1772825412,8,13.5904186047,449.0394356755,-0.3347786367,2026-01-28,2026-03-30,61,2026-05-06,37.0000000000,98.0000000000,98,2026-01-28
2026_ytd,ret_qqq_20_floor100,2026-01-02,2026-08-05,100000.0000000000,119692.0479976830,0.1969204800,0.3571176848,8,13.5904186047,478.3503996838,-0.3347786367,2026-01-28,2026-03-30,61,2026-04-30,31.0000000000,92.0000000000,92,2026-01-28
2026_ytd,ret_qqq_20_step_up,2026-01-02,2026-08-05,100000.0000000000,119692.0479976830,0.1969204800,0.3571176848,8,13.5904186047,478.3503996838,-0.3347786367,2026-01-28,2026-03-30,61,2026-04-30,31.0000000000,92.0000000000,92,2026-01-28
2026_ytd,ret_qqq_20_block_cut,2026-01-02,2026-08-05,100000.0000000000,111801.9913265416,0.1180199133,0.2086656769,6,10.1928139535,342.7179272978,-0.3347786367,2026-01-28,2026-03-30,61,2026-05-06,37.0000000000,98.0000000000,98,2026-01-28
2026_ytd,ret_qqq_40_floor50,2026-01-02,2026-08-05,100000.0000000000,110083.9302848681,0.1008393028,0.1772825412,8,13.5904186047,449.0394356755,-0.3347786367,2026-01-28,2026-03-30,61,2026-05-06,37.0000000000,98.0000000000,98,2026-01-28
2026_ytd,ret_qqq_40_floor100,2026-01-02,2026-08-05,100000.0000000000,119781.1774544688,0.1978117745,0.3588349181,6,10.1928139535,354.5356235012,-0.3347786367,2026-01-28,2026-03-30,61,2026-05-01,32.0000000000,93.0000000000,93,2026-01-28
2026_ytd,ret_qqq_40_step_up,2026-01-02,2026-08-05,100000.0000000000,119781.1774544688,0.1978117745,0.3588349181,6,10.1928139535,354.5356235012,-0.3347786367,2026-01-28,2026-03-30,61,2026-05-01,32.0000000000,93.0000000000,93,2026-01-28
2026_ytd,ret_qqq_40_block_cut,2026-01-02,2026-08-05,100000.0000000000,111801.9913265416,0.1180199133,0.2086656769,6,10.1928139535,342.7179272978,-0.3347786367,2026-01-28,2026-03-30,61,2026-05-06,37.0000000000,98.0000000000,98,2026-01-28
2026_ytd,ret_qqq_60_floor50,2026-01-02,2026-08-05,100000.0000000000,110083.9302848681,0.1008393028,0.1772825412,8,13.5904186047,449.0394356755,-0.3347786367,2026-01-28,2026-03-30,61,2026-05-06,37.0000000000,98.0000000000,98,2026-01-28
2026_ytd,ret_qqq_60_floor100,2026-01-02,2026-08-05,100000.0000000000,114671.1785531040,0.1467117855,0.2618306215,10,16.9880232558,555.0109974189,-0.3347786367,2026-01-28,2026-03-30,61,2026-05-01,32.0000000000,93.0000000000,93,2026-01-28
2026_ytd,ret_qqq_60_step_up,2026-01-02,2026-08-05,100000.0000000000,114671.1785531040,0.1467117855,0.2618306215,10,16.9880232558,555.0109974189,-0.3347786367,2026-01-28,2026-03-30,61,2026-05-01,32.0000000000,93.0000000000,93,2026-01-28
2026_ytd,ret_qqq_60_block_cut,2026-01-02,2026-08-05,100000.0000000000,108655.3695268833,0.0865536953,0.1514467299,6,10.1928139535,338.0992869250,-0.3347786367,2026-01-28,2026-03-30,61,2026-05-06,37.0000000000,98.0000000000,98,2026-01-28
2026_ytd,ret_qqq_80_floor50,2026-01-02,2026-08-05,100000.0000000000,110083.9302848681,0.1008393028,0.1772825412,8,13.5904186047,449.0394356755,-0.3347786367,2026-01-28,2026-03-30,61,2026-05-06,37.0000000000,98.0000000000,98,2026-01-28
2026_ytd,ret_qqq_80_floor100,2026-01-02,2026-08-05,100000.0000000000,121790.2549693888,0.2179025497,0.3977798692,8,13.5904186047,479.1168302553,-0.3347786367,2026-01-28,2026-03-30,61,2026-05-06,37.0000000000,98.0000000000,98,2026-01-28
2026_ytd,ret_qqq_80_step_up,2026-01-02,2026-08-05,100000.0000000000,121790.2549693888,0.2179025497,0.3977798692,8,13.5904186047,479.1168302553,-0.3347786367,2026-01-28,2026-03-30,61,2026-05-06,37.0000000000,98.0000000000,98,2026-01-28
2026_ytd,ret_qqq_80_block_cut,2026-01-02,2026-08-05,100000.0000000000,114520.2078441005,0.1452020784,0.2590097554,6,10.1928139535,346.7074332634,-0.3347786367,2026-01-28,2026-03-30,61,2026-05-06,37.0000000000,98.0000000000,98,2026-01-28
2026_ytd,ret_qqq_100_floor50,2026-01-02,2026-08-05,100000.0000000000,110083.9302848681,0.1008393028,0.1772825412,8,13.5904186047,449.0394356755,-0.3347786367,2026-01-28,2026-03-30,61,2026-05-06,37.0000000000,98.0000000000,98,2026-01-28
2026_ytd,ret_qqq_100_floor100,2026-01-02,2026-08-05,100000.0000000000,111850.6564849275,0.1185065648,0.2095595661,10,16.9880232558,553.9110530090,-0.3347786367,2026-01-28,2026-03-30,61,2026-05-06,37.0000000000,98.0000000000,98,2026-01-28
2026_ytd,ret_qqq_100_step_up,2026-01-02,2026-08-05,100000.0000000000,111850.6564849275,0.1185065648,0.2095595661,10,16.9880232558,553.9110530090,-0.3347786367,2026-01-28,2026-03-30,61,2026-05-06,37.0000000000,98.0000000000,98,2026-01-28
2026_ytd,ret_qqq_100_block_cut,2026-01-02,2026-08-05,100000.0000000000,113267.6797132499,0.1326767971,0.2357067118,6,10.1928139535,344.8527504772,-0.3347786367,2026-01-28,2026-03-30,61,2026-05-06,37.0000000000,98.0000000000,98,2026-01-28
2026_ytd,ret_qqq_120_floor50,2026-01-02,2026-08-05,100000.0000000000,110083.9302848681,0.1008393028,0.1772825412,8,13.5904186047,449.0394356755,-0.3347786367,2026-01-28,2026-03-30,61,2026-05-06,37.0000000000,98.0000000000,98,2026-01-28
2026_ytd,ret_qqq_120_floor100,2026-01-02,2026-08-05,100000.0000000000,114632.1383433761,0.1463213834,0.2611009118,8,13.5904186047,442.6964191217,-0.3347786367,2026-01-28,2026-03-30,61,2026-05-06,37.0000000000,98.0000000000,98,2026-01-28
2026_ytd,ret_qqq_120_step_up,2026-01-02,2026-08-05,100000.0000000000,114632.1383433761,0.1463213834,0.2611009118,8,13.5904186047,442.6964191217,-0.3347786367,2026-01-28,2026-03-30,61,2026-05-06,37.0000000000,98.0000000000,98,2026-01-28
2026_ytd,ret_qqq_120_block_cut,2026-01-02,2026-08-05,100000.0000000000,113267.6797132499,0.1326767971,0.2357067118,6,10.1928139535,344.8527504772,-0.3347786367,2026-01-28,2026-03-30,61,2026-05-06,37.0000000000,98.0000000000,98,2026-01-28
2026_ytd,ret_qqq_150_floor50,2026-01-02,2026-08-05,100000.0000000000,110083.9302848681,0.1008393028,0.1772825412,8,13.5904186047,449.0394356755,-0.3347786367,2026-01-28,2026-03-30,61,2026-05-06,37.0000000000,98.0000000000,98,2026-01-28
2026_ytd,ret_qqq_150_floor100,2026-01-02,2026-08-05,100000.0000000000,113267.6797132499,0.1326767971,0.2357067118,6,10.1928139535,344.8527504772,-0.3347786367,2026-01-28,2026-03-30,61,2026-05-06,37.0000000000,98.0000000000,98,2026-01-28
2026_ytd,ret_qqq_150_step_up,2026-01-02,2026-08-05,100000.0000000000,113267.6797132499,0.1326767971,0.2357067118,6,10.1928139535,344.8527504772,-0.3347786367,2026-01-28,2026-03-30,61,2026-05-06,37.0000000000,98.0000000000,98,2026-01-28
2026_ytd,ret_qqq_150_block_cut,2026-01-02,2026-08-05,100000.0000000000,113267.6797132499,0.1326767971,0.2357067118,6,10.1928139535,344.8527504772,-0.3347786367,2026-01-28,2026-03-30,61,2026-05-06,37.0000000000,98.0000000000,98,2026-01-28
2026_ytd,varshare_qqq_55_floor50,2026-01-02,2026-08-05,100000.0000000000,110083.9302848681,0.1008393028,0.1772825412,8,13.5904186047,449.0394356755,-0.3347786367,2026-01-28,2026-03-30,61,2026-05-06,37.0000000000,98.0000000000,98,2026-01-28
2026_ytd,varshare_qqq_55_floor100,2026-01-02,2026-08-05,100000.0000000000,119059.0661733615,0.1905906617,0.3449479071,11,18.6868255814,743.5424048602,-0.3347786367,2026-01-28,2026-03-30,61,2026-04-24,25.0000000000,86.0000000000,86,2026-01-28
2026_ytd,varshare_qqq_55_step_up,2026-01-02,2026-08-05,100000.0000000000,119059.0661733615,0.1905906617,0.3449479071,11,18.6868255814,743.5424048602,-0.3347786367,2026-01-28,2026-03-30,61,2026-04-24,25.0000000000,86.0000000000,86,2026-01-28
2026_ytd,varshare_qqq_55_block_cut,2026-01-02,2026-08-05,100000.0000000000,113267.6797132499,0.1326767971,0.2357067118,6,10.1928139535,344.8527504772,-0.3347786367,2026-01-28,2026-03-30,61,2026-05-06,37.0000000000,98.0000000000,98,2026-01-28
2026_ytd,varshare_qqq_60_floor50,2026-01-02,2026-08-05,100000.0000000000,110083.9302848681,0.1008393028,0.1772825412,8,13.5904186047,449.0394356755,-0.3347786367,2026-01-28,2026-03-30,61,2026-05-06,37.0000000000,98.0000000000,98,2026-01-28
2026_ytd,varshare_qqq_60_floor100,2026-01-02,2026-08-05,100000.0000000000,123839.6971735361,0.2383969717,0.4379725059,6,10.1928139535,360.4091255757,-0.3347786367,2026-01-28,2026-03-30,61,2026-04-30,31.0000000000,92.0000000000,92,2026-01-28
2026_ytd,varshare_qqq_60_step_up,2026-01-02,2026-08-05,100000.0000000000,123839.6971735361,0.2383969717,0.4379725059,6,10.1928139535,360.4091255757,-0.3347786367,2026-01-28,2026-03-30,61,2026-04-30,31.0000000000,92.0000000000,92,2026-01-28
2026_ytd,varshare_qqq_60_block_cut,2026-01-02,2026-08-05,100000.0000000000,113267.6797132499,0.1326767971,0.2357067118,6,10.1928139535,344.8527504772,-0.3347786367,2026-01-28,2026-03-30,61,2026-05-06,37.0000000000,98.0000000000,98,2026-01-28
2026_ytd,varshare_qqq_65_floor50,2026-01-02,2026-08-05,100000.0000000000,110083.9302848681,0.1008393028,0.1772825412,8,13.5904186047,449.0394356755,-0.3347786367,2026-01-28,2026-03-30,61,2026-05-06,37.0000000000,98.0000000000,98,2026-01-28
2026_ytd,varshare_qqq_65_floor100,2026-01-02,2026-08-05,100000.0000000000,118137.2061295031,0.1813720613,0.3273048681,6,10.1928139535,352.0986653984,-0.3347786367,2026-01-28,2026-03-30,61,2026-05-05,36.0000000000,97.0000000000,97,2026-01-28
2026_ytd,varshare_qqq_65_step_up,2026-01-02,2026-08-05,100000.0000000000,118137.2061295031,0.1813720613,0.3273048681,6,10.1928139535,352.0986653984,-0.3347786367,2026-01-28,2026-03-30,61,2026-05-05,36.0000000000,97.0000000000,97,2026-01-28
2026_ytd,varshare_qqq_65_block_cut,2026-01-02,2026-08-05,100000.0000000000,113267.6797132499,0.1326767971,0.2357067118,6,10.1928139535,344.8527504772,-0.3347786367,2026-01-28,2026-03-30,61,2026-05-06,37.0000000000,98.0000000000,98,2026-01-28
2026_ytd,varshare_qqq_70_floor50,2026-01-02,2026-08-05,100000.0000000000,110083.9302848681,0.1008393028,0.1772825412,8,13.5904186047,449.0394356755,-0.3347786367,2026-01-28,2026-03-30,61,2026-05-06,37.0000000000,98.0000000000,98,2026-01-28
2026_ytd,varshare_qqq_70_floor100,2026-01-02,2026-08-05,100000.0000000000,113344.6783209612,0.1334467832,0.2371340873,8,13.5904186047,439.6051706770,-0.3347786367,2026-01-28,2026-03-30,61,2026-05-06,37.0000000000,98.0000000000,98,2026-01-28
2026_ytd,varshare_qqq_70_step_up,2026-01-02,2026-08-05,100000.0000000000,113344.6783209612,0.1334467832,0.2371340873,8,13.5904186047,439.6051706770,-0.3347786367,2026-01-28,2026-03-30,61,2026-05-06,37.0000000000,98.0000000000,98,2026-01-28
2026_ytd,varshare_qqq_70_block_cut,2026-01-02,2026-08-05,100000.0000000000,113267.6797132499,0.1326767971,0.2357067118,6,10.1928139535,344.8527504772,-0.3347786367,2026-01-28,2026-03-30,61,2026-05-06,37.0000000000,98.0000000000,98,2026-01-28
2026_ytd,varshare_qqq_75_floor50,2026-01-02,2026-08-05,100000.0000000000,110083.9302848681,0.1008393028,0.1772825412,8,13.5904186047,449.0394356755,-0.3347786367,2026-01-28,2026-03-30,61,2026-05-06,37.0000000000,98.0000000000,98,2026-01-28
2026_ytd,varshare_qqq_75_floor100,2026-01-02,2026-08-05,100000.0000000000,113267.6797132499,0.1326767971,0.2357067118,6,10.1928139535,344.8527504772,-0.3347786367,2026-01-28,2026-03-30,61,2026-05-06,37.0000000000,98.0000000000,98,2026-01-28
2026_ytd,varshare_qqq_75_step_up,2026-01-02,2026-08-05,100000.0000000000,113267.6797132499,0.1326767971,0.2357067118,6,10.1928139535,344.8527504772,-0.3347786367,2026-01-28,2026-03-30,61,2026-05-06,37.0000000000,98.0000000000,98,2026-01-28
2026_ytd,varshare_qqq_75_block_cut,2026-01-02,2026-08-05,100000.0000000000,113267.6797132499,0.1326767971,0.2357067118,6,10.1928139535,344.8527504772,-0.3347786367,2026-01-28,2026-03-30,61,2026-05-06,37.0000000000,98.0000000000,98,2026-01-28
2026_ytd,varshare_qqq_80_floor50,2026-01-02,2026-08-05,100000.0000000000,110083.9302848681,0.1008393028,0.1772825412,8,13.5904186047,449.0394356755,-0.3347786367,2026-01-28,2026-03-30,61,2026-05-06,37.0000000000,98.0000000000,98,2026-01-28
2026_ytd,varshare_qqq_80_floor100,2026-01-02,2026-08-05,100000.0000000000,110083.9302848681,0.1008393028,0.1772825412,8,13.5904186047,449.0394356755,-0.3347786367,2026-01-28,2026-03-30,61,2026-05-06,37.0000000000,98.0000000000,98,2026-01-28
2026_ytd,varshare_qqq_80_step_up,2026-01-02,2026-08-05,100000.0000000000,110083.9302848681,0.1008393028,0.1772825412,8,13.5904186047,449.0394356755,-0.3347786367,2026-01-28,2026-03-30,61,2026-05-06,37.0000000000,98.0000000000,98,2026-01-28
2026_ytd,varshare_qqq_80_block_cut,2026-01-02,2026-08-05,100000.0000000000,110083.9302848681,0.1008393028,0.1772825412,8,13.5904186047,449.0394356755,-0.3347786367,2026-01-28,2026-03-30,61,2026-05-06,37.0000000000,98.0000000000,98,2026-01-28
2026_ytd,magratio_qqq_125_floor50,2026-01-02,2026-08-05,100000.0000000000,110083.9302848681,0.1008393028,0.1772825412,8,13.5904186047,449.0394356755,-0.3347786367,2026-01-28,2026-03-30,61,2026-05-06,37.0000000000,98.0000000000,98,2026-01-28
2026_ytd,magratio_qqq_125_floor100,2026-01-02,2026-08-05,100000.0000000000,122236.7085408311,0.2223670854,0.4064955454,6,10.1928139535,358.0700979489,-0.3347786367,2026-01-28,2026-03-30,61,2026-04-30,31.0000000000,92.0000000000,92,2026-01-28
2026_ytd,magratio_qqq_125_step_up,2026-01-02,2026-08-05,100000.0000000000,122236.7085408311,0.2223670854,0.4064955454,6,10.1928139535,358.0700979489,-0.3347786367,2026-01-28,2026-03-30,61,2026-04-30,31.0000000000,92.0000000000,92,2026-01-28
2026_ytd,magratio_qqq_125_block_cut,2026-01-02,2026-08-05,100000.0000000000,111801.9913265416,0.1180199133,0.2086656769,6,10.1928139535,342.7179272978,-0.3347786367,2026-01-28,2026-03-30,61,2026-05-06,37.0000000000,98.0000000000,98,2026-01-28
2026_ytd,magratio_qqq_150_floor50,2026-01-02,2026-08-05,100000.0000000000,110083.9302848681,0.1008393028,0.1772825412,8,13.5904186047,449.0394356755,-0.3347786367,2026-01-28,2026-03-30,61,2026-05-06,37.0000000000,98.0000000000,98,2026-01-28
2026_ytd,magratio_qqq_150_floor100,2026-01-02,2026-08-05,100000.0000000000,119068.3025264712,0.1906830253,0.3451251619,8,13.5904186047,466.5106057863,-0.3347786367,2026-01-28,2026-03-30,61,2026-05-05,36.0000000000,97.0000000000,97,2026-01-28
2026_ytd,magratio_qqq_150_step_up,2026-01-02,2026-08-05,100000.0000000000,119068.3025264712,0.1906830253,0.3451251619,8,13.5904186047,466.5106057863,-0.3347786367,2026-01-28,2026-03-30,61,2026-05-05,36.0000000000,97.0000000000,97,2026-01-28
2026_ytd,magratio_qqq_150_block_cut,2026-01-02,2026-08-05,100000.0000000000,108655.3695268833,0.0865536953,0.1514467299,6,10.1928139535,338.0992869250,-0.3347786367,2026-01-28,2026-03-30,61,2026-05-06,37.0000000000,98.0000000000,98,2026-01-28
2026_ytd,magratio_qqq_200_floor50,2026-01-02,2026-08-05,100000.0000000000,110083.9302848681,0.1008393028,0.1772825412,8,13.5904186047,449.0394356755,-0.3347786367,2026-01-28,2026-03-30,61,2026-05-06,37.0000000000,98.0000000000,98,2026-01-28
2026_ytd,magratio_qqq_200_floor100,2026-01-02,2026-08-05,100000.0000000000,114632.1383433761,0.1463213834,0.2611009118,8,13.5904186047,442.6964191217,-0.3347786367,2026-01-28,2026-03-30,61,2026-05-06,37.0000000000,98.0000000000,98,2026-01-28
2026_ytd,magratio_qqq_200_step_up,2026-01-02,2026-08-05,100000.0000000000,114632.1383433761,0.1463213834,0.2611009118,8,13.5904186047,442.6964191217,-0.3347786367,2026-01-28,2026-03-30,61,2026-05-06,37.0000000000,98.0000000000,98,2026-01-28
2026_ytd,magratio_qqq_200_block_cut,2026-01-02,2026-08-05,100000.0000000000,113267.6797132499,0.1326767971,0.2357067118,6,10.1928139535,344.8527504772,-0.3347786367,2026-01-28,2026-03-30,61,2026-05-06,37.0000000000,98.0000000000,98,2026-01-28
2026_ytd,magratio_qqq_300_floor50,2026-01-02,2026-08-05,100000.0000000000,110083.9302848681,0.1008393028,0.1772825412,8,13.5904186047,449.0394356755,-0.3347786367,2026-01-28,2026-03-30,61,2026-05-06,37.0000000000,98.0000000000,98,2026-01-28
2026_ytd,magratio_qqq_300_floor100,2026-01-02,2026-08-05,100000.0000000000,113267.6797132499,0.1326767971,0.2357067118,6,10.1928139535,344.8527504772,-0.3347786367,2026-01-28,2026-03-30,61,2026-05-06,37.0000000000,98.0000000000,98,2026-01-28
2026_ytd,magratio_qqq_300_step_up,2026-01-02,2026-08-05,100000.0000000000,113267.6797132499,0.1326767971,0.2357067118,6,10.1928139535,344.8527504772,-0.3347786367,2026-01-28,2026-03-30,61,2026-05-06,37.0000000000,98.0000000000,98,2026-01-28
2026_ytd,magratio_qqq_300_block_cut,2026-01-02,2026-08-05,100000.0000000000,113267.6797132499,0.1326767971,0.2357067118,6,10.1928139535,344.8527504772,-0.3347786367,2026-01-28,2026-03-30,61,2026-05-06,37.0000000000,98.0000000000,98,2026-01-28
2026_ytd,magratio_qqq_400_floor50,2026-01-02,2026-08-05,100000.0000000000,110083.9302848681,0.1008393028,0.1772825412,8,13.5904186047,449.0394356755,-0.3347786367,2026-01-28,2026-03-30,61,2026-05-06,37.0000000000,98.0000000000,98,2026-01-28
2026_ytd,magratio_qqq_400_floor100,2026-01-02,2026-08-05,100000.0000000000,110083.9302848681,0.1008393028,0.1772825412,8,13.5904186047,449.0394356755,-0.3347786367,2026-01-28,2026-03-30,61,2026-05-06,37.0000000000,98.0000000000,98,2026-01-28
2026_ytd,magratio_qqq_400_step_up,2026-01-02,2026-08-05,100000.0000000000,110083.9302848681,0.1008393028,0.1772825412,8,13.5904186047,449.0394356755,-0.3347786367,2026-01-28,2026-03-30,61,2026-05-06,37.0000000000,98.0000000000,98,2026-01-28
2026_ytd,magratio_qqq_400_block_cut,2026-01-02,2026-08-05,100000.0000000000,110083.9302848681,0.1008393028,0.1772825412,8,13.5904186047,449.0394356755,-0.3347786367,2026-01-28,2026-03-30,61,2026-05-06,37.0000000000,98.0000000000,98,2026-01-28
2026_ytd,combo_qqq_30_55_floor50,2026-01-02,2026-08-05,100000.0000000000,110083.9302848681,0.1008393028,0.1772825412,8,13.5904186047,449.0394356755,-0.3347786367,2026-01-28,2026-03-30,61,2026-05-06,37.0000000000,98.0000000000,98,2026-01-28
2026_ytd,combo_qqq_30_55_floor100,2026-01-02,2026-08-05,100000.0000000000,115536.8778642367,0.1553687786,0.2780561893,10,16.9880232558,605.1413817778,-0.3347786367,2026-01-28,2026-03-30,61,2026-04-30,31.0000000000,92.0000000000,92,2026-01-28
2026_ytd,combo_qqq_30_55_step_up,2026-01-02,2026-08-05,100000.0000000000,115536.8778642367,0.1553687786,0.2780561893,10,16.9880232558,605.1413817778,-0.3347786367,2026-01-28,2026-03-30,61,2026-04-30,31.0000000000,92.0000000000,92,2026-01-28
2026_ytd,combo_qqq_30_55_block_cut,2026-01-02,2026-08-05,100000.0000000000,113267.6797132499,0.1326767971,0.2357067118,6,10.1928139535,344.8527504772,-0.3347786367,2026-01-28,2026-03-30,61,2026-05-06,37.0000000000,98.0000000000,98,2026-01-28
2026_ytd,combo_qqq_30_65_floor50,2026-01-02,2026-08-05,100000.0000000000,110083.9302848681,0.1008393028,0.1772825412,8,13.5904186047,449.0394356755,-0.3347786367,2026-01-28,2026-03-30,61,2026-05-06,37.0000000000,98.0000000000,98,2026-01-28
2026_ytd,combo_qqq_30_65_floor100,2026-01-02,2026-08-05,100000.0000000000,118137.2061295031,0.1813720613,0.3273048681,6,10.1928139535,352.0986653984,-0.3347786367,2026-01-28,2026-03-30,61,2026-05-05,36.0000000000,97.0000000000,97,2026-01-28
2026_ytd,combo_qqq_30_65_step_up,2026-01-02,2026-08-05,100000.0000000000,118137.2061295031,0.1813720613,0.3273048681,6,10.1928139535,352.0986653984,-0.3347786367,2026-01-28,2026-03-30,61,2026-05-05,36.0000000000,97.0000000000,97,2026-01-28
2026_ytd,combo_qqq_30_65_block_cut,2026-01-02,2026-08-05,100000.0000000000,113267.6797132499,0.1326767971,0.2357067118,6,10.1928139535,344.8527504772,-0.3347786367,2026-01-28,2026-03-30,61,2026-05-06,37.0000000000,98.0000000000,98,2026-01-28
2026_ytd,combo_qqq_30_75_floor50,2026-01-02,2026-08-05,100000.0000000000,110083.9302848681,0.1008393028,0.1772825412,8,13.5904186047,449.0394356755,-0.3347786367,2026-01-28,2026-03-30,61,2026-05-06,37.0000000000,98.0000000000,98,2026-01-28
2026_ytd,combo_qqq_30_75_floor100,2026-01-02,2026-08-05,100000.0000000000,113267.6797132499,0.1326767971,0.2357067118,6,10.1928139535,344.8527504772,-0.3347786367,2026-01-28,2026-03-30,61,2026-05-06,37.0000000000,98.0000000000,98,2026-01-28
2026_ytd,combo_qqq_30_75_step_up,2026-01-02,2026-08-05,100000.0000000000,113267.6797132499,0.1326767971,0.2357067118,6,10.1928139535,344.8527504772,-0.3347786367,2026-01-28,2026-03-30,61,2026-05-06,37.0000000000,98.0000000000,98,2026-01-28
2026_ytd,combo_qqq_30_75_block_cut,2026-01-02,2026-08-05,100000.0000000000,113267.6797132499,0.1326767971,0.2357067118,6,10.1928139535,344.8527504772,-0.3347786367,2026-01-28,2026-03-30,61,2026-05-06,37.0000000000,98.0000000000,98,2026-01-28
2026_ytd,combo_qqq_50_55_floor50,2026-01-02,2026-08-05,100000.0000000000,110083.9302848681,0.1008393028,0.1772825412,8,13.5904186047,449.0394356755,-0.3347786367,2026-01-28,2026-03-30,61,2026-05-06,37.0000000000,98.0000000000,98,2026-01-28
2026_ytd,combo_qqq_50_55_floor100,2026-01-02,2026-08-05,100000.0000000000,112498.6484989173,0.1249864850,0.2214878764,12,20.3856279070,687.9931206968,-0.3347786367,2026-01-28,2026-03-30,61,2026-05-01,32.0000000000,93.0000000000,93,2026-01-28
2026_ytd,combo_qqq_50_55_step_up,2026-01-02,2026-08-05,100000.0000000000,112498.6484989173,0.1249864850,0.2214878764,12,20.3856279070,687.9931206968,-0.3347786367,2026-01-28,2026-03-30,61,2026-05-01,32.0000000000,93.0000000000,93,2026-01-28
2026_ytd,combo_qqq_50_55_block_cut,2026-01-02,2026-08-05,100000.0000000000,113267.6797132499,0.1326767971,0.2357067118,6,10.1928139535,344.8527504772,-0.3347786367,2026-01-28,2026-03-30,61,2026-05-06,37.0000000000,98.0000000000,98,2026-01-28
2026_ytd,combo_qqq_50_65_floor50,2026-01-02,2026-08-05,100000.0000000000,110083.9302848681,0.1008393028,0.1772825412,8,13.5904186047,449.0394356755,-0.3347786367,2026-01-28,2026-03-30,61,2026-05-06,37.0000000000,98.0000000000,98,2026-01-28
2026_ytd,combo_qqq_50_65_floor100,2026-01-02,2026-08-05,100000.0000000000,118137.2061295031,0.1813720613,0.3273048681,6,10.1928139535,352.0986653984,-0.3347786367,2026-01-28,2026-03-30,61,2026-05-05,36.0000000000,97.0000000000,97,2026-01-28
2026_ytd,combo_qqq_50_65_step_up,2026-01-02,2026-08-05,100000.0000000000,118137.2061295031,0.1813720613,0.3273048681,6,10.1928139535,352.0986653984,-0.3347786367,2026-01-28,2026-03-30,61,2026-05-05,36.0000000000,97.0000000000,97,2026-01-28
2026_ytd,combo_qqq_50_65_block_cut,2026-01-02,2026-08-05,100000.0000000000,113267.6797132499,0.1326767971,0.2357067118,6,10.1928139535,344.8527504772,-0.3347786367,2026-01-28,2026-03-30,61,2026-05-06,37.0000000000,98.0000000000,98,2026-01-28
2026_ytd,combo_qqq_50_75_floor50,2026-01-02,2026-08-05,100000.0000000000,110083.9302848681,0.1008393028,0.1772825412,8,13.5904186047,449.0394356755,-0.3347786367,2026-01-28,2026-03-30,61,2026-05-06,37.0000000000,98.0000000000,98,2026-01-28
2026_ytd,combo_qqq_50_75_floor100,2026-01-02,2026-08-05,100000.0000000000,113267.6797132499,0.1326767971,0.2357067118,6,10.1928139535,344.8527504772,-0.3347786367,2026-01-28,2026-03-30,61,2026-05-06,37.0000000000,98.0000000000,98,2026-01-28
2026_ytd,combo_qqq_50_75_step_up,2026-01-02,2026-08-05,100000.0000000000,113267.6797132499,0.1326767971,0.2357067118,6,10.1928139535,344.8527504772,-0.3347786367,2026-01-28,2026-03-30,61,2026-05-06,37.0000000000,98.0000000000,98,2026-01-28
2026_ytd,combo_qqq_50_75_block_cut,2026-01-02,2026-08-05,100000.0000000000,113267.6797132499,0.1326767971,0.2357067118,6,10.1928139535,344.8527504772,-0.3347786367,2026-01-28,2026-03-30,61,2026-05-06,37.0000000000,98.0000000000,98,2026-01-28
2026_ytd,combo_qqq_75_55_floor50,2026-01-02,2026-08-05,100000.0000000000,110083.9302848681,0.1008393028,0.1772825412,8,13.5904186047,449.0394356755,-0.3347786367,2026-01-28,2026-03-30,61,2026-05-06,37.0000000000,98.0000000000,98,2026-01-28
2026_ytd,combo_qqq_75_55_floor100,2026-01-02,2026-08-05,100000.0000000000,115688.0464861123,0.1568804649,0.2808982430,12,20.3856279070,659.0872895434,-0.3347786367,2026-01-28,2026-03-30,61,2026-05-05,36.0000000000,97.0000000000,97,2026-01-28
2026_ytd,combo_qqq_75_55_step_up,2026-01-02,2026-08-05,100000.0000000000,115688.0464861123,0.1568804649,0.2808982430,12,20.3856279070,659.0872895434,-0.3347786367,2026-01-28,2026-03-30,61,2026-05-05,36.0000000000,97.0000000000,97,2026-01-28
2026_ytd,combo_qqq_75_55_block_cut,2026-01-02,2026-08-05,100000.0000000000,113267.6797132499,0.1326767971,0.2357067118,6,10.1928139535,344.8527504772,-0.3347786367,2026-01-28,2026-03-30,61,2026-05-06,37.0000000000,98.0000000000,98,2026-01-28
2026_ytd,combo_qqq_75_65_floor50,2026-01-02,2026-08-05,100000.0000000000,110083.9302848681,0.1008393028,0.1772825412,8,13.5904186047,449.0394356755,-0.3347786367,2026-01-28,2026-03-30,61,2026-05-06,37.0000000000,98.0000000000,98,2026-01-28
2026_ytd,combo_qqq_75_65_floor100,2026-01-02,2026-08-05,100000.0000000000,116762.4684018551,0.1676246840,0.3011727141,8,13.5904186047,446.4822274212,-0.3347786367,2026-01-28,2026-03-30,61,2026-05-05,36.0000000000,97.0000000000,97,2026-01-28
2026_ytd,combo_qqq_75_65_step_up,2026-01-02,2026-08-05,100000.0000000000,116762.4684018551,0.1676246840,0.3011727141,8,13.5904186047,446.4822274212,-0.3347786367,2026-01-28,2026-03-30,61,2026-05-05,36.0000000000,97.0000000000,97,2026-01-28
2026_ytd,combo_qqq_75_65_block_cut,2026-01-02,2026-08-05,100000.0000000000,113267.6797132499,0.1326767971,0.2357067118,6,10.1928139535,344.8527504772,-0.3347786367,2026-01-28,2026-03-30,61,2026-05-06,37.0000000000,98.0000000000,98,2026-01-28
2026_ytd,combo_qqq_75_75_floor50,2026-01-02,2026-08-05,100000.0000000000,110083.9302848681,0.1008393028,0.1772825412,8,13.5904186047,449.0394356755,-0.3347786367,2026-01-28,2026-03-30,61,2026-05-06,37.0000000000,98.0000000000,98,2026-01-28
2026_ytd,combo_qqq_75_75_floor100,2026-01-02,2026-08-05,100000.0000000000,113267.6797132499,0.1326767971,0.2357067118,6,10.1928139535,344.8527504772,-0.3347786367,2026-01-28,2026-03-30,61,2026-05-06,37.0000000000,98.0000000000,98,2026-01-28
2026_ytd,combo_qqq_75_75_step_up,2026-01-02,2026-08-05,100000.0000000000,113267.6797132499,0.1326767971,0.2357067118,6,10.1928139535,344.8527504772,-0.3347786367,2026-01-28,2026-03-30,61,2026-05-06,37.0000000000,98.0000000000,98,2026-01-28
2026_ytd,combo_qqq_75_75_block_cut,2026-01-02,2026-08-05,100000.0000000000,113267.6797132499,0.1326767971,0.2357067118,6,10.1928139535,344.8527504772,-0.3347786367,2026-01-28,2026-03-30,61,2026-05-06,37.0000000000,98.0000000000,98,2026-01-28
2026_ytd,combo_qqq_100_55_floor50,2026-01-02,2026-08-05,100000.0000000000,110083.9302848681,0.1008393028,0.1772825412,8,13.5904186047,449.0394356755,-0.3347786367,2026-01-28,2026-03-30,61,2026-05-06,37.0000000000,98.0000000000,98,2026-01-28
2026_ytd,combo_qqq_100_55_floor100,2026-01-02,2026-08-05,100000.0000000000,111850.6564849275,0.1185065648,0.2095595661,10,16.9880232558,553.9110530090,-0.3347786367,2026-01-28,2026-03-30,61,2026-05-06,37.0000000000,98.0000000000,98,2026-01-28
2026_ytd,combo_qqq_100_55_step_up,2026-01-02,2026-08-05,100000.0000000000,111850.6564849275,0.1185065648,0.2095595661,10,16.9880232558,553.9110530090,-0.3347786367,2026-01-28,2026-03-30,61,2026-05-06,37.0000000000,98.0000000000,98,2026-01-28
2026_ytd,combo_qqq_100_55_block_cut,2026-01-02,2026-08-05,100000.0000000000,113267.6797132499,0.1326767971,0.2357067118,6,10.1928139535,344.8527504772,-0.3347786367,2026-01-28,2026-03-30,61,2026-05-06,37.0000000000,98.0000000000,98,2026-01-28
2026_ytd,combo_qqq_100_65_floor50,2026-01-02,2026-08-05,100000.0000000000,110083.9302848681,0.1008393028,0.1772825412,8,13.5904186047,449.0394356755,-0.3347786367,2026-01-28,2026-03-30,61,2026-05-06,37.0000000000,98.0000000000,98,2026-01-28
2026_ytd,combo_qqq_100_65_floor100,2026-01-02,2026-08-05,100000.0000000000,113344.6783209612,0.1334467832,0.2371340873,8,13.5904186047,439.6051706770,-0.3347786367,2026-01-28,2026-03-30,61,2026-05-06,37.0000000000,98.0000000000,98,2026-01-28
2026_ytd,combo_qqq_100_65_step_up,2026-01-02,2026-08-05,100000.0000000000,113344.6783209612,0.1334467832,0.2371340873,8,13.5904186047,439.6051706770,-0.3347786367,2026-01-28,2026-03-30,61,2026-05-06,37.0000000000,98.0000000000,98,2026-01-28
2026_ytd,combo_qqq_100_65_block_cut,2026-01-02,2026-08-05,100000.0000000000,113267.6797132499,0.1326767971,0.2357067118,6,10.1928139535,344.8527504772,-0.3347786367,2026-01-28,2026-03-30,61,2026-05-06,37.0000000000,98.0000000000,98,2026-01-28
2026_ytd,combo_qqq_100_75_floor50,2026-01-02,2026-08-05,100000.0000000000,110083.9302848681,0.1008393028,0.1772825412,8,13.5904186047,449.0394356755,-0.3347786367,2026-01-28,2026-03-30,61,2026-05-06,37.0000000000,98.0000000000,98,2026-01-28
2026_ytd,combo_qqq_100_75_floor100,2026-01-02,2026-08-05,100000.0000000000,113267.6797132499,0.1326767971,0.2357067118,6,10.1928139535,344.8527504772,-0.3347786367,2026-01-28,2026-03-30,61,2026-05-06,37.0000000000,98.0000000000,98,2026-01-28
2026_ytd,combo_qqq_100_75_step_up,2026-01-02,2026-08-05,100000.0000000000,113267.6797132499,0.1326767971,0.2357067118,6,10.1928139535,344.8527504772,-0.3347786367,2026-01-28,2026-03-30,61,2026-05-06,37.0000000000,98.0000000000,98,2026-01-28
2026_ytd,combo_qqq_100_75_block_cut,2026-01-02,2026-08-05,100000.0000000000,113267.6797132499,0.1326767971,0.2357067118,6,10.1928139535,344.8527504772,-0.3347786367,2026-01-28,2026-03-30,61,2026-05-06,37.0000000000,98.0000000000,98,2026-01-28
2026_ytd,filtered_ret_qqq_40_sma100_block_cut,2026-01-02,2026-08-05,100000.0000000000,111801.9913265416,0.1180199133,0.2086656769,6,10.1928139535,342.7179272978,-0.3347786367,2026-01-28,2026-03-30,61,2026-05-06,37.0000000000,98.0000000000,98,2026-01-28
2026_ytd,filtered_ret_qqq_40_sma150_block_cut,2026-01-02,2026-08-05,100000.0000000000,111801.9913265416,0.1180199133,0.2086656769,6,10.1928139535,342.7179272978,-0.3347786367,2026-01-28,2026-03-30,61,2026-05-06,37.0000000000,98.0000000000,98,2026-01-28
2026_ytd,filtered_ret_qqq_40_sma200_block_cut,2026-01-02,2026-08-05,100000.0000000000,111801.9913265416,0.1180199133,0.2086656769,6,10.1928139535,342.7179272978,-0.3347786367,2026-01-28,2026-03-30,61,2026-05-06,37.0000000000,98.0000000000,98,2026-01-28
2026_ytd,filtered_ret_qqq_40_return60_block_cut,2026-01-02,2026-08-05,100000.0000000000,111801.9913265416,0.1180199133,0.2086656769,6,10.1928139535,342.7179272978,-0.3347786367,2026-01-28,2026-03-30,61,2026-05-06,37.0000000000,98.0000000000,98,2026-01-28
2026_ytd,filtered_ret_qqq_40_return120_block_cut,2026-01-02,2026-08-05,100000.0000000000,111801.9913265416,0.1180199133,0.2086656769,6,10.1928139535,342.7179272978,-0.3347786367,2026-01-28,2026-03-30,61,2026-05-06,37.0000000000,98.0000000000,98,2026-01-28
2026_ytd,filtered_ret_qqq_40_return200_block_cut,2026-01-02,2026-08-05,100000.0000000000,111801.9913265416,0.1180199133,0.2086656769,6,10.1928139535,342.7179272978,-0.3347786367,2026-01-28,2026-03-30,61,2026-05-06,37.0000000000,98.0000000000,98,2026-01-28
2026_ytd,filtered_ret_qqq_60_sma100_block_cut,2026-01-02,2026-08-05,100000.0000000000,108655.3695268833,0.0865536953,0.1514467299,6,10.1928139535,338.0992869250,-0.3347786367,2026-01-28,2026-03-30,61,2026-05-06,37.0000000000,98.0000000000,98,2026-01-28
2026_ytd,filtered_ret_qqq_60_sma150_block_cut,2026-01-02,2026-08-05,100000.0000000000,108655.3695268833,0.0865536953,0.1514467299,6,10.1928139535,338.0992869250,-0.3347786367,2026-01-28,2026-03-30,61,2026-05-06,37.0000000000,98.0000000000,98,2026-01-28
2026_ytd,filtered_ret_qqq_60_sma200_block_cut,2026-01-02,2026-08-05,100000.0000000000,108655.3695268833,0.0865536953,0.1514467299,6,10.1928139535,338.0992869250,-0.3347786367,2026-01-28,2026-03-30,61,2026-05-06,37.0000000000,98.0000000000,98,2026-01-28
2026_ytd,filtered_ret_qqq_60_return60_block_cut,2026-01-02,2026-08-05,100000.0000000000,108655.3695268833,0.0865536953,0.1514467299,6,10.1928139535,338.0992869250,-0.3347786367,2026-01-28,2026-03-30,61,2026-05-06,37.0000000000,98.0000000000,98,2026-01-28
2026_ytd,filtered_ret_qqq_60_return120_block_cut,2026-01-02,2026-08-05,100000.0000000000,108655.3695268833,0.0865536953,0.1514467299,6,10.1928139535,338.0992869250,-0.3347786367,2026-01-28,2026-03-30,61,2026-05-06,37.0000000000,98.0000000000,98,2026-01-28
2026_ytd,filtered_ret_qqq_60_return200_block_cut,2026-01-02,2026-08-05,100000.0000000000,108655.3695268833,0.0865536953,0.1514467299,6,10.1928139535,338.0992869250,-0.3347786367,2026-01-28,2026-03-30,61,2026-05-06,37.0000000000,98.0000000000,98,2026-01-28
2026_ytd,filtered_ret_qqq_80_sma100_block_cut,2026-01-02,2026-08-05,100000.0000000000,114520.2078441005,0.1452020784,0.2590097554,6,10.1928139535,346.7074332634,-0.3347786367,2026-01-28,2026-03-30,61,2026-05-06,37.0000000000,98.0000000000,98,2026-01-28
2026_ytd,filtered_ret_qqq_80_sma150_block_cut,2026-01-02,2026-08-05,100000.0000000000,114520.2078441005,0.1452020784,0.2590097554,6,10.1928139535,346.7074332634,-0.3347786367,2026-01-28,2026-03-30,61,2026-05-06,37.0000000000,98.0000000000,98,2026-01-28
2026_ytd,filtered_ret_qqq_80_sma200_block_cut,2026-01-02,2026-08-05,100000.0000000000,114520.2078441005,0.1452020784,0.2590097554,6,10.1928139535,346.7074332634,-0.3347786367,2026-01-28,2026-03-30,61,2026-05-06,37.0000000000,98.0000000000,98,2026-01-28
2026_ytd,filtered_ret_qqq_80_return60_block_cut,2026-01-02,2026-08-05,100000.0000000000,114520.2078441005,0.1452020784,0.2590097554,6,10.1928139535,346.7074332634,-0.3347786367,2026-01-28,2026-03-30,61,2026-05-06,37.0000000000,98.0000000000,98,2026-01-28
2026_ytd,filtered_ret_qqq_80_return120_block_cut,2026-01-02,2026-08-05,100000.0000000000,114520.2078441005,0.1452020784,0.2590097554,6,10.1928139535,346.7074332634,-0.3347786367,2026-01-28,2026-03-30,61,2026-05-06,37.0000000000,98.0000000000,98,2026-01-28
2026_ytd,filtered_ret_qqq_80_return200_block_cut,2026-01-02,2026-08-05,100000.0000000000,114520.2078441005,0.1452020784,0.2590097554,6,10.1928139535,346.7074332634,-0.3347786367,2026-01-28,2026-03-30,61,2026-05-06,37.0000000000,98.0000000000,98,2026-01-28
2026_ytd,filtered_ret_qqq_100_sma100_block_cut,2026-01-02,2026-08-05,100000.0000000000,113267.6797132499,0.1326767971,0.2357067118,6,10.1928139535,344.8527504772,-0.3347786367,2026-01-28,2026-03-30,61,2026-05-06,37.0000000000,98.0000000000,98,2026-01-28
2026_ytd,filtered_ret_qqq_100_sma150_block_cut,2026-01-02,2026-08-05,100000.0000000000,113267.6797132499,0.1326767971,0.2357067118,6,10.1928139535,344.8527504772,-0.3347786367,2026-01-28,2026-03-30,61,2026-05-06,37.0000000000,98.0000000000,98,2026-01-28
2026_ytd,filtered_ret_qqq_100_sma200_block_cut,2026-01-02,2026-08-05,100000.0000000000,113267.6797132499,0.1326767971,0.2357067118,6,10.1928139535,344.8527504772,-0.3347786367,2026-01-28,2026-03-30,61,2026-05-06,37.0000000000,98.0000000000,98,2026-01-28
2026_ytd,filtered_ret_qqq_100_return60_block_cut,2026-01-02,2026-08-05,100000.0000000000,113267.6797132499,0.1326767971,0.2357067118,6,10.1928139535,344.8527504772,-0.3347786367,2026-01-28,2026-03-30,61,2026-05-06,37.0000000000,98.0000000000,98,2026-01-28
2026_ytd,filtered_ret_qqq_100_return120_block_cut,2026-01-02,2026-08-05,100000.0000000000,113267.6797132499,0.1326767971,0.2357067118,6,10.1928139535,344.8527504772,-0.3347786367,2026-01-28,2026-03-30,61,2026-05-06,37.0000000000,98.0000000000,98,2026-01-28
2026_ytd,filtered_ret_qqq_100_return200_block_cut,2026-01-02,2026-08-05,100000.0000000000,113267.6797132499,0.1326767971,0.2357067118,6,10.1928139535,344.8527504772,-0.3347786367,2026-01-28,2026-03-30,61,2026-05-06,37.0000000000,98.0000000000,98,2026-01-28
2026_ytd,filtered_ret_qqq_120_sma100_block_cut,2026-01-02,2026-08-05,100000.0000000000,113267.6797132499,0.1326767971,0.2357067118,6,10.1928139535,344.8527504772,-0.3347786367,2026-01-28,2026-03-30,61,2026-05-06,37.0000000000,98.0000000000,98,2026-01-28
2026_ytd,filtered_ret_qqq_120_sma150_block_cut,2026-01-02,2026-08-05,100000.0000000000,113267.6797132499,0.1326767971,0.2357067118,6,10.1928139535,344.8527504772,-0.3347786367,2026-01-28,2026-03-30,61,2026-05-06,37.0000000000,98.0000000000,98,2026-01-28
2026_ytd,filtered_ret_qqq_120_sma200_block_cut,2026-01-02,2026-08-05,100000.0000000000,113267.6797132499,0.1326767971,0.2357067118,6,10.1928139535,344.8527504772,-0.3347786367,2026-01-28,2026-03-30,61,2026-05-06,37.0000000000,98.0000000000,98,2026-01-28
2026_ytd,filtered_ret_qqq_120_return60_block_cut,2026-01-02,2026-08-05,100000.0000000000,113267.6797132499,0.1326767971,0.2357067118,6,10.1928139535,344.8527504772,-0.3347786367,2026-01-28,2026-03-30,61,2026-05-06,37.0000000000,98.0000000000,98,2026-01-28
2026_ytd,filtered_ret_qqq_120_return120_block_cut,2026-01-02,2026-08-05,100000.0000000000,113267.6797132499,0.1326767971,0.2357067118,6,10.1928139535,344.8527504772,-0.3347786367,2026-01-28,2026-03-30,61,2026-05-06,37.0000000000,98.0000000000,98,2026-01-28
2026_ytd,filtered_ret_qqq_120_return200_block_cut,2026-01-02,2026-08-05,100000.0000000000,113267.6797132499,0.1326767971,0.2357067118,6,10.1928139535,344.8527504772,-0.3347786367,2026-01-28,2026-03-30,61,2026-05-06,37.0000000000,98.0000000000,98,2026-01-28
2026_ytd,filtered_ret_qqq_150_sma100_block_cut,2026-01-02,2026-08-05,100000.0000000000,113267.6797132499,0.1326767971,0.2357067118,6,10.1928139535,344.8527504772,-0.3347786367,2026-01-28,2026-03-30,61,2026-05-06,37.0000000000,98.0000000000,98,2026-01-28
2026_ytd,filtered_ret_qqq_150_sma150_block_cut,2026-01-02,2026-08-05,100000.0000000000,113267.6797132499,0.1326767971,0.2357067118,6,10.1928139535,344.8527504772,-0.3347786367,2026-01-28,2026-03-30,61,2026-05-06,37.0000000000,98.0000000000,98,2026-01-28
2026_ytd,filtered_ret_qqq_150_sma200_block_cut,2026-01-02,2026-08-05,100000.0000000000,113267.6797132499,0.1326767971,0.2357067118,6,10.1928139535,344.8527504772,-0.3347786367,2026-01-28,2026-03-30,61,2026-05-06,37.0000000000,98.0000000000,98,2026-01-28
2026_ytd,filtered_ret_qqq_150_return60_block_cut,2026-01-02,2026-08-05,100000.0000000000,113267.6797132499,0.1326767971,0.2357067118,6,10.1928139535,344.8527504772,-0.3347786367,2026-01-28,2026-03-30,61,2026-05-06,37.0000000000,98.0000000000,98,2026-01-28
2026_ytd,filtered_ret_qqq_150_return120_block_cut,2026-01-02,2026-08-05,100000.0000000000,113267.6797132499,0.1326767971,0.2357067118,6,10.1928139535,344.8527504772,-0.3347786367,2026-01-28,2026-03-30,61,2026-05-06,37.0000000000,98.0000000000,98,2026-01-28
2026_ytd,filtered_ret_qqq_150_return200_block_cut,2026-01-02,2026-08-05,100000.0000000000,113267.6797132499,0.1326767971,0.2357067118,6,10.1928139535,344.8527504772,-0.3347786367,2026-01-28,2026-03-30,61,2026-05-06,37.0000000000,98.0000000000,98,2026-01-28
2026_ytd,filtered_ret_tqqq_100_sma100_block_cut,2026-01-02,2026-08-05,100000.0000000000,111801.9913265416,0.1180199133,0.2086656769,6,10.1928139535,342.7179272978,-0.3347786367,2026-01-28,2026-03-30,61,2026-05-06,37.0000000000,98.0000000000,98,2026-01-28
2026_ytd,filtered_ret_tqqq_100_sma150_block_cut,2026-01-02,2026-08-05,100000.0000000000,111801.9913265416,0.1180199133,0.2086656769,6,10.1928139535,342.7179272978,-0.3347786367,2026-01-28,2026-03-30,61,2026-05-06,37.0000000000,98.0000000000,98,2026-01-28
2026_ytd,filtered_ret_tqqq_100_sma200_block_cut,2026-01-02,2026-08-05,100000.0000000000,111801.9913265416,0.1180199133,0.2086656769,6,10.1928139535,342.7179272978,-0.3347786367,2026-01-28,2026-03-30,61,2026-05-06,37.0000000000,98.0000000000,98,2026-01-28
2026_ytd,filtered_ret_tqqq_100_return60_block_cut,2026-01-02,2026-08-05,100000.0000000000,111801.9913265416,0.1180199133,0.2086656769,6,10.1928139535,342.7179272978,-0.3347786367,2026-01-28,2026-03-30,61,2026-05-06,37.0000000000,98.0000000000,98,2026-01-28
2026_ytd,filtered_ret_tqqq_100_return120_block_cut,2026-01-02,2026-08-05,100000.0000000000,111801.9913265416,0.1180199133,0.2086656769,6,10.1928139535,342.7179272978,-0.3347786367,2026-01-28,2026-03-30,61,2026-05-06,37.0000000000,98.0000000000,98,2026-01-28
2026_ytd,filtered_ret_tqqq_100_return200_block_cut,2026-01-02,2026-08-05,100000.0000000000,111801.9913265416,0.1180199133,0.2086656769,6,10.1928139535,342.7179272978,-0.3347786367,2026-01-28,2026-03-30,61,2026-05-06,37.0000000000,98.0000000000,98,2026-01-28
2026_ytd,filtered_ret_tqqq_150_sma100_block_cut,2026-01-02,2026-08-05,100000.0000000000,108655.3695268833,0.0865536953,0.1514467299,6,10.1928139535,338.0992869250,-0.3347786367,2026-01-28,2026-03-30,61,2026-05-06,37.0000000000,98.0000000000,98,2026-01-28
2026_ytd,filtered_ret_tqqq_150_sma150_block_cut,2026-01-02,2026-08-05,100000.0000000000,108655.3695268833,0.0865536953,0.1514467299,6,10.1928139535,338.0992869250,-0.3347786367,2026-01-28,2026-03-30,61,2026-05-06,37.0000000000,98.0000000000,98,2026-01-28
2026_ytd,filtered_ret_tqqq_150_sma200_block_cut,2026-01-02,2026-08-05,100000.0000000000,108655.3695268833,0.0865536953,0.1514467299,6,10.1928139535,338.0992869250,-0.3347786367,2026-01-28,2026-03-30,61,2026-05-06,37.0000000000,98.0000000000,98,2026-01-28
2026_ytd,filtered_ret_tqqq_150_return60_block_cut,2026-01-02,2026-08-05,100000.0000000000,108655.3695268833,0.0865536953,0.1514467299,6,10.1928139535,338.0992869250,-0.3347786367,2026-01-28,2026-03-30,61,2026-05-06,37.0000000000,98.0000000000,98,2026-01-28
2026_ytd,filtered_ret_tqqq_150_return120_block_cut,2026-01-02,2026-08-05,100000.0000000000,108655.3695268833,0.0865536953,0.1514467299,6,10.1928139535,338.0992869250,-0.3347786367,2026-01-28,2026-03-30,61,2026-05-06,37.0000000000,98.0000000000,98,2026-01-28
2026_ytd,filtered_ret_tqqq_150_return200_block_cut,2026-01-02,2026-08-05,100000.0000000000,108655.3695268833,0.0865536953,0.1514467299,6,10.1928139535,338.0992869250,-0.3347786367,2026-01-28,2026-03-30,61,2026-05-06,37.0000000000,98.0000000000,98,2026-01-28
2026_ytd,filtered_ret_tqqq_200_sma100_block_cut,2026-01-02,2026-08-05,100000.0000000000,109265.0033485017,0.0926500335,0.1624432338,6,10.1928139535,338.9765980455,-0.3347786367,2026-01-28,2026-03-30,61,2026-05-06,37.0000000000,98.0000000000,98,2026-01-28
2026_ytd,filtered_ret_tqqq_200_sma150_block_cut,2026-01-02,2026-08-05,100000.0000000000,109265.0033485017,0.0926500335,0.1624432338,6,10.1928139535,338.9765980455,-0.3347786367,2026-01-28,2026-03-30,61,2026-05-06,37.0000000000,98.0000000000,98,2026-01-28
2026_ytd,filtered_ret_tqqq_200_sma200_block_cut,2026-01-02,2026-08-05,100000.0000000000,109265.0033485017,0.0926500335,0.1624432338,6,10.1928139535,338.9765980455,-0.3347786367,2026-01-28,2026-03-30,61,2026-05-06,37.0000000000,98.0000000000,98,2026-01-28
2026_ytd,filtered_ret_tqqq_200_return60_block_cut,2026-01-02,2026-08-05,100000.0000000000,109265.0033485017,0.0926500335,0.1624432338,6,10.1928139535,338.9765980455,-0.3347786367,2026-01-28,2026-03-30,61,2026-05-06,37.0000000000,98.0000000000,98,2026-01-28
2026_ytd,filtered_ret_tqqq_200_return120_block_cut,2026-01-02,2026-08-05,100000.0000000000,109265.0033485017,0.0926500335,0.1624432338,6,10.1928139535,338.9765980455,-0.3347786367,2026-01-28,2026-03-30,61,2026-05-06,37.0000000000,98.0000000000,98,2026-01-28
2026_ytd,filtered_ret_tqqq_200_return200_block_cut,2026-01-02,2026-08-05,100000.0000000000,109265.0033485017,0.0926500335,0.1624432338,6,10.1928139535,338.9765980455,-0.3347786367,2026-01-28,2026-03-30,61,2026-05-06,37.0000000000,98.0000000000,98,2026-01-28
2026_ytd,filtered_ret_tqqq_250_sma100_block_cut,2026-01-02,2026-08-05,100000.0000000000,113267.6797132499,0.1326767971,0.2357067118,6,10.1928139535,344.8527504772,-0.3347786367,2026-01-28,2026-03-30,61,2026-05-06,37.0000000000,98.0000000000,98,2026-01-28
2026_ytd,filtered_ret_tqqq_250_sma150_block_cut,2026-01-02,2026-08-05,100000.0000000000,113267.6797132499,0.1326767971,0.2357067118,6,10.1928139535,344.8527504772,-0.3347786367,2026-01-28,2026-03-30,61,2026-05-06,37.0000000000,98.0000000000,98,2026-01-28
2026_ytd,filtered_ret_tqqq_250_sma200_block_cut,2026-01-02,2026-08-05,100000.0000000000,113267.6797132499,0.1326767971,0.2357067118,6,10.1928139535,344.8527504772,-0.3347786367,2026-01-28,2026-03-30,61,2026-05-06,37.0000000000,98.0000000000,98,2026-01-28
2026_ytd,filtered_ret_tqqq_250_return60_block_cut,2026-01-02,2026-08-05,100000.0000000000,113267.6797132499,0.1326767971,0.2357067118,6,10.1928139535,344.8527504772,-0.3347786367,2026-01-28,2026-03-30,61,2026-05-06,37.0000000000,98.0000000000,98,2026-01-28
2026_ytd,filtered_ret_tqqq_250_return120_block_cut,2026-01-02,2026-08-05,100000.0000000000,113267.6797132499,0.1326767971,0.2357067118,6,10.1928139535,344.8527504772,-0.3347786367,2026-01-28,2026-03-30,61,2026-05-06,37.0000000000,98.0000000000,98,2026-01-28
2026_ytd,filtered_ret_tqqq_250_return200_block_cut,2026-01-02,2026-08-05,100000.0000000000,113267.6797132499,0.1326767971,0.2357067118,6,10.1928139535,344.8527504772,-0.3347786367,2026-01-28,2026-03-30,61,2026-05-06,37.0000000000,98.0000000000,98,2026-01-28
2026_ytd,filtered_ret_tqqq_300_sma100_block_cut,2026-01-02,2026-08-05,100000.0000000000,113267.6797132499,0.1326767971,0.2357067118,6,10.1928139535,344.8527504772,-0.3347786367,2026-01-28,2026-03-30,61,2026-05-06,37.0000000000,98.0000000000,98,2026-01-28
2026_ytd,filtered_ret_tqqq_300_sma150_block_cut,2026-01-02,2026-08-05,100000.0000000000,113267.6797132499,0.1326767971,0.2357067118,6,10.1928139535,344.8527504772,-0.3347786367,2026-01-28,2026-03-30,61,2026-05-06,37.0000000000,98.0000000000,98,2026-01-28
2026_ytd,filtered_ret_tqqq_300_sma200_block_cut,2026-01-02,2026-08-05,100000.0000000000,113267.6797132499,0.1326767971,0.2357067118,6,10.1928139535,344.8527504772,-0.3347786367,2026-01-28,2026-03-30,61,2026-05-06,37.0000000000,98.0000000000,98,2026-01-28
2026_ytd,filtered_ret_tqqq_300_return60_block_cut,2026-01-02,2026-08-05,100000.0000000000,113267.6797132499,0.1326767971,0.2357067118,6,10.1928139535,344.8527504772,-0.3347786367,2026-01-28,2026-03-30,61,2026-05-06,37.0000000000,98.0000000000,98,2026-01-28
2026_ytd,filtered_ret_tqqq_300_return120_block_cut,2026-01-02,2026-08-05,100000.0000000000,113267.6797132499,0.1326767971,0.2357067118,6,10.1928139535,344.8527504772,-0.3347786367,2026-01-28,2026-03-30,61,2026-05-06,37.0000000000,98.0000000000,98,2026-01-28
2026_ytd,filtered_ret_tqqq_300_return200_block_cut,2026-01-02,2026-08-05,100000.0000000000,113267.6797132499,0.1326767971,0.2357067118,6,10.1928139535,344.8527504772,-0.3347786367,2026-01-28,2026-03-30,61,2026-05-06,37.0000000000,98.0000000000,98,2026-01-28
2026_ytd,filtered_varshare_qqq_60_sma100_block_cut,2026-01-02,2026-08-05,100000.0000000000,113267.6797132499,0.1326767971,0.2357067118,6,10.1928139535,344.8527504772,-0.3347786367,2026-01-28,2026-03-30,61,2026-05-06,37.0000000000,98.0000000000,98,2026-01-28
2026_ytd,filtered_varshare_qqq_60_sma150_block_cut,2026-01-02,2026-08-05,100000.0000000000,113267.6797132499,0.1326767971,0.2357067118,6,10.1928139535,344.8527504772,-0.3347786367,2026-01-28,2026-03-30,61,2026-05-06,37.0000000000,98.0000000000,98,2026-01-28
2026_ytd,filtered_varshare_qqq_60_sma200_block_cut,2026-01-02,2026-08-05,100000.0000000000,113267.6797132499,0.1326767971,0.2357067118,6,10.1928139535,344.8527504772,-0.3347786367,2026-01-28,2026-03-30,61,2026-05-06,37.0000000000,98.0000000000,98,2026-01-28
2026_ytd,filtered_varshare_qqq_60_return60_block_cut,2026-01-02,2026-08-05,100000.0000000000,113267.6797132499,0.1326767971,0.2357067118,6,10.1928139535,344.8527504772,-0.3347786367,2026-01-28,2026-03-30,61,2026-05-06,37.0000000000,98.0000000000,98,2026-01-28
2026_ytd,filtered_varshare_qqq_60_return120_block_cut,2026-01-02,2026-08-05,100000.0000000000,113267.6797132499,0.1326767971,0.2357067118,6,10.1928139535,344.8527504772,-0.3347786367,2026-01-28,2026-03-30,61,2026-05-06,37.0000000000,98.0000000000,98,2026-01-28
2026_ytd,filtered_varshare_qqq_60_return200_block_cut,2026-01-02,2026-08-05,100000.0000000000,113267.6797132499,0.1326767971,0.2357067118,6,10.1928139535,344.8527504772,-0.3347786367,2026-01-28,2026-03-30,61,2026-05-06,37.0000000000,98.0000000000,98,2026-01-28
2026_ytd,filtered_varshare_qqq_65_sma100_block_cut,2026-01-02,2026-08-05,100000.0000000000,113267.6797132499,0.1326767971,0.2357067118,6,10.1928139535,344.8527504772,-0.3347786367,2026-01-28,2026-03-30,61,2026-05-06,37.0000000000,98.0000000000,98,2026-01-28
2026_ytd,filtered_varshare_qqq_65_sma150_block_cut,2026-01-02,2026-08-05,100000.0000000000,113267.6797132499,0.1326767971,0.2357067118,6,10.1928139535,344.8527504772,-0.3347786367,2026-01-28,2026-03-30,61,2026-05-06,37.0000000000,98.0000000000,98,2026-01-28
2026_ytd,filtered_varshare_qqq_65_sma200_block_cut,2026-01-02,2026-08-05,100000.0000000000,113267.6797132499,0.1326767971,0.2357067118,6,10.1928139535,344.8527504772,-0.3347786367,2026-01-28,2026-03-30,61,2026-05-06,37.0000000000,98.0000000000,98,2026-01-28
2026_ytd,filtered_varshare_qqq_65_return60_block_cut,2026-01-02,2026-08-05,100000.0000000000,113267.6797132499,0.1326767971,0.2357067118,6,10.1928139535,344.8527504772,-0.3347786367,2026-01-28,2026-03-30,61,2026-05-06,37.0000000000,98.0000000000,98,2026-01-28
2026_ytd,filtered_varshare_qqq_65_return120_block_cut,2026-01-02,2026-08-05,100000.0000000000,113267.6797132499,0.1326767971,0.2357067118,6,10.1928139535,344.8527504772,-0.3347786367,2026-01-28,2026-03-30,61,2026-05-06,37.0000000000,98.0000000000,98,2026-01-28
2026_ytd,filtered_varshare_qqq_65_return200_block_cut,2026-01-02,2026-08-05,100000.0000000000,113267.6797132499,0.1326767971,0.2357067118,6,10.1928139535,344.8527504772,-0.3347786367,2026-01-28,2026-03-30,61,2026-05-06,37.0000000000,98.0000000000,98,2026-01-28
2026_ytd,filtered_varshare_qqq_70_sma100_block_cut,2026-01-02,2026-08-05,100000.0000000000,113267.6797132499,0.1326767971,0.2357067118,6,10.1928139535,344.8527504772,-0.3347786367,2026-01-28,2026-03-30,61,2026-05-06,37.0000000000,98.0000000000,98,2026-01-28
2026_ytd,filtered_varshare_qqq_70_sma150_block_cut,2026-01-02,2026-08-05,100000.0000000000,113267.6797132499,0.1326767971,0.2357067118,6,10.1928139535,344.8527504772,-0.3347786367,2026-01-28,2026-03-30,61,2026-05-06,37.0000000000,98.0000000000,98,2026-01-28
2026_ytd,filtered_varshare_qqq_70_sma200_block_cut,2026-01-02,2026-08-05,100000.0000000000,113267.6797132499,0.1326767971,0.2357067118,6,10.1928139535,344.8527504772,-0.3347786367,2026-01-28,2026-03-30,61,2026-05-06,37.0000000000,98.0000000000,98,2026-01-28
2026_ytd,filtered_varshare_qqq_70_return60_block_cut,2026-01-02,2026-08-05,100000.0000000000,113267.6797132499,0.1326767971,0.2357067118,6,10.1928139535,344.8527504772,-0.3347786367,2026-01-28,2026-03-30,61,2026-05-06,37.0000000000,98.0000000000,98,2026-01-28
2026_ytd,filtered_varshare_qqq_70_return120_block_cut,2026-01-02,2026-08-05,100000.0000000000,113267.6797132499,0.1326767971,0.2357067118,6,10.1928139535,344.8527504772,-0.3347786367,2026-01-28,2026-03-30,61,2026-05-06,37.0000000000,98.0000000000,98,2026-01-28
2026_ytd,filtered_varshare_qqq_70_return200_block_cut,2026-01-02,2026-08-05,100000.0000000000,113267.6797132499,0.1326767971,0.2357067118,6,10.1928139535,344.8527504772,-0.3347786367,2026-01-28,2026-03-30,61,2026-05-06,37.0000000000,98.0000000000,98,2026-01-28
2026_ytd,filtered_varshare_tqqq_60_sma100_block_cut,2026-01-02,2026-08-05,100000.0000000000,113267.6797132499,0.1326767971,0.2357067118,6,10.1928139535,344.8527504772,-0.3347786367,2026-01-28,2026-03-30,61,2026-05-06,37.0000000000,98.0000000000,98,2026-01-28
2026_ytd,filtered_varshare_tqqq_60_sma150_block_cut,2026-01-02,2026-08-05,100000.0000000000,113267.6797132499,0.1326767971,0.2357067118,6,10.1928139535,344.8527504772,-0.3347786367,2026-01-28,2026-03-30,61,2026-05-06,37.0000000000,98.0000000000,98,2026-01-28
2026_ytd,filtered_varshare_tqqq_60_sma200_block_cut,2026-01-02,2026-08-05,100000.0000000000,113267.6797132499,0.1326767971,0.2357067118,6,10.1928139535,344.8527504772,-0.3347786367,2026-01-28,2026-03-30,61,2026-05-06,37.0000000000,98.0000000000,98,2026-01-28
2026_ytd,filtered_varshare_tqqq_60_return60_block_cut,2026-01-02,2026-08-05,100000.0000000000,113267.6797132499,0.1326767971,0.2357067118,6,10.1928139535,344.8527504772,-0.3347786367,2026-01-28,2026-03-30,61,2026-05-06,37.0000000000,98.0000000000,98,2026-01-28
2026_ytd,filtered_varshare_tqqq_60_return120_block_cut,2026-01-02,2026-08-05,100000.0000000000,113267.6797132499,0.1326767971,0.2357067118,6,10.1928139535,344.8527504772,-0.3347786367,2026-01-28,2026-03-30,61,2026-05-06,37.0000000000,98.0000000000,98,2026-01-28
2026_ytd,filtered_varshare_tqqq_60_return200_block_cut,2026-01-02,2026-08-05,100000.0000000000,113267.6797132499,0.1326767971,0.2357067118,6,10.1928139535,344.8527504772,-0.3347786367,2026-01-28,2026-03-30,61,2026-05-06,37.0000000000,98.0000000000,98,2026-01-28
2026_ytd,filtered_varshare_tqqq_65_sma100_block_cut,2026-01-02,2026-08-05,100000.0000000000,113267.6797132499,0.1326767971,0.2357067118,6,10.1928139535,344.8527504772,-0.3347786367,2026-01-28,2026-03-30,61,2026-05-06,37.0000000000,98.0000000000,98,2026-01-28
2026_ytd,filtered_varshare_tqqq_65_sma150_block_cut,2026-01-02,2026-08-05,100000.0000000000,113267.6797132499,0.1326767971,0.2357067118,6,10.1928139535,344.8527504772,-0.3347786367,2026-01-28,2026-03-30,61,2026-05-06,37.0000000000,98.0000000000,98,2026-01-28
2026_ytd,filtered_varshare_tqqq_65_sma200_block_cut,2026-01-02,2026-08-05,100000.0000000000,113267.6797132499,0.1326767971,0.2357067118,6,10.1928139535,344.8527504772,-0.3347786367,2026-01-28,2026-03-30,61,2026-05-06,37.0000000000,98.0000000000,98,2026-01-28
2026_ytd,filtered_varshare_tqqq_65_return60_block_cut,2026-01-02,2026-08-05,100000.0000000000,113267.6797132499,0.1326767971,0.2357067118,6,10.1928139535,344.8527504772,-0.3347786367,2026-01-28,2026-03-30,61,2026-05-06,37.0000000000,98.0000000000,98,2026-01-28
2026_ytd,filtered_varshare_tqqq_65_return120_block_cut,2026-01-02,2026-08-05,100000.0000000000,113267.6797132499,0.1326767971,0.2357067118,6,10.1928139535,344.8527504772,-0.3347786367,2026-01-28,2026-03-30,61,2026-05-06,37.0000000000,98.0000000000,98,2026-01-28
2026_ytd,filtered_varshare_tqqq_65_return200_block_cut,2026-01-02,2026-08-05,100000.0000000000,113267.6797132499,0.1326767971,0.2357067118,6,10.1928139535,344.8527504772,-0.3347786367,2026-01-28,2026-03-30,61,2026-05-06,37.0000000000,98.0000000000,98,2026-01-28
2026_ytd,filtered_varshare_tqqq_70_sma100_block_cut,2026-01-02,2026-08-05,100000.0000000000,113267.6797132499,0.1326767971,0.2357067118,6,10.1928139535,344.8527504772,-0.3347786367,2026-01-28,2026-03-30,61,2026-05-06,37.0000000000,98.0000000000,98,2026-01-28
2026_ytd,filtered_varshare_tqqq_70_sma150_block_cut,2026-01-02,2026-08-05,100000.0000000000,113267.6797132499,0.1326767971,0.2357067118,6,10.1928139535,344.8527504772,-0.3347786367,2026-01-28,2026-03-30,61,2026-05-06,37.0000000000,98.0000000000,98,2026-01-28
2026_ytd,filtered_varshare_tqqq_70_sma200_block_cut,2026-01-02,2026-08-05,100000.0000000000,113267.6797132499,0.1326767971,0.2357067118,6,10.1928139535,344.8527504772,-0.3347786367,2026-01-28,2026-03-30,61,2026-05-06,37.0000000000,98.0000000000,98,2026-01-28
2026_ytd,filtered_varshare_tqqq_70_return60_block_cut,2026-01-02,2026-08-05,100000.0000000000,113267.6797132499,0.1326767971,0.2357067118,6,10.1928139535,344.8527504772,-0.3347786367,2026-01-28,2026-03-30,61,2026-05-06,37.0000000000,98.0000000000,98,2026-01-28
2026_ytd,filtered_varshare_tqqq_70_return120_block_cut,2026-01-02,2026-08-05,100000.0000000000,113267.6797132499,0.1326767971,0.2357067118,6,10.1928139535,344.8527504772,-0.3347786367,2026-01-28,2026-03-30,61,2026-05-06,37.0000000000,98.0000000000,98,2026-01-28
2026_ytd,filtered_varshare_tqqq_70_return200_block_cut,2026-01-02,2026-08-05,100000.0000000000,113267.6797132499,0.1326767971,0.2357067118,6,10.1928139535,344.8527504772,-0.3347786367,2026-01-28,2026-03-30,61,2026-05-06,37.0000000000,98.0000000000,98,2026-01-28
2026_ytd,filtered_magratio_qqq_200_sma100_block_cut,2026-01-02,2026-08-05,100000.0000000000,113267.6797132499,0.1326767971,0.2357067118,6,10.1928139535,344.8527504772,-0.3347786367,2026-01-28,2026-03-30,61,2026-05-06,37.0000000000,98.0000000000,98,2026-01-28
2026_ytd,filtered_magratio_qqq_200_sma150_block_cut,2026-01-02,2026-08-05,100000.0000000000,113267.6797132499,0.1326767971,0.2357067118,6,10.1928139535,344.8527504772,-0.3347786367,2026-01-28,2026-03-30,61,2026-05-06,37.0000000000,98.0000000000,98,2026-01-28
2026_ytd,filtered_magratio_qqq_200_sma200_block_cut,2026-01-02,2026-08-05,100000.0000000000,113267.6797132499,0.1326767971,0.2357067118,6,10.1928139535,344.8527504772,-0.3347786367,2026-01-28,2026-03-30,61,2026-05-06,37.0000000000,98.0000000000,98,2026-01-28
2026_ytd,filtered_magratio_qqq_200_return60_block_cut,2026-01-02,2026-08-05,100000.0000000000,113267.6797132499,0.1326767971,0.2357067118,6,10.1928139535,344.8527504772,-0.3347786367,2026-01-28,2026-03-30,61,2026-05-06,37.0000000000,98.0000000000,98,2026-01-28
2026_ytd,filtered_magratio_qqq_200_return120_block_cut,2026-01-02,2026-08-05,100000.0000000000,113267.6797132499,0.1326767971,0.2357067118,6,10.1928139535,344.8527504772,-0.3347786367,2026-01-28,2026-03-30,61,2026-05-06,37.0000000000,98.0000000000,98,2026-01-28
2026_ytd,filtered_magratio_qqq_200_return200_block_cut,2026-01-02,2026-08-05,100000.0000000000,113267.6797132499,0.1326767971,0.2357067118,6,10.1928139535,344.8527504772,-0.3347786367,2026-01-28,2026-03-30,61,2026-05-06,37.0000000000,98.0000000000,98,2026-01-28
2026_ytd,filtered_magratio_qqq_300_sma100_block_cut,2026-01-02,2026-08-05,100000.0000000000,113267.6797132499,0.1326767971,0.2357067118,6,10.1928139535,344.8527504772,-0.3347786367,2026-01-28,2026-03-30,61,2026-05-06,37.0000000000,98.0000000000,98,2026-01-28
2026_ytd,filtered_magratio_qqq_300_sma150_block_cut,2026-01-02,2026-08-05,100000.0000000000,113267.6797132499,0.1326767971,0.2357067118,6,10.1928139535,344.8527504772,-0.3347786367,2026-01-28,2026-03-30,61,2026-05-06,37.0000000000,98.0000000000,98,2026-01-28
2026_ytd,filtered_magratio_qqq_300_sma200_block_cut,2026-01-02,2026-08-05,100000.0000000000,113267.6797132499,0.1326767971,0.2357067118,6,10.1928139535,344.8527504772,-0.3347786367,2026-01-28,2026-03-30,61,2026-05-06,37.0000000000,98.0000000000,98,2026-01-28
2026_ytd,filtered_magratio_qqq_300_return60_block_cut,2026-01-02,2026-08-05,100000.0000000000,113267.6797132499,0.1326767971,0.2357067118,6,10.1928139535,344.8527504772,-0.3347786367,2026-01-28,2026-03-30,61,2026-05-06,37.0000000000,98.0000000000,98,2026-01-28
2026_ytd,filtered_magratio_qqq_300_return120_block_cut,2026-01-02,2026-08-05,100000.0000000000,113267.6797132499,0.1326767971,0.2357067118,6,10.1928139535,344.8527504772,-0.3347786367,2026-01-28,2026-03-30,61,2026-05-06,37.0000000000,98.0000000000,98,2026-01-28
2026_ytd,filtered_magratio_qqq_300_return200_block_cut,2026-01-02,2026-08-05,100000.0000000000,113267.6797132499,0.1326767971,0.2357067118,6,10.1928139535,344.8527504772,-0.3347786367,2026-01-28,2026-03-30,61,2026-05-06,37.0000000000,98.0000000000,98,2026-01-28
2026_ytd,filtered_magratio_tqqq_200_sma100_block_cut,2026-01-02,2026-08-05,100000.0000000000,113267.6797132499,0.1326767971,0.2357067118,6,10.1928139535,344.8527504772,-0.3347786367,2026-01-28,2026-03-30,61,2026-05-06,37.0000000000,98.0000000000,98,2026-01-28
2026_ytd,filtered_magratio_tqqq_200_sma150_block_cut,2026-01-02,2026-08-05,100000.0000000000,113267.6797132499,0.1326767971,0.2357067118,6,10.1928139535,344.8527504772,-0.3347786367,2026-01-28,2026-03-30,61,2026-05-06,37.0000000000,98.0000000000,98,2026-01-28
2026_ytd,filtered_magratio_tqqq_200_sma200_block_cut,2026-01-02,2026-08-05,100000.0000000000,113267.6797132499,0.1326767971,0.2357067118,6,10.1928139535,344.8527504772,-0.3347786367,2026-01-28,2026-03-30,61,2026-05-06,37.0000000000,98.0000000000,98,2026-01-28
2026_ytd,filtered_magratio_tqqq_200_return60_block_cut,2026-01-02,2026-08-05,100000.0000000000,113267.6797132499,0.1326767971,0.2357067118,6,10.1928139535,344.8527504772,-0.3347786367,2026-01-28,2026-03-30,61,2026-05-06,37.0000000000,98.0000000000,98,2026-01-28
2026_ytd,filtered_magratio_tqqq_200_return120_block_cut,2026-01-02,2026-08-05,100000.0000000000,113267.6797132499,0.1326767971,0.2357067118,6,10.1928139535,344.8527504772,-0.3347786367,2026-01-28,2026-03-30,61,2026-05-06,37.0000000000,98.0000000000,98,2026-01-28
2026_ytd,filtered_magratio_tqqq_200_return200_block_cut,2026-01-02,2026-08-05,100000.0000000000,113267.6797132499,0.1326767971,0.2357067118,6,10.1928139535,344.8527504772,-0.3347786367,2026-01-28,2026-03-30,61,2026-05-06,37.0000000000,98.0000000000,98,2026-01-28
2026_ytd,filtered_magratio_tqqq_300_sma100_block_cut,2026-01-02,2026-08-05,100000.0000000000,113267.6797132499,0.1326767971,0.2357067118,6,10.1928139535,344.8527504772,-0.3347786367,2026-01-28,2026-03-30,61,2026-05-06,37.0000000000,98.0000000000,98,2026-01-28
2026_ytd,filtered_magratio_tqqq_300_sma150_block_cut,2026-01-02,2026-08-05,100000.0000000000,113267.6797132499,0.1326767971,0.2357067118,6,10.1928139535,344.8527504772,-0.3347786367,2026-01-28,2026-03-30,61,2026-05-06,37.0000000000,98.0000000000,98,2026-01-28
2026_ytd,filtered_magratio_tqqq_300_sma200_block_cut,2026-01-02,2026-08-05,100000.0000000000,113267.6797132499,0.1326767971,0.2357067118,6,10.1928139535,344.8527504772,-0.3347786367,2026-01-28,2026-03-30,61,2026-05-06,37.0000000000,98.0000000000,98,2026-01-28
2026_ytd,filtered_magratio_tqqq_300_return60_block_cut,2026-01-02,2026-08-05,100000.0000000000,113267.6797132499,0.1326767971,0.2357067118,6,10.1928139535,344.8527504772,-0.3347786367,2026-01-28,2026-03-30,61,2026-05-06,37.0000000000,98.0000000000,98,2026-01-28
2026_ytd,filtered_magratio_tqqq_300_return120_block_cut,2026-01-02,2026-08-05,100000.0000000000,113267.6797132499,0.1326767971,0.2357067118,6,10.1928139535,344.8527504772,-0.3347786367,2026-01-28,2026-03-30,61,2026-05-06,37.0000000000,98.0000000000,98,2026-01-28
2026_ytd,filtered_magratio_tqqq_300_return200_block_cut,2026-01-02,2026-08-05,100000.0000000000,113267.6797132499,0.1326767971,0.2357067118,6,10.1928139535,344.8527504772,-0.3347786367,2026-01-28,2026-03-30,61,2026-05-06,37.0000000000,98.0000000000,98,2026-01-28
