Date,Open,High,Low,Close
1996.03.18,38.2945105842,38.4540710449,38.2945105842,38.4540710449
1996.03.19,38.2945098877,38.2945098877,38.2945098877,38.2945098877
1996.03.20,38.2945098877,38.2945098877,38.2945098877,38.2945098877
1996.03.21,38.6136386840,39.2518806458,38.6136386840,39.2518806458
1996.03.22,38.9327514026,39.2518723157,38.9327514026,39.0923118591
1996.03.25,39.5709793153,39.5709793153,39.0922981139,39.4114189148
1996.03.26,39.4114189148,39.5709793153,39.2518585143,39.4114189148
1996.03.27,39.7305679321,39.8901284459,39.5710074183,39.7305679321
1996.03.28,39.5710074183,39.8901284459,39.5710074183,39.7305679321
1996.03.29,39.8901183292,40.2092392758,39.8901183292,40.0496788025
1996.04.01,40.2092392758,40.2092392758,40.0496788025,40.0496788025
1996.04.02,40.2092254397,40.3687858582,40.2092254397,40.3687858582
1996.04.03,40.2092392758,40.2092392758,39.8901183292,40.0496788025
1996.04.04,40.0496718846,40.2092323303,40.0496718846,40.2092323303
1996.04.08,39.8901124154,39.8901124154,39.5709915161,39.5709915161
1996.04.09,40.0496718846,40.2092323303,39.8901114388,40.2092323303
1996.04.10,40.0496704559,40.2092308960,39.8901100159,39.8901100159
1996.04.11,39.8901100159,40.0496704559,39.8901100159,39.8901100159
1996.04.12,39.8901183292,40.0496788025,39.8901183292,40.0496788025
1996.04.15,40.0496718846,40.2092323303,40.0496718846,40.2092323303
1996.04.16,40.0496718846,40.3687927761,40.0496718846,40.2092323303
1996.04.17,40.0496788025,40.0496788025,39.8901183292,40.0496788025
1996.04.18,40.2092323303,40.3687927761,40.0496718846,40.2092323303
1996.04.19,40.5283515481,40.8474724265,40.5283515481,40.6879119873
1996.04.22,41.1666026823,41.9644050598,41.1666026823,41.9644050598
1996.04.23,41.4857222751,41.6452827454,41.4857222751,41.6452827454
1996.04.24,41.6452810114,42.1239624023,41.6452810114,42.1239624023
1996.04.25,41.8048445843,42.1239655353,41.8048445843,41.9644050598
1996.04.26,42.2835228660,42.2835228660,41.8048414751,42.1239624023
1996.04.29,42.1239494731,42.2835098878,41.8048286438,41.8048286438
1996.04.30,41.9644050598,41.9644050598,41.8048445843,41.9644050598
1996.05.01,41.4857236333,41.9644050598,41.4857236333,41.9644050598
1996.05.02,41.1666006528,41.6452820558,41.1666006528,41.4857215881
1996.05.03,41.4857215881,41.4857215881,41.3261611205,41.4857215881
1996.05.06,41.4857362136,41.6452967375,41.1666151658,41.3261756897
1996.05.07,41.1666151658,41.3261756897,41.0070546419,41.3261756897
1996.05.08,41.4857215881,41.4857215881,40.8474797175,41.4857215881
1996.05.09,41.1666151658,41.3261756897,41.1666151658,41.3261756897
1996.05.10,41.1665947465,41.1665947465,40.8474738570,41.0070343018
1996.05.13,40.5283462766,40.5283462766,40.2092254397,40.3687858582
1996.05.14,40.6879119873,40.6879119873,40.5283515481,40.6879119873
1996.05.15,41.1665947465,41.1665947465,40.8474738570,41.0070343018
1996.05.16,41.1665916443,41.1665916443,40.8474707788,41.1665916443
1996.05.17,40.8474731445,41.0070335865,40.6879127026,40.8474731445
1996.05.20,40.8474724265,40.8474724265,40.6879119873,40.6879119873
1996.05.21,40.5283584595,40.5283584595,40.5283584595,40.5283584595
1996.05.22,40.5283462766,40.5283462766,40.3687858582,40.3687858582
1996.05.23,40.2092392758,40.2092392758,39.8901183292,40.0496788025
1996.05.24,39.8901100159,39.8901100159,39.8901100159,39.8901100159
1996.05.28,39.5709891357,39.8901100159,39.5709891357,39.8901100159
1996.05.29,39.7305495758,39.8901100159,39.7305495758,39.8901100159
1996.05.30,40.2092392758,40.2092392758,39.7305578559,40.0496788025
1996.05.31,39.7305578559,40.0496788025,39.7305578559,40.0496788025
1996.06.03,39.7305397157,39.7305397157,39.4114189148,39.4114189148
1996.06.04,39.4114469046,39.7305679321,39.4114469046,39.7305679321
1996.06.05,39.7305519658,39.7305519658,39.4114310665,39.5709915161
1996.06.06,39.5709915161,39.5709915161,39.5709915161,39.5709915161
1996.06.07,38.9327596649,39.2518806458,38.9327596649,39.2518806458
1996.06.10,39.2518806458,39.2518806458,38.9327596649,39.2518806458
1996.06.11,39.4114189148,39.4114189148,39.4114189148,39.4114189148
1996.06.12,39.5709891357,39.8901100159,39.5709891357,39.8901100159
1996.06.13,39.8901183292,40.0496788025,39.5709973825,40.0496788025
1996.06.14,40.0496718846,40.3687927761,40.0496718846,40.2092323303
1996.06.17,40.2092392758,40.2092392758,39.8901183292,40.0496788025
1996.06.18,40.3687979931,40.5283584595,40.3687979931,40.5283584595
1996.06.19,40.5283515481,40.6879119873,40.3687911090,40.6879119873
1996.06.20,40.6879127026,40.8474731445,40.5283522606,40.8474731445
1996.06.21,40.5283499134,41.1665916443,40.5283499134,41.1665916443
1996.06.24,41.3261607914,41.3261607914,40.5283584595,40.5283584595
1996.06.25,40.6879066950,40.8474671134,40.3687858582,40.3687858582
1996.06.26,40.6879189258,40.6879189258,40.5283584595,40.5283584595
1996.06.27,40.5283584595,40.5283584595,40.5283584595,40.5283584595
1996.06.28,40.5283584595,40.5283584595,40.5283584595,40.5283584595
1996.07.01,40.2092254397,40.3687858582,40.2092254397,40.3687858582
1996.07.02,39.8901100159,40.0496704559,39.5709891357,39.8901100159
1996.07.03,39.8901100159,39.8901100159,39.8901100159,39.8901100159
1996.07.05,39.5709932288,39.5709932288,39.0923118591,39.0923118591
1996.07.08,38.9327385043,39.0922989080,38.6136176969,38.7731781006
1996.07.09,38.7731864491,38.9327468872,38.6136260111,38.9327468872
1996.07.10,38.7731781006,38.7731781006,38.4540572932,38.7731781006
1996.07.11,38.6136308034,38.7731912613,38.2945098877,38.2945098877
1996.07.12,38.2945105842,38.4540710449,38.2945105842,38.4540710449
1996.07.15,38.2945053547,38.2945053547,37.9753844768,38.1349449158
1996.07.16,37.8158285141,38.4540703456,37.8158285141,38.2945098877
1996.07.17,38.6136315057,38.6136315057,38.4540710449,38.4540710449
1996.07.18,38.7731909460,39.2518723157,38.7731909460,39.0923118591
1996.07.19,38.9327531294,38.9327531294,38.4540717385,38.6136322021
1996.07.22,38.2945053547,38.2945053547,37.8158240378,38.1349449158
1996.07.23,38.2945105842,38.6136315057,38.1349501234,38.4540710449
1996.07.24,37.8158319913,37.8158319913,37.0180296287,37.3371505737
1996.07.25,37.6562659670,37.8158264160,37.4967055180,37.8158264160
1996.07.26,37.9753844768,38.1349449158,37.9753844768,38.1349449158
1996.07.29,37.9753868650,38.1349473140,37.8158264160,37.8158264160
1996.07.30,37.9753844768,38.1349449158,37.9753844768,38.1349449158
1996.07.31,38.2945112749,38.6136322021,38.2945112749,38.6136322021
1996.08.01,38.6136322021,38.7731926658,38.4540717385,38.6136322021
1996.08.02,38.6136322021,38.6136322021,38.2945112749,38.6136322021
1996.08.05,38.6136176969,38.7731781006,38.6136176969,38.7731781006
1996.08.06,37.9753844768,38.1349449158,37.9753844768,38.1349449158
1996.08.07,37.4967055180,37.8158264160,37.4967055180,37.8158264160
1996.08.08,37.4967048128,37.6562652588,37.4967048128,37.6562652588
1996.08.09,37.3371360616,37.4966964722,37.3371360616,37.4966964722
1996.08.12,37.6562652588,37.6562652588,37.4967048128,37.6562652588
1996.08.13,37.6562659670,37.8158264160,37.6562659670,37.8158264160
1996.08.14,37.9753913879,37.9753913879,37.9753913879,37.9753913879
1996.08.15,37.9753913879,37.9753913879,37.6562704519,37.9753913879
1996.08.16,37.6562652588,37.6562652588,37.6562652588,37.6562652588
1996.08.19,37.9753913879,37.9753913879,37.8158309199,37.9753913879
1996.08.20,37.9753861508,37.9753861508,37.6562652588,37.6562652588
1996.08.21,37.9753844768,38.1349449158,37.9753844768,38.1349449158
1996.08.22,38.2945098877,38.2945098877,38.2945098877,38.2945098877
1996.08.23,38.1349449158,38.1349449158,37.9753844768,38.1349449158
1996.08.26,37.6562659670,37.9753868650,37.6562659670,37.8158264160
1996.08.27,37.6562568827,37.8158172932,37.4966964722,37.4966964722
1996.08.28,37.1775901012,37.3371505737,37.1775901012,37.3371505737
1996.08.29,37.1775848948,37.1775848948,36.6989035442,37.0180244446
1996.08.30,36.6989090765,36.8584695508,36.5393486023,36.5393486023
1996.09.03,36.0606536865,36.3797745156,35.7415328574,36.0606536865
1996.09.04,36.2202307718,36.3797912598,36.0606702838,36.3797912598
1996.09.05,36.5393486023,36.5393486023,36.3797881280,36.5393486023
1996.09.06,36.6989090765,36.6989090765,36.3797881280,36.5393486023
1996.09.09,36.5393486023,36.5393486023,36.5393486023,36.5393486023
1996.09.10,36.6989021301,37.0180230182,36.3797812420,36.6989021301
1996.09.11,36.3797881280,36.5393486023,36.3797881280,36.5393486023
1996.09.12,36.6989090765,36.6989090765,36.3797881280,36.5393486023
1996.09.13,36.8584747314,37.0180352281,36.6989142348,36.8584747314
1996.09.16,36.6989117733,37.1775932312,36.6989117733,37.1775932312
1996.09.17,37.6562652588,38.2945070428,37.6562652588,37.6562652588
1996.09.18,37.6562715188,37.6562715188,37.3371505737,37.3371505737
1996.09.19,37.6562652588,37.8158257048,37.6562652588,37.6562652588
1996.09.20,37.4967110463,37.4967110463,37.3371505737,37.3371505737
1996.09.23,37.1775848948,37.1775848948,37.0180244446,37.0180244446
1996.09.24,37.0180152406,37.4966964722,37.0180152406,37.4966964722
1996.09.25,37.4967048128,37.8158257048,37.4967048128,37.6562652588
1996.09.26,37.6562652588,37.9753861508,37.4967048128,37.6562652588
1996.09.27,37.9753913879,37.9753913879,37.6562704519,37.9753913879
1996.09.30,37.6562659670,37.8158264160,37.4967055180,37.8158264160
1996.10.01,37.4967055180,37.8158264160,37.4967055180,37.8158264160
1996.10.02,37.6562568827,37.6562568827,37.3371360616,37.4966964722
1996.10.03,37.4967110463,37.4967110463,37.3371505737,37.3371505737
1996.10.04,37.0180327452,37.1775932312,37.0180327452,37.1775932312
1996.10.07,37.0180244446,37.1775848948,36.8584639944,37.0180244446
1996.10.08,36.5393517477,36.5393517477,36.3797912598,36.3797912598
1996.10.09,36.5393395277,36.5393395277,36.2202186584,36.2202186584
1996.10.10,36.2202276538,36.6989090765,36.2202276538,36.5393486023
1996.10.11,36.5393416861,36.6989021301,36.5393416861,36.6989021301
1996.10.14,36.2202207980,36.8584625742,36.2202207980,36.6989021301
1996.10.15,37.3371505737,37.3371505737,37.1775901012,37.3371505737
1996.10.16,37.3371537172,37.3371537172,36.8584722593,37.1775932312
1996.10.17,37.1775901012,37.3371505737,37.0180296287,37.3371505737
1996.10.18,37.6562652588,37.6562652588,37.3371443668,37.6562652588
1996.10.21,36.8584603969,36.8584603969,36.2202186584,36.2202186584
1996.10.22,36.3797912598,36.5393517477,36.0606702838,36.3797912598
1996.10.23,36.3797745156,36.3797745156,36.0606536865,36.0606536865
1996.10.24,36.0606702838,36.3797912598,36.0606702838,36.3797912598
1996.10.25,36.0606452772,36.0606452772,35.7415245226,35.9010848999
1996.10.28,35.7415504456,35.7415504456,35.4224294594,35.7415504456
1996.10.29,35.7415421148,35.7415421148,35.4224212031,35.5819816589
1996.10.30,35.2628714415,35.4224319458,35.2628714415,35.4224319458
1996.10.31,35.1033026924,35.4224236260,35.1033026924,35.2628631592
1996.11.01,35.2628607472,35.5819816589,35.2628607472,35.5819816589
1996.11.04,35.4224212031,35.5819816589,35.4224212031,35.5819816589
1996.11.05,35.4224236260,35.4224236260,35.2628631592,35.2628631592
1996.11.06,35.5819724429,36.0606536865,35.5819724429,36.0606536865
1996.11.07,35.9010932720,36.3797745156,35.9010932720,36.0606536865
1996.11.08,36.5393486023,36.6989090765,36.5393486023,36.5393486023
1996.11.11,36.3797881280,36.6989090765,36.3797881280,36.5393486023
1996.11.12,36.6989090765,36.6989090765,36.5393486023,36.5393486023
1996.11.13,36.3797790931,36.5393395277,36.2202186584,36.2202186584
1996.11.14,36.2202307718,36.5393517477,36.2202307718,36.3797912598
1996.11.15,36.6989090765,36.6989090765,36.3797881280,36.5393486023
1996.11.18,36.0606536865,36.0606536865,35.9010932720,36.0606536865
1996.11.19,36.3797745156,36.3797745156,36.0606536865,36.0606536865
1996.11.20,36.3797912598,36.6989122357,36.3797912598,36.3797912598
1996.11.21,36.5393517477,36.5393517477,36.3797912598,36.3797912598
1996.11.22,36.8584747314,37.0180352281,36.5393537381,36.8584747314
1996.11.25,36.8584747314,36.8584747314,36.5393537381,36.8584747314
1996.11.26,36.8584625742,36.8584625742,36.5393416861,36.6989021301
1996.11.27,36.6989090765,36.6989090765,36.3797881280,36.5393486023
1996.11.29,36.2202141011,36.2202141011,35.7415328574,36.0606536865
1996.12.02,35.5819840927,35.5819840927,35.1033026924,35.2628631592
1996.12.03,35.1033026924,35.4224236260,35.1033026924,35.2628631592
1996.12.04,35.2628714415,35.4224319458,35.1033109373,35.4224319458
1996.12.05,36.0606702838,36.3797912598,35.9011097958,36.3797912598
1996.12.06,35.1033026924,35.4224236260,35.1033026924,35.2628631592
1996.12.09,35.4224212031,35.5819816589,35.2628607472,35.5819816589
1996.12.10,35.5819924501,35.5819924501,35.2628714415,35.4224319458
1996.12.11,35.2628596271,35.2628596271,34.4650573730,34.4650573730
1996.12.12,34.4650549932,34.7841758728,34.4650549932,34.7841758728
1996.12.13,34.3055014017,34.6246223450,34.3055014017,34.6246223450
1996.12.16,34.9437387255,34.9437387255,34.3054969222,34.4650573730
1996.12.17,34.4650573730,34.7841782746,34.4650573730,34.4650573730
1996.12.18,34.3054962158,34.4650566633,34.3054962158,34.3054962158
1996.12.19,33.8268203735,33.8268203735,33.5076994266,33.8268203735
1996.12.20,33.9863777161,33.9863777161,33.6672567985,33.9863777161
1996.12.23,33.8268203735,34.1459413205,33.8268203735,33.8268203735
1996.12.24,32.8694389454,33.1885597118,32.8694389454,33.0289993286
1996.12.26,33.3481375921,33.5076980591,33.0290166582,33.5076980591
1996.12.27,33.1885795593,33.5077005166,33.1885795593,33.1885795593
1996.12.30,33.5077011985,33.5077011985,33.1885802347,33.3481407166
1996.12.31,33.3481407166,33.5077011985,33.1885802347,33.3481407166
1997.01.02,33.3481407166,33.5077011985,33.1885802347,33.3481407166
1997.01.03,33.1885802347,33.3481407166,33.1885802347,33.3481407166
1997.01.06,33.5076994266,33.8268203735,33.3481389532,33.8268203735
1997.01.07,33.1885795593,33.1885795593,33.0290190807,33.1885795593
1997.01.08,32.5503318228,32.8694527231,32.3907713727,32.7098922729
1997.01.09,31.7525367737,31.7525367737,31.2738553148,31.7525367737
1997.01.10,30.3164901733,30.6356111225,29.9973692241,30.3164901733
1997.01.13,30.9547386169,30.9547386169,30.6356176003,30.9547386169
1997.01.14,30.9547386169,31.1142991253,30.9547386169,30.9547386169
1997.01.15,30.9547240820,31.1142845154,30.6356032151,31.1142845154
1997.01.16,31.2738456726,31.4334061097,30.9547247984,31.2738456726
1997.01.17,30.9547240820,31.1142845154,30.9547240820,31.1142845154
1997.01.20,30.4760441755,30.6356046162,29.6782419719,30.1569232941
1997.01.21,30.3164783120,30.6355991364,30.3164783120,30.6355991364
1997.01.22,30.6355991364,30.9547199607,30.6355991364,30.6355991364
1997.01.23,30.3164791554,30.4760395720,29.8377979055,29.9973583221
1997.01.24,29.8378136748,29.9973741757,29.5186926729,29.6782531738
1997.01.27,29.1995625680,29.1995625680,28.8804416656,28.8804416656
1997.01.28,29.1995716710,29.6782531738,29.0400111701,29.6782531738
1997.01.29,29.6782441347,29.6782441347,29.3591232300,29.3591232300
1997.01.30,29.1995601654,29.3591206035,29.0399997273,29.1995601654
1997.01.31,29.8377979055,29.9973583221,29.6782374889,29.9973583221
1997.02.03,29.8377979055,29.9973583221,29.6782374889,29.9973583221
1997.02.04,29.8378086090,29.8378086090,29.5186876613,29.8378086090
1997.02.05,29.3591232300,29.6782441347,29.1995627776,29.3591232300
1997.02.06,29.0399951935,29.0399951935,28.7208743672,29.0399951935
1997.02.07,28.7208814206,29.3591232300,28.4017605160,29.3591232300
1997.02.10,29.6782505963,29.6782505963,29.3591296222,29.5186901093
1997.02.11,29.3591232300,29.5186836823,29.1995627776,29.3591232300
1997.02.12,29.3591296222,29.6782505963,29.3591296222,29.5186901093
1997.02.13,29.6782374889,29.9973583221,29.6782374889,29.9973583221
1997.02.14,30.1569295567,30.1569295567,29.5186876613,29.8378086090
1997.02.18,29.8378136748,29.8378136748,29.5186926729,29.6782531738
1997.02.19,29.8378086090,29.8378086090,29.5186876613,29.8378086090
1997.02.20,30.6355998776,31.4334019577,30.6355998776,30.7951602936
1997.02.21,31.2738456726,31.2738456726,30.7951643613,31.2738456726
1997.02.24,31.1142845154,31.2738449488,30.7951636486,31.1142845154
1997.02.25,31.2738456726,31.2738456726,30.9547247984,31.2738456726
1997.02.26,30.9547320717,31.1142925463,30.3164901733,30.3164901733
1997.02.27,30.7951781086,31.1142991253,30.7951781086,30.9547386169
1997.02.28,30.7951595485,30.7951595485,30.3164783120,30.6355991364
1997.03.03,30.4760646820,30.4760646820,29.9973830378,30.4760646820
1997.03.04,30.4760646820,30.4760646820,30.3165041339,30.4760646820
1997.03.05,29.9973628534,30.1569232941,29.6782419719,30.1569232941
1997.03.06,29.6782505963,29.6782505963,29.3591296222,29.5186901093
1997.03.07,29.5186926729,29.8378136748,29.5186926729,29.6782531738
1997.03.10,29.6782531738,29.6782531738,29.3591321720,29.6782531738
1997.03.11,30.1569187388,30.1569187388,29.6782374889,29.9973583221
1997.03.12,29.5186901093,29.5186901093,29.3591296222,29.5186901093
1997.03.13,29.0400110457,29.1995715459,28.7208900452,28.7208900452
1997.03.14,28.8804416656,29.1995625680,28.7208812145,28.8804416656
1997.03.17,29.0399951935,29.1995556066,28.8804347803,29.0399951935
1997.03.18,29.6782531738,29.8378136748,29.5186926729,29.6782531738
1997.03.19,29.8377979055,30.1569187388,29.6782374889,29.9973583221
1997.03.20,30.1569346766,30.1569346766,29.6782531738,29.6782531738
1997.03.21,29.9973692241,30.3164901733,29.9973692241,30.3164901733
1997.03.24,29.6782531738,29.8378136748,29.3591321720,29.6782531738
1997.03.25,30.1569232941,30.1569232941,29.9973628534,30.1569232941
1997.03.26,29.9973692241,30.3164901733,29.8378087496,30.3164901733
1997.03.27,29.9973692241,30.3164901733,29.9973692241,30.3164901733
1997.03.31,29.6782441347,29.6782441347,29.3591232300,29.3591232300
1997.04.01,29.6782374889,29.9973583221,29.3591166557,29.9973583221
1997.04.02,29.9973583221,30.3164791554,29.9973583221,29.9973583221
1997.04.03,29.8378024126,30.3164837348,29.8378024126,30.1569232941
1997.04.04,29.6782505963,29.8378110834,29.5186901093,29.5186901093
1997.04.07,29.1995601654,29.1995601654,28.7208788512,29.1995601654
1997.04.08,29.0399997273,29.5186810415,29.0399997273,29.1995601654
1997.04.09,28.5613207633,28.8804416656,28.5613207633,28.8804416656
1997.04.10,28.4017690447,28.7208900452,28.2422085444,28.7208900452
1997.04.11,28.7208867877,28.8804472698,28.4017658234,28.4017658234
1997.04.14,28.2422053412,28.7208867877,28.2422053412,28.4017658234
1997.04.15,28.5613207633,29.1995625680,28.5613207633,28.8804416656
1997.04.16,28.8804418730,29.3591232300,28.7208814206,29.3591232300
1997.04.17,29.3591232300,29.3591232300,29.0400023253,29.3591232300
1997.04.18,29.5186926729,29.9973741757,29.5186926729,29.6782531738
1997.04.21,29.9973692241,30.4760506479,29.9973692241,30.3164901733
1997.04.22,30.3164901733,30.4760506479,30.1569296987,30.3164901733
1997.04.23,30.4760506479,30.4760506479,30.3164901733,30.3164901733
1997.04.24,30.4760395720,30.6355999886,29.9973583221,29.9973583221
1997.04.25,30.4760395720,30.4760395720,29.9973583221,29.9973583221
1997.04.28,30.1569232941,30.3164837348,29.9973628534,30.1569232941
1997.04.29,30.3164837348,30.3164837348,30.1569232941,30.1569232941
1997.04.30,30.6356032151,31.1142845154,30.6356032151,31.1142845154
1997.05.01,31.1142845154,31.1142845154,30.9547240820,31.1142845154
1997.05.02,31.2738603149,31.7525418503,31.2738603149,31.5929813385
1997.05.05,31.7525367737,31.7525367737,31.5929762874,31.7525367737
1997.05.06,32.5503273010,32.8694481569,32.3907668731,32.5503273010
1997.05.07,32.7098939915,32.7098939915,32.2312126160,32.2312126160
1997.05.08,32.7098922729,33.0290131732,32.5503318228,32.7098922729
1997.05.09,33.0289993286,33.1885597118,32.8694389454,33.0289993286
1997.05.12,34.1459357683,34.3054962158,33.8268148733,34.3054962158
1997.05.13,34.1459388733,34.3054993353,33.8268179492,34.1459388733
1997.05.14,34.3054945535,34.7841758728,34.1459341137,34.7841758728
1997.05.15,34.4650618733,34.6246223450,34.4650618733,34.6246223450
1997.05.16,35.1033020020,35.2628624656,34.7841810747,35.1033020020
1997.05.19,35.2628607472,35.5819816589,35.1033002913,35.5819816589
1997.05.20,35.7415245226,36.0606452772,35.2628433906,35.9010848999
1997.05.21,34.7841817588,35.7415445595,34.7841817588,35.2628631592
1997.05.22,34.3054962158,34.4650566633,34.1459357683,34.3054962158
1997.05.23,34.7841765870,34.9437370300,34.4650557009,34.9437370300
1997.05.27,34.4650573730,34.4650573730,34.1459364714,34.4650573730
1997.05.28,34.9437415383,35.1033020020,34.7841810747,35.1033020020
1997.05.29,34.9437363126,34.9437363126,34.6246154330,34.7841758728
1997.05.30,34.1459388733,34.3054993353,33.8268179492,34.1459388733
1997.06.02,34.6246154330,34.7841758728,34.4650549932,34.7841758728
1997.06.03,34.9437363126,34.9437363126,34.6246154330,34.7841758728
1997.06.04,35.2628624656,35.2628624656,34.9437415383,35.1033020020
1997.06.05,35.2628631592,35.2628631592,34.9437422256,35.2628631592
1997.06.06,35.1033002913,35.5819816589,34.6246189237,35.5819816589
1997.06.09,35.7415504456,36.3797924178,35.5819899525,35.7415504456
1997.06.10,36.0606582238,36.2202186584,35.7415373546,36.2202186584
1997.06.11,36.2202207980,36.6989021301,36.2202207980,36.6989021301
1997.06.12,36.0606536865,36.3797745156,35.7415328574,36.0606536865
1997.06.13,36.0606536865,36.0606536865,35.5819724429,36.0606536865
1997.06.16,36.3797812420,36.6989021301,36.3797812420,36.6989021301
1997.06.17,36.3797912598,36.5393517477,36.0606702838,36.3797912598
1997.06.18,36.0606452772,36.3797660319,35.9010848999,35.9010848999
1997.06.19,36.0606582238,36.2202186584,35.7415373546,36.2202186584
1997.06.20,35.9010848999,35.9010848999,35.5819641452,35.9010848999
1997.06.23,35.7415529543,35.7415529543,35.4224319458,35.4224319458
1997.06.24,35.5819899525,36.0606714317,35.5819899525,35.7415504456
1997.06.25,37.0180244446,37.0180244446,36.5393430940,37.0180244446
1997.06.26,37.0180327452,37.1775932312,36.8584722593,37.1775932312
1997.06.27,36.6989090765,36.6989090765,36.3797881280,36.5393486023
1997.06.30,36.6988953447,36.6988953447,36.0606536865,36.0606536865
1997.07.01,36.0606536865,36.0606536865,35.9010932720,36.0606536865
1997.07.02,36.2202141011,36.2202141011,35.9010932720,36.0606536865
1997.07.03,36.3797881280,36.5393486023,36.0606671796,36.5393486023
1997.07.07,36.0606452772,36.0606452772,35.4224037679,35.9010848999
1997.07.08,36.0606714317,36.0606714317,35.5819899525,35.7415504456
1997.07.09,35.9011109386,35.9011109386,35.4224294594,35.7415504456
1997.07.10,35.4224212031,35.7415421148,35.4224212031,35.5819816589
1997.07.11,35.7415529543,35.7415529543,35.2628714415,35.4224319458
1997.07.14,36.2202186584,36.3797790931,35.9010977892,36.2202186584
1997.07.15,36.0606714317,36.0606714317,35.2628689664,35.7415504456
1997.07.16,36.3797790931,36.3797790931,35.9010977892,36.2202186584
1997.07.17,36.3797881280,36.5393486023,36.0606671796,36.5393486023
1997.07.18,36.0606536865,36.0606536865,35.7415328574,36.0606536865
1997.07.21,36.0606714317,36.0606714317,35.4224294594,35.7415504456
1997.07.22,35.9010932720,36.2202141011,35.7415328574,36.0606536865
1997.07.23,36.0606536865,36.0606536865,35.5819724429,36.0606536865
1997.07.24,36.2202319247,36.2202319247,35.7415504456,35.7415504456
1997.07.25,36.0606536865,36.0606536865,35.7415328574,36.0606536865
1997.07.28,36.0606714317,36.0606714317,35.5819899525,35.7415504456
1997.07.29,35.7415529543,35.7415529543,35.4224319458,35.4224319458
1997.07.30,35.7415529543,35.7415529543,35.2628714415,35.4224319458
1997.07.31,35.2628607472,35.5819816589,35.2628607472,35.5819816589
1997.08.01,34.6246178238,35.1032991763,34.4650573730,34.4650573730
1997.08.04,34.1459364714,34.6246178238,34.1459364714,34.4650573730
1997.08.05,33.9863794599,33.9863794599,33.5076980591,33.5076980591
1997.08.06,33.8268155698,34.6246178238,33.8268155698,34.4650573730
1997.08.07,34.4650597973,34.4650597973,34.1459388733,34.1459388733
1997.08.08,34.7841810747,35.4224229292,34.6246206110,35.1033020020
1997.08.11,34.3054993353,34.3054993353,33.9863784113,34.1459388733
1997.08.12,34.3054962158,34.6246171109,34.3054962158,34.3054962158
1997.08.13,34.6246223450,34.7841828166,34.4650618733,34.6246223450
1997.08.14,34.7841765870,34.9437370300,34.6246161439,34.9437370300
1997.08.15,34.9437380059,35.1032984534,34.3054962158,34.3054962158
1997.08.18,34.3054969222,34.6246178238,34.3054969222,34.4650573730
1997.08.19,33.8268179492,34.1459388733,33.8268179492,34.1459388733
1997.08.20,34.6246223450,34.6246223450,33.9863804584,34.6246223450
1997.08.21,34.6246171109,34.6246171109,34.1459357683,34.3054962158
1997.08.22,33.5077005166,33.5077005166,32.0716562088,33.1885795593
1997.08.25,33.2013355200,33.5205791308,33.0417137146,33.0417137146
1997.08.26,33.3609736670,33.6802174341,33.3609736670,33.5205955505
1997.08.27,33.0417286586,33.0417286586,32.7224849034,32.8821067810
1997.08.28,32.5628614283,32.7224832981,32.0839958191,32.0839958191
1997.08.29,32.7224832981,32.7224832981,31.7647520796,32.0839958191
1997.09.02,31.4455130702,31.7647568577,31.2858911765,31.6051349640
1997.09.03,32.2436180115,32.5628617542,32.0839961401,32.2436180115
1997.09.04,32.4032398828,32.5628617542,32.2436180115,32.2436180115
1997.09.05,32.7224766039,32.8820984410,32.2436110927,32.5628547668
1997.09.08,32.4032398828,32.5628617542,32.2436180115,32.2436180115
1997.09.09,33.0417286586,33.0417286586,32.5628630259,32.8821067810
1997.09.10,32.8821019516,32.8821019516,32.4032363892,32.4032363892
1997.09.11,32.2436247782,32.2436247782,31.4455152540,31.7647590637
1997.09.12,31.4455130702,31.6051349640,31.1262692827,31.6051349640
1997.09.15,31.6051371589,31.9243809686,31.1262714443,31.7647590637
1997.09.16,31.6051349640,31.6051349640,31.1262692827,31.6051349640
1997.09.17,31.4455048016,31.4455048016,30.8070173945,31.2858829498
1997.09.18,31.4455051422,31.4455051422,31.1262614352,31.4455051422
1997.09.19,31.1262607574,31.1262607574,30.8070170574,31.1262607574
1997.09.22,31.4455051422,31.6051269957,31.1262614352,31.4455051422
1997.09.23,31.4455048016,31.4455048016,31.1262610980,31.2858829498
1997.09.24,32.8821054969,32.8821054969,32.2436180115,32.2436180115
1997.09.25,32.4032398828,32.5628617542,31.9243742688,32.2436180115
1997.09.26,31.6051266534,31.9243703570,31.2858829498,31.2858829498
1997.09.29,31.7647568577,31.7647568577,31.2858911765,31.6051349640
1997.09.30,31.7647590637,31.7647590637,31.4455152540,31.7647590637
1997.10.01,31.9243739493,32.0839958191,31.6051302099,32.0839958191
1997.10.02,31.7647481576,31.7647481576,31.1262607574,31.1262607574
1997.10.03,31.7647481576,31.7647481576,31.1262607574,31.1262607574
1997.10.06,31.4454948711,31.9243602753,31.4454948711,31.9243602753
1997.10.07,31.6051269957,31.6051269957,31.1262614352,31.4455051422
1997.10.08,31.4455051422,31.7647488492,31.1262614352,31.4455051422
1997.10.09,31.1262719164,31.1262719164,30.8070281019,30.9666500092
1997.10.10,31.2858826075,31.2858826075,30.9666389074,31.1262607574
1997.10.13,30.8070170574,31.1262607574,30.6473952073,31.1262607574
1997.10.14,30.6473903656,31.1262558401,30.6473903656,30.6473903656
1997.10.15,30.4877685408,30.8070121904,30.3281467160,30.6473903656
1997.10.16,31.1262610980,31.6051266534,31.1262610980,31.2858829498
1997.10.17,31.1262610980,31.6051266534,30.9666392463,31.2858829498
1997.10.20,31.1262607574,31.1262607574,30.8070170574,31.1262607574
1997.10.21,31.1262719164,31.2858938237,30.6474061946,30.9666500092
1997.10.22,31.6051263076,31.6051263076,30.9666389074,31.1262607574
1997.10.23,30.0089082048,30.0089082048,29.5300426483,29.5300426483
1997.10.24,30.3281503083,30.3281503083,29.3704192459,29.6896629333
1997.10.27,29.0511758978,29.5300414345,27.7742011330,28.0934448242
1997.10.28,26.1779837531,29.6896645005,26.1779837531,29.5300426483
1997.10.29,29.3704213516,29.8492869172,28.8915557861,28.8915557861
1997.10.30,28.2530699094,28.7319355011,28.0934480455,28.7319355011
1997.10.31,29.0511792289,29.0511792289,28.5723136372,28.7319355011
1997.11.03,29.2107967086,29.3704185486,28.8915530288,29.3704185486
1997.11.04,28.4126892090,28.8915547575,28.4126892090,28.4126892090
1997.11.05,28.4126927004,28.7319364386,28.2530708313,28.2530708313
1997.11.06,28.2530666698,28.2530666698,27.6145792874,28.0934448242
1997.11.07,26.9760958122,26.9760958122,25.8587427313,26.3376083374
1997.11.10,26.1779864687,26.8164739435,26.1779864687,26.3376083374
1997.11.11,26.8164739435,26.8164739435,26.3376083374,26.3376083374
1997.11.12,25.5394928365,25.5394928365,24.7413836853,25.2202491760
1997.11.13,26.0183632892,26.0183632892,25.3798758465,25.6991195679
1997.11.14,25.3798771251,26.4972302061,25.2202552564,26.3376083374
1997.11.17,27.4549560547,27.6145778922,27.1357123796,27.4549560547
1997.11.18,27.9338323153,27.9338323153,26.8164790227,26.9761009216
1997.11.19,26.4972302061,26.6568520748,26.1779864687,26.3376083374
1997.11.20,26.9760983417,27.7742077601,26.8164764581,27.6145858765
1997.11.21,28.2530605316,28.2530605316,26.8164642334,27.1357078552
1997.11.24,26.6568546295,26.9760983975,26.4972327455,26.6568546295
1997.11.25,26.4972255116,26.9760910329,26.1779818308,26.8164691925
1997.11.26,26.6568571237,26.9761009216,26.4972352248,26.9761009216
1997.11.28,27.2953347138,27.4549565542,26.8164691925,26.8164691925
1997.12.01,27.4549560547,27.6145778922,27.2953342172,27.4549560547
1997.12.02,27.4549514771,27.4549514771,26.9760860443,27.1357078552
1997.12.03,26.9760860443,27.1357078552,26.8164642334,27.1357078552
1997.12.04,26.6568546295,26.8164765135,26.3376108615,26.6568546295
1997.12.05,26.4972302061,26.6568520748,26.3376083374,26.3376083374
1997.12.08,26.1779864687,26.3376083374,26.0183646000,26.3376083374
1997.12.09,26.8164765135,26.9760983975,26.4972327455,26.6568546295
1997.12.10,26.6568546295,26.8164765135,26.3376108615,26.6568546295
1997.12.11,26.0183601379,26.3376038206,25.8587382966,26.0183601379
1997.12.12,25.8587379456,25.8587379456,25.6991161064,25.8587379456
1997.12.15,25.8587427313,26.3376083374,25.6991208626,26.3376083374
1997.12.16,26.0183632892,26.1779851499,25.6991195679,25.6991195679
1997.12.17,26.8164691925,27.2953347138,26.8164691925,26.8164691925
1997.12.18,26.1779819793,26.4972256620,25.8587382966,26.0183601379
1997.12.19,25.3798710063,25.5394928365,24.9010055156,25.2202491760
1997.12.22,24.9010047913,24.9010047913,24.4221393145,24.9010047913
1997.12.23,24.7439258749,24.9035641063,24.4246494120,24.5842876434
1997.12.24,24.7439273300,25.3824802933,24.7439273300,25.0632038116
1997.12.26,24.7439205341,24.9035587311,24.5842823371,24.9035587311
1997.12.29,25.2228374481,25.3824756598,24.7439228130,25.2228374481
1997.12.30,25.5421138715,25.5421138715,25.2228374481,25.2228374481
1997.12.31,25.2228374481,25.5421138715,25.0631992364,25.2228374481
1998.01.02,25.3824756598,25.3824756598,25.2228374481,25.2228374481
1998.01.05,24.7439258749,25.2228405692,24.4246494120,24.5842876434
1998.01.06,24.2650111805,24.5842876434,24.1053729491,24.5842876434
1998.01.07,25.0632003688,25.3824768066,24.7439239310,25.3824768066
1998.01.08,25.0631969281,25.0631969281,24.9035587311,24.9035587311
1998.01.09,24.5842892245,24.9035657080,24.2650127411,24.2650127411
1998.01.12,23.7860931498,24.1053695679,23.7860931498,24.1053695679
1998.01.13,24.5842876434,24.5842876434,24.2650111805,24.5842876434
1998.01.14,25.0632038116,25.2228420525,24.5842890891,25.0632038116
1998.01.15,24.9035587311,25.0631969281,24.7439205341,24.9035587311
1998.01.16,26.9788506003,27.2981269388,26.6595742618,27.1384887695
1998.01.20,27.1385035212,27.6174182892,26.9788652652,27.6174182892
1998.01.21,27.4577651080,27.4577651080,26.9788506003,27.1384887695
1998.01.22,27.1384948908,27.6174095065,27.1384948908,27.4577713013
1998.01.23,28.2559654150,28.4156036377,27.7770507470,28.4156036377
1998.01.26,28.0963305057,28.8945217133,28.0963305057,28.8945217133
1998.01.27,28.7348732582,29.2137878125,28.5752350734,29.0541496277
1998.01.28,28.7348774205,29.3734302521,28.5752392126,29.3734302521
1998.01.29,28.8945217133,29.0541599548,28.5752452302,28.8945217133
1998.01.30,28.2559700012,28.4156082498,27.7770552554,28.2559700012
1998.02.02,28.2559687472,28.8945217133,28.0963305057,28.8945217133
1998.02.03,28.7348861694,28.7348861694,28.4156096564,28.7348861694
1998.02.04,28.5752479129,28.8945244259,28.4156096564,28.7348861694
1998.02.05,29.0541496277,29.2137878125,28.7348732582,29.0541496277
1998.02.06,29.0541526920,29.3734290952,29.0541526920,29.2137908936
1998.02.09,29.2137988426,29.5330753326,29.2137988426,29.5330753326
1998.02.10,29.6927135777,29.6927135777,29.2137988426,29.5330753326
1998.02.11,29.3734370876,30.0119900678,29.3734370876,29.5330753326
1998.02.12,29.2137878125,29.3734259972,28.8945114429,29.0541496277
1998.02.13,28.5752418604,28.5752418604,28.2559654150,28.4156036377
1998.02.17,28.0963317526,28.4156082498,27.9366935040,28.2559700012
1998.02.18,27.9366824819,27.9366824819,27.6174061107,27.7770442963
1998.02.19,27.6174064101,27.9366827848,27.2981300354,27.2981300354
1998.02.20,27.1385086782,27.4577852509,26.9788703918,26.9788703918
1998.02.23,26.8192214966,27.4577743894,26.8192214966,26.8192214966
1998.02.24,26.8192277388,26.8192277388,26.1806746974,26.3403129578
1998.02.25,26.8192261108,26.8192261108,26.4999496094,26.6595878601
1998.02.26,27.4577747018,27.9366893768,27.2981364768,27.9366893768
1998.02.27,28.4155971804,28.5752353668,28.2559589940,28.5752353668
1998.03.02,29.0541626824,29.0541626824,28.7348861694,28.7348861694
1998.03.03,28.7348861694,28.7348861694,28.4156096564,28.7348861694
1998.03.04,28.4156051983,28.7348816612,27.9366905039,28.0963287354
1998.03.05,27.7770442963,27.7770442963,27.6174061107,27.7770442963
1998.03.06,27.9366826212,28.5752353668,27.9366826212,28.5752353668
1998.03.09,27.9366948012,27.9366948012,27.6174182892,27.6174182892
1998.03.10,27.9366948012,27.9366948012,27.4577800332,27.6174182892
1998.03.11,27.1384887695,27.2981269388,26.8192124311,27.1384887695
1998.03.12,26.6595938192,27.1385086782,26.6595938192,26.9788703918
1998.03.13,27.4577800332,27.7770565452,27.2981417772,27.6174182892
1998.03.16,27.2981300354,27.4577682227,27.1384918481,27.2981300354
1998.03.17,27.6174032772,27.6174032772,27.1384887695,27.1384887695
1998.03.18,26.8192214966,26.8192214966,26.4999450502,26.8192214966
1998.03.19,26.8192172682,26.8192172682,26.4999408722,26.4999408722
1998.03.20,26.9788703918,26.9788703918,26.6595938192,26.9788703918
1998.03.23,26.6595878601,26.8192261108,26.4999496094,26.6595878601
1998.03.24,26.4999512181,26.6595894785,26.1806746974,26.3403129578
1998.03.25,26.4999496094,26.8192261108,26.3403113588,26.6595878601
1998.03.26,27.1385035212,27.6174182892,27.1385035212,27.6174182892
1998.03.27,27.4577651080,27.4577651080,26.9788506003,27.1384887695
1998.03.30,26.3403129578,26.4999512181,26.0210364371,26.3403129578
1998.03.31,26.4999443390,26.4999443390,25.2228385877,25.3824768066
1998.04.01,25.2228491306,25.7017639875,25.2228491306,25.5421257019
1998.04.02,24.5842887632,24.9035652407,24.4246505245,24.7439270020
1998.04.03,24.7439205341,24.9035587311,24.5842823371,24.9035587311
1998.04.06,25.0632003688,25.3824768066,24.9035621499,25.3824768066
1998.04.07,25.5421257019,25.8614022732,25.3824874163,25.5421257019
1998.04.08,26.4999496094,26.6595878601,26.1806731081,26.6595878601
1998.04.09,26.8192321055,27.1385086782,26.3403172465,26.9788703918
1998.04.13,26.9788703918,27.1385086782,26.6595938192,26.9788703918
1998.04.14,26.8192124311,27.1384887695,26.8192124311,27.1384887695
1998.04.15,26.9788597198,27.1384979430,26.8192214966,26.8192214966
1998.04.16,25.8613929749,26.1806694313,25.7017547466,25.8613929749
1998.04.17,25.8613940982,26.0210323334,25.7017558630,26.0210323334
1998.04.20,26.0210323334,26.0210323334,25.5421176279,26.0210323334
1998.04.21,26.3403022580,26.3403022580,26.0210258670,26.1806640625
1998.04.22,26.3403129578,26.3403129578,26.0210364371,26.3403129578
1998.04.23,26.4999408722,26.6595790702,26.1806644761,26.4999408722
1998.04.24,26.8192261108,26.8192261108,26.3403113588,26.6595878601
1998.04.27,25.8613879130,25.8613879130,24.7439205341,24.9035587311
1998.04.28,25.7017517090,25.7017517090,25.3824752902,25.7017517090
1998.04.29,25.3824782901,25.8613929749,25.0632018337,25.8613929749
1998.04.30,26.3403129578,26.4999512181,26.0210364371,26.3403129578
1998.05.01,26.1806640625,26.1806640625,25.8613876715,26.1806640625
1998.05.04,26.0210323334,26.3403088037,25.7017558630,26.0210323334
1998.05.05,26.1806640625,26.1806640625,25.7017494760,26.1806640625
1998.05.06,25.7017532445,25.7017532445,25.2228385877,25.3824768066
1998.05.07,25.3824756598,25.5421138715,24.7439228130,25.2228374481
1998.05.08,25.2228374481,25.5421138715,25.0631992364,25.2228374481
1998.05.11,25.3824874163,25.7017639875,25.2228491306,25.5421257019
1998.05.12,25.5421138715,25.5421138715,24.9035610247,25.2228374481
1998.05.13,25.0631969281,25.3824733221,24.9035587311,24.9035587311
1998.05.14,25.2228374481,25.2228374481,24.9035610247,25.2228374481
1998.05.15,25.3824802933,25.3824802933,25.0632038116,25.0632038116
1998.05.18,24.9035587311,25.2228351251,24.7439205341,24.9035587311
1998.05.19,25.0631992364,25.5421138715,25.0631992364,25.2228374481
1998.05.20,25.5421138715,25.5421138715,25.2228374481,25.2228374481
1998.05.21,25.5421257019,25.7017639875,25.3824874163,25.5421257019
1998.05.22,25.5421138715,25.5421138715,25.2228374481,25.2228374481
1998.05.26,25.0631969281,25.3824733221,24.9035587311,24.9035587311
1998.05.27,24.5842823371,24.9035587311,24.5842823371,24.9035587311
1998.05.28,24.5842823371,24.9035587311,24.5842823371,24.9035587311
1998.05.29,24.7439270020,24.9035652407,24.5842887632,24.7439270020
1998.06.01,24.1053741709,24.1053741709,23.6264594523,23.9457359314
1998.06.02,24.2650127411,24.4246509828,24.1053744994,24.2650127411
1998.06.03,24.2650127411,24.4246509828,24.1053744994,24.2650127411
1998.06.04,24.2650081659,24.5842845892,24.1053699543,24.4246463776
1998.06.05,24.1053695679,24.1053695679,23.7860931498,24.1053695679
1998.06.08,23.7860965729,23.9457348049,23.6264583408,23.7860965729
1998.06.09,23.9457359314,24.2650124105,23.9457359314,23.9457359314
1998.06.10,23.7860865561,23.7860865561,23.4668102264,23.4668102264
1998.06.11,22.9879051531,23.3071816135,22.3493522322,22.6686286926
1998.06.12,22.6686286926,22.9879051531,22.1897140019,22.6686286926
1998.06.15,21.7107982635,22.0300747086,21.5511600410,21.7107982635
1998.06.16,22.1897110094,22.5089874268,22.0300728007,22.5089874268
1998.06.17,24.7439205341,24.9035587311,24.1053677461,24.9035587311
1998.06.18,24.5842845892,24.5842845892,24.2650081659,24.4246463776
1998.06.19,24.9035610247,25.3824756598,24.9035610247,25.2228374481
1998.06.22,24.1053744994,24.5842892245,23.9457362577,24.2650127411
1998.06.23,23.6264610291,23.9457375294,23.6264610291,23.6264610291
1998.06.24,23.4668227789,23.6264610291,23.3071845287,23.6264610291
1998.06.25,23.6264607155,23.7860989636,23.3071842194,23.3071842194
1998.06.26,23.7860865561,23.7860865561,23.3071720616,23.4668102264
1998.06.29,23.6264610291,23.9457375294,23.6264610291,23.6264610291
1998.06.30,24.9035655708,25.3824802933,24.9035655708,25.0632038116
1998.07.01,26.1806746974,26.6595894785,26.0210364371,26.3403129578
1998.07.02,25.5421185342,25.5421185342,24.7439273300,25.0632038116
1998.07.06,25.0632034794,25.2228417181,24.7439270020,24.7439270020
1998.07.07,25.3824756598,25.5421138715,25.2228374481,25.2228374481
1998.07.08,25.3824768066,25.3824768066,24.9035621499,25.3824768066
1998.07.09,25.2228405692,25.2228405692,24.5842876434,24.5842876434
1998.07.10,24.4246505245,24.7439270020,24.2650122858,24.7439270020
1998.07.13,24.9035587311,25.0631969281,24.5842823371,24.9035587311
1998.07.14,25.3824874163,25.8614022732,25.2228491306,25.5421257019
1998.07.15,25.5421150256,25.7017532445,25.2228385877,25.3824768066
1998.07.16,25.7017494760,26.3403022580,25.7017494760,26.1806640625
1998.07.17,26.1806640625,26.1806640625,25.8613876715,26.1806640625
1998.07.20,26.3403022580,26.3403022580,26.0210258670,26.1806640625
1998.07.21,25.8614022732,25.8614022732,25.2228491306,25.5421257019
1998.07.22,25.2228417181,25.2228417181,24.5842887632,24.7439270020
1998.07.23,24.5842892245,24.9035657080,24.2650127411,24.2650127411
1998.07.24,25.0632034794,25.2228417181,24.7439270020,24.7439270020
1998.07.27,24.1053741709,24.7439271291,23.6264594523,23.9457359314
1998.07.28,24.2650124105,24.2650124105,23.7860976919,23.9457359314
1998.07.29,24.2650077769,24.4246459860,23.9457313588,24.1053695679
1998.07.30,24.2650127411,24.5842892245,23.9457362577,24.2650127411
1998.07.31,24.4246459860,24.5842841950,23.9457313588,24.1053695679
1998.08.03,23.7860978225,23.7860978225,23.1475448608,23.1475448608
1998.08.04,23.4668190429,23.6264572677,22.8282661438,22.8282661438
1998.08.05,23.4668212128,24.1053741709,23.4668212128,23.9457359314
1998.08.06,23.3071818768,23.7860965729,23.3071818768,23.7860965729
1998.08.07,23.4668202003,23.4668202003,22.9879055023,22.9879055023
1998.08.10,22.9879051531,22.9879051531,22.5089904624,22.6686286926
1998.08.11,21.8704357147,22.1897121485,21.5511592809,21.8704357147
1998.08.12,22.5089947680,22.5089947680,22.1897182465,22.1897182465
1998.08.13,22.3493518829,22.5089901107,22.1897136552,22.3493518829
1998.08.14,22.0300747086,22.1897129311,21.5511600410,21.7107982635
1998.08.17,21.5511600410,21.8704364861,21.3915218185,21.7107982635
1998.08.18,22.0300728007,22.5089874268,22.0300728007,22.5089874268
1998.08.19,22.8282669229,22.9879051531,22.5089904624,22.6686286926
1998.08.20,22.9879020529,22.9879020529,22.5089874268,22.5089874268
1998.08.21,22.1897136552,22.3493518829,21.5511607443,22.3493518829
1998.08.24,22.1897132984,22.1897132984,21.8704368481,22.0300750732
1998.08.25,22.2180505559,22.3778926462,22.0582084656,22.0582084656
1998.08.26,21.8983655677,21.8983655677,21.4188393144,21.7385234833
1998.08.27,21.2589927820,21.2589927820,20.6196245780,20.7794666290
1998.08.28,20.6196300176,20.6196300176,19.9802616450,20.2999458313
1998.08.31,21.0991508847,21.2589929369,20.1400985718,20.1400985718
1998.09.01,21.7385200116,22.3778882473,21.5786779527,22.2180461884
1998.09.02,22.2180461884,22.3778882473,22.0582041294,22.2180461884
1998.09.03,22.0582068423,22.5377330780,22.0582068423,22.5377330780
1998.09.04,22.2180505559,22.3778926462,22.0582084656,22.0582084656
1998.09.08,23.6566233283,23.8164653778,23.3369392293,23.8164653778
1998.09.09,22.5377330780,22.8574172351,22.5377330780,22.5377330780
1998.09.10,22.3778909994,22.5377330780,22.2180489209,22.5377330780
1998.09.11,22.3778909994,22.8574172351,22.2180489209,22.5377330780
1998.09.14,22.6975751566,22.6975751566,22.2180489209,22.5377330780
1998.09.15,22.2180494581,22.6975757054,22.2180494581,22.3778915405
1998.09.16,22.2180497366,22.2180497366,21.7385234833,21.7385234833
1998.09.17,21.5786846189,22.0582109437,21.5786846189,21.8983688354
1998.09.18,22.0582084656,22.3778926462,21.8983663752,22.0582084656
1998.09.21,21.4188365936,21.5786786578,21.2589945295,21.4188365936
1998.09.22,21.4188415354,21.4188415354,20.9393152324,21.0991573334
1998.09.23,21.0991551455,21.8983655677,21.0991551455,21.7385234833
1998.09.24,21.8983655677,21.8983655677,21.5786813988,21.7385234833
1998.09.25,21.2589945295,21.4188365936,21.0991524654,21.4188365936
1998.09.28,21.5786786578,21.7385207219,21.4188365936,21.4188365936
1998.09.29,21.5786813988,21.8983655677,21.5786813988,21.7385234833
1998.09.30,20.9393136352,21.0991557240,20.2999452800,20.4597873688
1998.10.01,20.1401021074,20.1401021074,19.5007337865,19.6605758667
1998.10.02,20.2999522483,20.6196365356,20.2999522483,20.6196365356
1998.10.05,19.9802594800,20.1401015559,19.6605753283,19.8204174042
1998.10.06,20.4597825270,21.0991507310,20.4597825270,20.7794666290
1998.10.07,22.5377336230,23.9763123649,22.5377336230,23.4967861176
1998.10.08,23.0172564829,23.0172564829,21.4188358938,22.2180461884
1998.10.09,23.0172585265,23.3369426727,22.8574164534,23.3369426727
1998.10.12,23.9763145447,24.2959987386,23.9763145447,23.9763145447
1998.10.13,23.3369426727,23.4967847458,22.8574164534,23.3369426727
1998.10.14,23.1771030426,23.1771030426,22.8574188627,23.1771030426
1998.10.15,23.0172627098,24.2959995270,22.8574206076,24.2959995270
1998.10.16,24.1361494768,24.2959915264,23.8164653778,23.8164653778
1998.10.19,24.6156725730,24.7755146027,24.4558305433,24.7755146027
1998.10.20,25.4148889131,25.7345730504,25.0952047758,25.2550468445
1998.10.21,25.8944162708,26.2141004223,25.4148900436,26.0542583466
1998.10.22,25.5747331892,25.8944173540,25.2550490243,25.7345752716
1998.10.23,25.0952058450,25.0952058450,24.6156796186,24.9353637695
1998.10.26,24.7755146027,24.9353566324,24.4558305433,24.7755146027
1998.10.27,24.7755291259,24.7755291259,24.4558448792,24.4558448792
1998.10.28,24.2959995270,24.2959995270,23.9763153227,24.2959995270
1998.10.29,24.7755208573,24.7755208573,24.4558367172,24.6156787872
1998.10.30,24.7755146027,24.7755146027,24.6156725730,24.7755146027
1998.11.02,26.0542562450,26.8534665593,25.8944141822,26.6936244965
1998.11.03,27.0133086222,27.1731506850,26.6936244965,26.6936244965
1998.11.04,27.0133094788,27.3329936146,26.8534674108,27.0133094788
1998.11.05,26.6936269438,26.8534690213,26.2141007113,26.5337848663
1998.11.06,26.2141004223,26.2141004223,25.7345741951,26.0542583466
1998.11.09,25.4148899959,25.5747320713,24.7755216941,24.9353637695
1998.11.10,24.6156725730,24.7755146027,24.2959885136,24.7755146027
1998.11.11,25.4148889131,25.5747309818,25.0952047758,25.2550468445
1998.11.12,24.4558375432,25.0952058450,24.2959954677,24.9353637695
1998.11.13,25.0952053070,25.0952053070,24.7755211630,25.0952053070
1998.11.16,25.7345752716,26.0542594365,25.5747331892,25.7345752716
1998.11.17,25.5747432709,25.8944275618,25.0952168345,25.5747432709
1998.11.18,25.2550473790,25.4148894510,25.0952053070,25.0952053070
1998.11.19,26.2141056061,26.3739477134,26.0542634987,26.2141056061
1998.11.20,26.5337848663,26.6936269438,26.3739427888,26.5337848663
1998.11.23,26.5337832750,27.0133094788,26.3739412071,27.0133094788
1998.11.24,27.0133110989,27.0133110989,26.5337848663,26.5337848663
1998.11.25,26.5337848663,26.6936269438,26.2141007113,26.5337848663
1998.11.27,26.5337848663,26.5337848663,26.0542586338,26.5337848663
1998.11.30,25.8944275618,25.8944275618,25.2550589800,25.5747432709
1998.12.01,25.7345741951,26.0542583466,25.5747321193,26.0542583466
1998.12.02,26.2141004223,26.3739424980,25.8944162708,26.0542583466
1998.12.03,26.5337948976,26.5337948976,25.8944263458,25.8944263458
1998.12.04,26.0542634987,26.2141056061,25.8944213914,26.2141056061
1998.12.07,26.2141106217,26.2141106217,25.5747420700,25.8944263458
1998.12.08,26.2141106217,26.2141106217,25.8944263458,25.8944263458
1998.12.09,26.6936258702,27.0133100124,26.5337837991,26.8534679413
1998.12.10,26.8534690213,26.8534690213,26.5337848663,26.5337848663
1998.12.11,26.2141031439,26.5337873285,26.0542610515,26.3739452362
1998.12.14,26.0542594365,26.0542594365,25.7345752716,25.7345752716
1998.12.15,25.7345842079,26.0542684838,25.5747420700,25.8944263458
1998.12.16,26.0542684838,26.2141106217,25.8944263458,25.8944263458
1998.12.17,25.8944213914,26.2141056061,25.8944213914,26.2141056061
1998.12.18,26.3739427888,26.5337848663,26.2141007113,26.5337848663
1998.12.21,26.2141031439,26.5337873285,26.0542610515,26.3739452362
1998.12.22,25.4395523071,25.5995494915,25.1195579385,25.4395523071
1998.12.23,25.5995494915,25.7595466758,25.2795551228,25.4395523071
1998.12.24,25.4395546397,25.5995518387,25.1195602417,25.1195602417
1998.12.28,25.4395523071,25.7595466758,25.4395523071,25.4395523071
1998.12.29,26.0795522299,26.2395494828,25.7595577240,25.7595577240
1998.12.30,25.7595527202,26.0795471639,25.7595527202,25.9195499420
1998.12.31,26.0795466958,26.3995411338,26.0795466958,26.2395439148
1999.01.04,26.3995461961,26.3995461961,25.9195544471,26.0795516968
1999.01.05,26.2395443857,26.2395443857,25.7595527202,25.9195499420
1999.01.06,26.0795466958,26.3995411338,25.9195494768,26.2395439148
1999.01.07,26.2395408399,26.5595352404,26.0795436397,26.3995380402
1999.01.08,26.2395408399,26.3995380402,26.0795436397,26.3995380402
1999.01.11,26.5595434458,26.5595434458,25.9195544471,26.0795516968
1999.01.12,26.0795410444,26.0795410444,25.2795551228,25.4395523071
1999.01.13,25.1195704545,25.5995622466,24.7995759264,25.2795677185
1999.01.14,25.9195438601,26.0795410444,25.4395523071,25.4395523071
1999.01.15,26.0795516968,26.0795516968,25.7595571974,26.0795516968
1999.01.19,26.2395494828,26.2395494828,25.7595577240,25.7595577240
1999.01.20,26.5595352404,26.7195324406,26.0795436397,26.3995380402
1999.01.21,26.7195389414,26.8795361806,26.3995444631,26.5595417023
1999.01.22,26.0795516968,26.5595434458,25.9195544471,26.0795516968
1999.01.25,26.3995380402,26.7195324406,26.2395408399,26.3995380402
1999.01.26,26.7195353649,27.0395298004,26.5595381472,27.0395298004
1999.01.27,26.7195389414,26.8795361806,26.3995444631,26.5595417023
1999.01.28,26.5595417023,26.5595417023,26.0795499848,26.5595417023
1999.01.29,27.0395290738,27.3595235007,26.7195346469,26.8795318604
1999.02.01,27.0395360593,27.0395360593,26.5595442949,26.7195415497
1999.02.02,26.8795325827,27.0395298004,26.5595381472,27.0395298004
1999.02.03,27.0395290738,27.1995262873,26.7195346469,26.8795318604
1999.02.04,26.7195415497,26.8795388045,26.5595442949,26.7195415497
1999.02.05,26.5595383528,26.5595383528,26.0795466958,26.2395439148
1999.02.08,26.2395439148,26.3995411338,26.0795466958,26.2395439148
1999.02.09,25.9195499420,26.2395443857,25.7595527202,25.9195499420
1999.02.10,25.7595527202,26.0795471639,25.7595527202,25.9195499420
1999.02.11,26.2395443857,26.2395443857,25.9195499420,25.9195499420
1999.02.12,26.2395439148,26.3995411338,26.0795466958,26.2395439148
1999.02.16,26.2395489465,26.2395489465,25.9195544471,26.0795516968
1999.02.17,25.7595466758,25.9195438601,25.4395523071,25.4395523071
1999.02.18,25.2795551228,25.4395523071,25.1195579385,25.4395523071
1999.02.19,25.1195602417,25.4395546397,24.9595630427,25.1195602417
1999.02.22,25.2795671701,25.5995616913,25.2795671701,25.5995616913
1999.02.23,25.4395644307,25.5995616913,25.2795671701,25.5995616913
1999.02.24,25.4395546397,25.5995518387,25.1195602417,25.1195602417
1999.02.25,25.9195499420,25.9195499420,25.5995554983,25.9195499420
1999.02.26,25.9195499420,26.0795471639,25.5995554983,25.9195499420
1999.03.01,25.5995616913,25.5995616913,25.4395644307,25.5995616913
1999.03.02,25.2795624855,25.2795624855,24.9595680237,24.9595680237
1999.03.03,25.1195652546,25.2795624855,24.9595680237,24.9595680237
1999.03.04,24.9595680237,24.9595680237,24.7995707928,24.9595680237
1999.03.05,25.9195544471,26.0795516968,25.7595571974,26.0795516968
1999.03.08,26.0795436397,26.3995380402,25.9195464394,26.3995380402
1999.03.09,26.8795325827,27.0395298004,26.5595381472,27.0395298004
1999.03.10,27.8395149584,27.9995121708,27.5195205336,27.6795177460
1999.03.11,27.8395121946,28.3195037842,27.6795149981,28.3195037842
1999.03.12,28.3195037842,28.4795009807,28.1595065877,28.3195037842
1999.03.15,29.2794931094,29.2794931094,28.6395041890,28.7995014191
1999.03.16,29.7594838142,29.7594838142,29.2794921398,29.4394893646
1999.03.17,29.9194876793,30.0794849396,29.5994931586,30.0794849396
1999.03.18,29.4394895992,29.9194812775,29.1194951471,29.9194812775
1999.03.19,30.3994794602,30.5594767205,29.9194876793,30.0794849396
1999.03.22,30.0794849396,30.2394821999,29.7594904189,30.0794849396
1999.03.23,29.5994831966,29.7594804030,29.1194915771,29.1194915771
1999.03.24,29.2794921398,29.5994865894,29.1194949150,29.4394893646
1999.03.25,29.9194789160,30.2394733429,29.7594817025,30.2394733429
1999.03.26,29.5994865894,29.7594838142,29.2794921398,29.4394893646
1999.03.29,29.4394895992,29.9194812775,29.2794923731,29.9194812775
1999.03.30,29.5994853973,29.9194798341,29.2794909606,29.5994853973
1999.03.31,29.7594838142,30.0794782639,29.4394893646,29.4394893646
1999.04.01,30.5594704176,30.5594704176,30.0794787357,30.3994731903
1999.04.05,30.3994705563,30.5594677698,30.0794761294,30.2394733429
1999.04.06,30.5594574330,30.8794517517,30.2394631144,30.8794517517
1999.04.07,30.5594756305,30.7194728851,30.3994783759,30.7194728851
1999.04.08,31.1994552612,31.3594524677,30.8794608483,31.1994552612
1999.04.09,30.8794517517,31.1994460704,30.7194545924,30.8794517517
1999.04.12,30.5594756305,30.8794701397,30.2394811213,30.7194728851
1999.04.13,31.0394489110,31.1994460704,30.7194545924,30.8794517517
1999.04.14,31.5194518638,31.6794490814,31.1994574287,31.6794490814
1999.04.15,31.5194454193,31.6794426042,31.0394538647,31.5194454193
1999.04.16,31.8394462990,31.9994435166,31.5194518638,31.6794490814
1999.04.19,31.6794441852,31.8394413781,31.0394554138,31.0394554138
1999.04.20,31.8394487050,31.8394487050,31.1994597863,31.3594570160
1999.04.21,30.8794517517,31.0394489110,30.5594574330,30.8794517517
1999.04.22,30.8794517517,30.8794517517,30.5594574330,30.8794517517
1999.04.23,31.1994552612,31.3594524677,30.8794608483,31.1994552612
1999.04.26,31.3594570160,31.6794514753,31.1994597863,31.3594570160
1999.04.27,31.6794490814,31.8394462990,31.3594546463,31.6794490814
1999.04.28,31.3594482344,31.6794426042,31.3594482344,31.5194454193
1999.04.29,31.6794426042,31.8394397891,31.3594482344,31.5194454193
1999.04.30,31.3594619036,31.3594619036,30.5594756305,30.7194728851
1999.05.03,30.8794608483,31.1994552612,30.7194636418,31.1994552612
1999.05.04,31.0394580548,31.1994552612,30.8794608483,31.1994552612
1999.05.05,31.1994526067,31.1994526067,30.7194610281,31.0394554138
1999.05.06,31.8394462990,31.9994435166,31.5194518638,31.6794490814
1999.05.07,31.6794514753,31.6794514753,31.3594570160,31.3594570160
1999.05.10,31.1994510496,31.5194454193,31.0394538647,31.5194454193
1999.05.11,31.0394580548,31.1994552612,30.8794608483,31.1994552612
1999.05.12,31.0394489110,31.0394489110,30.7194545924,30.8794517517
1999.05.13,30.5594704176,30.7194676449,30.3994731903,30.3994731903
1999.05.14,30.0794849396,30.2394821999,29.5994931586,30.0794849396
1999.05.17,29.2794957556,29.7594874893,28.6395067773,28.9595012665
1999.05.18,29.4394859901,29.5994831966,29.1194915771,29.1194915771
1999.05.19,28.4795069589,28.9594986492,28.1595124986,28.7995014191
1999.05.20,28.9594986492,28.9594986492,28.4795069589,28.7995014191
1999.05.21,28.7994999832,28.7994999832,28.1595110947,28.4795055389
1999.05.24,29.1195009754,29.1195009754,28.6395092010,28.6395092010
1999.05.25,28.7995014191,29.1194958793,28.6395041890,28.7995014191
1999.05.26,28.9594976902,29.4394893646,28.9594976902,29.4394893646
1999.05.27,29.1194944275,29.1194944275,28.4795055389,28.4795055389
1999.05.28,28.7995040219,29.1194985110,28.7995040219,28.9595012665
1999.06.01,29.5994868253,29.9194812775,29.1194951471,29.9194812775
1999.06.02,29.9194812775,30.0794785035,29.5994868253,29.9194812775
1999.06.03,29.5994865894,29.7594838142,29.2794921398,29.4394893646
1999.06.04,29.5994865894,29.7594838142,29.2794921398,29.4394893646
1999.06.07,30.0794785035,30.0794785035,29.7594840514,29.9194812775
1999.06.08,30.3994705563,30.7194649833,30.0794761294,30.2394733429
1999.06.09,30.7194676449,30.8794648723,30.3994731903,30.3994731903
1999.06.10,31.3594524677,31.5194496742,31.1994552612,31.1994552612
1999.06.11,31.9994456732,32.1594429016,31.8394484449,32.1594429016
1999.06.14,31.5194454193,31.5194454193,31.1994510496,31.5194454193
1999.06.15,31.8394470215,31.8394470215,31.5194525791,31.8394470215
1999.06.16,31.5194525791,31.8394470215,31.3594553578,31.8394470215
1999.06.17,31.9994407125,32.3194351196,31.6794463054,32.3194351196
1999.06.18,31.8394470215,31.9994442427,31.6394504950,31.8394470215
1999.06.21,31.8394470215,31.9994442427,31.6794498003,31.8394470215
1999.06.22,31.9994442427,32.1594414639,31.8394470215,31.8394470215
1999.06.23,31.5194496742,31.5194496742,31.0394580548,31.1994552612
1999.06.24,31.5194542457,31.5194542457,31.0394625566,31.3594570160
1999.06.25,31.3594570160,31.6794514753,31.1994597863,31.3594570160
1999.06.28,31.8394397891,31.8394397891,31.5194454193,31.5194454193
1999.06.29,31.9994506836,32.1594479370,31.6794561768,31.9994506836
1999.06.30,31.9994506836,32.3194451904,31.6794561768,31.9994506836
1999.07.01,32.3194441328,32.6394386292,32.1594468846,32.6394386292
1999.07.02,32.7994270325,32.9594242375,32.6394298274,32.7994270325
1999.07.06,33.2794276219,33.2794276219,32.6394386292,32.6394386292
1999.07.07,32.7994270325,32.9594242375,32.4794326224,32.7994270325
1999.07.08,32.4794311523,32.6394283501,32.1594367568,32.4794311523
1999.07.09,32.4794373583,32.6394345867,32.1594429016,32.1594429016
1999.07.12,32.7994270325,32.7994270325,32.4794326224,32.7994270325
1999.07.13,32.7994270325,32.9594242375,32.4794326224,32.7994270325
1999.07.14,33.2794177772,33.5994121789,33.1194205763,33.4394149780
1999.07.15,33.9194233971,34.0794206773,33.7594261169,33.7594261169
1999.07.16,33.9194233971,33.9194233971,33.4394315566,33.7594261169
1999.07.19,34.0794131555,34.2394104004,33.9194159107,34.2394104004
1999.07.20,34.0794103350,34.2394075666,33.5994186401,33.5994186401
1999.07.21,33.7594172820,34.0794117586,33.7594172820,33.9194145203
1999.07.22,33.2794186476,33.2794186476,32.6394298274,32.7994270325
1999.07.23,32.6394386292,32.7994358773,32.4794413810,32.6394386292
1999.07.26,32.4794311523,32.6394283501,32.3194339545,32.4794311523
1999.07.27,32.7994310856,33.2794227600,32.7994310856,33.2794227600
1999.07.28,33.4394149780,33.5994121789,33.2794177772,33.4394149780
1999.07.29,33.9194131034,34.0794103350,33.4394214085,33.5994186401
1999.07.30,34.2394091939,34.7194009116,34.0794119547,34.3994064331
1999.08.02,34.3994076453,34.5594048901,34.2394104004,34.2394104004
1999.08.03,34.3994076453,34.5594048901,33.9194159107,34.2394104004
1999.08.04,34.0794206773,34.0794206773,33.5994288368,33.7594261169
1999.08.05,33.4394214085,33.5994186401,33.1194269453,33.5994186401
1999.08.06,33.2794186476,33.2794186476,32.7994270325,32.7994270325
1999.08.09,32.7994270325,33.1194214425,32.7994270325,32.7994270325
1999.08.10,32.9594331255,32.9594331255,32.3194441328,32.6394386292
1999.08.11,32.6394324442,32.9594268799,32.4794352263,32.9594268799
1999.08.12,33.1194255352,33.2794227600,32.9594283104,33.2794227600
1999.08.13,33.4394315566,33.7594261169,33.2794342764,33.7594261169
1999.08.16,34.2394154508,34.2394154508,33.9194209139,34.0794181824
1999.08.17,34.5593986511,34.8793930831,34.2394042192,34.5593986511
1999.08.18,34.5594036723,34.8793981508,34.3994064331,34.3994064331
1999.08.19,34.7193961296,35.3593849983,34.7193961296,35.0393905640
1999.08.20,35.9993746406,36.4793663025,35.9993746406,36.4793663025
1999.08.23,36.3193702698,36.4793674956,36.1593730439,36.3193702698
1999.08.24,35.8393745422,35.9993717500,35.5193801267,35.8393745422
1999.08.25,35.4861221313,35.4861221313,35.1649807546,35.4861221313
1999.08.26,35.0044021606,35.0044021606,34.6832608564,35.0044021606
1999.08.27,34.6832594630,34.8438301086,34.5226888173,34.8438301086
1999.08.30,35.4861284256,35.6466991425,35.1649869919,35.3255577087
1999.08.31,34.3621215820,34.5226922436,34.0409802588,34.3621215820
1999.09.01,35.4861286146,35.8072700500,35.3255578969,35.8072700500
1999.09.02,35.3255483839,35.4861190584,34.5226950116,34.6832656860
1999.09.03,35.1649807546,35.8072635081,35.1649807546,35.4861221313
1999.09.07,34.8438363605,35.3255483839,34.5226950116,34.6832656860
1999.09.08,34.8438315085,35.0044021606,34.6832608564,35.0044021606
1999.09.09,35.9678358290,36.2889772203,35.6466944377,36.1284065247
1999.09.10,36.2889681544,36.2889681544,35.8072561877,35.9678268433
1999.09.13,36.2889712804,36.7706832886,36.2889712804,36.7706832886
1999.09.14,36.6101199800,36.6101199800,36.2889785767,36.2889785767
1999.09.15,37.0918246273,37.0918246273,36.6101126192,36.7706832886
1999.09.16,36.2889785767,36.4495492783,35.9678371733,36.2889785767
1999.09.17,36.2889785767,36.4495492783,35.9678371733,36.2889785767
1999.09.20,36.6101226807,36.7706933942,36.2889812536,36.6101226807
1999.09.21,36.7706893073,37.0918306986,35.9678358290,36.1284065247
1999.09.22,36.1283974988,36.2889681544,35.9678268433,35.9678268433
1999.09.23,36.1284101332,36.4495515566,35.6466979980,35.6466979980
1999.09.24,35.0044007543,35.1649714000,34.8438301086,34.8438301086
1999.09.27,35.0044021606,35.1649728128,34.8438315085,35.0044021606
1999.09.28,35.1649807546,35.4861221313,35.1649807546,35.4861221313
1999.09.29,35.3255525354,35.4861232287,35.0044111487,35.1649818420
1999.09.30,36.2889822032,36.6101236386,35.3255578969,35.8072700500
1999.10.01,36.4495519672,36.7706933942,36.2889812536,36.6101226807
1999.10.04,36.6101126192,36.7706832886,36.2889712804,36.7706832886
1999.10.05,36.4495388099,36.6101094655,35.8072561877,35.9678268433
1999.10.06,36.2889685274,36.4495391846,35.9678272130,36.4495391846
1999.10.07,36.2889785767,36.4495492783,36.1284078750,36.2889785767
1999.10.08,36.1284105401,36.6101226807,36.1284105401,36.6101226807
1999.10.11,36.6101126192,36.7706832886,36.4495419498,36.7706832886
1999.10.12,37.0918298473,37.2524005392,36.6101177713,36.9312591553
1999.10.13,36.4495529209,36.6101236386,35.8072700500,35.8072700500
1999.10.14,36.9312591553,36.9312591553,36.4495470793,36.9312591553
1999.10.15,36.2889772203,36.4495479160,35.9678358290,36.1284065247
1999.10.18,35.6466928197,35.6466928197,35.1649807546,35.4861221313
1999.10.19,35.9678268433,36.2889681544,35.8072561877,35.9678268433
1999.10.20,36.2889685274,36.6101098418,36.1283978702,36.4495391846
1999.10.21,35.9678371733,36.2889785767,35.9678371733,36.2889785767
1999.10.22,36.6101126192,36.7706832886,36.2889712804,36.7706832886
1999.10.25,36.6101126192,36.7706832886,36.4495419498,36.7706832886
1999.10.26,37.0918376743,37.4129791260,37.0918376743,37.4129791260
1999.10.27,37.0918249591,37.2523956299,36.7706836174,37.2523956299
1999.10.28,37.0918376743,37.4129791260,37.0918376743,37.4129791260
1999.10.29,38.0552558899,38.2158265898,37.8946851899,38.0552558899
1999.11.01,37.8946810991,37.8946810991,37.5735397339,37.5735397339
1999.11.02,37.8946901362,38.2158315780,37.7341194153,37.7341194153
1999.11.03,38.2158279419,38.2158279419,37.7341158250,38.2158279419
1999.11.04,38.5369745358,38.5369745358,38.2158330814,38.3764038086
1999.11.05,38.3763986475,38.5369693532,37.8946865306,38.2158279419
1999.11.08,37.5735437900,38.2158265898,37.4129730901,38.0552558899
1999.11.09,38.0552558899,38.2158265898,37.7341144900,38.0552558899
1999.11.10,38.2158206291,38.6975326538,38.0552499542,38.6975326538
1999.11.11,38.2158330814,38.5369745358,38.0552623541,38.3764038086
1999.11.12,38.5369682312,38.6975389322,38.2158268293,38.5369682312
1999.11.15,38.3764038086,38.5369745358,38.2158330814,38.3764038086
1999.11.16,38.0552572363,38.3763986475,37.8946865306,38.2158279419
1999.11.17,38.2158330814,38.5369745358,38.2158330814,38.3764038086
1999.11.18,38.6975353853,39.1792474441,38.6975353853,39.0186767578
1999.11.19,39.1792564392,39.1792564392,38.8581149930,39.1792564392
1999.11.22,39.5003880224,39.8215293884,39.5003880224,39.8215293884
1999.11.23,39.8215318440,39.8215318440,39.3398197653,39.6609611511
1999.11.24,39.5003904582,39.6609611511,39.3398197653,39.6609611511
1999.11.26,39.8215347774,40.4638175964,39.6609640727,40.4638175964
1999.11.29,40.3032480164,40.4638187256,39.9821065979,40.1426773071
1999.11.30,39.5003978854,39.6609686085,39.0186857161,39.1792564392
1999.12.01,39.5003978854,39.5003978854,39.0186857161,39.1792564392
1999.12.02,39.1792539635,39.5003953895,39.0186832506,39.3398246765
1999.12.03,39.6609638475,40.1426759590,39.6609638475,39.9821052551
1999.12.06,39.6609686085,39.8215393317,39.1792564392,39.1792564392
1999.12.07,39.5003929138,39.8215343196,39.3398222109,39.5003929138
1999.12.08,39.0186868778,39.1792576057,38.6975454220,38.8581161499
1999.12.09,39.5003953895,39.5003953895,38.8581125376,39.3398246765
1999.12.10,39.3398222109,39.6609636167,39.1792515080,39.5003929138
1999.12.13,39.1792576057,39.1792576057,38.5369746941,38.8581161499
1999.12.14,38.5369745358,38.6975452631,38.2158330814,38.3764038086
1999.12.15,38.5369682312,38.5369682312,38.2158268293,38.5369682312
1999.12.16,38.6975353853,39.1792474441,38.5369646991,39.0186767578
1999.12.17,39.6609686085,39.6609686085,39.1792564392,39.1792564392
1999.12.20,39.6609636167,39.6609636167,39.3398222109,39.5003929138
1999.12.21,39.6233060232,39.6233060232,39.1381226842,39.2998504639
1999.12.22,40.2702102661,40.4319380182,40.1084825140,40.2702102661
1999.12.23,40.5936737061,40.9171292734,40.2702181387,40.5936737061
1999.12.27,41.0788490265,41.0788490265,40.2702102661,40.2702102661
1999.12.28,40.7553868911,41.4022977941,40.7553868911,41.2405700684
1999.12.29,41.4023060449,41.8874893188,41.4023060449,41.8874893188
1999.12.30,41.8874893188,42.0492170768,41.5640338029,41.8874893188
1999.12.31,41.7257693937,42.2109527588,41.5640416054,42.2109527588
2000.01.03,42.6961281088,42.8578558668,41.7257615609,41.8874893188
2000.01.04,41.0788494897,41.2405772436,40.4319384741,40.7553939819
2000.01.05,39.2998582801,40.1084973394,39.1381304683,39.6233139038
2000.01.06,38.3294750782,38.3294750782,37.8442918493,38.0060195923
2000.01.07,38.3294758797,38.8146591187,38.3294758797,38.8146591187
2000.01.10,39.2998505889,39.4615783691,39.1381228087,39.4615783691
2000.01.11,39.4615858094,39.6233136201,38.9764023773,39.1381301880
2000.01.12,39.2998423576,39.2998423576,38.8146591187,38.8146591187
2000.01.13,39.2998505889,39.6233061493,39.2998505889,39.4615783691
2000.01.14,39.6233063985,39.7850341797,39.4615786173,39.7850341797
2000.01.18,40.4319450503,40.4319450503,39.2998505889,39.4615783691
2000.01.19,39.1381301880,39.2998579987,38.6529467559,39.1381301880
2000.01.20,38.9763868650,39.1381146113,38.4912036260,38.8146591187
2000.01.21,39.1381144504,39.2998421960,38.6529312134,38.6529312134
2000.01.24,39.2998498227,39.4615775998,38.1677553834,38.4912109375
2000.01.25,38.9763908386,38.9763908386,38.3294797874,38.9763908386
2000.01.26,39.2998505889,39.6233061493,39.1381228087,39.4615783691
2000.01.27,39.9467692415,40.2702248628,39.1381301880,39.1381301880
2000.01.28,40.2702088356,40.2702088356,38.6529313723,38.8146591187
2000.01.31,39.4615786173,39.7850341797,39.2998508360,39.7850341797
2000.02.01,39.6233063985,39.7850341797,39.2998508360,39.7850341797
2000.02.02,40.1084823608,40.1084823608,39.6232991065,40.1084823608
2000.02.03,40.2702107202,40.7553939819,40.1084829663,40.7553939819
2000.02.04,41.2405854464,41.5640410185,41.0788576603,41.4023132324
2000.02.07,41.0788494897,41.0788494897,40.5936662280,40.7553939819
2000.02.08,40.4319378637,40.5936656152,39.9467546094,40.1084823608
2000.02.09,40.2702101123,40.4319378637,39.9467546094,40.1084823608
2000.02.10,40.4319378637,40.5936656152,39.9467546094,40.1084823608
2000.02.11,39.9467619609,40.2702175233,39.6233063985,39.7850341797
2000.02.14,40.1084902344,40.4319458008,39.1381235352,40.4319458008
2000.02.15,39.4615858094,39.4615858094,38.8146745666,39.1381301880
2000.02.16,39.1381186014,39.2998463643,38.8146630758,38.9763908386
2000.02.17,39.6233060232,39.7850338029,39.1381226842,39.2998504639
2000.02.18,38.9763867047,39.4615699417,38.4912034677,38.6529312134
2000.02.22,37.6825641064,38.0060195923,37.3591086205,38.0060195923
2000.02.23,37.8442991854,38.0060269597,37.5208436368,37.6825714111
2000.02.24,38.1677548661,38.4912104158,37.8442993164,37.8442993164
2000.02.25,38.6529424321,38.8146702247,38.3294868469,38.3294868469
2000.02.28,39.2998463643,39.2998463643,38.6529353130,38.9763908386
2000.02.29,38.9763949045,39.2998504639,38.8146671248,39.2998504639
2000.03.01,39.6232991065,40.1084823608,39.4615713550,40.1084823608
2000.03.02,40.1084893623,40.1084893623,39.2998504639,39.2998504639
2000.03.03,39.2998582801,39.7850417157,39.2998582801,39.6233139038
2000.03.06,38.4912145259,38.6529423180,38.0060311495,38.1677589417
2000.03.07,39.1381144504,39.2998421960,38.4912034677,38.6529312134
2000.03.08,38.9763949045,39.2998504639,38.8146671248,39.2998504639
2000.03.09,38.8146630758,38.9763908386,38.4912075502,38.9763908386
2000.03.10,38.4912034677,38.8146589590,38.4912034677,38.6529312134
2000.03.13,37.1973756967,37.3591034171,36.7121925354,36.7121925354
2000.03.14,37.5208472050,37.6825749946,37.3591194153,37.3591194153
2000.03.15,37.1973882170,37.8442993164,37.1973882170,37.8442993164
2000.03.16,38.8146671248,39.2998504639,38.6529393451,39.2998504639
2000.03.17,39.1381146113,39.1381146113,38.6529313723,38.8146591187
2000.03.20,38.8146745666,39.1381301880,38.6529467559,39.1381301880
2000.03.21,38.6529353130,39.2998463643,38.6529353130,38.9763908386
2000.03.22,38.3294757221,38.8146589590,38.3294757221,38.6529312134
2000.03.23,38.3294757221,38.8146589590,38.3294757221,38.6529312134
2000.03.24,38.9763867047,38.9763867047,38.4912034677,38.6529312134
2000.03.27,39.2998579987,39.2998579987,38.8146745666,39.1381301880
2000.03.28,40.1084823608,40.5936656152,40.1084823608,40.1084823608
2000.03.29,41.4023132324,41.7257688046,41.2405854464,41.4023132324
2000.03.30,41.0788612366,41.4023168369,40.7554056363,41.0788612366
2000.03.31,42.2109493342,42.6961326599,42.0492215590,42.6961326599
2000.04.03,41.8874971821,42.2109527588,41.8874971821,42.2109527588
2000.04.04,41.7257724371,41.7257724371,40.5936778361,41.0788612366
2000.04.05,40.9171146168,41.4022977941,40.9171146168,41.2405700684
2000.04.06,40.9171334364,41.0788612366,40.4319500360,41.0788612366
2000.04.07,41.0788423426,41.2405700684,40.7553868911,41.2405700684
2000.04.10,41.2405890367,41.2405890367,40.7554056363,41.0788612366
2000.04.11,40.9171217358,40.9171217358,40.4319384741,40.7553939819
2000.04.12,41.2405890367,41.4023168369,40.7554056363,41.0788612366
2000.04.13,40.4319458008,40.5936735840,40.1084902344,40.4319458008
2000.04.14,39.9467692415,40.0276331468,39.1381301880,39.1381301880
2000.04.17,38.0060355131,39.1381301880,38.0060355131,39.1381301880
2000.04.18,39.1381226842,39.4615782436,38.9763949045,39.2998504639
2000.04.19,39.4615741271,39.6233018899,38.9763908386,38.9763908386
2000.04.20,39.2998582801,39.7850417157,39.2998582801,39.6233139038
2000.04.24,39.9467617097,39.9467617097,39.2998505889,39.4615783691
2000.04.25,40.1084903550,40.5936737061,39.9467625713,40.5936737061
2000.04.26,40.2702175233,40.2702175233,39.6233063985,39.7850341797
2000.04.27,39.1381226842,39.6233060232,38.9763949045,39.2998504639
2000.04.28,39.6233061493,39.6233061493,39.1381228087,39.4615783691
2000.05.01,39.7850270099,40.2702102661,39.7850270099,40.2702102661
2000.05.02,40.1084897421,40.2702175233,39.7850341797,39.7850341797
2000.05.03,39.7850338029,39.9467615826,39.1381226842,39.2998504639
2000.05.04,39.4615786173,39.9467619609,39.4615786173,39.7850341797
2000.05.05,39.6233063985,40.1084897421,39.4615786173,39.7850341797
2000.05.08,39.4615783691,39.6233061493,39.4615783691,39.4615783691
2000.05.09,39.1381186014,39.2998463643,38.8146630758,38.9763908386
2000.05.10,38.8146589590,39.1381144504,38.6529312134,38.6529312134
2000.05.11,38.0060235886,38.4912068685,38.0060235886,38.2081832886
2000.05.12,38.4912036260,39.1381146113,38.3294758797,38.8146591187
2000.05.15,38.6529312134,38.8146589590,38.1677479764,38.6529312134
2000.05.16,38.8146591187,39.1381146113,38.6529313723,38.8146591187
2000.05.17,38.0060270913,38.1677548661,37.8442993164,37.8442993164
2000.05.18,38.1677473352,38.3294750782,37.8442918493,38.0060195923
2000.05.19,37.6825712796,37.8442990533,37.3591157321,37.5208435059
2000.05.22,36.8739354632,36.8739354632,35.7418409533,36.5504798889
2000.05.23,36.7122076760,36.8739354632,36.5504798889,36.5504798889
2000.05.24,36.7122006126,37.1973838806,36.7122006126,37.1973838806
2000.05.25,37.3591190639,37.6825746402,36.8739356995,36.8739356995
2000.05.26,36.8739283686,37.3591116366,36.7122006126,37.1973838806
2000.05.30,37.6825755653,38.3294867338,37.5208477731,38.1677589417
2000.05.31,37.0356561246,37.3591116366,36.8739283686,37.1973838806
2000.06.01,37.1973880882,37.6825714111,37.0356603139,37.6825714111
2000.06.02,38.1677481333,38.8146591187,38.1677481333,38.8146591187
2000.06.05,38.9763868650,38.9763868650,38.6529313723,38.8146591187
2000.06.06,38.8146630758,39.1381186014,38.8146630758,38.9763908386
2000.06.07,38.9764023773,39.1381301880,38.8146745666,39.1381301880
2000.06.08,39.1381146113,39.1381146113,38.8146591187,38.8146591187
2000.06.09,38.8146664916,38.8146664916,38.3294831605,38.4912109375
2000.06.12,38.8146702247,38.9763980173,38.3294868469,38.3294868469
2000.06.13,38.4912146395,38.6529424321,38.1677590543,38.3294868469
2000.06.14,37.8442993164,38.0060270913,37.5208437667,37.8442993164
2000.06.15,37.3591116366,37.3591116366,36.7122006126,37.1973838806
2000.06.16,37.1973798993,37.5208353767,37.0356521606,37.0356521606
2000.06.19,37.8443033574,38.1677589417,37.6825755653,38.1677589417
2000.06.20,38.6529312134,38.8146589590,38.3294757221,38.6529312134
2000.06.21,38.8146591187,39.1381146113,38.6529313723,38.8146591187
2000.06.22,39.2998579987,39.2998579987,38.9764023773,39.1381301880
2000.06.23,38.9763942686,39.1381220457,38.4912109375,38.4912109375
2000.06.26,38.6529387145,38.6529387145,38.1677553834,38.4912109375
2000.06.27,38.9763908386,39.1381186014,38.8146630758,38.9763908386
2000.06.28,39.1381228087,39.4615783691,38.8146672483,39.4615783691
2000.06.29,39.2998451910,41.8874893188,39.2998451910,41.8874893188
2000.06.30,39.1381226842,39.4615782436,39.1381226842,39.2998504639
2000.07.03,39.4615860920,39.6233139038,39.2998582801,39.6233139038
2000.07.05,39.2998421960,39.2998421960,38.6529312134,38.6529312134
2000.07.06,38.6529353130,38.9763908386,38.4912075502,38.9763908386
2000.07.07,38.9764023773,39.1381301880,38.8146745666,39.1381301880
2000.07.10,39.1381226842,39.4615782436,39.1381226842,39.2998504639
2000.07.11,39.1381226842,39.4615782436,38.9763949045,39.2998504639
2000.07.12,38.9763908386,38.9763908386,38.4912075502,38.9763908386
2000.07.13,38.3294867338,38.4912145259,37.6825755653,38.1677589417
2000.07.14,38.1677589417,38.3294867338,37.8443033574,38.1677589417
2000.07.17,38.0060195923,38.0060195923,37.6825641064,38.0060195923
2000.07.18,36.8739356995,37.0356634876,36.7122079113,36.8739356995
2000.07.19,36.8739354632,37.0356632503,36.3887521018,36.5504798889
2000.07.20,36.5504804669,37.3591194153,36.3887526772,37.3591194153
2000.07.21,36.0652962923,36.7122074366,36.0652962923,36.2270240784
2000.07.24,36.2270235929,36.2270235929,35.5801124573,35.5801124573
2000.07.25,35.9035683876,36.2270239586,35.5801128165,36.0652961731
2000.07.26,35.7418327332,35.9035604831,35.4183772333,35.7418327332
2000.07.27,34.9331895679,35.0949172974,34.7714618384,35.0949172974
2000.07.28,34.6097407770,34.9331962983,33.6393742132,34.1245574951
2000.07.31,34.7714730545,35.0949286178,34.6097452729,34.9332008362
2000.08.01,35.2566490173,35.5801045129,34.9331935218,35.2566490173
2000.08.02,35.0949212695,35.7418322607,35.0949212695,35.2566490173
2000.08.03,34.7714618384,35.0949172974,34.4480063794,35.0949172974
2000.08.04,35.2566490173,35.2566490173,34.9331935218,35.2566490173
2000.08.07,35.2566567687,35.5801123353,35.2566567687,35.4183845520
2000.08.08,35.0949212695,35.4183767651,35.0949212695,35.2566490173
2000.08.09,35.9035680251,35.9035680251,35.5801124573,35.5801124573
2000.08.10,35.4183845520,35.4183845520,35.0949289853,35.4183845520
2000.08.11,35.5801164782,35.9035720825,35.5801164782,35.9035720825
2000.08.14,35.4183772333,35.7418327332,35.2566494834,35.7418327332
2000.08.15,35.7418406020,36.0652961731,35.5801128165,36.0652961731
2000.08.16,35.9035680251,35.9035680251,35.5801124573,35.5801124573
2000.08.17,35.4183846734,35.5801124573,35.0949291056,35.5801124573
2000.08.18,35.5801049832,35.7418327332,35.4183772333,35.7418327332
2000.08.21,35.5801124573,35.7418402412,35.2566568895,35.5801124573
2000.08.22,35.9035604831,36.0652882330,35.7418327332,35.7418327332
2000.08.23,36.2270241970,36.3887519836,36.0652964105,36.3887519836
2000.08.24,37.0931816101,37.0931816101,36.7590088028,37.0931816101
2000.08.25,37.2602665084,37.4273529053,37.0931801115,37.4273529053
2000.08.28,37.7615253600,37.9286117554,37.5944389646,37.9286117554
2000.08.29,37.7615432739,37.7615432739,37.4273703246,37.7615432739
2000.08.30,37.2602668521,37.2602668521,36.9260940552,36.9260940552
2000.08.31,37.2602806091,37.4273670693,37.0931941490,37.2602806091
2000.09.01,37.2602714369,37.7615306939,37.2602714369,37.5944442749
2000.09.05,36.9261060067,36.9261060067,36.4248466492,36.4248466492
2000.09.06,36.5919331017,36.5919331017,36.2577601967,36.4248466492
2000.09.07,36.5919314991,36.9261043895,36.5919314991,36.7590179443
2000.09.08,36.7590283259,36.7590283259,36.4248553411,36.5919418335
2000.09.11,35.7564873166,36.2577464845,35.7564873166,36.0906600952
2000.09.12,35.7564964294,35.7564964294,35.4223235656,35.7564964294
2000.09.13,35.5894126892,35.7564991338,35.4223262447,35.5894126892
2000.09.14,35.7564991338,35.9235855783,35.5894126892,35.5894126892
2000.09.15,35.5894297017,35.5894297017,35.2552566528,35.2552566528
2000.09.18,35.7564980129,35.9235844522,35.4223251343,35.4223251343
2000.09.19,35.7564873166,36.0906600952,35.7564873166,36.0906600952
2000.09.20,36.4248378771,36.5919242894,36.0906650526,36.2577514648
2000.09.21,36.0906627566,36.2577491583,35.9235763550,35.9235763550
2000.09.22,35.2552398001,35.5894126892,35.0881533556,35.5894126892
2000.09.25,35.7565162261,35.7565162261,35.2552566528,35.2552566528
2000.09.26,35.4223251343,35.5894115736,35.0881522557,35.4223251343
2000.09.27,35.0881450598,35.0881450598,34.7539722497,34.9210586548
2000.09.28,34.9210658163,35.4223251343,34.7539793770,35.4223251343
2000.09.29,34.9210658163,35.4223251343,34.5868929377,35.4223251343
2000.10.02,35.7564980129,35.9235844522,35.4223251343,35.4223251343
2000.10.03,35.7564899533,36.0906627566,35.4223171500,35.9235763550
2000.10.04,35.9235737059,36.0906600952,35.7564873166,36.0906600952
2000.10.05,35.9235763550,36.0906627566,35.7564899533,35.9235763550
2000.10.06,35.9235844522,35.9235844522,35.2552386950,35.4223251343
2000.10.09,35.2552386950,35.4223251343,35.0881522557,35.4223251343
2000.10.10,35.2552386950,35.7564980129,35.2552386950,35.4223251343
2000.10.11,34.5868911743,34.7539776051,34.4198047435,34.5868911743
2000.10.12,34.9210644890,35.0881509220,34.0856323242,34.0856323242
2000.10.13,34.5868858447,34.9210586548,34.2527130346,34.9210586548
2000.10.16,34.5868911743,34.7539776051,34.2527183127,34.5868911743
2000.10.17,34.5868904790,34.7539769065,33.9185447693,33.9185447693
2000.10.18,33.2501918983,33.9185374641,32.9160191154,33.4172782898
2000.10.19,33.7514492872,34.2527084351,33.7514492872,34.2527084351
2000.10.20,34.0856311967,34.0856311967,33.7514583419,33.9185447693
2000.10.23,33.7514594583,34.0856323242,33.5843730253,34.0856323242
2000.10.24,33.7514583419,34.0856311967,33.7514583419,33.9185447693
2000.10.25,33.4172782898,33.5843646812,33.2501918983,33.4172782898
2000.10.26,33.9185386392,33.9185386392,33.0831066530,33.5843658447
2000.10.27,33.9185458913,34.0856323242,33.7514594583,34.0856323242
2000.10.30,33.2502098083,33.5843827712,33.2502098083,33.2502098083
2000.10.31,33.5843719144,33.9185447693,33.4172854870,33.9185447693
2000.11.01,33.9185436362,34.0856300581,33.7514572144,33.7514572144
2000.11.02,34.0856345464,34.5868938779,34.0856345464,34.4198074341
2000.11.03,34.4197994396,34.9210586548,34.4197994396,34.9210586548
2000.11.06,35.0881500244,35.4223228818,35.0881500244,35.0881500244
2000.11.07,34.9210586548,35.0881450598,34.7539722497,34.9210586548
2000.11.08,34.9210640359,34.9210640359,34.5868911743,34.5868911743
2000.11.09,34.2527187572,34.4198051901,33.9185458913,34.0856323242
2000.11.10,33.9185374641,33.9185374641,33.2501918983,33.4172782898
2000.11.13,32.9160368455,33.4172962898,32.9160368455,33.2502098083
2000.11.14,33.5843719144,33.9185447693,33.4172854870,33.9185447693
2000.11.15,33.4172782898,33.5843646812,33.2501918983,33.4172782898
2000.11.16,32.7489333792,32.9160197740,32.4147605896,32.4147605896
2000.11.17,32.7489356995,33.0831085127,32.5818492928,32.7489356995
2000.11.20,32.5818446279,32.7489310106,31.9134990970,32.0805854797
2000.11.21,32.0805946752,32.2476811058,31.5793353834,31.7464218140
2000.11.22,31.4122436442,31.5793300465,31.0780708395,31.2451572418
2000.11.24,31.5793369577,31.7464233967,31.4122505188,31.4122505188
2000.11.27,32.2476822419,32.4147686784,31.7464229324,31.9135093689
2000.11.28,32.0805946752,32.0805946752,31.7464218140,31.7464218140
2000.11.29,31.4122478344,31.7464206837,31.2451614097,31.5793342590
2000.11.30,31.5793369577,31.7464233967,31.2451640799,31.4122505188
2000.12.01,32.2476741948,32.4147605896,32.0805878000,32.4147605896
2000.12.04,32.2476822419,32.2476822419,31.7464229324,31.9135093689
2000.12.05,31.7464229324,32.2476822419,31.5793364959,31.9135093689
2000.12.06,31.7464229324,32.2476822419,31.7464229324,31.9135093689
2000.12.07,31.9135071083,31.9135071083,31.5793342590,31.5793342590
2000.12.08,31.9135071083,31.9135071083,31.5793342590,31.5793342590
2000.12.11,32.2476828942,32.5818557739,32.0805964543,32.5818557739
2000.12.12,32.0805854797,32.2476718624,31.9134990970,32.0805854797
2000.12.13,32.0805946752,32.2476811058,31.7464218140,31.7464218140
2000.12.14,31.7464218140,31.9135082446,31.4122489528,31.7464218140
2000.12.15,31.4122548696,31.4122548696,30.7439090213,30.9109954834
2000.12.18,31.2451599183,31.5793327516,30.9109870849,31.0780735016
2000.12.19,30.5768277816,30.9110007629,30.2426548004,30.2426548004
2000.12.20,31.2903545707,31.2903545707,30.5872005354,30.7629890442
2000.12.21,30.4113964870,31.1145501630,30.2356080680,30.5871849060
2000.12.22,31.1145496368,31.4661264689,31.1145496368,31.1145496368
2000.12.26,31.2903453003,31.4661337571,30.9387683868,30.9387683868
2000.12.27,30.9387748804,31.2903518677,30.9387748804,31.2903518677
2000.12.28,31.1145633740,31.2903518677,30.9387748804,31.2903518677
2000.12.29,30.9387612208,31.4661264689,30.9387612208,31.1145496368
2001.01.02,31.2903453003,31.2903453003,30.7629799301,30.9387683868
2001.01.03,30.9387697966,32.5208659794,30.5871928671,32.3450775146
2001.01.04,31.2903545707,31.4661430795,30.4114120265,30.7629890442
2001.01.05,30.9387617440,31.1145501630,30.4113964870,30.5871849060
2001.01.08,30.5872005354,30.9387775530,30.5872005354,30.7629890442
2001.01.09,30.5871849060,30.7629733250,30.2356080680,30.5871849060
2001.01.10,30.2356057139,30.4113941193,29.8840289033,30.4113941193
2001.01.11,29.5324554443,29.8840322949,29.3566670191,29.5324554443
2001.01.12,29.5324554443,29.8840322949,29.3566670191,29.5324554443
2001.01.16,29.8840393379,30.2356162713,29.8840393379,30.0598278046
2001.01.17,30.5871849060,30.7629733250,30.4113964870,30.5871849060
2001.01.18,30.9387583813,31.4661235809,30.5871815815,31.4661235809
2001.01.19,31.2903453003,31.4661337571,30.9387683868,30.9387683868
2001.01.22,30.9387612208,31.1145496368,30.7629728048,31.1145496368
2001.01.23,31.1145496368,31.1145496368,30.5871843888,31.1145496368
2001.01.24,30.7629890442,30.9387775530,30.5872005354,30.7629890442
2001.01.25,30.7629890442,30.9387775530,30.5872005354,30.7629890442
2001.01.26,30.5871825246,30.7629709299,30.4113941193,30.4113941193
2001.01.29,30.7981253076,31.0793878037,30.7699985215,31.0231342316
2001.01.30,30.9106321566,31.1637678863,30.7700008977,31.1356410980
2001.01.31,30.9668951837,31.1075264855,30.7700102881,30.9387683868
2001.02.01,30.9387650384,31.2200276117,30.8825114508,31.0512695312
2001.02.02,30.7981346756,30.9106391719,30.4324943923,30.6293792725
2001.02.05,30.2637367893,30.5731234608,30.2356099967,30.4606189728
2001.02.06,30.2637510906,30.5731379084,30.2637510906,30.4325065613
2001.02.07,29.9824667667,30.2074756868,29.9262158778,29.9543399811
2001.02.08,29.8137183904,30.0668514730,29.7855915982,29.8980960846
2001.02.09,30.0387203379,30.0387203379,29.7293310610,29.9543399811
2001.02.12,29.9824737788,30.0387273631,29.8418425003,29.8980960846
2001.02.13,29.8418476320,30.0668566434,29.8137235173,30.0387325287
2001.02.14,29.8418362938,29.8980898664,29.6168273678,29.7855854034
2001.02.15,29.9824714024,30.3199848347,29.9543446125,30.2356071472
2001.02.16,29.8137179977,29.8980956908,29.3918241677,29.5324554443
2001.02.20,29.8137270224,29.9543556593,29.6449689028,29.6730957031
2001.02.21,29.3918164535,29.4480700224,29.2511852138,29.3355655670
2001.02.22,29.5324530536,29.7855887947,29.3636949988,29.4199485779
2001.02.23,29.5605887274,30.0106067657,29.5605887274,30.0106067657
2001.02.26,30.0106099799,30.2356190231,29.9824831789,30.1512413025
2001.02.27,29.9824741864,30.1793563697,29.7855920032,29.8137187958
2001.02.28,29.3918256593,29.6730882270,29.3918256593,29.6168346405
2001.03.01,29.0261814862,29.2230663300,28.8292993248,29.2230663300
2001.03.02,28.0417743335,28.3792878361,28.0136475377,28.1261520386
2001.03.05,28.0136457922,28.1824038742,27.9855189982,28.0698966980
2001.03.06,28.9699431316,29.0543208541,28.8293118058,28.9418163300
2001.03.07,28.9418192788,29.0261970100,28.7730611343,28.9136924744
2001.03.08,28.9699431316,29.0261940525,28.8011850042,28.9418163300
2001.03.09,28.8011774075,28.9136819020,28.2949085236,28.2949085236
2001.03.12,27.5636211699,27.8448809955,27.3104854492,27.3948631287
2001.03.13,27.2261143809,27.6480055630,27.1417339987,27.6198787689
2001.03.14,25.5948001121,26.5792138504,25.4541688117,25.7635555267
2001.03.15,27.1698659526,27.5636330976,26.9448569217,27.1136150360
2001.03.16,27.2261133343,27.3667419347,26.7198417894,27.0011043549
2001.03.19,27.4229911935,27.4229911935,27.0573509891,27.3386135101
2001.03.20,27.6198798662,27.7042602518,27.1417350769,27.1417350769
2001.03.21,28.3511567102,28.8011746449,28.2667790180,28.4636611938
2001.03.22,28.0698984470,28.4074146319,27.4229982376,28.1261520386
2001.03.23,29.2511949330,29.6449619987,29.1668172340,29.4762039185
2001.03.26,30.2918607271,30.3481116247,30.0105981923,30.2356071472
2001.03.27,30.2074801711,30.9950141907,30.0949756944,30.9950141907
2001.03.28,30.4324969575,30.5168773485,29.8137235173,30.0387325287
2001.03.29,29.2511954432,29.7012161043,28.9980623419,29.1386909485
2001.03.30,28.8574296570,28.9699341462,28.4917893963,28.8011760712
2001.04.02,28.4355371299,28.5761684186,28.1261504407,28.2949085236
2001.04.03,28.6042881012,28.9418015007,28.2949014889,28.6042881012
2001.04.04,28.9980641225,29.4762062426,28.9136837346,29.3918285370
2001.04.05,30.1512421710,30.5168825474,29.8699795176,30.3762512207
2001.04.06,29.5887118675,29.7855940644,29.3637001939,29.7574672699
2001.04.09,28.9699412080,29.0543189250,28.6886785752,28.7449321747
2001.04.10,28.7730506702,29.1668177427,28.6886729697,29.1386909485
2001.04.11,29.5324510828,29.5324510828,28.8574242732,28.9699287415
2001.04.12,29.1668282108,29.5887222290,29.0543236757,29.5887222290
2001.04.16,28.9699429617,29.1105742867,28.7449339148,28.9980697632
2001.04.17,29.1105747223,29.2512033670,28.9418165934,29.1105747223
2001.04.18,30.3199828757,31.4731543655,30.2356051936,31.1918945312
2001.04.19,30.7700055566,30.7981323491,30.4043679833,30.7137546539
2001.04.20,30.4887491245,30.5168759202,30.1793597366,30.3481178284
2001.04.23,30.1231082141,30.3481172104,30.0949814190,30.2918663025
2001.04.24,30.5168769596,30.7981368792,30.3199920654,30.3199920654
2001.04.25,30.5449891310,30.6574935913,30.3481069961,30.6574935913
2001.04.26,30.9387560832,31.0231337578,30.6574935913,30.6574935913
2001.04.27,31.1356409550,31.1918945312,30.9668855909,31.1918945312
2001.04.30,31.3887695341,31.6137784232,31.3606427524,31.5575275421
2001.05.01,31.9794382104,32.3450785507,31.8669336967,32.3169517517
2001.05.02,32.4857122203,32.7107212641,32.2325763754,32.4294586182
2001.05.03,32.4857074902,32.5982119958,32.0638135828,32.2044448853
2001.05.04,31.9513011122,32.3731949145,31.7825457371,32.2888145447
2001.05.07,32.9638491453,32.9638491453,32.7669642678,32.9357223511
2001.05.08,32.2044368571,32.3169413346,32.0638055897,32.2888145447
2001.05.09,31.6138062191,31.7825643754,31.4450507450,31.5294284821
2001.05.10,31.7263026383,31.7263026383,31.4169158936,31.4169158936
2001.05.11,31.5575420311,31.6137929381,31.2762794495,31.2762794495
2001.05.14,30.9106451272,30.9106451272,30.6293851736,30.7700138092
2001.05.15,30.9387650384,31.3044053107,30.8262605456,31.0512695312
2001.05.16,30.4043697707,31.3044057254,30.3481161824,30.9668922424
2001.05.17,31.2762723570,31.3887768277,31.0793902038,31.1356410980
2001.05.18,30.9668885762,31.0793930572,30.7981305135,30.9106349945
2001.05.21,31.0793929916,31.6419153955,31.0793929916,31.6137886047
2001.05.22,31.3887768277,31.4169036159,31.1075169921,31.1356410980
2001.05.23,31.4169059569,31.6419149150,31.3325282682,31.5012836456
2001.05.24,31.4450327473,31.6137881247,31.1637702084,31.5012836456
2001.05.25,31.3044062441,31.4169107403,31.1919017479,31.2762794495
2001.05.29,31.0793957970,31.2762779856,30.7137555309,30.7418823242
2001.05.30,30.5731271303,30.6575048359,30.3481181272,30.5168762207
2001.05.31,30.6856301794,30.7418837687,30.5168747762,30.6293792725
2001.06.01,30.6012647143,30.6012647143,30.2356242847,30.4325065613
2001.06.04,30.5168683405,30.6574969194,30.3481102906,30.5449924469
2001.06.05,30.2356099967,30.4887457654,30.1231055086,30.4606189728
2001.06.06,30.0106057317,30.2356147431,29.9262280230,30.0387325287
2001.06.07,30.1793535673,30.3199848347,30.1231026698,30.2356071472
2001.06.08,30.2356062660,30.2918598443,30.0668482136,30.2074794769
2001.06.11,29.8418421072,29.8418421072,29.3918241677,29.5324554443
2001.06.12,28.9699355476,29.1668177427,28.5761684750,29.1386909485
2001.06.13,29.2230792475,29.3074569708,28.9980701971,29.1105747223
2001.06.14,28.9136805604,28.9136805604,28.7449251677,28.8011760712
2001.06.15,28.7168018439,28.8855599393,28.2667838325,28.4355392456
2001.06.18,28.5199175657,28.5761684719,28.2386549879,28.4917907715
2001.06.19,28.5480452111,28.7449301129,28.3230361938,28.3230361938
2001.06.20,28.2386574523,28.4917932580,28.1261529478,28.3511619568
2001.06.21,28.8011706979,29.1386841027,28.7730439103,28.9699287415
2001.06.22,29.2511949184,29.2511949184,28.8293037415,28.8293037415
2001.06.25,28.9136852357,28.9136852357,28.5480449159,28.6324253082
2001.06.26,28.5761637022,28.8292994436,28.5761637022,28.7167949677
2001.06.27,28.6324197369,28.7449242224,28.4074107658,28.5761661530
2001.06.28,28.4917965067,28.7730564589,28.4917965067,28.6886787415
2001.06.29,28.7730541229,28.9418122264,28.7449300076,28.7730541229
2001.07.02,28.6886681781,28.8011726540,28.5761637022,28.7167949677
2001.07.03,28.6605494233,28.8011807282,28.5761717133,28.6324253082
2001.07.05,27.9011322183,28.0698875630,27.7323741913,27.7323741913
2001.07.06,27.4229971970,27.4511239918,27.0011060054,27.0292301178
2001.07.09,27.1979809825,27.3948631287,27.1698541952,27.3948631287
2001.07.10,27.4229976643,27.6198798662,27.1417350769,27.1417350769
2001.07.11,27.1698642327,27.3948732493,26.9448552162,27.2542419434
2001.07.12,27.7042603777,28.0980247832,27.6480067871,28.0136470795
2001.07.13,27.7042634029,27.8167679142,27.4792543803,27.5355052948
2001.07.16,27.1979886673,27.3667440739,27.0011064655,27.1417350769
2001.07.17,26.7479767396,27.1979948357,26.7479767396,27.0573635101
2001.07.18,26.6635984136,26.7479788250,26.5229697594,26.6073474884
2001.07.19,27.0292271104,27.0573539020,26.8042181423,26.8604717255
2001.07.20,26.7479738076,27.0292337457,26.7479738076,26.8886051178
2001.07.23,26.1291924426,26.1573192355,25.7635521819,25.8760566711
2001.07.24,26.2417006376,26.2417006376,25.9041871222,25.9323139191
2001.07.25,26.5510849824,26.6635894775,26.2416982915,26.6635894775
2001.07.26,26.6073352365,26.6073352365,26.2135682119,26.3260726929
2001.07.27,26.5510815130,26.8604708459,26.4667038233,26.8323440552
2001.07.30,26.0729392142,26.0729392142,25.9041811542,25.9604320526
2001.07.31,26.4104516376,26.5510802195,26.2979471627,26.4385757446
2001.08.01,26.8323512610,26.9729825699,26.8042244628,26.9167289734
2001.08.02,27.5355052948,27.5917588916,27.3667471867,27.5355052948
2001.08.03,27.0854841688,27.2542395754,27.0292305784,27.1417350769
2001.08.06,27.0854926625,27.0854926625,26.8886103989,26.9729881287
2001.08.07,27.0573599826,27.3386225971,26.9448554732,27.2261180878
2001.08.08,27.3386285341,27.3386285341,26.9167345206,26.9729881287
2001.08.09,26.6354692959,26.9448560325,26.5792156989,26.8886051178
2001.08.10,26.5510886186,26.7761003219,26.2979554817,26.7198467255
2001.08.13,26.3542004328,26.5792094029,26.3542004328,26.5510826111
2001.08.14,27.1136065269,27.3386154871,27.0292261551,27.0854797363
2001.08.15,27.3386154871,27.3386154871,26.9448484656,27.0854797363
2001.08.16,27.0292295515,27.3386189224,26.8042205630,27.1698608398
2001.08.17,26.5229575463,26.7760932992,26.2135682119,26.3260726929
2001.08.20,26.2979471627,26.5510802195,26.2979471627,26.4385757446
2001.08.21,26.5510796779,26.9448466733,26.5229555715,26.5792064667
2001.08.22,26.8885976365,27.0292262253,26.7760931561,26.8323440552
2001.08.23,26.5229575463,26.6917129267,26.3260726929,26.3260726929
2001.08.24,26.6073422150,26.8042244378,26.4667109063,26.7198467255
2001.08.27,26.4385794061,26.7198419735,26.3260749157,26.4948329926
2001.08.28,26.4104547620,26.4385788723,26.0166877120,26.1854457855
2001.08.29,26.1573226314,26.2135735422,25.6229242263,25.7635555267
2001.08.30,25.4822976153,25.6229262444,25.1166572783,25.3135395050
2001.08.31,25.4541682026,25.7635549103,25.4541682026,25.7073040009
2001.09.04,25.4260474161,25.5385519439,25.2010383606,25.2010383606
2001.09.05,25.0041457688,25.0322698773,24.4978742620,24.7228832245
2001.09.06,24.6385079400,24.7510124322,24.3009944633,24.3853721619
2001.09.07,24.3291130066,24.6385023012,24.2447353273,24.3291130066
2001.09.10,23.9072329984,24.2447465541,23.8791061981,24.1884956360
2001.09.17,23.6259684567,23.8509774757,22.7540591785,23.3165817261
2001.09.18,23.3447083615,23.8791041074,23.2040770550,23.3728351593
2001.09.19,23.8790992974,24.0478573676,22.7821812288,23.7947216034
2001.09.20,23.3447080406,23.4853393452,22.5290496929,23.0071945190
2001.09.21,22.5009144677,23.2040680448,21.8540131231,22.7821769714
2001.09.24,23.0915675801,23.7947212790,23.0915675801,23.6259632111
2001.09.25,23.6259610702,23.6540878594,23.2040699620,23.4853324890
2001.09.26,23.4572108100,23.4572108100,22.8665615204,23.1478214264
2001.09.27,22.8384283556,23.0915640780,22.5571685281,22.8946819305
2001.09.28,23.0634407884,23.6540900028,23.0634407884,23.6259632111
2001.10.01,23.5415833850,23.5697101742,23.2884476472,23.4853324890
2001.10.02,23.7384679372,24.0478572845,23.7103438275,24.0478572845
2001.10.03,23.6259606601,24.3572410718,23.3728276090,24.2728633881
2001.10.04,24.3291242725,24.3572510727,24.0478643172,24.1884956360
2001.10.05,23.9072303772,24.1603661868,23.8228526681,23.9072303772
2001.10.08,23.8509744689,24.1322370484,23.8228503568,23.9916057587
2001.10.09,23.6259636165,23.6259636165,23.3728305337,23.5415859222
2001.10.10,23.5415923615,23.8509791133,23.4853414440,23.8228549957
2001.10.11,24.1884844352,24.4134933682,24.0759799687,24.3291130066
2001.10.12,24.1603576480,24.3853665810,23.9353487151,24.3291130066
2001.10.15,24.1603585723,24.1884853606,23.9634764190,24.1041049957
2001.10.16,24.2166220936,24.6103892879,24.1884979730,24.3010025024
2001.10.17,24.7510082136,24.9197635820,24.1884858483,24.2166099548
2001.10.18,24.0759840765,24.1884885622,23.9072260069,24.0478572845
2001.10.19,23.9353612569,24.0759925842,23.8228567314,24.0759925842
2001.10.22,24.1603711700,24.3291266231,24.1041175642,24.3010025024
2001.10.23,24.4697442603,24.6103755140,24.3009889017,24.3291130066
2001.10.24,24.3572453682,24.4978766541,24.3009944633,24.3853721619
2001.10.25,24.4416267818,24.8353939056,24.2447445611,24.8353939056
2001.10.26,24.6385060855,24.6385060855,24.4134971180,24.5822525024
2001.10.29,24.2166147493,24.2447415437,23.9353548522,23.9916057587
2001.10.30,23.8228471045,23.8509712127,23.4009532928,23.4009532928
2001.10.31,23.6259653748,23.8791011588,23.5415876742,23.5978412628
2001.11.01,23.8791035801,23.9634839715,23.6259677704,23.9072303772
2001.11.02,23.6540968787,23.8791059132,23.6259700788,23.8228549957
2001.11.05,23.8791012633,24.0759861419,23.8791012633,23.9916057587
2001.11.06,23.9916050979,24.3853721619,23.9072273993,24.3853721619
2001.11.07,23.5697212219,23.7384766714,23.4853434972,23.5697212219
2001.11.08,23.9916104304,24.1322417476,23.7666013959,23.8228549957
2001.11.09,23.5978441768,23.5978441768,23.3728351593,23.3728351593
2001.11.12,23.2603275714,23.3728320653,22.9790649957,23.1759471893
2001.11.13,23.1759456039,23.3728304664,23.1759456039,23.3447036743
2001.11.14,23.3165731144,23.3165731144,23.0353106033,23.0915641785
2001.11.15,23.5415926816,23.6259704001,23.3728372446,23.5134658813
2001.11.16,23.5134565959,23.6259610702,23.3447012255,23.4853324890
2001.11.19,24.0759886085,24.0759886085,23.6540946960,23.6540946960
2001.11.20,23.6540946960,23.8509769125,23.5978437838,23.6540946960
2001.11.21,23.6259641512,23.9353535078,23.6259641512,23.8509731293
2001.11.23,23.6822177369,23.8509731293,23.6259641512,23.8509731293
2001.11.26,24.1884886306,24.3853708105,23.9634796586,24.2447395325
2001.11.27,24.1322349782,24.1884885622,23.9634795909,24.0478572845
2001.11.28,23.5415833850,23.7384655445,23.3728280147,23.4853324890
2001.11.29,23.5415901576,23.6259678670,23.3165811442,23.4572124481
2001.11.30,23.5978480243,23.7384766714,23.4853434972,23.5697212219
2001.12.03,23.0915709334,23.2322022300,22.8665619316,23.0634441376
2001.12.04,22.9228124287,23.1759482217,22.8946883157,23.1478214264
2001.12.05,23.5978394234,23.9353528816,23.4290813531,23.7947216034
2001.12.06,23.7384698696,23.7384698696,23.4290831794,23.5978412628
2001.12.07,22.9509329229,23.2040686464,22.9509329229,23.0915641785
2001.12.10,22.5290471139,22.5852980199,22.2477845370,22.2759113312
2001.12.11,22.3884120784,22.5571701328,22.3321598406,22.4727897644
2001.12.12,22.7259263254,22.8103040145,22.3602860963,22.7540531158
2001.12.13,22.0509056755,22.2196624424,22.0509056755,22.1634101868
2001.12.14,22.0790307118,22.3040397302,21.9665262027,22.2477874756
2001.12.17,21.9102725983,22.0509038966,21.7415158449,21.9102725983
2001.12.18,22.0790328979,22.1071596986,21.8821506580,22.0790328979
2001.12.19,21.7977635910,22.0227725489,21.6571323217,21.9665203094
2001.12.20,22.1352824847,22.1352824847,21.9102734713,21.9384002686
2001.12.21,21.8821426208,22.0508993393,21.7977635910,21.9665203094
2001.12.24,21.6008848132,21.9102728687,21.5727593578,21.7415161133
2001.12.26,21.3758766522,21.5727602119,21.2352466877,21.4321289062
2001.12.27,21.6571392513,21.7415183081,21.5165092782,21.5727615356
2001.12.28,22.1352851581,22.1915374183,21.9665283776,22.0790328979
2001.12.31,22.0509010280,22.1634055156,21.6571339802,21.6852607727
2002.01.02,21.8259001641,21.8821524288,21.6290165671,21.7977733612
2002.01.03,21.9383990134,22.3321647644,21.7977677175,22.3321647644
2002.01.04,22.5290480897,22.6978034973,22.5009212943,22.6978034973
2002.01.07,22.5290474270,22.6415519229,22.2477848462,22.3040370941
2002.01.08,21.9384017310,22.0509062452,21.7977704177,21.8258972168
2002.01.09,21.7977674879,22.0790287356,21.6571361934,21.7133884430
2002.01.10,21.5165091386,21.5446345966,21.3196255681,21.4883823395
2002.01.11,21.3477492488,21.4883792005,21.2071179559,21.2352447510
2002.01.14,21.2352420420,21.2633674923,20.9258540419,20.9539794922
2002.01.15,21.1508662794,21.1789930752,20.9821095281,21.0946140289
2002.01.16,20.9539828493,21.0946141467,20.8414783478,20.8414783478
2002.01.17,21.0664860488,21.0946128430,20.9258561012,21.0383605957
2002.01.18,21.1508633352,21.1508633352,21.0102320582,21.1227378845
2002.01.22,20.6445949140,20.6445949140,20.4195859244,20.5883426666
2002.01.23,20.3914567683,20.4758358002,20.2789522865,20.4758358002
2002.01.24,20.3070781239,20.5039616414,20.1101959476,20.2508258820
2002.01.25,20.4477157593,20.5320948190,20.3070844401,20.4477157593
2002.01.28,20.8133493214,20.8414747714,20.5883403570,20.6727180481
2002.01.29,20.4195870225,20.4195870225,20.0258199284,20.1101989746
2002.01.30,19.8570601882,20.2789526735,19.8289347378,20.2508258820
2002.01.31,20.1383235523,20.3070802962,20.0258190563,20.0820713043
2002.02.01,19.8289356232,19.9133133193,19.6320520969,19.8289356232
2002.02.04,19.9695690872,19.9695690872,19.4070465432,19.4632987976
2002.02.05,19.3226628285,19.3226628285,18.8726449019,18.9851493835
2002.02.06,19.1257840382,19.3226662453,18.8726482391,18.8726482391
2002.02.07,19.3789169736,19.5758005064,19.3226647273,19.4351692200
2002.02.08,19.6039238913,19.9414386749,19.6039238913,19.9414386749
2002.02.11,19.9414422233,20.1945766797,19.8570631771,20.1101989746
2002.02.12,20.1101959476,20.3633303659,20.1101959476,20.2508258820
2002.02.13,20.6164703369,20.6727225904,20.4477135766,20.6164703369
2002.02.14,20.7570994088,20.8696039036,20.5320904192,20.5883426666
2002.02.15,20.6164725376,20.6445993380,20.3352112404,20.4477157593
2002.02.19,19.9695633036,19.9695633036,19.6601753235,19.6601753235
2002.02.20,19.8851864345,19.9976909153,19.6601761317,19.9414386749
2002.02.21,20.3914542052,20.4477064390,20.1945707162,20.2789497375
2002.02.22,20.3914613231,20.6164703369,20.3633345258,20.6164703369
2002.02.25,20.6727204195,20.8133517089,20.5602159244,20.7852249146
2002.02.26,20.5320948190,20.5602202782,20.3633366995,20.4477157593
2002.02.27,20.8696018002,21.1508630088,20.7289705253,20.9539794922
2002.02.28,21.0946119634,21.2633686981,20.9539806805,21.0102329254
2002.03.01,21.5446331539,21.9384002686,21.5446331539,21.9384002686
2002.03.04,22.6977995456,23.2321978354,22.5571709578,23.2040710449
2002.03.05,22.8665546496,22.8946814365,22.6977966109,22.7821769714
2002.03.06,22.8665631173,23.5697169548,22.8103095228,23.4572124481
2002.03.07,24.1322420355,24.2728733543,23.9072329984,24.1884956360
2002.03.08,24.3572525567,24.4135061605,24.0759925842,24.0759925842
2002.03.11,24.3572453682,24.4697498605,24.2166140824,24.3853721619
2002.03.12,23.6259712766,23.8791071238,23.5415935550,23.7384757996
2002.03.13,23.2603290258,23.3447067309,23.0071932283,23.0634441376
2002.03.14,23.4853349526,23.6822171327,23.3447036743,23.3447036743
2002.03.15,23.8509747242,23.9916060155,23.6540925259,23.9634819031
2002.03.18,23.3165759282,23.3728295101,23.1196937561,23.1196937561
2002.03.19,23.7103516806,23.7666026009,23.5697203563,23.7384757996
2002.03.20,23.2603222216,23.2603222216,23.0915641785,23.0915641785
2002.03.21,23.0915705181,23.2040750170,22.9509392240,23.1478214264
2002.03.22,22.7259298299,22.7821834195,22.5290476309,22.5852985382
2002.03.25,22.3884135039,22.5009179865,22.2477822300,22.3602867126
2002.03.26,22.3321598406,22.6134210293,22.3040330512,22.4727897644
2002.03.27,22.5571744257,22.7540566247,22.5290476309,22.5852985382
2002.03.28,22.7259238882,22.9509328231,22.7259238882,22.8946819305
2002.04.01,22.1071532505,22.1915309455,21.9383965193,22.1352787018
2002.04.02,22.1915309455,22.3321622255,22.1352787018,22.1352787018
2002.04.03,22.7821798262,22.8946843053,22.5009172872,22.5571708679
2002.04.04,23.0071938050,23.0915715122,22.8665625048,22.9228134155
2002.04.05,23.2040750170,23.3165795158,23.0071928146,23.1478214264
2002.04.08,22.7540584180,22.9509406325,22.6978048239,22.8384361267
2002.04.09,22.7821803086,22.8946847901,22.6696758270,22.6696758270
2002.04.10,23.0353133832,23.1759446557,22.9228089017,23.1196937561
2002.04.11,22.6978061126,22.7259329112,22.3884193748,22.4446716309
2002.04.12,22.4446651948,22.5009174347,22.3321607149,22.5009174347
2002.04.15,22.6415551977,22.6696819963,22.3321671187,22.4446716309
2002.04.16,22.8103040252,23.4853335851,22.8103040252,23.2040710449
2002.04.17,23.3447127820,23.4572173120,23.1478278427,23.2322082520
2002.04.18,23.4009560766,23.4853364583,23.2040738838,23.4290828705
2002.04.19,23.4290800834,23.4290800834,23.2321979140,23.4009532928
2002.04.22,23.6259636165,23.6822172009,23.4572082280,23.5415859222
2002.04.23,23.6540907294,23.8509729128,23.6540907294,23.7103443146
2002.04.24,23.7947216874,23.8509725894,23.4572082280,23.5415859222
2002.04.25,23.9072267149,24.0197312040,23.7665954331,23.8509731293
2002.04.26,23.8791071238,23.9072339251,23.6259712766,23.7384757996
2002.04.29,23.6822189634,23.8228502525,23.5978412628,23.5978412628
2002.04.30,23.6540980779,23.8228562035,23.5978471576,23.7384757996
2002.05.01,23.7384722767,23.9353571743,23.5978436556,23.9072303772
2002.05.02,23.8509747242,24.0759863996,23.7665970224,23.9634819031
2002.05.03,24.0478593475,24.1041102540,23.7665967680,23.9916057587
2002.05.06,23.7384757996,23.8228562035,23.7103516806,23.7384757996
2002.05.07,23.6540890434,23.6540890434,23.4009532928,23.4009532928
2002.05.08,23.8228483132,24.0478572845,23.7103438275,24.0478572845
2002.05.09,23.7947260002,23.8791037098,23.6540946960,23.6540946960
2002.05.10,23.7103457577,23.7947234582,23.5697144685,23.5978412628
2002.05.13,23.5978459612,23.9072327131,23.5415923615,23.8228549957
2002.05.14,23.7103504785,23.9072327131,23.5978459612,23.8228549957
2002.05.15,23.7665948113,23.9916037834,23.6540903252,23.7947216034
2002.05.16,24.1884899710,24.4697498605,24.1884899710,24.3853721619
2002.05.17,24.8072656584,25.3979149684,24.8072656584,24.9478969574
2002.05.20,25.0322730590,25.3697892279,24.9760221524,25.1166534424
2002.05.21,25.1729093790,25.3416674972,24.9479003430,25.0322780609
2002.05.22,25.3697853899,25.6229184549,25.3697853899,25.5666675568
2002.05.23,25.5385407666,25.6510452451,25.3697853899,25.5666675568
2002.05.24,25.6510492288,25.6510492288,25.4822938260,25.5104179382
2002.05.28,25.4822976153,25.5104217317,25.2291617910,25.3135395050
2002.05.29,25.1729040922,25.2010308863,25.1166531861,25.1447772980
2002.05.30,25.2010349923,25.4260440177,25.1729081935,25.3135395050
2002.05.31,25.2572892833,25.3979206136,25.1447847556,25.2010383606
2002.06.03,25.4260440177,25.6510530432,25.3135395050,25.3135395050
2002.06.04,24.8353906090,25.1729040922,24.7791397029,25.1447772980
2002.06.05,25.0322732145,25.1447777108,24.8916446059,25.0604000092
2002.06.06,24.8635214366,24.8916482354,24.3572497885,24.4416275024
2002.06.07,24.3572458850,24.7510129574,24.1322368958,24.6947593689
2002.06.10,24.5541320151,24.6103856126,24.3291229898,24.4416275024
2002.06.11,24.4978710475,24.5541219396,24.2166085401,24.3291130066
2002.06.12,24.0478657823,24.2166212293,23.8509808510,24.0759925842
2002.06.13,23.7384694569,23.7665962507,23.4853363597,23.6822185516
2002.06.14,23.2322006777,23.5134605699,23.0915693904,23.4290828705
2002.06.17,23.1759470899,23.4572096644,23.0915693904,23.4290828705
2002.06.18,23.1759446557,23.2884491373,23.0634401742,23.1196937561
2002.06.19,22.5290447778,22.6978001606,22.3321612626,22.3602867126
2002.06.20,22.7540594248,22.7821862231,22.5853013176,22.6134281158
2002.06.21,22.6134236715,22.6415504643,22.4165401459,22.4165401459
2002.06.24,22.6134189327,23.0353100060,22.5009144677,22.7821769714
2002.06.25,23.1759524622,23.2603328635,22.8384389039,22.8665657043
2002.06.26,22.5290470662,22.8946873425,22.5009202721,22.7259292603
2002.06.27,23.0915720992,23.2603302002,22.9509407954,23.2603302002
2002.06.28,23.7665952174,23.9916041934,23.5697130340,23.7103443146
2002.07.01,23.8509740500,23.8791008439,23.4290828705,23.4290828705
2002.07.02,23.7665935233,23.8790980033,23.3728291846,23.4009532928
2002.07.03,23.9916121784,24.1322435058,23.7947299295,24.0759925842
2002.07.05,24.1603675620,24.4697543012,24.1603675620,24.4416275024
2002.07.08,24.2728733543,24.4135046732,24.1884956360,24.1884956360
2002.07.09,24.6103811463,24.6385079400,24.3291185746,24.3853721619
2002.07.10,24.1322349782,24.3291171576,23.9634795909,24.0478572845
2002.07.11,23.7947258710,24.0759884777,23.6822213647,23.9072303772
2002.07.12,24.1041096303,24.1884900113,23.8228497404,23.9353542328
2002.07.15,23.7384684248,23.7665952174,23.1478191923,23.7103443146
2002.07.16,23.2884487340,23.6259621728,23.1196933558,23.2040710449
2002.07.17,23.5978408526,23.8509739498,23.5415872650,23.6822185516
2002.07.18,23.8791007436,23.9072275374,23.6540917578,23.6822185516
2002.07.19,23.4009576402,23.4572112318,23.0634441376,23.0634441376
2002.07.22,23.1478218426,23.4290844360,22.7259306350,23.0634441376
2002.07.23,23.1759524622,23.2040792627,22.8665657043,22.8665657043
2002.07.24,22.6415565315,23.5134658813,22.5853029309,23.5134658813
2002.07.25,22.6415521278,22.9228120289,22.4165417929,22.5852985382
2002.07.26,22.0790333304,22.2196646541,21.7977720242,21.9946556091
2002.07.29,22.1071516102,22.5852949760,22.1071516102,22.5571708679
2002.07.30,22.4446643161,22.5852942399,22.3040330512,22.4727897644
2002.07.31,22.0790356714,22.2759192772,21.9384056739,22.1071624756
2002.08.01,21.7977705656,21.9384018799,21.4883824788,21.5727615356
2002.08.02,21.8259001641,21.9384046935,21.7133942936,21.7977733612
2002.08.05,21.8540138798,21.9946451366,21.4883736852,21.5165004730
2002.08.06,21.4602544023,21.7696411102,21.4602544023,21.6290111542
2002.08.07,22.1634028723,22.3040327945,21.7415104236,22.1915283203
2002.08.08,21.9102743657,22.2196624424,21.8258966528,22.1634101868
2002.08.09,22.2759079981,22.5009169531,22.1634035206,22.3884124756
2002.08.12,22.1352801448,22.2477846397,22.0227756500,22.0227756500
2002.08.13,22.1352793618,22.1915316072,21.8821449280,21.8821449280
2002.08.14,22.3884132821,22.6977999357,22.2759088005,22.6696758270
2002.08.15,22.6415457195,22.8103010760,22.5009144677,22.7821769714
2002.08.16,22.5852951240,22.6415487051,22.4446651948,22.5009174347
2002.08.19,22.5009210502,22.5009210502,21.9383985604,22.2196598053
2002.08.20,21.9383987823,21.9383987823,21.6852629888,21.7133884430
2002.08.21,22.0509047753,22.1071570286,21.7133899140,21.9384002686
2002.08.22,22.0227716090,22.2759073465,21.9665193719,22.1915283203
2002.08.23,22.0227810692,22.1352855917,21.9384033479,21.9946556091
2002.08.26,22.5009172872,22.6696753471,22.3602860177,22.5571708679
2002.08.27,22.4446716309,22.5853016005,22.3884193748,22.4446716309
2002.08.28,22.1634069391,22.2759114340,21.9383979495,22.0227756500
2002.08.29,21.6852586356,21.8821421400,21.6852586356,21.8540153503
2002.08.30,21.9102680700,22.0790247884,21.8540158305,21.9665203094
2002.09.03,21.0102359802,21.1789940807,20.7571015119,20.8696060181
2002.09.04,20.6445936979,21.0102326139,20.5883414539,20.9821071625
2002.09.05,20.7852256382,20.8696046830,20.6445956850,20.7289733887
2002.09.06,20.7852259810,21.1227408247,20.7852259810,21.0946140289
2002.09.09,20.7852239457,21.1789910013,20.7570984938,21.0102329254
2002.09.10,21.0383582110,21.1789894838,20.8414746973,20.9258537292
2002.09.11,20.9539803699,21.1227384433,20.8977281258,20.9821071625
2002.09.12,20.9821096452,20.9821096452,20.7852260970,20.8414783478
2002.09.13,20.6164725376,20.6727247971,20.3914634998,20.4477157593
2002.09.16,20.3914602689,20.5602170206,20.1945767214,20.3070812225
2002.09.17,20.7852241355,20.8133509288,20.4758374562,20.6445941925
2002.09.18,20.9539875080,21.7415205346,20.9539875080,21.6008892059
2002.09.19,21.2071186799,21.4321276832,21.1789932251,21.1789932251
2002.09.20,20.7852215819,20.9539782975,20.6727171049,20.8977260590
2002.09.23,20.5602190947,20.6727236071,20.2227055574,20.3914623260
2002.09.24,20.1664481176,20.3352048428,20.0539436340,20.0539436340
2002.09.25,20.3070840005,20.4758421163,20.1383272258,20.3352108002
2002.09.26,20.5883434355,20.7852256382,20.5320911860,20.7289733887
2002.09.27,20.8414771621,20.9539816572,20.7008472138,20.7852249146
2002.09.30,20.5039658300,20.7852270973,20.3352090697,20.6164703369
2002.10.01,20.2227058538,20.8133552234,20.1945790547,20.7571029663
2002.10.02,20.2508263719,20.2789531642,19.8289352176,19.9133129120
2002.10.03,19.8289363438,19.9695662895,19.5476737701,19.7726840973
2002.10.04,19.8570635630,19.9695680661,19.5758023054,19.6883068085
2002.10.07,19.1257813786,19.2664113154,18.9288978577,18.9288978577
2002.10.08,19.1257870014,19.2945437798,18.7320198438,19.1820392609
2002.10.09,18.5913844146,18.6757621085,18.2819964075,18.4788799286
2002.10.10,18.6195115762,19.0695309026,18.5913861227,18.8445205688
2002.10.11,19.0132745291,19.4632924167,19.0132745291,19.2664089203
2002.10.14,19.1257823236,19.3226645131,19.0414032844,19.1539077759
2002.10.15,19.6039265259,20.0820713043,19.6039265259,20.0820713043
2002.10.16,19.5195528282,19.6320573472,19.3507960496,19.3789215088
2002.10.17,19.9695639587,19.9695639587,19.7445549989,19.8570594788
2002.10.18,19.6039276123,19.7445589106,19.5195499062,19.6039276123
2002.10.21,19.4351685707,19.8851878676,19.4351685707,19.8289356232
2002.10.22,18.9851561437,19.1257874664,18.7882725601,18.9570293427
2002.10.23,18.9851477405,19.2664089203,18.8726432686,19.2664089203
2002.10.24,19.0695352055,19.2382919881,18.9289038828,18.9570293427
2002.10.25,19.2101647302,19.3789215088,19.1539124707,19.3789215088
2002.10.28,19.5476782873,19.5758050877,19.3507960496,19.3789215088
2002.10.29,19.1257764102,19.4632897802,19.0695241819,19.3226585388
2002.10.30,19.5758023054,19.8008113115,19.5476755091,19.6883068085
2002.10.31,19.5195482601,19.5195482601,19.2664124809,19.4351692200
2002.11.01,19.6601804650,19.8008117676,19.5476759593,19.8008117676
2002.11.04,19.9695686730,20.1664522299,19.8289387105,19.8851909637
2002.11.05,20.1383213980,20.2789526735,20.0258169141,20.2508258820
2002.11.06,20.1383184824,20.3914542052,19.9695617810,20.2789497375
2002.11.07,20.0539429892,20.0539429892,19.7445549989,19.8570594788
2002.11.08,19.8008065893,19.8570588274,19.6039230854,19.6601753235
2002.11.11,19.6039250071,19.6039250071,19.1820338505,19.2101593018
2002.11.12,19.3507960496,19.5476782873,19.3507960496,19.3789215088
2002.11.13,19.0976518992,19.3507876274,19.0695264523,19.2382831573
2002.11.14,19.2664089203,19.3226611562,19.1820312369,19.2664089203
2002.11.15,19.2664129406,19.5476741791,19.1539084452,19.5476741791
2002.11.18,19.1820397272,19.1820397272,18.8726516220,18.9570293427
2002.11.19,18.7320163328,18.8163953768,18.6476386300,18.6757640839
2002.11.20,18.7601420558,19.1539077759,18.7601420558,19.1539077759
2002.11.21,19.2664098834,19.5476710773,19.2664098834,19.4914188385
2002.11.22,19.3507915210,19.5195482601,19.3507915210,19.4351692200
2002.11.25,19.5476759593,19.8570640204,19.4914237065,19.8008117676
2002.11.26,19.6883054689,19.7726845110,19.5195487258,19.5476741791
2002.11.27,19.9695672204,20.0820717186,19.8851895172,19.9976940155
2002.11.29,20.0258221317,20.2227057004,20.0258221317,20.1383266449
2002.12.02,20.1383250087,20.1383250087,19.8008114964,19.9695682526
2002.12.03,19.8008095500,19.8851885903,19.7164318508,19.7726840973
2002.12.04,19.3226663173,19.6039275722,19.2945408624,19.4070453644
2002.12.05,19.4632950686,19.4632950686,19.1539070581,19.2101593018
2002.12.06,19.2945437901,19.3789215088,19.2101647302,19.3789215088
2002.12.09,19.3226645131,19.3789167588,19.0976555302,19.1539077759
2002.12.10,19.3226639494,19.4070429861,19.1820340098,19.2945384979
2002.12.11,19.1539124605,19.2382915203,19.0976602011,19.1820392609
2002.12.12,19.1820312369,19.4070401808,19.1820312369,19.2664089203
2002.12.13,19.0132778321,19.2101600216,18.9851510387,19.1539077759
2002.12.16,19.1820312369,19.3507879448,19.0976522124,19.2664089203
2002.12.17,19.2945425957,19.3507948518,19.0695335716,19.1257858276
2002.12.18,18.7601454703,18.7882709277,18.5913887024,18.5913887024
2002.12.19,18.9570259447,19.0132795366,18.7882691924,18.8726482391
2002.12.20,18.8726488399,19.0976578501,18.8726488399,19.0695323944
2002.12.23,19.0695284154,19.1257806562,18.9007703517,18.9851493835
2002.12.24,19.1257858276,19.2382903397,19.0976590290,19.1257858276
2002.12.26,19.3789185683,19.5476753213,19.3507931134,19.4070453644
2002.12.27,19.4914152238,19.4914152238,19.2101540821,19.3226585388
2002.12.30,19.5195450861,19.6601750086,19.4351660598,19.6320495605
2002.12.31,19.5195487258,19.6320532212,19.5195487258,19.5476741791
2003.01.02,19.6883039387,19.9695651553,19.6883039387,19.9133129120
2003.01.03,19.8289387105,19.9414432170,19.6883074069,19.8851909637
2003.01.06,20.1101959476,20.3352049155,19.9133124302,20.2508258820
2003.01.07,19.7445589106,19.8289379578,19.5758021573,19.6039276123
2003.01.08,19.2664109902,19.4351677162,19.1820332978,19.3507900238
2003.01.09,19.4914186092,19.6883021131,19.4914186092,19.6601753235
2003.01.10,19.5195510520,19.6320555608,19.3789197454,19.4632987976
2003.01.13,19.6320555608,19.6320555608,19.4632987976,19.4632987976
2003.01.14,19.7164311342,19.9133133193,19.6883043414,19.8289356232
2003.01.15,19.9695672204,20.0258194695,19.8570627221,19.9976940155
2003.01.16,20.0539519930,20.1945819855,19.9414474626,20.1945819855
2003.01.17,20.0539458509,20.1664503469,19.9976936029,20.0820713043
2003.01.21,20.0539542141,20.1664587570,19.9133228650,20.0258274078
2003.01.22,19.9695682526,20.0539473012,19.8289382930,19.9695682526
2003.01.23,20.3352100698,20.4477145823,20.2508310149,20.3914623260
2003.01.24,20.1664534438,20.3070834147,20.0258221317,20.1383266449
2003.01.27,19.6883060849,19.8570628333,19.6039270401,19.7445583344
2003.01.28,19.5757976369,19.8008065893,19.4914186092,19.6601753235
2003.01.29,19.4351737683,19.4633005686,19.2664169898,19.3789215088
2003.01.30,19.2382891521,19.2382891521,19.0695323944,19.0695323944
2003.01.31,18.9288983281,19.0414028168,18.8726460837,19.0414028168
2003.02.03,19.2664117053,19.3507907420,19.1820340098,19.2945384979
2003.02.04,19.1820286386,19.3226585388,18.9851451688,19.3226585388
2003.02.05,19.5758021173,19.6601798232,19.4070453644,19.4070453644
2003.02.06,19.3789133922,19.4914178641,19.2382834729,19.2664089203
2003.02.07,19.3226680532,19.3789203092,19.1257858276,19.1257858276
2003.02.10,19.1257858276,19.2664157971,19.0695335716,19.1257858276
2003.02.11,19.2664089203,19.3507879448,19.1539044484,19.2664089203
2003.02.12,19.3789215088,19.5195528282,19.3507960496,19.3789215088
2003.02.13,19.4632964781,19.5476741791,19.2664129406,19.5476741791
2003.02.14,19.4351702918,19.7726851297,19.4351702918,19.7445583344
2003.02.18,19.9414417664,20.0539462646,19.8289372681,19.9976940155
2003.02.19,19.7726811409,19.8008065893,19.6601753235,19.6601753235
2003.02.20,19.8570588274,19.8570588274,19.6320498750,19.6601753235
2003.02.21,19.4070455509,19.6883068085,19.3789187545,19.6883068085
2003.02.24,19.6039227714,19.7164285869,19.4914182970,19.6320495605
2003.02.25,19.1257810558,19.4070422658,19.1257810558,19.3507900238
2003.02.26,19.1820338505,19.2945383378,19.1539070581,19.2101593018
2003.02.27,19.2664117053,19.4070429861,19.2101594612,19.2945384979
2003.02.28,19.2382831573,19.2664086043,19.1257786873,19.2382831573
2003.03.03,19.2945330952,19.4070375519,19.2382808669,19.3226585388
2003.03.04,19.3789130744,19.3789130744,19.1539041342,19.2382831573
2003.03.05,19.2664115454,19.2945383378,19.1820338505,19.2101593018
2003.03.06,19.0414005948,19.0695273843,18.9851483570,19.0132751465
2003.03.07,18.6195108075,18.7320152991,18.4788808634,18.7038898468
2003.03.10,18.2819995880,18.4226308905,18.1694950825,18.2819995880
2003.03.11,18.1694972699,18.1976227291,18.0288659505,18.1132450104
2003.03.12,18.2538720675,18.3382511139,18.1694943622,18.3382511139
2003.03.13,18.2538738254,18.6476409584,18.2538738254,18.5913887024
2003.03.14,18.3945033644,18.4226301603,18.2538720675,18.3382511139
2003.03.17,17.9444839505,18.5632586579,17.9444839505,18.4507541656
2003.03.18,18.1413655220,18.2538700104,18.1132400704,18.2538700104
2003.03.19,18.3382513830,18.3945036344,18.1132423775,18.1694946289
2003.03.20,18.3382520188,18.6476400827,18.3382520188,18.5632610321
2003.03.21,18.7038914868,19.5476752484,18.5632601893,18.8726482391
2003.03.24,18.8726526623,18.9289049262,18.6476436064,18.7320213318
2003.03.25,18.5632571411,18.8445183487,18.4507526580,18.8163928986
2003.03.26,18.8445248209,18.9851561437,18.7882725601,18.9570293427
2003.03.27,18.9851545170,18.9851545170,18.7601454929,18.7882709503
2003.03.28,18.6757664383,18.8726500049,18.6195141822,18.7882709503
2003.03.31,18.0007378748,18.3382513830,18.0007378748,18.1694946289
2003.04.01,18.3945007324,18.5351320093,18.2257440049,18.3945007324
2003.04.02,18.6195106506,18.7038896893,18.5913851985,18.6195106506
2003.04.03,18.3945048272,18.3945048272,18.1694958071,18.2257480621
2003.04.04,18.4226308905,18.4226308905,18.1694950825,18.2819995880
2003.04.07,18.5632588145,18.8163945948,18.4788811152,18.5351333618
2003.04.08,18.3382525722,18.3663793703,18.2257480621,18.2257480621
2003.04.09,18.3663765649,18.3663765649,18.1694930319,18.1976184845
2003.04.10,18.1694922505,18.1694922505,18.0007355184,18.0569877625
2003.04.11,17.8601012097,17.8601012097,17.6350922718,17.7475967407
2003.04.14,17.4663397285,17.7194755145,17.4663397285,17.6632232666
2003.04.15,17.8601038506,17.8601038506,17.6913471222,17.6913471222
2003.04.16,17.8038498591,17.8601020963,17.6350931473,17.7757244110
2003.04.17,17.8038563396,18.0007399123,17.8038563396,17.9163608551
2003.04.21,18.0007362366,18.0288616891,17.8882317441,18.0007362366
2003.04.22,17.7194750053,18.0007362366,17.6350959653,18.0007362366
2003.04.23,17.8601082932,17.9444873489,17.8038560364,17.8882350922
2003.04.24,17.8601020963,17.8601020963,17.7194721737,17.7757244110
2003.04.25,17.5225928527,17.6069718993,17.4382138061,17.5507183075
2003.04.28,17.4663347684,17.6350914640,17.4100825365,17.6069660187
2003.04.29,17.4944636018,17.7757261570,17.4944636018,17.6913471222
2003.04.30,18.0007346421,18.1132391247,17.8882301596,18.0288600922
2003.05.01,18.0569918822,18.1694963959,17.9726128264,18.0851173401
2003.05.02,18.2819964075,18.5351321716,18.2257441645,18.4788799286
2003.05.05,18.4788807078,18.6757628960,18.4507539145,18.6195106506
2003.05.06,18.8726516220,19.0414084045,18.7882725601,18.9570293427
2003.05.07,18.9851517543,19.0976562500,18.9007727120,19.0976562500
2003.05.08,18.8163928986,18.9570228318,18.7601406570,18.8163928986
2003.05.09,18.9570215675,19.0976528326,18.9288961192,19.0132751465
2003.05.12,19.2664086043,19.2664086043,19.0413996642,19.2382831573
2003.05.13,19.2101600216,19.2664122673,19.0976555302,19.1539077759
2003.05.14,19.4070401808,19.4070401808,19.1820312369,19.2664089203
2003.05.15,19.0976562500,19.1820352924,19.0132785488,19.0976562500
2003.05.16,18.9851533450,19.0976578501,18.9289010924,19.0695323944
2003.05.19,18.8163945948,18.8163945948,18.4507543213,18.5351333618
2003.05.20,18.5913903122,18.8445248154,18.5913903122,18.7601470947
2003.05.21,18.5351364464,18.6476409584,18.4788841905,18.5913887024
2003.05.22,18.6757620938,18.9570233086,18.6757620938,18.9288978577
2003.05.23,19.0695335716,19.2101635411,19.0132813156,19.1257858276
2003.05.27,18.9289010924,19.0976578501,18.7882697904,19.0695323944
2003.05.28,18.9851511343,19.0132779279,18.8445198487,18.9007720947
2003.05.29,19.0695284154,19.1820328970,18.9570225926,18.9851493835
2003.05.30,19.2101607457,19.2382875402,19.0414040022,19.0976562500
2003.06.02,19.6320519624,19.6601774139,19.2945384979,19.2945384979
2003.06.03,19.4632987976,19.4914242542,19.2664152366,19.4632987976
2003.06.04,19.4070406117,19.6883017978,19.4070406117,19.6320495605
2003.06.05,19.8008095500,19.8289363438,19.6039260166,19.7726840973
2003.06.06,20.0258209262,20.1101999767,19.8008119133,19.8851909637
2003.06.09,19.9695651553,20.0539441909,19.8289352176,19.9133129120
2003.06.10,20.1664503469,20.1664503469,19.9976936029,20.0820713043
2003.06.11,20.2508262046,20.4195842743,20.1101962680,20.4195842743
2003.06.12,20.1945787587,20.4195891247,20.1945787587,20.3914623260
2003.06.13,20.3070797254,20.4195855593,20.1664497800,20.2227020264
2003.06.16,20.1664452699,20.3633274177,20.1101930361,20.2789497375
2003.06.17,20.5039612500,20.5320880411,20.3914567683,20.4758358002
2003.06.18,20.5320926273,20.6445971342,20.3633345258,20.6164703369
2003.06.19,20.5602202782,20.5883470785,20.4195903001,20.4477157593
2003.06.20,20.4477105063,20.6164672413,20.3914582613,20.5602149963
2003.06.23,20.7289733887,20.8414778877,20.6445956850,20.7289733887
2003.06.24,20.3914602689,20.4195870648,20.2227035173,20.3070812225
2003.06.25,20.4758385373,20.5602162393,20.1664505005,20.1664505005
2003.06.26,20.1664533012,20.5039668385,20.1664533012,20.3914623260
2003.06.27,20.4195901633,20.6445991997,20.3352111042,20.3633365631
2003.06.30,20.4758425596,20.5320948190,20.3633366995,20.4477157593
2003.07.01,20.5883414539,20.9821071625,20.5883414539,20.9821071625
2003.07.02,21.5727576707,22.0790278974,21.3758741342,22.0227756500
2003.07.03,21.6008897642,22.0227824200,21.6008897642,21.7977733612
2003.07.07,22.6415530454,25.1166547596,22.5009217480,22.8103084564
2003.07.08,22.6415457195,22.7821769714,22.5852921459,22.7821769714
2003.07.09,22.7540560544,22.7821828484,22.5852979721,22.7259292603
2003.07.10,22.2759079981,22.5009169531,22.2477812082,22.3884124756
2003.07.11,21.9665185751,22.1352752803,21.8821408931,22.0508975983
2003.07.14,22.4446680726,22.5290471139,22.2477845370,22.2759113312
2003.07.15,22.4165446666,22.4446714650,22.0790311327,22.1634101868
2003.07.16,22.0790264793,22.0790264793,21.6290085289,21.6852607727
2003.07.17,21.2914946123,21.4039990975,21.0946110926,21.1227378845
2003.07.18,21.3758778252,21.5165091386,21.2633733110,21.4883823395
2003.07.21,21.3477495591,21.4321272631,21.1508660145,21.2633705139
2003.07.22,21.2633766631,21.4602602646,21.2071243971,21.3758811951
2003.07.23,21.5727549340,21.6008803836,21.3758714225,21.5446281433
2003.07.24,21.6571391109,21.6852659100,21.4602568815,21.4883823395
2003.07.25,21.7977658893,21.9102703801,21.5165046622,21.8821449280
2003.07.28,22.0509047753,22.0509047753,21.8540212179,21.9384002686
2003.07.29,21.8540166183,21.9383956512,21.6290076522,21.6571331024
2003.07.30,21.3758757430,21.3758757430,21.1508667364,21.2071189880
2003.07.31,21.5165125306,21.5165125306,21.2915034667,21.3758811951
2003.08.01,21.1789901271,21.2352423697,21.0383588500,21.1227378845
2003.08.04,20.9821074735,21.0664851703,20.7852239457,21.0102329254
2003.08.05,21.0102374524,21.0102374524,20.6727239102,20.7571029663
2003.08.06,20.6445961408,20.8977305985,20.6445961408,20.8414783478
2003.08.07,20.7008471121,21.0383605957,20.7008471121,21.0383605957
2003.08.08,20.9258552286,21.0664851703,20.8696029837,21.0102329254
2003.08.11,21.3758811951,21.5165125306,21.3196289291,21.3758811951
2003.08.12,21.4883823395,21.5727613957,21.3758778252,21.4883823395
2003.08.13,21.7977652603,21.7977652603,21.6008817364,21.6852607727
2003.08.14,21.9102761175,22.1352851581,21.8258983978,22.0790328979
2003.08.15,22.2196624424,22.4727969223,22.0790311327,22.1634101868
2003.08.18,22.3602860177,22.5571708679,22.3040337781,22.5571708679
2003.08.19,22.7540569764,22.9790659737,22.6415524778,22.9509391785
2003.08.20,23.0071927689,23.1478213805,22.8665614751,22.9509391785
2003.08.21,23.4009594376,23.4572130335,23.2322040145,23.3165817261
2003.08.22,23.5415844837,23.5978380647,23.1478174640,23.2040710449
2003.08.25,23.1759499387,23.2040767360,22.8103096197,23.0071945190
2003.08.26,23.0071902159,23.3447036743,23.0071902159,23.3447036743
2003.08.27,23.1478236206,23.3447085240,23.1196995050,23.3165817261
2003.08.28,23.2322007774,23.2322007774,22.9790649957,23.1759471893
2003.08.29,23.5415858545,23.5415858545,23.3165768822,23.3447036743
2003.09.02,24.1322322176,24.4697456360,23.9353500607,24.4697456360
2003.09.03,24.4978866577,24.6666448061,24.4416330475,24.4978866577
2003.09.04,24.1322420355,24.3291242725,24.0759911174,24.1884956360
2003.09.05,24.1041155618,24.1603691630,23.7666020015,23.8791065216
2003.09.08,24.1041082544,24.3009931166,24.0759841446,24.2447395325
2003.09.09,24.6103768976,24.6666304751,24.3572411632,24.4697456360
2003.09.10,24.4697570821,24.4697570821,24.0759925842,24.0759925842
2003.09.11,23.9353542891,24.1884900682,23.8228497964,24.1322364807
2003.09.12,24.3572553144,24.4978866577,24.1884998483,24.4978866577
2003.09.15,24.4697489798,24.4978757724,24.3291176990,24.3572444916
2003.09.16,25.2291580394,25.5947983220,25.0041490474,25.5104179382
2003.09.17,25.2572784424,25.4541632932,25.1447739629,25.2572784424
2003.09.18,25.7354276988,25.8760589936,25.5666722910,25.7916812897
2003.09.19,25.6229303638,25.6510571671,25.4260481055,25.4823017120
2003.09.22,25.0322780609,25.2854138971,24.9479003430,25.0322780609
2003.09.23,25.3416609832,25.3416609832,25.0603984193,25.2291564941
2003.09.24,25.3135397970,25.3979175119,24.8072681427,24.8072681427
2003.09.25,24.8635214366,24.8916482354,24.4416275024,24.4416275024
2003.09.26,24.6947564336,24.7510100154,24.5822519523,24.7228832245
2003.09.29,24.6666379048,25.0041514249,24.6103843103,24.9760246277
2003.09.30,25.0885199836,25.0885199836,24.4697440813,24.6385021210
2003.10.01,25.0885205962,25.7072965136,25.0885205962,25.6510429382
2003.10.02,25.9604332557,26.2135690163,25.8760555630,26.1573181152
2003.10.03,26.5792139360,26.7198452369,26.5229630251,26.6354675293
2003.10.06,26.3542017089,26.4948329926,26.2135704252,26.4948329926
2003.10.07,26.4385752053,26.6073332554,26.2979466263,26.5792064667
2003.10.08,26.1573191451,26.1854459379,25.9885610706,26.1291923523
2003.10.09,26.4385774281,26.5510819102,26.2698220462,26.2979488373
2003.10.10,26.5792074315,26.8604699644,26.5792074315,26.8042163849
2003.10.13,26.8604780592,27.1698647928,26.8604780592,26.9167289734
2003.10.14,26.9729822711,27.2542422034,26.8604777618,27.2261180878
2003.10.15,27.0854870552,27.0854870552,26.6917199273,26.7198467255
2003.10.16,26.9729738961,27.0573515814,26.8323426325,26.9448471069
2003.10.17,27.0011030011,27.0292271104,26.8604717255,26.8604717255
2003.10.20,27.0292346377,27.1417391531,27.0011105206,27.1136150360
2003.10.21,27.0573597244,27.2542419434,26.9729820138,27.2542419434
2003.10.22,26.6073380501,26.8604738297,26.2979513652,26.3542022705
2003.10.23,25.3979213022,25.6229303638,24.1884982665,25.4823017120
2003.10.24,25.5104173178,25.6510486050,25.2572815374,25.4541664124
2003.10.27,25.9885611604,26.0448147462,25.8479298782,25.8760566711
2003.10.28,26.2135667948,26.4667025339,26.1573158985,26.4385757446
2003.10.29,26.6354629866,26.7198406798,26.4948317097,26.5510826111
2003.10.30,26.6635883871,26.6917151803,26.3823285021,26.4948329926
2003.10.31,25.9323202419,26.1292025033,25.8760666344,25.9885711670
2003.11.03,26.2417087555,26.2698355611,25.9604460645,26.2417087555
2003.11.04,26.4667094318,26.6917184403,26.4667094318,26.6354675293
2003.11.05,26.3542027347,26.5229608182,26.2416982399,26.4667072296
2003.11.06,25.8198080851,25.9041857890,25.7073035857,25.7916812897
2003.11.07,26.1010736135,26.3823362636,25.9885690899,26.0448226929
2003.11.10,26.0729389845,26.1854434628,25.7916764478,25.8198032379
2003.11.11,25.3979206136,25.5385519439,25.2010383606,25.2010383606
2003.11.12,25.2572849326,25.7354297638,25.2572849326,25.7354297638
2003.11.13,25.8760610699,25.8760610699,25.6510520531,25.7354297638
2003.11.14,25.4541654724,25.6510476577,25.0885252122,25.2291564941
2003.11.17,24.6385036864,24.6385036864,24.2728634791,24.4697456360
2003.11.18,24.7228847488,24.7510115414,24.3291176990,24.3572444916
2003.11.19,24.0478557911,24.4697469156,24.0478557911,24.4134960175
2003.11.20,24.2166197539,24.4697555913,24.1322420355,24.1884956360
2003.11.21,24.5541320151,24.5541320151,24.2728720746,24.4416275024
2003.11.24,24.6103834491,24.9478969574,24.5541298566,24.9478969574
2003.11.25,24.7791419607,25.0041509700,24.6103838625,24.8635196686
2003.11.26,25.0603998534,25.2291579379,24.8916444513,25.1166534424
2003.11.28,25.2572892833,25.5104251414,24.9479025025,25.2010383606
2003.12.01,25.4822900276,26.0166856334,25.3416587580,25.9604320526
2003.12.02,25.6510520531,26.1573236820,25.6510520531,25.7354297638
2003.12.03,26.0729452211,26.2698274345,25.8760603253,25.9323139191
2003.12.04,26.0166979707,26.2698338396,25.8479398307,25.9885711670
2003.12.05,25.9885634930,25.9885634930,25.7354276988,25.7916812897
2003.12.08,25.6510457251,25.7072993066,25.4541635546,25.6791725159
2003.12.09,25.6510487611,25.7635532550,25.3135352792,25.3979129791
2003.12.10,25.1447809245,25.2010345210,24.8916477873,25.0041522980
2003.12.11,24.9197682093,25.5104174731,24.9197682093,25.3979129791
2003.12.12,25.5385412445,25.7072993066,25.3416590740,25.6791725159
2003.12.15,26.0166921818,26.1010698919,25.5948009491,25.5948009491
2003.12.16,25.5947990864,25.8760589936,25.5104187001,25.7916812897
2003.12.17,25.3135357408,25.5666715274,25.3135357408,25.5104179382
2003.12.18,25.5104172745,25.9041843414,25.5104172745,25.9041843414
2003.12.19,25.8479321982,25.8760589936,25.6229231995,25.7916812897
2003.12.22,25.9660966269,26.1348915100,25.8535675992,26.1348915100
2003.12.23,26.1630237250,26.3036856765,26.1348907981,26.2755527496
2003.12.24,26.0223629378,26.1348919675,25.8817009799,25.9098339081
2003.12.26,26.2755556299,26.5006137039,26.2192897699,26.4724807739
2003.12.29,26.3599456211,26.6975326538,26.3599456211,26.6975326538
2003.12.30,26.8382012550,27.0632593328,26.7819380771,27.0069961548
2003.12.31,27.0069987670,27.2039239334,26.8944697173,27.1195278168
2004.01.02,27.2601799862,27.5696368042,27.1195207230,27.2883129120
2004.01.05,27.7384269511,27.9634849752,27.6821637866,27.8509559631
2004.01.06,27.5977745056,27.6540376841,27.4008466738,27.5977745056
2004.01.07,27.3164461050,27.4008422004,27.0913880622,27.3727092743
2004.01.08,27.4289796045,27.6540376841,27.4289796045,27.5977745056
2004.01.09,27.1476512315,27.6540331693,27.1476512315,27.3727092743
2004.01.12,27.4289867357,27.5977816807,27.3445906046,27.5696487427
2004.01.13,27.4008464956,27.4289794261,27.0351264480,27.1476554871
2004.01.14,27.4571087208,27.4852416476,27.2883138431,27.3445796967
2004.01.15,27.1476554871,27.3164503871,27.0069962004,27.1476554871
2004.01.16,27.3727208597,27.5977816807,27.3164576666,27.5696487427
2004.01.20,27.5977709550,27.7384302244,27.5133721738,27.6821670532
2004.01.21,27.6540326870,27.7665617065,27.4571075737,27.7102985382
2004.01.22,27.9634940195,28.0197598851,27.8228347211,27.9353637695
2004.01.23,27.9634892049,28.0478879888,27.4008440597,27.4852428436
2004.01.26,27.7103056727,28.9762581381,27.5977766243,27.9353637695
2004.01.27,27.8228355061,27.8228355061,27.5133786020,27.5415115356
2004.01.28,27.4852452407,27.6540374575,27.0069961548,27.0069961548
2004.01.29,27.3727140303,27.4571128232,26.7819385775,27.1757888794
2004.01.30,27.1757888794,27.4571128232,27.0351269075,27.1757888794
2004.02.02,27.2883138431,27.4852416476,27.1757848190,27.3445796967
2004.02.03,27.2039203644,27.2601835404,27.1195242589,27.2039203644
2004.02.04,26.6412778033,26.6975409849,26.3880867791,26.4162197113
2004.02.05,26.6694087982,26.8382037134,26.6412785481,26.6694087982
2004.02.06,26.7538141458,27.0351354961,26.6975482660,26.9788722992
2004.02.09,26.5287494989,26.7538075973,26.5287494989,26.6694087982
2004.02.10,26.8382024441,26.9225985563,26.7256734003,26.8944683075
2004.02.11,26.7256776614,27.1195307191,26.7256776614,27.0632648468
2004.02.12,26.8663301683,26.9225933378,26.7819340725,26.8100643158
2004.02.13,27.0632593328,27.2320542325,26.8944671159,27.0069961548
2004.02.17,27.3445861227,27.5696442239,27.3445861227,27.4571151733
2004.02.18,27.3727140303,27.4289798923,27.0351269075,27.1757888794
2004.02.19,27.3445888427,27.3727190960,27.0632648468,27.0632648468
2004.02.20,27.0070000196,27.0913961401,26.4724849964,26.7538089752
2004.02.23,27.0913947074,27.1195276404,26.8663366094,26.9225997925
2004.02.24,26.5568837684,26.6694128346,26.5006205767,26.6131496429
2004.02.25,26.5287494659,26.6412785150,26.3599545510,26.5287494659
2004.02.26,26.5568766168,26.6694056527,26.4443475809,26.6412754059
2004.02.27,27.1476552207,27.3164501190,27.1476552207,27.3164501190
2004.03.01,27.9353576023,28.1604156494,27.8228285787,28.1604156494
2004.03.02,27.9916178989,28.0197508226,27.7665598748,27.8509559631
2004.03.03,27.6540381884,27.8228330926,27.5133762154,27.7665672302
2004.03.04,27.7384287809,27.8790907259,27.7102985382,27.7102985382
2004.03.05,27.6259000283,27.9634870899,27.6259000283,27.7946949005
2004.03.08,27.7384287809,27.8228275577,27.5977695188,27.7102985382
2004.03.09,27.9634882750,27.9634882750,27.6259011991,27.6821670532
2004.03.10,27.7665568647,27.8228227061,27.4008369446,27.4008369446
2004.03.11,27.2883138041,27.4289757548,26.8381977081,26.8381977081
2004.03.12,27.0913833316,27.4571032581,27.0632504105,27.4289703369
2004.03.15,27.5977700000,27.6540331693,27.2601802529,27.3727092743
2004.03.16,27.8509716747,27.8791046143,27.6821794029,27.8791046143
2004.03.17,28.5824090698,28.9481291983,28.5824090698,28.9199962616
2004.03.18,28.8074633613,29.2294493071,28.7512001783,29.1731834412
2004.03.19,28.8918641563,28.8918641563,28.5824072382,28.6668033600
2004.03.22,28.3292095571,28.4698715158,28.1322844247,28.2166805267
2004.03.23,28.8355968295,28.8637297630,28.5261426099,28.6949348450
2004.03.24,29.0887884813,29.4545085756,28.8918633085,29.3138465881
2004.03.25,29.8202306578,30.2140810296,29.7639647859,30.1578178406
2004.03.26,30.2422061120,30.5797932071,30.1578100090,30.4672641754
2004.03.29,30.4391326807,30.8048527217,30.4391326807,30.6923236847
2004.03.30,30.2422120056,30.4672701129,30.1578158861,30.4110069275
2004.03.31,30.8048519988,30.8892481038,30.4953978250,30.5797939301
2004.04.01,30.7767193218,31.0299103219,30.6360600399,30.9173812866
2004.04.02,31.0861856861,31.3393767636,31.0299198098,31.1705818176
2004.04.05,30.9736478521,31.3112349657,30.9736478521,31.2831020355
2004.04.06,30.9173751407,31.1705660905,30.8611119757,31.1424331665
2004.04.07,31.0299066937,31.1424357158,30.8048486494,30.8611145020
2004.04.08,31.0017771656,31.1143061903,30.5797913107,30.7204532623
2004.04.12,31.0017697233,31.5081488716,31.0017697233,31.3674869537
2004.04.13,31.2549749399,31.2831078754,30.6641967102,30.7767257690
2004.04.14,30.1296732741,30.4672603265,30.0452771817,30.2140693665
2004.04.15,29.9608759110,30.1859339272,29.6795547321,29.7920837402
2004.04.16,29.8764931783,30.2984791595,29.7920970552,30.1859474182
2004.04.19,29.5107662614,29.7076940803,29.4826333325,29.6514282227
2004.04.20,30.3547370250,30.4391331332,29.8202247620,29.8202247620
2004.04.21,29.8764931570,30.0734183383,29.7639640987,30.0452880859
2004.04.22,29.8483622739,30.3828773499,29.7639661450,30.3828773499
2004.04.23,30.1578171658,30.2140803535,29.8202299906,30.1859474182
2004.04.26,30.3828759624,30.4391391514,30.1015519687,30.1578178406
2004.04.27,29.8202212113,30.1015424331,29.7920882843,29.9046173096
2004.04.28,29.6514379160,29.7358340472,28.9762635006,29.0043964386
2004.04.29,29.0606582622,29.2013202629,28.6386749432,28.9199962616
2004.04.30,28.7511906066,28.8355866945,28.4417338128,28.5261325836
2004.05.03,28.4698738900,28.7793280786,28.4136107116,28.4980068207
2004.05.04,28.9199948113,29.1450529279,28.7230696300,28.9481277466
2004.05.05,29.2575659620,29.4544937183,29.1450369653,29.3419647217
2004.05.06,28.4698698141,28.5542659111,28.1322827431,28.4136066437
2004.05.07,27.7665739428,27.9916320808,27.5133828667,27.5696487427
2004.05.10,25.9098317329,26.1630226992,25.5722446721,25.8254356384
2004.05.11,26.1911607050,26.3599529266,26.1067619112,26.3599529266
2004.05.12,26.6412756612,26.8100678752,26.1911595133,26.7256717682
2004.05.13,26.0504944372,26.3318156546,25.9379654136,26.1911563873
2004.05.14,26.0223607532,26.1067568476,25.7410368611,25.8254356384
2004.05.17,25.3471925839,25.3753255163,24.9814725114,25.1502647400
2004.05.18,25.7129116474,25.8817038694,25.7129116474,25.8535709381
2004.05.19,26.6412756709,27.0069957119,26.4443478439,26.4724807739
2004.05.20,26.6131424762,26.6975385824,26.1067604732,26.6412754059
2004.05.21,27.2320506532,27.2601808970,26.8944635810,27.0913887024
2004.05.24,27.5696469663,27.5696469663,26.9226028488,27.0632648468
2004.05.25,26.8663413905,27.6540448737,26.8100755145,27.5696487427
2004.05.26,27.5133712218,27.5415041479,27.3727092743,27.3727092743
2004.05.27,27.6540464633,28.0478995690,27.6540464633,27.8791046143
2004.05.28,28.0478895033,28.2729475736,27.8790946092,28.1041526794
2004.06.01,28.0760230679,28.2448179820,27.7384359226,27.9353637695
2004.06.02,28.1041531418,28.1885519317,27.8509621379,28.1322860718
2004.06.03,27.3164501190,27.6259043026,27.3164501190,27.3164501190
2004.06.04,27.6821761339,27.7103090702,27.4852509458,27.6540431976
2004.06.07,28.3292149993,28.7793312073,28.3292149993,28.7793312073
2004.06.08,28.4136149945,28.7793324167,28.4136149945,28.6668033600
2004.06.09,28.6949309954,28.6949309954,28.0197567798,28.0478897095
2004.06.10,28.7793312073,28.8918629422,28.6386719045,28.7793312073
2004.06.14,28.1322856089,28.2729475736,27.9353604682,28.1041526794
2004.06.15,28.6105356376,28.9481227543,28.4698736682,28.8074607849
2004.06.16,28.6668021553,28.8355970747,28.5824060370,28.7793312073
2004.06.17,28.7512016296,28.8355977499,28.6105396406,28.7512016296
2004.06.18,28.6386725750,28.9199938701,28.6105396406,28.7512016296
2004.06.21,29.0887787105,29.1731748014,28.8918536038,28.9762496948
2004.06.22,28.9199921654,29.0887870789,28.7230670021,29.0887870789
2004.06.23,28.9481201262,29.4263691688,28.7793252417,29.2013111115
2004.06.24,29.3982388682,29.7358259843,29.3982388682,29.5670337677
2004.06.25,29.4545047290,29.7639589148,29.4263717986,29.5670337677
2004.06.28,29.8764903802,29.9046233129,29.5670361693,29.7358283997
2004.06.29,29.6232993518,29.8483574475,29.5670361693,29.7358283997
2004.06.30,29.6795587968,29.8764839172,29.4263678231,29.8764839172
2004.07.01,29.5951556349,29.7358148686,29.2856988819,29.3419647217
2004.07.02,29.1450505082,29.3419783560,29.0043912092,29.1731834412
2004.07.06,28.1885502813,28.4698715158,28.1322844247,28.2166805267
2004.07.07,28.4698696136,28.6949276594,28.4136064437,28.4698696136
2004.07.08,28.2448196918,28.3292158125,27.9916286469,27.9916286469
2004.07.09,28.5261426099,28.8355968295,28.4980096764,28.6949348450
2004.07.12,28.8918535652,28.9481167315,28.1322806986,28.7230587006
2004.07.13,28.9199935597,29.3701097734,28.6668025188,29.3138465881
2004.07.14,28.5261328572,28.8355869711,28.4979999334,28.6105289459
2004.07.15,28.4698729162,28.5261387756,28.2729477740,28.3010807037
2004.07.16,28.5823986365,28.6949276594,28.3573405908,28.4698696136
2004.07.19,28.6386671337,28.6949303089,28.3573432091,28.5824012756
2004.07.20,28.4417421278,28.7793292610,28.3854789470,28.6386699677
2004.07.21,28.5542736758,28.6386724787,27.8509664160,27.9072322845
2004.07.22,28.1041514964,28.2729463834,27.7103012315,28.2166805267
2004.07.23,27.7947025725,27.9634948084,27.4852483513,27.5415115356
2004.07.26,29.0325153568,29.3138392615,27.3727102215,27.6821670532
2004.07.27,27.4852509458,27.7384393236,27.2601901384,27.6540431976
2004.07.28,27.4852481067,27.5977771573,27.1476582720,27.4571151733
2004.07.29,27.2039170836,27.5133712218,27.1757841576,27.3727092743
2004.07.30,27.6259011991,27.7665631515,27.5133721738,27.6821670532
2004.08.02,27.4571057625,27.9072218106,27.4571057625,27.8509559631
2004.08.03,27.6540351039,27.8228299893,27.5415060747,27.6259021759
2004.08.04,27.2039170836,27.4852409786,27.0913880622,27.3727092743
2004.08.05,27.2883169530,27.3164498830,26.7256717682,26.7256717682
2004.08.06,26.9225957171,27.1476537811,26.5850086212,26.5850086212
2004.08.09,26.8100647814,26.9507267321,26.7256686841,26.8381977081
2004.08.10,26.9507357850,27.1195307191,26.8663396594,27.0632648468
2004.08.11,27.1476509659,27.3445787636,26.9225929253,27.2883129120
2004.08.12,27.1476523239,27.2039181783,26.7538020745,26.8663311005
2004.08.13,26.7819340483,26.8381972178,26.5568733215,26.5568733215
2004.08.16,26.3880816122,26.8663306349,26.3318157587,26.8381977081
2004.08.17,26.8381972420,26.9507262641,26.7819340725,26.8100643158
2004.08.18,26.8663332594,27.3445823288,26.8100674005,27.2039203644
2004.08.19,27.3164556034,27.4289846640,27.1476606712,27.2320594788
2004.08.20,27.2601852005,27.7947001614,27.2320549523,27.7665672302
2004.08.23,27.4571027859,27.6821607856,27.2883079448,27.4008369446
2004.08.24,27.5977778157,27.8228359222,27.4571158284,27.8228359222
2004.08.25,27.6821696719,28.1322858157,27.5696406360,28.0478897095
2004.08.26,27.9634940195,28.6949341756,27.8509649710,27.9353637695
2004.08.27,27.9916252933,28.1041543351,26.7256729029,28.0197582245
2004.08.30,27.9353704935,28.0197666294,27.7947084784,27.8791046143
2004.08.31,27.8790941496,28.1041522162,27.7103019412,28.0760192871
2004.09.01,28.0760214039,28.1604201974,27.8509633204,28.0197582245
2004.09.02,28.0760266131,28.4136164839,27.9916304868,28.2448215485
2004.09.03,27.5696442239,27.8790984423,27.3727163732,27.4571151733
2004.09.07,28.1885526320,28.6105358604,27.9916248003,28.4980068207
2004.09.08,28.3010874212,28.3854835475,28.2166886121,28.2448215485
2004.09.09,27.9072308367,28.0760230679,27.8228347211,27.9353637695
2004.09.10,27.9072322845,27.9916284045,27.7384373617,27.9072322845
2004.09.13,28.1322906366,28.2448196918,27.8790995916,27.9916286469
2004.09.14,28.1322924858,28.3854835475,28.0760266131,28.2448215485
2004.09.15,27.8509628329,27.8509628329,27.5696415749,27.5977745056
2004.09.16,27.6540326870,27.7665617065,27.5977695188,27.7102985382
2004.09.17,27.5415086443,27.6540376841,27.4571125352,27.5977745056
2004.09.20,27.4571154177,27.6821735209,27.3727166168,27.5415115356
2004.09.21,27.5415036676,27.7665617065,27.4571075737,27.7102985382
2004.09.22,27.2320506532,27.2883138238,27.0069926051,27.0913887024
2004.09.23,27.1195251936,27.2039213021,27.0069961548,27.0069961548
2004.09.24,26.8944623873,27.0632545745,26.8663294618,26.9507255554
2004.09.27,26.7256746643,27.2039237939,26.5850126821,26.6694087982
2004.09.28,26.6694028307,26.8944635616,26.5850067334,26.8381977081
2004.09.29,26.7538063320,26.9788644197,26.6975404686,26.8944683075
2004.09.30,27.0913877972,27.3164458378,27.0632548714,27.2883129120
2004.10.01,27.6540412417,27.9353652188,27.5977780561,27.9072322845
2004.10.04,28.2729471075,28.2729471075,28.0197561119,28.0760192871
2004.10.05,28.0197598851,28.0478928179,27.8509649710,27.9353637695
2004.10.06,27.9072289133,28.1885528564,27.8790959824,28.1885528564
2004.10.07,28.0197610947,28.0478940288,27.7665700542,27.8228359222
2004.10.08,28.0478911557,28.3573453497,27.9916252933,28.0197582245
2004.10.11,28.2729463834,28.2729463834,28.1322844247,28.2166805267
2004.10.12,27.8228414180,27.9635007502,27.6821794029,27.8791046143
2004.10.13,27.9353590186,27.9916221918,27.5696390027,27.6259021759
2004.10.14,27.5977697300,27.6540328987,27.2320497433,27.2883129120
2004.10.15,27.5133783572,27.6540403411,27.4571151733,27.4571151733
2004.10.18,27.4008521369,27.7103090702,27.3445889473,27.6540431976
2004.10.19,27.8790921768,27.9634882750,27.6540341262,27.6821670532
2004.10.20,27.5133838654,27.5977826824,27.3164586581,27.5133838654
2004.10.21,27.5133681905,27.9072210635,27.5133681905,27.7384262085
2004.10.22,27.6259002432,27.6259002432,27.3727092743,27.3727092743
2004.10.25,27.3727111317,27.5696389447,27.3164479586,27.4852428436
2004.10.26,27.4852536093,27.6540458775,27.4289877312,27.5133838654
2004.10.27,27.5415107586,27.9634940195,27.4289817102,27.9353637695
2004.10.28,27.7103071103,28.0478942731,27.7103071103,27.9072322845
2004.10.29,27.9072308367,27.9634940195,27.7665688555,27.9353637695
2004.11.01,27.7384269511,27.9916178989,27.7384269511,27.8509559631
2004.11.02,28.0760211329,28.3292121451,28.0760211329,28.1885528564
2004.11.03,28.5261356673,28.6105317643,28.3010776200,28.4136066437
2004.11.04,28.4980065987,28.8355937154,28.3573446294,28.8074607849
2004.11.05,28.8074617069,28.9762566121,28.7230655957,28.8637275696
2004.11.08,28.5824041040,28.7230660802,28.5261409233,28.6386699677
2004.11.09,28.5261325836,28.5823957479,28.4698667364,28.5261325836
2004.11.10,28.3292078433,28.3854736966,28.1604156494,28.1604156494
2004.11.11,28.0760199490,28.3292109505,27.9916238428,28.3010807037
2004.11.12,28.5261435204,28.7793318811,28.3854815314,28.7512016296
2004.11.15,29.0325162270,29.2013111115,28.9481201262,29.2013111115
2004.11.16,29.0043786123,29.0606417708,28.9481127708,29.0325088501
2004.11.17,29.2575700387,29.6232899996,29.2575700387,29.4263648987
2004.11.18,29.2294504688,29.3419795222,29.0606555472,29.3138465881
2004.11.19,29.4263797775,29.5107759087,28.9762635006,29.0043964386
2004.11.22,28.8637330711,28.9481291983,28.7512040071,28.9199962616
2004.11.23,28.9481213031,29.0043871612,28.7230632366,28.8355922699
2004.11.24,28.8637316236,28.9762606819,28.8355986883,28.9481277466
2004.11.26,29.0325214592,29.2857124901,29.0043912092,29.1731834412
2004.11.29,29.4263677162,29.4263677162,29.1731767434,29.2294425964
2004.11.30,29.3138507083,29.3138507083,28.9481305625,29.0043964386
2004.12.01,29.0887887217,29.4545088191,28.9481267330,29.3982429504
2004.12.02,29.3982436481,29.5951715100,29.3419804610,29.5107727051
2004.12.03,29.4263798437,29.6514379827,29.3982469056,29.5951747894
2004.12.06,29.4263770976,29.4263770976,29.1731860442,29.2857151031
2004.12.07,29.2575769405,29.2575769405,28.7230646765,28.8074607849
2004.12.08,28.8074508499,29.0325088501,28.7230547706,29.0325088501
2004.12.09,28.4417393133,28.6105342047,28.2166812468,28.5824012756
2004.12.10,28.0478947049,28.3854818729,28.0478947049,28.3292160034
2004.12.13,28.4417393133,28.6667973798,28.3573432091,28.5824012756
2004.12.14,28.6386716609,28.7512007119,28.4698767429,28.6949348450
2004.12.15,28.8355922699,28.9481213031,28.7230632366,28.8355922699
2004.12.16,29.0325222450,29.0325222450,28.7230680227,28.7793312073
2004.12.17,29.0887746916,29.0887746916,28.8355837707,29.0325088501
2004.12.20,29.2013096699,29.3982347897,29.2013096699,29.2294425964
2004.12.21,29.2857074805,29.5388984680,29.2575745523,29.5388984680
2004.12.22,29.5389044338,29.6795664200,29.5389044338,29.6233005524
2004.12.23,29.6317725238,29.8577534193,28.3888775991,29.8295078278
2004.12.27,29.9707393646,30.0837297954,29.9142454962,29.9707393646
2004.12.28,30.1684824151,30.5639476776,30.1684824151,30.5639476776
2004.12.29,30.1119931900,30.2532319728,30.0837448946,30.1967353821
2004.12.30,30.3379711312,30.5074581924,30.3379711312,30.4792098999
2004.12.31,30.6486820028,30.8464145660,30.5921854453,30.8464145660
2005.01.03,30.7899330358,30.8464296209,30.4792098999,30.4792098999
2005.01.04,30.5074459310,30.5074459310,29.8577489339,29.9707393646
2005.01.05,29.9424991608,30.1119834904,29.8860025883,29.9424991608
2005.01.06,30.0272413256,30.1119834904,29.8012604235,29.9424991608
2005.01.07,30.1402318009,30.1967256796,29.7730121613,29.7730121613
2005.01.10,29.9425047528,30.2249795863,29.8860081698,29.9989986420
2005.01.11,30.1402253747,30.4509483756,30.1402253747,30.4227027893
2005.01.12,30.4509472720,30.6204342533,30.1119760031,30.5921859741
2005.01.13,30.3944615852,30.4509554650,30.2249745582,30.3379650116
2005.01.14,30.3662099138,31.0724008420,30.2814677567,30.6486873627
2005.01.18,30.3662079145,30.7334274963,30.2814657630,30.7051792145
2005.01.19,30.4226980123,30.5356884216,30.0554785086,30.1402206421
2005.01.20,29.8295029924,29.9142451410,29.4622834234,29.6035194397
2005.01.21,29.6600183531,30.0837318234,29.6600183531,29.9142475128
2005.01.24,29.9424991608,30.0837352041,29.8860025883,29.9424991608
2005.01.25,29.7165164948,29.8860008143,29.6882682102,29.7165164948
2005.01.26,30.1119931900,30.3097258695,30.1119931900,30.1967353821
2005.01.27,29.9425047528,30.0837408226,29.8577598783,29.9989986420
2005.01.28,29.9707413850,29.9707413850,29.7165149192,29.9142475128
2005.01.31,29.9989896681,30.0554862342,29.8859992298,29.9142475128
2005.02.01,29.8859981114,30.1684755437,29.8012559593,30.0837306976
2005.02.02,29.9990027025,30.1967353821,29.9990027025,30.1967353821
2005.02.03,29.7447638750,29.8012604475,29.5752795452,29.7730121613
2005.02.04,29.7165077803,29.9142403264,29.7165077803,29.8859920502
2005.02.07,29.8860040709,29.8860040709,29.6035265823,29.8012619019
2005.02.08,29.4340460657,29.6600270083,29.4340460657,29.6317787170
2005.02.09,29.6035105252,29.6600070698,29.4340262791,29.4622745514
2005.02.10,29.5470294813,29.7447620854,29.5470294813,29.7165164948
2005.02.11,29.7447638510,30.0554896118,29.7447638510,29.9424991608
2005.02.14,30.0837406378,30.3379698721,30.0837406378,30.2249794006
2005.02.15,30.2814706796,30.4509550101,30.1684802279,30.3662128448
2005.02.16,30.0272413256,30.0272413256,29.7447638510,29.9424991608
2005.02.17,29.8860026124,29.9424991849,29.6600217101,29.7730121613
2005.02.18,29.9424946754,30.1402272616,29.8859981114,30.0837306976
2005.02.22,30.1119848291,30.2532235727,29.8860039170,30.0272426605
2005.02.23,29.7730136142,29.9142523585,29.6600231576,29.8012619019
2005.02.24,29.8859920502,29.9142403264,29.6882595040,29.8859920502
2005.02.25,30.1119889292,30.2814759833,30.0272467491,30.2249794006
2005.02.28,30.6204420096,30.7051841748,30.3944611064,30.5356998444
2005.03.01,30.6486882516,30.7899242863,30.6486882516,30.7616786957
2005.03.02,30.4509525188,30.7616782559,30.4509525188,30.6204395294
2005.03.03,30.7051841748,30.7334324611,30.3662128200,30.5356998444
2005.03.04,30.8181727753,31.1288985189,30.8181727753,31.0159053802
2005.03.07,30.7899265032,31.0159074076,30.7899265032,30.9594135284
2005.03.08,30.9876517959,30.9876517959,30.7899165481,30.8181648254
2005.03.09,31.0159155124,31.2701447697,30.9311733246,30.9311733246
2005.03.10,31.0159058151,31.1853928316,30.9594119388,31.1571445465
2005.03.11,31.2418980426,31.3266402274,31.1571531640,31.2136497498
2005.03.14,30.8746628448,30.9594049870,30.7334241450,30.8464145660
2005.03.15,30.8464179296,30.9594083629,30.6769309327,30.7051792145
2005.03.16,30.8746662114,30.9311600811,30.6486853448,30.7051792145
2005.03.17,30.6204404167,30.7899247383,30.5074499710,30.7334308624
2005.03.18,30.9029213474,30.9311696379,30.7334369920,30.8746757507
2005.03.21,30.7616786957,30.8181725707,30.6769338422,30.7616786957
2005.03.22,30.7616830028,31.0724060939,30.4792055062,30.5639476776
2005.03.23,30.3662132984,30.4509554650,30.2532228451,30.3379650116
2005.03.24,30.1967268445,30.3097173000,30.0554907955,30.2532234192
2005.03.28,30.3097173000,30.3944621620,30.1684812510,30.2532234192
2005.03.29,29.5470330123,29.7447656400,29.2928038086,29.3493003845
2005.03.30,29.4622811856,29.6317654699,29.3775363496,29.5752716064
2005.03.31,29.7447691884,29.7730174797,29.5470365370,29.6317787170
2005.04.01,30.0272337424,30.0272337424,29.5187754941,29.5470237732
2005.04.04,29.5187835693,29.6317740228,29.3775448291,29.5187835693
2005.04.05,29.7165215095,29.8860058577,29.6317766415,29.8577575684
2005.04.06,29.8860058577,29.9425024363,29.7730153943,29.8577575684
2005.04.07,29.9989876458,30.0837297954,29.8859972150,29.9707393646
2005.04.08,29.9707341851,30.0554790139,29.8294981915,29.8859920502
2005.04.11,29.8295101895,29.9142523585,29.8012619019,29.8012619019
2005.04.12,29.5470327009,29.8577557832,29.2363096186,29.8012619019
2005.04.13,29.6600070698,29.6882553421,29.4340262791,29.4622745514
2005.04.14,29.1798148793,29.3210536325,28.9255856623,29.0385761261
2005.04.15,28.6713486794,28.8408356761,28.4171222252,28.4453678131
2005.04.18,27.9934095410,28.1911421500,27.8521708086,28.0781517029
2005.04.19,28.3606214433,28.6713444148,28.3606214433,28.6430988312
2005.04.20,28.4171357786,28.5018779705,28.1064099188,28.2194004059
2005.04.21,28.5583680395,28.8690938577,28.4171319701,28.8125972748
2005.04.22,28.6995969640,29.0385682635,28.3888739463,28.6148548126
2005.04.25,29.0103305306,29.0668244155,28.8408434880,29.0385761261
2005.04.26,28.7561035720,28.7843491698,28.4171321541,28.5866165161
2005.04.27,28.5866126678,28.8690901584,28.4736222104,28.7560997009
2005.04.28,28.5866065280,28.8125873944,28.3606256617,28.4453678131
2005.04.29,28.8973284356,28.9820732776,28.6431019912,28.9538249969
2005.05.02,29.0668211460,29.1515633108,28.9820789812,29.1233177185
2005.05.03,29.1233262705,29.2080684602,28.9820874917,29.0668296814
2005.05.04,29.2363035597,29.6035204473,29.2080552779,29.4905300140
2005.05.05,29.6035257359,29.7447644762,29.4340414027,29.5187835693
2005.05.06,29.6882620273,29.7447558907,29.5187750491,29.5752716064
2005.05.09,29.4622896896,29.5752801430,29.3492992362,29.5187835693
2005.05.10,29.3492893550,29.3492893550,29.1233085242,29.1515541077
2005.05.11,29.2080492327,29.3210396425,29.0103166889,29.2927913666
2005.05.12,28.8973289857,28.9820738294,28.6148542553,28.6995964050
2005.05.13,28.7278452430,28.7560935247,28.3323773800,28.4453678131
2005.05.16,28.2476400105,28.5583630809,28.2193917240,28.5018692017
2005.05.17,28.1628950789,28.4171242451,28.1346467952,28.3888759613
2005.05.18,28.1911485149,28.6713586971,28.1629029172,28.5866165161
2005.05.19,28.6995964050,28.7843385548,28.6148542553,28.6995964050
2005.05.20,28.4736157562,28.5018640376,28.3323770429,28.4171218872
2005.05.23,28.7278550943,28.8690938577,28.6713585114,28.8125972748
2005.05.24,28.6713481238,28.7560929675,28.6431025365,28.6995964050
2005.05.25,28.5583631069,28.5866113935,28.3041366095,28.3323822021
2005.05.26,28.4453702749,28.5583607179,28.3323798320,28.5301151276
2005.05.27,28.5301121055,28.7843385548,28.5018638243,28.6995964050
2005.05.31,28.6996069887,28.7561035720,28.5301226267,28.5866165161
2005.06.01,28.7278514131,29.0103289036,28.6431092435,28.7560997009
2005.06.02,28.8408345681,28.9538249969,28.7278441393,28.9538249969
2005.06.03,28.8973285351,28.8973285351,28.6713476767,28.7278442383
2005.06.06,28.9538241038,29.0385662494,28.7843371189,29.0103206635
2005.06.07,28.9820737326,29.2080545938,28.9820737326,29.0950641632
2005.06.08,29.2080684602,29.2363167547,28.9538391972,29.0668296814
2005.06.09,28.6713503582,28.9538278046,28.6713503582,28.8973312378
2005.06.10,28.9820806158,29.0103289036,28.5583643800,28.7560997009
2005.06.13,28.5301151276,28.6148572863,28.3888764004,28.5301151276
2005.06.14,28.6148505536,28.6713444148,28.5018601373,28.6430988312
2005.06.15,28.7560997009,28.8125935827,28.5866126678,28.7560997009
2005.06.16,28.9255856623,29.0668244155,28.8690917774,29.0385761261
2005.06.17,29.2363128662,29.2928067539,29.1233223970,29.2363128662
2005.06.20,28.9820760881,29.0103243715,28.8125890814,28.8973312378
2005.06.21,29.0668258155,29.2645584631,29.0385775247,29.2363128662
2005.06.22,29.1798115971,29.2363081696,29.0103272675,29.1233177185
2005.06.23,29.2363067239,29.2363067239,28.9255809784,28.9255809784
2005.06.24,28.9820738355,29.0103221168,28.7843385609,28.8690834045
2005.06.27,28.7560997009,28.8690901584,28.6996031253,28.7560997009
2005.06.28,28.7560924200,28.9820732776,28.7560924200,28.9538249969
2005.06.29,28.8690962302,28.8973418301,28.7278574552,28.7843513489
2005.06.30,28.7278409700,28.8125831088,28.6148505536,28.6430988312
2005.07.01,28.7843348312,28.8125831088,28.6430988312,28.6430988312
2005.07.05,28.5866163310,28.8408455662,28.5583680395,28.8125972748
2005.07.06,28.6996018197,28.7278501062,28.4736209151,28.5018692017
2005.07.07,28.2476400105,28.5018692017,28.1346495583,28.5018692017
2005.07.08,28.5018660455,28.9820760881,28.4171238892,28.8973312378
2005.07.11,28.8125862875,29.0103215583,28.7560924200,28.9538249969
2005.07.12,28.9255909026,29.1233262705,28.9255909026,29.0668296814
2005.07.13,28.8408346675,28.8690829483,28.6995959575,28.7278442383
2005.07.14,28.9538384176,28.9820867114,28.7561057490,28.7843513489
2005.07.15,28.7843385609,29.0103221168,28.7843385609,28.8690834045
2005.07.18,28.8690876714,29.0103264045,28.8125911006,28.8408393860
2005.07.19,28.7843407980,28.8973312378,28.6713503582,28.8973312378
2005.07.20,28.6713585114,28.9820843296,28.5583680395,28.8125972748
2005.07.21,29.1515650629,29.3493003845,29.0385746050,29.3493003845
2005.07.22,29.0385705189,29.0950670868,28.8690862030,28.9820766449
2005.07.25,28.9538360381,28.9820843296,28.8125972748,28.8125972748
2005.07.26,28.6430988312,28.6713444148,28.5583539985,28.6430988312
2005.07.27,28.8125896350,29.0385705189,28.7843413511,28.9820766449
2005.07.28,28.9538215542,29.1515541077,28.8408311388,29.1515541077
2005.07.29,29.0385671451,29.1233119871,28.8973284356,28.9538249969
2005.08.01,29.2927919097,29.3492884626,29.1798014977,29.2080497742
2005.08.02,29.3210424861,29.5752716064,29.3210424861,29.5752716064
2005.08.03,29.4622844262,29.5752748594,29.3775395808,29.4905300140
2005.08.04,29.2363118720,29.4340445129,29.1798152924,29.1798152924
2005.08.05,28.8690829483,28.8973285351,28.6713476767,28.7278442383
2005.08.08,28.8125996427,29.0385806050,28.7561057490,28.7843513489
2005.08.09,29.2362975086,29.3775335005,29.1798009567,29.2927913666
2005.08.10,30.0272297923,30.4226975660,29.9989815169,30.1684684753
2005.08.11,30.5356958006,31.0159031357,30.5074475179,30.9876575470
2005.08.12,30.7616889490,30.9876699124,30.7334406551,30.9311733246
2005.08.15,31.0159100262,31.3266358164,30.9311678534,31.2983875275
2005.08.16,31.1571360724,31.1853843497,30.8181648254,30.8181648254
2005.08.17,30.8464178251,31.1288952544,30.8464178251,31.1006469727
2005.08.18,30.7334288421,30.8464192803,30.6486866868,30.7899227142
2005.08.19,30.8746628448,30.9311567083,30.7899180086,30.8464145660
2005.08.22,31.4961164997,31.7220973969,31.4396226224,31.7220973969
2005.08.23,31.4396300494,31.5526205246,31.2983912818,31.4678783417
2005.08.24,31.4113726990,31.4961148575,31.1853918136,31.2701339722
2005.08.25,31.2701440363,31.4396311018,31.2701440363,31.3548889160
2005.08.26,31.5808574426,31.5808574426,31.2418861389,31.2418861389
2005.08.29,30.9876687945,31.2701436416,30.9594205016,31.2136497498
2005.08.30,31.1288904161,31.1288904161,30.9029068914,31.0441455841
2005.08.31,31.0724032447,31.5243650427,31.0441549588,31.4396228790
2005.09.01,31.6656035195,31.8633361310,31.6091069483,31.7220973969
2005.09.02,31.8915796853,32.0045701171,31.8633314039,31.9480762482
2005.09.06,32.1740702255,32.3153063024,32.0610797476,32.2305641174
2005.09.07,31.9198340165,32.0328244697,31.8350918500,31.9763278961
2005.09.08,31.7220926809,31.7503409623,31.5808566616,31.6091022491
2005.09.09,32.2588098139,32.6542778015,32.1458193451,32.6542778015
2005.09.12,32.7107624734,32.8237529103,32.5412781649,32.6825141907
2005.09.13,32.5130377666,32.5130377666,32.2588085483,32.4000473022
2005.09.14,32.4847770889,32.5977675101,32.2870445251,32.2870445251
2005.09.15,32.7672632928,32.8520054580,32.6825184336,32.8237571716
2005.09.16,32.8520092316,32.9932479858,32.7107704774,32.9932479858
2005.09.19,32.7672682703,32.8520104484,32.6260295108,32.6542778015
2005.09.20,33.1344657764,33.2757044527,32.8519911176,32.9367332458
2005.09.21,33.1909794593,33.3604664972,32.9649985381,33.1627311707
2005.09.22,33.2192192078,33.2757130766,33.0497322135,33.2192192078
2005.09.23,33.1627293845,33.2192259587,33.0779872170,33.1062355042
2005.09.26,33.5581983512,33.7559309792,33.5581983512,33.6429405212
2005.09.27,33.3887014997,33.5016919245,33.2192172095,33.4451980591
2005.09.28,34.0101547241,34.1796417309,33.9819064407,34.0101547241
2005.09.29,34.7163513946,34.9988288879,34.6033609360,34.9988288879
2005.09.30,34.3773745349,34.4621166918,34.2926323780,34.4338684082
2005.10.03,34.2643966675,34.2926449615,34.0384157035,34.2643966675
2005.10.04,34.4056235111,34.4903656698,34.0666521827,34.1231460571
2005.10.05,33.9818955439,34.0101438183,33.5016856551,33.5299339294
2005.10.06,33.1344802401,33.2474733856,32.4000436516,32.8237571716
2005.10.07,33.1062287762,33.2757130766,32.9932383446,33.2192192078
2005.10.10,33.2192259587,33.2474742458,32.9932450496,33.1062355042
2005.10.11,33.8689261426,33.9536710183,33.6146969034,33.7559356689
2005.10.12,33.7559296417,33.8124262154,33.4169582811,33.5581970215
2005.10.13,33.4452125398,33.7841839608,33.2757254823,33.7559356689
2005.10.14,33.6429351211,34.0666512910,33.5016963978,34.0101547241
2005.10.17,33.3887014997,33.5016919245,33.3039593546,33.4451980591
2005.10.18,33.0779829632,33.1627251197,32.9367442397,32.9649925232
2005.10.19,32.6825196966,33.2474746704,32.5977775281,33.2474746704
2005.10.20,32.9932492592,33.0214948560,32.4847908020,32.4847908020
2005.10.21,32.9649934252,32.9932417094,32.6260220959,32.9084968567
2005.10.24,32.7672659055,33.2192277479,32.6825210396,33.1627311707
2005.10.25,33.1627320401,33.4169612566,33.0497415765,33.2757225037
2005.10.26,33.3604715926,33.6146981474,33.3039750067,33.4169654846
2005.10.27,33.7559312628,33.8406734335,33.3322177152,33.3604660034
2005.10.28,33.6146812648,33.7841682434,33.4451969800,33.7841682434
2005.10.31,34.1796477770,34.2361416600,34.0666573172,34.2078933716
2005.11.01,34.5468673706,34.6316122423,34.4056313055,34.5468673706
2005.11.02,34.4056228022,34.8010879969,34.3491262350,34.7728424072
2005.11.03,34.8010949252,34.9423336774,34.6316105777,34.9140853882
2005.11.04,34.8293396723,34.8858362450,34.4621200315,34.6316070557
2005.11.07,34.8010864253,35.0270672960,34.6033538368,34.9705734253
2005.11.08,34.8858299255,34.9423237941,34.7163429321,34.8858299255
2005.11.09,34.8010931795,34.8010931795,34.5468639770,34.6881027222
2005.11.10,34.4903750602,34.5468689500,34.2926424049,34.5186233521
2005.11.11,34.8010855291,34.9140759616,34.7163433782,34.8575820923
2005.11.14,34.4056205750,34.4338661628,34.1231431451,34.4056205750
2005.11.15,34.0101551747,34.1231456160,33.8406681657,33.9819068909
2005.11.16,34.2361340249,34.3773727417,34.1231435903,34.3773727417
2005.11.17,34.9988214855,35.2530479431,34.9705732034,35.2530479431
2005.11.18,35.5072804663,35.5637770360,35.2530512907,35.4507865906
2005.11.21,35.6485133470,35.6767616272,35.3942842131,35.6767616272
2005.11.22,35.1400617223,35.5637779236,35.0553195597,35.5637779236
2005.11.23,35.5920199368,35.8180007935,35.5637716563,35.8180007935
2005.11.25,35.4507814243,35.5072752919,35.2812944340,35.3660392761
2005.11.28,35.5072856161,35.6485243668,35.3378012704,35.5355339050
2005.11.29,35.5920262091,35.7615105345,35.5072813525,35.5637779236
2005.11.30,35.3377948162,35.3942886898,35.1400595238,35.1965560913
2005.12.01,35.7615026854,36.1004739556,35.7615026854,36.0157318115
2005.12.02,36.1004782298,36.1287265124,35.8744973562,35.9874877930
2005.12.05,36.2699593858,36.2982076640,35.9592337143,36.2134628296
2005.12.06,36.2134675466,36.6089354101,36.1569736769,36.4959449768
2005.12.07,36.4111985528,36.4394441374,36.1287211558,36.3547019958
2005.12.08,35.7615089417,36.0722346808,35.6767667827,35.7615089417
2005.12.09,36.4112061810,36.5524422153,36.3264613278,36.5241966248
2005.12.12,37.0891508110,37.2303895467,37.0044086472,37.1738929749
2005.12.13,37.2303899525,37.5128647329,37.0891512154,37.4846191406
2005.12.14,37.2586322095,37.4846157850,37.1738900523,37.2868804932
2005.12.15,37.0891519565,37.1738941229,36.9196649297,37.0044097900
2005.12.16,37.3998727130,37.6541018904,37.3151305518,37.5128631592
2005.12.19,37.6823531254,37.7388470060,37.3998756409,37.3998756409
2005.12.20,37.8235825897,37.8235825897,37.6258473214,37.7670860291
2005.12.21,38.2190576274,38.3320480839,38.1343154584,38.3038024902
2005.12.22,38.4167841836,38.6427650452,38.3037937528,38.6427650452
2005.12.23,38.5519887328,38.8073003464,38.5236201745,38.7221946716
2005.12.27,38.4952469993,38.4952469993,37.8427864697,37.8995208740
2005.12.28,38.7221939759,38.7221939759,38.4385165145,38.5803565979
2005.12.29,38.6654598026,38.6938283606,38.5236197183,38.6087226868
2005.12.30,38.2683107632,38.3534164429,38.0697362546,38.3534164429
2006.01.03,38.7789375607,39.6299754978,38.7505689982,39.5732383728
2006.01.04,39.6866974010,40.0271119274,39.6015944458,39.9420089722
2006.01.05,39.5732298609,39.7150699375,39.5448613045,39.6583328247
2006.01.06,40.0554881505,40.3391683295,39.8852822074,40.2540626526
2006.01.09,40.3675272418,40.5661044151,40.1973213279,40.4526329041
2006.01.10,39.4881295761,39.7150726318,39.4030266065,39.7150726318
2006.01.11,39.9703885251,40.1973316051,39.8852855464,40.1405944824
2006.01.12,40.2540635331,40.2540635331,39.8285459607,39.8569145203
2006.01.13,39.7434445591,39.9136505127,39.6016044609,39.9136505127
2006.01.17,38.4385131811,38.6938247681,38.3817760705,38.6938247681
2006.01.18,37.7009564704,38.0130025411,37.4172762567,37.5591163635
2006.01.19,38.2966764311,38.6654595658,38.2966764311,38.5803565979
2006.01.20,38.6087297534,38.6654668797,37.3605427351,37.4740142822
2006.01.23,38.0413589478,38.1831990093,37.8144159315,38.0413589478
2006.01.24,38.4668817364,38.6938247681,38.2683045547,38.6938247681
2006.01.25,38.5236223915,38.5236223915,38.0981048145,38.3534164429
2006.01.26,39.0909747141,39.3462863075,38.9207687887,39.2328147888
2006.01.27,39.8001834163,40.1405980668,39.5732403160,40.1122322083
2006.01.30,39.8569160966,39.9136505127,39.7150759984,39.9136505127
2006.01.31,39.9136574860,39.9987631830,39.6867143713,39.7718200684
2006.02.01,39.5448613045,39.7718070503,39.4881268971,39.6583328247
2006.02.02,39.4881281642,39.5448625734,39.0058735116,39.0626106262
2006.02.03,39.2895512493,39.5448601331,38.9775025490,39.4030227661
2006.02.06,39.4313883863,39.4597569417,39.2044453540,39.3179168701
2006.02.07,39.4030199880,39.4030199880,38.8923968456,39.0342369080
2006.02.08,38.5803499262,38.8356587857,38.3250383613,38.8072929382
2006.02.09,38.8923992444,39.0342393155,38.6654562128,38.6938247681
2006.02.10,38.5803577226,38.6654606930,38.1832060186,38.5236206055
2006.02.13,37.7293153630,37.8995212833,37.6158438477,37.7009468079
2006.02.14,38.1832051393,38.6654598026,38.0981021709,38.6087226868
2006.02.15,38.0697304380,38.4101449887,37.8427874042,38.1264648438
2006.02.16,38.1832035725,38.5519866943,38.0129949373,38.5519866943
2006.02.17,37.6158413888,37.8427844046,37.4172642210,37.7293128967
2006.02.21,37.7860578609,37.8995294005,37.5591147816,37.8144264221
2006.02.22,37.7860676496,38.1832194938,37.7293332178,38.0697479248
2006.02.23,38.6371058731,38.6938430104,38.4101627345,38.4668998718
2006.02.24,38.8073034883,39.2044525146,38.8073034883,39.2044525146
2006.02.27,39.5732312042,39.7434398430,39.5164967949,39.6867027283
2006.02.28,39.5448770928,39.5448770928,39.0909908309,39.1477279663
2006.03.01,39.2044574007,39.5165061951,39.0058828628,39.5165061951
2006.03.02,39.0058640543,39.0058640543,38.6087124645,38.9207611084
2006.03.03,38.3534166770,38.7221971365,38.2115765821,38.3817825317
2006.03.06,38.4952479500,38.4952479500,38.0413618824,38.1264648438
2006.03.07,37.9562583937,38.0697299090,37.6442124029,37.7009468079
2006.03.08,37.7009415019,38.0697245511,37.5307329002,37.9562530518
2006.03.09,38.6654624856,38.7221969001,38.3250478830,38.3534164429
2006.03.10,38.4101413144,38.8072929382,38.2399327027,38.8072929382
2006.03.13,39.0626151226,39.2328210752,39.0058780015,39.2044525146
2006.03.14,38.9491373402,39.6299692050,38.8072999610,39.6016006470
2006.03.15,39.3746609406,39.5448668922,39.2044522836,39.4881324768
2006.03.16,39.0626122071,39.4030267924,39.0058750902,39.1193466187
2006.03.17,39.5164954535,39.7150699375,39.4030239333,39.6583328247
2006.03.20,40.2824345838,40.3391717065,39.9703885251,40.1405944824
2006.03.21,39.9136444215,40.0554844980,39.5732298609,39.6583328247
2006.03.22,39.8852793036,40.2540597219,39.8285421898,40.1689567566
2006.03.23,39.6583384284,39.8001785250,39.2895579648,39.4881324768
2006.03.24,39.4030299467,39.9136505127,39.3462928252,39.9136505127
2006.03.27,40.0271200271,40.1405915589,39.9136484954,40.0554885864
2006.03.28,40.0271245511,40.1405960957,39.4881353907,39.5732383728
2006.03.29,40.0554934645,40.7079568806,39.9987590444,40.6795883179
2006.03.30,40.7646874843,41.1902077694,40.7363189242,40.9916305542
2006.03.31,40.7363133317,40.8781534073,40.6512103685,40.8497848511
2006.04.03,41.2185794104,41.6724656139,41.1618449876,41.5306282043
2006.04.04,41.4171566535,41.6157311912,41.3604195253,41.5306282043
2006.04.05,41.4738868162,41.7575670170,41.3887838381,41.7291984558
2006.04.06,42.0128820270,42.0412478850,41.8143047883,41.9277763367
2006.04.07,42.0696139794,42.2681885010,41.5589906892,41.6440963745
2006.04.10,41.7291926343,41.8994012720,41.6157211109,41.8710327148
2006.04.11,41.6440902944,41.6724561466,41.2469386038,41.3887786865
2006.04.12,41.0200020314,41.1051050123,40.8781619262,41.0767364502
2006.04.13,40.8497933641,41.1334735744,40.8214275074,41.0767364502
2006.04.17,40.7930546899,40.8214232491,40.5661116276,40.6512145996
2006.04.18,41.2469421845,41.9845085144,41.2469421845,41.9845085144
2006.04.19,41.5022587068,42.0128820270,41.4171557219,41.9277763367
2006.04.20,41.6157242354,41.8994044179,41.5589871168,41.6724586487
2006.04.21,42.0412478850,42.1263535753,41.7292018034,41.9277763367
2006.04.24,41.6440927947,41.7575643267,41.5022527035,41.6724586487
2006.04.25,42.0412420233,42.1263477017,41.6724588663,41.7575645447
2006.04.26,41.9561433072,42.2114549576,41.9561433072,42.1830863953
2006.04.27,41.7575561167,42.5518566839,41.7291875629,42.1547050476
2006.04.28,42.0128770745,42.2681859991,41.9845085144,41.9845085144
2006.05.01,42.5234878874,42.6085935482,41.9277617890,42.1263389587
2006.05.02,42.6369698395,42.8355470578,42.5518668633,42.8071784973
2006.05.03,42.6369655824,42.7220712555,42.4100225315,42.6937026978
2006.05.04,42.6369702846,43.1192249972,42.6369702846,42.9206504822
2006.05.05,43.2326996291,43.7433229391,43.2326996291,43.7149543762
2006.05.08,43.9418983459,44.0270040362,43.7716923761,43.9418983459
2006.05.09,43.8284223141,44.1121025085,43.8284223141,44.1121025085
2006.05.10,43.6582190748,43.9135280193,43.4029074250,43.4880104065
2006.05.11,43.4028937847,43.4028937847,42.4667531665,42.6369590759
2006.05.12,42.6653381801,42.7220753009,42.0412433785,42.0979804993
2006.05.15,42.2965465301,42.5802266663,42.1263406126,42.4951210022
2006.05.16,42.1263578351,42.2681952558,41.9561491427,42.0412521362
2006.05.17,42.0696049863,42.1830765038,39.7150689709,40.7079467773
2006.05.18,41.1334683841,41.3604114415,40.6228451522,40.7363166809
2006.05.19,41.1051050123,41.2185765553,40.5661158593,41.0767364502
2006.05.22,39.8285439504,40.2540615013,39.4313922522,39.9987525940
2006.05.23,39.9703883258,40.4242744837,39.4313964844,39.4313964844
2006.05.24,39.8852894122,39.8852894122,38.9775142987,39.5165061951
2006.05.25,39.6583353068,40.0838555631,39.6299694540,39.9987525940
2006.05.26,40.3391781707,40.6228557135,40.1406009148,40.5093841553
2006.05.30,40.1405942823,40.1405942823,39.2895590891,39.4313964844
2006.05.31,39.5164981344,39.8569127180,39.3462894899,39.7150726318
2006.06.01,39.2895656946,39.9136579138,39.1193570041,39.8852920532
2006.06.02,39.7150737746,40.4810086389,39.7150737746,40.3391685486
2006.06.05,40.0271145224,40.0271145224,39.2044453540,39.3179168701
2006.06.06,38.8356621338,38.8923992444,38.1548330389,38.6938247681
2006.06.07,38.2399569399,38.4101656595,37.8144391989,37.8428077698
2006.06.08,36.6797000572,36.7931715629,35.8853968121,36.6229629517
2006.06.09,36.9917516616,37.1619602987,36.4527626038,36.4527626038
2006.06.12,36.9350342090,36.9917686438,36.0556274731,36.1123619080
2006.06.13,35.4031593100,35.6868395637,34.8074356469,34.8641700745
2006.06.14,35.4598958012,35.7435760498,35.0911125603,35.7435760498
2006.06.15,36.0272483234,37.1335978845,35.9988797616,37.0201263428
2006.06.16,36.9917602875,37.0201288512,36.5662426534,36.6797142029
2006.06.19,36.9917480340,37.0201165883,36.4527590290,36.4811248779
2006.06.20,36.6797137661,36.7648167508,36.2825619951,36.5662422180
2006.06.21,36.4244051418,37.3038090365,36.3960365761,37.0485000610
2006.06.22,37.1336037695,37.3038097564,36.6229803980,36.8782920837
2006.06.23,36.8499165763,37.0768596531,36.7080764771,36.7080764771
2006.06.26,37.0768607610,37.1052293227,36.9066548010,37.0201263428
2006.06.27,37.0768543984,37.1052229553,36.2825537424,36.3676567078
2006.06.28,36.6513349109,36.8499093879,36.4243918784,36.8215408325
2006.06.29,37.2186986225,38.4668882120,37.2186986225,38.3817825317
2006.06.30,38.7789277286,38.9775022049,38.4952475864,38.6938247681
2006.07.03,39.0058773271,39.3746604919,38.8924057922,39.3746604919
2006.07.05,38.4385312004,38.4952656322,37.8711733554,38.0697479248
2006.07.06,38.2683085347,38.6370916758,38.2399399765,38.4101486206
2006.07.07,38.5519932246,38.7789363064,38.0130013762,38.2399444580
2006.07.10,38.9491302917,39.0058673974,38.5236128205,38.8072929382
2006.07.11,38.5519813733,38.8640273386,38.2399327027,38.8072929382
2006.07.12,38.0129903138,38.0697274204,37.5023698809,37.7293128967
2006.07.13,37.4740141271,37.5023826901,36.6513447375,36.7648162842
2006.07.14,36.4811284555,36.5662341267,35.9988738065,36.4527626038
2006.07.17,36.0839879850,36.1407224072,35.8003077580,35.9988822937
2006.07.18,35.6868349018,35.6868349018,35.0627400485,35.6584663391
2006.07.19,35.3464180197,36.6513420637,35.3464180197,36.3960304260
2006.07.20,36.7931787426,36.8215445955,36.0556124590,36.1974525452
2006.07.21,36.5946067523,36.6229753147,36.1407205764,36.2258262634
2006.07.24,36.4527757319,37.0485021185,36.4244071646,36.9066619873
2006.07.25,36.9633912243,37.4456459792,36.8215511130,37.1903343201
2006.07.26,36.7648019901,37.1335850496,36.6796990395,36.9917449951
2006.07.27,37.7293272881,37.8995332622,37.3321755063,37.5023841858
2006.07.28,38.1264689014,38.6654606930,38.0981030482,38.5236206055
2006.07.31,38.4101401220,38.5236116245,38.2399315155,38.4952430725
2006.08.01,38.0697294978,38.1264639022,37.8144179148,37.8995208740
2006.08.02,38.4385085284,38.8640259849,38.4101399766,38.7789230347
2006.08.03,38.2115881645,38.7222088737,38.1832195959,38.4668998718
2006.08.04,38.8356657395,38.9491372658,38.4668853079,38.6087226868
2006.08.07,37.9562534351,37.9562534351,37.7009418827,37.7576789856
2006.08.08,38.0697245511,38.3534046521,37.8144130012,37.9562530518
2006.08.09,38.4952438543,38.8072925216,38.0980949402,38.0980949402
2006.08.10,38.4952520469,38.6938292516,38.2966775475,38.5236206055
2006.08.11,38.2399415348,38.3250472131,38.0129984704,38.1548385620
2006.08.14,38.5803597469,38.8073028167,38.3817825317,38.3817825317
2006.08.15,39.0909798540,39.4030286004,39.0909798540,39.2611885071
2006.08.16,39.6583341709,39.8852799244,39.5732312042,39.6867027283
2006.08.17,39.6867036156,39.9703837847,39.5448635310,39.6016006470
2006.08.18,39.6583308290,39.9987480778,39.5448593145,39.8001708984
2006.08.21,39.4313940138,39.5448655462,39.3746596003,39.4597625732
2006.08.22,39.4313982657,39.6299754978,39.3179267211,39.5732383728
2006.08.23,39.6016121524,39.7150837119,39.2611974738,39.2895660400
2006.08.24,39.3746525604,39.3746525604,38.9775009155,38.9775009155
2006.08.25,38.7789230347,39.0342345907,38.7221859309,38.7789230347
2006.08.28,38.6370876575,38.7789277286,38.4668817364,38.6938247681
2006.08.29,38.8640459511,39.0342546443,38.6371028303,39.0058860779
2006.08.30,38.8640361068,38.9207732253,38.7221960159,38.7505645752
2006.08.31,39.1477142582,39.2044486684,38.8924026489,38.8924026489
2006.09.01,39.1193432701,39.3462863075,39.0058717514,39.2328147888
2006.09.05,39.7150829370,39.8285544943,39.6299799454,39.7718200684
2006.09.06,39.4881324740,39.5165010344,39.0909807446,39.1760864258
2006.09.07,38.7505726342,39.0342528750,38.6371010790,38.8640441895
2006.09.08,38.8640441895,38.8640441895,38.7222040691,38.8640441895
2006.09.11,38.4385115366,38.4952459394,37.9846254928,38.2683029175
2006.09.12,38.1264677899,38.6087224503,38.0129962643,38.5803565979
2006.09.13,38.0129892825,38.2399322922,37.9278863303,38.0980949402
2006.09.14,38.0697479248,38.1264823566,37.9562763558,38.0697479248
2006.09.15,38.2683019640,38.3250390708,37.9562559930,38.0413589478
2006.09.18,37.8995269381,38.1548385620,37.8711610841,38.1548385620
2006.09.19,38.1548539328,38.1832225036,37.5591274722,37.8428077698
2006.09.20,37.9562582150,38.0980982848,37.8144181452,37.9846267700
2006.09.21,38.1264641345,38.2115697996,37.7860495901,37.9846267700
2006.09.22,37.8144314222,37.8144314222,37.3889137687,37.4456481934
2006.09.25,37.7860522417,37.7860522417,37.3037975938,37.6725807190
2006.09.26,37.5307381822,37.7009468079,37.3889008171,37.7009468079
2006.09.27,38.0980970037,38.3534085797,38.0413598956,38.2683029175
2006.09.28,38.3250597338,38.5520028725,38.1832195959,38.4668998718
2006.09.29,38.4952515900,38.5236201482,38.3534142095,38.4101486206
2006.10.02,38.7221872797,39.0909703506,38.6087157736,38.8072929382
2006.10.03,38.6087139468,38.7789225505,38.4668766000,38.6654510498
2006.10.04,38.4668804639,39.0058694699,38.3534089519,38.9775009155
2006.10.05,39.2328139093,39.4030225363,39.0626079878,39.3179168701
2006.10.06,39.0626214401,39.0626214401,38.6938382093,38.8640441895
2006.10.09,38.5519801765,38.5803487284,38.3250371714,38.4952430725
2006.10.10,38.8072929382,38.8072929382,38.5519813733,38.8072929382
2006.10.11,38.4668870834,38.6938301466,38.1548383425,38.4385185242
2006.10.12,38.4385252090,38.8924114142,38.4385252090,38.8356742859
2006.10.13,38.7505632299,38.8924033159,38.5803572910,38.7221946716
2006.10.16,39.1193593986,39.2328309641,39.0342564008,39.1477279663
2006.10.17,39.0058640543,39.0626011551,38.6654495654,38.9207611084
2006.10.18,39.1477279663,39.2611995318,38.8924162676,39.1477279663
2006.10.19,39.0342564008,39.2895680995,38.9491506977,39.1477279663
2006.10.20,39.2611867055,39.2611867055,38.9207721203,39.1193466187
2006.10.23,39.2044462833,39.5732293959,39.0626089138,39.5448608398
2006.10.24,39.3746638461,39.6016069353,39.2895608640,39.5732383728
2006.10.25,39.3462881562,39.7150712856,39.3179195988,39.6867027283
2006.10.26,39.6866974010,40.0271119274,39.6299629993,39.9420089722
2006.10.27,39.6867069888,39.7434441096,39.3462923802,39.4881324768
2006.10.30,39.1760855332,39.4030286004,39.0909798540,39.2611885071
2006.10.31,39.0626148896,39.2895579620,38.9207747930,39.1760864258
2006.11.01,39.4881408858,39.5165094523,38.8640459511,39.0058860779
2006.11.02,39.0058889736,39.1760976795,38.9491518365,39.0909919739
2006.11.03,39.0626112902,39.1193457004,38.8072996810,38.8924026489
2006.11.06,38.8640476999,39.2611995318,38.8640476999,39.1477279663
2006.11.07,39.1477291110,39.4030408171,38.9775204051,39.0909919739
2006.11.08,38.5236109976,38.8356569481,38.4385080485,38.6654510498
2006.11.09,38.2966838278,38.4952583598,38.0981092959,38.1832122803
2006.11.10,38.2399363606,38.3250420273,38.0129933269,38.1264648438
2006.11.13,37.8995188059,37.9846244658,37.7293128967,37.7293128967
2006.11.14,38.6654683116,38.9207799784,38.3817880806,38.8356742859
2006.11.15,38.3817760705,38.8923992444,38.3817760705,38.6938247681
2006.11.16,38.2683109968,38.4385196519,38.1548394619,38.3817825317
2006.11.17,37.8711530382,38.0980960545,37.7293129767,38.0413589478
2006.11.20,37.1619635245,37.2754350574,37.0484919917,37.2470664978
2006.11.21,37.1052201487,37.2754287720,36.9633800803,37.2754287720
2006.11.22,37.6158523560,37.7576924585,37.5307466712,37.6158523560
2006.11.24,37.5307487031,37.6158543925,37.4456457191,37.4740142822
2006.11.27,37.7860628572,37.8144314222,37.3605452037,37.4456481934
2006.11.28,37.7860676496,38.1264823566,37.6725960806,38.0697479248
2006.11.29,38.6370843265,38.8072929382,38.4668784201,38.8072929382
2006.11.30,39.1193493050,39.3179238170,39.0058777688,39.1760864258
2006.12.01,39.1760803822,39.2328147888,38.8640316767,39.2328147888
2006.12.04,39.3462881562,39.7718084003,39.3179195988,39.6867027283
2006.12.05,39.5732325456,39.7718097485,39.4313924595,39.7150726318
2006.12.06,39.8001854479,39.9703941345,39.7150824573,39.9703941345
2006.12.07,40.1405899741,40.1973270904,39.9136469195,39.9987525940
2006.12.08,39.9987570942,40.1405944902,39.7434454527,39.8285484314
2006.12.11,39.7434519287,39.9987636118,39.6583462308,39.8852920532
2006.12.12,39.8285374634,39.9703775257,39.6015944458,39.9420089722
2006.12.13,39.8569178927,39.8852864547,39.6583406641,39.7434463501
2006.12.14,40.0271229424,40.3675375625,39.9987570864,40.1405944824
2006.12.15,40.2257001665,40.5661147865,40.1122286264,40.1405944824
2006.12.18,40.1689695969,40.2257067288,39.8852920532,39.8852920532
2006.12.19,39.6583355152,39.8852812763,39.6016011040,39.7150726318
2006.12.20,40.2264688110,40.2836099897,39.9979095459,39.9979095459
2006.12.21,40.1693362995,40.4836046545,40.1693362995,40.2264747620
2006.12.22,40.3407569498,40.3978981405,40.0264885752,40.3693275452
2006.12.26,40.3407630920,40.3693336917,40.1407743436,40.3407630920
2006.12.27,40.5121765137,40.6550240365,40.3978968606,40.5121765137
2006.12.28,40.5407485962,40.6835988585,40.4550395287,40.5407485962
2006.12.29,40.5693221617,40.7407430340,40.5407515623,40.5978927612
2007.01.03,40.5978798250,40.8835802795,40.3407499609,40.5693092346
2007.01.04,40.5978798631,40.9978599548,40.4550296357,40.9978599548
2007.01.05,40.3121940910,40.3979058934,39.9407844543,39.9407844543
2007.01.08,40.1979137314,40.2836255324,39.9693543781,40.1693458557
2007.01.09,40.4264602661,40.5693104978,40.2550421678,40.4264602661
2007.01.10,39.7407908716,40.0264913957,39.5979406095,39.8264999390
2007.01.11,39.5122271534,39.8264955153,39.5122271534,39.6265068054
2007.01.12,39.9407747115,40.2836163884,39.8836362485,40.1407661438
2007.01.16,40.2836189270,40.4264664559,40.1979071401,40.2836189270
2007.01.17,40.2836189270,40.4836076472,40.2264777357,40.2836189270
2007.01.18,40.4264726246,40.7978822507,40.2550544739,40.2550544739
2007.01.19,40.3693304611,40.6835988585,40.3407598637,40.5407485962
2007.01.22,40.6550282611,40.7121694559,40.3121892663,40.5407485962
2007.01.23,40.6264521349,40.9692910600,40.5693109517,40.7693023682
2007.01.24,41.0264332962,41.4835546297,40.9407242381,41.3121337891
2007.01.25,40.9407294314,40.9978706271,40.4836107645,40.6264610291
2007.01.26,40.6835922602,40.8550130921,40.4264623747,40.6550216675
2007.01.29,40.7407397956,40.9978697212,40.7121691984,40.7978782654
2007.01.30,40.7407395411,41.0550079346,40.6835983471,41.0550079346
2007.01.31,40.5693157879,41.0550050042,40.4550361326,40.8835868835
2007.02.01,41.4264106750,41.6263993719,41.2835604381,41.4264106750
2007.02.02,41.2549862360,41.3121274156,41.1121387362,41.1692771912
2007.02.05,40.7978774225,41.0264367462,40.7407389539,40.8550186157
2007.02.06,41.1407119014,41.3692712000,40.9692937897,41.1978530884
2007.02.07,41.0835681464,41.2264183708,40.9978591016,41.1692771912
2007.02.08,40.5693126138,40.7121628530,40.4264623747,40.6550216675
2007.02.09,41.0550001101,41.1978503434,40.7121611850,40.7693023682
2007.02.12,40.9121407181,40.9692818885,40.6550109007,40.7407226562
2007.02.13,41.3978440998,41.7121151965,41.3692735047,41.5978355408
2007.02.14,41.8264010543,42.5692175641,41.7978304550,42.2835197449
2007.02.15,42.3977911024,42.6834888656,42.3120820459,42.6263504028
2007.02.16,42.4835024785,42.5977821350,42.4263640126,42.5977821350
2007.02.20,42.5120743588,42.6263540187,42.2549444428,42.4549331665
2007.02.21,42.2263677408,42.4834976196,42.0263790461,42.4834976196
2007.02.22,42.6263527303,42.7692029820,42.4549318833,42.5977821350
2007.02.23,42.8834872492,43.0834759883,42.7977754541,42.9691963196
2007.02.26,43.2263084112,43.3120174463,42.9120401331,43.2548789978
2007.02.27,42.8549112260,42.9977614750,41.6549734937,42.2263717651
2007.02.28,42.2549442930,42.5120742080,41.9121053144,42.1692352295
2007.03.01,41.5121197031,41.9978088735,41.1407101772,41.9692382812
2007.03.02,41.5406954344,41.6549750931,41.1121473956,41.2835655212
2007.03.05,40.8835890154,41.0550071451,40.1407698547,40.6835975647
2007.03.06,41.3978383907,41.7692479016,41.3121293419,41.6549682617
2007.03.07,41.5121222701,41.6835431099,41.3407041551,41.5692634583
2007.03.08,41.9978161126,42.2549460383,41.9406776428,41.9406776428
2007.03.09,42.1406591104,42.2263681626,41.8263907691,41.9692382812
2007.03.12,42.1406709501,42.3692303034,41.9406821971,42.3120918274
2007.03.13,41.9406830586,41.9978215358,41.2835728609,41.5407028198
2007.03.14,41.1407066014,41.1978477810,40.3407491591,41.1692771912
2007.03.15,41.1692824949,41.4264123870,41.1692824949,41.1978530884
2007.03.16,41.1692771912,41.3978364604,40.9692885118,41.1692771912
2007.03.19,41.4264150904,41.6835449993,41.3407060290,41.6264038086
2007.03.20,41.6264046057,42.0835232415,41.5692661385,41.9978141785
2007.03.21,41.8835348669,42.7406336786,41.7692552070,42.4549331665
2007.03.22,42.5977864013,42.7406366674,42.4263682618,42.5120773315
2007.03.23,42.5692138672,42.7406347236,42.4835048013,42.5692138672
2007.03.26,42.3692345131,42.3692345131,41.8835451579,42.3406639099
2007.03.27,42.1406646335,42.2549442930,41.9692437819,42.1692352295
2007.03.28,41.7692637580,42.2835236953,41.6835546767,41.8549728394
2007.03.29,42.1120942845,42.1120942845,41.6549756437,41.9121055603
2007.03.30,41.9121043129,42.1406636264,41.5978359379,41.6264038086
2007.04.02,41.3407001346,41.5978300069,41.2549883608,41.3978385925
2007.04.03,41.5692777792,41.8835462482,41.5692777792,41.7406959534
2007.04.04,41.9406748721,42.1120929948,41.8263952154,42.0549545288
2007.04.05,41.7978273814,41.9978161126,41.7121183144,41.9406776428
2007.04.09,41.9978207841,42.0835298607,41.8549705068,41.8835411072
2007.04.10,42.0263862610,42.1406659240,41.9406771949,42.0263862610
2007.04.11,42.0263937266,42.0549643286,41.6835546767,41.8549728394
2007.04.12,41.6549670035,41.9406674570,41.5121167767,41.7978172302
2007.04.13,41.6264085293,41.6835497264,41.3978491898,41.4549903870
2007.04.16,41.7406834295,42.1120929948,41.7406834295,42.0549545288
2007.04.17,41.7692466399,41.9120968667,41.6263964132,41.7978172302
2007.04.18,41.9121140433,42.0835322060,41.7406931560,41.8549728394
2007.04.19,41.5406886218,41.7978184928,41.4264089819,41.6549682617
2007.04.20,41.7692595586,41.8835392304,41.6549798868,41.8264007568
2007.04.23,41.3692703247,41.5692617503,41.1978522167,41.3692703247
2007.04.24,41.3121337891,41.3692722529,41.1121450788,41.3121337891
2007.04.25,41.2264343838,41.5692734207,40.9407338240,41.5407028198
2007.04.26,41.1978442154,41.3406944275,40.9407143787,41.3406944275
2007.04.27,40.8550145753,41.1121444702,40.7407349248,41.1121444702
2007.04.30,40.7407397956,41.1407172580,40.5978895342,40.7978782654
2007.05.01,40.7693103928,40.8835900570,40.5407483398,40.7978782654
2007.05.02,40.7978689465,41.1121399947,40.7978689465,41.0264282227
2007.05.03,41.0550017949,41.1407108486,40.9121515558,41.0835723877
2007.05.04,41.2549854061,41.3406971738,41.1692763630,41.2264175415
2007.05.07,41.4835518597,41.5692609120,41.4264106750,41.4264106750
2007.05.08,41.4264034649,41.4549740522,41.1978442154,41.3406944275
2007.05.09,41.6835546767,41.9692525227,41.6549840747,41.8549728394
2007.05.10,41.3692650384,41.4549768061,41.0835673200,41.2264175415
2007.05.11,41.3407140628,41.6549824988,41.3121434618,41.5407028198
2007.05.14,41.4549812674,41.5121197273,41.2264219782,41.4264106750
2007.05.15,41.0550017949,41.3407022733,40.9978633341,41.0835723877
2007.05.16,41.0264269668,41.2549862360,40.8550088772,41.1692771912
2007.05.17,40.7407374711,40.8264465332,40.5407460267,40.8264465332
2007.05.18,40.6550322615,40.8264531381,40.5978937857,40.7121734619
2007.05.21,40.6550322615,40.8264531381,40.5693231855,40.7121734619
2007.05.22,41.1121444702,41.2835625837,41.0264326888,41.1121444702
2007.05.23,41.3692658706,41.5121160950,41.1407066014,41.1692771912
2007.05.24,41.2835715572,41.3978512326,40.7978822557,40.9693031311
2007.05.25,40.8264488626,40.9407285268,40.7693103928,40.7978782654
2007.05.29,41.2835559953,41.3692650384,41.0835673200,41.2264175415
2007.05.30,40.9978654266,41.3407043833,40.9407242381,41.3121337891
2007.05.31,41.6264006472,41.8263920749,41.5692621855,41.7121124268
2007.06.01,41.9406776428,42.0835251796,41.8549658512,41.9406776428
2007.06.04,41.9406828714,42.0835304260,41.7692619914,42.0835304260
2007.06.05,42.1406659240,42.1406659240,41.9406771949,42.0263862610
2007.06.06,42.0549643286,42.0835322060,41.6835546767,41.8549728394
2007.06.07,41.9406779009,42.0835254386,41.4835592412,41.6835479736
2007.06.08,41.5692726767,41.9978207841,41.4549929998,41.8835411072
2007.06.11,41.7692595586,42.0549601005,41.7406889595,41.8264007568
2007.06.12,41.4835569674,41.7121162847,41.1978564584,41.2835655212
2007.06.13,41.2835589520,41.5406888243,41.1978499028,41.3978385925
2007.06.14,41.3407107172,41.6264085293,41.2835695200,41.4549903870
2007.06.15,41.7978301577,41.8549686313,41.6835504859,41.8264007568
2007.06.18,41.8549756443,41.9121168521,41.5978483831,41.7406959534
2007.06.19,41.7121124268,41.7692508885,41.5692621855,41.7121124268
2007.06.20,41.8263907935,41.8263907935,41.3121310304,41.4264106750
2007.06.21,41.5406947472,41.7406834654,41.4264150904,41.6264038086
2007.06.22,41.4264062169,41.4835473953,40.9121465092,41.2264175415
2007.06.25,41.1407074576,41.3121282754,40.9121481836,40.9978599548
2007.06.26,41.3692763280,41.3692763280,41.0550079346,41.0550079346
2007.06.27,40.9121496412,41.2264206976,40.8264405916,41.1407089233
2007.06.28,41.0550079346,41.2835672615,40.9978694651,41.0550079346
2007.06.29,41.4835609856,41.5978406553,41.3121401186,41.4549903870
2007.07.02,41.8549618131,42.2549419616,41.7692527543,42.1978034973
2007.07.03,42.1692398922,42.2263783660,42.0835280947,42.1120986938
2007.07.05,41.9978141785,41.9978141785,41.7406842646,41.9978141785
2007.07.06,41.7978172302,41.9692353226,41.6263964132,41.7978172302
2007.07.09,42.0835149591,42.0835149591,41.7406760497,41.7978172302
2007.07.10,41.8264026310,41.8835411072,41.7121229541,41.8835411072
2007.07.11,41.6549868663,41.8264077651,41.5692777792,41.7406959534
2007.07.12,41.6549766750,42.0549568579,41.6549766750,42.0263862610
2007.07.13,42.1120921109,42.2549423599,41.9978124566,42.2263717651
2007.07.16,42.1978043370,42.2835133975,42.0263834915,42.1406631470
2007.07.17,41.9978146243,42.0549558167,41.8263964963,41.9121055603
2007.07.18,41.6835418336,41.7978214817,41.4835531306,41.7121124268
2007.07.19,41.9692440281,42.0549558167,41.8835349641,41.9121055603
2007.07.20,41.9978259392,41.9978259392,41.5692777792,41.7406959534
2007.07.23,41.9121051154,42.1406644333,41.9121051154,41.9978141785
2007.07.24,42.0835322060,42.1121028080,41.6835546767,41.8549728394
2007.07.25,42.0549619849,42.1692416619,41.5978432771,41.8835411072
2007.07.26,41.5692596208,41.5978302122,40.7121609506,41.1407089233
2007.07.27,41.1406999504,41.1978411208,40.5978724549,40.7407226562
2007.07.30,41.3978400827,41.5978315043,41.2835604381,41.4264106750
2007.07.31,41.5406858492,41.6549654815,41.1978469523,41.2264175415
2007.08.01,40.7407408277,40.9407295640,40.4550402977,40.9121589661
2007.08.02,40.7407440621,40.8264531381,40.5121847098,40.7121734619
2007.08.03,40.5693141529,40.6835938036,39.8836362485,40.1407661438
2007.08.06,40.6835814859,40.7978611020,40.4264516684,40.7407226562
2007.08.07,40.5121741530,40.8835836849,40.4264623747,40.6550216675
2007.08.08,40.8264391370,41.0835690014,40.7407300905,40.9978599548
2007.08.09,40.5121839655,40.5978930399,40.1979128183,40.3407630920
2007.08.10,39.6265055323,40.0264856639,39.4265168288,39.7693557739
2007.08.13,39.9979207984,40.0550619931,39.7979320663,39.8264999390
2007.08.14,39.9979159128,40.0550571005,39.5407973098,39.7122154236
2007.08.15,39.2836702494,39.5122295674,38.9408312724,39.0551109314
2007.08.16,38.8551217676,39.2836698029,38.4837121989,39.1408195496
2007.08.17,39.0836770899,39.2836657893,38.4837082671,38.8551177979
2007.08.20,39.0836770858,39.0836770858,38.1122987322,38.4265670776
2007.08.21,38.7693965005,39.0550969077,38.6836874681,38.9122467041
2007.08.22,39.1408207856,39.5693715591,39.1408207856,39.4265213013
2007.08.23,39.9407747251,39.9693453190,39.6265063667,39.7122154236
2007.08.24,39.5979336760,40.0550549795,39.5407952160,39.9122047424
2007.08.27,39.7979261499,39.8264940184,39.5693668544,39.5979347229
2007.08.28,39.6550866355,39.7122251125,38.9979764398,39.2265357971
2007.08.29,39.3408075590,39.7693555568,39.2836663728,39.5979347229
2007.08.30,39.1122430482,39.6265027925,39.0265339990,39.3408050537
2007.08.31,40.2264770893,40.2836182797,39.9693471820,40.1979064941
2007.09.04,39.8550730502,40.1122029932,39.7407933783,39.9693527222
2007.09.05,39.1979598999,39.3122395552,39.0265390547,39.1979598999
2007.09.06,39.2836769988,39.4265272782,39.0551176415,39.2265357971
2007.09.07,38.8836847987,39.0836762182,38.7979757472,39.0265350342
2007.09.10,38.9122598748,38.9694010655,38.4265706529,38.6837005615
2007.09.11,38.9408213513,39.1122394338,38.8836801740,39.0836715698
2007.09.12,38.8551150459,39.0836743218,38.7979738646,38.9693946838
2007.09.13,38.7122711568,38.8551214088,38.5122797142,38.6837005615
2007.09.14,38.8265518583,38.9122609219,38.7408427947,38.7979812622
2007.09.17,38.7408460258,38.7979844981,38.4551454903,38.5979957581
2007.09.18,38.3694262988,38.9979629517,38.2265760688,38.9979629517
2007.09.19,39.6550806239,39.7407896887,39.4265213013,39.4265213013
2007.09.20,39.5408099397,39.5979484210,39.0836911906,39.2836799622
2007.09.21,39.2836756907,39.5408056402,39.2551050908,39.3693847656
2007.09.24,39.5693711118,39.5979389833,39.3408117917,39.5122299194
2007.09.25,39.7693581010,39.8264965662,39.5693693859,39.7407875061
2007.09.26,40.0836296082,40.1693413996,39.9407793470,40.0836296082
2007.09.27,40.8835803179,41.0549984110,40.7407300905,40.9978599548
2007.09.28,40.9121619311,41.0550122065,40.8264528557,40.9693031311
2007.10.01,40.9121509120,41.6263993719,40.8550124520,41.4264106750
2007.10.02,41.4264134413,41.5692636877,41.2264247310,41.3121337891
2007.10.03,41.2549826655,41.5406830896,41.2549826655,41.3406944275
2007.10.04,41.3692722529,41.4835546297,41.2835631948,41.3121337891
2007.10.05,41.5978455954,41.9978231247,41.5121337894,41.8549728394
2007.10.08,41.5978359379,41.7121155947,41.4549856857,41.6264038086
2007.10.09,41.5121154785,41.7121068796,41.4264064350,41.5121154785
2007.10.10,41.2835604381,41.4264106750,41.2264219782,41.4264106750
2007.10.11,41.7978232042,41.9406734513,41.3978430570,41.4835548401
2007.10.12,41.3407045929,41.8263937985,41.3407045929,41.4835548401
2007.10.15,41.1121395918,41.1978486384,40.8835803179,40.9978599548
2007.10.16,40.5121844246,40.5407523000,40.1693453985,40.2550544739
2007.10.17,40.3978989826,40.4836080457,40.1121984726,40.3121871948
2007.10.18,40.3693209784,40.5978802545,40.3407503877,40.4836006165
2007.10.19,40.2550415342,40.3121799912,39.5407931116,39.6836433411
2007.10.22,39.7407839130,40.0836228472,39.6550748607,39.9122047424
2007.10.23,40.0264892578,40.1407689164,39.7979299406,40.0264892578
2007.10.24,39.9407810921,40.0264928873,39.3408148734,39.8550720215
2007.10.25,39.7407860174,39.7693566113,39.4265176590,39.7122154236
2007.10.26,40.2550493704,40.5978883531,40.1407697095,40.3978996277
2007.10.29,40.8264475733,40.9692978302,40.7407385090,40.9407272339
2007.10.30,40.7121520711,40.9121407181,40.6550109007,40.7407226562
2007.10.31,40.8835807185,41.1407078608,40.7693010804,41.0264282227
2007.11.01,40.8550154728,40.9121539370,40.3121850774,40.5121765137
2007.11.02,40.4550380958,40.5121792886,40.0264900487,40.3978996277
2007.11.05,39.6265063667,39.9122068559,39.6265063667,39.7122154236
2007.11.06,40.0264955787,40.2550549321,40.0264955787,40.1693458557
2007.11.07,39.6836512204,39.8264987536,39.2265298505,39.4265213013
2007.11.08,39.1979614336,39.3122410933,38.6837016025,38.7979812622
2007.11.09,38.3980015850,38.5122812462,37.9123150684,38.2837219238
2007.11.12,38.1408644773,38.6836920458,38.1408644773,38.3122825623
2007.11.13,38.5694145887,39.0265331405,38.4837055414,38.9693946838
2007.11.14,39.2550896523,39.3693692822,38.9693919399,39.0836715698
2007.11.15,38.8265499713,39.0265386850,38.5979906630,38.7408409119
2007.11.16,38.7408473347,38.7694152095,38.3408671164,38.4551467896
2007.11.19,38.2265854635,38.2551560614,37.6551871274,37.7980346680
2007.11.20,38.5408513466,38.9979699856,38.4265716869,38.7979812622
2007.11.21,38.1123085022,38.2837266529,37.7408988762,38.1123085022
2007.11.23,38.7122648173,38.9979625498,38.7122648173,38.9693946838
2007.11.26,39.2836630070,39.3408041883,38.8551150459,38.9693946838
2007.11.27,39.2550957797,39.7122143706,39.2550957797,39.5979347229
2007.11.28,39.4265249616,40.0836323941,39.3979543625,39.9693527222
2007.11.29,40.0264926207,40.4264700971,40.0264926207,40.1122016907
2007.11.30,40.4550364015,40.6550251185,40.0836268380,40.1979064941
2007.12.03,40.3407635492,40.3979047492,40.0550657231,40.2550544739
2007.12.04,39.7407908716,39.9407796037,39.6836524015,39.8264999390
2007.12.05,40.3693205513,40.6835888715,40.3121793705,40.5693092346
2007.12.06,40.5407420238,41.0835723877,40.4550329702,41.0835723877
2007.12.07,40.7407440621,40.8550237383,40.5407525853,40.7121734619
2007.12.10,40.7121668755,40.9407261909,40.6264578134,40.8264465332
2007.12.11,40.8550246078,40.9121630848,39.7979368996,39.9407844543
2007.12.12,40.7121731753,40.8264528507,39.9979245231,40.2550544739
2007.12.13,39.3693801083,39.5122303661,38.9694026560,39.4265213013
2007.12.14,38.7122714851,38.7979805472,37.8837432861,37.8837432861
2007.12.17,37.7980294213,37.9408796666,37.2266311646,37.2266311646
2007.12.18,37.7123224374,37.9980229438,37.3409128689,37.8837432861
2007.12.19,37.7694638711,37.8551729337,37.4551927671,37.6266136169
2007.12.20,37.7123213959,37.9123128347,37.5409032765,37.7694625854
2007.12.21,37.9980346399,38.4837240154,37.9123255514,38.3408737183
2007.12.24,38.0464249403,38.4794256304,38.0464249403,38.2773590088
2007.12.26,38.2484986789,38.6526347503,38.1330316232,38.4505653381
2007.12.27,38.3928231582,38.3928231582,37.8443527222,37.8443527222
2007.12.28,38.2773590088,38.3928260430,38.0752896342,38.2773590088
2007.12.31,38.3062166961,38.3639488220,37.9309482423,38.3639488220
2008.01.02,38.3062237157,38.4794228781,38.0175547743,38.1907539368
2008.01.03,38.2484834388,38.4216853298,38.1618838697,38.3350830078
2008.01.04,37.9020890791,38.0175561091,37.0938198690,37.3536186218
2008.01.07,37.2670151247,37.3536146998,37.0072136462,37.1226806641
2008.01.08,37.5268148987,37.6711493528,37.0360794067,37.0360794067
2008.01.09,37.7577531412,37.8443527222,37.2958850391,37.8443527222
2008.01.10,37.1515412651,37.7288762482,37.1226738277,37.5268096924
2008.01.11,37.0360771516,37.0938120308,36.7185435743,36.8917427063
2008.01.14,37.3536186218,37.4402209591,37.0938198690,37.3536186218
2008.01.15,36.5742011132,36.6608006602,35.9102639117,36.3143997192
2008.01.16,35.7082181397,35.9102847844,35.2752174001,35.6504859924
2008.01.17,35.7948115371,36.0257455919,35.0731419274,35.1597442627
2008.01.18,35.9680062014,36.1700727704,35.3906711807,36.0834732056
2008.01.22,33.9762096026,35.1597474285,33.7741402217,34.7556114197
2008.01.23,33.8318640468,34.8999344854,33.4854630467,34.8710670471
2008.01.24,35.3329468104,35.5061487446,35.0442805907,35.4484138489
2008.01.25,36.5453511223,36.6319507107,35.6793469802,35.9968833923
2008.01.28,35.5061412751,36.0257414625,35.2463398049,35.7948074341
2008.01.29,36.1989496138,36.4010162354,36.1123500265,36.4010162354
2008.01.30,35.8814126502,36.7474139499,35.8236777620,36.2278137207
2008.01.31,36.1412164809,36.9494856977,36.0546141430,36.7185516357
2008.02.01,36.9206123941,37.1226789780,36.8051453814,37.0360794067
2008.02.04,36.9494835942,37.1804176430,36.8051491255,36.9206161499
2008.02.05,36.3144141986,36.3721490883,35.6216120405,35.6793441772
2008.02.06,35.6504831640,35.7082153067,35.2174797058,35.2174797058
2008.02.07,35.1885960528,35.6215993115,35.1019965022,35.4195327759
2008.02.08,34.8999458370,34.9865454270,34.3803427914,34.5246772766
2008.02.11,34.8710670471,35.0442689237,34.5246660470,34.8710670471
2008.02.12,35.2752113780,35.5638775709,35.1308769052,35.3906784058
2008.02.13,35.1020033789,35.2463378268,34.8999368037,35.1308708191
2008.02.14,35.9968788182,36.0257435087,35.4484084050,35.4772758484
2008.02.15,35.7948227010,35.9102897644,35.4195568095,35.9102897644
2008.02.19,36.6030767387,36.6896763050,36.1412087141,36.2566757202
2008.02.20,35.2174765312,35.7082120878,35.1597443937,35.5061454773
2008.02.21,36.0546116153,36.2278135261,35.6793431027,35.7659454346
2008.02.22,35.9968904975,36.1123575557,35.4484199063,36.0546226501
2008.02.25,36.4298805613,36.8628839670,36.2566814014,36.8051490784
2008.02.26,36.6896827408,37.2958853177,36.6030831592,37.2092857361
2008.02.27,36.9783450911,37.3536107953,36.8628780853,37.0072097778
2008.02.28,36.8340186259,36.8917507648,36.5742171183,36.6030845642
2008.02.29,36.4298797647,36.4587472084,36.1123461432,36.1700782776
2008.03.03,36.0257350873,36.1412048340,35.8236685364,36.1412048340
2008.03.04,35.3618158615,35.5927499489,34.9288151358,35.3040809631
2008.03.05,35.5927450599,35.8814140061,35.3618110042,35.5061454773
2008.03.06,35.6793417794,35.7659441081,35.1597415723,35.1886062622
2008.03.07,34.9288039866,35.1020031204,34.6690025330,34.6690025330
2008.03.10,34.9288132847,35.0154128746,34.4958098290,34.5246772766
2008.03.11,35.3329495233,35.6216185182,34.9576809312,35.5350189209
2008.03.12,35.7370855655,35.8814200629,35.4772840207,35.5350189209
2008.03.13,34.8710813576,35.8525526372,34.6690147128,35.6504859924
2008.03.14,35.0731377636,35.2752071024,33.2833976746,33.2833976746
2008.03.17,33.8607278181,34.5823972371,33.8029956961,34.2359962463
2008.03.18,34.8422111432,35.3329467441,34.7556115528,35.2174797058
2008.03.19,35.0442740647,35.2174732137,34.1494026184,34.1494026184
2008.03.20,34.2359955016,35.0153997786,33.9473293921,34.7844657898
2008.03.24,35.6504800806,35.9102788296,35.5927451900,35.8525466919
2008.03.25,36.0257443649,36.3721481883,35.8525452061,36.2278137207
2008.03.26,36.2855490502,36.3432839435,35.8525483622,35.9391479492
2008.03.27,36.1989378609,36.2566727357,35.8236694336,35.8236694336
2008.03.28,36.0834846188,36.4010182924,35.9680175781,35.9680175781
2008.03.31,35.6216066084,35.9391401942,35.5927391680,35.7082061768
2008.04.01,36.3432842057,36.7474174500,36.2855493120,36.7474174500
2008.04.02,36.7185418157,36.8917409394,36.5742073774,36.6896743774
2008.04.03,36.7762783815,37.0649472931,36.7474109398,36.8628807068
2008.04.04,36.9494775856,37.1804115968,36.7474082610,36.8917427063
2008.04.07,37.3824766655,37.3824766655,37.0938105396,37.1515426636
2008.04.08,36.4876175334,36.6896841491,36.4876175334,36.6030845642
2008.04.09,36.2278246139,36.2855567666,35.9968904975,36.0546226501
2008.04.10,36.1412173228,36.3432839435,35.9391479492,35.9391479492
2008.04.11,36.1989457213,36.4298797647,36.0257438122,36.1700782776
2008.04.14,36.0257475362,36.1989494632,35.9102805026,35.9391479492
2008.04.15,36.1989517212,36.2566866181,35.9102827426,36.1989517212
2008.04.16,36.9206179475,37.3536186218,36.9206179475,37.3536186218
2008.04.17,36.8628839670,37.0938180155,36.7185494984,36.8051490784
2008.04.18,37.3536198346,37.8154907227,37.2381528009,37.8154907227
2008.04.21,37.4402183488,37.7288845272,37.3824834613,37.7000198364
2008.04.22,37.1515430906,37.2092779682,36.9206090860,36.9783439636
2008.04.23,37.1515503861,37.4402193250,37.0072159166,37.3824844360
2008.04.24,37.0938148499,37.3536135675,36.7762784956,37.0938148499
2008.04.25,37.8154907227,37.9309577564,37.6134213489,37.8154907227
2008.04.28,38.1330397118,38.5949080326,38.0753047952,38.5083084106
2008.04.29,38.3928260055,38.5082930396,38.1041570437,38.1618919373
2008.04.30,38.2196159981,38.6237519085,38.1330164291,38.3350830078
2008.05.01,38.0752779754,38.6814804077,38.0464132904,38.6814804077
2008.05.02,38.7969533706,38.8546882554,38.3928201889,38.5948867798
2008.05.05,38.4794165214,38.7392179751,38.4216843944,38.6526184082
2008.05.06,38.4505524296,38.8835558078,38.4216877400,38.8258209229
2008.05.07,38.8835533686,38.9990203783,38.2773508794,38.3350830078
2008.05.08,38.5083084106,38.6526429491,38.3062417085,38.5083084106
2008.05.09,37.8154771652,38.0464111499,37.7866097288,37.9020767212
2008.05.12,37.8154907977,38.0752895595,37.8154907977,38.0464248657
2008.05.13,38.2196175066,38.2196175066,37.8443490220,38.0752830505
2008.05.14,38.3350819456,38.5948833984,38.3350819456,38.4216842651
2008.05.15,38.8546847440,39.2010857625,38.7392177378,39.1722183228
2008.05.16,39.1144922341,39.4320258619,39.0856247899,39.3165588379
2008.05.19,39.4320302028,39.6052321343,39.2299635768,39.2588310242
2008.05.20,39.1722313481,39.2010987975,38.8835651131,38.9124298096
2008.05.21,38.7103514149,38.7969509838,38.1907484957,38.2196159363
2008.05.22,38.7969616194,38.9124286606,38.5948949856,38.7680969238
2008.05.23,38.7681018060,38.7969665052,38.2773661311,38.4505653381
2008.05.27,38.3062184429,38.5660171509,38.1330165514,38.5660171509
2008.05.28,38.0752912270,38.1907582661,37.8732245969,38.1330261230
2008.05.29,38.2196161207,38.6526194731,38.1907486799,38.5660171509
2008.05.30,39.0278925594,39.2299591627,38.9990251153,39.0856246948
2008.06.02,39.3454202085,39.3454202085,39.0278866297,39.1722183228
2008.06.03,39.3742903515,39.4897573656,38.9701544256,39.1433563232
2008.06.04,39.3742905798,39.8072911970,39.3454231379,39.6052246094
2008.06.05,39.3454249099,39.9227600098,39.3454249099,39.9227600098
2008.06.06,39.1722434335,39.2877105137,38.5083084106,38.5083084106
2008.06.09,38.6814841609,38.8258186118,38.3928180123,38.5660171509
2008.06.10,37.6711535144,37.9309550098,37.6422860698,37.7288856506
2008.06.11,37.7288953751,37.9309647863,37.1515600992,37.1804275513
2008.06.12,37.1804144224,37.3536135675,37.0072125243,37.0938148499
2008.06.13,37.0649449172,37.5268129438,37.0360774773,37.4690780640
2008.06.16,37.6422887955,37.9020903097,37.5845566551,37.8154907227
2008.06.17,38.1618853759,38.2484849484,37.9598160363,38.0752830505
2008.06.18,37.8732206312,37.9598202131,37.6711540222,37.6711540222
2008.06.19,37.3824926282,37.5845620309,37.1804259784,37.5556945801
2008.06.20,36.6319332269,36.7474002072,36.2855322859,36.3143997192
2008.06.23,36.5164724295,36.6608068676,36.3721407444,36.5742073059
2008.06.24,36.3144166106,36.6319502659,36.1700821298,36.2855491638
2008.06.25,36.6916165092,37.0976907434,36.6626133801,36.8366432190
2008.06.26,36.2275381901,36.3145558875,35.5894250057,35.9084815979
2008.06.27,36.0825205828,36.2275473490,35.8504788632,36.1115264893
2008.06.30,36.2855497910,36.4885855516,36.1695289612,36.1695289612
2008.07.01,35.9664870840,36.3435554373,35.6474305233,36.3145523071
2008.07.02,36.0245071320,36.1405279776,35.4734060408,35.5314178467
2008.07.03,35.7924647952,35.8794797363,35.4734054010,35.6474380493
2008.07.07,35.6764439517,35.9955005798,35.5024113034,35.6474380493
2008.07.08,35.1833429231,35.5604112300,35.0383162256,35.5023994446
2008.07.09,35.4733966099,35.5314084003,34.9222984314,34.9222984314
2008.07.10,35.1253350782,35.3863826097,34.9222993387,35.2413558960
2008.07.11,34.8062695298,34.9803020946,34.4582071665,34.7772636414
2008.07.14,35.2703668745,35.2993727747,34.8352894368,35.0093193054
2008.07.15,34.5162370589,34.8352964929,34.2551922030,34.4292221069
2008.07.16,34.7192619363,35.4153868095,34.6612501471,35.2993659973
2008.07.17,35.4443950224,35.5604158422,34.9803117432,35.1253356934
2008.07.18,35.0093269318,35.0383328383,34.7772852123,34.9803237915
2008.07.21,35.1253477916,35.1833596045,34.8933060721,34.9803237915
2008.07.22,35.0673361443,35.4734077402,34.9803211975,35.4444046021
2008.07.23,35.6184255838,35.8794731251,35.5314106587,35.6764373779
2008.07.24,36.0535123846,36.1115214233,35.5314172058,35.6474380493
2008.07.25,35.3573767138,35.5024034275,35.1543409742,35.2413558960
2008.07.28,35.2703702961,35.4153970448,34.8062869132,34.8352928162
2008.07.29,34.7192583106,35.0673207109,34.6032375106,35.0383148193
2008.07.30,35.2993746907,35.4153955315,35.0963389109,35.3573837280
2008.07.31,34.9513164331,35.1253463324,34.7482778623,34.8062896729
2008.08.01,34.5452282627,34.6032400501,34.1971658369,34.3131866455
2008.08.04,33.6750806252,33.7040865274,33.4140358044,33.4430389404
2008.08.05,33.9651248216,34.3711990419,33.8781099051,34.1971664429
2008.08.06,33.9651232880,34.0521382005,33.8200965897,33.9941291809
2008.08.07,33.5010492538,33.6170700910,33.1819898768,33.2400016785
2008.08.08,33.0079510892,33.7910908375,32.9789451962,33.7330818176
2008.08.11,33.8491041627,34.0231339964,33.7040774572,33.9361190796
2008.08.12,33.7330883877,33.8201033175,33.5590557619,33.7040824890
2008.08.13,33.3270095772,33.3560154719,32.9789471390,33.1239738464
2008.08.14,32.7759022880,33.1239646293,32.7468964013,32.9209289551
2008.08.15,32.8339316140,32.9789583708,32.6599017187,32.6889076233
2008.08.18,33.3560265885,33.4140383973,32.8049282359,32.9789581299
2008.08.19,32.5438696430,32.6018786661,32.3408311470,32.4568519592
2008.08.20,32.6018892639,32.8049278259,32.4568625099,32.8049278259
2008.08.21,32.6598911992,33.0369595391,32.5728735134,33.0079536438
2008.08.22,32.6598924193,32.8339222651,32.5148657038,32.7759132385
2008.08.25,32.8339175098,32.8629234019,32.3118252820,32.4858551025
2008.08.26,32.5728715407,32.7469041355,32.5438684133,32.6598892212
2008.08.27,32.6599010720,32.8049278259,32.5438802220,32.8049278259
2008.08.28,32.9789450180,33.0659599304,32.8919301056,33.0659599304
2008.08.29,33.3270085064,33.4430293154,33.0369578670,33.0949668884
2008.09.02,32.9789457512,33.0659606656,32.5728715407,32.6598892212
2008.09.03,32.5148743180,32.8049278259,32.4858684139,32.8049278259
2008.09.04,32.2538180068,32.3408329292,31.7027198098,31.7607288361
2008.09.05,31.6447080174,31.8477437585,31.3836604840,31.7607288361
2008.09.08,32.6018742190,32.6888918909,32.1087851427,32.5438652039
2008.09.09,32.1958018450,32.2828167481,31.6156951143,31.6447010040
2008.09.10,32.1668097220,32.2538246624,31.8477503303,32.0507888794
2008.09.11,31.4706850966,31.9637743758,31.3546642525,31.8767566681
2008.09.12,31.8477362301,32.1087837018,31.7607213282,32.0797805786
2008.09.15,30.9195726981,31.3256468871,30.7455428786,31.1806201935
2008.09.16,30.4844925793,30.9775816327,30.2524509973,30.8905639648
2008.09.17,30.3974830968,30.6875365356,29.6433491351,29.7883758545
2008.09.18,30.5715175665,31.4706810683,29.8173807930,31.1226158142
2008.09.19,32.0217850141,32.9789577178,31.5286957103,32.8049278259
2008.09.22,32.3118334565,32.3118334565,31.4706817347,31.6737174988
2008.09.23,31.6447088101,31.8767504532,31.0355988055,31.3836612701
2008.09.24,31.9057519426,32.0217727481,31.5286836332,31.8187370300
2008.09.25,31.9927628233,32.5148577654,31.9637597002,32.3698310852
2008.09.26,31.8477356478,32.2828156815,31.7607207476,32.1958007812
2008.09.29,31.0356016558,31.1226165884,29.2662832733,29.7013607025
2008.09.30,30.3394800486,30.9775960799,30.1944533006,30.9195842743
2008.10.01,30.4844962449,30.8615645526,30.3394695471,30.5425052643
2008.10.02,30.0494120649,30.1364297315,29.1502516402,29.2372665405
2008.10.03,29.2082675290,29.7013566907,28.6571693420,28.6571693420
2008.10.06,27.8450266427,28.0480624021,25.0025121808,27.7290058136
2008.10.07,27.8740277086,27.9900485291,26.7138195038,26.7138195038
2008.10.08,25.7566460475,26.7138184711,25.5246044155,25.7276401520
2008.10.09,26.4817802534,26.5978010844,24.5094233610,24.5384292603
2008.10.10,23.0011519414,24.0453408379,22.2180106149,23.4652366638
2008.10.13,25.1185200493,27.4969472014,25.0895141654,27.1778907776
2008.10.14,28.4831326268,28.5701503012,26.3367464476,27.0328712463
2008.10.15,26.3657584743,26.4237675046,24.1613599992,24.2193717957
2008.10.16,25.1475368987,25.7276409978,23.8132960878,25.6986351013
2008.10.17,24.9154933296,26.2207281430,24.8574815411,25.3505706787
2008.10.20,26.3367538881,27.3519382477,26.1917271559,27.3519382477
2008.10.21,26.5978024773,27.0908917262,26.1627250299,26.3657608032
2008.10.22,25.5536083741,25.6116173946,24.3063826220,24.7704658508
2008.10.23,25.0025174072,25.7276484321,24.2193773387,25.6116275787
2008.10.24,23.2912001484,24.5674318851,23.2331911238,24.0743427277
2008.10.27,23.2621984735,23.7262817645,22.5370662567,22.6240825653
2008.10.28,23.8423118882,25.4666040403,23.1171793885,25.3795890808
2008.10.29,24.9735026440,25.8436601185,24.7414610197,24.7994728088
2008.10.30,26.3657543861,26.5977960037,25.6696295334,26.1337127686
2008.10.31,25.3795825111,26.4237700528,25.2635616731,26.1047134399
2008.11.03,26.1627267141,26.4527774423,25.9306822589,26.2787475586
2008.11.04,27.2359165984,27.7290058136,27.0908898705,27.7290058136
2008.11.05,27.8160209246,28.1060716161,26.9748692167,27.1488990784
2008.11.06,26.3367492619,26.5397849916,24.7124578912,24.7994728088
2008.11.07,25.9886930194,26.2787465021,25.7566513397,26.2497406006
2008.11.10,26.8298319141,26.9748585858,26.1627130970,26.4817695618
2008.11.11,25.5536217659,25.8436725528,24.9445115173,25.3795890808
2008.11.12,25.2635547293,25.3795755354,24.5964330197,24.6834506989
2008.11.13,25.2055496667,26.4527757395,24.3934038075,26.3657608032
2008.11.14,25.2925643463,25.8436625649,24.8574841848,24.9445018768
2008.11.17,24.8864917755,25.4085868984,24.5384292823,24.8864917755
2008.11.18,24.4804174837,24.8864917755,24.1033518574,24.8864917755
2008.11.19,24.2773829495,24.5674364250,23.1171731971,23.2912044525
2008.11.20,23.3782192963,23.5522491473,22.3050246112,22.6240825653
2008.11.21,23.6682645163,24.1033445759,22.7110922576,24.0163269043
2008.11.24,24.5094231899,25.7276432895,24.3063874287,25.1475391388
2008.11.25,25.3795775676,25.4955983830,24.4514110446,25.0315151215
2008.11.26,24.4514141817,25.5246075532,24.4224082826,25.4956016541
2008.11.28,24.8284777301,25.3505699814,24.8284777301,25.1185283661
2008.12.01,24.8574842429,24.9154960377,23.6102610824,23.6682701111
2008.12.02,24.4804108058,24.9444967696,24.1903601904,24.8574790955
2008.12.03,24.1903608786,25.1765390847,24.1613549864,25.0895214081
2008.12.04,24.2483736368,24.7704687126,23.7842903544,24.1033496857
2008.12.05,24.0163301894,24.5964342488,23.4362261299,24.4804134369
2008.12.08,25.2345524308,25.7856534129,25.1475375054,25.5826148987
2008.12.09,25.2925618755,25.8726659347,25.1475351692,25.4085826874
2008.12.10,25.8146576460,26.0466993011,25.5536128585,25.9596843719
2008.12.11,26.2787473706,26.5687980967,25.7276462885,25.8726730347
2008.12.12,25.8436640008,26.6268066754,25.7566490702,26.4527740479
2008.12.15,26.5107854103,26.5687944411,25.9886903025,26.3077468872
2008.12.16,27.6419830322,27.6419830322,26.2787392328,27.6419830322
2008.12.17,27.2649155328,27.7580046720,27.2069065102,27.5839748383
2008.12.18,27.2939155518,27.3229214399,26.3367433737,26.6267967224
2008.12.19,26.5107898712,27.0328823007,26.3657631206,26.5107898712
2008.12.22,27.0618840949,27.0618840949,26.0176966283,26.4527740479
2008.12.23,26.4381470828,26.5551299234,25.7654964464,25.9994621277
2008.12.24,26.2334343518,26.3211708069,26.0872050673,26.3211708069
2008.12.26,26.0287077882,26.8475905259,25.7947420886,26.8183441162
2008.12.29,27.1400445950,27.1985374108,26.7013596323,27.0230617523
2008.12.30,27.1400403375,27.7834472656,27.1107967232,27.7834472656
2008.12.31,27.6079784346,28.1344026682,27.6079784346,28.0174198151
2009.01.02,27.9881805160,28.4268684184,27.7542147503,28.1636562347
2009.01.05,27.6079822473,27.7834579458,27.2862800541,27.4617557526
2009.01.06,27.2277918725,27.4032647938,26.9353332849,27.1985454559
2009.01.07,27.1108051226,27.2277879831,26.7013637162,26.9353294373
2009.01.08,27.1400436803,27.3447657398,26.9060780029,27.3155193329
2009.01.09,27.1107996659,27.1692896899,26.6721119354,26.8475875854
2009.01.12,26.8475895453,26.8768331649,26.3504117545,26.5258846283
2009.01.13,25.9702174746,26.2626732013,25.8239882166,26.0287075043
2009.01.14,25.6192744266,25.6485208422,25.0343600584,25.2683258057
2009.01.15,25.6485196842,25.8532390065,25.0343589281,25.5900268555
2009.01.16,26.1749377050,26.2334305259,25.3268113254,25.7654991150
2009.01.20,25.5022878616,25.5900243068,24.5956686304,24.6541614532
2009.01.21,25.0928410489,25.7362480164,24.9466118124,25.7362480164
2009.01.22,25.0343596900,25.2390790186,24.5956718286,25.0928497314
2009.01.23,24.4201907787,25.1513341818,24.3324515622,25.0343513489
2009.01.26,24.8588767278,25.2683180545,24.8003839144,25.0051059723
2009.01.27,25.7070099442,25.9994685121,25.6192734894,25.7947463989
2009.01.28,26.1456895793,26.4381480865,26.0287067342,26.2626724243
2009.01.29,25.6777644688,25.7362573002,25.2390793900,25.2683258057
2009.01.30,25.4145486272,25.4145486272,24.5664222189,24.6541614532
2009.02.02,24.5956686304,24.8296343437,24.4494393622,24.6541614532
2009.02.03,24.9466194129,25.2975680141,24.7711465068,25.1220951080
2009.02.04,25.4730390591,25.6485147222,25.1513369306,25.3560562134
2009.02.05,24.9758672270,25.4145523059,24.7419014798,25.2683258057
2009.02.06,25.0051065128,25.4730378739,24.9466136981,25.4145450592
2009.02.09,24.8588825821,25.1805847644,24.8296361685,24.9466190338
2009.02.10,24.7418959420,24.8881251986,23.9815060391,24.0692424774
2009.02.11,24.3032163941,24.3909528520,23.8937749420,24.1862335205
2009.02.12,23.8352812539,24.1862326512,23.6013155151,24.1569862366
2009.02.13,23.8645250776,23.9815079343,23.5135765076,23.5135765076
2009.02.17,23.0456434257,23.1626262740,22.6654484715,22.7239398956
2009.02.18,23.1041366677,23.1333816848,22.7239416836,22.8994159698
2009.02.19,23.0456439027,23.1918717689,22.5192196800,22.5777111053
2009.02.20,21.8758079387,22.5192134393,21.8465615369,22.2852478027
2009.02.23,22.2560097600,22.2852547764,21.2909005098,21.3493919373
2009.02.24,21.6126039567,22.3145025227,21.3786382329,22.2267646790
2009.02.25,21.9927980897,22.0512895184,21.4663752319,21.6418495178
2009.02.26,21.9343026674,22.0220404917,21.2616506631,21.3786334991
2009.02.27,21.5248702735,21.9635567592,21.5248702735,21.5541152954
2009.03.02,21.2908960648,21.4371239056,20.7059805179,20.7937183380
2009.03.03,20.9984421277,21.0276885389,20.4720192769,20.7352313995
2009.03.04,21.1446700193,21.6126014118,21.0569321859,21.2908992767
2009.03.05,21.0861847457,21.2324140458,20.5890067989,20.8814640045
2009.03.06,20.9692006355,21.1739199702,20.2673019886,20.8229713440
2009.03.09,20.0333283485,20.5305060704,20.0040833385,20.0918197632
2009.03.10,20.6767400955,21.2616543777,20.6474936841,21.1154251099
2009.03.11,21.2908971569,21.4371250052,20.9984386712,21.2031593323
2009.03.12,20.6767357112,21.2616498693,20.5012614638,21.1739120483
2009.03.13,21.2616506631,21.4371249171,21.0276849912,21.3786334991
2009.03.16,21.8173262741,22.2560127359,21.6418519683,21.7588348389
2009.03.17,21.7295835486,22.5192184448,21.7003385348,22.5192184448
2009.03.18,22.1975128522,23.2796046901,22.0805300262,23.0456390381
2009.03.19,23.4258430630,23.4550894782,22.8701737253,22.9286651611
2009.03.20,22.8409222757,22.9579051216,22.3437444834,22.4314823151
2009.03.23,23.6305627791,24.2154771471,23.4258434476,24.1862335205
2009.03.24,23.6013129528,23.8645250776,23.4258400623,23.5135765076
2009.03.25,23.9522591687,24.5079297752,23.6598034503,24.2154712677
2009.03.26,24.5079317900,24.5956682338,24.1862296365,24.4786853790
2009.03.27,24.1277352957,24.2154717340,23.9230160099,24.0692424774
2009.03.30,23.3965930075,23.3965930075,23.0163980364,23.1333808899
2009.03.31,23.0456459900,23.3673481613,22.9286631287,23.1041374207
2009.04.01,23.2503607299,23.8060313037,23.1626242984,23.7767848969
2009.04.02,24.3909427965,24.9173669052,24.3616963929,24.6249084473
2009.04.03,24.3909520259,24.5371813102,24.1862327013,24.4201984406
2009.04.06,23.9230166278,23.9815066585,23.6598045170,23.8937702179
2009.04.07,23.8937668527,23.9522568751,23.6890475905,23.7475376129
2009.04.08,23.9815056226,24.1277348767,23.7767863404,23.9230155945
2009.04.09,24.7419002043,24.9173759002,24.6249173367,24.8003902435
2009.04.13,24.4494395997,24.9758638545,24.3617031536,24.8588809967
2009.04.14,24.6833984654,24.8881205016,24.5664156400,24.6249084473
2009.04.15,24.4494409353,24.7418994904,24.3617044844,24.7418994904
2009.04.16,24.6834044483,24.9758629772,24.4786851516,24.8296337128
2009.04.17,25.0051118610,25.0636018991,24.8296361685,24.9466190338
2009.04.20,24.6834011351,24.7418939486,24.3616990278,24.3909454346
2009.04.21,24.3032070985,24.7711384139,24.3032070985,24.6833992004
2009.04.22,24.5664189881,25.1513359838,24.5371753696,24.7711410522
2009.04.23,24.9466153701,25.0635982182,24.6834032646,24.9173717499
2009.04.24,25.3268080522,25.5315273207,25.1805788079,25.2975616455
2009.04.27,25.0635990346,25.4145475904,25.0343554134,25.2390747070
2009.04.28,24.7126508590,25.0051093879,24.6249144160,24.8296337128
2009.04.29,25.0051049434,25.3560534422,24.9466121324,25.0343513489
2009.04.30,25.1220920792,25.3560577852,24.8003871417,24.8881263733
2009.05.01,25.0928501007,25.2975694323,24.9758672270,25.2683258057
2009.05.04,25.3853035347,25.9702177843,25.3560571249,25.9409713745
2009.05.05,25.8824835644,25.9702200121,25.6777614676,25.8532371521
2009.05.06,26.2041836710,26.5258858133,26.0579544103,26.4673957825
2009.05.07,26.2626757674,26.3504150042,25.6777614676,25.8532371521
2009.05.08,26.4966435493,26.9060821533,26.3796606925,26.9060821533
2009.05.11,26.6428699493,26.7890992171,26.5258870929,26.6428699493
2009.05.12,26.8475953844,26.9938218812,26.5551368124,26.7891025543
2009.05.13,26.4673972963,26.4966437080,26.0872023123,26.2919216156
2009.05.14,26.1456951076,26.5843829612,26.0872050673,26.3211708069
2009.05.15,26.7013639651,26.8475932394,26.4381518292,26.5843811035
2009.05.18,26.5551320069,26.8475905259,26.5258855972,26.8183441162
2009.05.19,26.7598528057,26.9645748963,26.6428699493,26.6428699493
2009.05.20,27.0523168398,27.3447754347,26.9645803769,26.9938240051
2009.05.21,26.8183456285,26.9060820735,26.4966434707,26.6428699493
2009.05.22,27.0523178511,27.1108106879,26.7013691974,26.7306156158
2009.05.26,26.8183489542,27.6957218805,26.7891025392,27.6079826355
2009.05.27,27.4909852205,27.4909852205,26.9060711754,27.0815467834
2009.05.28,26.9353285648,27.0815578330,26.6721164398,26.9060821533
2009.05.29,27.2277807059,27.4032535553,27.0230586629,27.4032535553
2009.06.01,27.8711949964,28.0174242833,27.7249657094,27.8419513702
2009.06.02,27.7834526794,28.0174183736,27.6957162413,27.8711891174
2009.06.03,27.4909904274,27.5787296426,27.0815519128,27.2570247650
2009.06.04,27.5202457926,27.6664750765,27.4032629234,27.4617557526
2009.06.05,27.4032611165,27.4325075291,27.0523125318,27.1400489807
2009.06.08,27.1692911132,27.4909932345,26.9060790189,27.2862739563
2009.06.09,27.4032560365,27.6372217162,27.2277831712,27.5202388763
2009.06.10,27.8419369534,27.8711805644,27.2570201084,27.5494785309
2009.06.11,27.8127005194,28.2806319318,27.7834541089,28.0174198151
2009.06.12,27.9589308159,28.0466672617,27.8127015469,27.9881744385
2009.06.15,27.6664710802,27.6957174906,27.1985396707,27.4909954071
2009.06.16,27.5787405043,27.6079841317,27.1108089953,27.1985454559
2009.06.17,27.5202388763,27.6664681234,27.2570267894,27.5202388763
2009.06.18,27.4032567994,27.6079760776,27.2862739563,27.2862739563
2009.06.19,27.5494912387,27.7834569690,27.4909984116,27.7249641418
2009.06.22,27.4325038253,27.4617502340,26.9060796249,27.1108016968
2009.06.23,27.1402091591,27.4342537315,27.0519969090,27.2872314453
2009.06.24,27.5224709799,27.7871105823,27.2578341817,27.3460464478
2009.06.25,27.2872344129,28.0223431198,27.2284271746,27.9929409027
2009.06.26,28.0811462402,28.1987634922,27.9047189602,28.0811462402
2009.06.29,27.9047113575,28.0811385894,27.8164991436,27.9341163635
2009.06.30,27.8165085235,27.9047207671,27.4636567449,27.7282962799
2009.07.01,27.8753171607,28.1987667440,27.8459149475,28.0517444611
2009.07.02,27.4636491637,27.5224563751,27.2284147095,27.4342441559
2009.07.06,27.5812727046,27.7576971835,27.4930604651,27.6106777191
2009.07.07,27.5518638853,27.5812688958,27.1990121720,27.3166294098
2009.07.08,27.1990121720,27.3166294098,27.0519899238,27.3166294098
2009.07.09,27.2872243993,27.3754394308,27.1696071615,27.3166294098
2009.07.10,26.9637796016,27.1696090812,26.8167573429,27.0225868225
2009.07.13,26.9343738483,27.2578233693,26.7579493861,27.0813961029
2009.07.14,27.1402033222,27.2284183575,26.9931838718,27.0813961029
2009.07.15,27.1990190164,27.4636585690,27.1696139985,27.3754463196
2009.07.16,27.1696089069,27.3460361770,27.0813966740,27.2578239441
2009.07.17,27.1696089069,27.3166311646,27.1108016864,27.2578239441
2009.07.20,27.4636554506,27.6694849440,27.4048454214,27.6106777191
2009.07.21,27.9635321057,28.0517443535,27.7282975757,27.8459148407
2009.07.22,27.9635316054,28.2281711481,27.8753165550,28.1693611145
2009.07.23,27.9341222196,28.4339962100,27.8753121952,28.2869739532
2009.07.24,28.3163827550,28.5222122594,28.2281705108,28.4340000153
2009.07.27,28.1987605554,28.4339950348,28.0811433157,28.3751850128
2009.07.28,28.3457870483,28.4634043056,28.2281697911,28.3457870483
2009.07.29,28.4045906004,28.5516128540,28.1987611278,28.5516128540
2009.07.30,28.8750629425,29.1691074841,28.8456607317,28.8750629425
2009.07.31,28.9926801748,29.2867247162,28.8456607083,29.0220851898
2009.08.03,29.4631520789,29.6101715458,29.3455320187,29.5219593048
2009.08.04,29.3455409319,29.4925632477,29.2573286642,29.4925632477
2009.08.05,29.1985023437,29.3161195586,28.9044579043,29.2867145538
2009.08.06,29.3749376626,29.4043426783,28.9926808713,29.2573204041
2009.08.07,29.1691106762,29.3161329631,29.0220883893,29.1397056580
2009.08.10,28.9926833710,29.1691106762,28.9338761388,29.1397056580
2009.08.11,29.1985156944,29.2279179084,29.0514934075,29.1397056580
2009.08.12,29.1102873294,29.5219489836,29.0808851288,29.2867145538
2009.08.13,29.4337400413,29.6395694892,29.2573127973,29.5513572693
2009.08.14,29.7277830446,29.7571880540,29.3161241303,29.6689758301
2009.08.17,28.9044741237,28.9632841663,28.6692395619,28.8456668854
2009.08.18,29.0220806348,29.2279100989,28.9338684079,29.0808906555
2009.08.19,28.8456625714,29.4043438711,28.8456625714,29.1691093445
2009.08.20,29.3161298078,29.6689815759,29.2573197777,29.5219593048
2009.08.21,29.6983842162,29.9630209179,29.6689792034,29.8454036713
2009.08.24,29.7277862731,29.8748085317,29.6983840648,29.7865962982
2009.08.25,30.0218391418,30.1982664621,29.9042218631,30.0218391418
2009.08.26,29.9336198552,30.0512371063,29.8160026041,30.0512371063
2009.08.27,29.9924278047,30.2570673272,29.7571932968,30.1394500732
2009.08.28,30.2276521571,30.2570571617,29.9924177282,30.1100349426
2009.08.31,29.8454048137,30.0512371063,29.7865975902,30.0512371063
2009.09.01,29.8453990995,30.1100385650,29.4631452097,29.6101646423
2009.09.02,29.6101701975,29.8160024893,29.5513629743,29.6983852386
2009.09.03,29.5807624383,29.6689746587,29.3455251769,29.6101646423
2009.09.04,29.4043350333,29.7277817091,29.2279077892,29.5513572693
2009.09.08,29.8748167586,29.9042217792,29.6983922431,29.8160095215
2009.09.09,29.7277862619,30.0512357915,29.6689790410,29.9336185455
2009.09.10,30.1394462560,30.4040857449,29.9336167886,30.2864685059
2009.09.11,30.3158767546,30.5217062439,30.2276617127,30.2570667267
2009.09.14,29.7865983113,30.1688550878,29.7865983113,30.1394500732
2009.09.15,29.7571887980,30.0218282805,29.6395715618,29.9042110443
2009.09.16,29.9924270787,30.1100443298,29.7865975902,30.0512371063
2009.09.17,29.8159969061,30.0512313634,29.6983796774,29.7571868896
2009.09.18,30.1394455167,30.1394455167,29.7865938081,29.9042110443
2009.09.21,29.4631452097,29.7865918873,29.4043351933,29.6101646423
2009.09.22,30.1100431652,30.1100431652,29.9042136847,29.9924259186
2009.09.23,30.0218275298,30.2276569870,29.6395708207,29.6689758301
2009.09.24,30.1982592551,30.2864714920,29.5807679880,29.6983852386
2009.09.25,29.6395744940,29.8454039767,29.4337450114,29.4631500244
2009.09.28,29.5219579605,29.8748097125,29.4631507373,29.6983852386
2009.09.29,29.2867201197,29.3749323466,28.9926756244,29.0808906555
2009.09.30,29.4043382589,29.4631482814,29.0514865363,29.2279109955
2009.10.01,29.0514875912,29.0808926035,28.4634013655,28.4928035736
2009.10.02,28.1399502258,28.4045897133,27.9929307810,28.1105480194
2009.10.05,28.0517425030,28.4339992903,27.9635302611,28.3457870483
2009.10.06,28.6398168749,28.8750512916,28.5516046697,28.6692218781
2009.10.07,28.6986396092,28.9632791464,28.6692345930,28.9338741302
2009.10.08,29.3161304354,29.4925549211,29.1691081612,29.2573204041
2009.10.09,29.1985131769,29.3161304354,29.0808959183,29.2573204041
2009.10.12,29.4043380989,29.5513603502,29.2867208586,29.3161258698
2009.10.13,29.2279165740,29.2573215909,29.0514920812,29.1691093445
2009.10.14,29.4337560039,29.5219682717,29.3455409319,29.4925632477
2009.10.15,29.1102969560,29.3749364781,29.1102969560,29.3455314636
2009.10.16,28.6692408899,28.9044754626,28.6104308446,28.8162631989
2009.10.19,29.1396923341,29.4043317687,29.0220751192,29.2867145538
2009.10.20,29.3749355970,29.4043406106,28.9338716095,29.1985111237
2009.10.21,29.0514909295,29.4337477212,29.0220859138,29.1102981567
2009.10.22,28.8456625714,29.2279165740,28.6692352743,29.1691093445
2009.10.23,28.7574430762,28.8456581132,28.2869740957,28.4928035736
2009.10.26,28.7280381966,28.9044626457,28.2575664555,28.4045886993
2009.10.27,28.3751861856,28.4928034301,28.2281667331,28.2869739532
2009.10.28,28.1693654220,28.2281754646,27.9341308601,27.9929409027
2009.10.29,28.3163827550,28.5516172755,28.2869777388,28.4340000153
2009.10.30,28.4339979960,28.4928052199,27.8753139462,28.0811462402
2009.11.02,28.3751892595,28.5810215629,28.1399547449,28.3457870483
2009.11.03,27.9929441324,28.3163909912,27.9341340830,28.3163909912
2009.11.04,28.3751894321,28.5222117056,28.1987649472,28.2575721741
2009.11.05,28.3457845475,28.5516140286,28.2869745220,28.4634017944
2009.11.06,28.0811444763,28.3751861856,28.0517394642,28.2869739532
2009.11.09,28.3751857416,28.7280402740,28.3163785224,28.6104202271
2009.11.10,28.3163764747,28.4339937089,28.2281642501,28.4045886993
2009.11.11,28.4928022525,28.6104194922,28.3457828061,28.3751850128
2009.11.12,28.0517368273,28.1987590702,27.8165023603,27.9047145844
2009.11.13,28.0223388348,28.3163833942,27.9635316054,28.1693611145
2009.11.16,28.1693604786,28.6398295197,28.1105532505,28.4340000153
2009.11.17,28.0811430088,28.1693552365,27.9341207597,28.1105480194
2009.11.18,27.9635372784,27.9929423012,27.6400876366,27.8165149689
2009.11.19,27.3754394317,27.3754394317,27.0519899247,27.1696071625
2009.11.20,27.2578290522,27.4342535512,27.1696139985,27.3754463196
2009.11.23,27.7871004313,27.8459104567,27.5224609256,27.6694831848
2009.11.24,27.3460344203,27.6694811231,27.1402021510,27.3166294098
2009.11.25,27.6988876063,27.8459098624,27.6106753743,27.7870998383
2009.11.27,27.3460313673,27.7870952586,27.3166263601,27.5518608093
2009.11.30,28.1399502258,28.3163774856,28.0223329874,28.1105480194
2009.12.01,28.6986339334,29.1985078928,28.6986339334,29.0808906555
2009.12.02,28.9926838460,29.1691111540,28.8456643609,28.9632816315
2009.12.03,29.4043458911,29.5807732003,29.2867286197,29.3749408722
2009.12.04,29.5219631625,29.8748149767,29.1691113483,29.3749408722
2009.12.07,29.2867279449,29.4043452136,29.1103006397,29.1397056580
2009.12.08,29.2573160068,29.3455282364,29.1396987659,29.2279109955
2009.12.09,29.2279108364,29.3455280766,29.0808913893,29.3161258698
2009.12.10,29.1102928617,29.1985078928,29.0220806348,29.0808906555
2009.12.11,29.1397031455,29.3161304354,29.0514909027,29.2573204041
2009.12.14,29.2867145538,29.3455217592,29.1690973389,29.2867145538
2009.12.15,28.9632766396,29.1691061267,28.9632766396,29.0514888763
2009.12.16,29.4337560039,29.6983956114,29.4043509799,29.4925632477
2009.12.17,29.0808906555,29.1985078928,28.9926756244,29.0808906555
2009.12.18,29.0808952198,29.1397024455,28.8750629191,29.0220851898
2009.12.21,28.9632791464,29.1397036351,28.9044691141,28.9338741302
2009.12.22,29.1059529528,29.1652908325,28.9576040092,29.1652908325
2009.12.23,29.1949650908,29.3136436957,29.1356243737,29.2543029785
2009.12.24,29.2839691525,29.4619884491,29.2542987981,29.4619884491
2009.12.28,29.4916631808,29.5213335425,29.3136466703,29.3433170319
2009.12.29,29.5509966826,29.5806670370,29.3729773860,29.4619884491
2009.12.30,29.0169491280,29.1652981086,28.8389326148,29.1356277466
2009.12.31,29.1356249605,29.1652953197,28.8685973868,28.8982677460
2010.01.04,29.2839787678,29.6400146484,29.2839787678,29.6400146484
2010.01.05,29.7586867811,29.9367060973,29.6400081801,29.8180274963
2010.01.06,29.7290140132,30.0257090486,29.7290140132,29.9367008209
2010.01.07,29.6400092830,29.7586878884,29.5806713951,29.6696796417
2010.01.08,29.9960387997,30.0850498572,29.8476926963,30.0257091522
2010.01.11,30.2037335325,30.2927417755,30.1147224600,30.2927417755
2010.01.12,30.5004291534,30.6191077560,30.4114209089,30.5004291534
2010.01.13,30.4114182760,30.7081161715,30.3817479206,30.6784458160
2010.01.14,30.8861397700,31.1828377339,30.8861397700,31.1234970093
2010.01.15,31.1531638258,31.2125045437,30.7377872895,31.0641555786
2010.01.19,30.8267999069,31.1234950223,30.7971295465,31.0344867706
2010.01.20,30.3817478395,30.4114181949,30.0850527743,30.3520774841
2010.01.21,30.6784484720,30.7377863586,30.3224126644,30.5004291534
2010.01.22,30.4707587144,30.6191048312,30.1443904663,30.1740608215
2010.01.25,30.5004367182,30.5301070835,30.2927498195,30.4114284515
2010.01.26,30.0850524902,30.3520771975,29.9960414250,30.0850524902
2010.01.27,29.8476998453,29.9960459843,29.6696805172,29.9070377350
2010.01.28,29.8773657741,29.9070361321,29.4619920800,29.6103382111
2010.01.29,29.4323168059,29.6103332652,29.1652892874,29.1949596405
2010.02.01,29.4916534424,29.5509941460,29.3729748647,29.4916534424
2010.02.02,29.7883485701,30.0553760529,29.7290107014,30.0553760529
2010.02.03,29.7883678781,29.8773761535,29.5806809589,29.7586975098
2010.02.04,29.2246299936,29.2839678702,28.9872728282,29.1949596405
2010.02.05,29.0762898520,29.1949684706,28.6905836342,29.1356277466
2010.02.08,29.0466074941,29.1652860637,28.8092503550,28.9279289246
2010.02.09,29.1949614517,29.3136400418,28.9576042716,29.1059532166
2010.02.10,29.1652910968,29.2839696869,28.8685932069,29.1059532166
2010.02.11,29.0466161274,29.3136436957,28.9279375225,29.2543029785
2010.02.12,28.9872799717,29.1356261145,28.8982688906,29.0762882233
2010.02.16,29.0466146781,29.4323208320,28.9279360792,29.3729801178
2010.02.17,29.4323208320,29.5509994310,29.3433125902,29.3729801178
2010.02.18,29.3433152061,29.4916613458,29.2543041268,29.4323234558
2010.02.19,28.9576091766,29.1059581467,28.8389305665,28.9576091766
2010.02.22,29.2543036905,29.3433147685,29.1356250828,29.3136444092
2010.02.23,29.2246299936,29.2839678702,29.0169403517,29.1949596405
2010.02.24,29.1652947323,29.4323223006,29.1356243737,29.2543029785
2010.02.25,29.0762871937,29.3136444092,28.9576085859,29.3136444092
2010.02.26,29.4026452165,29.5806644978,29.2839666388,29.4916534424
2010.03.01,29.7586883292,29.9070372955,29.6696800812,29.7883586884
2010.03.02,29.9663723583,30.1147184671,29.8773612976,29.8773612976
2010.03.03,30.0850524902,30.2630689617,29.9960414250,30.0850524902
2010.03.04,29.8773669363,29.8773669363,29.6400097220,29.7883586884
2010.03.05,29.8773628341,30.1443903709,29.8476953085,30.0850524902
2010.03.08,30.2927417755,30.3520796610,30.1740631750,30.2927417755
2010.03.09,30.1147201112,30.3817476488,30.0850525855,30.1740608215
2010.03.10,29.9960428780,30.1443918311,29.9367049944,29.9663753510
2010.03.11,30.1443905612,30.2927395081,30.0850526802,30.2630691528
2010.03.12,30.4707547303,30.5597629547,30.3224058033,30.5597629547
2010.03.15,30.3520877208,30.4707691823,30.2334090888,30.4114284515
2010.03.16,30.5301067076,30.7377936036,30.4707688070,30.7081260681
2010.03.17,30.6191059139,30.9454741734,30.6191059139,30.8267955780
2010.03.18,30.6784489170,30.7377868044,30.5300999542,30.6191082001
2010.03.19,30.5597629547,30.7674497548,30.4410843790,30.5597629547
2010.03.22,30.4114280770,30.7674639686,30.3817577120,30.7081260681
2010.03.23,30.7377903647,31.0344883245,30.7081228323,31.0048179626
2010.03.24,30.4707616249,30.6487781140,30.4114209089,30.5004291534
2010.03.25,30.5894496732,30.7377958501,30.2927516604,30.3224220276
2010.03.26,30.6487816072,30.8861388394,30.5894437139,30.7971305847
2010.03.29,31.0641598176,31.1828384399,30.9751487287,31.1828384399
2010.03.30,31.3311799468,31.4498585408,31.2125013528,31.3608474731
2010.03.31,31.1531646688,31.1828350285,30.8564667306,30.9751453400
2010.04.01,31.2125081018,31.4498653412,31.1234970149,31.4498653412
2010.04.05,31.2718392350,31.5388667789,31.1828309969,31.3608474731
2010.04.06,31.2718459969,31.5092032363,31.2421756346,31.4498653412
2010.04.07,31.3905246166,31.5388735986,31.3015163592,31.4498653412
2010.04.08,31.2421731143,31.4795303345,31.1828352240,31.4795303345
2010.04.09,31.3608546784,31.5982119210,31.3311871452,31.5685443878
2010.04.12,31.4498612551,31.5982073883,31.4201908966,31.5091991425
2010.04.13,31.4795328740,31.5388735986,31.2125081018,31.4498653412
2010.04.14,31.4795231686,31.6575424580,31.3905149387,31.5982017517
2010.04.15,31.5685407391,31.7762275950,31.5092000206,31.7465572357
2010.04.16,31.5091997293,31.6278783358,30.9454770560,31.1531639099
2010.04.19,30.9454858379,31.1235023834,30.7674664629,31.0938320160
2010.04.20,31.1234943091,31.1531646688,30.9454778098,30.9751453400
2010.04.21,31.1235023834,31.1235023834,30.9454858379,31.0938320160
2010.04.22,30.7081169826,30.8861334610,30.5300976747,30.8267955780
2010.04.23,30.7377888257,31.0641571310,30.6784509344,31.0344867706
2010.04.26,31.2124951840,31.3608412750,31.1828248339,31.2421627045
2010.04.27,31.1531601852,31.2718387775,30.6191051051,30.6784458160
2010.04.28,30.7674497548,30.8564579792,30.4707547303,30.5597629547
2010.04.29,30.7971291136,31.0048159744,30.7674587536,30.9158077240
2010.04.30,30.9751417001,31.0048120564,30.6784466263,30.8267955780
2010.05.03,30.7081208631,31.0344863344,30.7081208631,30.9158077240
2010.05.04,30.4114193808,30.4410897373,29.8180263978,29.9663753510
2010.05.05,29.5213243760,29.9663711733,29.4916540236,29.9367008209
2010.05.06,29.8477086147,30.1740741777,28.1862047726,29.7586975098
2010.05.07,29.7290134273,29.9663705828,29.2839666388,29.4916534424
2010.05.10,30.3520895652,30.5301089388,30.2037433884,30.3224220276
2010.05.11,29.6696850125,30.0850616213,29.5806767498,29.6400146484
2010.05.12,29.8180294857,30.0257163439,29.7586887665,29.9070377350
2010.05.13,29.8180286058,29.9367072112,29.6400092830,29.6696796417
2010.05.14,29.5509966826,29.5806670370,29.1356202102,29.4619884491
2010.05.17,29.5213332636,29.6103415181,29.1356270549,29.4026546478
2010.05.18,29.3729821750,29.4619932526,28.8389298571,28.8982677460
2010.05.19,28.9576042716,29.1949614517,28.8685932069,29.1059532166
2010.05.20,28.7202541919,28.8982707062,28.5125644858,28.6609134674
2010.05.21,28.2751953771,28.9575992743,28.2455278568,28.9279289246
2010.05.24,28.6312484165,28.7499270579,28.5125697751,28.5422401428
2010.05.25,27.8301588240,28.3642139435,27.7411505806,28.3642139435
2010.05.26,28.1268573264,28.3048766643,27.9191704567,28.0081787109
2010.05.27,28.5422370968,28.7202564547,28.3938881034,28.6905860901
2010.05.28,28.5718941803,28.6312320523,28.2158584595,28.2158584595
2010.06.01,28.2158688427,28.5719046945,28.0971902254,28.1268577576
2010.06.02,27.9488382497,28.3048740633,27.8598300037,28.2752037048
2010.06.03,28.4235452559,28.5125534787,28.0378391843,28.2158584595
2010.06.04,27.8894953057,28.0081739007,27.5334595205,27.6818084717
2010.06.07,27.4741144061,27.6224633183,27.1477462334,27.2367572784
2010.06.08,27.3257668179,27.5927943068,27.2070882483,27.5037860870
2010.06.09,27.5631271556,27.7708139691,27.3554403421,27.5334568024
2010.06.10,27.7708214800,28.0675194334,27.7411539483,28.0081787109
2010.06.11,27.7114762971,27.9785038190,27.6521355903,27.9488334656
2010.06.14,28.1268577576,28.2752067365,28.0081791403,28.1268577576
2010.06.15,28.3938817331,28.6609092953,28.3048734889,28.6312389374
2010.06.16,28.6312393800,28.8389290591,28.5719014928,28.7499179840
2010.06.17,28.8389350834,28.8389350834,28.5719074613,28.6905860901
2010.06.18,28.5719014928,28.7499179840,28.4532228889,28.7499179840
2010.06.21,29.0466174269,29.1059581467,28.8389305665,28.9576091766
2010.06.22,28.9279413506,28.9872820757,28.4828972309,28.6015758514
2010.06.23,28.6882366713,28.6882366713,28.3296312192,28.4790496826
2010.06.24,28.5686916965,28.5985730980,28.2399706311,28.3893890381
2010.06.25,28.4790478529,28.6284663067,28.2997479883,28.5089321136
2010.06.28,28.3595118742,28.4491646508,28.1204435032,28.1802120209
2010.06.29,27.8514900428,27.8813743008,27.4331218309,27.4928874969
2010.06.30,27.5526560129,27.7917243768,27.4928874969,27.4928874969
2010.07.01,27.6423128577,27.7020813886,27.3733601685,27.5825443268
2010.07.02,27.7917258871,27.8813758160,27.5227732506,27.7020759583
2010.07.06,28.5687000299,28.8077684109,28.1802131983,28.2698631287
2010.07.07,28.3893873860,28.8376397310,28.3893873860,28.8077583313
2010.07.08,28.7181180814,28.8974208075,28.5985838807,28.8675365448
2010.07.09,28.4790435707,28.7181119209,28.4491621644,28.6882305145
2010.07.12,28.4790479304,28.6284663846,28.4192822587,28.5388164520
2010.07.13,28.6284620020,28.8077646896,28.5985777458,28.6882305145
2010.07.14,28.8077709449,28.9273051459,28.7480024194,28.8974208832
2010.07.15,28.6284638253,28.7181137499,28.3893954600,28.6583480835
2010.07.16,28.2100928099,28.2399770681,27.8813745195,27.9411430359
2010.07.19,27.9710294313,28.0905636355,27.7917295500,28.0307979584
2010.07.20,27.7917186962,28.2100868225,27.7618344443,28.2100868225
2010.07.21,28.0905599332,28.1204441928,27.7020759583,27.7020759583
2010.07.22,28.1503211687,28.3893894837,28.1503211687,28.2100868225
2010.07.23,28.3893953804,28.6284637451,28.3296268643,28.6284637451
2010.07.26,28.3893954600,28.6882323416,28.2698612773,28.6583480835
2010.07.27,28.6284663067,28.6583505674,28.3595136599,28.5089321136
2010.07.28,28.7778808210,28.9272992543,28.7479965643,28.8376464844
2010.07.29,29.1364809595,29.2261308721,28.8077627131,29.0169467926
2010.07.30,28.6882393054,28.8675391980,28.6284707746,28.7778892517
2010.08.02,29.1364905154,29.4054431915,29.0468405733,29.4054431915
2010.08.03,29.2560272934,29.3456772434,29.1066088102,29.2859115601
2010.08.04,29.1663810072,29.2859152388,29.0169625052,29.2261466980
2010.08.05,29.1364881145,29.2859065723,29.0767195914,29.1962566376
2010.08.06,29.4950942260,29.5249784911,29.1663758597,29.4652099609
2010.08.09,29.4353324258,29.5548666521,29.3456796187,29.4950981140
2010.08.10,29.0169513797,29.3755539370,28.9273014528,29.3157882690
2010.08.11,28.5388149556,28.5686992148,28.2698623221,28.3296279907
2010.08.12,28.1204389023,28.2997415762,28.0905546483,28.2399730682
2010.08.13,28.3296209800,28.4192737356,28.1503211687,28.2100868225
2010.08.16,28.2997468178,28.4790466749,28.2399782988,28.4192810059
2010.08.17,28.6583526365,28.8376525141,28.5687026978,28.5687026978
2010.08.18,28.7181206480,28.8974233900,28.6284707019,28.7480049133
2010.08.19,28.9571802710,28.9870645272,28.4790435707,28.6882305145
2010.08.20,28.3893967464,28.4790466749,28.2399782988,28.4192810059
2010.08.23,28.5089256541,28.5985755661,28.2399730682,28.2399730682
2010.08.24,28.2100868225,28.3595052319,28.0905526650,28.2100868225
2010.08.25,27.9411415966,28.2399756135,27.8813730833,28.1204414368
2010.08.26,28.2100874438,28.2997402014,27.9710191235,28.0905532837
2010.08.27,28.4491710663,28.5388210132,28.2100997914,28.4491710663
2010.08.30,28.4192770250,28.5388111964,28.2997428537,28.3595085144
2010.08.31,27.9710294313,28.2399821032,27.8216138135,28.0307979584
2010.09.01,28.3595031363,28.8077583313,28.3296188867,28.8077583313
2010.09.02,28.5686973588,28.7479972029,28.4790445869,28.7181129456
2010.09.03,28.9273033142,29.0468375077,28.8077691208,28.9273033142
2010.09.07,29.1364874403,29.1364874403,28.8675347925,28.9273033142
2010.09.08,28.8974163447,29.0767161931,28.8675320867,28.9870662689
2010.09.09,29.2560296779,29.2859139469,29.0169612253,29.0767269135
2010.09.10,29.1663773435,29.3157958267,29.1066088102,29.2859115601
2010.09.13,29.3755593486,29.5847434998,29.3755593486,29.5847434998
2010.09.14,29.3456658725,29.7042683833,29.3157844674,29.6743869781
2010.09.15,29.2859057060,29.6445082841,29.1663715134,29.6146240234
2010.09.16,29.1364967368,29.2560309684,29.0468467756,29.2261466980
2010.09.17,29.2261283289,29.2560125805,29.0169442676,29.1364784241
2010.09.20,29.2859057828,29.6445083618,29.2261372614,29.6445083618
2010.09.21,29.4054381959,29.6146223085,29.1962540833,29.3157882690
2010.09.22,29.4054494703,29.4950994316,29.1962652775,29.2261466980
2010.09.23,29.0468303360,29.2858986639,29.0169460826,29.1065959930
2010.09.24,29.3755638878,29.5847480712,29.3456796187,29.4950981140
2010.09.27,29.6146241011,29.7042740334,29.5249741688,29.6445083618
2010.09.28,29.7341576406,29.8238075709,29.5249735199,29.7640419006
2010.09.29,29.9134635925,30.0031135325,29.8238108026,29.9134635925
2010.09.30,29.7341667060,29.7939352444,29.3755640256,29.5548667908
2010.10.01,29.5548583521,29.6445082841,29.4353241594,29.6146240234
2010.10.04,29.1663729590,29.2859071576,28.9571859740,29.0468387604
2010.10.05,29.7042720115,30.0628774160,29.6743906027,29.9732246399
2010.10.06,30.1824067523,30.3019409180,30.1226382445,30.3019409180
2010.10.07,30.5708957735,30.5708957735,30.2122932165,30.4214801788
2010.10.08,30.3916019814,30.6007861356,30.2720677719,30.5709018707
2010.10.11,30.5708969568,30.6306654769,30.4812470266,30.5111312866
2010.10.12,30.1525242316,30.3617083211,30.0329900591,30.2421741486
2010.10.13,30.1823982845,30.4812321899,30.1823982845,30.3318138123
2010.10.14,30.5708989444,30.6306674684,30.3617148103,30.5410175323
2010.10.15,30.4812407415,30.5111249954,30.2720566641,30.3019409180
2010.10.18,30.5111312866,30.7203154072,30.4812470266,30.5111312866
2010.10.19,30.3019426598,30.5410110048,30.1226399760,30.2421741486
2010.10.20,30.2421785682,30.6605496582,30.2122943083,30.4812469482
2010.10.21,30.2720627958,30.5111311756,30.0031101561,30.0927600861
2010.10.22,30.3019324167,30.3616980578,30.2122796801,30.3318138123
2010.10.25,30.4812456871,30.5410142046,30.3019458345,30.3617115021
2010.10.26,29.9732267799,30.1226452341,29.8835768473,30.0628795624
2010.10.27,29.9433432311,29.9732246399,29.6743906027,29.9732246399
2010.10.28,30.0628795624,30.0927609733,29.8835768473,30.0628795624
2010.10.29,29.9732388906,30.0330074364,29.8537046489,29.9433574677
2010.11.01,29.7939268155,29.8835767478,29.4950899081,29.6445083618
2010.11.02,29.8238125581,29.9134653533,29.7640468778,29.8536968231
2010.11.03,29.8537046489,29.9732388906,29.4652176510,29.9433574677
2010.11.04,30.3318241536,30.6605452664,30.3318241536,30.6306610107
2010.11.05,30.7501996983,30.8996181488,30.6904340280,30.8996181488
2010.11.08,30.8996181488,30.9892680791,30.8099682185,30.8996181488
2010.11.09,31.2283398065,31.2881083331,30.6007845270,30.6904373169
2010.11.10,31.0789288907,31.1386974318,30.6904447733,31.0490474701
2010.11.11,30.8697414398,30.9295099746,30.7203229528,30.8697414398
2010.11.12,30.7800794393,30.9593792737,30.5708924993,30.6306610107
2010.11.15,30.8697293565,30.8996136122,30.6306610107,30.6306610107
2010.11.16,30.4214812456,30.4513626557,30.0031101561,30.0927600861
2010.11.17,30.5410175323,30.6306674684,30.4513647464,30.5410175323
2010.11.18,31.2881098419,31.3777597862,31.2283413124,31.3179912567
2010.11.19,31.1984609175,31.3777636782,31.0191610068,31.3478794098
2010.11.22,31.1386845823,31.2881030235,30.8697319582,31.2582187653
2010.11.23,30.6904315141,30.7203129218,30.4214788952,30.6605472565
2010.11.24,30.9892754547,31.1984596252,30.9892754547,31.1984596252
2010.11.26,30.7203187303,30.7800872568,30.6306687903,30.6904373169
2010.11.29,30.7203190821,30.9892717550,30.4812506729,30.8398532867
2010.11.30,30.5111345871,30.7800872568,30.4513660605,30.6904373169
2010.12.01,31.0490414239,31.3777597862,31.0191571592,31.3179912567
2010.12.02,31.1984558704,31.7064769520,31.1685744568,31.6168270111
2010.12.03,31.6168151183,31.8259991850,31.5271652112,31.7961177826
2010.12.06,31.6765897014,31.9754237326,31.6765897014,31.9455394745
2010.12.07,31.9156570557,31.9754227201,31.5570545197,31.5570545197
2010.12.08,31.5570576045,31.7363574651,31.3478706339,31.6467075348
2010.12.09,31.7064762115,31.7363604745,31.4674078082,31.7064762115
2010.12.10,31.6467112747,31.6765955383,31.5271770702,31.6168270111
2010.12.13,32.0053215703,32.2145057659,31.9156716079,32.0352058411
2010.12.14,32.1547317505,32.4236844180,32.0949632244,32.1547317505
2010.12.15,31.9754237326,32.0949579150,31.7961238839,31.9455394745
2010.12.16,31.9156556915,32.1547240386,31.8260029238,32.1248397827
2010.12.17,31.9156716079,32.0949715327,31.8260187956,32.0352058411
2010.12.20,32.1248472610,32.1547315238,31.9156631211,32.0650787354
2010.12.21,32.2847209544,32.3148099211,32.1944569238,32.2546348572
2010.12.22,32.3148106212,32.4050775233,32.2546355559,32.3749885559
2010.12.23,32.3449020386,32.4050799778,32.2546379991,32.3449020386
2010.12.27,32.3749865291,32.4953395215,32.3749865291,32.4351615906
2010.12.28,32.7661358883,32.7962219857,32.5555159904,32.6758689880
2010.12.29,32.9767532349,33.0971062337,32.9165753007,32.9767532349
2010.12.30,32.8263046653,32.8563936263,32.5254236635,32.7059516907
2010.12.31,32.7360413738,32.9767473283,32.6758634505,32.8263053894
2011.01.03,33.0369341631,33.1873761557,32.9767590878,33.1272010803
2011.01.04,33.1572914124,33.1873775165,32.9165824927,33.1572914124
2011.01.05,32.6758628064,33.0670106921,32.6758628064,32.9165687561
2011.01.06,33.1873636669,33.1873636669,32.8263047423,32.9165687561
2011.01.07,33.0971042000,33.1873682261,32.8864871824,33.0369262695
2011.01.10,32.9165732781,33.0369262695,32.6758672953,33.0369262695
2011.01.11,33.2475447031,33.3678976892,33.0971027531,33.2776336670
2011.01.12,33.3979936462,33.6086106987,33.3378157058,33.5785217285
2011.01.13,33.6687690894,33.8492999517,33.5183300518,33.5484161377
2011.01.14,33.3678881448,33.6988580447,33.3077102343,33.5484161377
2011.01.18,33.5183341673,33.6988621823,33.4882452083,33.6386871338
2011.01.19,33.8192277512,33.8493167214,33.4882576874,33.5785217285
2011.01.20,33.3077197614,33.3979866531,33.0670137892,33.2776336670
2011.01.21,32.9767518686,33.0971048625,32.8263099090,32.9466629028
2011.01.24,32.8864963885,33.1873775165,32.8564074149,33.1572914124
2011.01.25,33.3378150209,33.4882569994,33.2174620120,33.4581680298
2011.01.26,33.3979797363,33.5183326975,33.3077128633,33.3979797363
2011.01.27,33.2776309998,33.4882479913,33.2475420383,33.4280700684
2011.01.28,33.3077225547,33.3979894539,32.8263105697,32.8563995361
2011.01.31,32.9767347759,33.0970877073,32.8563818445,32.8864707947
2011.02.01,33.2475351931,33.6386830036,33.2174462378,33.5484161377
2011.02.02,33.7590453607,33.9395734039,33.7289563970,33.8793983459
2011.02.03,33.7590443530,34.2103673168,33.6086024086,34.1501922607
2011.02.04,34.0599253724,34.1802783541,33.8493083719,34.1501922607
2011.02.07,33.9997489519,34.1802769824,33.9997489519,34.1201019287
2011.02.08,34.1802732574,34.3908930960,34.0599202937,34.3307151794
2011.02.09,33.9997551942,34.2103722250,33.9094911624,34.0900192261
2011.02.10,33.8192266936,34.0900216780,33.7289626553,34.0599327087
2011.02.11,33.8192242611,34.1501971603,33.7891352940,34.0900192261
2011.02.14,34.2404615055,34.3909034729,34.1802835708,34.3909034729
2011.02.15,34.2404562796,34.2705452424,34.0900143352,34.1501922607
2011.02.16,34.4510837231,34.6917897594,34.3909086488,34.6316146851
2011.02.17,34.7519556433,34.9625726345,34.6616916283,34.9324836731
2011.02.18,34.8422268498,34.9926688187,34.7218738486,34.9024047852
2011.02.22,34.2103701438,34.4510761270,33.9395751953,33.9395751953
2011.02.23,33.9997558594,34.1201088607,33.6687829538,33.9997558594
2011.02.24,33.9094963074,33.9997603529,33.6687874036,33.9094963074
2011.02.25,34.2103787754,34.4209958465,34.1502036992,34.3608207703
2011.02.28,34.7218652358,34.8121292470,34.6015122645,34.6917762756
2011.03.01,34.9024096932,34.9625847676,34.4510837231,34.6316146851
2011.03.02,34.3006262212,34.5714211069,34.2705401323,34.3307151794
2011.03.03,34.3908986436,34.7218686298,34.3908986436,34.6616935730
2011.03.04,34.4209823608,34.4811602830,34.1201013585,34.4209823608
2011.03.07,34.3608250915,34.3909140682,33.7590599060,33.7590599060
2011.03.08,33.8192293924,34.0599354268,33.6687874036,33.9094963074
2011.03.09,33.9094963074,33.9395824096,33.6988763752,33.9094963074
2011.03.10,33.3378115608,33.3679005272,33.0670166016,33.0670166016
2011.03.11,32.4652546481,32.6457855943,32.3449016405,32.5254325867
2011.03.14,29.6670410517,30.4493369678,29.5166019574,30.2387199402
2011.03.15,28.0422680737,30.4192414035,27.8015621316,30.1785354614
2011.03.16,29.8174782056,29.9077422216,28.4635064890,29.0652713776
2011.03.17,30.5095074017,30.8404773451,29.9980065723,30.3891544342
2011.03.18,30.5997769539,31.4422478793,30.4493349998,31.2015419006
2011.03.21,31.6227826254,32.1643697084,31.5325157204,32.1041946411
2011.03.22,31.8935654970,32.0139184552,31.4723287084,31.9838294983
2011.03.23,31.5325078563,31.9537446996,31.3519798301,31.8033027649
2011.03.24,31.5024263619,31.9537493625,31.4723373967,31.8634853363
2011.03.25,31.2918052111,31.4723361257,31.0210131433,31.0811882019
2011.03.28,31.1714600080,31.2617269226,30.9909319178,31.0210208893
2011.03.29,30.7803111776,31.0210200740,30.7201361056,30.9608421326
2011.03.30,31.3820685243,31.5625965489,31.2918016426,31.4422435760
2011.03.31,31.1714489364,31.2316268581,30.9909209103,31.0510959625
2011.04.01,30.8404809833,31.1112759096,30.6900390388,30.9909229279
2011.04.04,30.7201269215,30.7502158833,30.5696849823,30.5696849823
2011.04.05,29.9980092653,30.1785372981,29.9077423794,29.9679203033
2011.04.06,29.7272077144,29.8174717107,29.6670298039,29.6971187592
2011.04.07,29.7874005320,29.7874005320,29.1856354153,29.4564304352
2011.04.08,30.1183678701,30.2086319034,29.9679259017,30.0281009674
2011.04.11,30.0280990150,30.1785409737,29.7873930290,29.8174819946
2011.04.12,29.8174904325,29.9679324337,29.7272263795,29.8776683807
2011.04.13,30.2086314812,30.2387204484,29.9378365158,29.9980144501
2011.04.14,30.1785406429,30.2988936346,30.1183655817,30.2086296082
2011.04.15,30.2387133817,30.3590663527,30.1484493708,30.1785354614
2011.04.18,29.8475756080,30.1183706018,29.7573115665,30.0882816315
2011.04.19,30.1484493708,30.2086244215,29.9679184795,30.1785354614
2011.04.20,30.5696877175,30.6900407058,30.5095126581,30.6298656464
2011.04.21,30.7803130776,30.8104020502,30.6900490293,30.7502269745
2011.04.25,30.6900514822,30.7502294321,30.5696984516,30.7201404572
2011.04.26,30.5997849810,30.8104020502,30.5696960084,30.7502269745
2011.04.27,30.6900374967,30.8404794337,30.5095094679,30.8103904724
2011.04.28,31.2918126246,31.6227855682,31.2918126246,31.6227855682
2011.04.29,31.5625998952,31.6829528809,31.5625998952,31.6829528809
2011.05.02,31.8634859977,32.0139279575,31.7130440379,31.7732219696
2011.05.03,31.8634859977,31.8935749636,31.5626020781,31.7732219696
2011.05.04,31.7431379054,31.7431379054,31.5024318803,31.7130489349
2011.05.05,31.5625998371,31.6528667283,31.2918049026,31.4723358154
2011.05.06,31.8634756881,31.9537396870,31.5625918658,31.6528587341
2011.05.09,31.5926910439,31.7732219696,31.5325131122,31.7732219696
2011.05.10,31.8935818049,31.9537568800,31.8033148879,31.9236679077
2011.05.11,31.5024292660,31.6227822685,31.2918093594,31.3820762634
2011.05.12,31.3820717937,31.5325108734,31.2015408809,31.4723358154
2011.05.13,31.2617162834,31.2918023752,30.7803015111,30.8103904724
2011.05.16,30.7201296702,30.9006605874,30.5997766819,30.6298656464
2011.05.17,30.4794298019,30.7201358267,30.2988988485,30.6599578857
2011.05.18,30.7803094072,30.9909293208,30.7502233076,30.9006652832
2011.05.19,30.4794259723,30.5396010362,30.2688089444,30.4493370056
2011.05.20,30.2988942982,30.2988942982,30.0581883096,30.1183662415
2011.05.23,29.6971231088,29.7573010281,29.5767701397,29.6670341492
2011.05.24,29.9378369341,30.1183678701,29.8475729009,30.0281009674
2011.05.25,29.8174866377,30.1484595721,29.8174866377,30.0882816315
2011.05.26,30.2688134097,30.4493414975,30.1785464963,30.3590774536
2011.05.27,30.3289884825,30.5396055414,30.2688134097,30.3590774536
2011.05.31,30.8404873452,30.9608403518,30.6900453696,30.9006652832
2011.06.01,30.8404838684,30.8705728340,30.4493359238,30.5095138550
2011.06.02,30.5696836107,30.6298615314,30.3289776664,30.5395946503
2011.06.03,30.2688007355,30.4493287477,30.2086228184,30.2688007355
2011.06.06,30.1785372981,30.1785372981,29.9378313414,29.9679203033
2011.06.07,30.3590715651,30.4493355915,30.1785406429,30.2086296082
2011.06.08,30.2988884325,30.4192414035,30.1785354614,30.1785354614
2011.06.09,30.3590654750,30.5395934916,30.3289765157,30.3891544342
2011.06.10,30.2988986847,30.3891655956,29.9980175900,30.0882816315
2011.06.13,30.1183706018,30.2086346432,29.9679286197,30.0882816315
2011.06.14,30.4493308280,30.8103897465,30.4192418674,30.6900367737
2011.06.15,30.2988986847,30.4192516964,29.9980175900,30.0882816315
2011.06.16,29.9378365158,30.2086314812,29.8174835166,29.9980144501
2011.06.17,30.1484595721,30.2387236135,30.0581926612,30.0882816315
2011.06.20,30.0280993436,30.2086302698,29.9980132471,30.1183662415
2011.06.21,30.3289817409,30.6900407058,30.3289817409,30.6298656464
2011.06.22,30.6845035857,30.9576598763,30.5631011114,30.5934524536
2011.06.23,30.3506364543,30.5934413144,30.1988826932,30.5327415466
2011.06.24,30.8969565170,30.9273049612,30.6541515965,30.7148513794
2011.06.27,30.4720534870,30.6845071177,30.4720534870,30.5631046295
2011.06.28,30.6844908372,30.9576470144,30.6541424021,30.9272956848
2011.06.29,31.2308015732,31.4432550803,31.1397504837,31.4129066467
2011.06.30,31.4736089468,31.7771164623,31.4432576164,31.6557140350
2011.07.01,31.5343162984,31.9895747449,31.4736136285,31.9288749695
2011.07.05,31.8378149586,32.0806198036,31.7771151946,31.9895687103
2011.07.06,32.1109777794,32.1716804504,31.9288755553,32.1716804504
2011.07.07,32.2323824066,32.4448359806,32.1716826259,32.3841362000
2011.07.08,32.0199260625,32.2020282832,31.9592233926,32.1109771729
2011.07.11,31.8985205027,31.9895716041,31.6557156358,31.7164154053
2011.07.12,31.8681672599,32.1413234424,31.7771161639,31.8074645996
2011.07.13,32.3234319232,32.6269394949,32.2323808095,32.4144859314
2011.07.14,32.3841333984,32.4448331738,32.0502773974,32.1109771729
2011.07.15,32.3537750244,32.4751774433,32.2930752622,32.3537750244
2011.07.18,32.0199139965,32.1413163960,31.7771091974,31.9592113495
2011.07.19,32.2930752622,32.3841263528,32.2323726055,32.3537750244
2011.07.20,32.5055360276,32.7179895844,32.4144849167,32.6876411438
2011.07.21,32.6876354418,33.0518427163,32.6572841120,32.9607887268
2011.07.22,33.0518433348,33.0821917707,32.9000895773,33.0214920044
2011.07.25,32.8090457764,32.9911480103,32.7483431021,32.9000968933
2011.07.26,32.9911400566,33.1125424814,32.8697376318,32.9607887268
2011.07.27,32.7483419447,32.7483419447,32.3537832593,32.4144859314
2011.07.28,32.4751774433,32.6572825189,32.2627239339,32.3537750244
2011.07.29,32.2627415991,32.5358979148,32.1716904587,32.5055465698
2011.08.01,32.7786901189,32.8090414520,32.0806239291,32.2020263672
2011.08.02,32.2627309706,32.4144847509,31.9288749695,31.9288749695
2011.08.03,31.9288689463,32.0199200396,31.5646587845,31.9895687103
2011.08.04,30.7148454339,30.8058965378,29.9257281480,30.0471305847
2011.08.05,30.5023985687,30.6238010320,29.5918786468,30.3202934265
2011.08.08,29.8043248601,30.0774810586,28.8331053941,28.8634567261
2011.08.09,29.8043250358,30.3506374359,29.0759104320,30.3506374359
2011.08.10,29.6525837565,29.6829322039,28.8938175751,28.9545173645
2011.08.11,29.3490672972,30.2292356870,29.2883646316,30.0471305847
2011.08.12,29.9560814066,30.0471325163,29.6829251828,29.7739791870
2011.08.15,30.0167849603,30.1685358496,29.9257309534,30.1381874084
2011.08.16,29.8043279224,30.0471328138,29.6525770360,29.8953819275
2011.08.17,30.0774931143,30.1685442522,29.8346881505,29.9257392883
2011.08.18,29.1669693733,29.1973207135,28.7724106332,28.8938159943
2011.08.19,28.8331066966,29.3490677849,28.5903018192,28.6206531525
2011.08.22,29.0455676539,29.0759189950,28.6206604571,28.6813602448
2011.08.23,28.8331100666,29.2580200991,28.6813562768,29.2276687622
2011.08.24,28.7420621874,29.0455669067,28.6206597208,28.8938159943
2011.08.25,29.0152153785,29.1062664952,28.3778517730,28.4992542267
2011.08.26,28.8027546703,29.1973133103,28.5903011312,29.1062622070
2011.08.29,29.3794120284,29.5008144379,29.2580096190,29.5008144379
2011.08.30,29.3187242734,29.5615292156,29.1973218023,29.3794269562
2011.08.31,29.8346792574,30.0774841488,29.7132768117,29.8953819275
2011.09.01,29.7436195891,29.8953733262,29.5918658520,29.6222171783
2011.09.02,29.1669622843,29.3187160542,29.0759111800,29.1366138458
2011.09.06,28.1653953082,28.4992542267,28.1653953082,28.4992542267
2011.09.07,28.8027540629,29.0759102614,28.7420542935,29.0455589294
2011.09.08,28.8331140555,28.9545165252,28.5903091161,28.6813602448
2011.09.09,28.2867995262,28.3475022041,27.9225921424,28.0136432648
2011.09.12,27.9529386750,28.3171459962,27.8315362346,28.2867946625
2011.09.13,28.6206566357,28.8634615427,28.5599539617,28.7724075317
2011.09.14,28.6813595069,29.1669693733,28.4992572542,28.8938159943
2011.09.15,29.0759149724,29.2883685414,28.9241611827,29.2276687622
2011.09.16,29.4401073774,29.5615097687,29.1973025949,29.5311584473
2011.09.19,28.9545084387,29.2276646428,28.7724033377,29.1062622070
2011.09.20,29.1062695378,29.4097742566,28.9848670715,29.0759181976
2011.09.21,29.2276614591,29.3187125524,28.6509977809,28.7117004395
2011.09.22,28.3171389669,28.4385413771,27.9225804099,28.2564392090
2011.09.23,28.1653890381,28.5295963181,28.1046892720,28.3474941254
2011.09.26,28.3171490989,28.5296026693,28.1046955285,28.4992542267
2011.09.27,29.1366225216,29.3490761261,28.8938175751,28.9545173645
2011.09.28,29.4097759155,29.4401272575,28.9545173645,28.9545173645
2011.09.29,29.4704627991,29.5615138816,29.1669553315,29.4704627991
2011.09.30,29.0152079432,29.0455563780,28.6813491102,28.7117004395
2011.10.03,28.7116975238,28.9545023444,28.2564392090,28.2564392090
2011.10.04,28.0743407309,28.6206531525,27.8922356256,28.6206531525
2011.10.05,28.1957466452,28.5599540063,28.0743441915,28.4992542267
2011.10.06,28.4992507137,28.7724040300,28.4081967138,28.6206531525
2011.10.07,28.7117017219,28.7420530525,28.4081942046,28.4688968658
2011.10.10,28.8634573339,29.1973133087,28.8634573339,29.1973133087
2011.10.11,28.9545173645,29.1062711797,28.8938175751,28.9545173645
2011.10.12,29.1366138458,29.3490673871,29.0455598472,29.1366138458
2011.10.13,29.1366138458,29.2276649500,28.9848600758,29.1366138458
2011.10.14,29.1062622055,29.1973133087,28.8634573339,29.1973133087
2011.10.17,29.1669693238,29.2276720042,28.9848670715,29.0759181976
2011.10.18,28.9848471872,29.4704567197,28.8330934847,29.3490543365
2011.10.19,29.0759182469,29.1669693733,28.8634646540,28.8938159943
2011.10.20,28.8027572632,28.8938112691,28.5903037050,28.8027572632
2011.10.21,29.1366135396,29.1973133103,29.0152111038,29.1062622070
2011.10.24,29.2883666133,29.5008230628,29.2580181729,29.4097690582
2011.10.25,29.1973130034,29.2276643356,28.9241568021,28.9848594666
2011.10.26,29.2883637959,29.3187151279,28.8938080587,29.0455589294
2011.10.27,30.1078335535,30.3202870962,29.9560797824,30.1685333252
2011.10.28,30.1078319583,30.3202854898,30.0471292953,30.2899341583
2011.10.31,28.8331076980,28.8938103667,28.4992517035,28.5296001434
2011.11.01,28.1653995514,28.3778560482,28.1046997626,28.1653995514
2011.11.02,28.2260878828,28.2867876407,28.0743341464,28.2564392090
2011.11.03,28.4992481965,28.5902992939,28.1653893486,28.4688968658
2011.11.04,28.4385468276,28.4385468276,28.1957419605,28.4081954956
2011.11.07,28.4385550098,28.7117112874,28.2868012006,28.6510086060
2011.11.08,28.4081977005,28.5903028121,28.1957441489,28.5296001434
2011.11.09,28.1957484039,28.2564510818,27.8618923590,28.0136432648
2011.11.10,28.0743446515,28.1350473266,27.8315397401,27.9832935333
2011.11.11,28.1350437828,28.3474973299,28.1046924491,28.2867946625
2011.11.14,28.1957508930,28.2868020234,28.0743484210,28.1653995514
2011.11.15,28.1350511042,28.3475047066,27.9832972906,28.1653995514
2011.11.16,27.9529349214,28.0439860159,27.6190789788,27.6494274139
2011.11.17,27.9529371598,27.9832884919,27.5887298583,27.6797809601
2011.11.18,27.9225957141,27.9529470569,27.7101421033,27.8011932373
2011.11.21,27.4066308903,27.4066308903,27.1334746295,27.2548770905
2011.11.22,27.4976841780,27.5887352977,27.3155790442,27.4673328400
2011.11.23,27.1638235126,27.1638235126,26.7996161627,26.8299674988
2011.11.25,26.9210186127,27.1334721765,26.7996161627,26.8299674988
2011.11.28,27.5280329037,27.5887355804,27.4369817831,27.5887355804
2011.11.29,27.6797831717,27.8011856152,27.5583807282,27.7101345062
2011.11.30,28.4385480471,28.6206531525,28.3171456084,28.6206531525
2011.12.01,28.3171424803,28.4385449056,28.2260913849,28.2260913849
2011.12.02,28.5903063702,28.6510061520,28.2867987778,28.3171501160
2011.12.05,28.5903028121,28.6510025864,28.3778492606,28.5296001434
2011.12.06,28.2260968039,28.4081990296,28.1350456911,28.1957454681
2011.12.07,28.3171490841,28.6206566654,28.2867977471,28.5903053284
2011.12.08,28.4688946465,28.4688946465,27.8618825538,27.8922309875
2011.12.09,28.1653928146,28.5599514778,28.1653928146,28.5296001434
2011.12.12,28.1350450943,28.1350450943,27.8922373077,28.0439910889
2011.12.13,28.2564472424,28.3778496871,27.7708345688,27.9225883484
2011.12.14,27.8315369571,28.1046931787,27.5887320700,27.6190834045
2011.12.15,27.7101281481,27.7404794756,27.4673233168,27.5583744049
2011.12.16,27.4673328400,27.5887352977,27.3155790442,27.4673328400
2011.12.19,27.4066251390,27.4066251390,27.0424178326,27.0727691650
2011.12.20,27.5212218331,27.7669467926,27.4905054808,27.7669467926
2011.12.21,27.5212158420,27.5519321876,27.3062072816,27.4904994965
2011.12.22,27.4290683498,27.6747932434,27.3369193177,27.6747932434
2011.12.23,27.7362241356,27.8898029327,27.6440780290,27.8898029327
2011.12.27,27.6440774860,27.6747938307,27.5212150365,27.5519313812
2011.12.28,27.5519376542,27.5826510766,27.1833502220,27.2140636444
2011.12.29,27.4290757055,27.7669467926,27.3676430010,27.7669467926
2011.12.30,27.8590901995,28.0433853658,27.7976604302,27.9819526672
2012.01.03,28.3812569953,28.5655521653,28.3812569953,28.5348358154
2012.01.04,28.4734045467,28.5962670105,28.4119718502,28.5041179657
2012.01.05,28.1969570336,28.2583867873,28.1048080092,28.1662406921
2012.01.06,28.0126677076,28.0433840554,27.8283754792,27.8590888977
2012.01.09,27.9819558704,28.0433885760,27.7976636123,27.9512424469
2012.01.10,28.3198341705,28.3505475987,28.1969716701,28.2891178131
2012.01.11,28.0740945970,28.2583867873,28.0126619140,28.1662406921
2012.01.12,28.0740970815,28.1355268406,27.9819480489,28.0433807373
2012.01.13,28.1048126221,28.1355289686,27.9512367480,28.1048126221
2012.01.17,28.1969616616,28.2583914254,28.1048126221,28.1048126221
2012.01.18,28.2583909343,28.5041158436,28.2583909343,28.4426860809
2012.01.19,28.6576976776,28.7191303761,28.5655515592,28.6576976776
2012.01.20,28.9341447567,29.0262908936,28.8112822644,29.0262908936
2012.01.23,29.0877153623,29.1798614730,29.0262826689,29.1491451263
2012.01.24,28.7805555412,28.9034179892,28.7498391969,28.8727016449
2012.01.25,28.9955745761,29.2720159164,28.8419986575,29.2413024902
2012.01.26,29.3334341186,29.4562965502,29.0877092553,29.1798553467
2012.01.27,29.2412927669,29.4563013249,29.2105764217,29.3334388733
2012.01.30,29.1491451263,29.3027239305,29.1184287797,29.1491451263
2012.01.31,29.3641552185,29.3641552185,29.1184273861,29.3334388733
2012.02.01,29.4255884105,29.5791672252,29.4255884105,29.5177345276
2012.02.02,29.6098804474,29.6713102092,29.5484477563,29.6098804474
2012.02.03,29.6098840633,29.7327465312,29.5791677140,29.7020301819
2012.02.06,29.5791641018,29.6713102092,29.5484477563,29.6098804474
2012.02.07,29.7634667410,29.9477619496,29.7020369577,29.9170455933
2012.02.08,30.0091883129,30.0706180832,29.8863229136,30.0399017334
2012.02.09,30.0706106237,30.1320433081,29.9170318420,29.9477481842
2012.02.10,29.5484500644,29.6405961790,29.5177337165,29.5791664124
2012.02.13,29.8556124126,29.9477585418,29.8556124126,29.8863258362
2012.02.14,29.9477606694,29.9784770244,29.6406029780,29.7941818237
2012.02.15,30.4392061884,30.4699225389,30.2241975934,30.2856273651
2012.02.16,30.2549175878,30.5927886963,30.2549175878,30.5927886963
2012.02.17,30.7156450315,30.7463613796,30.5620662205,30.6234989166
2012.02.21,30.5620723421,30.6235050505,30.4392098545,30.5927886963
2012.02.22,30.6542106403,30.7156433331,30.5927808769,30.6849269867
2012.02.23,30.6542149304,30.8999428063,30.5620688077,30.8692264557
2012.02.24,30.9920948682,31.0842410086,30.8999487279,30.9306621552
2012.02.27,30.5620656233,30.8385068919,30.5006358577,30.7463607788
2012.02.28,31.1456621215,31.2992379885,31.1149457764,31.2378082275
2012.02.29,31.1456633943,31.1763768113,30.6542106403,30.6849269867
2012.03.01,30.6542149304,30.8692264557,30.6235015090,30.8692264557
2012.03.02,30.5927795622,30.6542093230,30.5006334564,30.5620632172
2012.03.05,30.4699193977,30.5006357450,30.3163405902,30.3777732849
2012.03.06,30.0706149600,30.1320476532,29.9477525028,30.1320476532
2012.03.07,30.3470577483,30.4392038635,30.2856250520,30.3163414001
2012.03.08,30.7770750298,30.8999374820,30.7463586844,30.8385047913
2012.03.09,30.9306598359,30.9920925444,30.7770839233,30.9613761902
2012.03.12,30.6542148590,30.6849312096,30.5620687365,30.6542148590
2012.03.13,30.6849371614,30.9306621552,30.5927910210,30.9306621552
2012.03.14,30.8077973172,30.8077973172,30.5620723421,30.5927886963
2012.03.15,30.8692211366,30.9613672434,30.7770750298,30.8385047913
2012.03.16,31.0535195899,31.1456686445,30.9920898161,31.0228061676
2012.03.19,30.9613618724,31.1456569833,30.9306455324,31.1149406433
2012.03.20,30.7463628937,30.8692253627,30.6542138450,30.8077926636
2012.03.21,30.5313523859,30.6849312096,30.4699226140,30.6542148590
2012.03.22,30.5927808769,30.8077894429,30.5927808769,30.6849269867
2012.03.23,30.5313481842,30.7156433331,30.5006347671,30.6849269867
2012.03.26,30.7770723273,30.9306481821,30.7463559846,30.8999347687
2012.03.27,31.2378179793,31.2378179793,31.1149554898,31.1456718445
2012.03.28,31.2378105399,31.2378105399,31.0535153849,31.2070941925
2012.03.29,31.1149465803,31.1763763428,30.9306514341,31.1763763428
2012.03.30,31.3299520190,31.3299520190,31.1456598205,31.2685222626
2012.04.02,31.0842504830,31.3606919176,31.0228206805,31.2992591858
2012.04.03,31.0842269661,31.1149433088,30.7463559846,30.8999347687
2012.04.04,30.2241920682,30.2549084131,29.9784671675,30.1934757233
2012.04.05,30.1934757233,30.3163381736,30.1320459627,30.1934757233
2012.04.09,29.9170291434,30.1320405900,29.8863128040,30.0091781616
2012.04.10,29.9170415150,29.9784742192,29.6098867816,29.6406002045
2012.04.11,29.9784719631,30.1013344330,29.8556094931,30.0399017334
2012.04.12,29.9477508227,30.2549084131,29.9477508227,30.1934757233
2012.04.13,30.0398906218,30.0706069603,29.8555984497,29.8555984497
2012.04.16,29.9784783059,30.0706244455,29.8863292370,29.9170455933
2012.04.17,30.0399009202,30.2241960848,30.0091875005,30.1013336182
2012.04.18,29.9784719631,30.1320507828,29.9170392634,30.0399017334
2012.04.19,30.0091772127,30.1013232987,29.7327360252,29.8555984497
2012.04.20,29.8556158099,29.9784783059,29.8248994536,29.9170455933
2012.04.23,29.5484500644,29.6405961790,29.4563039498,29.5791664124
2012.04.24,29.7634658813,29.9170447292,29.7327524552,29.7634658813
2012.04.25,29.8556158099,29.9784783059,29.7634667410,29.9170455933
2012.04.26,29.9170426533,30.1627676211,29.8863263000,30.0706214905
2012.04.27,29.9784698486,30.0091861963,29.8556073873,29.9784698486
2012.04.30,29.9170455933,29.9784783059,29.8248994536,29.9170455933
2012.05.01,29.4870179945,29.7020265548,29.4563016489,29.6098804474
2012.05.02,29.3948699497,29.4870189894,29.3334401858,29.4563026428
2012.05.03,29.3027269461,29.3334432959,29.0570020059,29.2105808258
2012.05.04,29.1184316989,29.1184316989,28.9034231091,28.9955692291
2012.05.07,29.0569994190,29.2412945724,28.9955667248,29.1184291840
2012.05.08,28.8419882298,28.8727016449,28.5655469895,28.8727016449
2012.05.09,28.5348337143,28.7498422891,28.4426876007,28.6269798279
2012.05.10,28.8727079797,28.9034243308,28.7191320830,28.7498455048
2012.05.11,28.4119697350,28.6269782983,28.3812533890,28.4426860809
2012.05.14,28.2276823278,28.2891150366,28.1048198394,28.1355361938
2012.05.15,27.9205256246,28.0741044567,27.7669467926,27.7669467926
2012.05.16,27.5826517566,27.6748008138,27.4597892761,27.4597892761
2012.05.17,27.7362245096,27.8283735466,27.6440784018,27.7055110931
2012.05.18,27.5826498363,27.6133661866,27.2754951213,27.3062114716
2012.05.21,27.3369318540,27.6133732185,27.3062184252,27.5826568604
2012.05.22,27.5519313812,27.6747938307,27.3983525871,27.5519313812
2012.05.23,27.2447812838,27.3676437671,26.9990563174,27.3369274139
2012.05.24,27.3369261218,27.3983588252,27.0912011670,27.2140636444
2012.05.25,27.1833444766,27.2140578925,27.0297656800,27.0604820251
2012.05.29,27.3676315152,27.4597776041,27.2447690870,27.3983478546
2012.05.30,27.1833410453,27.2140544573,26.9990459268,27.0297622681
2012.05.31,27.3369248926,27.4290739434,27.1526326494,27.3062114716
2012.06.01,26.8761903014,26.9069066504,26.5383192493,26.5690326691
2012.06.04,26.8454776469,26.8761940002,26.6304690323,26.8761940002
2012.06.05,27.0604877446,27.2447799961,27.0297713929,27.2140636444
2012.06.06,27.2447773703,27.6440811157,27.2140610216,27.6440811157
2012.06.07,27.6748008138,27.7055171663,27.4290758530,27.4597892761
2012.06.08,26.9990550413,27.2447799961,26.9376252672,27.2140636444
2012.06.11,27.3983536604,27.4290700063,27.0604826436,27.0911960602
2012.06.12,27.2754854264,27.3983478546,27.1526229982,27.3983478546
2012.06.13,27.3369257111,27.4597881867,27.1833498136,27.2447795868
2012.06.14,27.3062133725,27.5826517566,27.2754970201,27.4597892761
2012.06.15,27.6747966693,27.9205215934,27.6440803215,27.8590888977
2012.06.18,27.8898101513,28.0126726349,27.8590937981,27.9205265045
2012.06.19,28.0126773144,28.1969725353,27.9819609560,28.0741100311
2012.06.20,28.2583915255,28.3812539827,28.0740993043,28.3198242188
2012.06.21,28.4066566398,28.4066566398,27.8794586183,27.9104709625
2012.06.22,28.0655262034,28.1275479265,27.9414797996,28.0965385437
2012.06.25,27.8174332396,27.8484426223,27.6003498162,27.6623744965
2012.06.26,27.8794570978,28.0035035104,27.7864230278,27.9724941254
2012.06.27,28.0655287802,28.2515969241,28.0345164370,28.1895751953
2012.06.28,28.4066565540,28.6237370477,28.3446348233,28.5927276611
2012.06.29,29.0268927379,29.1819515228,28.9648709985,29.1819515228
2012.07.02,29.0579025255,29.1509366052,28.9648684457,29.0889148712
2012.07.03,29.2129591085,29.4610519409,29.1819467651,29.4610519409
2012.07.05,29.0579025255,29.1819489510,28.9958807915,29.0889148712
2012.07.06,28.9028419506,28.9958789820,28.7787955328,28.9648666382
2012.07.09,28.6857680071,28.8408268040,28.6237433053,28.8098144531
2012.07.10,28.7787884911,28.7787884911,28.4066493290,28.4996833801
2012.07.11,28.5927341529,28.6237435466,28.3756506524,28.5617218018
2012.07.12,28.0655303003,28.1895767221,28.0035056106,28.1275520325
2012.07.13,27.9724990385,28.4066600800,27.9724990385,28.4066600800
2012.07.16,28.2826118469,28.4066582734,28.1895777665,28.2826118469
2012.07.17,28.1275474594,28.1895721390,27.9724916754,28.1585597992
2012.07.18,28.0965463433,28.3446392196,28.0655339943,28.2516021729
2012.07.19,28.4376708965,28.5307049779,28.3756462039,28.4686832428
2012.07.20,27.8484444563,27.9104691407,27.7243980451,27.7864227295
2012.07.23,27.3212515834,27.4452980044,27.2282145495,27.4142856598
2012.07.24,27.3522611625,27.3832735073,27.0111342417,27.1661930084
2012.07.25,27.1972053533,27.2592270855,27.0111342417,27.1661930084
2012.07.26,27.5383331284,27.6623795542,27.4452990485,27.5693454742
2012.07.27,27.8174360386,28.1585629419,27.7554113521,28.0655288696
2012.07.30,27.8794586183,27.9724956509,27.8484462741,27.9104709625
2012.07.31,28.0345162309,28.0965409168,27.8174357454,27.8794574738
2012.08.01,28.0035032097,28.0035032097,27.7554103873,27.7864227295
2012.08.02,27.6623744965,27.8174332396,27.4763034131,27.6623744965
2012.08.03,27.7864230278,28.0655281954,27.7864230278,27.9724941254
2012.08.06,28.2516021729,28.4066609599,28.2205927814,28.2516021729
2012.08.07,28.6547493919,28.7787958108,28.5927276611,28.5927276611
2012.08.08,28.4066580727,28.5927291898,28.4066580727,28.5307044983
2012.08.09,28.6237370477,28.7167740801,28.5617153170,28.5927276611
2012.08.10,28.4686872192,28.6547554079,28.4376748685,28.6237430573
2012.08.13,28.6857682489,28.7477929512,28.5307094506,28.5617218018
2012.08.14,28.5617168441,28.6237385781,28.4996921525,28.5307044983
2012.08.15,28.3756542206,28.4686912857,28.3446448230,28.3756542206
2012.08.16,28.6547561434,28.8408272944,28.5927343981,28.7477931976
2012.08.17,29.0268883683,29.0579007121,28.9028419506,28.9648666382
2012.08.20,28.9028434753,28.9338558208,28.8098093965,28.9028434753
2012.08.21,29.0268898996,29.1199269360,28.8408217420,28.9028434753
2012.08.22,28.6857645830,28.9648697927,28.6547522358,28.8718357086
2012.08.23,28.9338574455,28.9648697927,28.8098110142,28.8718357086
2012.08.24,28.7167700961,28.9338505597,28.6547454165,28.8408164978
2012.08.27,28.8408272944,28.8718396458,28.6857684948,28.7477931976
2012.08.28,28.4376616652,28.5927203888,28.4376616652,28.4996833801
2012.08.29,28.6237370477,28.6547493919,28.5307029729,28.5927276611
2012.08.30,28.2826093574,28.2826093574,28.0655288696,28.0655288696
2012.08.31,28.0965385437,28.2515943303,27.8794551190,28.0965385437
2012.09.04,27.6933901803,27.7864242544,27.5693437622,27.7243995667
2012.09.05,27.4453064160,27.5073281668,27.3522693536,27.3832817078
2012.09.06,27.5383363392,27.8484509609,27.5073239897,27.7554168701
2012.09.07,28.0655303003,28.2205890670,28.0655303003,28.1275520325
2012.09.10,28.2205890670,28.2826107992,28.0965426451,28.1275520325
2012.09.11,28.2205927814,28.3446392196,28.1895804325,28.2516021729
2012.09.12,28.5927341529,28.6547558977,28.4996970995,28.5617218018
2012.09.13,28.6857647597,29.1509381404,28.6237400650,29.0268917084
2012.09.14,29.3059970824,29.4610558626,29.2439753448,29.3370094299
2012.09.17,29.1509297182,29.2439667334,29.0268833220,29.0578956604
2012.09.18,29.0579017628,29.1509358401,28.9958800304,29.1199264526
2012.09.19,29.1819515228,29.2439762198,29.0889174349,29.1819515228
2012.09.20,28.9338574455,28.9648697927,28.8098110142,28.8718357086
2012.09.21,29.1199287505,29.1509381404,28.9958823185,29.0268917084
2012.09.24,28.8098078766,29.0268883683,28.7787955328,28.9648666382
2012.09.25,29.1509347860,29.2129594737,28.9028419506,28.9648666382
2012.09.26,28.7167793382,28.7477916880,28.5617205468,28.6547546387
2012.09.27,28.9648639713,29.1199227186,28.9028392894,28.9958763123
2012.09.28,28.5306961773,28.5306961773,28.3446280720,28.4376621246
2012.10.01,28.4066662985,28.5617251147,28.3446445465,28.3446445465
2012.10.02,28.3756444912,28.4066568356,28.1585639952,28.2205886841
2012.10.03,28.1275479265,28.1895726071,28.0345138631,28.0965385437
2012.10.04,28.3756374512,28.4996838406,28.3446280720,28.4376621246
2012.10.05,28.5306961773,28.5927208507,28.3756374512,28.4376621246
2012.10.08,28.3136241929,28.3446365389,28.2205901125,28.2826118469
2012.10.09,27.9414826346,27.9724949780,27.7864238748,27.8174362183
2012.10.10,27.6003589630,27.6623836638,27.4763125189,27.6003589630
2012.10.11,27.7244045207,27.8484509609,27.6933951288,27.7554168701
2012.10.12,27.7243980451,27.8174350717,27.6623763183,27.7864227295
2012.10.15,27.9414817829,28.0035035104,27.7864230278,27.9724941254
2012.10.16,28.2826201129,28.4066665756,28.2516077579,28.3756542206
2012.10.17,28.5617168441,28.6237385781,28.4996921525,28.5307044983
2012.10.18,28.6237426583,28.7788014517,28.6237426583,28.7167797089
2012.10.19,28.5927374695,28.6237468667,28.2826198370,28.3446445465
2012.10.22,28.7167808462,28.7788025915,28.5927343981,28.7477931976
2012.10.23,28.0965380771,28.2205844788,28.0035010577,28.1585597992
2012.10.24,28.2826104154,28.3756444912,28.1585639952,28.2205886841
2012.10.25,28.5306961773,28.5617085140,28.3446280720,28.4376621246
2012.10.26,28.2205901125,28.2826118469,28.0965436860,28.2826118469
2012.10.31,28.2205849474,28.2515943303,28.0345138631,28.0965385437
2012.11.01,28.1275612952,28.4066665756,28.0965518976,28.3756542206
2012.11.02,28.3446308805,28.3446308805,28.1585597992,28.1585597992
2012.11.05,28.0965380771,28.2205844788,28.0345133975,28.1585597992
2012.11.06,28.1895763397,28.2826104154,28.0965422639,28.2205886841
2012.11.07,28.0345162309,28.0345162309,27.7243987166,27.8794574738
2012.11.08,27.7864292195,27.8794633103,27.6933951288,27.7554168701
2012.11.09,27.7244045207,27.8794633103,27.6623827794,27.7554168701
2012.11.12,27.5073230784,27.6003571661,27.4453013391,27.4763107300
2012.11.13,27.3832758788,27.6313687440,27.3832758788,27.5073223114
2012.11.14,27.4142858522,27.4452981970,27.1351806636,27.1661930084
2012.11.15,27.5383372197,27.6933960143,27.4453031259,27.6003589630
2012.11.16,28.1585602668,28.1895726071,27.9414797996,28.0965385437
2012.11.19,28.5306957163,28.5927203888,28.4686740014,28.4996833801
2012.11.20,28.3446280720,28.4686744614,28.2515910618,28.4376621246
2012.11.21,28.4066585502,28.5307049779,28.4066585502,28.4686832428
2012.11.23,28.7788021022,28.8718391549,28.6857680071,28.8098144531
2012.11.26,28.7788021022,28.8098144531,28.6857680071,28.8098144531
2012.11.27,28.7477916880,28.7788010803,28.6237422889,28.6547546387
2012.11.28,28.3756410986,28.6857585907,28.3136193747,28.6857585907
2012.11.29,28.9028452764,29.0579040558,28.8098111917,29.0268917084
2012.11.30,28.8408247828,28.9958835689,28.8408247828,28.9338588715
2012.12.03,28.9648732501,28.9648732501,28.7788021022,28.8098144531
2012.12.04,28.9028382199,28.9338505597,28.7787918182,28.8408164978
2012.12.05,28.8718288376,28.9648628995,28.7167700961,28.8408164978
2012.12.06,28.9338516303,28.9958763123,28.8408175650,28.9958763123
2012.12.07,28.9958807915,29.1199272170,28.9648684457,29.0889148712
2012.12.10,28.9958763123,29.0268856957,28.9028392894,28.9958763123
2012.12.11,28.9648666382,29.0579007121,28.9028419506,28.9648666382
2012.12.12,29.0889148712,29.2129612967,28.9648684457,29.0889148712
2012.12.13,28.9648666382,29.0268883683,28.8408202204,28.9648666382
2012.12.14,29.0268894178,29.1819481850,29.0268894178,29.1199264526
2012.12.17,29.2129606229,29.3990287781,29.1819482779,29.3990287781
2012.12.18,29.7156276836,29.8723562831,29.6215917196,29.8410129547
2012.12.19,30.2171518050,30.3425340536,30.1544591861,30.3111877441
2012.12.20,30.4365724137,30.7186832428,30.4052261017,30.7186832428
2012.12.21,30.2171606345,30.5619611716,30.1858143159,30.5306148529
2012.12.24,30.4679252050,30.5619611716,30.4052325677,30.5306148529
2012.12.26,30.5306062586,30.5619525684,30.3738776988,30.4992599487
2012.12.27,30.4365788863,30.5619611716,30.2485039638,30.5306148529
2012.12.28,30.3425340536,30.3738773738,30.2484951252,30.3111877441
2012.12.31,30.2798342221,30.6246375656,30.2484879200,30.5619449615
2013.01.02,31.0321382022,31.3142490387,31.0007948788,31.3142490387
2013.01.03,31.1575134286,31.2828956621,30.9694415730,31.0321311951
2013.01.04,30.8440658121,30.9694480720,30.7813731876,30.9067554474
2013.01.07,30.5306101065,30.7186849998,30.4679204683,30.6246490479
2013.01.08,30.3738733752,30.3738733752,30.0604192897,30.2171478271
2013.01.09,30.4992637928,30.6246490479,30.4992637928,30.6246490479
2013.01.10,30.8754100800,30.9067534008,30.7813711493,30.8754100800
2013.01.11,30.9694385529,30.9694385529,30.8440563316,30.9694385529
2013.01.14,31.1575164795,31.1888627883,31.0634805425,31.1575164795
2013.01.15,30.9694520470,31.0948343229,30.8754160874,31.0634880066
2013.01.16,30.5933076304,30.7500362350,30.4992686740,30.6873435974
2013.01.17,30.7500259032,30.8754081469,30.5932973513,30.8127155304
2013.01.18,30.9694433076,30.9694433076,30.7813684521,30.9380970001
2013.01.22,30.5933027341,30.6559923723,30.4679204683,30.6246490479
2013.01.23,30.4679212374,30.4992645626,30.2798463394,30.3738822937
2013.01.24,30.5619546722,30.8127191894,30.5306083603,30.7186832428
2013.01.25,31.0007896151,31.0321329332,30.7186788265,30.9380970001
2013.01.28,30.5619486019,30.6246412134,30.3738737567,30.4679126740
2013.01.29,30.9067534008,31.0007923315,30.8127174595,30.8754100800
2013.01.30,31.1888599396,31.3455884798,31.1261703171,31.1888599396
2013.01.31,31.2828978077,31.3455904234,31.1888618734,31.2515544891
2013.02.01,31.0948268513,31.3142450341,31.0321342337,31.1575164795
2013.02.04,31.3142421739,31.3142421739,31.1261703171,31.1888599396
2013.02.05,31.0634889641,31.1888712439,31.0007993189,31.0948352814
2013.02.06,31.2515529566,31.5650070519,31.1888603440,31.5023174286
2013.02.07,31.5963649750,31.6277112928,31.3456004108,31.5963649750
2013.02.08,31.3455860219,31.5650041675,31.3142397185,31.4709682465
2013.02.11,31.7217370762,31.8784656258,31.6277011422,31.8157730103
2013.02.12,31.5650186571,31.6904009392,31.5023290108,31.5963649750
2013.02.13,31.4709682465,31.5336608534,31.3769323254,31.4709682465
2013.02.14,31.1888627883,31.2515554059,31.0634805425,31.1575164795
2013.02.15,31.1575239662,31.1888702825,31.0321416903,31.0634880066
2013.02.19,31.3769323605,31.5336608887,31.3455860570,31.5336608887
2013.02.20,31.8784729765,31.9098192916,31.6277084351,31.6277084351
2013.02.21,31.3769367313,31.4082830391,31.0634796313,31.2515544891
2013.02.22,31.5650112166,31.7530860901,31.5023215851,31.7530860901
2013.02.25,31.8471243988,31.8471243988,31.2829027259,31.3142490387
2013.02.26,31.8471088881,31.9411447913,31.6903803898,31.9098014832
2013.02.27,31.6590588417,31.9098234156,31.5963662036,31.8784770966
2013.02.28,32.0038490295,32.1919238938,31.9098130921,32.0038490295
2013.03.01,32.1919280706,32.3486536569,32.0978891316,32.3173103333
2013.03.04,32.3486501644,32.5053787231,32.2232679153,32.5053787231
2013.03.05,32.4426910162,32.6307629063,32.4426910162,32.5680732727
2013.03.06,32.8501778160,33.0069063683,32.7561418803,32.9755630493
2013.03.07,32.6934518683,32.8188341108,32.5994129444,32.6621055603
2013.03.08,32.6621076517,32.9128721527,32.5367254011,32.8188362122
2013.03.11,32.9755727180,33.0069160461,32.8501874479,33.0069160461
2013.03.12,32.7247951869,32.8188341108,32.6307592523,32.6621055603
2013.03.13,32.6621021010,32.9755591688,32.6621021010,32.8501739502
2013.03.14,33.0382537842,33.1009464029,32.8815252266,33.0382537842
2013.03.15,33.1949865106,33.3517150879,33.1636401973,33.3517150879
2013.03.18,33.1322956208,33.3517168362,33.0696059802,33.1949882507
2013.03.19,33.3517056961,33.4143953157,33.1322845540,33.3830490112
2013.03.20,33.5397836389,33.6651658903,33.4457476976,33.6338195801
2013.03.21,33.6965122005,33.7278585106,33.5711299491,33.6338195801
2013.03.22,33.5397836822,33.7592048645,33.4770940511,33.7592048645
2013.03.25,33.7278581858,33.7278581858,33.3830547557,33.4457473755
2013.03.26,33.5711299925,33.7592048645,33.5397836822,33.7592048645
2013.03.27,33.7905494454,33.9472780131,33.6651671892,33.9159317017
2013.03.28,33.6965162013,33.8532447815,33.6651698874,33.8532447815
2013.04.01,32.7874924256,32.8501820611,32.5053815929,32.5367279053
2013.04.02,32.6934456154,32.9442100525,32.6307530115,32.9442100525
2013.04.03,33.1949829638,33.1949829638,32.7874899022,32.8188362122
2013.04.04,34.0413161913,34.2293910827,34.0099728672,34.1666984558
2013.04.05,34.1040099379,34.4488104292,34.0413173090,34.3547744751
2013.04.08,34.3547692632,34.7622623216,34.3234229535,34.6995697021
2013.04.09,34.3234178400,34.5428389861,34.1666893041,34.4174537659
2013.04.10,34.9503337941,35.2010982903,34.9189904740,35.1384086609
2013.04.11,35.3891736924,35.8593563825,35.3578273825,35.5459022522
2013.04.12,35.5772496656,35.6712856087,35.4205211009,35.6085929871
2013.04.15,35.4832179166,35.5772568681,35.2637996753,35.3264923096
2013.04.16,35.5145627614,35.6712913513,35.3891804873,35.6712913513
2013.04.17,35.5772455142,35.6085888320,35.2010958071,35.4205169678
2013.04.18,35.2324474775,35.2637937894,35.0130292728,35.1697578430
2013.04.19,35.2324451325,35.5459022522,35.1697555022,35.5459022522
2013.04.22,35.2951424799,35.5772533275,35.2324498518,35.5145606995
2013.04.23,35.5458980188,35.9220447240,35.5145517127,35.8593521118
2013.04.24,35.9533988655,36.2355097033,35.9220525526,36.0787811279
2013.04.25,36.2355023859,36.4549205534,36.2041560793,36.2668457031
2013.04.26,36.1728172302,36.2668531801,36.0160886542,36.1728172302
2013.04.29,36.2355092184,36.4862737398,36.2041629059,36.3922348022
2013.04.30,36.5489684604,36.6743507385,36.4862788160,36.6743507385
2013.05.01,36.4235742468,36.4235742468,36.2668457031,36.2668457031
2013.05.02,36.3608867275,36.5803049077,36.3608867275,36.4235763550
2013.05.03,36.7370303778,37.0191411513,36.7056840721,36.9251022339
2013.05.06,36.8310756536,36.8624219674,36.7683830261,36.7683830261
2013.05.07,36.7683811367,36.8937663853,36.7370378139,36.8310737610
2013.05.08,36.8937629403,37.1758707552,36.8937629403,37.1445274353
2013.05.09,36.7683763895,37.0504871835,36.6116508277,36.8624153137
2013.05.10,36.7056867626,36.8937616218,36.6743404545,36.8624153137
2013.05.13,37.2699100103,37.3952922589,37.1758710818,37.3325996399
2013.05.14,37.2072196257,37.6774053281,37.2072196257,37.5833663940
2013.05.15,37.8027946005,37.9595202077,37.7087556490,37.9281768799
2013.05.16,37.5206773921,37.6460596504,37.3326025101,37.3639488220
2013.05.17,37.7087463066,37.9595108032,37.6460566771,37.9595108032
2013.05.20,38.1789304239,38.2416200508,38.0848914995,38.2102737427
2013.05.21,38.3043090832,38.5237272410,38.2729627780,38.4296913147
2013.05.22,38.6804590565,38.9625698486,37.9281656038,38.0222015381
2013.05.23,35.3891720919,36.4862689718,34.9189894230,36.4235763550
2013.05.24,35.3891730807,35.7966661335,35.1697548944,35.7653198242
2013.05.28,35.6712845022,35.9847386325,35.3264840620,35.5459022522
2013.05.29,35.0130252583,35.0757148856,34.6682248347,34.9503326416
2013.05.30,34.5114959515,34.8876426798,34.4801496435,34.7622604370
2013.05.31,34.0726622014,34.3861193545,33.9786262512,33.9786262512
2013.06.03,33.4457465979,33.7278574017,33.0695998561,33.5711288452
2013.06.04,34.6995684292,34.7936073549,34.2607320665,34.5428428650
2013.06.05,33.6024804189,33.6651700577,33.1636409900,33.2263336182
2013.06.06,33.0696059802,33.2576778913,32.4740379533,33.1949882507
2013.06.07,33.5397800362,34.5428409291,33.4457441051,34.4801483154
2013.06.10,35.0757204916,35.1070668049,34.7309200129,34.9189949036
2013.06.11,34.3861100956,34.6368745548,34.0413067222,34.2293815613
2013.06.12,34.9189893801,34.9503326991,34.2293855425,34.3234214783
2013.06.13,34.6368796685,35.2324445996,34.3861151723,35.1384086609
2013.06.14,34.3861127568,34.6055309282,34.0099660389,34.0413093567
2013.06.17,35.2637897462,35.5772468508,34.7936070787,34.9503326416
2013.06.18,35.5459022522,35.7966667522,35.4832096325,35.5459022522
2013.06.19,35.7026389888,35.8907109122,35.0757246058,35.1070709229
2013.06.20,34.3861190113,34.4174623348,33.5397865001,33.6651687622
2013.06.21,34.8876342773,34.9816701894,34.2920665256,34.8876342773
2013.06.24,33.8845883796,34.1040065807,33.4144026767,33.9159317017
2013.06.25,34.0726636234,34.4174641147,33.9159350404,34.3547744751
2013.06.26,34.0413114524,34.2920759465,33.9786218236,34.1980400085
2013.06.27,34.8182257440,35.1330360983,34.7867438078,35.0385932922
2013.06.28,35.1645156347,35.5422898355,35.1015517667,35.3219223022
2013.07.01,35.7311706113,35.9515380963,35.6367248301,35.7626495361
2013.07.02,36.2348816701,36.3922883563,35.8256254867,36.0145111084
2013.07.03,35.7941480906,36.1719223841,35.7311872095,36.0459976196
2013.07.05,36.5182113647,36.5811722349,36.1089552009,36.5182113647
2013.07.08,36.1089545606,36.4552468459,36.0459906893,36.2663612366
2013.07.09,36.4867279066,36.5496887741,36.3293212344,36.4552459717
2013.07.10,36.3922866875,36.6756151070,36.2978408787,36.3293228149
2013.07.11,37.0219068987,37.3996810913,36.9274610989,37.3996810913
2013.07.12,37.1793120428,37.4311614942,37.1478301108,37.3367156982
2013.07.15,37.5256034471,37.6830101013,37.4311606555,37.6830101013
2013.07.16,37.4941269506,37.5256088865,37.2737594042,37.3682022095
2013.07.17,37.7459747323,37.7774566667,37.5256071958,37.7144927979
2013.07.18,37.7774604144,37.9348670999,37.7774604144,37.9033851624
2013.07.19,37.4941313963,37.6830200315,37.4311705194,37.6200561523
2013.07.22,37.4941252614,37.7459747323,37.4311643948,37.7144927979
2013.07.23,37.8404167555,37.8718956845,37.5885643074,37.6830101013
2013.07.24,37.6200516917,37.6515336276,37.1793165989,37.3682022095
2013.07.25,36.4867391842,36.7700706813,36.4552572396,36.6756248474
2013.07.26,36.0459862618,36.0774681936,35.6996940191,35.8256187439
2013.07.29,35.2589608405,35.2904427766,34.9441504862,35.0385932922
2013.07.30,35.6052498113,35.6682106701,35.3219184411,35.3533973694
2013.07.31,35.2589584343,35.4793289698,35.1645156347,35.3219223022
2013.08.01,36.5811638453,36.6126457743,36.2978324890,36.2978324890
2013.08.02,36.6126486910,36.9904228621,36.5496848280,36.8644981384
2013.08.05,36.8330214863,36.9904281640,36.7385786805,36.9589462280
2013.08.06,37.0848679078,37.1163498412,36.9274612430,36.9904251099
2013.08.07,36.5182029896,36.6126457743,36.2978324890,36.2978324890
2013.08.08,36.1089477539,36.2663544002,35.7941344613,36.1089477539
2013.08.09,36.1404380798,36.2978447758,36.0145133235,36.1404380798
2013.08.12,35.9830230373,36.1404266813,35.9515411076,36.1089477539
2013.08.13,36.2978385405,36.4552452094,35.9830282050,36.4237632751
2013.08.14,36.3293175181,36.4237603108,36.1719108620,36.2348747253
2013.08.15,35.9200562124,35.9515381395,35.6682068001,35.7311706543
2013.08.16,35.7941315062,35.9515381395,35.6367248730,35.7311706543
2013.08.19,35.8885834857,35.9515473561,35.5737731407,35.6367340088
2013.08.20,35.2589584343,35.4793289698,35.2274765003,35.3219223022
2013.08.21,35.0071038026,35.1645104470,34.6922935162,34.8182182312
2013.08.22,35.1330360983,35.2904427766,35.0385932922,35.0385932922
2013.08.23,35.5422912055,35.6367340088,35.4163664671,35.6367340088
2013.08.26,35.2904380765,35.4478447339,35.1959952830,35.2274742126
2013.08.27,35.1015542273,35.2274789697,34.8182258085,34.8497047424
2013.08.28,34.8811851477,35.1645165563,34.8182242804,34.9441490173
2013.08.29,34.9126701355,35.1645196313,34.8811881979,34.9126701355
2013.08.30,34.4404450407,34.4404450407,34.1256347181,34.2200775146
2013.09.03,35.1960007337,35.2904435418,34.9126693070,35.0700759888
2013.09.04,35.2904379982,35.7941368988,35.2589560664,35.6052513123
2013.09.05,35.3848823068,35.6052528370,35.3534003736,35.5108070374
2013.09.06,35.5108092703,35.7626587472,35.2904417286,35.6367340088
2013.09.09,36.1719160195,36.5496902466,36.1404340833,36.5496902466
2013.09.10,36.7070907208,36.8644973727,36.6441298614,36.8330154419
2013.09.11,36.3293234532,36.6126548799,36.2348806450,36.5811729431
2013.09.12,36.4237656214,36.5182114302,36.2348800084,36.3293228149
2013.09.13,36.4237655561,36.5182113647,36.2978408136,36.5182113647
2013.09.16,36.9904251099,37.1163498412,36.8645003785,36.9904251099
2013.09.17,36.4867232095,36.8644973727,36.4867232095,36.8330154419
2013.09.18,36.9589495292,37.9978294920,36.8645067150,37.9663505554
2013.09.19,37.9348610366,37.9663429691,37.6200477159,37.7774543762
2013.09.20,37.6515274368,37.6830093674,37.4311599266,37.4626388550
2013.09.23,37.5256125802,37.5885734558,37.3367239487,37.5885734558
2013.09.24,37.6515380919,37.7774628480,37.5256133359,37.6200561523
2013.09.25,37.4941223161,37.6515289736,37.4311614544,37.5256042480
2013.09.26,37.9978240444,38.1552307136,37.8718993094,38.1237487793
2013.09.27,37.7459663575,37.9663368474,37.6830055049,37.8404121399
2013.09.30,37.3367156585,37.6830109056,37.3052367289,37.5256042480
2013.10.01,37.2107955325,37.5570908223,37.1478346631,37.3682022095
2013.10.02,37.0219031966,37.2107887728,36.8015326879,37.1793098450
2013.10.03,37.0219055613,37.0533874934,36.7070922444,36.8959808350
2013.10.04,36.6756148085,37.0219101000,36.5811720028,36.9589462280
2013.10.07,36.1719154296,36.4552468459,36.1404334940,36.2663612366
2013.10.08,36.3293267154,36.3922905947,36.0774772028,36.1404380798
2013.10.09,36.8015365117,37.0848679078,36.5811689824,36.9904251099
2013.10.10,37.3052367289,37.6200470417,37.2737547969,37.5256042480
2013.10.11,37.3682058877,37.6200553948,37.3367239487,37.5885734558
2013.10.14,37.3052389541,37.7774559526,37.2737570202,37.6515312195
2013.10.15,37.3996795622,37.4626404239,37.1478301108,37.3367156982
2013.10.16,37.3681967930,37.7144890303,37.3681967930,37.6830101013
2013.10.17,37.6830228395,37.9978332520,37.6515408975,37.9978332520
2013.10.18,38.0293083191,38.1237511255,37.9348655126,38.0293083191
2013.10.21,38.0293014557,38.0922653168,37.9348586663,38.0607833862
2013.10.22,38.0922758736,38.3441253833,38.0607939343,38.2496795654
2013.10.23,37.4626388550,37.5256027163,37.2737532755,37.4626388550
2013.10.24,37.8089302124,37.9348549200,37.7144844301,37.8404121399
2013.10.25,37.3996788432,37.4311607746,37.1163474652,37.2737541199
2013.10.28,37.5256058222,37.5570877554,37.3681991580,37.3996810913
2013.10.29,37.5885643074,37.7144890303,37.5570853784,37.6830101013
2013.10.30,37.7774528929,37.8089348242,37.4941215158,37.6830101013
2013.10.31,37.4626434317,37.6830139711,37.3682006304,37.4941253662
2013.11.01,36.9904265831,37.1163513194,36.8645018467,37.0848693848
2013.11.04,37.0219092777,37.1793159519,36.9274634717,37.1163520813
2013.11.05,36.8644966057,36.8959785359,36.7385718873,36.8015327454
2013.11.06,37.2737586958,37.3367195641,37.1793158924,37.3052406311
2013.11.07,37.0219118199,37.0219118199,36.3293242070,36.6126556396
2013.11.08,36.5811675181,36.9274597648,36.5811675181,36.8959808350
2013.11.11,36.8330154419,36.9274582321,36.7700545825,36.8330154419
2013.11.12,37.2107948253,37.3052406311,37.1478339571,37.3052406311
2013.11.13,37.2422811342,37.6515373337,37.2107991952,37.5885734558
2013.11.14,37.8089423520,38.0607918479,37.7774604144,37.9033851624
2013.11.15,38.3756004284,38.5015251704,38.3126395584,38.4385643005
2013.11.18,38.4070808423,38.5644875143,38.2181952378,38.3755989075
2013.11.19,38.1237533524,38.3126419787,37.9978286024,38.1552352905
2013.11.20,38.2496781025,38.3441239167,38.1237533524,38.1552352905
2013.11.21,38.2811515833,38.4070763055,38.2496696522,38.3126335144
2013.11.22,38.1552260982,38.3441146789,38.1237441677,38.2811508179
2013.11.25,38.0922790778,38.1552399593,37.9348723704,37.9978332520
2013.11.26,37.8404121399,37.9348549200,37.7774482850,37.8404121399
2013.11.27,37.9663543123,38.0293151939,37.9033904284,37.9978332520
2013.11.29,38.0922753084,38.1237542449,37.9663505554,37.9663505554
2013.12.02,37.9348586976,38.0293014871,37.8089339775,37.8718948364
2013.12.03,37.6200499968,37.7144927979,37.4626433269,37.7144927979
2013.12.04,37.1478248154,37.4626350837,37.1163428879,37.4311561584
2013.12.05,37.1793159519,37.2737587556,36.9904273424,37.1163520813
2013.12.06,37.5256125802,37.6200553948,37.4626487023,37.5885734558
2013.12.09,37.6200553948,37.6515373337,37.4941306412,37.5885734558
2013.12.10,37.4311636872,37.6515312195,37.4311636872,37.6515312195
2013.12.11,37.4941262381,37.4941262381,37.2737586958,37.3052406311
2013.12.12,37.3996742309,37.5255989387,37.3052314507,37.4311561584
2013.12.13,37.1478340166,37.1793159519,37.0533912130,37.1163520813
2013.12.16,36.8959808350,37.0533874934,36.8644989028,36.8959808350
2013.12.17,36.9274635315,36.9274635315,36.8015387923,36.9274635315
2013.12.18,37.4286244128,37.7140974512,36.9845549057,37.6506576538
2013.12.19,37.3969099873,37.4286298907,37.2700333989,37.3334732056
2013.12.20,37.3651903259,37.5237868188,37.3334734474,37.4603500366
2013.12.23,37.6506610245,37.8409774089,37.6189411230,37.8092575073
2013.12.24,37.3334739017,37.3651907807,37.2700340939,37.3017539978
2013.12.26,37.8726952283,37.9044151306,37.8092584486,37.9044151306
2013.12.27,38.2216107852,38.2850475693,38.0947341919,38.0947341919
2013.12.30,38.4753653830,38.5388021695,38.4119255716,38.4436454773
2013.12.31,38.5070762634,38.5387931367,38.4436364668,38.5070762634
2014.01.02,38.3167654889,38.3167654889,37.8409790449,37.8726959229
2014.01.03,37.9995744782,38.1581709761,37.8726978849,38.0947341919
2014.01.06,37.9995666045,38.0312865025,37.7458134705,37.9678497314
2014.01.07,37.9678455082,38.1581588251,37.9361256137,38.1264419556
2014.01.08,38.2533278048,38.2850446820,38.0947313189,38.1898880005
2014.01.09,38.0947310714,38.1264509734,37.8726947826,38.0630111694
2014.01.10,38.1581645457,38.3484809161,38.0630078730,38.3167610168
2014.01.13,38.0947310714,38.2216076543,37.9044146846,38.0630111694
2014.01.14,37.8409731644,38.0947262984,37.7458134705,37.9678497314
2014.01.15,38.1264536389,38.2850471099,38.0630138306,38.2533302307
2014.01.16,38.0312822722,38.1898787195,37.9678455082,38.1264419556
2014.01.17,38.2850401654,38.3484799623,38.1898834951,38.2216033936
2014.01.21,38.2850532532,38.3484930717,38.1264597567,38.2850532532
2014.01.22,38.2850473486,38.3802070618,38.1898906604,38.3802070618
2014.01.23,37.9361313890,37.9361313890,37.4603449995,37.6189384460
2014.01.24,37.1748730971,37.3334695735,37.0162766207,37.0479965210
2014.01.27,36.8893898253,36.9528265833,36.3184438785,36.5721969604
2014.01.28,36.6356511154,36.8894042969,36.6039312115,36.8894042969
2014.01.29,36.6673679169,36.8894011757,36.6039281144,36.8576812744
2014.01.30,36.7942431147,37.0162763651,36.6990834146,36.9211196899
2014.01.31,35.9061005376,36.2867302259,35.7792239749,35.9378204346
2014.02.03,35.6840688453,35.7157887436,35.0814059025,35.2082824707
2014.02.04,34.7959351727,35.2717215789,34.7324953719,35.2400016785
2014.02.05,35.3034439087,35.4303204941,35.0496907380,35.3034439087
2014.02.06,35.3034477211,35.8109541174,35.3034477211,35.7157974243
2014.02.07,36.0329861600,36.3818990641,35.9695493752,36.2867393494
2014.02.10,36.1915762695,36.2550160681,36.0329797979,36.1281394958
2014.02.11,36.2550170925,36.7308034957,36.1915772921,36.6356468201
2014.02.12,36.5404800939,36.6356367434,36.4136005280,36.5721969604
2014.02.13,35.8109543443,36.3501806500,35.7792344381,36.2550239563
2014.02.14,35.7792311200,36.1915807876,35.7792311200,36.0964241028
2014.02.18,36.6990878983,36.9211242008,36.5722113076,36.8894042969
2014.02.19,36.6356556249,36.7942521391,36.3501825044,36.4453392029
2014.02.20,36.1598573189,36.2867338944,35.9695439680,36.2232971191
2014.02.21,36.6990795044,36.7625192977,36.4453263810,36.5087661743
2014.02.24,36.7942431147,37.1114330403,36.7942431147,36.9211196899
2014.02.25,36.8576834548,36.9845600423,36.6673700861,36.7942466736
2014.02.26,36.8576800716,36.8893999718,36.5404901444,36.6356468201
2014.02.27,36.4770503440,36.6990835955,36.3818936684,36.6356468201
2014.02.28,36.6990854843,36.9845585509,36.6356487056,36.8259620667
2014.03.03,36.0647001311,36.1598568052,35.7792270839,35.9695434570
2014.03.04,36.7942476101,36.9211242008,36.7625277061,36.8894042969
2014.03.05,36.5404905824,36.6039273586,36.4453308807,36.4770507812
2014.03.06,37.1114335511,37.2065902276,36.9528370736,37.1748733521
2014.03.07,37.0162763651,37.0479962652,36.7308033146,36.9211196899
2014.03.10,36.6990800422,36.7942397336,36.5722034786,36.7625198364
2014.03.11,36.6039302443,36.6356501474,36.3184571665,36.3818969727
2014.03.12,35.8426609266,36.1598507959,35.7475042683,36.0329742432
2014.03.13,35.9695353693,36.0329721294,35.2399929653,35.4303092957
2014.03.14,34.8910830501,35.2399927916,34.8593631577,35.0179595947
2014.03.17,35.2399974446,35.3985939026,35.2082805730,35.3985939026
2014.03.18,35.2082888539,35.5254788195,35.1765689499,35.3668823242
2014.03.19,35.3351635645,35.3668804419,34.9545338110,35.1765670776
2014.03.20,34.5421793718,34.7642126077,34.4470196779,34.6690559387
2014.03.21,34.8276536584,34.9228133640,34.5104637146,34.5104637146
2014.03.24,34.8593699712,34.9228097684,34.6056168324,34.6373367310
2014.03.25,34.9228169949,34.9545369000,34.7642204940,34.7959403992
2014.03.26,35.3034395714,35.3985962425,34.9862466345,35.0496864319
2014.03.27,35.3668735891,35.5889098376,35.3034368216,35.5571899414
2014.03.28,35.9061005376,36.0646969973,35.8109438718,35.9378204346
2014.03.31,36.1281367912,36.1915735601,35.8743836657,35.9378204346
2014.04.01,35.9060976905,36.0646941376,35.9060976905,36.0329742432
2014.04.02,36.1281369062,36.3501701355,36.0964170092,36.3501701355
2014.04.03,36.2867314560,36.2867314560,36.0964181179,36.1598548889
2014.04.04,36.3501647764,36.3818846688,35.8743784909,36.0012550354
2014.04.07,35.8426715923,35.8743914961,35.6206352902,35.6523551941
2014.04.08,35.0179631358,35.0814029271,34.7959299165,34.8910865784
2014.04.09,35.0496841150,35.4620336958,34.9545274502,35.3985939026
2014.04.10,34.8910893389,34.9228092370,34.3518631707,34.3835830688
2014.04.11,34.4153103669,34.5739038417,34.2249939622,34.2567138672
2014.04.14,34.8276663283,34.8276663283,34.5104762691,34.7325096130
2014.04.15,34.6056222754,34.7642187684,34.3835890002,34.7007789612
2014.04.16,35.3034455411,35.4620420364,35.1448490458,35.3668823242
2014.04.17,35.3351633638,35.5254767269,35.2717235594,35.4620399475
2014.04.21,35.3668802410,35.4620399475,35.3034434616,35.4620399475
2014.04.22,35.1448426741,35.3351590389,35.0814059025,35.2082824707
2014.04.23,35.3668806889,35.3986005915,35.2717240061,35.3034439087
2014.04.24,35.1448471753,35.1765670776,34.9228139087,35.1765670776
2014.04.25,35.1765582045,35.2082780988,34.9228050995,34.9545249939
2014.04.28,35.0496949902,35.1765715910,34.8593785766,35.1448516846
2014.04.29,35.2400016785,35.3668782551,35.1448450022,35.2400016785
2014.04.30,34.9862551774,35.1765715910,34.9545382959,35.1448516846
2014.05.01,35.5254769738,35.6206336560,35.4620401939,35.5889167786
2014.05.02,35.7157947599,35.7792315422,35.4303216771,35.5254783630
2014.05.05,35.3668695105,35.4937460558,35.2717128578,35.4303092957
2014.05.06,35.3668838116,35.3986037169,35.2400072150,35.3351669312
2014.05.07,35.0496904932,35.2082869800,34.9228139087,35.1765670776
2014.05.08,35.0179665332,35.2399997741,34.9862466345,35.0496864319
2014.05.09,35.2717271204,35.3668838116,35.1448505238,35.3351669312
2014.05.12,35.2082888539,35.4303221323,35.2082888539,35.3668823242
2014.05.13,35.6840739514,35.8426704407,35.6206341458,35.8426704407
2014.05.14,35.7792317846,35.8743914961,35.5571985075,35.6523551941
2014.05.15,35.6523537622,35.6840736648,35.1448474207,35.3034439087
2014.05.16,35.3986022283,35.4303221323,35.2717256370,35.3668823242
2014.05.19,35.0496796599,35.4303092957,35.0179597673,35.4303092957
2014.05.20,35.1131162470,35.1765560318,34.9545228349,35.0179595947
2014.05.21,35.3034327504,35.4937460558,35.2717128578,35.4303092957
2014.05.22,35.6840677288,35.8426641904,35.6523478315,35.7792243958
2014.05.23,35.8743863513,36.1915762695,35.8743863513,36.1281394958
2014.05.27,36.2550265029,36.4136199951,36.1915866860,36.4136199951
2014.05.28,36.2867408375,36.3819005562,36.1598642377,36.2550239563
2014.05.29,36.5087695548,36.6990829025,36.4453297556,36.6673660278
2014.05.30,36.6673714744,36.7942480667,36.6673714744,36.7308082581
2014.06.02,37.1748733521,37.2700300285,36.9845569741,37.1748733521
2014.06.03,37.0479905418,37.1431472023,36.9845507515,37.1114273071
2014.06.04,37.1431553339,37.4603483049,37.1114354318,37.3651885986
2014.06.05,37.3017535438,37.5237868188,37.0797172438,37.4603500366
2014.06.06,37.4286301331,37.4920669152,37.3651903259,37.4603500366
2014.06.09,37.2383144289,37.4286308289,37.2383144289,37.4286308289
2014.06.10,37.0162706467,37.1114273071,36.9528308564,37.1114273071
2014.06.11,37.2065925598,37.3017522672,37.1431557798,37.2065925598
2014.06.12,37.5872263825,37.6189432608,37.2383134955,37.3334732056
2014.06.13,37.5237846375,37.6189413176,37.4920647357,37.5237846375
2014.06.16,37.4603478590,37.5555045392,37.3969080556,37.5237846375
2014.06.17,37.4920669152,37.5872266259,37.4286301331,37.4603500366
2014.06.18,37.7458134705,38.0630064005,37.5555001324,37.9678497314
2014.06.19,38.4753604259,38.6339569092,38.4436405243,38.6339569092
2014.06.20,38.6656761169,38.6973960205,38.6022393348,38.6656761169
2014.06.23,38.3167603260,38.3802001233,38.1898837563,38.3484802246
2014.06.24,38.4436368956,38.6339532625,38.2533235536,38.3484802246
2014.06.25,38.1951939104,38.5784229141,38.1951939104,38.4826164246
2014.06.26,38.3868101691,38.4187436354,38.2271306552,38.3548736572
2014.06.27,38.1632534265,38.2909964144,38.1313169181,38.2590599060
2014.06.30,38.4506797791,38.5464862682,38.4187432675,38.4506797791
2014.07.01,38.8977807772,39.1213302612,38.8977807772,39.1213302612
2014.07.02,38.9935800052,39.0574499692,38.9297069956,39.0255165100
2014.07.03,38.7700383727,38.8977813721,38.7381018615,38.8977813721
2014.07.07,38.7061618567,38.7061618567,38.5464823605,38.6103553772
2014.07.08,38.6422959375,38.6742294036,38.3868099351,38.4826164246
2014.07.09,38.6103513553,38.7700308349,38.5784148503,38.7380943298
2014.07.10,37.8438981907,38.1632541437,37.8119616817,38.0674476624
2014.07.11,38.1951901558,38.2271266644,38.0674471672,38.1313171387
2014.07.14,38.5464784119,38.6422879272,38.5145449524,38.5784149170
2014.07.15,38.7061653137,38.7381018249,38.5145523377,38.7061653137
2014.07.16,38.7700347900,38.8339047610,38.6742252652,38.7700347900
2014.07.17,38.6422998991,38.7700429134,38.4187473398,38.5145568848
2014.07.18,38.5145523377,38.7381018249,38.5145523377,38.7061653137
2014.07.21,38.5464863025,38.6742293034,38.4187433016,38.6422958374
2014.07.22,38.7700347900,38.8339047610,38.7380982817,38.7700347900
2014.07.23,38.7381052678,38.8019752502,38.6422987712,38.8019752502
2014.07.24,38.6742253483,38.6742253483,38.5464823605,38.6103553772
2014.07.25,38.8658373043,38.8977738094,38.6422878604,38.7380943298
2014.07.28,38.9297143376,39.0893938461,38.8019713398,38.9616508484
2014.07.29,39.0574462016,39.0893827033,38.8019602790,38.8658332825
2014.07.30,38.9297148377,39.0574578370,38.8339083496,38.8977813721
2014.07.31,38.5784230148,38.6103595266,38.2910004999,38.3229370117
2014.08.01,38.3229292421,38.4826087231,38.2590562315,38.2909927368
2014.08.04,38.2271306552,38.4506801473,38.1632576314,38.3548736572
2014.08.05,37.9716375177,38.0035709780,37.5884085837,37.7480850220
2014.08.06,37.3329316544,37.6203542092,37.3009981838,37.5564842224
2014.08.07,37.7480859409,37.7800224476,37.3329204909,37.4287300110
2014.08.08,37.2051845931,37.5884166550,37.1413146132,37.4926071167
2014.08.11,37.8119622637,37.9077687465,37.7800257542,37.8438987732
2014.08.12,37.8119619914,37.8758319643,37.7161555093,37.7800254822
2014.08.13,38.0993843079,38.1951907895,38.0355112897,38.0993843079
2014.08.14,38.1313210870,38.1951941108,38.0355145970,38.1632575989
2014.08.15,38.2590605385,38.2909970474,38.0035745584,38.2271270752
2014.08.18,38.2590641215,38.3868101691,38.2271306552,38.3548736572
2014.08.19,38.3229296620,38.4187361334,38.2909931563,38.3868026733
2014.08.20,38.0035780851,38.1951941108,38.0035780851,38.1632575989
2014.08.21,38.2910006334,38.4187436354,38.2910006334,38.3548736572
2014.08.22,38.0674476624,38.1313176347,38.0035746444,38.0674476624
2014.08.25,38.1313174121,38.2590604017,38.1313174121,38.1951904297
2014.08.26,37.9716447197,38.0674512100,37.9397082077,38.0035781860
2014.08.27,37.9397052560,37.9397052560,37.8119622637,37.8438987732
2014.08.28,37.6842150558,37.8119580338,37.6842150558,37.7480850220
2014.08.29,37.7480931550,37.7480931550,37.6203501495,37.6842231750
2014.09.02,38.2271271617,38.2271271617,38.0035746444,38.0674476624
2014.09.03,38.1951907895,38.1951907895,38.0355112897,38.0993843079
2014.09.04,37.9716339111,38.1313103342,37.8758244025,37.9716339111
2014.09.05,37.7161556452,37.8438986370,37.6203461171,37.8119621277
2014.09.08,37.7800254822,37.9077684735,37.7161555093,37.7800254822
2014.09.09,37.5245396753,37.5245396753,37.3329236645,37.4606666565
2014.09.10,37.8119616317,37.9397046219,37.7161551505,37.8758316040
2014.09.11,37.6842190001,37.7800254822,37.6203459816,37.7800254822
2014.09.12,37.7480968463,37.7480968463,37.5245473262,37.6522903442
2014.09.15,37.6203501495,37.6842231750,37.5245436567,37.6842231750
2014.09.16,37.5564720778,37.8438945397,37.5564720778,37.7480850220
2014.09.17,37.4606634720,37.5884094988,37.2051775098,37.4287300110
2014.09.18,37.5884203581,37.6842268601,37.5564838421,37.6522903442
2014.09.19,37.7800259796,37.7800259796,37.6522829865,37.7161560059
2014.09.22,37.7480931550,37.7800296678,37.6522866623,37.6842231750
2014.09.23,37.6522825787,37.7480890610,37.5564760963,37.6203460693
2014.09.24,37.7480892448,37.9716417655,37.7161557809,37.8438987732
2014.09.25,38.0355074839,38.0674439898,37.6522785499,37.7480850220
2014.09.26,37.9716448530,38.1951943463,37.9716448530,38.0355148315
2014.09.29,37.6842191359,37.8438986370,37.6522826265,37.8119621277
2014.09.30,37.5564767287,37.6203467028,37.3967972250,37.5884132385
2014.10.01,37.2371182237,37.2371182237,36.8858257474,36.9816322327
2014.10.02,36.3748508134,36.4067842755,35.8638758271,36.2790412903
2014.10.03,36.6622736766,36.7900197194,36.5025972144,36.7261466980
2014.10.06,36.7261432389,36.7580797466,36.5025937764,36.6303367615
2014.10.07,36.6303404027,36.6942103788,36.3429178962,36.4067878723
2014.10.08,36.2151712985,36.7261432389,36.0874283134,36.6303367615
2014.10.09,36.0874335704,36.1832400618,35.6083950223,35.7042045593
2014.10.10,35.6083843999,35.7680638683,35.1932220459,35.1932220459
2014.10.13,35.3848389548,35.4487119676,34.8738670349,34.8738670349
2014.10.14,35.1932330920,35.3209760976,34.9696805478,35.0974235535
2014.10.15,34.8099941608,35.0016101544,34.4267652194,34.9058036804
2014.10.16,34.2990224491,34.9696738622,34.2670859424,34.7780609131
2014.10.17,34.8100011346,35.0016171665,34.6183881483,34.9377441406
2014.10.20,35.3848339008,35.7361262841,35.3848339008,35.6403198242
2014.10.21,35.3209757829,35.6403317715,35.3209757829,35.5764617920
2014.10.22,35.8000144842,35.9596940156,35.5125919369,35.6083984375
2014.10.23,35.8000146258,36.0555006588,35.7680781103,35.8319511414
2014.10.24,35.8638805583,36.0235600722,35.7361375562,35.9596900940
2014.10.27,35.8958089677,36.0874249503,35.8319390040,36.0235519409
2014.10.28,36.0874288271,36.2471083221,36.0235558108,36.2151718140
2014.10.29,36.5664673810,36.6622738679,36.2151748984,36.4067878723
2014.10.30,36.3429213513,36.8538933910,36.3109848374,36.6942138672
2014.10.31,38.3868138705,38.5464903541,38.1632613112,38.5145568848
2014.11.03,38.4826123067,39.1213272444,38.3868058274,38.7700347900
2014.11.04,37.5245355719,37.8438945397,37.4287290998,37.7480850220
2014.11.05,37.7161637579,37.7480972285,37.4606746737,37.5564842224
2014.11.06,37.0774383545,37.1732478844,36.9816318702,37.0774383545
2014.11.07,36.8219563936,36.9816359153,36.6622768719,36.9496994019
2014.11.10,37.0455047992,37.3009907871,36.9816317794,37.2371177673
2014.11.11,37.4606666565,37.5564761847,37.3648601739,37.4606666565
2014.11.12,37.0774383984,37.4287339173,37.0774383984,37.2690544128
2014.11.13,37.6203467028,37.7480896966,37.4926037089,37.5884132385
2014.11.14,37.4926037089,37.6203467028,37.4287337349,37.5884132385
2014.11.17,36.8858257474,37.0774387179,36.8858257474,36.9816322327
2014.11.18,37.3329275985,37.5564801422,37.2690576186,37.4926071167
2014.11.19,37.2051813928,37.3329243872,37.1413114184,37.2690544128
2014.11.20,36.7580793126,37.0135652797,36.7261428053,36.8858222961
2014.11.21,37.4606639029,37.4606639029,37.0774349552,37.1732444763
2014.11.24,37.2690542772,37.3329242514,37.1732477932,37.2371177673
2014.11.25,37.3009866138,37.3648565808,37.1413071278,37.3329200745
2014.11.26,37.2051812574,37.3329242514,37.1413112833,37.2371177673
2014.11.28,37.1732518415,37.2051853092,37.1093788147,37.1093788147
2014.12.01,37.3967937186,37.4287302255,37.2371142299,37.3009872437
2014.12.02,37.5884126056,37.6842190880,37.5245395870,37.6203460693
2014.12.03,37.4926037089,37.6203467028,37.3967972250,37.5884132385
2014.12.04,37.4926071167,37.5884166550,37.3648641113,37.4926071167
2014.12.05,37.5564764571,37.6203464308,37.4287334643,37.5245399475
2014.12.08,37.0774353875,37.2371148790,36.8858224342,36.9177589417
2014.12.09,36.8538927989,37.1413153281,36.7580863044,37.1093788147
2014.12.10,36.9177665309,36.9177665309,36.4067914440,36.5345344543
2014.12.11,36.7900162542,36.9816292091,36.5664637461,36.6303367615
2014.12.12,36.5984002760,36.6942067535,36.2471078282,36.2790412903
2014.12.15,36.1193703227,36.1832403022,35.4487187874,35.5764617920
2014.12.16,35.6722714683,36.0235640008,35.5764649677,35.6083984375
2014.12.17,35.9810489739,36.4629398691,35.9167986928,36.2059326172
2014.12.18,36.6878256086,36.8163292526,36.6235722547,36.7842025757
2014.12.19,36.9769592285,37.1375895480,36.8805791986,36.9769592285
2014.12.22,36.9127075802,36.9769609365,36.8163306096,36.8805809021
2014.12.23,36.9127089835,37.0412126372,36.9127089835,36.9448356628
2014.12.24,36.8805809021,36.9769609365,36.8163306096,36.8805809021
2014.12.26,37.0733313414,37.2339616399,37.0733313414,37.1375846863
2014.12.29,36.7199477714,36.7841980536,36.6556944254,36.7520713806
2014.12.30,36.3023185730,36.4308222308,36.2701918926,36.3023185730
2014.12.31,36.3344456215,36.4629492806,36.1095619202,36.1095619202
2015.01.02,36.4308201673,36.5271971393,36.1095595090,36.1738128662
2015.01.05,35.9489261077,35.9810527835,35.6276685406,35.7561721802
2015.01.06,35.5955359319,35.6276626024,34.9851445116,35.1778984070
2015.01.07,35.7561669470,35.8846705678,35.6276633262,35.6919136047
2015.01.08,35.9167972857,36.2059311988,35.8846706146,36.1416778564
2015.01.09,36.0774297472,36.1095564231,35.6919188285,35.7561721802
2015.01.12,35.6597893292,35.7882929476,35.4349056993,35.6276626587
2015.01.13,36.1416782108,36.3344351760,35.6919140013,35.9167976379
2015.01.14,35.7561697347,35.9489236490,35.6276661040,35.8525466919
2015.01.15,36.4950728976,36.4950728976,36.0774352394,36.1095619202
2015.01.16,36.2701863368,36.5271936131,36.2059360496,36.4308166504
2015.01.20,36.8484552714,36.8805788840,36.5271946351,36.7199516296
2015.01.21,36.5593219645,36.7842025757,36.4629449975,36.7842025757
2015.01.22,36.6235749968,37.0090890216,36.4629477275,36.9448356628
2015.01.23,37.0090869577,37.0412105715,36.7842032785,36.8163299561
2015.01.26,37.0733251118,37.3303323207,37.0411984448,37.2339553833
2015.01.27,37.2660903483,37.4267175918,37.2339636741,37.2982139587
2015.01.28,37.6515928636,37.7158431340,37.1697020492,37.2339553833
2015.01.29,37.2982142892,37.6194749066,37.2339640040,37.5552215576
2015.01.30,37.1375919699,37.2982192362,36.8805816037,36.9127082825
2015.02.02,37.3303406329,37.4267175918,37.1054600411,37.2982139587
2015.02.03,37.0090748415,37.2339553833,36.9769481744,37.2339553833
2015.02.04,37.3946036762,37.5873576438,37.3624769936,37.4267272949
2015.02.05,37.5231014105,37.7801087026,37.4909747331,37.7479820251
2015.02.06,37.4588539775,37.6837346276,37.3303503111,37.4267272949
2015.02.09,37.1375909106,37.2660945582,37.0412108771,37.0733375549
2015.02.10,37.4267179234,37.6194749066,37.3624676382,37.5552215576
2015.02.11,37.3945957160,37.6194763184,37.3945957160,37.6194763184
2015.02.12,37.6194804259,37.8764877319,37.5873537467,37.8764877319
2015.02.13,38.2619833921,38.4226136602,38.2298567258,38.3262367249
2015.02.17,38.3262474639,38.5190013885,38.2941207886,38.2941207886
2015.02.18,38.9687652588,39.0651422201,38.8723882975,38.9687652588
2015.02.19,39.1936392694,39.3863962234,39.1615125997,39.2578926086
2015.02.20,39.3864017571,39.6434090228,39.2900217347,39.6112823486
2015.02.23,39.3542754557,39.4185288046,39.2578984961,39.3864021301
2015.02.24,39.4185391256,39.6434197781,39.3542857598,39.5791664124
2015.02.25,39.4506537810,39.6112840950,39.3864034936,39.4827804565
2015.02.26,39.8040427687,39.9325464126,39.6755391248,39.8361663818
2015.02.27,39.7719140715,39.8040407468,39.6112837588,39.6755371094
2015.03.02,39.6112775190,39.7719078064,39.5791508488,39.7719078064
2015.03.03,39.6112930952,39.6112930952,39.4506627447,39.5791664124
2015.03.04,39.3221487812,39.4506524153,39.1615184727,39.3864021301
2015.03.05,39.6755356969,39.7397859815,39.5470320641,39.6112823486
2015.03.06,39.7076663035,39.8361699589,39.5470390320,39.5470390320
2015.03.09,39.3542799689,39.5149102958,39.2900266127,39.4185333252
2015.03.10,38.9045098349,38.9687631815,38.7760062054,38.8402595520
2015.03.11,39.0972647116,39.2900186136,39.0008877606,39.1936416626
2015.03.12,39.9004162934,40.0931702107,39.8682896192,40.0610466003
2015.03.13,39.9967894019,40.1252930224,39.9004124525,40.0931663513
2015.03.16,40.2537994385,40.3823030679,40.2216758290,40.2537994385
2015.03.17,40.2538053602,40.4144356866,40.1574283900,40.3501853943
2015.03.18,40.5108039790,41.0569451332,40.4465537005,40.9926948547
2015.03.19,40.6071908818,40.6714411712,40.4786872392,40.5108108521
2015.03.20,40.8963100374,41.2175705835,40.8963100374,41.1533203125
2015.03.23,41.3460807800,41.4424577337,41.2497038264,41.3460807800
2015.03.24,41.3460908749,41.4103442356,41.2175872174,41.2497138977
2015.03.25,41.3782008565,41.4745777948,41.0890669778,41.1533203125
2015.03.26,40.7356948853,40.9284488189,40.6071912415,40.7356948853
2015.03.27,40.7356968930,40.9927041931,40.7356968930,40.8963241577
2015.03.30,41.0248183812,41.1211953234,40.9605650438,41.0569419861
2015.03.31,40.3180527851,40.4144297412,40.2216758290,40.2537994385
2015.04.01,40.2537984123,40.4144287109,40.0289178326,40.4144287109
2015.04.02,40.7356910262,40.9284449416,40.5750607208,40.7678146362
2015.04.06,41.0890835598,41.4424678521,41.0248332630,41.2497138977
2015.04.07,41.4424667358,41.5388467742,41.3460897612,41.4424667358
2015.04.08,41.6352213285,41.6994716199,41.4103407129,41.5067176819
2015.04.09,41.4424643267,41.5067176819,41.2818370663,41.5067176819
2015.04.10,41.3782146869,41.6030953060,41.3460880088,41.5709686279
2015.04.13,41.3139610775,41.3782144333,41.2175841076,41.2818374634
2015.04.14,41.5388450136,41.6030953060,41.3782146869,41.5709686279
2015.04.15,41.7315986029,41.8601022505,41.6994719251,41.7637252808
2015.04.16,41.7958533132,41.9564836438,41.6994732766,41.8601036072
2015.04.17,41.5067183841,41.5709686766,41.4103414135,41.5388450623
2015.04.20,41.5709707299,41.6994743850,41.5709707299,41.6673507690
2015.04.21,42.3419907201,42.4062410082,42.2777373683,42.3098640442
2015.04.22,42.5989959148,42.6953728741,42.4704922811,42.6311225891
2015.04.23,42.3741115558,42.6311218826,42.3419879457,42.5989952087
2015.04.24,42.7274978082,42.7596244812,42.6632444621,42.7596244812
2015.04.27,42.7274995034,42.8560031369,42.6632461548,42.6632461548
2015.04.28,42.7596320613,42.8881357125,42.6953787038,42.7917556763
2015.04.29,42.4383690476,42.5989993686,42.1813617594,42.4062423706
2015.04.30,41.6352216802,41.7637253278,41.2818374150,41.3139610291
2015.05.01,41.5067118092,41.8600960214,41.4745851361,41.8279724121
2015.05.04,41.8279751416,42.0207290649,41.7958484665,42.0207290649
2015.05.05,41.7637239533,41.8279773069,41.1212057360,41.2175827026
2015.05.06,41.3139627901,41.3460894694,40.9605785099,41.1854591370
2015.05.07,41.1212102402,41.2497138977,41.0248332630,41.2497138977
2015.05.08,41.8922288821,42.2456131465,41.8601022043,42.2134895325
2015.05.11,41.7315990035,41.7637256817,41.5388450623,41.5388450623
2015.05.12,41.4745917060,41.6030953548,41.3782147353,41.5388450623
2015.05.13,42.0528637987,42.0849904800,41.7637297945,41.7958564758
2015.05.14,41.7958484665,42.0207290649,41.7315951162,42.0207290649
2015.05.15,42.1492361769,42.2456131465,42.1492361769,42.2134895325
2015.05.18,42.5668792725,42.5990059544,42.4383756085,42.5668792725
2015.05.19,42.6632454926,42.7596255141,42.3098612719,42.5989952087
2015.05.20,42.5347418611,42.7596255141,42.4383649034,42.5989952087
2015.05.21,42.5347408337,42.7917480905,42.5347408337,42.7596244812
2015.05.22,42.5347425213,42.7274995034,42.5347425213,42.6632461548
2015.05.26,42.3741146733,42.4062413495,42.0207304266,42.1171073914
2015.05.27,42.3419920805,42.4062423706,42.2456120496,42.4062423706
2015.05.28,42.0849834402,42.3419907201,41.9886034125,42.3098640442
2015.05.29,41.9564812302,41.9886048435,41.7958509089,41.9243545532
2015.06.01,42.3098643847,42.3741146733,42.1171073914,42.1171073914
2015.06.02,41.9564787784,42.1492327017,41.8279751416,42.0207290649
2015.06.03,42.0528547038,42.2456086223,42.0207280294,42.1813583374
2015.06.04,41.8922271729,42.0528574915,41.7958502072,41.8922271729
2015.06.05,41.5388502208,41.8279842324,41.4745968565,41.6352272034
2015.06.08,41.3460821936,41.4103355408,41.2497052366,41.4103355408
2015.06.09,41.0248215259,41.0890718044,40.8641912340,40.9926948547
2015.06.10,41.5388471139,41.7637277444,41.5067204342,41.6673507690
2015.06.11,41.8922302860,41.9243569649,41.7315999555,41.8601036072
2015.06.12,41.5388502208,41.6352272034,41.4103465560,41.6352272034
2015.06.15,41.5067179857,41.7958519586,41.4424646300,41.7637252808
2015.06.16,41.3139613307,41.6030953060,41.3139613307,41.5709686279
2015.06.17,41.0890790592,41.2818360563,40.8320717723,41.2175827026
2015.06.18,41.0248332630,41.4103442356,41.0248332630,41.2497138977
2015.06.19,41.3139610775,41.4103411112,41.2818374634,41.2818374634
2015.06.22,41.8922278762,42.0849848746,41.8922278762,41.9243545532
2015.06.23,42.2777387265,42.4704957245,42.2777387265,42.4062423706
2015.06.24,41.9886017298,42.0528550790,41.8922247696,41.9564781189
2015.06.25,42.2341611224,42.2341611224,42.0081383084,42.0404281616
2015.06.26,42.2018715235,42.2987410838,42.1372948960,42.2341613770
2015.06.29,41.4915172852,41.5883837756,41.1040451647,41.1686248779
2015.06.30,41.5883732441,41.6206630925,41.3623504639,41.3623504639
2015.07.01,41.7175452668,41.8144117692,41.5560990433,41.6529655457
2015.07.02,41.5560990433,41.6852554062,41.4915224015,41.6529655457
2015.07.06,41.2977707670,41.5883732441,41.2654809186,41.3623504639
2015.07.07,41.4269386582,41.5560950086,41.0717594644,41.4592285156
2015.07.08,40.3291116335,40.3614014937,39.6833298254,39.7479095459
2015.07.09,40.3936887958,40.4905552911,40.1030862308,40.2322425842
2015.07.10,40.7811585580,40.9748915518,40.6520022024,40.8780250549
2015.07.13,41.3623528526,41.4592193242,41.3300630024,41.4269294739
2015.07.14,41.4592264962,41.7498290403,41.4592264962,41.6852493286
2015.07.15,41.5883889038,41.7821219086,41.5238091827,41.6529655457
2015.07.16,41.9112700172,41.9435598715,41.7498269048,41.8144035339
2015.07.17,41.9435599959,41.9758498502,41.8466935123,41.9112701416
2015.07.20,41.9112701416,42.0727163338,41.8466935123,41.9112701416
2015.07.21,41.7821159363,41.8144057922,41.6206728152,41.7821159363
2015.07.22,41.4915124272,41.6852453853,41.4592225743,41.5883789062
2015.07.23,41.6852476475,41.7175375021,41.4592248242,41.5560913086
2015.07.24,41.4915172852,41.5238040624,41.1363350213,41.1686248779
2015.07.27,40.8457330543,41.0394691173,40.7488665625,41.0071792603
2015.07.28,40.9748865712,41.2009124756,40.8134434557,41.2009124756
2015.07.29,41.0717479868,41.4592169298,41.0394581384,41.3623504639
2015.07.30,41.2654833018,41.4592193242,41.1686168303,41.4269294739
2015.07.31,41.7175384833,41.8144049699,41.6206719967,41.7498283386
2015.08.03,41.5237992006,41.6529555325,41.4269327215,41.5883789062
2015.08.04,41.3946587735,41.5883948855,41.3946587735,41.5238151550
2015.08.05,41.8466956482,41.9112722808,41.7498291597,41.7821159363
2015.08.06,41.7175452668,41.7498351274,41.5238091827,41.6529655457
2015.08.07,41.7175393037,41.8466956482,41.6529595918,41.7821159363
2015.08.10,42.1372981208,42.4279006652,42.1372981208,42.3956108093
2015.08.11,41.6206787644,41.7821219086,41.5560990433,41.6529655457
2015.08.12,41.1040507303,41.4269431813,40.8134512196,41.3946533203
2015.08.13,41.3946407586,41.7821097346,41.3946407586,41.7175331116
2015.08.14,41.5237970839,41.8143995857,41.4915103121,41.7175331116
2015.08.17,41.6206705673,41.8144035339,41.5560908589,41.8144035339
2015.08.18,41.4592385039,41.5561050202,41.3946587735,41.5238151550
2015.08.19,41.1363310832,41.2654874179,40.9425981209,41.0717544556
2015.08.20,40.3291001578,40.3936798599,39.8447647095,39.8447647095
2015.08.21,39.5541690209,39.7156152246,38.4886283875,38.4886283875
2015.08.24,36.5512793464,37.7136895256,36.0346539687,37.1324844360
2015.08.25,38.7146562382,38.7469460990,37.2939362362,37.3585128784
2015.08.26,38.3917615494,38.9083869331,37.9397127990,38.8438072205
2015.08.27,39.1021199503,39.7156149036,39.0375433170,39.5541687012
2015.08.28,39.5864633241,39.8447760473,39.5218836036,39.7479095459
2015.08.31,39.2635672077,39.3604337000,39.0052545086,39.1344108582
2015.09.01,37.4230926000,37.7782718307,37.2293565146,37.3585128784
2015.09.02,38.0688651703,38.1334448762,37.6168164671,38.0365753174
2015.09.03,38.2948929127,38.5532056108,38.2303162778,38.3271827698
2015.09.04,37.1647727329,37.3585057017,36.9387468301,37.1001930237
2015.09.08,37.7459780143,37.9720039368,37.6168216640,37.9720039368
2015.09.09,38.5209160351,38.5854926653,37.8751312573,37.9074211121
2015.09.10,37.8751296997,38.0365758875,37.6813967378,37.8751296997
2015.09.11,37.6813982874,37.9397109668,37.5522419477,37.9074211121
2015.09.14,37.6813981651,37.8105545044,37.5845316805,37.8105545044
2015.09.15,37.7782695273,38.1980284539,37.6814030301,38.1011619568
2015.09.16,38.1980341202,38.4563468704,38.1980341202,38.4240570068
2015.09.17,38.1980257201,38.8115206764,38.1011592299,38.3917617798
2015.09.18,37.2616385163,37.5199511895,37.1324821797,37.1647720337
2015.09.21,37.3585068058,37.5522428597,37.1647738313,37.3907966614
2015.09.22,36.7450181174,36.9710409670,36.5835719051,36.8418846130
2015.09.23,36.9064643297,36.9387511087,36.6481516217,36.8418846130
2015.09.24,36.4867020862,36.6158584284,36.0669432042,36.5835685730
2015.09.25,37.6813954892,37.7459721145,37.2616366465,37.4876594543
2015.09.28,37.1001939418,37.1647736526,36.4867020862,36.5835685730
2015.09.29,36.1315231323,36.2929693446,35.9700799993,36.1315231323
2015.09.30,36.5835749860,36.9387542195,36.4221287601,36.9064674377
2015.10.01,37.0679024718,37.1970618877,36.8418796526,37.1647720337
2015.10.02,36.8095970708,37.6168251038,36.7127305691,37.6168251038
2015.10.05,38.3594782001,38.6500807975,38.2948984765,38.5532112122
2015.10.06,38.2948889756,38.3917585370,38.1334458654,38.2303123474
2015.10.07,38.8115204435,38.9406767894,38.5532046723,38.8438072205
2015.10.08,38.7146449587,39.0375373138,38.5854886325,38.9729576111
2015.10.09,39.1021186241,39.1666983346,38.9406755065,39.0698318481
2015.10.12,39.1021210009,39.1344108582,38.9729646514,39.1344108582
2015.10.13,38.7792327313,38.9729657213,38.5854966621,38.7146530151
2015.10.14,38.3917601008,38.5532032176,38.1334474187,38.2626037598
2015.10.15,38.9729647660,39.2958571804,38.9083881307,39.2312774658
2015.10.16,39.3604347797,39.4573043539,39.1989916478,39.4250144958
2015.10.19,39.0375444806,39.2635673231,39.0052546233,39.2312774658
2015.10.20,38.9729667938,39.1021231505,38.9406800142,39.0052566528
2015.10.21,39.6833234849,39.7156133399,39.4573006580,39.5218772888
2015.10.22,39.7156154044,40.1999509384,39.7156154044,40.0062179565
2015.10.23,40.2645242454,40.5228368996,40.1676546905,40.3936805725
2015.10.26,40.3614006042,40.4582671035,40.2322442455,40.3614006042
2015.10.27,39.9739251102,40.0385017395,39.8770586265,40.0385017395
2015.10.28,40.1676638219,40.4582663939,40.0062206858,40.4259796143
2015.10.29,39.8770562516,40.0062125819,39.8447663992,39.9739227295
2015.10.30,40.0384983537,40.0384983537,39.7478989272,39.7801856995
2015.11.02,39.6833165671,40.1353652214,39.6833165671,40.0707855225
2015.11.03,39.9739251102,40.1676580775,39.9416352558,40.0385017395
2015.11.04,39.9093413322,39.9739210343,39.7478982357,39.8447647095
2015.11.05,40.1676589376,40.2968152784,40.0385025968,40.1353721619
2015.11.06,40.0707915938,40.1999479319,39.9093454015,40.0385017395
2015.11.09,40.1353687817,40.1353687817,39.7478997919,39.8770561218
2015.11.10,40.1676500233,40.3613860312,40.1353632548,40.2968063354
2015.11.11,40.5551291431,40.6842854778,40.4582595825,40.4582595825
2015.11.12,40.1676519915,40.2968083099,40.0062089029,40.0707855225
2015.11.13,40.0707890770,40.1676555546,39.8447662695,39.8770561218
2015.11.16,40.0062136993,40.3291029945,39.9739238460,40.2645263672
2015.11.17,40.3291107447,40.5551366821,40.2645341050,40.3614006042
2015.11.18,40.2968142506,40.6197066340,40.2645274757,40.5551300049
2015.11.19,40.6197066340,40.6842863424,40.5228401507,40.5551300049
2015.11.20,40.6842865907,40.8134429290,40.6842865907,40.7488632202
2015.11.23,40.6842863424,40.7488629715,40.5228401507,40.5551300049
2015.11.24,40.5874170275,40.8457297041,40.4905505436,40.7488632202
2015.11.25,40.4905624390,40.5874289513,40.4582725751,40.4905624390
2015.11.27,40.3936758790,40.3936758790,40.2322297191,40.2968063354
2015.11.30,40.0707892074,40.0707892074,39.8124765467,39.9739227295
2015.12.01,40.4259782864,40.5874214172,40.4259782864,40.5874214172
2015.12.02,40.5228390351,40.5228390351,40.1676568072,40.2645263672
2015.12.03,40.1999454069,40.1999454069,39.6187434620,39.8770561218
2015.12.04,39.6187565661,40.1353820566,39.6187565661,40.1030921936
2015.12.07,40.0385047340,40.0707945907,39.8124818954,40.0062179565
2015.12.08,39.3281389670,39.4895820618,39.1989826436,39.4895820618
2015.12.09,39.3281391197,39.5541619167,39.0052467703,39.0375366211
2015.12.10,39.5541616276,39.5864514782,39.3281388323,39.3927154541
2015.12.11,38.8760985184,38.9406782334,38.6500756744,38.7792320251
2015.12.14,39.1344108582,39.1989905726,38.6823620952,39.1344108582
2015.12.15,38.9729576111,39.1344037887,38.8760911363,38.9729576111
2015.12.16,39.6187458274,39.9739249861,39.3927199271,39.9416351318
2015.12.17,40.0062174520,40.0385042290,39.5218788448,39.5541687012
2015.12.18,39.0375419929,39.1989881898,38.9083856512,39.0698318481
2015.12.21,39.2584815794,39.2910079929,38.9007003363,39.1934318542
2015.12.22,39.2910011185,39.5186797696,39.0958488753,39.4861564636
2015.12.23,39.7138336149,39.9415122574,39.6813072083,39.9089889526
2015.12.24,39.3885780227,39.5186805547,39.3560547161,39.4211044312
2015.12.28,39.4861549466,39.5186782513,39.3560524222,39.4536285400
2015.12.29,40.0065704213,40.2017226833,40.0065704213,40.0390968323
2015.12.30,39.8439468560,39.9089996867,39.7463707119,39.8114204407
2015.12.31,39.5837333717,39.7138359037,39.4211044312,39.4211044312
2016.01.04,38.6730095186,38.9006881381,38.5103806039,38.8031120300
2016.01.05,39.1934318569,39.3560608227,39.0633293047,39.2910079956
2016.01.06,38.4778572257,38.7055358631,38.3802811099,38.6079597473
2016.01.07,38.0875557213,38.3152343949,37.9249267679,38.0225028992
2016.01.08,37.9574539910,37.9899804027,37.1443123084,37.2093620300
2016.01.11,37.6321921834,37.6972450002,37.0467323418,37.4695663452
2016.01.12,37.4695655923,37.5346153059,36.9816787819,37.2744102478
2016.01.13,37.6972535834,37.7623033131,36.8515853840,36.9491615295
2016.01.14,37.0792564258,37.5671432562,36.8515777661,37.4045143127
2016.01.15,36.3311668289,36.5913718920,36.1034881742,36.3636932373
2016.01.19,36.9491576969,36.9491576969,36.2986449579,36.6564292908
2016.01.20,35.4529838830,35.5180367207,34.6073187054,35.2578315735
2016.01.21,34.7374198042,35.4529823779,34.6073172361,35.1277275085
2016.01.22,36.1034874568,36.7540001016,36.0384346414,36.7214736938
2016.01.25,36.2661193891,36.4287483531,35.9408645630,35.9408645630
2016.01.26,36.0709640607,36.4612716802,36.0059112399,36.4287452698
2016.01.27,36.6564285621,37.0142097860,36.2986442364,36.4612731934
2016.01.28,36.6564347095,36.6889580248,36.2336005911,36.5263290405
2016.01.29,36.7540016407,37.4045143127,36.7214752317,37.4045143127
2016.02.01,37.4045165948,37.4045165948,36.9491561456,37.1768379211
2016.02.02,37.0792540838,37.1443068979,36.5913703861,36.7865257263
2016.02.03,36.5913703659,36.5913703659,35.7457023953,36.3311653137
2016.02.04,36.0709678345,36.4612754948,35.9733916949,36.2335968018
2016.02.05,36.0384422998,36.0709687144,35.4529792441,35.6156082153
2016.02.08,35.7131667131,35.7131667131,35.1602334471,35.5505409241
2016.02.09,34.5747916328,35.0952019174,34.5747916328,34.8675231934
2016.02.10,34.5422507865,34.9000319323,34.1519432360,34.2495193481
2016.02.11,33.6640655901,33.8592178493,33.3062812785,33.5664863586
2016.02.12,33.3062857668,33.9567985548,33.1111334813,33.8592224121
2016.02.16,34.9650970224,35.1277260011,34.7374183135,35.0951995850
2016.02.17,35.2903480670,35.5505531411,35.2578216573,35.3879241943
2016.02.18,35.8107582152,35.8432846249,35.2903480670,35.3879241943
2016.02.19,35.1277160869,35.2903450197,35.0301399681,35.2252922058
2016.02.22,35.7457076744,35.9408630434,35.6806579527,35.8107604980
2016.02.23,35.5505500713,35.5830733763,35.1602424939,35.2252922058
2016.02.24,35.1277153821,35.6155990686,34.9000336401,35.5830726624
2016.02.25,35.8107567196,36.0384353744,35.6481277796,36.0059089661
2016.02.26,36.2661170661,36.3636962994,35.9083358497,35.9733886719
2016.02.29,35.7457069235,35.8432861568,35.4204521179,35.4204521179
2016.03.01,35.9083336018,36.3636940230,35.8107574765,36.2986412048
2016.03.02,36.6239051816,36.8515838791,36.6239051816,36.8190574646
2016.03.03,37.0467346566,37.1768371964,36.9816818357,37.0792579651
2016.03.04,37.5671424685,37.6321921834,37.3394607117,37.4695663452
2016.03.07,36.9166321167,37.1768371964,36.8841057063,37.0792579651
2016.03.08,36.8190498151,36.9816787518,36.6889472861,36.7214736938
2016.03.09,36.7865249894,36.8515747002,36.5913696531,36.6889457703
2016.03.10,37.1117921431,37.2418947102,36.2336005911,36.5263290405
2016.03.11,37.2418929616,37.5346244992,37.2418929616,37.5020980835
2016.03.14,37.5671425046,37.6972450364,37.5020896877,37.6647186279
2016.03.15,37.1117850990,37.2093612303,37.0467353788,37.1768379211
2016.03.16,36.8841011593,37.3719848480,36.8841011593,37.2418823242
2016.03.17,37.1117889072,37.4695732617,37.0142127659,37.3719940186
2016.03.18,37.1443062069,37.3394584416,37.0142036831,37.2418823242
2016.03.21,37.2418853693,37.4370407218,37.1768356530,37.4045143127
2016.03.22,37.5671486082,37.6972511612,37.5020957808,37.6321983337
2016.03.23,37.3719886619,37.4045150716,37.1117835878,37.1443099976
2016.03.24,36.7214706484,36.9491492797,36.6889442434,36.9166259766
2016.03.28,37.4370399368,37.5996688769,37.4370399368,37.4695663452
2016.03.29,37.4045180729,37.8598785400,37.3719916606,37.8598785400
2016.03.30,37.7297744751,37.9249267375,37.7297744751,37.7297744751
2016.03.31,37.2418884338,37.3394645671,37.1117858887,37.1117858887
2016.04.01,36.0384475128,36.3637055023,35.9083449374,36.2010765076
2016.04.04,36.2986526637,36.3311790830,36.0709739321,36.2010765076
2016.04.05,35.3553992957,35.5505546605,35.2903495753,35.4204521179
2016.04.06,35.6156013713,36.0059089661,35.4529724313,36.0059089661
2016.04.07,36.1360153104,36.2335945458,35.6481315409,35.8107604980
2016.04.08,36.9166267555,37.0467292764,36.7865242346,36.8515739441
2016.04.11,36.8841026103,37.0142051391,36.6238975525,36.6238975525
2016.04.12,37.3394607117,37.6647185918,37.2093581800,37.4695663452
2016.04.13,38.3802886880,38.6079673704,38.3152358634,38.5103912354
2016.04.14,38.7380653095,38.8681678413,38.5754363692,38.6730155945
2016.04.15,38.5103943403,38.5103943403,38.2827156396,38.3152389526
2016.04.18,38.2176521824,38.6079597473,38.1525993706,38.6079597473
2016.04.19,39.2584815794,39.3885841316,39.0958557156,39.1934318542
2016.04.20,39.3235283076,39.7463623122,39.2584754906,39.4211044312
2016.04.21,39.4861572481,39.5837333717,39.2910018991,39.4211044312
2016.04.22,39.6813140724,39.8439430317,39.5512115253,39.7138404846
2016.04.25,39.3560524222,39.4536285400,39.1934234911,39.4536285400
2016.04.26,39.1609054434,39.3560608227,39.0958557182,39.2910079956
2016.04.27,39.0308089750,39.2910141200,38.9982825564,39.2584877014
2016.04.28,37.9574500635,38.2501815353,37.2744109968,37.4695663452
2016.04.29,37.3719886619,37.4695678911,37.0142074605,37.1443099976
2016.05.02,37.7948280168,37.9899834009,37.6647254614,37.8273544312
2016.05.03,37.5996688769,37.6647185918,37.3394607117,37.4695663452
2016.05.04,37.2744125346,37.3719886619,37.0467338702,37.1443099976
2016.05.05,37.3394699097,37.4370491589,37.2093673459,37.3394699097
2016.05.06,37.3394668120,37.6647247453,37.3069435002,37.5346221924
2016.05.09,37.7948296211,37.8598824525,37.5020980835,37.5020980835
2016.05.10,38.0550277768,38.4778617979,38.0550277768,38.4453353882
2016.05.11,38.0875556908,38.1200821018,37.7297744751,37.7297744751
2016.05.12,38.2501846747,38.2501846747,37.8598770476,38.0225028992
2016.05.13,37.5346244992,37.7297798915,37.4370483540,37.5020980835
2016.05.16,37.7622978145,38.0875557213,37.7622978145,38.0225028992
2016.05.17,38.0550262414,38.0875526499,37.7297714627,37.7622947693
2016.05.18,37.8598755124,38.1851303041,37.7622962831,37.7948226929
2016.05.19,37.4695724669,37.6321983316,37.3719932257,37.5346221924
2016.05.20,37.7297729753,37.8598755124,37.6321937461,37.7948226929
2016.05.23,37.7297775749,37.7948273004,37.6321983337,37.6321983337
2016.05.24,37.6972480842,37.9899795799,37.6972480842,37.9249267578
2016.05.25,38.0550247316,38.3152297850,38.0550247316,38.1851272583
2016.05.26,38.0550308289,38.1851333765,38.0225044166,38.1526069641
2016.05.27,37.9899772918,38.1200798262,37.9899772918,38.0550270081
2016.05.31,38.4778656115,38.5429184375,38.2827133375,38.3477630615
2016.06.01,38.3152389526,38.3802917825,38.1851363948,38.3152389526
2016.06.02,37.8598724490,38.0224982808,37.7948196348,37.9899749756
2016.06.03,38.0875572413,38.1526069641,37.8598785585,38.1526069641
2016.06.06,38.4778701400,38.7055488539,38.3802939915,38.5429229736
2016.06.07,38.7705856267,38.9332145415,38.7705856267,38.8031120300
2016.06.08,39.0308074951,39.0958603298,38.9657546604,39.0308074951
2016.06.09,38.5754394531,38.6404922752,38.4453369109,38.5754394531
2016.06.10,38.0225051991,38.0225051991,37.6972503745,37.8924026489
2016.06.13,37.3069412653,37.5346199438,37.1443123084,37.2093620300
2016.06.14,36.9816886528,37.1117912165,36.7540099416,37.0467414856
2016.06.15,37.3394614946,37.5996696653,37.2744117783,37.4045143127
2016.06.16,36.9166275657,37.2744087306,36.6564225182,37.2418823242
2016.06.17,37.0792586880,37.3719901837,36.8841064254,37.1768379211
2016.06.20,38.1200821324,38.3152343949,37.9574531789,38.0225028992
2016.06.21,38.4778632913,38.6404922445,38.2501846180,38.2827110291
2016.06.22,38.1581406346,38.3220476675,37.9286651611,37.9286651611
2016.06.23,38.6170804620,38.7809906006,38.4859529764,38.7809906006
2016.06.24,37.0435513145,37.6008439201,37.0107686609,37.1746788025
2016.06.27,37.1746781739,37.2074608270,36.5518202717,36.9779853821
2016.06.28,37.5024956670,37.6008436270,37.2074611660,37.5352783203
2016.06.29,37.8958881751,38.0925778783,37.7975401972,38.0270156860
2016.06.30,37.5680683491,37.7975407148,37.4369408364,37.6991958618
2016.07.01,37.6008531246,37.7975428416,37.5680704630,37.6336326599
2016.07.05,37.7647633063,37.8631081648,37.5680704630,37.6336326599
2016.07.06,37.4369429429,37.6336326599,37.2402500996,37.6336326599
2016.07.07,37.6664123535,37.8303225223,37.5352848437,37.6664123535
2016.07.08,37.5680653119,37.9942304754,37.5680653119,37.9286651611
2016.07.11,38.6498648170,39.0104646367,38.6498648170,38.8465576172
2016.07.12,39.1415929150,39.2399408803,39.0760307312,39.0760307312
2016.07.13,39.0104675293,39.0432501862,38.8793400282,39.0104675293
2016.07.14,39.0432480761,39.2071582252,39.0104654210,39.0760307312
2016.07.15,38.9449081421,39.0432529934,38.8793428237,38.9449081421
2016.07.18,38.9449061912,39.1088163527,38.9121235336,39.0432510376
2016.07.19,38.8465559065,38.8793354332,38.6826457680,38.7809906006
2016.07.20,39.0432451196,39.1743726037,39.0104624670,39.1088104248
2016.07.21,38.7482164180,38.8465643984,38.6498715639,38.8137817383
2016.07.22,38.8793411255,38.9776890988,38.8465615940,38.8793411255
2016.07.25,38.8465588734,38.8793384026,38.6170834114,38.7482109070
2016.07.26,38.9121180862,39.0104629188,38.7154284209,38.7809906006
2016.07.27,39.0432472911,39.0432472911,38.6498648170,38.8465576172
2016.07.28,38.6498648170,38.9449024541,38.5187373256,38.8465576172
2016.07.29,39.5022019285,39.6333294426,39.4366366083,39.5349845886
2016.08.01,39.6661109924,39.7972385029,39.6005456740,39.6661109924
2016.08.02,39.3055087691,39.3055087691,38.9121262300,39.1743812561
2016.08.03,38.8137814771,39.0104711840,38.7809988172,38.9776916504
2016.08.04,39.4038570745,39.5349845886,39.3055090942,39.5349845886
2016.08.05,39.5677630148,39.6988905253,39.5022008228,39.6661109924
2016.08.08,39.8955785857,39.9283612410,39.7644510909,39.8300132751
2016.08.09,40.0594891117,40.2889614481,40.0594891117,40.1906166077
2016.08.10,40.4856531586,40.4856531586,40.2889603568,40.3217430115
2016.08.11,40.5512178287,40.6495626725,40.4528729849,40.6167831421
2016.08.12,40.4856512132,40.6167786994,40.3545237271,40.4200859070
2016.08.15,40.5840006483,40.7479108062,40.5840006483,40.6495628357
2016.08.16,40.2889633179,40.3873081629,40.2561806608,40.2889633179
2016.08.17,40.4856556416,40.6495626725,40.3873076715,40.6167831421
2016.08.18,40.2889584208,40.4856512132,40.2561757677,40.4200859070
2016.08.19,40.1906155190,40.3217430115,40.1250502096,40.3217430115
2016.08.22,40.3873059752,40.5512161255,40.2889611355,40.5512161255
2016.08.23,40.5839958191,40.6823406516,40.5184305132,40.5839958191
2016.08.24,40.6167814362,40.6167814362,40.4856539412,40.5512161255
2016.08.25,40.3873098666,40.4856578421,40.3217476760,40.3545303345
2016.08.26,40.2233965296,40.4528688505,39.8627935953,40.0594863892
2016.08.29,40.1250512965,40.2561787925,40.0267064561,40.1906166077
2016.08.30,40.1906166077,40.2889614481,40.1578339521,40.1906166077
2016.08.31,40.2561683655,40.2561683655,40.0266960885,40.2561683655
2016.09.01,40.5184334702,40.5839987808,40.3873059752,40.5512161255
2016.09.02,40.7806871329,40.8790350957,40.7151249507,40.8462524414
2016.09.06,40.8134705689,41.1085082103,40.8134705689,41.0757255554
2016.09.07,41.4691124883,41.5018951468,41.2068574737,41.2724227905
2016.09.08,41.1740735201,41.2396357036,40.9773807171,41.0757255554
2016.09.09,40.7151235324,40.7806857123,40.3873032539,40.4200859070
2016.09.12,40.3217481739,40.7806928932,40.2889655151,40.7479133606
2016.09.13,40.3217443449,40.3873065302,39.8627965430,40.0267066956
2016.09.14,39.7644500732,39.9611397472,39.6333225818,39.7644500732
2016.09.15,39.6661127416,40.0594952903,39.6005474203,39.9611473083
2016.09.16,39.6988820328,39.7644473371,39.5349750245,39.6333198547
2016.09.19,39.9283602191,40.0267050561,39.7644500732,39.7644500732
2016.09.20,40.3873051945,40.4856531586,40.2889603568,40.3217430115
2016.09.21,41.4363299042,41.6330195875,41.1740749088,41.5018920898
2016.09.22,42.1247533101,42.1903155008,41.9280604852,42.0264053345
2016.09.23,41.4363327026,41.5018948927,41.3707673862,41.4363327026
2016.09.26,41.0101633720,41.0757255554,40.9445980622,41.0757255554
2016.09.27,41.4035519004,41.5674620725,41.3379865811,41.5346794128
2016.09.28,41.4363366759,41.5018988723,41.2396438341,41.4691162109
2016.09.29,41.3052035817,41.3707657693,41.0757281095,41.1740760803
2016.09.30,40.9773815678,41.2396365597,40.9445989122,41.1085090637
2016.10.03,40.9118097298,41.0101576809,40.8790302058,40.9773750305
2016.10.04,41.0429510380,41.1085132295,40.6823480428,40.7479133606
2016.10.05,40.9446008540,41.0429488253,40.8790386660,41.0101661682
2016.10.06,40.7151317097,40.8462592222,40.6823490500,40.8134765625
2016.10.07,40.8134765625,40.8462592222,40.5512215375,40.8134765625
2016.10.10,40.9118164958,41.0429471189,40.9118164958,40.9445991516
2016.10.11,40.7806854841,40.8134681370,40.5184305132,40.5839958191
2016.10.12,40.5512114540,40.5512114540,40.3873013226,40.5184288025
2016.10.13,40.2561766187,40.5184315966,40.1578317836,40.4528694153
2016.10.14,40.5184315966,40.5839969042,40.3873041077,40.4528694153
2016.10.17,40.5184362696,40.5840015847,40.4528740807,40.4856567383
2016.10.18,40.7151298523,40.8462573588,40.6823471941,40.7151298523
2016.10.19,40.9118146236,41.0101625864,40.8462524414,40.8462524414
2016.10.20,41.1413012034,41.3052113927,41.0429563403,41.2068634033
2016.10.21,41.0101736772,41.2396460665,40.9773910141,41.2068634033
2016.10.24,41.2724227905,41.3052054489,41.1412952832,41.2724227905
2016.10.25,41.1740749862,41.3052024841,41.1085096741,41.3052024841
2016.10.26,41.1740732844,41.3052007769,41.1740732844,41.2396354675
2016.10.27,41.3052024841,41.3707646699,41.1740749862,41.3052024841
2016.10.28,41.2068479289,41.3707580566,41.1740684044,41.3707580566
2016.10.31,41.3707627251,41.4691075623,41.2724178879,41.4035453796
2016.11.01,41.4035456147,41.4035456147,41.0757253203,41.2396354675
2016.11.02,41.1085025056,41.2068473303,40.8790302058,40.9773750305
2016.11.03,41.1085082103,41.1740735201,40.9445980622,41.0757255554
2016.11.04,40.6167784720,40.7479059575,40.5184305132,40.5839958191
2016.11.07,40.7724971336,40.8708419800,40.7315203748,40.8708419800
2016.11.08,40.6495593471,40.9773796347,40.6167798194,40.8216667175
2016.11.09,40.3627151724,40.7479035054,40.2971498705,40.4774513245
2016.11.10,40.5676029100,40.7151217161,40.2561739719,40.5102348328
2016.11.11,40.5102397954,40.6249759639,40.4036977276,40.5676078796
2016.11.14,40.5348265003,40.6249772431,40.4118962272,40.6167831421
2016.11.15,40.5348275115,40.7397144315,40.5266334102,40.6823463440
2016.11.16,40.6167842423,40.7069318612,40.4774595107,40.4856567383
2016.11.17,40.7806845517,41.1085048210,40.7724904518,41.0921134949
2016.11.18,40.5348194005,40.5921874765,40.4446686735,40.4774513245
2016.11.21,40.6331745196,40.8380614348,40.6331745196,40.8052787781
2016.11.22,40.9118081433,40.9363966933,40.7233126006,40.9036140442
2016.11.23,40.6331650052,40.9363966933,40.6085764552,40.9036140442
2016.11.25,40.5102437363,40.5840031556,40.4610697480,40.5594177246
2016.11.28,40.8052767038,40.9445982984,40.7888853762,40.9118156433
2016.11.29,40.9036229517,41.1330952925,40.8462548665,40.9527969360
2016.11.30,41.0593265064,41.0675237317,40.8462455423,40.8872222900
2016.12.01,40.6659524242,40.6987350796,40.4856540719,40.5430221558
2016.12.02,40.5594194482,40.6741556328,40.5102454578,40.6659584045
2016.12.05,40.5758032580,40.7724960720,40.5758032580,40.6167831421
2016.12.06,40.6823410190,40.8708365856,40.6413642656,40.7970771790
2016.12.07,40.9937715771,41.4773047891,40.9937715771,41.4035453796
2016.12.08,41.7641471919,41.9526427748,41.7559530910,41.8788833618
2016.12.09,41.9116650569,42.0264012242,41.8624942002,42.0018157959
2016.12.12,41.7477615933,41.7805442539,41.5510718825,41.5920486450
2016.12.13,41.9608442833,42.1165572261,41.9280616239,42.0837745667
2016.12.14,41.8297152222,41.8706919818,41.3625732848,41.4363327026
2016.12.15,41.3461819557,41.4527240317,41.2724225379,41.4363327026
2016.12.16,41.1167023109,41.1904617212,40.9855748176,41.0757255554
2016.12.19,41.3379765597,41.5182780179,41.3379765597,41.4281272888
2016.12.20,41.4199453452,41.4937047701,41.4035540146,41.4691162109
2016.12.21,41.2394520875,41.2643240855,41.1648329308,41.2477416992
2016.12.22,41.0736385872,41.1814193726,41.0570561981,41.1814193726
2016.12.23,41.2394594393,41.2892034442,41.1897122717,41.2560386658
2016.12.27,41.0155943796,41.0570487635,40.9741368328,40.9990119934
2016.12.28,41.0321767316,41.0570487294,40.9078104169,40.9409751892
2016.12.29,40.5678749727,40.6259117364,40.4518014452,40.5264205933
2016.12.30,40.6176258455,40.6590802287,40.4600947614,40.5098419189
2017.01.03,40.6756703202,40.8663630494,40.5678863732,40.8414878845
2017.01.04,41.4384350070,41.6871644788,41.4384350070,41.6622924805
2017.01.05,41.8778500628,41.9856339753,41.8446884583,41.9027252197
2017.01.06,41.7949523190,41.9193186480,41.7617875430,41.8364067078
2017.01.09,41.8612665450,41.8861385365,41.7866474075,41.8778457642
2017.01.10,41.7203254700,41.8446917760,41.6871607000,41.7203254700
2017.01.11,41.7617881727,42.0105176716,41.7534985600,41.9939384460
2017.01.12,41.9193150634,41.9524766738,41.6871648134,41.9276046753
2017.01.13,42.0353889401,42.2177888689,41.9856417798,42.1929168701
2017.01.17,41.7286182438,41.8446917760,41.6374167078,41.7203254700
2017.01.18,41.6954613741,41.7866629274,41.5959670453,41.7120437622
2017.01.19,41.6871640678,41.7120392287,41.4715993711,41.5959625244
2017.01.20,41.9193153061,41.9607696915,41.7617842136,41.8612785339
2017.01.23,41.7617840416,41.9524767439,41.7286224311,41.8861503601
2017.01.24,41.7949529493,42.0271000599,41.7617881727,41.9939384460
2017.01.25,42.1929173721,42.4416468509,42.1514629861,42.4333572388
2017.01.26,42.6655081923,42.6986729692,42.4913978577,42.4913978577
2017.01.27,42.2675363753,42.3007011491,42.0851332823,42.1431732178
2017.01.30,42.0436781813,42.0768429545,41.7949487077,42.0270957947
2017.01.31,41.9358974500,41.9939342218,41.7203295867,41.9276046753
2017.02.01,42.2509575366,42.3007047014,42.1017192048,42.1514663696
2017.02.02,42.0270961335,42.1597520646,41.9773521360,42.1348800659
2017.02.03,42.1763346489,42.3836097400,42.1514626501,42.3255729675
2017.02.06,42.1182981188,42.2758292131,42.0519717339,42.2592468262
2017.02.07,42.2177926118,42.2758325519,42.2012133863,42.2343750000
2017.02.08,42.3753203325,42.3919027194,42.2924083980,42.3587379456
2017.02.09,42.1514628221,42.3836099130,42.0519716636,42.3007011414
2017.02.10,42.5328449571,42.6323361080,42.4996801859,42.5991744995
2017.02.13,42.6986660319,42.8644867267,42.6986660319,42.7649955750
2017.02.14,42.3587341006,42.4996796323,42.1929134095,42.4582252502
2017.02.15,42.2343678582,42.4499357059,42.2094958615,42.4167709351
2017.02.16,42.3504486703,42.4748118289,42.2758295101,42.4665222168
2017.02.17,42.2592428479,42.4499355353,42.2260780772,42.4416427612
2017.02.21,42.6903759761,42.8644862806,42.6903759761,42.7981567383
2017.02.22,42.7815822801,42.8562014477,42.7152558882,42.8479118347
2017.02.23,42.8810652232,42.9142268289,42.7235341542,42.8064460754
2017.02.24,42.5908817970,42.7318304935,42.5908817970,42.7152481079
2017.02.27,42.4996915045,42.5908930682,42.4582371108,42.5826034546
2017.02.28,42.5577273107,42.5991817004,42.4167785906,42.4748153687
2017.03.01,42.8561942644,43.0883445040,42.8313222670,42.9722709656
2017.03.02,42.7318302140,42.7401198254,42.5245551390,42.5660095215
2017.03.03,42.5245625861,42.6074713655,42.4333610311,42.5908889771
2017.03.06,42.4748154692,42.5245626346,42.4084890782,42.4913978577
2017.03.07,42.4582293087,42.5245588566,42.3919029236,42.3919029236
2017.03.08,42.3421555980,42.3670275970,42.2260820523,42.2592468262
2017.03.09,42.1680452795,42.2924084372,42.1514628926,42.2592468262
2017.03.10,42.5245551390,42.5991742925,42.4748079825,42.5660095215
2017.03.13,42.7649950265,42.8230317945,42.7235374812,42.7815742493
2017.03.14,42.5494234500,42.5660058341,42.4499323082,42.4830970764
2017.03.15,42.5660135208,43.0137284839,42.5577239087,42.9142341614
2017.03.16,43.1629707926,43.1878427941,42.8147469571,42.8313293457
2017.03.17,42.9473958054,43.0385973463,42.8976518105,42.9722709656
2017.03.20,43.0386047113,43.1049342661,42.8893663756,42.9805679321
2017.03.21,43.1049297010,43.1215089252,42.5908851936,42.6489219666
2017.03.22,42.5991741945,42.7401197270,42.5245550412,42.7069549561
2017.03.23,42.6489222014,42.8561972954,42.6074678151,42.7401237488
2017.03.24,42.9971463314,43.1463846532,42.9971463314,43.0054359436
2017.03.27,42.8230326903,43.0883445390,42.7898679185,43.0303077698
2017.03.28,43.1961332090,43.4282834912,43.1878435959,43.3951187134
2017.03.29,43.2707485446,43.3453677068,43.2541661572,43.3370780945
2017.03.30,43.0883442996,43.1463810685,43.0634691395,43.0966339111
2017.03.31,42.5494311126,42.7152518207,42.5245591134,42.6986694336
2017.04.03,42.7484166160,42.9391093234,42.6655046806,42.9142341614
2017.04.04,42.6820836462,42.8396115667,42.5991748801,42.7649955750
2017.04.05,42.6572149235,42.7484164708,42.4665222168,42.4665222168
2017.04.06,42.1514549051,42.2592388182,42.1265829108,42.2509460449
2017.04.07,42.3587416596,42.4499432142,42.2841224934,42.3421592712
2017.04.10,42.2012099514,42.2924083350,42.1597524028,42.2426643372
2017.04.11,42.3753164860,42.4665180243,42.2094957949,42.4582252502
2017.04.12,42.2592506670,42.3670314476,42.1846315005,42.3172874451
2017.04.13,42.0602569870,42.0602569870,41.9358938422,41.9607658386
2017.04.17,42.3421520558,42.4499359803,42.3172800589,42.4084815979
2017.04.18,42.2509541534,42.2758293152,42.1597526065,42.2758293152
2017.04.19,42.3753123418,42.4001843361,42.2012020564,42.2509460449
2017.04.20,42.4416431752,42.5494270997,42.4333535639,42.5079727173
2017.04.21,42.6572110295,42.7069550233,42.6240462585,42.6655006409
2017.04.24,42.9639739990,42.9888459940,42.8810652405,42.9639739990
2017.04.25,43.1546705088,43.2375824374,43.1049265143,43.1215057373
2017.04.26,43.1878394064,43.2956233425,43.1629674068,43.1712570190
2017.04.27,43.2209929360,43.2541545392,43.1297914108,43.2044105530
2017.04.28,43.0386009933,43.0551833806,42.9805642192,42.9971466064
2017.05.01,43.1546749068,43.2044220691,43.1049309073,43.1629676819
2017.05.02,43.3785287320,43.3951111180,43.2790375786,43.2956199646
2017.05.03,43.2375904879,43.4780272189,43.1795537084,43.4034080505
2017.05.04,43.3453753952,43.5277785269,43.3039210006,43.5111961365
2017.05.05,43.5609361616,43.7682112634,43.5277713862,43.7516288757
2017.05.08,43.8428228857,43.8676948815,43.7433285767,43.7682037354
2017.05.09,43.6438406868,43.6770054590,43.5609319193,43.6272583008
2017.05.10,43.5028913968,43.5111810077,43.4282722473,43.4282722473
2017.05.11,43.3785288351,43.4034008328,43.2956200675,43.3122024536
2017.05.12,43.4116971125,43.4863162745,43.3868251128,43.4199867249
2017.05.15,43.5443534851,43.6106798726,43.5194814851,43.5443534851
2017.05.16,43.6438448510,43.6687168510,43.4780241373,43.5775184631
2017.05.17,43.6106873161,43.6687241011,43.4697417419,43.5111961365
2017.05.18,43.4614376029,43.6687126846,43.3868216098,43.6272583008
2017.05.19,43.8345339640,44.0086474386,43.8013723542,43.9837722778
2017.05.22,43.9423180653,44.0003548361,43.9091532926,43.9589004517
2017.05.23,44.0583992770,44.0915640554,44.0003624960,44.0169448853
2017.05.24,43.8594089198,43.9506072998,43.8013721495,43.9506072998
2017.05.25,44.0169261323,44.0998348804,43.9837613680,44.0666732788
2017.05.26,43.9671864284,44.0915527344,43.9257320474,44.0915527344
2017.05.30,44.1413077575,44.2490885350,44.1081429817,44.1827621460
2017.05.31,44.2656709229,44.2656709229,44.1330149822,44.1827621460
2017.06.01,44.5226898515,44.5890162355,44.4563603047,44.5807266235
2017.06.02,45.2771725863,45.5176124573,45.2274254245,45.5176124573
2017.06.05,45.3352009899,45.4015273639,45.3103289950,45.3434906006
2017.06.06,45.3683735959,45.4429927562,45.3352088218,45.3766632080
2017.06.07,45.4512784438,45.4678608295,45.3352049072,45.3600769043
2017.06.08,45.2771722618,45.2937546489,45.1859707139,45.2523002625
2017.06.09,44.8957859788,45.0533139094,44.7050901118,44.8460388184
2017.06.12,44.9289436708,45.0284379830,44.8874892888,44.9869804382
2017.06.13,45.1776771902,45.2522963444,45.1445124188,45.2357139587
2017.06.14,45.3020398569,45.3600766248,45.1030575561,45.2108383179
2017.06.15,44.6553497854,44.8128777289,44.5641482318,44.7714233398
2017.06.16,44.8211633534,44.9621088863,44.7879985824,44.9538192749
2017.06.19,45.0533179495,45.1279371155,45.0201531729,45.0947723389
2017.06.20,45.1097831726,45.1848828261,45.0847478327,45.1097831726
2017.06.21,45.0430335999,45.0597227680,44.9846231028,45.0430335999
2017.06.22,45.1014445088,45.1431658381,45.0597231795,45.1348228455
2017.06.23,45.0680659079,45.1264795883,45.0263445789,45.1014442444
2017.06.26,45.1598470361,45.1932253669,44.9595834176,44.9762725830
2017.06.27,44.9679334913,44.9762796668,44.8260803378,44.8678016663
2017.06.28,44.8678019919,45.0931009871,44.8344236556,45.0680656433
2017.06.29,44.8678047737,44.9345582673,44.4505850937,44.6174736023
2017.06.30,44.8177339985,44.8594553268,44.6258133416,44.7676696777
2017.07.03,44.7176087358,44.7259517294,44.5173418740,44.5507202148
2017.07.05,44.4756247273,44.5841027536,44.4088712225,44.5590705872
2017.07.06,44.3087269861,44.3087269861,44.1668738284,44.2336273193
2017.07.07,44.0667383154,44.2252806283,44.0667383154,44.2085914612
2017.07.10,44.0917778015,44.1919096377,44.0667456382,44.0917778015
2017.07.11,44.2669951803,44.4005053137,44.2169308698,44.3921623230
2017.07.12,44.6341627967,44.7342946287,44.6341627967,44.7009162903
2017.07.13,44.5840951454,44.6591948149,44.5340276380,44.6425056458
2017.07.14,44.8177338657,44.8260800412,44.6675345376,44.7509803772
2017.07.17,44.7509802286,44.8511120526,44.6758805648,44.6925697327
2017.07.18,44.8761448066,44.9429014789,44.8511126460,44.9262123108
2017.07.19,45.0597156759,45.1348153294,45.0346835192,45.1097831726
2017.07.20,45.2599825661,45.3517682022,45.2099150694,45.2766685486
2017.07.21,45.2599908519,45.3935010180,45.2349555074,45.3601226807
2017.07.24,45.2683372498,45.2850264197,45.1431700671,45.2683372498
2017.07.25,45.1681936605,45.2683254707,45.1014369983,45.1097831726
2017.07.26,45.1431665120,45.2766766776,45.0430346836,45.2599906921
2017.07.27,45.4686042687,45.4686042687,45.3100587456,45.4101905823
2017.07.28,45.4018486302,45.5603909738,45.3768164663,45.5437049866
2017.07.31,45.6271361365,45.7272679502,45.5854148128,45.6938896179
2017.08.01,46.0693970680,46.1278075695,45.9609222412,45.9609222412
2017.08.02,45.9942930644,46.0109822323,45.9275395760,45.9358825684
2017.08.03,45.9442328459,46.1027751802,45.9358866697,46.0527076721
2017.08.04,46.0193325044,46.0527076600,45.8941653257,46.0109863281
2017.08.07,45.8858222017,46.0109861969,45.8691330324,45.9942970276
2017.08.08,45.9442329407,46.0193326114,45.8774762630,45.9442329407
2017.08.09,45.7022437920,45.7022437920,45.5937657847,45.6605224609
2017.08.10,45.5436999117,45.5603858970,45.1264802489,45.1848907471
2017.08.11,45.2015800250,45.2599937105,45.1097943663,45.1181373596
2017.08.14,45.3934976173,45.4936294385,45.3768084499,45.4519081116
2017.08.15,45.4686047705,45.5019799277,45.3601267561,45.3935050964
2017.08.16,45.4018486302,45.5603909738,45.3851594599,45.5437049866
2017.08.17,45.5019751621,45.5436996747,45.2266118414,45.2349548340
2017.08.18,45.3768121267,45.5437006310,45.3768121267,45.4352226257
2017.08.21,45.3350868225,45.3768081492,45.2516409861,45.3350868225
2017.08.22,45.3434296005,45.4852827471,45.3267404333,45.4268722534
2017.08.23,45.4435653687,45.4852866987,45.3684657013,45.4435653687
2017.08.24,45.2766762812,45.2933654496,45.1848906294,45.2099227905
2017.08.25,45.3184013506,45.4519115167,45.2766768374,45.3601226807
2017.08.28,45.4602580922,45.4769472621,45.3684692489,45.4101905823
2017.08.29,45.3768080157,45.4602506688,45.3183975220,45.3183975220
2017.08.30,45.2266119878,45.3100546470,45.1682014898,45.2933654785
2017.08.31,45.4769444044,45.7022434101,45.4769444044,45.6521759033
2017.09.01,45.5854260501,45.6271473841,45.4602588648,45.4686050415
2017.09.05,45.2599942564,45.3184047595,45.0931057405,45.2683372498
2017.09.06,45.4769323896,45.5687212028,45.4352110699,45.4602432251
2017.09.07,45.7523035599,45.8274000332,45.6605147372,45.7272682190
2017.09.08,45.8691291809,45.9275396771,45.8190616772,45.8691291809
2017.09.11,46.1611785517,46.2529673775,46.0610467341,46.0777359009
2017.09.12,46.1862141666,46.2112495102,46.0860823415,46.1111145020
2017.09.13,46.0527118591,46.0694010300,45.9358908460,46.0193367004
2017.09.14,45.8274049807,46.0443609820,45.8190619883,46.0276718140
2017.09.15,46.0276761524,46.1111188173,45.9358873111,46.0944328308
2017.09.18,46.1027793884,46.1611898950,46.0443688819,46.1027793884
2017.09.19,46.3781429294,46.4031750926,46.2613187407,46.3697967529
2017.09.20,46.4699210765,46.5867452463,46.2780004294,46.3864784241
2017.09.21,46.2947002256,46.2947002256,46.1778792121,46.2029113770
2017.09.22,46.2446292874,46.2696646336,46.2029079547,46.2529754639
2017.09.25,46.2863501473,46.3864819745,46.2529718105,46.3531036377
2017.09.26,46.3864819745,46.4115141355,46.2529718105,46.3531036377
2017.09.27,46.2863505569,46.4699250445,46.2613152125,46.4448928833
2017.09.28,46.3531119200,46.5283434448,46.3531119200,46.4782791138
2017.09.29,46.4782750486,46.5199963818,46.3781432122,46.4866180420
2017.10.02,46.3781432122,46.5116533884,46.3030435392,46.4866180420
2017.10.03,46.5199861986,46.7703173263,46.4866078661,46.7619743347
2017.10.04,46.6952250386,46.7870138759,46.6868820457,46.7703247070
2017.10.05,46.6868783539,46.7619780165,46.6535000188,46.7452888489
2017.10.06,46.5700612824,46.7369466060,46.5366829445,46.7202606201
2017.10.09,46.8370817647,46.8621139267,46.7619820956,46.7786712646
2017.10.10,47.1040952102,47.1458165351,47.0623738853,47.1124382019
2017.10.11,47.2542993258,47.3794633132,47.2376101575,47.3544311523
2017.10.12,47.3460918312,47.3878131636,47.2626459834,47.2960243225
2017.10.13,47.7966773069,47.8801231384,47.7382668164,47.8801231384
2017.10.16,48.1054302215,48.1388053766,48.0386735450,48.0970840454
2017.10.17,47.9552311194,48.0637059446,47.8968206188,48.0470199585
2017.10.18,47.9468845497,47.9969520569,47.8550957114,47.9969520569
2017.10.19,47.7215850051,47.8968196867,47.6882098505,47.8884735107
2017.10.20,47.8884740495,48.0052950499,47.8300635493,47.9969520569
2017.10.23,48.2639765119,48.2639765119,48.0887449965,48.1137771606
2017.10.24,48.4141618598,48.5893933246,48.3640943628,48.5142936707
2017.10.25,48.2389326245,48.2389326245,47.9802553195,48.1221084595
2017.10.26,48.3807945251,48.4892725350,48.3390731931,48.3807945251
2017.10.27,48.6311152708,48.7562824233,48.5393264500,48.7479362488
2017.10.30,48.6895415020,48.7479520099,48.6394771713,48.7312660217
2017.10.31,48.8063549546,48.9565510968,48.7312552920,48.9398651123
2017.11.01,49.2569503624,49.3153608581,49.1651615310,49.2152290344
2017.11.02,49.1317903306,49.2903326628,49.0066231535,49.2736434937
2017.11.03,49.2652931780,49.3988033282,49.1901935196,49.3904571533
2017.11.06,49.2068829342,49.3904574022,49.1901937674,49.3821144104
2017.11.07,49.6908690248,49.8076900395,49.5990801752,49.7743148804
2017.11.08,50.1247596511,50.1915163112,50.0746921560,50.0830383301
2017.11.09,49.5323223454,49.7159000285,49.1484809927,49.6658325195
2017.11.10,49.2986755371,49.3988073622,49.1818513609,49.2986755371
2017.11.13,48.7312630483,49.1151044147,48.6478171970,49.0817260742
2017.11.14,48.8814651434,49.0233183238,48.7813301162,48.8230514526
2017.11.15,48.0553567634,48.5560190425,48.0386675964,48.4642333984
2017.11.16,48.9815870514,49.3153608581,48.9482087158,49.2152290344
2017.11.17,49.0817255420,49.1151038821,48.9649045346,48.9732475281
2017.11.20,49.1901968743,49.3153608581,49.1317863785,49.2152290344
2017.11.21,49.5573545083,49.6825216892,49.5156331758,49.6658325195
2017.11.22,49.7242394670,49.7743069724,49.5072866433,49.6992073059
2017.11.24,50.0747034800,50.1331171624,50.0329821496,50.1080818176
2017.11.27,50.0079418902,50.0663523800,49.8827747360,49.8911209106
2017.11.28,49.9662249530,50.0496676077,49.8327147956,50.0413246155
2017.11.29,50.1414556367,50.1497986288,49.8327139995,49.9411888123
2017.11.30,50.1831773647,50.2082095243,49.9912567139,49.9912567139
2017.12.01,49.7993428475,49.8577533499,49.4071553172,49.7659645081
2017.12.04,49.5323129018,49.5740342264,49.2319142715,49.2402572632
2017.12.05,49.4655607494,49.6157600783,49.3487397566,49.3654289246
2017.12.06,49.1234399379,49.3487389274,49.0984077779,49.1818504333
2017.12.07,49.4071582962,49.6658356676,49.3737799548,49.4989471436
2017.12.08,49.7158961071,49.7409282680,49.5740397678,49.7325820923
2017.12.11,49.7993356476,49.9078136435,49.7743034882,49.8994674683
2017.12.12,49.9161570520,50.1080777028,49.8911248924,49.9912567139
2017.12.13,49.9995968679,50.2833063319,49.9995968679,50.1915206909
2017.12.14,50.0580169392,50.0747029247,49.9328497661,49.9578819275
2017.12.15,49.9495394481,50.0663604465,49.8911289489,49.9829177856
2017.12.18,50.4919208841,50.6504663890,50.4668887235,50.5837097168
2017.12.19,50.2636917005,50.3056894650,50.0453014023,50.0704994202
2017.12.20,50.2804839062,50.2972836504,50.1124896690,50.1376876831
2017.12.21,50.2300812203,50.3560776906,50.1628854525,50.1712837219
2017.12.22,50.3560790410,50.4316762844,50.2552837846,50.4064750671
2017.12.26,50.3980716591,50.4316711426,50.3476724339,50.4316711426
2017.12.27,50.4064806408,50.4820778925,50.2972871027,50.3644828796
2017.12.28,50.3812819634,50.4064799789,50.2468872070,50.2468872070
2017.12.29,50.4148725976,50.4736700929,50.3140773490,50.3392753601
2018.01.02,50.4652739190,50.6668644245,50.3980749478,50.6416664124
2018.01.03,50.8768549701,51.3892358970,50.8432554854,51.3388366699
2018.01.04,51.8344201094,52.0276123485,51.7840240844,51.9688148499
2018.01.05,51.9940192228,52.1368122413,51.9184219765,52.1116142273
2018.01.08,52.3384118394,52.4392071111,52.2544131095,52.4140090942
2018.01.09,52.3888076245,52.4728063540,52.2796140824,52.4476051331
2018.01.10,52.7667848517,52.8507803626,52.6491898547,52.7835845947
2018.01.11,52.7919810880,53.1363677979,52.7667830764,53.1363677979
2018.01.12,52.8759848069,53.3127685396,52.8255855748,53.3043670654
2018.01.16,53.6235557940,53.6655535520,53.2287698193,53.3043670654
2018.01.17,53.5647557108,53.8923458976,53.5143564810,53.7327499390
2018.01.18,53.1783719188,53.3547644187,53.1111729449,53.2791671753
2018.01.19,53.6991497773,53.6991497773,53.4807563221,53.6151542664
2018.01.22,53.5479543462,53.8419418335,53.5143548608,53.8419418335
2018.01.23,54.0939349250,54.2451294058,54.0015379418,54.1695289612
2018.01.24,54.2619267399,54.3207242384,53.9175432226,54.1863327026
2018.01.25,54.0687370688,54.1443311051,53.7663481063,53.9259376526
2018.01.26,54.0855306941,54.3627216295,54.0183317264,54.3207206726
2018.01.29,53.9343434321,53.9847394604,53.7663523988,53.8587493896
2018.01.30,53.2959717661,53.3211697814,53.0859797600,53.1699752808
2018.01.31,53.0187710721,53.0859700397,52.7835810938,52.8675765991
2018.02.01,52.9851786389,53.3043641457,52.9767771652,53.1279716492
2018.02.02,52.8507850915,52.8927860549,52.3384073024,52.3468055725
2018.02.05,51.3304460593,51.6580330734,49.7429070190,49.8689002991
2018.02.06,50.1712786306,51.1960404193,50.0872831284,51.0784454346
2018.02.07,50.8516582065,51.3220381870,50.6164650121,50.6248664856
2018.02.08,50.6668597683,50.6836595096,49.1129205486,49.1213188171
2018.02.09,49.9864899469,50.0788869316,48.3653547950,49.6169052124
2018.02.12,50.1040927915,50.7424670656,49.9444968198,50.5828742981
2018.02.13,49.6085110608,50.0536930739,49.5497135573,49.9612960815
2018.02.14,49.6001034325,50.7508585486,49.5329076673,50.7172622681
2018.02.15,51.0112489883,51.0616482146,50.5576655639,50.9608497620
2018.02.16,51.4732301905,51.8008171480,51.4564304486,51.7420196533
2018.02.20,51.4564314773,51.7084244074,51.2380412359,51.3220367432
2018.02.21,51.3136374927,51.5488274718,50.8012565774,50.8096580505
2018.02.22,51.0784488806,51.3304386084,50.9356526722,51.0448493958
2018.02.23,51.4396306728,51.7924156189,51.3472336999,51.7924156189
2018.02.26,52.0864149990,52.4728027196,52.0276174945,52.4644012451
2018.02.27,52.2292087336,52.3552052110,51.7336275022,51.7504272461
2018.02.28,51.8008239907,51.8428249532,51.2884462124,51.2968444824
2018.03.01,50.6500724141,50.8348664092,49.7597083382,49.8101043701
2018.03.02,49.6085083214,50.3812772980,49.4825118471,50.3728790283
2018.03.05,49.9612929777,50.6584679100,49.9360949647,50.5996704102
2018.03.06,51.0532429728,51.1288402046,50.8096547407,50.9104499817
2018.03.07,50.4148675359,50.6416592255,50.2132738549,50.4820632935
2018.03.08,50.6332697832,50.8264620378,50.5660740097,50.7928657532
2018.03.09,50.5324730763,50.9440587925,50.4652773047,50.9188575745
2018.03.12,51.0616581670,51.1708517056,50.9104636627,50.9692611694
2018.03.13,51.2716421920,51.4060369300,50.7592612523,50.8852577209
2018.03.14,51.2632418931,51.2884431099,50.8936571563,51.1036491394
2018.03.15,51.3388396276,51.4396380875,51.0868498863,51.2044448853
2018.03.16,50.9272574773,51.0784519640,50.8600585036,50.9776535034
2018.03.19,50.5408777324,50.5660789537,49.7933066554,50.1124954224
2018.03.20,50.3728732788,50.5240677490,50.2888745708,50.3980712891
2018.03.21,50.3476728031,50.7256589842,50.2552790293,50.4652709961
2018.03.22,50.4820774201,50.5492764007,49.9612981377,50.0032958984
2018.03.23,49.6757000708,49.8100948038,48.9449289100,48.9533271790
2018.03.26,49.4573166256,49.6757068952,49.1213281446,49.6505088806
2018.03.27,50.5492673091,50.5828667933,49.6589002022,49.7680969238
2018.03.28,50.3728801733,50.6080701795,50.0872909354,50.3308792114
2018.03.29,50.6416741449,51.2296524166,50.5576754180,50.9692611694
2018.04.02,50.4568771438,50.5576724059,49.7765019151,49.9444961548
2018.04.03,50.4148777598,50.5744705200,50.1880860242,50.5744705200
2018.04.04,49.8520943397,50.6500644976,49.8100965849,50.6248664856
2018.04.05,50.7928660538,51.0112563243,50.7340685501,50.8768615723
2018.04.06,50.4568741552,50.5912688981,49.8940971706,50.0788879395
2018.04.09,50.6080700695,50.9020575766,50.5156730804,50.5240745544
2018.04.10,50.8180578296,50.9188530802,50.6500636092,50.8012580872
2018.04.11,50.6332614949,50.9692499200,50.6164617532,50.6752624512
2018.04.12,50.5072749315,50.7256651938,50.4988734574,50.5912704468
2018.04.13,50.6752691663,50.6836674361,50.4316776860,50.5912704468
2018.04.16,50.8600554567,50.8684569300,50.6920612366,50.7340621948
2018.04.17,50.7844651246,51.0616561060,50.7004696053,50.9272613525
2018.04.18,51.2380451052,51.3556401059,51.2128470919,51.2716445923
2018.04.19,51.0616456933,51.1372429270,50.9272509672,51.0784454346
2018.04.20,51.1036499770,51.1288479901,50.9188560035,50.9776535034
2018.04.23,50.9356479909,50.9776457410,50.7340575089,50.9104499817
2018.04.24,51.0616545215,51.1036522798,50.5828730269,50.7256660461
2018.04.25,50.8852577209,50.9440552185,50.7004637547,50.8852577209
2018.04.26,51.1372512346,51.2380464945,51.0532525146,51.1960487366
2018.04.27,51.2044514937,51.2548507301,51.0364572430,51.0532569885
2018.04.30,51.1288497510,51.3136437309,50.9188577572,50.9356575012
2018.05.01,50.8600620098,50.9608572732,50.7004692426,50.8936614990
2018.05.02,50.6752691663,50.8600599408,50.5492726891,50.5912704468
2018.05.03,50.5408679554,50.7676596772,50.2384821973,50.6416664124
2018.05.04,50.5072738673,51.0868506008,50.4148768798,51.0112533569
2018.05.07,51.0112517874,51.1288467844,50.9860537749,51.0700492859
2018.05.08,51.1036521112,51.2464451300,51.0868523671,51.2296485901
2018.05.09,50.6416712575,50.8264620378,50.5912720242,50.7928657532
2018.05.10,51.0196534445,51.1960459407,50.9860539583,51.0868492126
2018.05.11,51.4816375580,51.5152370458,51.4228400566,51.4732360840
2018.05.14,51.7000258955,51.7924228813,51.6496298700,51.7588233948
2018.05.15,51.3304438507,51.3388421206,51.1876476276,51.2296485901
2018.05.16,51.3220427987,51.4816387671,51.2716467701,51.3808403015
2018.05.17,51.3556405944,51.5236348274,51.2968430935,51.3724403381
2018.05.18,51.3556414360,51.3808394499,51.2380464323,51.2464447021
2018.05.21,51.2296433923,51.3388369117,51.2128436499,51.3052406311
2018.05.22,51.3220320509,51.3472332641,51.1372413111,51.1876373291
2018.05.23,50.8768605464,51.0028570257,50.7424657971,50.9860572815
2018.05.24,50.7508564824,50.8012557074,50.3140760156,50.6752624512
2018.05.25,50.5492685672,50.6248658065,50.4400718428,50.5072708130
2018.05.29,50.2132814773,50.3308764740,50.0620869946,50.1712837219
2018.05.30,50.2804830747,50.5660723120,50.2300838431,50.5240745544
2018.05.31,50.3896871520,50.3896871520,50.0788966515,50.1796951294
2018.06.01,50.5072748106,50.5912703257,50.4232760912,50.5240745544
2018.06.04,50.9608488930,51.0112481185,50.8180558938,50.8264541626
2018.06.05,50.7592602064,50.7844582179,50.6584649560,50.7340621948
2018.06.06,50.8180588750,50.9692533561,50.7508599038,50.9524536133
2018.06.07,51.1540473228,51.1792453349,50.9188541277,50.9524536133
2018.06.08,50.9608529247,51.1540483689,50.9440563858,51.1036491394
2018.06.11,51.2632484436,51.3892449313,51.2296521572,51.2632484436
2018.06.12,51.0532471682,51.1204461372,50.9104541654,50.9440536499
2018.06.13,51.1036522866,51.1624497892,50.8264613138,50.9860572815
2018.06.14,51.0028564773,51.0700522491,50.8936597433,50.9356575012
2018.06.15,50.7004657894,50.7340652763,50.4484760461,50.6668663025
2018.06.18,50.1712828897,50.3140791006,50.1292851350,50.2972793579
2018.06.19,49.7047510743,49.7893968365,49.5947090001,49.7640037537
2018.06.20,49.9332945085,49.9671508733,49.6708875001,49.7809295654
2018.06.21,49.6370380048,49.7809396932,49.4762097450,49.5947151184
2018.06.22,50.0433343670,50.1025870429,49.8317167449,49.8401832581
2018.06.25,49.5015997571,49.5185295564,49.0360415780,49.1630134583
2018.06.26,49.4846652594,49.5862440456,49.2645843475,49.4508056641
2018.06.27,49.4084818600,49.5947064021,49.0444992890,49.1206817627
2018.06.28,49.0529630111,49.2222577462,48.9259911525,49.1799316406
2018.06.29,49.0614306989,49.1884025689,48.9598551404,49.0191078186
2018.07.02,47.9779532151,48.2911464287,47.9356303315,48.2403602600
2018.07.03,48.3927165614,48.4096463587,48.1387760591,48.1810989380
2018.07.05,48.1133903484,48.1726430337,47.9948849779,48.1049270630
2018.07.06,48.2488265638,48.5366267111,48.1895738772,48.4181213379
2018.07.09,48.9513987803,49.1122270398,48.8921428646,49.0868339539
2018.07.10,48.8413439475,48.9344562105,48.8074843557,48.9005966187
2018.07.11,48.4181184821,48.5535536476,48.0541358694,48.2234306335
2018.07.12,48.2488264271,48.2996158279,48.1133912540,48.2742195129
2018.07.13,48.6466606960,48.7482362519,48.5281553425,48.7228431702
2018.07.16,48.8244223761,48.8752117724,48.7313100974,48.7397766113
2018.07.17,48.9852499022,49.1968675400,48.9429270204,49.1714744568
2018.07.18,49.0614315413,49.2391895790,49.0360384584,49.0952911377
2018.07.19,48.9090643093,49.1545415285,48.8752079435,49.1037521362
2018.07.20,49.0275675478,49.2645814726,49.0021744672,49.2561149597
2018.07.23,49.4677349484,49.5354541385,49.4084822716,49.5015945435
2018.07.24,49.8486523255,49.9248348075,49.6370346789,49.7047538757
2018.07.25,49.7978649379,50.2211002209,49.7132159439,50.0264091492
2018.07.26,50.2380194709,50.3395982489,50.1025843293,50.1533737183
2018.07.27,50.4665762373,50.5596885199,50.2634251017,50.3057479858
2018.07.30,50.2295651353,50.2634247340,49.8909756064,49.9248352051
2018.07.31,49.5439147949,49.7893920023,49.4931286341,49.5439147949
2018.08.01,49.9248341945,50.0010166755,49.7470761484,49.8655815125
2018.08.02,49.4508081023,49.6201028585,49.4084852205,49.5862464905
2018.08.03,49.2899853431,49.5862520067,49.2561257422,49.5777854919
2018.08.06,49.1291512315,49.2561198759,49.1037549194,49.2053337097
2018.08.07,49.6624248097,49.6962844061,49.5608492495,49.6201019287
2018.08.08,49.6116359280,49.6708886040,49.5100603733,49.5693130493
2018.08.09,49.4931368694,49.5777826375,49.3577017030,49.3830947876
2018.08.10,48.7820963611,48.8074894431,48.5789420181,48.6720542908
2018.08.13,48.4604407517,48.5196934340,48.2826827047,48.3842582703
2018.08.14,48.5789413452,48.6381940217,48.4519727080,48.5789413452
2018.08.15,48.0456609063,48.0964502953,47.7832571357,47.9864082336
2018.08.16,48.1557051742,48.3334632004,48.1303120931,48.2488174438
2018.08.17,48.2996138563,48.5620176771,48.2403611723,48.4096527100
2018.08.20,48.5450754866,48.6720473365,48.5027526130,48.6043281555
2018.08.21,48.5535557155,48.6805243722,48.5281626300,48.5958786011
2018.08.22,48.8074935890,48.9513952669,48.7905637899,48.7990303040
2018.08.23,48.5196961154,48.6635978012,48.5027663154,48.5958786011
2018.08.24,48.6381953666,48.8244199145,48.6212655686,48.7651672363
2018.08.27,49.2815136338,49.5015945435,49.2730471206,49.5015945435
2018.08.28,49.4508072804,49.4846668769,49.3323019217,49.3492317200
2018.08.29,49.4592806392,49.5777860143,49.4169577523,49.5269966125
2018.08.30,49.2307210299,49.3069034992,49.0529630111,49.1799316406
2018.08.31,49.2815170288,49.4000223905,49.1037557572,49.2815170288
2018.09.04,48.6381946954,48.7059138861,48.5281558541,48.6720542908
2018.09.05,48.1726342952,48.2234236858,48.0287358653,48.1557044983
2018.09.06,48.1049226438,48.2657508850,47.9864140551,48.2657508850
2018.09.07,48.0372092530,48.1387848266,47.8763809924,47.9694900513
2018.09.10,48.1557074700,48.2064968638,48.0118090312,48.0795249939
2018.09.11,47.9864111120,48.2318883300,47.9864111120,48.1810989380
2018.09.12,48.1557141401,48.3080791135,48.0372087673,48.2742195129
2018.09.13,48.8836743871,48.9006041856,48.5958742702,48.6466636658
2018.09.14,49.2053315951,49.2730475568,49.0698964428,49.1968650818
2018.09.17,49.4592740548,49.5185267344,49.1968670242,49.2222633362
2018.09.18,50.0602713955,50.5596891850,50.0518081102,50.3988609314
2018.09.19,50.5596807683,50.7205089951,50.5342876875,50.5766105652
2018.09.20,50.7374444752,50.8136269552,50.6358689116,50.7120513916
2018.09.21,50.6697175924,50.9151947782,50.6189282070,50.8220825195
2018.09.24,50.6612637895,50.7035899025,50.5512249371,50.5935478210
2018.09.25,51.1098919439,51.1522148250,50.9405971907,50.9744567871
2018.09.26,51.2199287415,51.3976900012,51.1776058621,51.2199287415
2018.09.27,50.9236711078,51.2961170089,50.8982780231,51.0844993591
2018.09.28,50.9152056344,51.1352865599,50.8559529534,50.9829216003
2018.10.01,51.1945361608,51.4908027773,51.1945361608,51.3299713135
2018.10.02,51.0337097042,51.2961135054,50.9490607127,51.2114677429
2018.10.03,50.8559525488,50.9067387156,50.6866577918,50.7628402710
2018.10.04,50.3903950691,50.4242546689,49.8063315027,50.0772018433
2018.10.05,50.2211050599,50.3650035201,49.8655857089,50.0856666565
2018.10.08,49.9586951692,50.3650006695,49.8317232877,50.3057479858
2018.10.09,49.6455022471,50.0856641199,49.5523899640,50.0179481506
2018.10.10,49.8571163705,49.8571163705,48.6974493995,48.7905616760
2018.10.11,48.4350427611,48.7397726560,47.5716424686,47.9102287292
2018.10.12,47.9948858448,48.1133912175,47.4277488380,48.0202789307
2018.10.15,47.6732151490,48.1387732474,47.5208502107,47.8763694763
2018.10.16,48.3757915716,48.8582795103,48.3673250581,48.7651672363
2018.10.17,48.7651637621,48.8413462327,48.4519705957,48.7313041687
2018.10.18,48.4011898555,48.4943021394,47.6393650130,47.8509826660
2018.10.19,48.1218481322,48.3842551578,47.8509778220,47.9525566101
2018.10.22,47.9694890050,48.0033486052,47.5631834905,47.6562957764
2018.10.23,46.6659178847,47.2669111430,46.3527214861,47.1060829163
2018.10.24,46.6913129616,46.7590321520,45.5739721525,45.5993652344
2018.10.25,46.0056685579,46.4881564655,45.8109807382,46.2765388489
2018.10.26,45.4893293400,45.9718173011,45.0322344624,45.6840171814
2018.10.29,45.8702407872,46.0480020678,44.8629419327,45.2607841492
2018.10.30,45.5570488040,46.0056772023,45.4639365186,45.9718208313
2018.10.31,46.4204444885,46.6151323250,46.3104024143,46.4204444885
2018.11.01,46.1241805957,46.3273317146,45.9718156420,46.3104019165
2018.11.02,46.8860004930,46.9621829672,46.2680774153,46.5728073120
2018.11.05,46.4373782762,46.5982065300,46.3527292776,46.4035186768
2018.11.06,46.8352089916,46.9791074104,46.7336302183,46.9283180237
2018.11.07,47.0976175011,47.4531367857,46.9537190679,47.4192771912
2018.11.08,47.2499828798,47.3092355563,46.9621827817,47.1145477295
2018.11.09,46.6236030618,46.6913190320,46.4289119786,46.6405296326
2018.11.12,46.5812649542,46.5812649542,45.9379488727,46.0056648254
2018.11.13,45.7771273267,46.2088258717,45.6501554570,45.8363800049
2018.11.14,46.2426886995,46.2934748678,45.7686640122,45.9972114563
2018.11.15,45.8956433411,46.3358085018,45.7263485518,46.2680892944
2018.11.16,45.9125690126,46.4119868202,45.8617796116,46.3019447327
2018.11.19,46.4543085548,46.4543085548,45.9887503593,46.0987892151
2018.11.20,45.5655042722,45.7601920814,45.2438446084,45.2523078918
2018.11.21,45.8956287871,46.1918921527,45.8363761140,45.9464149475
2018.11.23,45.7432667172,45.9972072221,45.7432667172,45.7771263123
2018.11.26,46.3188675734,46.4796958086,46.2342185845,46.3950500488
2018.11.27,46.3103954785,46.4119742528,46.1749603417,46.3527183533
2018.11.28,46.5728168009,47.0383750251,46.3442693318,46.9621925354
2018.11.29,46.8013458252,46.9621740272,46.6489809058,46.8013458252
2018.11.30,46.8098179258,46.9537195897,46.7590317625,46.8436775208
2018.12.03,47.5716508006,47.5885806009,47.2838506527,47.4785385132
2018.12.04,46.7844177666,46.8436704342,45.6755404188,45.7263298035
2018.12.06,45.2269203803,45.7263381189,44.7275026417,45.6586189270
2018.12.07,45.7263395037,45.9040975442,45.1422759865,45.3200340271
2018.12.10,45.0153110169,45.1507461965,44.4143176091,44.9729881287
2018.12.11,45.1253457990,45.2438511584,44.6343913343,44.9391212463
2018.12.12,45.6078335363,45.8109846573,45.4723983792,45.4808616638
2018.12.13,45.4977857737,45.5993613215,45.2607750857,45.3454208374
2018.12.14,44.7952190780,45.0406963077,44.7613627107,44.8290786743
2018.12.17,44.8290763892,44.8883290652,44.2788725080,44.4735603333
2018.12.18,44.7422829117,44.9128928371,44.4266566649,44.5972633362
2018.12.19,44.4266499671,44.9384764120,43.7356813377,43.9404106140
2018.12.20,43.7868611073,43.9148160793,43.3603380259,43.7100868225
2018.12.21,42.6949578227,47.3867115011,42.2854960740,42.3622703552
2018.12.24,42.0893016157,42.3537471217,41.7907367334,41.9016304016
2018.12.26,42.3537412370,42.8229159530,41.8675052080,42.6949577332
2018.12.27,42.6267215171,43.3091578561,42.3025630358,43.2665061951
2018.12.28,43.5138882373,43.5565431536,43.1385490549,43.3176879883
2018.12.31,43.5565390051,43.6589036353,43.1214836322,43.2409095764
2019.01.02,42.7717354296,43.6247816193,42.7632063996,43.5394783020
2019.01.03,43.5736096748,43.6503807233,43.0276572704,43.2921028137
2019.01.04,43.8636372011,44.8275803877,43.7953951923,44.7593383789
2019.01.07,44.7508094781,45.1943939581,44.6655061472,44.8702354431
2019.01.08,45.2285041774,45.2285041774,44.8958167223,45.0834846497
2019.01.09,45.3052812390,45.4673588349,45.1261423297,45.3308715820
2019.01.10,45.1687991667,45.6123836031,45.1090861901,45.6038513184
2019.01.11,45.1261503799,45.1773310751,44.9896631027,45.0749664307
2019.01.14,44.8275733786,45.1261414759,44.7934507525,44.9128799438
2019.01.15,45.4332343763,45.6294378452,45.3138084416,45.4588279724
2019.01.16,45.5867865008,45.7744577009,45.5100122147,45.6806221008
2019.01.17,45.2285141169,45.7488728679,45.2285141169,45.5867919922
2019.01.18,46.1242100304,46.2521682683,45.9621324160,46.1924552917
2019.01.22,45.6635550570,45.6806163689,45.1943803697,45.3649902344
2019.01.23,45.5185482971,45.5782612741,45.0834928885,45.2370414734
2019.01.24,45.4588360697,45.5953233414,45.3820617759,45.5014877319
2019.01.25,45.9791959053,46.1242122112,45.8341763452,45.9962539673
2019.01.28,45.6123744636,45.7062100521,45.5100065921,45.6635551453
2019.01.29,45.9109441613,46.0047797597,45.7062149048,45.7062149048
2019.01.30,45.8768244927,46.4398348655,45.8000502030,46.2180442810
2019.01.31,46.2351027256,46.4057126092,46.1583284407,46.3033447266
2019.02.01,46.1753860315,46.2436280270,45.9621245078,46.1156730652
2019.02.04,46.0644957017,46.2948185707,46.0133117572,46.2180442810
2019.02.05,46.4313062878,46.5166096087,46.3289416520,46.4057159424
2019.02.06,46.1583340438,46.2265760531,45.9536015079,46.0218467712
2019.02.07,45.5867902817,45.6465032587,45.2285124198,45.3820610046
2019.02.08,44.7849246462,45.0237765363,44.7252116736,44.9811248779
2019.02.11,45.0237846375,45.0749685892,44.9043586709,45.0237846375
2019.02.12,45.7744603086,45.8853572290,45.7403376786,45.8171119690
2019.02.13,46.0730291567,46.1412744226,45.9109515314,45.9280128479
2019.02.14,45.8853537217,46.0133086932,45.6891534954,45.8938827515
2019.02.15,46.2436353822,46.5507325459,46.1839224064,46.4824905396
2019.02.19,46.4142455844,46.6957524044,46.3801229540,46.5592651367
2019.02.20,46.7042710717,46.8151679689,46.5677838343,46.6104354858
2019.02.21,46.5933750476,46.6445589829,46.4483587789,46.5421943665
2019.02.22,46.6701521097,46.7895780450,46.6104391420,46.6445617676
2019.02.25,47.0454991023,47.1137411060,46.8663569276,46.9090118408
2019.02.26,46.9260711486,47.2246392782,46.9175421183,47.0710906982
2019.02.27,46.8919528417,46.9516658182,46.7469332888,46.8237075806
2019.02.28,46.4995484571,46.5592646868,46.3204095302,46.3715934753
2019.03.01,46.4995472444,46.5592634726,46.2862856930,46.5080795288
2019.03.04,46.5507312042,46.6019151481,46.2265727348,46.3630599976
2019.03.05,46.4142449728,46.5507322387,46.3289416520,46.4057159424
2019.03.06,46.2948137990,46.3204041416,46.1242039225,46.1327362061
2019.03.07,45.9194827746,45.9365408365,45.5014886659,45.5867919922
2019.03.08,45.1687970520,45.5270748949,45.1517357374,45.5100135803
2019.03.11,45.6550348048,46.0474352912,45.6294444591,46.0047836304
2019.03.12,46.1583247191,46.2606893394,46.0644891280,46.1156730652
2019.03.13,46.0815611197,46.4057196221,46.0644998034,46.2948226929
2019.03.14,45.7744584837,45.8938844298,45.6976841963,45.8000488281
2019.03.15,46.1839255985,46.3886581399,46.1242126186,46.3289451599
2019.03.18,46.4227789167,46.4910241839,46.3460078723,46.4569015503
2019.03.19,46.5933830103,46.6530959846,46.3886537425,46.4739570618
2019.03.20,46.3630587918,46.7469302253,46.2180425025,46.4995460510
2019.03.21,46.3715885269,46.8237019382,46.3545272137,46.8066406250
2019.03.22,46.6786871212,46.7042774648,46.2521640394,46.3033447266
2019.03.25,46.0559706076,46.3289451599,45.9706640261,46.3289451599
2019.03.26,47.0369633124,47.0966762814,46.7298661835,46.8407630920
2019.03.27,46.9175437728,47.0028470962,46.4739593321,46.6786918640
2019.03.28,46.6189775324,46.7384034833,46.4824902664,46.7042808533
2019.03.29,46.7298725564,46.7469338719,46.5848562558,46.6786918640
2019.04.01,47.1052068054,47.3355296435,47.0369615552,47.2672843933
2019.04.02,46.9516627773,47.0199047799,46.8748884905,46.9431304932
2019.04.03,47.3355329902,47.3696523635,47.1308004793,47.2246360779
2019.04.04,47.0881539789,47.1990509033,47.0796216940,47.1990509033
2019.04.05,47.1734527691,47.2758173988,47.1393301412,47.2331657410
2019.04.08,47.1222686768,47.1563880481,46.9943104583,47.1222686768
2019.04.09,46.9857927433,47.0199121229,46.8151828290,46.8663635254
2019.04.10,46.9004797185,46.9516636620,46.8066441158,46.8748893738
2019.04.11,46.7554672581,46.7895866358,46.5933863841,46.7298736572
2019.04.12,46.9687194824,47.0028388533,46.8663516074,46.9687194824
2019.04.15,47.0454963866,47.0625544460,46.9345994762,46.9601898193
2019.04.16,47.3014138764,47.3270042219,47.1478652954,47.1478652954
2019.04.17,47.3099429068,47.3270042219,47.1478652954,47.1478652954
2019.04.18,47.2587575104,47.3014091667,47.1393283172,47.2161026001
2019.04.22,46.9175472749,47.0710958718,46.9175472749,47.0455055237
2019.04.23,47.0455056918,47.3270092844,47.0284443750,47.3099479675
2019.04.24,46.8237092676,46.8663609303,46.7042833104,46.7298736572
2019.04.25,46.9260695913,47.0028438788,46.7981146150,46.8322372437
2019.04.26,47.1222750932,47.2843527052,47.0284394874,47.2587623596
2019.04.29,47.3270042552,47.4720238059,47.2672912797,47.4464302063
2019.04.30,47.4464315869,47.4464315869,47.2161087085,47.2758216858
2019.05.01,47.3184715238,47.5061394662,47.0625550726,47.1137390137
2019.05.02,47.1052118101,47.2672894152,46.9346019207,47.1308021545
2019.05.03,47.3525940062,47.7620590534,47.3525940062,47.7364654541
2019.05.06,46.7725213125,47.2843476936,46.7554599992,47.2502250671
2019.05.07,46.8237010769,46.8919463285,46.2521617376,46.3886489868
2019.05.08,46.0133116126,46.2521667653,45.9450696076,46.1071472168
2019.05.09,45.4844162583,45.8682876412,45.2882160524,45.8085746765
2019.05.10,45.7147485492,46.1412716731,45.3649997178,46.1242103577
2019.05.13,45.3735204510,45.4161753589,45.0067103712,45.0834846497
2019.05.14,45.6294450597,45.8171130208,45.5697288288,45.7147483826
2019.05.15,45.3735201418,45.8512271214,45.3223394593,45.7829818726
2019.05.16,45.9024153475,46.1839188901,45.8853540337,45.9706573486
2019.05.17,45.9024167140,46.1156782618,45.7829875138,45.8000488281
2019.05.20,45.5611909247,45.6891491382,45.4588263065,45.5526618958
2019.05.21,45.7659253250,45.8938802896,45.6891510445,45.8682899475
2019.05.22,45.5014832841,45.5953188844,45.4417703120,45.4929542542
2019.05.23,45.2199792194,45.3052857949,45.0920242374,45.1517372131
2019.05.24,45.8171156180,45.8597672819,45.6635670249,45.8512382507
2019.05.28,45.9109574169,45.9706704052,45.4588438620,45.4673728943
2019.05.29,45.3649900699,45.4247030343,45.1005446179,45.2540931702
2019.05.30,45.3649923797,45.4844183144,45.2967471289,45.4588279724
2019.05.31,44.8617021067,45.1090862984,44.7849278145,44.9725990295
2019.06.03,45.1858607812,45.2711641043,45.0323121962,45.2370414734
2019.06.04,45.3052794857,45.7915155087,45.2370342348,45.7573928833
2019.06.05,45.9706530528,45.9877143650,45.6806172534,45.7829818726
2019.06.06,45.8256422651,45.9194778664,45.7403356938,45.8341712952
2019.06.07,46.1412648307,46.4142393291,46.1242035177,46.3886489868
2019.06.10,46.5933926101,46.7128185833,46.5678022599,46.6019248962
2019.06.11,46.8834176220,46.9090112204,46.6957496738,46.7554626465
2019.06.12,46.4910129745,46.5507259419,46.2180384798,46.2350997925
2019.06.13,46.3033477641,46.3374703938,46.0474345490,46.1839218140
2019.06.14,46.0900892483,46.1071505643,45.9877246064,46.0644989014
2019.06.17,46.1824288819,46.2512919312,46.1566023651,46.1996421814
2019.06.18,46.1479891880,46.5009208856,46.1479891880,46.4750976562
2019.06.19,46.6903084303,46.9399406881,46.6214420945,46.8882942200
2019.06.20,47.4133869022,47.4392101354,47.0948850359,47.3445205688
2019.06.21,46.9055109661,47.0346304205,46.8624678642,46.8796844482
2019.06.24,46.8624678642,46.9141176162,46.7936048120,46.8796844482
2019.06.25,46.9743662197,47.0174060307,46.6730842590,46.6730842590
2019.06.26,46.7677772349,46.7849905336,46.5870047616,46.6042213440
2019.06.27,46.7936058044,46.9227252616,46.7849958704,46.7936058044
2019.06.28,47.0776689192,47.0948855028,46.9485494685,46.9829826355
2019.07.01,47.8437866144,47.8523932633,47.5166781326,47.6544075012
2019.07.02,47.7577071027,47.8610033155,47.7146672876,47.8007469177
2019.07.03,47.8696097056,47.9642992619,47.8093533122,47.9384727478
2019.07.05,47.6544072134,47.7404868368,47.4133816408,47.7318801880
2019.07.08,47.4564285278,47.4994683460,47.3875621918,47.4564285278
2019.07.09,47.0088027754,47.0948824036,46.9829795437,47.0346260071
2019.07.10,47.3703415322,47.4392078623,47.2498287383,47.3186950684
2019.07.11,47.4564234586,47.4564234586,47.2756509878,47.4047737122
2019.07.12,47.3531231135,47.4650292537,47.3014766517,47.4219894409
2019.07.15,47.5252915801,47.5252915801,47.3875621918,47.4564285278
2019.07.16,47.1379226181,47.1895723657,47.0432363398,47.1034927368
2019.07.17,47.1207073711,47.1809637656,47.0518410438,47.0604476929
2019.07.18,46.4837134179,46.9399414062,46.4492802495,46.9399414062
2019.07.19,47.2067869965,47.2670433910,47.0604476929,47.0604476929
2019.07.22,47.1207154015,47.1809718063,47.0346324777,47.1293220520
2019.07.23,47.4994614358,47.5338945988,47.3961652306,47.5080680847
2019.07.24,47.4736463832,47.5941591907,47.4564297987,47.5683326721
2019.07.25,47.3703395981,47.3703395981,47.0174078802,47.0604476929
2019.07.26,47.1120952848,47.2412180006,47.0948787037,47.1809616089
2019.07.29,47.1465355138,47.1637520974,47.0604525958,47.1207122803
2019.07.30,46.9227198862,46.9485464016,46.7849905108,46.8194236755
2019.07.31,46.9829851117,47.1379278041,46.4320642614,46.7849960327
2019.08.01,46.9829781450,47.3875563259,46.5870033294,46.7763824463
2019.08.02,46.6903082147,46.7161314486,46.2857267033,46.5353622437
2019.08.05,45.9586186881,45.9930518562,45.2011054085,45.3818778992
2019.08.06,45.8467082055,45.9758309318,45.5454262223,45.9586143494
2019.08.07,45.8897532403,46.3373745511,45.6917674596,46.2771148682
2019.08.08,46.1479934035,46.6300445757,46.1049535893,46.6042213440
2019.08.09,46.3631990747,46.3976322419,45.9586175686,46.1135635376
2019.08.12,45.9672244375,46.0102642519,45.6056827729,45.6745491028
2019.08.13,45.7950646546,46.2943324418,45.7348082541,46.1910362244
2019.08.14,45.4335255756,45.4679587446,45.0461639172,45.0719871521
2019.08.15,45.5884676319,45.6573339640,45.3560486866,45.5023880005
2019.08.16,45.7089779811,46.0188698915,45.6745481006,45.9758300781
2019.08.19,46.0619103985,46.1135601456,45.9672241211,45.9672241211
2019.08.20,46.0360883165,46.0360883165,45.8467091895,45.8725357056
2019.08.21,46.0963517665,46.1738247590,46.0016621885,46.0274887085
2019.08.22,46.0446972615,46.0791271426,45.7950617419,45.9586143494
2019.08.23,45.8294882521,46.0963370316,45.4076902532,45.4421234131
2019.08.26,46.2168642742,46.2254742087,45.9758386473,46.1049613953
2019.08.27,46.1566001217,46.1824266372,45.9327911176,45.9586143494
2019.08.28,45.8983511834,46.0791203466,45.8208782157,45.9413909912
2019.08.29,46.3459818946,46.3459818946,46.1221728777,46.2685089111
2019.08.30,46.5267468383,46.5439634201,46.2685046782,46.4148406982
2019.09.03,46.3718036819,46.4664932459,46.3459804495,46.4406700134
2019.09.04,46.6128301334,46.7333429235,46.5611803874,46.6989097595
2019.09.05,46.9743696106,47.1723553824,46.9743696106,47.0346260071
2019.09.06,47.1207043663,47.2584337283,47.0604446919,47.1981773376
2019.09.09,47.5425012477,47.5597178292,47.3961652306,47.5080680847
2019.09.10,47.5252887471,47.6458015442,47.4564256989,47.6458015442
2019.09.11,48.0675964355,48.0848130174,47.9643002283,48.0675964355
2019.09.12,48.3688841852,48.4894002724,48.2225481477,48.3861007690
2019.09.13,48.8165132969,49.0489322909,48.8165132969,48.9542427063
2019.09.16,48.7992915560,48.9025910649,48.6701720954,48.6959953308
2019.09.17,48.5926969625,48.8767623901,48.5754803784,48.8767623901
2019.09.18,48.6443452741,48.7992912528,48.4377528250,48.7734680176
2019.09.19,49.1091756213,49.3243779713,49.0833523901,49.1350021362
2019.09.20,49.1091814434,49.2124776642,48.9628454042,49.0231018066
2019.09.23,48.7992844516,49.0317033872,48.7992844516,48.9714469910
2019.09.24,49.3502056374,49.4190686835,49.0144872052,49.0403137207
2019.09.25,49.0144842342,49.2813363204,48.9111880295,49.2382965088
2019.09.26,49.4448917603,49.4535016934,49.2382993390,49.3243789673
2019.09.27,48.8251145485,48.8681543656,48.5496557788,48.6185188293
2019.09.30,48.4807930330,48.8423347473,48.4205366278,48.8423347473
2019.10.01,48.8767531842,48.8853631165,48.5238214868,48.6271209717
2019.10.02,48.3344547814,48.3344547814,47.8954400971,48.0245628357
2019.10.03,47.9901280846,48.2741967866,47.8007489499,48.2655868530
2019.10.04,48.3774900964,48.8423279716,48.3688801633,48.8251113892
2019.10.07,48.5926898024,48.7906755643,48.5066068948,48.5152168274
2019.10.08,48.4377472900,48.5324368532,48.2225449313,48.2311515808
2019.10.09,48.6099104713,48.6959901024,48.4980043239,48.6529502869
2019.10.10,48.4033142021,48.6959895418,48.3602743870,48.5926933289
2019.10.11,48.9800567417,49.4104614467,48.9456235772,49.1952590942
2019.10.14,48.9456312222,49.1091838535,48.9284146373,48.9800643921
2019.10.15,49.3846377022,49.8150424314,49.3674211190,49.7117462158
2019.10.16,49.5051561469,49.6514954790,49.4707262603,49.6084556580
2019.10.17,49.5223679725,49.5998409564,49.3157755377,49.4793281555
2019.10.18,49.2985524880,49.4621050844,49.2210795142,49.3846321106
2019.10.21,49.7461816502,49.8408712203,49.7031418320,49.7375717163
2019.10.22,49.8839039527,49.9958100909,49.7633911655,49.7978210449
2019.10.23,49.8839084362,50.0905008659,49.8580819196,50.0044212341
2019.10.24,50.0130263374,50.0560694356,49.8494737286,50.0302429199
2019.10.25,49.8322586869,50.0560709834,49.8064354541,50.0044212341
2019.10.28,49.9872080257,50.1679772349,49.9786013755,50.1507606506
2019.10.29,50.2626667604,50.3917895004,50.2454501762,50.3659629822
2019.10.30,50.3659594317,50.5122987456,50.1679736524,50.5036888123
2019.10.31,50.4262265692,50.5123062134,50.2282374769,50.5123062134
2019.11.01,51.0029633266,51.1579093006,50.9340969898,51.0115699768
2019.11.04,51.3042424317,51.3731087646,51.2353793826,51.3558921814
2019.11.05,51.4333693763,51.5108423653,51.2956399829,51.4247627258
2019.11.06,51.3300713509,51.4075443371,51.2439884307,51.3128547668
2019.11.07,51.7174314220,51.7776878185,51.5969153451,51.6141319275
2019.11.08,51.3731078807,51.5969168913,51.2698116669,51.5883102417
2019.11.11,51.2439841970,51.4936197192,51.2439841970,51.4591865540
2019.11.12,51.5710945129,51.6830006620,51.4677982974,51.5710945129
2019.11.13,51.1148648840,51.4333634537,51.1148648840,51.3903236389
2019.11.14,50.9685219601,51.1751176535,50.9685219601,51.1665077209
2019.11.15,51.2870309358,51.4678001404,51.2784210020,51.4678001404
2019.11.18,51.3731081745,51.5280541380,51.2870285431,51.5108375549
2019.11.19,51.4333658579,51.4677990248,51.2095568404,51.3472862244
2019.11.20,51.2267669172,51.3644962924,51.0029579138,51.1923370361
2019.11.21,51.2267752666,51.2612084370,51.0804392182,51.2439918518
2019.11.22,51.2612029113,51.3214593111,51.1665133449,51.2784194946
2019.11.25,51.5022282159,51.6313476562,51.4850116338,51.6313476562
2019.11.26,51.4850164260,51.5797027109,51.4247600248,51.5452728271
2019.11.27,51.5883184212,51.6571814801,51.5711018355,51.6485748291
2019.11.29,51.1234724127,51.2095553275,51.1062558298,51.1579055786
2019.12.02,51.2611998113,51.2698097443,50.7361055447,51.0546073914
2019.12.03,50.8652253100,51.2870233420,50.7447125247,51.2525901794
2019.12.04,51.6830020381,51.8293380737,51.6399622208,51.8293380737
2019.12.05,51.7432583156,51.7432583156,51.5797024130,51.6227455139
2019.12.06,52.0875787756,52.2511346739,52.0875787756,52.2167015076
2019.12.09,52.0961890384,52.1564454381,51.9068099060,51.9240264893
2019.12.10,51.9154175713,52.0531469479,51.8121180761,51.8982009888
2019.12.11,51.8121193546,52.0703648153,51.7949027716,52.0101051331
2019.12.12,51.7690804897,52.2425250367,51.7432572566,52.1392288208
2019.12.13,52.0014996992,52.2941750489,51.9412432993,52.2769584656
2019.12.16,52.3257374216,52.5347979322,52.3257374216,52.5173759460
2019.12.17,52.3692888720,52.5086614332,52.3083135842,52.4041328430
2019.12.18,52.1253989840,52.1950836182,52.0818456722,52.1950836182
2019.12.19,52.0731304972,52.2299250702,52.0731304972,52.1428184509
2019.12.20,52.1253931787,52.1863684730,52.0557052294,52.1079711914
2019.12.23,51.9860100829,52.0992513162,51.9424567849,52.0644073486
2019.12.24,51.8902020990,51.9337554065,51.8205174715,51.8553581238
2019.12.26,51.9250434644,52.0121500751,51.8901994910,51.9947280884
2019.12.27,52.0382792640,52.0818325647,51.8553500841,51.8989067078
2019.12.30,51.8640632983,51.8727726294,51.4023890010,51.4372329712
2019.12.31,51.4111141261,51.6201713519,51.3501388250,51.6027526855
2020.01.02,52.0905524856,52.2299250702,52.0034458664,52.1428184509
2020.01.03,51.5069225084,51.9511715115,51.4546565516,51.5678977966
2020.01.06,51.5069228203,51.7856679461,51.5069228203,51.7508239746
2020.01.07,52.0034397960,52.0557024323,51.8205139232,51.8379325867
2020.01.08,51.7421167595,52.0469932149,51.6985601320,51.8466453552
2020.01.09,52.1428207067,52.2386399858,52.0470014277,52.2125053406
2020.01.10,52.0731245331,52.1340998241,51.7769574095,51.8466453552
2020.01.13,51.8553606262,52.1602404394,51.7682540069,52.1428184509
2020.01.14,52.0121511300,52.2212116519,51.9947291429,52.1602363586
2020.01.15,51.8902001324,52.0208633729,51.8902001324,51.9685974121
2020.01.16,51.9250435780,52.0469941624,51.8814902726,52.0034408569
2020.01.17,52.0034479529,52.0731325865,51.8989193410,52.0382919312
2020.01.21,51.9773104256,52.0208670574,51.7595405579,51.7595405579
2020.01.22,52.0992600087,52.1428133140,51.9337527963,51.9947280884
2020.01.23,52.0034395734,52.1166808231,51.8118010468,52.0557022095
2020.01.24,52.1950785745,52.2212132174,51.7682515087,51.8553581238
2020.01.27,51.0452561068,51.2456073110,50.9233055115,50.9233055115
2020.01.28,51.1149433044,51.3849791350,51.0452553522,51.3762664795
2020.01.29,51.3936879122,51.3936879122,51.2107620239,51.2107620239
2020.01.30,50.7316662568,51.1497839745,50.5922936842,51.1410713196
2020.01.31,50.5835775846,50.6184215561,50.1393285783,50.3048324585
2020.02.03,50.6706845510,50.9145890303,50.6619752195,50.6881065369
2020.02.04,51.4372403354,51.5591909255,51.3849776956,51.4546623230
2020.02.05,51.8989059537,51.9947218849,51.7508207458,51.9163246155
2020.02.06,52.2647619734,52.3257372632,52.1340987393,52.3083152771
2020.02.07,51.9947281649,52.0557034570,51.8030929565,51.8030929565
2020.02.10,51.5940298025,51.7943776554,51.5940298025,51.7421150208
2020.02.11,52.1428134281,52.2386326937,51.9511748967,52.0034408569
2020.02.12,51.8030899318,51.8640652204,51.7421146432,51.7508239746
2020.02.13,51.3501327830,51.5243493327,51.2804448340,51.2978668213
2020.02.14,51.0800928093,51.0800928093,50.8623229707,50.9145889282
2020.02.18,50.2438677937,50.3745310530,50.1132045344,50.1567611694
2020.02.19,50.2961274392,50.3483900780,50.0696449280,50.0696449280
2020.02.20,49.7647669574,49.8344515814,49.3902025503,49.7473449707
2020.02.21,49.4163340585,49.4511780321,49.1898548762,49.3292274475
2020.02.24,47.5870690289,48.0835840260,47.5522250550,47.6654663086
2020.02.25,48.2665152302,48.3362031856,47.3780137365,47.5870742798
2020.02.26,47.9703398912,48.3013509770,47.7264387347,47.8222579956
2020.02.27,46.8031008055,47.2821938625,46.1846351624,46.1846351624
2020.02.28,45.3658149171,46.1672063378,45.0260911736,46.1323623657
2020.03.02,46.0888137047,46.7856766022,45.7229619296,46.7159919739
2020.03.03,46.6462995906,47.0992612616,45.7490889030,46.1149406433
2020.03.04,46.6463002956,47.1428152781,46.3675551589,47.1166839600
2020.03.05,46.2804491778,46.5417723317,46.0975199795,46.2630271912
2020.03.06,45.5922997906,45.9581515746,45.4442145521,45.8187789917
2020.03.09,43.1532756571,44.3118095684,43.0313250689,43.4842834473
2020.03.10,44.8692988419,45.0086714142,43.5713923848,44.7821922302
2020.03.11,43.9111179382,44.1375971486,43.1097263845,43.2665176392
2020.03.12,40.0522229797,40.3396807234,38.0487413961,39.0243492126
2020.03.13,40.7752275722,40.8623341823,38.4668658522,40.3048439026
2020.03.16,37.2212143104,38.6759183216,36.2456065239,37.6480445862
2020.03.17,38.6585041186,39.7821940022,38.1358544927,39.4947395325
2020.03.18,38.1706988286,39.4250519613,37.7787124362,38.6585044861
2020.03.19,39.3466521441,40.3571073672,38.9198251288,39.1985702515
2020.03.20,40.2351634531,40.9581610788,39.2421332919,39.2943992615
2020.03.23,39.4598953217,39.4860299627,38.4407340402,38.8849830627
2020.03.24,41.7769699990,41.9860305309,41.2717456414,41.5853347778
2020.03.25,41.6027500515,42.7874185492,40.8797558884,42.3693008423
2020.03.26,42.7003093406,43.8152898245,42.6741780239,43.7630271912
2020.03.27,43.5801063989,44.2682600026,43.3449145348,43.7107696533
2020.03.30,43.7717427601,44.2943891057,43.5801042160,44.2421264648
2020.03.31,42.5086652093,43.4058790642,42.4564025829,43.0226020813
2020.04.01,41.0452667577,41.6898670757,40.9407381439,40.9755821228
2020.04.02,40.7926501592,41.5679102985,40.7229622118,41.4982223511
2020.04.03,40.8274929093,40.9058901928,40.3919531841,40.5661697388
2020.04.06,42.1863717122,43.0226070614,42.0818431242,42.9616317749
2020.04.07,45.0260956498,45.0783616131,43.3187807224,43.4233093262
2020.04.08,43.2490981748,43.5278433469,42.8483990825,43.3187828064
2020.04.09,43.7107589113,44.1898518548,43.5975176735,43.8849754333
2020.04.13,43.6759217507,43.7717410189,43.3884672689,43.7020530701
2020.04.14,44.4773133541,44.8518777451,44.3989160788,44.5034446716
2020.04.15,43.9982178587,44.2943849797,43.8588452914,44.0591964722
2020.04.16,43.6062416878,43.8414335555,43.4233124644,43.6846389771
2020.04.17,44.3031011164,44.4076297194,43.8501394061,44.2682571411
2020.04.20,43.8501407736,44.1898612361,43.5713956082,43.5888175964
2020.04.21,43.5365399378,43.6584904996,43.0748690048,43.1793975830
2020.04.22,43.8414288485,44.0069327422,43.6323683254,43.9285354614
2020.04.23,44.2247090888,44.7038021761,43.9895172119,43.9895172119
2020.04.24,44.2334081877,44.4424686931,44.0417729908,44.3292274475
2020.04.27,44.8605828346,45.0260867012,44.7647635823,44.9389801025
2020.04.28,45.9494467158,45.9930000292,45.5139069365,45.5923042297
2020.04.29,46.4546706378,46.7421251406,46.3240073856,46.3936920166
2020.04.30,45.2787128366,45.3571101260,44.8431730787,45.0870742798
2020.05.01,44.4685967091,44.5557066311,44.1375856513,44.2943801880
2020.05.04,43.7194757582,44.1027528373,43.6062378239,44.0766181946
2020.05.05,44.6079732645,44.7821898012,44.3205188034,44.5034446716
2020.05.06,44.8518842130,44.8605935458,44.1637306213,44.1637306213
2020.05.07,44.8431666155,44.9389858801,44.5992654495,44.8257446289
2020.05.08,45.4616409668,45.6097262197,45.3658250066,45.5923042297
2020.05.11,45.8710412874,46.0975204704,45.8361973137,46.0278358459
2020.05.12,45.9494423154,46.0017082802,45.3919519830,45.4267959595
2020.05.13,45.9320162409,45.9407288957,45.4355012501,45.6445617676
2020.05.14,44.5295787013,45.0086717143,44.2769681967,44.9651184082
2020.05.15,44.9651131660,45.1741736630,44.7734779769,45.0435104370
2020.05.18,45.6619857356,46.2194794061,45.6184324252,46.1672134399
2020.05.19,45.8100659222,46.0278357729,45.6184273903,45.6271400452
2020.05.20,46.4198204607,46.6462996350,46.1759159773,46.3152885437
2020.05.21,46.0975241575,46.1497901221,45.7055410526,45.8187789917
2020.05.22,45.7926388819,45.8884581373,45.6793976416,45.8797454834
2020.05.26,47.3518811130,47.5957823043,47.2734838268,47.4389877319
2020.05.27,48.1010025292,48.1619778176,47.7264381448,48.0487365723
2020.05.28,48.8849757776,49.1985648983,48.6759185791,48.6759185791
2020.05.29,48.2578044917,48.3449111105,47.7612894543,48.2665138245
2020.06.01,48.4494413303,49.0156443400,48.3971786865,48.9982223511
2020.06.02,49.1985623584,49.3814882283,49.0156364884,49.2159843445
2020.06.03,49.2682515530,49.6428159570,49.2508295665,49.5557060242
2020.06.04,49.2682581949,49.4511840942,48.9198250624,48.9982223511
2020.06.05,49.7473458782,49.9215624256,49.5557073437,49.7037925720
2020.06.08,49.8867163457,50.4442066156,49.7124998057,50.4354972839
2020.06.09,49.8692949909,50.2787033669,49.7734757265,50.1741714478
2020.06.10,50.1567496109,50.3048315026,49.8605825047,50.1480369568
2020.06.11,48.9982174678,49.2159873232,47.9703434844,48.0400314331
2020.06.12,49.0853268619,49.1637241472,48.4320172586,48.9024009705
2020.06.15,47.5959459595,48.4563777256,47.4730276142,48.3685798645
2020.06.16,49.4572903825,49.5977689668,48.8602555616,49.2992515564
2020.06.17,49.6680062667,49.7997064040,49.4397298245,49.5187492371
2020.06.18,49.2816893255,49.5011873141,49.2026699157,49.4309463501
2020.06.19,49.7733564721,49.7821382661,49.1763217497,49.1938819885
2020.06.22,49.2553519330,49.5363091169,49.1499938263,49.5275306702
2020.06.23,50.0104240729,50.0894434878,49.5977701058,49.6592292786
2020.06.24,49.1060905560,49.1587712793,48.4914955146,48.6231956482
2020.06.25,48.7285598990,49.1938946244,48.5968597487,49.1763343811
2020.06.26,49.0709759764,49.1060964628,48.5793025635,48.7022209167
2020.06.29,48.5617414943,48.7285587781,48.2983411999,48.7109985352
2020.06.30,48.2720029338,48.5441816774,48.1842050677,48.2193222046
2020.07.01,47.9910415623,48.2017611115,47.9120221500,48.1227416992
2020.07.02,48.5353957245,48.7461152740,48.4036989367,48.4388160706
2020.07.06,49.0446345820,49.2026734129,48.9129344398,49.0621948242
2020.07.07,48.7987947099,48.9743904224,48.6056354071,48.6231956482
2020.07.08,48.3773579909,48.5968559915,48.1929804742,48.5880775452
2020.07.09,48.5793006163,48.5880790629,47.9998226614,48.3510208130
2020.07.10,48.6231967925,49.0095120580,48.5705160680,48.9831733704
2020.07.13,49.1412072179,49.3519233961,48.6846510326,48.7285499573
2020.07.14,48.7812374255,49.1675527053,48.7197782525,49.1148719788
2020.07.15,49.9313952165,50.0806555715,49.7031188108,49.7382392883
2020.07.16,49.2904707082,49.3870503648,49.1587739167,49.2290115356
2020.07.17,49.2729048800,49.3431458402,49.0885273834,49.3080253601
2020.07.20,49.2377853772,49.3694821473,49.1236454970,49.3431434631
2020.07.21,49.3694877625,49.5538652712,49.3255888341,49.3694877625
2020.07.22,49.1499993750,49.3080382274,49.1148788857,49.2378005981
2020.07.23,49.2202289982,49.3958247055,48.9304900525,49.0709686279
2020.07.24,48.9743930084,49.2026728055,48.9041553895,49.0182952881
2020.07.27,49.9401891362,50.1509053543,49.9226288932,49.9928665161
2020.07.28,49.7206826139,49.8611611850,49.6767836884,49.6855621338
2020.07.29,49.4485095012,49.8084860896,49.3694900867,49.7119064331
2020.07.30,48.5792952594,49.0534083577,48.3158950001,48.9656105042
2020.07.31,48.0349360855,48.0963952506,47.5081422848,47.7013015747
2020.08.03,48.1929778971,48.6846545979,48.1227402823,48.6758728027
2020.08.04,48.8163474752,49.2202262878,48.7900087904,49.2202262878
2020.08.05,49.4572907239,49.5363067882,49.1324312740,49.1851119995
2020.08.06,49.0358463820,49.2202272269,48.9568269769,49.1499862671
2020.08.07,48.9919500737,49.1851093742,48.9041522185,49.1675491333
2020.08.10,49.2377886060,49.4221661058,49.1236487183,49.4046058655
2020.08.11,50.4845411964,50.4845411964,49.7733664538,49.8084869385
2020.08.12,50.8269515105,51.0552312844,50.7479321040,50.8620719910
2020.08.13,50.8357377015,50.9410958028,50.6776988750,50.8006172180
2020.08.14,50.6513533949,50.8708513781,50.6513533949,50.7918319702
2020.08.17,50.8181783294,51.0376763313,50.8093965338,51.0025558472
2020.08.18,51.1342474391,51.2659442087,50.9498666029,51.1781463623
2020.08.19,51.2571773196,51.3010762527,50.8884189134,50.9059791565
2020.08.20,50.5372182570,50.8006151743,50.5020977749,50.7215957642
2020.08.21,50.4230845126,50.6162438384,50.3440650928,50.5811233521
2020.08.24,51.1254718327,51.1693707612,50.9410943235,51.1430320740
2020.08.25,51.2132739858,51.2308308781,50.9147565776,51.0727920532
2020.08.26,51.0903504082,51.2922881550,51.0552332757,51.2132720947
2020.08.27,51.1166993025,51.1430379928,50.5635633615,50.7391624451
2020.08.28,50.9498666738,51.0201076304,50.7215902634,51.0113258362
2020.08.31,50.9586575018,51.1342565751,50.7830584284,50.9410972595
2020.09.01,50.9235384654,51.1079159905,50.8181803581,51.0815773010
2020.09.02,51.3800926623,51.6171509061,51.2308322794,51.5908088684
2020.09.03,51.3098434529,51.3186252471,50.5284312279,50.6864700317
2020.09.04,50.9235350002,51.1079125127,50.1860216007,50.9674339294
2020.09.08,50.3528345137,50.7479315416,50.2386979773,50.5459938049
2020.09.09,50.7040355231,50.8269538612,50.5635569439,50.7215957642
2020.09.10,51.1166907830,51.2132704304,50.7215937482,50.7479324341
2020.09.11,51.3976546588,51.5205730081,51.2922932028,51.4064331055
2020.09.14,51.8805389016,51.9858969865,51.7488387835,51.7751808167
2020.09.15,52.0473584939,52.0649187337,51.8542025544,52.0122413635
2020.09.16,52.1439440304,52.3722238247,52.1088235468,52.1966247559
2020.09.17,51.9507879315,52.2668656050,51.9068889989,52.2580871582
2020.09.18,52.2580801929,52.3458780464,51.9244423210,52.0298004150
2020.09.21,51.1430355443,51.4064324824,50.7391600159,51.2571754456
2020.09.22,51.1605922500,51.4327709651,50.9147555713,51.4152107239
2020.09.23,51.9771229530,52.0473605658,51.6434850816,51.7137260437
2020.09.24,51.3274099042,51.7137285156,51.1693710812,51.5117874146
2020.09.25,51.1869333489,51.5908088684,51.0640150038,51.5908088684
2020.09.28,52.1615001292,52.3107604980,52.0385817956,52.3107604980
2020.09.29,52.3810046790,52.4951445813,52.1702851169,52.2668647766
2020.09.30,51.6961664405,52.0473612075,51.6610459590,51.8629837036
2020.10.01,51.7488510637,51.9156716995,51.6786134402,51.8717727661
2020.10.02,51.2308345241,51.6522736534,51.1957173877,51.6171531677
2020.10.05,51.8542081487,52.0385856628,51.8366479070,52.0385856628
2020.10.06,52.1439441050,52.2317453141,51.7927493161,51.9244461060
2020.10.07,52.1439440304,52.1966247559,52.0649246169,52.1966247559
2020.10.08,52.3458844183,52.3810049037,52.1263864086,52.2141876221
2020.10.09,52.1527288098,52.2493051214,52.1351685670,52.2054061890
2020.10.12,52.2405243129,52.4600223143,52.1439446565,52.3458824158
2020.10.13,52.1790657043,52.2580851196,52.0649258046,52.1790657043
2020.10.14,52.2932076440,52.4512464808,52.2493053621,52.2580871582
2020.10.15,51.6083646304,51.8454228536,51.5381270175,51.8190841675
2020.10.16,51.6522668765,51.8366443781,51.5820259144,51.7137260437
2020.10.19,52.0122390197,52.0649163875,51.7049398605,51.7751808167
2020.10.20,51.6610515300,51.8981097816,51.6610515300,51.7839698792
2020.10.21,52.1615008217,52.3458783246,52.1351621354,52.1878395081
2020.10.22,52.0122469749,52.0912663880,51.7927489773,52.0385856628
2020.10.23,52.1000428148,52.1000428148,51.9068835127,52.0649223328
2020.10.26,51.6610442153,51.6786044554,51.4327677919,51.5644645691
2020.10.27,51.8102994958,51.8278597354,51.6873811682,51.7488403320
2020.10.28,51.4239883760,51.5117862315,51.0464515686,51.0464515686
2020.10.29,51.5469101400,51.6347113506,51.3361939330,51.4327735901
2020.10.30,51.0025505138,51.1430290863,50.8357332556,51.1342506409
2020.11.02,51.7049431732,51.7488420989,51.4942269899,51.6698226929
2020.11.03,52.4336849945,52.9429186293,52.4073429562,52.7585411072
2020.11.04,52.3985595117,53.0746137108,52.2932014162,52.6707382202
2020.11.05,53.8472545298,54.0140718151,53.6101962722,53.9701728821
2020.11.06,54.0930841977,54.2335627748,53.8823646575,54.0140647888
2020.11.09,56.5163419171,56.5865761793,55.5593272476,55.6032295227
2020.11.10,55.2344782571,55.8139528607,55.0939996668,55.3925170898
2020.11.11,55.6910338429,55.8578511202,55.5242165656,55.7261543274
2020.11.12,55.0237543124,55.2871545788,54.7866994315,54.8657188416
2020.11.13,54.9886388857,55.7612694200,54.9008376777,55.6471328735
2020.11.16,56.3758691626,56.4461101348,56.0773517293,56.4373283386
2020.11.17,56.0949084988,56.4285430482,56.0510095685,56.2178268433
2020.11.18,56.1036903500,56.3670839318,55.8315116232,55.8402900696
2020.11.19,55.9193097891,56.2353907972,55.8315119280,56.2090454102
2020.11.20,56.5251241176,56.9026609560,56.4548898465,56.8412017822
2020.11.23,57.2626346627,57.3592143108,56.8148569035,56.8763160706
2020.11.24,57.6050514264,57.8333312052,57.4470126100,57.7367515564
2020.11.25,57.0694820016,57.4909211238,56.8851044790,57.3241004944
2020.11.27,58.0528344050,58.2635506129,57.9913752320,58.1494140625
2020.11.30,57.3416522022,57.4118931660,56.5075625278,56.5339012146
2020.12.01,57.5699374859,57.8860151545,57.5172601073,57.6928558350
2020.12.02,57.4733607889,57.7279792961,57.3943447169,57.5962791443
2020.12.03,57.8069858203,57.9825882266,57.6665105939,57.7367515564
2020.12.04,57.8157750615,58.0001525879,57.7806545757,58.0001525879
2020.12.07,57.2450743741,57.4118949937,56.9641172086,57.1484947205
2020.12.08,57.0694809357,57.3504381124,56.9992399669,57.2801971436
2020.12.09,57.8421017617,57.8421017617,57.2450670245,57.6840629578
2020.12.10,57.4031066869,57.8684480099,57.3679862079,57.7806434631
2020.12.11,57.7543112392,57.9299136539,57.6840702733,57.9035682678
2020.12.14,58.4482967085,58.4923714078,58.0340187442,58.0957260132
2020.12.15,58.2367540102,58.5188146065,58.1750534650,58.5099983215
2020.12.16,58.3865986523,58.5188160311,58.2103132972,58.5011901855
2020.12.17,58.8890272413,58.9507277964,58.7568165696,58.8449592590
2020.12.18,58.9242733296,58.9242733296,58.5628863611,58.6774711609
2020.12.21,57.5227925313,58.1221721696,57.4875341144,58.0428390503
2020.12.22,57.9106203205,58.0869124011,57.7078928339,58.0163955688
2020.12.23,58.1045385112,58.3601569856,58.1045385112,58.2279396057
2020.12.24,58.0340214145,58.0869124011,57.9987697232,58.0163955688
2020.12.28,58.5805181651,58.6686608451,58.5188176167,58.6069602966
2020.12.29,59.5412885886,59.6206149792,59.2944796821,59.3385543823
2020.12.30,59.5677320746,59.7704595607,59.3473720182,59.3649978638
2020.12.31,59.6118027835,59.6646937724,59.3738168706,59.5501022339
2021.01.04,59.6029984930,59.6118080545,58.7391839968,58.8449592590
2021.01.05,59.0564888864,59.5589094930,59.0564888864,59.3914337158
2021.01.06,59.3297365693,60.2816935809,59.3032944397,60.0965919495
2021.01.07,59.8233432867,60.0965875716,59.7704523067,59.9731864929
2021.01.08,60.9427871760,61.1102629997,60.4227405811,61.0750045776
2021.01.11,60.2993324392,60.7664947090,60.2288156032,60.5020599365
2021.01.12,60.4403583186,60.8546363165,60.3698414839,60.8193778992
2021.01.13,60.8810740700,61.1278762489,60.8281898102,60.9956588745
2021.01.14,61.4452007784,61.8154040800,61.4187586461,61.6303024292
2021.01.15,60.6783431408,60.7929346764,60.2111808877,60.5725746155
2021.01.19,60.8458072772,60.9780246334,60.6078214160,60.9251403809
2021.01.20,60.8281923223,61.2777219989,60.7400496440,61.2336540222
2021.01.21,61.0485498592,61.0838082740,60.5813876313,60.9956588745
2021.01.22,60.7136029033,61.1278809030,60.6695349251,61.0309219360
2021.01.25,60.7576725305,61.2865352992,60.4227276794,61.2689094543
2021.01.26,61.1190580909,61.3482344178,61.1014322465,61.2777175903
2021.01.27,60.5284982081,60.5373144932,59.8321596283,59.9379348755
2021.01.28,59.8145268211,60.6166338298,59.7792684094,60.3257637024
2021.01.29,59.4443320448,59.6470595344,58.7215513156,59.0476799011
2021.02.01,59.5501041975,59.7175800055,59.3033019907,59.6646957397
2021.02.02,59.8586063706,60.2023675058,59.7263889975,60.1406669617
2021.02.03,60.4227226287,60.5813821185,60.3345732372,60.4932327271
2021.02.04,60.2200052762,60.5725827661,60.2023794279,60.5637664795
2021.02.05,61.0309176018,61.1014344318,60.8369996817,61.0397338867
2021.02.08,62.1679793640,62.2208636267,62.0093198510,62.1327209473
2021.02.09,62.3354606767,62.5822628910,62.2649438370,62.4676780701
2021.02.10,62.6086915656,62.6703921060,62.0886451152,62.3530731201
2021.02.11,62.5998851708,62.7056604244,62.3883413885,62.6792182922
2021.02.12,62.6527691615,63.0758566790,62.6527691615,63.0670471191
2021.02.16,63.4989495665,63.7104933207,63.3050316564,63.3402900696
2021.02.17,63.1199264991,63.3755449367,62.9260085998,63.2521438599
2021.02.18,62.2737576649,62.5470020021,62.0798397257,62.4941177368
2021.02.19,62.7409234215,62.9965419261,62.6792228669,62.8819503784
2021.02.22,62.5558160791,63.0670530418,62.5381835080,62.7321014404
2021.02.23,62.4853044514,62.7761813742,62.0093258662,62.5910797119
2021.02.24,61.5862263516,62.1944154886,61.4628252673,62.0710144043
2021.02.25,62.0181205674,62.1327053495,60.8193615979,61.0044631958
2021.02.26,60.5549387241,60.5725712939,59.9379332774,60.1318511963
2021.03.01,60.6695303385,61.1719509815,60.6695303385,61.1278762817
2021.03.02,60.6430911383,60.8017506503,60.4227310785,60.5284996033
2021.03.03,60.4491672079,60.6078267042,60.1582903439,60.1671066284
2021.03.04,59.9467508621,60.2464373071,59.2415960007,59.5941734314
2021.03.05,59.9731889938,60.1318484908,59.1534493801,60.0789642334
2021.03.08,59.5324777929,59.8321642625,59.3473761396,59.4090766907
2021.03.09,59.8321563753,60.2464343315,59.6911294449,60.0613327026
2021.03.10,60.1935427323,60.3874606222,59.9819990001,60.2728691101
2021.03.11,60.0701454440,60.2464307778,59.8674112577,59.9731864929
2021.03.12,60.3962809329,60.7664909363,60.3874713726,60.7664909363
2021.03.15,60.8105564449,61.1014333197,60.6518969427,61.0926170349
2021.03.16,61.3746793267,61.4892708577,61.2336523902,61.2953529358
2021.03.17,61.1895806682,61.7713344624,61.1455126905,61.6920013428
2021.03.18,61.8947211469,62.4059579879,61.8418368960,61.8594627380
2021.03.19,62.2649462883,62.3530889790,61.5333491779,62.3090209961
2021.03.22,61.7008231097,62.1239174271,61.6567484033,61.8947410583
2021.03.23,61.2160099062,61.3394109775,60.8281808500,60.9692077637
2021.03.24,60.2288110197,60.6695311237,60.1406683439,60.2993278503
2021.03.25,60.3874786767,61.0661847694,60.2728871303,60.9868583679
2021.03.26,61.1719648384,61.8066029996,61.1367064155,61.7977867126
2021.03.29,61.3570611329,61.5421627929,61.1014426335,61.4275779724
2021.03.30,60.8546338798,61.1631366132,60.7488586319,60.9780349731
2021.03.31,60.2288055154,60.7752940904,60.2199892311,60.3962745667
2021.04.01,60.5373254037,61.0309298632,60.4844411330,60.9427871704
2021.04.05,61.2600913401,61.7184372660,61.2336492112,61.6831855774
2021.04.06,60.7047952406,60.8634547619,60.5637615662,60.7488632202
2021.04.07,60.6607056685,60.9339499397,60.6607056685,60.9251403809
2021.04.08,61.0133005017,61.0221167880,60.8722668215,60.9868583679
2021.04.09,61.0926159985,61.4099349976,61.0926159985,61.4099349976
2021.04.12,61.1190646174,61.1895814524,60.8898949909,61.0309219360
2021.04.13,61.1014393566,61.4540168102,61.0485550922,61.4187583923
2021.04.14,61.1895771711,61.5245287515,61.1455091959,61.3041687012
2021.04.15,61.5862221792,61.6655485602,61.5068890733,61.5950317383
2021.04.16,61.6391042911,61.6655464172,61.5157032195,61.6655464172
2021.04.19,61.4892826311,61.5333506151,60.8634607699,61.0750045776
2021.04.20,59.9820106641,60.0701533426,59.5412905467,59.7528343201
2021.04.21,59.5853483434,60.2993193845,59.5589062169,60.2640609741
2021.04.22,60.7576822413,60.8017569478,60.2552615220,60.3698463440
2021.04.23,60.5813765266,61.0926066357,60.5461181182,60.9075050354
2021.04.26,60.7576778475,60.8546368148,60.5461340665,60.6783447266
2021.04.27,59.9291185903,60.0613359681,59.8321596283,59.9379348755
2021.04.28,59.8938506788,60.1054011396,59.7968917321,59.9202995300
2021.04.29,60.0525128757,60.1142134150,59.6206091004,59.9731864929
2021.04.30,59.6646893977,59.7616483579,59.2239692969,59.4266967773
2021.05.03,59.8586068877,60.1582933262,59.7528316433,60.1318511963
2021.05.04,59.6382560479,59.7792830040,59.0653184875,59.3738212585
2021.05.05,59.8233519597,60.2905142144,59.7704609720,60.0877799988
2021.05.06,60.0877797916,60.5813909009,59.9996371122,60.5725746155
2021.05.07,60.5284923042,60.9339539583,60.4227237921,60.8722534180
2021.05.10,61.2865423355,61.3306170400,60.7136048016,60.7488632202
2021.05.11,59.3385479276,59.8145263939,59.1710721548,59.7175674438
2021.05.12,58.6245873030,58.8273147752,57.4963449669,57.6726303101
2021.05.13,57.6285521829,58.2455642971,57.6285521829,58.1486053467
2021.05.14,58.7832432356,59.0829296458,58.7479848241,59.0653038025
2021.05.17,58.5452589187,58.6422178827,58.3689735612,58.5717010498
2021.05.18,59.5677331928,59.6911342888,59.2680400135,59.3121147156
2021.05.19,58.8449439759,59.2504056219,58.7039103295,59.0124130249
2021.05.20,59.3033000353,59.7440201684,59.2680416177,59.5501022339
2021.05.21,59.8850522473,59.9996370579,59.5589169365,59.8762359619
2021.05.24,60.0348917182,60.2111770658,59.9731911741,60.1406669617
2021.05.25,60.2023679928,60.2288101227,59.8409742850,59.9996337891
2021.05.26,60.1142186265,60.2464360007,60.0613343667,60.1318511963
2021.05.27,60.1847310487,60.3081321290,59.9996294282,60.1759147644
2021.05.28,60.5549300339,60.7047799565,60.4227194035,60.4491615295
2021.06.01,60.4315316004,60.4756062957,60.0348862420,60.0701446533
2021.06.02,60.6078204773,60.7664799573,60.5373036585,60.6254463196
2021.06.03,60.6166404392,60.7664903862,60.4403550867,60.6430892944
2021.06.04,61.1719513260,61.4540119215,61.0838086508,61.3041687012
2021.06.07,61.4980853303,61.5421600342,61.2512831280,61.5421600342
2021.06.08,61.4363809882,61.5157141054,61.1983950864,61.2424697876
2021.06.09,61.0661767875,61.0926189178,60.7752999036,60.8105583191
2021.06.10,61.0991468807,61.2412205270,60.9748358274,61.0725097656
2021.06.11,61.0813855066,61.1879407316,60.9481931689,61.1612968445
2021.06.14,61.0636251281,61.1524245394,60.9126769681,61.1435432434
2021.06.15,61.3744136864,61.4543250327,61.2412213349,61.4365692139
2021.06.16,61.4987118798,61.5875045041,61.0369793944,61.3388824463
2021.06.17,61.0636287036,61.1879465318,60.8682876009,61.1080284119
2021.06.18,59.8471510812,59.9536995343,59.6429219218,59.7139587402
2021.06.21,59.7761099120,60.3976650919,59.6606801713,60.3443908691
2021.06.22,60.3799097547,60.5930134217,60.2289616062,60.4154281616
2021.06.23,59.9892194294,60.0957746596,59.8027528572,59.9537010193
2021.06.24,60.3177477827,60.5042143182,60.2733480852,60.4775772095
2021.06.25,60.7528457642,60.7883641728,60.5752604956,60.7528457642
2021.06.28,60.6107857371,60.6107857371,60.4243191517,60.5042304993
2021.06.29,60.6995779324,60.7262150480,60.4687116394,60.5486297607
2021.06.30,59.9093029164,60.1046507678,59.7050737696,59.9714584351
2021.07.01,59.6873221919,59.9537001018,59.6340479648,59.9270629883
2021.07.02,60.1845665268,60.3088775733,60.0247370707,60.3000030518
2021.07.06,60.3443922680,60.3621548589,59.7761112977,60.0780143738
2021.07.07,60.0957711092,60.2289634455,59.8471490277,60.1046524048
2021.07.08,59.0746397604,59.3676615498,58.9414474221,59.1723136902
2021.07.09,60.3710268734,60.7706038598,60.3266339468,60.7617225647
2021.07.12,60.6640489867,60.9570707568,60.6285305805,60.9393081665
2021.07.13,60.9393100419,61.0103468565,60.5397398154,60.7439689636
2021.07.14,61.0902714420,61.2057011970,60.9393165015,61.0458717346
2021.07.15,60.2467220501,60.4420699159,60.1401735956,60.3000030518
2021.07.16,60.1135242224,60.1224055176,59.5718803801,59.6873168945
2021.07.19,59.2078291971,59.3232589382,58.4264445715,58.8348960876
2021.07.20,59.0746368106,59.6695548809,58.9947254763,59.5363693237
2021.07.21,59.4564561518,60.0069813402,59.4209377421,59.9625816345
2021.07.22,60.0780179225,60.1046550360,59.8471516476,59.9270629883
2021.07.23,60.1845662905,60.3088773366,60.0247368350,60.2644844055
2021.07.26,59.7849908271,60.0602500086,59.7317098302,60.0513687134
2021.07.27,59.7672246506,59.8648985687,59.3587731632,59.7228317261
2021.07.28,59.8826700864,60.1845664060,59.7583590402,60.0424995422
2021.07.29,60.2999965416,60.4154262796,60.1934413242,60.2467155457
2021.07.30,59.6251599766,59.8915378566,59.5186047599,59.5896415710
2021.08.02,60.4775866899,60.5841419159,60.0602538560,60.1668090820
2021.08.03,60.3710236453,60.6285269940,60.0780086670,60.6107711792
2021.08.04,60.2289672410,60.2911227653,59.9181896195,59.9892196655
2021.08.05,60.3266350530,60.4065463871,60.2555982398,60.3443908691
2021.08.06,60.2378447775,60.3088816015,60.0957779039,60.2200889587
2021.08.09,60.0957700519,60.2822366098,59.9980961253,60.1845626831
2021.08.10,60.0247410799,60.2200889587,59.9981039645,60.2200889587
2021.08.11,60.9215541243,60.9925909387,60.7706059745,60.9659538269
2021.08.12,60.6107744201,60.7617225647,60.3976639843,60.7617225647
2021.08.13,60.8327666587,60.9748335252,60.7706111345,60.9481964111
2021.08.16,60.3355092381,60.5308570862,60.1312868692,60.5308570862
2021.08.17,59.8027533278,60.0513754259,59.7317165071,60.0247383118
2021.08.18,59.9359437170,60.0957731712,59.6962029229,59.7139587402
2021.08.19,58.9769687188,59.2877463404,58.9325757868,59.1456794739
2021.08.20,58.8171350271,59.2344678494,58.7461049861,59.1900749207
2021.08.23,59.8205102860,60.0868881771,59.7849918790,59.9714584351
2021.08.24,60.3532823265,60.6729412655,60.3266452107,60.5042304993
2021.08.25,60.2378314048,60.4331792402,60.1756758912,60.3887863159
2021.08.26,60.1845628217,60.2555996366,59.9892149679,60.0780143738
2021.08.27,59.9537059410,60.5042311809,59.9181943024,60.4953498840
2021.08.30,60.4864649754,60.4953394963,60.3443913478,60.4154281616
2021.08.31,60.9126774381,60.9925955540,60.7262108670,60.7350921631
2021.09.01,61.6052704122,61.8894109212,61.5519961838,61.7207069397
2021.09.02,61.9959633697,62.2090670483,61.8716523260,62.0048446655
2021.09.03,63.0792591435,63.8606439138,63.0792591435,63.7629699707
2021.09.07,63.9227763206,64.5354568739,63.8339837065,64.4289016724
2021.09.08,64.5709888313,64.6420256472,64.1270188935,64.1536560059
2021.09.09,64.5443614243,64.8551390726,64.4733245977,64.7219467163
2021.09.10,65.3434938308,65.3967748313,64.5976275684,64.6509017944
2021.09.13,65.4678035837,65.5832333174,65.2369373418,65.5388336182
2021.09.14,65.5832409661,65.5832409661,65.1392710201,65.1747894287
2021.09.15,65.3701322610,65.8141021729,65.3257325600,65.8141021729
2021.09.16,65.3346135749,65.7164279685,65.2724580585,65.6631469727
2021.09.17,65.2280760217,65.3168686729,64.9616980683,65.2014389038
2021.09.20,64.1536529112,64.3933936852,63.8251127343,64.2602081299
2021.09.21,65.0948599039,65.0948599039,64.7219268405,64.8373565674
2021.09.22,64.2779752393,64.7041894146,64.1891825953,64.3667678833
2021.09.23,64.5088340503,64.8551300637,64.5088340503,64.7397003174
2021.09.24,64.3933900227,64.6153749683,64.3845155025,64.5177078247
2021.09.27,64.3223725220,64.5354762144,64.2690915180,64.4644393921
2021.09.28,63.5498619209,63.6120174464,62.9549437805,63.0703735352
2021.09.29,63.1414024790,63.3101132162,62.9371733353,63.0348472595
2021.09.30,62.6619099285,62.7507025515,62.2534584431,62.3777694702
2021.10.01,61.9515619277,62.2534650071,61.4454364714,62.0936355591
2021.10.04,61.0902647900,61.1701761253,59.9536960840,60.3710289001
2021.10.05,60.4509393495,60.9481834379,60.3887838384,60.7084426880
2021.10.06,59.4564522682,60.2378369069,59.1367933763,60.1845626831
2021.10.07,60.3532718285,60.8505159696,60.3266347173,60.5308570862
2021.10.08,60.5131071812,60.5575001127,60.1579298567,60.2556037903
2021.10.11,61.1346502904,61.2412054990,60.5219764709,60.5219764709
2021.10.12,60.2733611192,60.4065534660,60.0780200215,60.1312942505
2021.10.13,60.0513644617,60.1579196733,59.7672240051,60.0957641602
2021.10.14,60.7439653464,60.7794769771,60.5486175053,60.6640472412
2021.10.15,61.3033714294,61.4632008822,61.1879416814,61.3033714294
2021.10.18,60.7617278653,61.1169051815,60.6729352298,61.0014686584
2021.10.19,61.3211261869,61.5608737491,61.2500961448,61.3832817078
2021.10.20,61.2412060748,61.4631910139,61.2056876716,61.3211174011
2021.10.21,60.2822409041,60.6018998187,60.1579298567,60.2556037903
2021.10.22,60.7706083557,61.0103491457,60.6285347213,60.7528457642
2021.10.25,60.6285356372,60.9659571368,60.4775874792,60.7794837952
2021.10.26,61.1879452677,61.1968197896,60.7350939959,60.7883682251
2021.10.27,60.6374126430,60.8593976035,60.3088724625,60.3443908691
2021.10.28,60.6462977867,60.9393128047,60.6285351950,60.8238830566
2021.10.29,60.4154332485,60.7972476868,60.3799148386,60.7350921631
2021.11.01,61.6052661290,61.6851842405,61.4010437513,61.6496658325
2021.11.02,61.5075917247,61.7295766919,61.4898359081,61.5786285400
2021.11.03,61.5342425090,62.0936422502,61.3655317472,61.9515686035
2021.11.04,62.2001858201,62.4132894757,62.0847493103,62.3955268860
2021.11.05,62.3688857708,62.5109593817,62.2268189344,62.4754409790
2021.11.08,62.2623433057,62.3422546387,62.1735439032,62.3422546387
2021.11.09,62.0492425420,62.0936422502,61.7295836115,61.9515686035
2021.11.10,61.5431070787,61.6585435916,60.8860335053,60.9837074280
2021.11.11,61.4898305850,61.5253489896,61.2944827469,61.3388824463
2021.11.12,61.9338077373,62.2445853460,61.8627709198,62.2268295288
2021.11.15,62.2534677669,62.3067419938,62.1113941292,62.1735496521
2021.11.16,62.0847508888,62.1469064055,62.0137140770,62.0492324829
2021.11.17,61.6052624237,61.8006102685,61.5253510914,61.7917289734
2021.11.18,61.8006204348,61.9515686035,61.5431170311,61.9515686035
2021.11.19,62.0226009571,62.2268301159,61.9604454348,62.0758819580
2021.11.22,62.0314809680,62.2268288268,61.7207033629,61.7562217712
2021.11.23,61.6585398551,61.8805247978,61.4809478363,61.8272438049
2021.11.24,60.7794879510,61.0725097656,60.6729394908,61.0725097656
2021.11.26,60.0247246745,60.0780056652,59.2344588531,59.4564437866
2021.11.29,59.7761083607,59.9892120205,59.4031752625,59.6251602173
2021.11.30,58.9947305128,59.1900783794,58.0623908861,58.8970565796
2021.12.01,59.9004203532,60.0424939783,58.5329921967,58.5862731934
2021.12.02,58.9236806282,59.6340351172,58.8792809323,59.4653244019
2021.12.03,59.8826708838,60.0247377495,59.3587828038,59.8116340637
2021.12.06,59.6340452222,59.9359415278,59.5274899985,59.8471488953
2021.12.07,60.8061261068,61.2767331604,60.7706076986,61.2412147522
2021.12.08,61.0547553297,61.2501032106,60.9393187959,61.1701850891
2021.12.09,60.6906836716,60.8771502157,60.5574913474,60.6729278564
2021.12.10,60.6906857528,60.7972409707,60.5663747191,60.7617225647
2021.12.13,60.3640813332,60.4090647661,60.0672071480,60.1751632690
2021.12.14,60.0222408628,60.1841716403,59.8153266447,60.1032028198
2021.12.15,60.5620078122,61.1917348003,60.4180731564,61.1377601624
2021.12.16,61.4346393648,61.4976120687,61.1197758453,61.2097358704
2021.12.17,60.6879504938,60.8228939462,60.4450577702,60.4630470276
2021.12.20,59.7253719249,60.0222461872,59.6174157758,59.9502754211
2021.12.21,60.0942057941,60.3550877614,60.0312331013,60.3011131287
2021.12.22,59.9412803720,60.4180815734,59.8603184037,60.4000854492
2021.12.23,60.4000744556,60.8048979501,60.3640890773,60.6339759827
2021.12.27,60.3461033391,60.6159833967,60.3011198978,60.5799980164
2021.12.28,60.5800029577,60.8408918392,60.5710117595,60.6519737244
2021.12.29,60.3910811005,60.4090772228,60.2111610585,60.3640937805
2021.12.30,60.3640906120,60.4360613704,60.1121998211,60.1931686401
2021.12.31,60.1121947214,60.4900308757,60.1121947214,60.2381401062
2022.01.03,60.4270585141,60.4360565741,60.1211931104,60.3011131287
2022.01.04,60.9488585821,61.1647640560,60.9308693191,61.0928001404
2022.01.05,61.5066065601,61.6055646410,60.7959107353,60.8138999939
2022.01.06,60.3820899028,60.5710080059,60.2111610585,60.3640937805
2022.01.07,59.8423133179,60.0942109740,59.4914644476,59.9772567749
2022.01.10,59.7883486141,59.9322901558,59.3385415916,59.8333320618
2022.01.11,59.8153208433,60.4000711977,59.6354008251,60.3011131287
2022.01.12,60.9578379835,61.2097287699,60.8678779689,61.1647453308
2022.01.13,61.1647544624,61.1917417845,60.4450673743,60.5530166626
2022.01.14,60.3371146694,60.5440289230,60.1931799890,60.4810562134
2022.01.18,59.6444124064,59.8243324654,59.3835235164,59.5274581909
2022.01.19,59.1226240035,59.2485693949,58.7267917086,58.7897644043
2022.01.20,58.9696968478,59.4015076979,58.4928956916,58.5288810730
2022.01.21,58.9247060782,58.9876787720,58.2769830201,58.3039703369
2022.01.24,58.0071092980,58.0970693184,56.9905411632,58.0520858765
2022.01.25,57.6292644184,58.2769875266,57.2064482176,57.8451766968
2022.01.26,58.1060626523,58.1060626523,56.8735959140,57.0445213318
2022.01.27,56.4507721268,56.7836283084,56.0189578674,56.2348632812
2022.01.28,55.8840136229,56.4597659607,55.5781447644,56.4507713318
2022.01.31,56.7116670105,57.6472663879,56.7026689488,57.6472663879
2022.02.01,57.5483053432,57.6652526855,57.0895003080,57.6652526855
2022.02.02,58.6368388390,58.7178008018,58.2859899398,58.5468788147
2022.02.03,57.7822035991,57.9981090125,57.2694205209,57.3233985901
2022.02.04,57.4493432557,57.9981082748,57.3683778688,57.7732048035
2022.02.07,57.9081507382,58.1600415386,57.7732072769,57.8091926575
2022.02.08,57.8451766957,58.2050167660,57.7642078754,58.1420440674
2022.02.09,58.7447939425,58.9517013084,58.6548270563,58.9427032471
2022.02.10,57.9261417711,58.7088083795,57.9171437098,58.0071105957
2022.02.11,58.0341008993,58.2230190152,57.4493504283,57.5393104553
2022.02.14,57.6112812224,57.7102393112,57.2604323124,57.5393104553
2022.02.15,57.8361773024,58.2410008039,57.8361773024,58.1780281067
2022.02.16,57.8271838381,58.3129761967,57.8181857768,58.1870307922
2022.02.17,57.7462224921,57.8001971336,57.2694247581,57.3323974609
2022.02.18,57.3773754861,57.4853316288,57.0535139215,57.2424354553
2022.02.22,56.8915903356,57.2244465516,56.5947160712,56.7836341858
2022.02.23,57.0355165394,57.0804965432,56.0999173597,56.1988754272
2022.02.24,55.0473725129,55.8930117630,54.7325090251,55.8750190735
2022.02.25,56.4507693503,57.1884524362,56.3518112773,57.1704597473
2022.02.28,56.5767240878,57.0355291510,56.4507786765,56.6217041016
2022.03.01,56.5317428369,56.6486936156,55.6501215453,55.8480377197
2022.03.02,55.7850549389,56.0999218545,55.6771022346,56.0369491577
2022.03.03,56.0459442529,56.0819296318,55.4701919166,55.7580680847
2022.03.04,54.8224708193,55.1733231293,54.7415054296,55.0383796692
2022.03.07,54.0128219031,54.0308145938,52.9962571878,53.1042098999
2022.03.08,52.5644458872,53.1132109720,52.1146388907,52.3395423889
2022.03.09,53.4550597978,53.8328994451,53.1761816668,53.7519340515
2022.03.10,53.6529801746,53.8688890517,53.3111258825,53.5270347595
2022.03.11,53.6169911680,53.6619746118,52.6004298541,52.6634025574
2022.03.14,52.9962595142,53.2481503309,52.6004305978,52.7353706360
2022.03.15,53.0142486025,53.7339390524,52.9332832124,53.5989990234
2022.03.16,54.3906594797,54.8674572146,53.7519343885,54.7954864502
2022.03.17,54.9124367802,55.3352530066,54.8134786958,55.3082656860
2022.03.18,55.4072250801,56.0999282555,55.3442523761,56.0189628601
2022.03.21,56.1089216473,56.3158324460,55.8030527640,56.0009689331
2022.03.22,55.9199994668,56.2888410258,55.9020067772,56.1718902588
2022.03.23,56.1538985295,56.3068346785,55.7940550251,55.8390350342
2022.03.24,56.2258678603,56.4867567108,56.1359078445,56.4507713318
2022.03.25,56.2798493066,56.5227454822,56.1089204618,56.4417800903
2022.03.28,55.4432052856,55.6141306902,55.3622398979,55.5961380005
2022.03.29,56.6576906104,56.8825941156,56.2978470612,56.6936759949
2022.03.30,56.2618567790,56.5407349048,55.8480351892,56.0999259949
2022.03.31,55.9020071284,56.1269106031,55.3712347907,55.4252128601
2022.04.01,55.4791912526,55.7490781860,55.3622439087,55.7130928040
2022.04.04,55.7760685338,56.2168809080,55.7220904578,56.1629028320
2022.04.05,55.2992725405,55.3532471831,54.5795786099,54.6965293884
2022.04.06,53.9318505330,54.1207686163,53.6169836291,53.8778724670
2022.04.07,53.5180356133,53.9408518379,53.3650994567,53.6889610291
2022.04.08,53.3471071467,53.6799633510,53.3111217646,53.4640579224
2022.04.11,52.8163366327,52.9512801042,52.5284604299,52.6274185181
2022.04.12,52.4115095879,52.4744857245,51.8357571829,51.9347152710
2022.04.13,52.2495783976,52.7443653699,52.2225876463,52.6813926697
2022.04.14,53.0052565993,53.1491981375,52.5104695729,52.5374603271
2022.04.18,51.9886955023,52.2046009473,51.7727866256,51.9077301025
2022.04.19,51.4129321622,51.9526990917,51.3859414134,51.9167137146
2022.04.20,52.4924716173,52.5824350696,52.2225881237,52.4025115967
2022.04.21,52.8343278954,52.9692713632,51.9347139280,51.9706993103
2022.04.22,51.9077249490,51.9886903407,51.1430510420,51.1970291138
2022.04.25,51.1700433896,51.5388849787,50.9451398979,51.5118942261
2022.04.26,51.2060220572,51.2240147472,50.4053662272,50.4233589172
2022.04.27,50.7472260823,51.0620896125,50.5763006561,50.6212806702
2022.04.28,51.1430475198,51.6558271550,50.7472186495,51.5478744507
2022.04.29,51.7277993475,52.1236282288,50.8641708255,50.9361381531
2022.05.02,50.7832042032,50.9811169231,50.4143626497,50.9181442261
2022.05.03,51.1160681613,51.4849097710,50.9631354257,51.3229789734
2022.05.04,51.3229819541,52.3575395063,50.7562241297,52.2315940857
2022.05.05,51.6468367445,51.6918167556,50.4773392955,50.8012008667
2022.05.06,50.9451327268,51.2330088811,50.6482585123,50.9991073608
2022.05.09,50.0185321148,50.0905028749,49.4697705113,49.5597305298
2022.05.10,50.0905074820,50.1714728788,49.3618189111,49.6317024231
2022.05.11,49.3888007867,49.9555550305,49.0649392579,49.0919265747
2022.05.12,49.5597320874,49.9645590467,49.2988432212,49.6406974792
2022.05.13,50.3423943890,50.6932432705,50.3064090084,50.6662559509
2022.05.16,50.3783772447,50.6032807145,50.2344391613,50.3963699341
2022.05.17,50.5942876059,50.8011983926,50.4773368372,50.7652130127
2022.05.18,50.8191931852,50.9181478364,50.1714700477,50.2794227600
2022.05.19,50.4683426758,50.9811223675,50.4683426758,50.7112388611
2022.05.20,51.5028934636,51.5208861526,50.8011957512,51.3589553833
2022.05.23,51.6468337222,52.0066806539,51.6288410324,51.8537445068
2022.05.24,51.6198522462,51.7907776706,51.4309306981,51.6558341980
2022.05.25,51.3679539907,51.9077244073,51.3679539907,51.7637863159
2022.05.26,51.7727848931,52.3035572892,51.7727848931,52.1686172485
2022.05.27,52.2495766289,52.5194601108,52.2135912495,52.4834747314
2022.05.31,52.0066819990,52.1326273989,51.7278004481,51.8177604675
2022.06.01,52.5014710417,52.5644437441,51.6918171083,51.8447532654
2022.06.02,51.9617013939,52.3845210579,51.7188086420,52.3755264282
2022.06.03,51.4849072917,51.5568780568,51.2240184158,51.2869911194
2022.06.06,51.9347176227,52.0156830228,51.4579232842,51.5658760071
2022.06.07,51.1250625756,51.7367969062,51.1250625756,51.7278022766
2022.06.08,51.1700399105,51.3859453260,50.9991110721,51.0530891418
2022.06.09,51.3219632907,51.4582176766,50.6679477824,50.6861152649
2022.06.10,50.2228533952,50.2864378472,49.6960068326,49.7686767578
2022.06.13,48.9239127178,49.0783311264,48.2608151782,48.3788986206
2022.06.14,48.4152305707,48.5787344431,47.6885486181,48.0518913269
2022.06.15,48.0882248485,48.8149102968,47.6703831413,48.5878219604
2022.06.16,47.7067219791,48.1336491949,47.4614661402,47.8157234192
2022.06.17,47.3433745619,47.5522954119,46.9891173179,47.2888755798
2022.06.21,47.6249700098,47.9156428265,47.6249700098,47.7793884277
2022.06.22,47.3433778501,47.8702244811,47.3342958408,47.5432167053
2022.06.23,47.7884682204,47.9792215839,47.4977954382,47.8338851929
2022.06.24,48.1608953381,48.8149108631,48.1608953381,48.7785758972
2022.06.27,48.5060759421,48.5969099017,48.2971515979,48.3516540527
2022.06.28,48.9784131309,49.1055855162,48.2426491026,48.2789840698
2022.06.29,48.1608897183,48.2335561764,47.9156339250,48.0609703064
2022.06.30,47.5159600296,48.0337211079,47.3342886856,47.9883041382
2022.07.01,47.5432183985,48.2154014575,47.4978014202,48.1881484985
2022.07.05,47.4160480847,47.9065597514,47.2888791634,47.8793067932
2022.07.06,47.8974696748,47.9428866474,47.5977148840,47.8702201843
2022.07.07,48.2608141759,48.5969039432,48.2608141759,48.5514869690
2022.07.08,48.5787389617,48.9057467370,48.4879050086,48.7967453003
2022.07.11,48.4515663810,48.5060688278,48.0791416572,48.1336441040
2022.07.12,47.9973950882,48.4061548222,47.9973950882,48.1518135071
2022.07.13,47.4705451925,48.0246412979,47.4160462084,47.8974723816
2022.07.14,47.0527041912,47.4887133959,46.8347013213,47.4251289368
2022.07.15,47.6612971349,47.9338024226,47.5159607505,47.9247169495
2022.07.18,48.2880654707,48.4515693561,47.9610577000,48.0155601501
2022.07.19,48.4515680838,48.7422408801,48.4424860749,48.7059059143
2022.07.20,48.9693317056,49.1237535856,48.7785783231,48.9148292542
2022.07.21,48.9693307230,49.5506763336,48.9693307230,49.5325088501
2022.07.22,49.9594369367,50.1774432771,49.4961782280,49.6869316101
2022.07.25,49.6687591781,49.7505111144,49.5052553054,49.6778411865
2022.07.26,49.4507538518,49.5325057897,49.1146640911,49.1328315735
2022.07.27,49.5779256453,50.1865207037,49.4780062261,50.1229362488
2022.07.28,50.3500287630,50.6134520781,50.0139389784,50.5317001343
2022.07.29,50.3863630046,51.0312930716,50.2773581044,51.0040435791
2022.08.01,51.4854684617,51.8306437070,51.3855490382,51.6580543518
2022.08.02,51.2220430758,51.3310445038,50.6679469971,50.6770324707
2022.08.03,50.5044468513,50.6952036957,50.2046920359,50.5680313110
2022.08.04,50.3591050838,50.6316138426,50.3136881124,50.5498619080
2022.08.05,50.1138478352,50.3409361508,49.9594294438,50.2410202026
2022.08.08,50.5771156872,50.7951185546,50.1956054717,50.2228584290
2022.08.09,49.9231019931,49.9776044445,49.6687641502,49.7232666016
2022.08.10,50.9404550709,51.3037943143,50.8859526251,51.1493759155
2022.08.11,51.3946336273,51.5763015232,51.0585403967,51.1312103271
2022.08.12,51.5490526735,51.8033905029,51.4127982848,51.8033905029
2022.08.15,51.8578954290,52.0668162939,51.8306459360,52.0123138428
2022.08.16,51.4309660893,51.8033908270,51.4218840804,51.7670593262
2022.08.17,51.5036343516,51.8760590771,51.3037955107,51.6035537720
2022.08.18,51.5490515413,51.5763010324,51.2674607613,51.4218826294
2022.08.19,50.6497835803,50.7224535149,50.4136132232,50.5317001343
2022.08.22,50.3046078746,50.3318573653,49.9230976780,50.0139350891
2022.08.23,49.9412656753,50.6497801639,49.9049307104,50.1320190430
2022.08.24,50.0139374952,50.2955248205,49.9594350459,50.1138534546
2022.08.25,50.2955230547,50.6861152649,50.1774396163,50.6861152649
2022.08.26,50.4862818225,50.5771157732,49.4507560730,49.4507560730
2022.08.29,48.9602459047,49.1419137987,48.8603264839,48.9511604309
2022.08.30,49.4961690296,49.5597534785,48.8239861147,48.8966560364
2022.08.31,49.0147434694,49.1509978511,48.6786537170,48.6786537170
2022.09.01,48.1063911211,48.1972285324,47.7703013621,48.0973091125
2022.09.02,48.0700587491,48.2971470920,47.4977986200,47.5704650879
2022.09.06,47.1617008595,47.1889538143,46.7075242173,46.8256111145
2022.09.07,46.1715956278,46.7983580994,46.1443426751,46.7529411316
2022.09.08,46.8982860533,47.3433772697,46.8256161195,47.3161277771
2022.09.09,47.8883917867,48.2244815705,47.8702243031,48.2063140869
2022.09.12,48.2517291671,48.5151524712,48.1972301835,48.2244796753
2022.09.13,47.3524609685,47.5250468570,46.6166935097,46.6348609924
2022.09.14,47.4160464166,47.5522973425,47.0890386503,47.3070449829
2022.09.15,47.0436248097,47.3433796387,46.8710354409,46.9346199036
2022.09.16,46.8347042637,47.0254576530,46.7347848316,46.8982887268
2022.09.19,46.5258607048,47.1344557993,46.5258607048,47.0527038574
2022.09.20,46.6166934577,46.7075274063,46.3805231123,46.5621910095
2022.09.21,46.3896069294,46.8165341277,45.9354302385,46.0262641907
2022.09.22,46.6439404758,46.7075249295,46.1897638267,46.3896026611
2022.09.23,45.6447519212,45.7355858624,45.1724078039,45.4539985657
2022.09.26,44.8635752404,45.1179130913,44.5274854424,44.7182388306
2022.09.27,44.7364021513,44.8544890561,44.1641385749,44.3458099365
2022.09.28,44.4729814754,45.2905009186,44.4003150055,45.1814994812
2022.09.29,44.7818221810,44.8817416099,44.3821479301,44.7454872131
2022.09.30,44.3821437927,44.7909034800,44.2458894086,44.3730583191
2022.10.03,44.7909061185,45.3268347477,44.6637337355,45.1724128723
2022.10.04,46.0262643182,46.6439448968,45.9626798585,46.6166954041
2022.10.05,45.9717641480,46.3441888874,45.7719252998,46.1261825562
2022.10.06,45.9899304734,46.1261813950,45.7083396912,45.7083396912
2022.10.07,45.6629245761,45.7174270260,45.0997464538,45.2450828552
2022.10.10,45.1451598338,45.1814947975,44.7999846086,45.0634078979
2022.10.11,44.7818147766,45.1179045107,44.5183915011,44.6001434326
2022.10.12,44.3094752688,44.4820646228,44.2277233288,44.2731437683
2022.10.13,43.3193681374,44.7818175219,43.2739511649,44.6637306213
2022.10.14,44.7545739844,44.8817429104,43.9643074693,44.0188064575
2022.10.17,44.3458107979,44.5910666212,44.3094758319,44.4638977051
2022.10.18,44.7636516164,44.7636516164,44.1096395660,44.3094749451
2022.10.19,44.1187201680,44.3094735323,43.8371293934,44.0369682312
2022.10.20,44.1913900690,44.5728967972,43.9279667765,44.0006332397
2022.10.21,43.4102093258,44.9544107814,43.3012044242,44.7727394104
2022.10.24,44.3003919360,44.5365622751,44.1096385700,44.4820632935
2022.10.25,44.9634915424,45.5539226153,44.9634915424,45.4994201660
2022.10.26,45.5266702673,46.0716843724,45.5175882582,45.7628440857
2022.10.27,45.5811706723,45.8173410150,45.1814964520,45.1905784607
2022.10.28,45.1269978524,45.6720085144,45.1269978524,45.6720085144
2022.10.31,45.2995758945,45.4630797577,45.2359914438,45.4085807800
2022.11.01,46.1897666710,46.1988521450,45.5720861130,45.7537574768
2022.11.02,46.0807610760,46.6439391344,45.3994961219,45.4539985657
2022.11.03,45.2178269249,45.5266671907,45.1179075058,45.3268318176
2022.11.04,45.8536818560,46.2806090874,45.6720104725,46.2079391479
2022.11.07,46.5167762294,46.5894461638,46.2896878821,46.4713592529
2022.11.08,46.9527787958,47.4069554261,46.8891943448,47.1435356140
2022.11.09,46.6257756404,46.9436979032,46.2715149497,46.3441848755
2022.11.10,48.1154788924,48.9602477998,47.9701424925,48.9329948425
2022.11.11,49.5325053924,49.9594325613,49.3417520270,49.9049301147
2022.11.14,49.1873356440,49.5234254157,49.0783307463,49.2236671448
2022.11.15,49.9594341381,49.9957691036,49.3962560326,49.5506744385
2022.11.16,49.5052549981,49.5960889423,49.2327497003,49.3780860901
2022.11.17,48.8784905063,49.3326671395,48.8784905063,49.2872467041
2022.11.18,49.4780096062,49.4870916154,49.1782513283,49.2690887451
2022.11.21,48.9329921087,49.0783285004,48.7694882347,48.8694076538
2022.11.22,49.4870895450,49.9140167236,49.4598400537,49.9140167236
2022.11.23,50.0684371618,50.6407007595,50.0139381769,50.4862823486
2022.11.25,50.7133755899,50.9132109958,50.6770406197,50.8314590454
2022.11.28,50.6588709095,50.8677917814,50.3863655752,50.4408645630
2022.11.29,50.1411045167,50.4317773052,50.1047695519,50.1320190430
2022.11.30,50.0230177479,50.8859541069,49.7141774762,50.6861152649
2022.12.01,51.0948764196,51.1857103694,50.6679492322,51.0312919617
2022.12.02,50.2955239111,50.9949564049,50.2864419023,50.8042030334
2022.12.05,50.1501803874,50.3863541648,49.5870023619,49.7414207458
2022.12.06,49.8686040517,50.0230224696,49.3690068996,49.5870132446
2022.12.07,49.7777587371,49.9230951223,49.6142548705,49.7323417664
2022.12.08,49.8140989439,50.0956897360,49.6687625433,50.0411872864
2022.12.09,50.2864398271,50.5771126093,50.1865204085,50.1956024170
2022.12.12,50.1138496959,50.2319365946,49.9321818087,50.1865196228
2022.12.13,51.5466563895,51.5466563895,50.7910289899,50.9093780518
2022.12.14,51.1278731178,51.4009914043,50.4997007116,50.8638572693
2022.12.15,50.2265787805,50.3176205243,49.4254322725,49.6257171631
2022.12.16,49.3708094306,49.7531778257,49.2797711556,49.6621360779
2022.12.19,49.5984081760,49.7167607108,49.2433540446,49.3434982300
2022.12.20,50.0900213938,50.5725304809,49.9352521657,50.0445022583
2022.12.21,50.0536040754,50.2994115713,49.9170466707,49.9716682434
2022.12.22,49.9898795166,50.0080878662,49.4345370088,49.8260078430
2022.12.23,49.6894450353,49.9352490460,49.5619866019,49.8624191284
2022.12.27,49.6894517104,49.8533199152,49.5255800326,49.6348266602
2022.12.28,49.7258654387,49.8533204176,49.0430679321,49.0430679321
2022.12.29,49.7258615423,50.0900215731,49.6985507555,49.9534606934
2022.12.30,49.6894472697,49.8351105843,49.4982613475,49.5619888306
2023.01.03,50.1173320308,50.3540370911,49.6803420804,49.7986946106
2023.01.04,49.7804859601,49.8351110059,49.1796243479,49.3070793152
2023.01.05,48.6242820383,48.8882978846,48.4968270706,48.6424903870
2023.01.06,49.0339584123,49.9170441713,48.7699425811,49.8624191284
2023.01.09,50.0718124239,50.4177641003,49.9443574570,49.9716682434
2023.01.10,49.7986880653,49.9079346703,49.5346722530,49.8533096313
2023.01.11,50.2174742952,50.2812017768,50.0262918504,50.2538909912
2023.01.12,51.0459362692,51.4647178650,50.5088021448,51.4647178650
2023.01.13,51.3190522731,51.7014206279,51.2826390507,51.6832122803
2023.01.17,51.9927475709,52.2112407983,51.9472284380,52.1748275757
2023.01.18,52.7847948304,52.8758365748,52.0837890266,52.1019973755
2023.01.19,52.0655782326,52.2021391063,51.8926041357,52.0746841431
2023.01.20,52.0018537578,52.6664428711,51.9108154854,52.6664428711
2023.01.23,52.2294558151,52.6300325712,52.1384175375,52.5207824707
2023.01.24,52.6300241266,53.0123889984,52.4206333435,52.8758316040
2023.01.25,53.1216402981,53.5495278120,53.0488103759,53.5131111145
2023.01.26,53.4857978287,53.5404228725,53.0305995493,53.4038619995
2023.01.27,53.3492416574,53.6314658657,53.2764117322,53.5495300293
2023.01.30,53.3310363666,53.5859463122,53.2308921814,53.2308921814
2023.01.31,53.1034361671,53.4311760309,52.9213561497,53.4129676819
2023.02.01,53.1034354713,53.7498162253,52.7483778792,53.5950469971
2023.02.02,53.7133978236,53.7225002612,53.1853661441,53.4675903320
2023.02.03,52.9395675222,53.2491025276,52.6664457441,52.8576316833
2023.02.06,52.3204966792,52.4297433050,52.0291700285,52.3751182556
2023.02.07,52.3842156943,53.1580513339,52.2294464827,53.1398429871
2023.02.08,52.7483800316,52.8212134297,52.4661592960,52.5571975708
2023.02.09,53.3128260180,53.3310343667,52.5389868261,52.6118202209
2023.02.10,53.0123947025,53.0852280990,52.7392764114,52.9122505188
2023.02.13,52.3751139531,52.8849372864,52.3387007294,52.8849372864
2023.02.14,52.3387013690,52.9122487189,52.2294512780,52.6209220886
2023.02.15,51.8743982239,52.1111032864,51.8015683012,52.1019973755
2023.02.16,51.7196329380,52.1930395945,51.6741103290,51.9290237427
2023.02.17,51.7378420834,51.9836461170,51.5739704124,51.9108161926
2023.02.21,51.4829274852,51.6467991525,51.2462258952,51.2735366821
2023.02.22,51.1733912205,51.1915995689,50.7728179732,50.8911705017
2023.02.23,51.0641475635,51.4100992584,50.8729651030,51.4009933472
2023.02.24,50.5816355991,50.8092347457,50.4723855082,50.6362571716
2023.02.27,51.1642897349,51.2371196572,51.0095205066,51.1187705994
2023.02.28,50.8638543064,51.1278701396,50.7910243883,50.9275817871
2023.03.01,51.0277336496,51.2098136817,50.8820703185,51.0095252991
2023.03.02,50.7637115972,51.1369740548,50.7455067218,51.0641441345
2023.03.03,51.7469409293,52.3295941756,51.6285884033,52.2385559082
2023.03.06,52.2476583458,52.4115300054,52.1384117303,52.2385559082
2023.03.07,52.4388429487,52.5116763440,51.7378406205,51.7742538452
2023.03.08,52.3022867333,52.5571966766,52.1930401108,52.4115333557
2023.03.09,52.8576336117,52.9486718924,52.2203552276,52.3204994202
2023.03.10,52.1930388722,52.3387021896,51.6285904783,51.6923179626
2023.03.13,51.4283056327,51.7287347058,51.1916005711,51.2007064819
2023.03.14,50.7546021416,51.1005537654,50.6908746679,51.0550346375
2023.03.15,50.0991172187,50.1901589505,49.6712332343,50.0171813965
2023.03.16,50.4177647501,51.0459371547,50.3813480526,51.0368347168
2023.03.17,51.0186255950,51.1096638646,50.7181930542,50.7181930542
2023.03.20,51.2826456963,51.6012831392,51.2371230848,51.4556198120
2023.03.21,51.6559047873,51.7924621940,51.4829272101,51.7742538452
2023.03.22,51.7560445967,52.3569062054,51.5921729331,51.6285896301
2023.03.23,52.0837888788,52.3387022894,51.6650072744,51.8561897278
2023.03.24,51.8835046547,52.0200620633,51.6741103770,52.0109596252
2023.03.27,52.0837866861,52.2931774795,52.0291651149,52.2385559082
2023.03.28,52.3204909930,52.3842184739,52.2385551644,52.3386993408
2023.03.29,52.5116716071,52.6300241272,52.4479441284,52.5389823914
2023.03.30,52.7665816918,52.8940366495,52.7210625602,52.7847900391
2023.03.31,52.9850828425,53.4493835807,52.9486661450,53.4311752319
2023.04.03,53.4311677856,53.6860811598,53.3310270908,53.6769752502
2023.04.04,53.5495287080,53.7953362112,53.5040095718,53.6587753296
2023.04.05,52.9941890995,53.1762691273,52.7119683557,52.8576316833
2023.04.06,52.6482399354,52.7574865610,52.5025731375,52.6300315857
2023.04.10,52.1202091874,52.5207824707,52.1202091874,52.5207824707
2023.04.11,52.6937599182,52.7756957569,52.5480965908,52.6937599182
2023.04.12,53.1216435035,53.1580602032,52.7665893632,52.8667335510
2023.04.13,53.2946214898,53.6769864213,53.2946214898,53.6041564941
2023.04.14,53.4402801910,53.6587734264,53.0123926851,53.2035751343
2023.04.17,53.2126855196,53.3765571964,53.1216437698,53.3583488464
2023.04.18,53.7316002889,53.7953277642,53.5222095167,53.6769752502
2023.04.19,53.1944708733,53.3310317454,53.1398458299,53.2490959167
2023.04.20,53.2308871086,53.5495245102,53.2308871086,53.4220695496
2023.04.21,53.6041507943,53.7407081955,53.3674457422,53.7224998474
2023.04.24,53.4857996309,53.7133987782,53.4675912823,53.6951904297
2023.04.25,53.6678777813,53.7042944772,53.2946153315,53.3219261169
2023.04.26,53.4311739994,53.4493823477,53.0761198891,53.1307449341
2023.04.27,53.6223620686,54.0320377675,53.5495286724,53.9956245422
2023.04.28,53.2855057860,53.5859382966,53.1398424856,53.5677299500
2023.05.01,53.4858008979,53.6223617787,53.3674483660,53.5040092468
2023.05.02,52.9486681102,53.0943314328,52.7210689516,53.0579147339
2023.05.03,53.4129619884,53.7133945060,53.3219237258,53.3765487671
2023.05.04,53.3219267917,53.6678784605,53.3219267917,53.4766960144
2023.05.05,53.7680273440,54.2778472448,53.7225047332,54.1959114075
2023.05.08,54.0866628629,54.1503903482,53.9865186794,54.0775604248
2023.05.09,54.4781296513,54.7148312261,54.4326105184,54.6602096558
2023.05.10,54.5691652985,54.5691652985,54.1776945232,54.3870887756
2023.05.11,54.4963395389,54.5600670213,54.2596344846,54.5418586731
2023.05.12,54.9970524879,55.0607799651,54.5964792777,54.8058700562
2023.05.15,54.8331848667,55.1791365349,54.8331848667,55.1336174011
2023.05.16,55.1973458597,55.2792816912,54.9970574999,55.0243682861
2023.05.17,55.2883821704,55.4613562650,55.1700296462,55.3976287842
2023.05.18,55.5159810799,55.5432918650,55.1700294193,55.4067344666
2023.05.19,55.2246501536,55.5159767484,55.2246501536,55.4977684021
2023.05.22,55.6525454079,55.8528302993,55.6161287102,55.7435836792
2023.05.23,54.9060229918,55.1882437295,54.8513979428,54.9424362183
2023.05.24,54.5509656357,54.5600715471,54.3233664731,54.3597831726
2023.05.25,54.7148382916,54.7148382916,54.4417199861,54.6693191528
2023.05.26,54.6420038540,54.9970579691,54.5964847190,54.8513946533
2023.05.30,54.6875241602,54.7057325092,54.3597808245,54.4963417053
2023.05.31,53.9500967560,54.0866576244,53.6496677075,54.0229301453
2023.06.01,54.9060221975,55.3976337400,54.8604995876,55.3794288635
2023.06.02,56.4445877075,56.5265235383,56.2442993495,56.4445877075
2023.06.05,56.6175594694,56.6721845119,56.2169862428,56.2442970276
2023.06.06,56.9362048927,57.4278198962,56.8997881947,57.3914031982
2023.06.07,56.2098246019,56.5214904375,55.8981587663,55.9164924622
2023.06.08,55.8706560882,56.4664854257,55.7606574176,56.3931541443
2023.06.09,57.0989867404,57.1631529242,56.8789858983,57.0348205566
2023.06.12,57.2639901645,57.4198213360,57.1906553802,57.3923225403
2023.06.13,58.3731465113,58.5106474693,58.1164817863,58.2173118591
2023.06.14,58.5198140568,58.7673136894,58.0798158755,58.4831466675
2023.06.15,57.8781519367,58.4831499065,57.8414845453,58.4006500244
2023.06.16,58.4556467756,58.4556467756,57.8048163633,57.8414802551
2023.06.20,57.1906571653,57.2914907485,56.9431575057,57.0439910889
2023.06.21,57.5756582936,57.8781555490,57.4656561128,57.7223243713
2023.06.22,57.2914837327,57.4656485844,57.2089838563,57.2456512451
2023.06.23,55.8706593957,55.9439906815,55.6964910355,55.8339920044
2023.06.26,55.8523257000,55.9623243771,55.7606607186,55.8339920044
2023.06.27,55.8889877254,56.0906513645,55.7148193819,56.0448188782
2023.06.28,56.5306508964,56.8056528145,56.4206522272,56.6681518555
2023.06.29,56.3289822161,56.4848133588,56.2648160401,56.3839797974
2023.06.30,56.5214885645,56.8606531842,56.4756560748,56.7414894104
2023.07.03,56.9981531074,57.2089853534,56.9064881297,56.9156532288
2023.07.05,56.5398270660,56.5489921660,56.3748272917,56.4481620789
2023.07.06,55.7606590443,55.7973229377,55.3756584409,55.7056579590
2023.07.07,55.9806566806,56.7598194937,55.9806566806,56.5031547546
2023.07.10,56.1456520694,56.4481527712,56.1456520694,56.4206504822
2023.07.11,56.3748197398,56.6773204510,56.2739861694,56.6681518555
2023.07.12,56.8056521704,57.4014814938,56.7598161867,57.0623168945
2023.07.13,57.8689853205,57.9698188956,57.7864854405,57.9148178101
2023.07.14,57.3373183622,57.4564856320,57.1723186032,57.2181510925
2023.07.17,57.0439841034,57.3098174272,56.9431505325,57.2456512451
2023.07.18,57.8873190731,58.0981513228,57.7773169019,58.0339851379
2023.07.19,58.0706392011,58.1714727593,57.9148080635,58.0431404114
2023.07.20,57.3373137623,57.4564810225,57.1539803228,57.2731475830
2023.07.21,57.3006493511,57.3648190305,57.1081508032,57.2089843750
2023.07.24,57.2089887639,57.4289896189,57.1173237808,57.2914886475
2023.07.25,57.1448177366,57.4198161595,57.1448177366,57.3648185730
2023.07.26,57.4473169507,57.7864850642,57.4014844614,57.5939865112
2023.07.27,58.2264812289,58.4739808585,57.9698165005,58.0614814758
2023.07.28,58.5473144705,58.7306479253,58.3731496117,58.3914833069
2023.07.31,58.0431502368,58.3456509625,58.0248165416,58.1348152161
2023.08.01,57.6764811523,57.7406508315,57.3831490337,57.4473152161
2023.08.02,56.7598161764,56.8881520352,56.3289866035,56.3656539917
2023.08.03,55.7973241463,56.1639910625,55.7331579604,56.0906562805
2023.08.04,56.6498186798,57.0989854530,56.5673188030,56.6314849854
2023.08.07,57.0898167877,57.1631515656,56.9339856299,57.1081504822
2023.08.08,56.5123236678,56.6314874420,56.3564890062,56.6039886475
2023.08.09,56.3931567492,56.4389892393,56.0264898347,56.1089897156
2023.08.10,56.7689927194,57.0073237826,56.3106607927,56.3473281860
2023.08.11,56.3564907749,56.5031568450,56.2006596052,56.2556571960
2023.08.14,55.5223217996,55.7973202190,55.4214882299,55.7514877319
2023.08.15,55.4214882279,55.4214882279,55.0639899330,55.1556549072
2023.08.16,54.7431606463,54.9448242948,54.4589936230,54.4681587219
2023.08.17,54.7156601872,54.7706612733,54.1564982145,54.2389945984
2023.08.18,54.1473294154,54.5139963276,54.1198306209,54.3764953613
2023.08.21,54.3764926467,54.5139936061,54.1748255055,54.4223251343
2023.08.22,54.9998257618,55.0089908609,54.6423274539,54.6881599426
2023.08.23,55.1464896780,55.5864878473,55.1373245793,55.4123229980
2023.08.24,55.1189930301,55.2564904964,54.6698262478,54.6881599426
2023.08.25,54.9081658112,55.1739956692,54.5689976703,54.9723320007
2023.08.28,55.4581615473,55.6781624044,55.4398278511,55.6231613159
2023.08.29,55.1923256142,56.0448232134,55.1739919189,56.0081558228
2023.08.30,55.8981533345,56.0539879855,55.7789860716,55.9073219299
2023.08.31,56.3656572859,56.5764895354,56.3106562004,56.5031547546
2023.09.01,57.3098178196,57.3098178196,56.6498188035,56.8698196411
2023.09.05,57.0348207576,57.0531544526,56.8423187088,56.8973197937
2023.09.06,57.2364896586,57.3373232418,56.8973250124,57.0439910889
2023.09.07,57.0623247855,57.1173258755,56.8881599125,57.0439910889
2023.09.08,56.5306521895,56.6589880527,56.4023198231,56.4756546021
2023.09.11,56.9706527601,57.1998186948,56.8973179826,57.1264839172
2023.09.12,57.0164912477,57.2639909029,57.0164912477,57.1173248291
2023.09.13,57.0806557623,57.2273218318,56.9798221839,57.0898208618
2023.09.14,57.9239805160,58.1439813524,57.8048167474,58.0614814758
2023.09.15,57.9606475151,58.1164821683,57.7131478871,57.7406501770
2023.09.18,57.7406496644,57.9056459181,57.5756499139,57.8781471252
2023.09.19,58.2173167738,58.3364840476,58.0614856052,58.1623191833
2023.09.20,57.7773177185,58.0248173621,57.3648218094,57.3831520081
2023.09.21,56.6589916181,56.8698238758,56.4756581559,56.4939918518
2023.09.22,56.8148258249,56.9889907001,56.6223272529,56.6498260498
2023.09.25,56.3931550432,56.6039872888,56.2373203853,56.5764884949
2023.09.26,56.0081551860,56.1456561508,55.6598254696,55.7056579590
2023.09.27,56.2831530750,56.3106518673,55.7148190583,55.9439849854
2023.09.28,55.6506589119,56.1548233066,55.6323252161,56.0539932251
2023.09.29,55.7514861614,55.7973186472,55.1098208697,55.2656555176
2023.10.02,54.9998299119,55.0548310006,54.6056641844,54.7889976501
2023.10.03,53.8814991489,54.5231645333,53.5514996086,53.8356666565
2023.10.04,53.0931620807,53.2673304290,52.8914984359,53.2489967346
2023.10.05,54.1473250352,54.3764909626,53.9548264955,54.2939910889
2023.10.06,54.0098238894,54.5048231300,53.7164917832,54.4314918518
2023.10.09,54.1106604764,54.6973247216,54.1014953774,54.5873260498
2023.10.10,55.1281616531,55.5039936800,55.0731640618,55.3023300171
2023.10.11,55.2931578066,55.3848227840,54.9448245981,55.1648254395
2023.10.12,55.7423282317,55.7423282317,55.1098279571,55.3023300171
2023.10.13,54.9539984770,55.0548320599,54.5048316522,54.6148338318
2023.10.16,54.4314993152,54.8164964461,54.4223307187,54.7889976501
2023.10.17,54.4681613406,55.1373289921,54.4681613406,54.8989944458
2023.10.18,54.5873236442,54.6331561307,53.9364932444,54.0373268127
2023.10.19,54.0189899208,54.2848232222,53.5514894946,53.6431579590
2023.10.20,53.5973294128,53.7164931800,53.2764950092,53.2856636047
2023.10.23,52.9465014301,53.5056669274,52.7998353567,53.1573371887
2023.10.24,53.3039995557,53.5239969020,53.2306647757,53.4964981079
2023.10.25,53.6523269987,53.6981629826,53.2398311176,53.2856636047
2023.10.26,52.8548365111,52.9648351920,52.4331719868,52.5615043640
2023.10.27,53.3681660846,53.3773311838,52.8731668070,53.0014991760
2023.10.30,53.2123345647,53.4048331295,52.9465012151,53.3956680298
2023.10.31,53.8356612887,54.1106597126,53.6614964361,54.0464935303
2023.11.01,54.4773326843,54.9814971006,54.4406652912,54.9723320007
2023.11.02,55.4948268593,55.9073262655,55.3389921962,55.8706588745
2023.11.03,56.5123218557,57.0623187096,56.3748208938,56.8331527710
2023.11.06,56.3198241726,56.3564915649,55.9898281328,56.0998268127
2023.11.07,55.3939920780,55.6506568155,55.2656597093,55.5864906311
2023.11.08,54.8806587544,54.9814923282,54.5506592387,54.6698265076
2023.11.09,55.4581599235,55.5131610104,54.8806607502,54.8989944458
2023.11.10,55.0914959207,55.4306640625,54.8439997587,55.4306640625
2023.11.13,55.1281578524,55.5039898534,55.0456579743,55.4031562805
2023.11.14,55.9531578862,56.5489872442,55.9348241910,56.5031547546
2023.11.15,56.2556505934,56.3931515478,55.9623184875,56.0814857483
2023.11.16,56.2006593448,56.3748242095,56.0998257664,56.2739906311
2023.11.17,56.9339867255,57.2089851543,56.8698205420,57.1539840698
2023.11.20,56.9156511605,57.2181483732,56.8789837721,57.1631507874
2023.11.21,57.2089831462,57.3189818145,56.8331511575,56.9248161316
2023.11.22,57.1998258579,57.3098245413,56.9798249945,57.2823257446
2023.11.24,57.2548215681,57.4198213360,57.2089890763,57.3923225403
2023.11.27,57.2548204740,57.4198202388,57.1906542873,57.3464889526
2023.11.28,57.0531548881,57.5114867756,56.9614864126,57.3373184204
2023.11.29,57.2731571479,57.4564906180,57.1264910712,57.2823257446
2023.11.30,57.4381550321,57.4564887282,56.8514907446,57.3923225403
2023.12.01,57.1723127027,57.9514789283,57.1539790095,57.9423103333
2023.12.04,57.1264830756,57.3373153127,56.9431496312,57.0623168945
2023.12.05,56.8973186942,57.0623184490,56.8056537179,56.8514862061
2023.12.06,57.8414809061,57.9056470885,57.4289850183,57.4473152161
2023.12.07,57.5298196460,58.2448198015,57.2823234925,57.8873214722
2023.12.08,57.2731468868,57.5939812761,57.2089807083,57.5481452942
2023.12.11,57.7314810689,57.9331482077,57.6856485819,57.8781471252
2023.12.12,57.5481508426,57.8139841773,57.4106533740,57.7956504822
2023.12.13,57.7131480148,58.7123151243,57.5389831637,58.6756477356
2023.12.14,58.2264832880,58.6023152951,58.1439834085,58.4098167419
2023.12.15,58.3731477475,58.4098151366,57.8598147898,57.9056472778
2023.12.18,57.9148177524,57.9606502419,57.6214856233,57.7956504822
2023.12.19,58.0614869139,58.2814877708,57.8323209572,57.9698219299
2023.12.20,58.3090982608,58.3555737980,57.5747727173,57.6770210266
2023.12.21,58.3090968231,58.7087928156,58.2998031342,58.6809082031
2023.12.22,58.8482227362,59.1177822625,58.7366771951,58.8668136597
2023.12.26,58.6623189446,58.9504694038,58.6158434072,58.8482246399
2023.12.27,58.9318785592,59.2107353128,58.9225813248,59.1735534668
2023.12.28,59.5453589218,59.7312681447,59.4802960126,59.5267715454
2023.12.29,59.5918434753,59.7498610105,59.4524133183,59.6197280884
2024.01.02,59.0898944268,59.4431148627,58.9690552035,59.0806007385
2024.01.03,58.8389216597,59.0248273368,58.5414739945,58.7552642822
2024.01.04,58.6065398632,58.9783512138,58.5693580190,58.6158370972
2024.01.05,59.0805996430,59.6662012804,58.9876450322,59.0527114868
2024.01.08,59.1921507610,59.9357735785,59.0899024463,59.9171791077
2024.01.09,59.5267723715,59.7126745052,59.4617059156,59.5546569824
2024.01.10,60.6329086843,60.8002234399,60.5306603842,60.6236114502
2024.01.11,61.1534377516,61.2556860475,60.6607907398,61.1627349854
2024.01.12,61.8505850940,62.0829663092,61.6553857242,61.7483367920
2024.01.16,61.8227022850,61.8877687435,61.1534432310,61.2928733826
2024.01.17,60.3726379178,60.5492499138,60.1867357792,60.5306625366
2024.01.18,60.7816331671,61.1162627013,60.7444513197,61.0976753235
2024.01.19,60.9396493788,61.2556915283,60.6793835448,61.2556915283
2024.01.22,61.8691711713,62.1387342263,61.8041047161,61.9807167053
2024.01.23,61.2556880420,61.4694747826,61.1534397428,61.4322929382
2024.01.24,61.6553840244,61.8691707651,61.4601846600,61.5066566467
2024.01.25,61.5531408586,61.5531408586,61.0883784022,61.2742805481
2024.01.26,60.7909325195,60.9954291411,60.7072715872,60.7816352844
2024.01.29,61.2278034512,61.6182021800,61.1162579179,61.5066566467
2024.01.30,61.3672346222,61.4137137068,61.1720352320,61.2835807800
2024.01.31,61.8598844670,62.1945139958,61.4137093980,61.5438423157
2024.02.01,61.8505871105,62.2223984853,61.6182058877,62.2038040161
2024.02.02,61.6182076984,61.8412916932,61.4230083166,61.8227043152
2024.02.05,61.5903197530,61.7297499016,61.2742776101,61.5252532959
2024.02.06,61.1720225331,61.5159492493,61.1627323915,61.5159492493
2024.02.07,61.8319931103,61.9435386511,61.7297518959,61.8691749573
2024.02.08,61.6274972948,61.7204483568,61.3114551740,61.7111511230
2024.02.09,61.6739764082,61.9528367181,61.6089099481,61.9342422485
2024.02.12,62.0829675257,62.4640690384,62.0643730568,62.2502822876
2024.02.13,62.4176000166,62.5105510906,61.8227046330,62.0364913940
2024.02.14,62.0829721512,62.2967589179,61.9528392257,62.2781715393
2024.02.15,62.4640727083,62.9288351752,62.4361880950,62.8730659485
2024.02.16,62.8172899152,63.1519194224,62.6778597719,62.8637619019
2024.02.20,63.1891029810,63.2820540484,62.9009454526,63.1426239014
2024.02.21,63.0031920848,63.1891013066,62.8079927208,63.0124893188
2024.02.22,63.9327202083,64.1093322051,63.8025872922,64.0442657471
2024.02.23,64.1372252863,64.3417219218,64.1093406708,64.1465225220
2024.02.26,64.3881832498,64.3881832498,64.0442635940,64.1372146606
2024.02.27,64.2115762191,64.3788909703,64.1743943754,64.3045272827
2024.02.28,63.8304748535,63.9792022454,63.7561111576,63.8304748535
2024.02.29,64.3695997228,64.4904354075,63.9699037297,64.2487640381
2024.03.01,65.0388674314,65.4385634777,64.8994372587,65.3734970093
2024.03.04,65.0667419276,65.1596929978,64.9087243993,64.9923782349
2024.03.05,65.6430516301,65.7824746931,65.2247611660,65.3456039429
2024.03.06,66.3123029981,66.5911633049,66.1542854670,66.3401947021
2024.03.07,66.2286478004,66.3959625628,66.1171022617,66.3123016357
2024.03.08,66.6283442924,66.7027079855,66.0985153896,66.1635818481
2024.03.11,64.8901304065,64.9644940998,64.5462107353,64.6949310303
2024.03.12,64.6763377678,65.1039183280,64.4439565660,65.0481491089
2024.03.13,64.3231231363,64.6112806906,64.2115846820,64.4811477661
2024.03.14,64.7599962752,64.8064753556,63.9699015506,64.1929855347
2024.03.15,64.5462175271,64.7321196882,64.3881928892,64.6670532227
2024.03.18,65.5315064290,65.7267058100,65.3363070481,65.6709365845
2024.03.19,65.6151605925,66.0520384388,65.5315067538,65.9219055176
2024.03.20,66.0148531691,66.4796156042,65.8661328775,66.4331436157
2024.03.21,66.6283387199,66.8607199226,66.6097513440,66.7677688599
2024.03.22,66.9629728646,66.9908574761,66.6841125653,66.7584762573
2024.03.25,65.9312073938,66.1635886398,65.8940255435,65.9869766235
2024.03.26,66.4424459989,66.5353970748,66.2565367554,66.2751312256
2024.03.27,66.4517326580,66.5632781982,66.2565332813,66.5632781982
2024.03.28,66.0520311905,66.4796117551,66.0520311905,66.3215942383
2024.04.01,65.3177138734,65.4478538883,65.1318117236,65.3270111084
2024.04.02,64.9551963885,65.0109727039,64.6670459436,64.9923782349
2024.04.03,64.9458982336,65.5500836608,64.9458982336,65.4385452271
2024.04.04,65.8010726424,65.8010726424,64.7228202869,64.7600021362
2024.04.05,64.8064698258,65.1132147101,64.6949242974,64.9458999634
2024.04.08,65.3363066943,65.5408033089,65.2433556218,65.2712402344
2024.04.09,65.8289516196,65.8289516196,65.2526436419,65.5129165649
2024.04.10,64.5926886835,64.7693006985,64.2394717451,64.4904403687
2024.04.11,65.0295647270,65.1689948880,64.3881902414,65.0574493408
2024.04.12,64.6577479717,64.7507061325,64.1279190772,64.1929855347
2024.04.15,64.7321168399,64.8994316143,63.8211863618,63.9234275818
2024.04.16,63.1612112514,63.3285260095,62.8637635805,63.0310783386
2024.04.17,62.5942014388,62.6778623649,62.1294390031,62.3618202209
2024.04.18,62.4454816450,62.6685656302,62.1015548868,62.1759185791
2024.04.19,62.0179015101,62.1480344267,61.6739747494,61.8041076660
2024.04.22,62.1201526725,62.6220969849,62.0179043630,62.4361877441
2024.04.23,62.2131007916,62.6685659993,62.1945134143,62.5756149292
2024.04.24,63.0031980461,63.0031980461,62.5849146681,62.8451805115
2024.04.25,61.3486432836,61.9714232634,61.1999158959,61.8691749573
2024.04.26,62.0829632275,62.4733619477,62.0829632275,62.3989982605
2024.04.29,62.8544764125,63.1891059445,62.7150462589,62.9660148621
2024.04.30,63.1891055748,63.3099412583,62.5291366577,62.5291366577
2024.05.01,62.5942036267,63.1333297730,62.2967559411,62.3804168701
2024.05.02,63.5330200508,63.7468138798,63.1519185622,63.6445655823
2024.05.03,64.3138245375,64.4718420548,63.9141285814,64.3788909912
2024.05.06,64.5740999813,64.8157784561,64.5369181319,64.7600021362
2024.05.07,64.1558071964,64.2580555054,63.9513176699,64.0535659790
2024.05.08,62.9567188090,63.3006384517,62.9474215752,63.2448692322
2024.05.09,62.9474265254,63.5237274170,62.9102446788,63.5237274170
2024.05.10,63.4307721571,63.4586567672,63.0496706660,63.1612091064
2024.05.13,63.0403769035,63.1147405957,62.8079956842,62.9102439880
2024.05.14,63.1798090744,63.4121903012,63.0961481450,63.4028930664
2024.05.15,63.7746997146,64.1186264577,63.5795003495,64.1093292236
2024.05.16,64.0721537991,64.0721537991,63.4400765622,63.4586639404
2024.05.17,63.9234242976,64.0814489204,63.7561095318,63.8862495422
2024.05.20,64.2301674137,64.5462095587,64.2115800366,64.3417129517
2024.05.21,64.0349646780,64.1558003523,63.7932862376,63.9698982239
2024.05.22,63.3006439060,63.4586614361,63.1147417637,63.2262802124
2024.05.23,63.8397688737,63.8676534854,62.8265830695,62.9474258423
2024.05.24,63.5330246747,63.7375212848,63.4679582162,63.6352729797
2024.05.28,64.2115813214,64.2487631681,63.8211825683,63.9977874756
2024.05.29,63.0031925454,63.0496716241,62.6499756591,62.7150421143
2024.05.30,63.2634620667,63.4493713006,63.0775599244,63.2634620667
2024.05.31,64.0907347555,64.1836929127,63.6166821941,64.1093292236
2024.06.03,64.5462074185,64.6763403293,64.2766443628,64.5090255737
2024.06.04,64.6484557376,64.7878787909,64.3788926819,64.5833892822
2024.06.05,64.1465228231,64.4160859266,63.8583652481,64.3974914551
2024.06.06,64.3510080143,64.3788926250,64.1279169459,64.3602981567
2024.06.07,63.9234242976,64.1743999921,63.7932913788,63.8862495422
2024.06.10,64.1557994141,64.5369079911,64.1279148044,64.4532470703
2024.06.11,63.8436631396,63.8717539573,63.5159250261,63.7312927246
2024.06.12,64.4148593236,64.6302269968,63.9653848607,64.0402984619
2024.06.13,63.1413599376,63.1413599376,62.6450698065,62.8791694641
2024.06.14,62.8042576672,62.9728097113,62.5982488195,62.8604393005
2024.06.17,61.9334037763,62.4484258718,61.8491313302,62.3735122681
2024.06.18,62.1675098391,62.4390663225,62.1487850083,62.4203414917
2024.06.20,62.2236835048,62.3735107085,61.9989498434,62.2517814636
2024.06.21,61.9146804470,61.9427712630,61.7367624198,61.8116760254
2024.06.24,62.4016097847,62.6169846326,62.2705145362,62.2798805237
2024.06.25,63.1507325805,63.3567414440,62.9915393670,63.2630958557
2024.06.26,63.0477274890,63.2162795443,62.9447230584,63.0289955139
2024.06.27,63.2630943638,63.5252848587,63.2069127275,63.3473739624
2024.06.28,63.8717543054,64.2556812006,63.6470206184,63.8998451233
2024.07.01,63.8155701231,63.9560313510,63.3848275967,63.4784660339
2024.07.02,64.1433036497,64.5178645159,64.0402992329,64.4804077148
2024.07.03,64.8268769009,65.0797013744,64.7519632999,65.0703353882
2024.07.05,65.5479090758,65.5479090758,65.1546233360,65.5104522705
2024.07.08,65.3793468608,65.5385329006,65.1546132078,65.1920700073
2024.07.09,65.6134602245,65.6602830197,65.3887265245,65.5479125977
2024.07.10,66.5030324459,66.8401365490,66.4749416280,66.7464981079
2024.07.11,66.8869609805,67.0367810610,66.4562184258,66.4936752319
2024.07.12,66.5779413830,67.1023294755,66.5685753963,66.8588638306
2024.07.15,66.9525069100,66.9525069100,66.4749415737,66.5404891968
2024.07.16,66.7839591492,67.3832537829,66.6996866902,67.3270721436
2024.07.17,66.9431356979,67.1678765117,66.8026744754,66.9337768555
2024.07.18,66.7558720924,66.8026877465,65.7726504832,65.9224777222
2024.07.19,65.7539179332,65.8475563744,65.4449046472,65.5104522705
2024.07.22,65.7820117388,65.9131069914,65.5572780407,65.8288345337
2024.07.23,65.6696319949,65.9411884493,65.5572687338,65.7726364136
2024.07.24,65.3512586925,65.3980743357,64.4804077148,64.4804077148
2024.07.25,63.3941835335,64.1152144695,63.1319930637,63.4690971375
2024.07.26,63.9653919544,64.4616821149,63.8998443322,64.3212280273
2024.07.29,64.5178692385,64.6115076759,64.2182219525,64.4710464478
2024.07.30,64.6583327972,64.7800620558,64.2837718901,64.5553283691
2024.07.31,66.4843133545,66.6622314088,66.0254799528,66.4562225342
2024.08.01,64.2556809047,64.4523237730,62.7574372801,63.2537345886
2024.08.02,60.9782821806,61.1749250383,59.7796894891,60.5381736755
2024.08.05,56.9049505772,59.8077851770,56.7644893405,59.3957710266
2024.08.06,58.4874572446,59.5830454931,58.0286239189,59.1054801941
2024.08.07,61.5026632953,61.7273969697,60.0418836951,60.0886993408
2024.08.08,61.1093772015,61.5307537315,60.5100826439,61.3622016907
2024.08.09,60.7441877235,61.2498438912,60.5756356677,61.2123870850
2024.08.12,61.2404785857,61.8772300101,61.1749309602,61.5494918823
2024.08.13,62.7387061039,63.4035482516,62.6825244741,63.3099098206
2024.08.14,63.2162799364,63.4597384611,62.8604438485,63.4035568237
2024.08.15,64.2463191959,64.7987910325,64.2088623883,64.6208801270
2024.08.16,64.7706932774,65.1452541683,64.6864208276,64.9579772949
2024.08.19,65.4261764262,65.9786482021,65.4074444525,65.8850097656
2024.08.20,65.6509147315,65.9505620356,65.4636378454,65.5666351318
2024.08.21,66.3719346652,66.5030299065,66.0441965620,66.3251190186
2024.08.22,66.7184052069,66.7745868410,65.7258249033,65.8381881714
2024.08.23,66.6622229363,67.4581603690,66.5779433419,67.3551559448
2024.08.26,66.8401282116,66.9618645995,66.3906608930,66.5123901367
2024.08.27,67.0274235867,67.3364368858,66.9431439851,67.1678848267
2024.08.28,67.3364345047,67.5143454012,66.5966786683,66.8775939941
2024.08.29,67.2334330212,67.6641755884,66.8682380807,66.9899673462
2024.08.30,67.6267082935,67.7297127114,67.1304181766,67.3926086426
2024.09.03,67.2146961339,67.4675277783,66.2221158188,66.3813018799
2024.09.04,65.4355334017,66.0910167263,65.3793517703,65.6977310181
2024.09.05,65.8943834235,66.2127555733,65.6509177451,66.0910263062
2024.09.06,65.1077966762,65.3231715081,63.6095602723,63.7593803406
2024.09.09,64.8643281935,65.3138026671,64.7706897619,64.9205169678
2024.09.10,64.7519654738,64.7800562891,64.0496665145,64.7425994873
2024.09.11,64.6770613882,65.2108083900,63.8155762526,65.1358947754
2024.09.12,65.0609739456,65.7913636665,64.8736899504,65.7819976807
2024.09.13,65.4355368215,65.7913728901,65.2857167485,65.4261779785
2024.09.16,65.7539110822,66.0816491647,65.6321746915,66.0535583496
2024.09.17,65.5010779587,65.6977279477,65.0422446538,65.2763442993
2024.09.18,65.1171686972,65.7351881455,64.7426077754,64.9767074585
2024.09.19,66.5498569183,66.8775950423,66.1472051819,66.6996841431
2024.09.20,66.9525117002,66.9899685081,66.3532170621,66.7371368408
2024.09.23,66.9712261000,67.3176961610,66.9244104555,67.1397781372
2024.09.24,66.6154009946,66.7371302501,66.3906673135,66.5592193604
2024.09.25,66.7745888439,66.8026796618,66.3344803129,66.4374847412
2024.09.26,68.2260109123,68.5818398520,67.8420840102,68.3477401733
2024.09.27,67.1210571351,67.5798904843,66.3157537051,66.5592193604
2024.09.30,67.2708826843,67.3551622867,66.6154064178,66.9899673462
2024.10.01,67.5986173646,67.7484374260,66.6903095776,67.0835952759
2024.10.02,66.5779477369,66.8775950423,66.3063912501,66.6996841431
2024.10.03,66.0629309775,66.5311303263,66.0067421976,66.4374847412
2024.10.04,66.9150410359,67.3551495074,66.8963162079,67.3083267212
2024.10.07,66.6434959256,66.7933231517,66.2689350047,66.5217666626
2024.10.08,66.6528543398,66.9337767847,66.6341295108,66.7277679443
2024.10.09,66.0535637706,66.4655814761,66.0254729532,66.3813018799
2024.10.10,65.9130978536,66.4093879758,65.7445458173,66.3906631470
2024.10.11,66.1284762184,66.5966755504,66.1003782574,66.5311279297
2024.10.14,66.3719295742,66.6903088102,66.3251139311,66.6434860229
2024.10.15,66.2501996820,66.2689245102,65.1920718561,65.2763442993
2024.10.16,65.5572763134,65.7445531995,65.3699922831,65.6696395874
2024.10.17,65.8007317031,65.8007317031,65.2763507316,65.3231735229
2024.10.18,65.5385443383,65.6696395874,65.4729967137,65.6696395874
2024.10.21,65.0328871773,65.0797099702,64.4148677472,64.5834197998
2024.10.22,63.7781155169,63.8530291269,63.5346498565,63.7312927246
2024.10.23,62.3641475109,62.5326995505,62.1675046553,62.4296951294
2024.10.24,62.7574333937,62.9728082232,62.6731609457,62.9447174072
2024.10.25,63.1975395917,63.3754576120,62.7855290652,62.9634399414
2024.10.28,63.2911758837,63.5814642982,63.1975374556,63.3941802979
2024.10.29,63.8998442466,64.1714007225,63.7593830150,64.0122146606
2024.10.30,64.3774108085,64.5272380301,64.0403067040,64.0683975220
2024.10.31,63.8717530500,63.8717530500,63.1226383931,63.7406578064
2024.11.01,63.3941896897,63.9466686425,63.3941896897,63.6563873291
2024.11.04,63.7781101783,64.2556754718,63.6001921554,63.7125625610
2024.11.05,63.9092087411,64.7800597833,63.8436611205,64.6770553589
2024.11.06,64.8924320963,65.0422521718,64.1807670913,64.9673385620
2024.11.07,65.2763507911,65.6602776771,65.1358895609,65.5291824341
2024.11.08,64.9860617130,65.0797001405,64.7706869001,65.0141525269
2024.11.11,65.0516182152,65.3418995233,65.0235273975,65.1733474731
2024.11.12,64.6864235041,64.7706959573,63.8155724328,64.1433105469
2024.11.13,63.6657441092,63.7125669007,63.1694539530,63.4316444397
2024.11.14,63.6844716725,63.8342917356,63.4690968481,63.5065536499
2024.11.15,63.2069100849,63.2724577059,62.9728104180,63.1975440979
2024.11.18,63.2256400214,63.7032053810,63.1226427322,63.5627441406
2024.11.19,63.2818202717,63.6189243454,63.1507250368,63.4690971375
2024.11.20,62.8885370024,63.0102662555,62.5982485618,63.0009002686
2024.11.21,63.1507269327,63.3848265941,62.9634429172,63.1788177490
2024.11.22,63.3099123473,63.7031980598,63.2443647286,63.6282844543
2024.11.25,64.0964883400,64.2275835868,63.8530298211,64.0683975220
2024.11.26,63.6657441975,63.7593826366,63.3754628930,63.7406578064
2024.11.27,63.8904894162,64.0122186810,63.4503808637,63.5627441406
2024.11.29,64.5740551822,65.2669882380,64.5365983760,65.2576293945
2024.12.02,65.8100927123,66.1752875962,65.6977294522,66.0535583496
2024.12.03,66.9337809913,67.1023330399,66.6715833590,66.9993286133
2024.12.04,66.8214139943,66.8307799820,66.5217666863,66.6247711182
2024.12.05,66.6153992793,66.7652264923,66.4281224073,66.5030288696
2024.12.06,66.6528577988,66.6528577988,66.4187581306,66.5592193604
2024.12.09,66.4281198018,66.4936674188,65.9786453247,65.9786453247
2024.12.10,65.8475516650,65.9130992836,65.5947271772,65.6228179932
2024.12.11,66.3063848193,66.6903116874,66.2970259768,66.5498504639
2024.12.12,66.0348251052,66.2408339371,65.8850050465,65.8943710327
2024.12.13,65.3231734630,65.3418982931,64.9486125648,65.1171646118
2024.12.16,64.6864289953,64.9298875327,64.6676970191,64.7800674438
2024.12.17,64.4795417488,64.7743573774,64.4224752761,64.5556182861
2024.12.18,64.5651261651,64.6697395596,62.9103436845,62.9388732910
2024.12.19,63.5475292431,63.6236130312,62.8818142365,63.1385879517
2024.12.20,62.5109114051,63.5665430702,62.5013991181,62.9673995972
2024.12.23,62.8818173294,63.2907586410,62.6155240579,63.2336921692
2024.12.24,63.1861431615,63.2717319827,63.0625051899,63.1956481934
2024.12.26,63.7567516703,64.0135253679,63.6521382827,63.9279365540
2024.12.27,64.5175700027,64.6126783625,64.1466706176,64.4129638672
2024.12.30,63.8233259466,64.0991242299,63.6331237368,63.8708801270
2024.12.31,63.7377360916,64.1847193096,63.7092064829,63.8138198853
2025.01.02,63.8898944897,64.1561804734,63.5380124366,63.7282218933
2025.01.03,63.5570419966,64.0896140058,63.5380174216,63.9850006104
2025.01.06,64.1276473999,64.5461009264,64.0420513351,64.1276473999
2025.01.07,64.5556167815,64.6126832529,63.8899017466,63.9754905701
2025.01.08,63.5570461514,63.8613740702,63.4048785641,63.8138198853
2025.01.10,62.4538440647,62.5584574522,61.9593139876,62.0449028015
2025.01.13,61.5218465519,62.2351157307,61.5218465519,62.2160911560
2025.01.14,61.9973595260,62.2446209513,61.7881327387,62.0924606323
2025.01.15,63.0434844130,63.0625017315,62.6535604558,63.0244598389
2025.01.16,62.7486684818,62.8532746162,62.5299294145,62.6250305176
2025.01.17,62.8437721840,63.0815285794,62.7201342147,62.9388732910
2025.01.21,63.8043032610,64.0325546265,63.5855714389,64.0325546265
2025.01.22,64.1656934516,64.1752057385,63.9279370699,63.9564666748
2025.01.23,64.0325499423,64.5080627018,64.0135253687,64.4985504150
2025.01.24,64.6697329077,65.2974132099,64.6412033041,65.1262283325
2025.01.27,64.3939404866,64.5651253795,64.2893270934,64.4224700928
2025.01.28,64.8219058033,64.9645538330,64.5841494127,64.9645538330
2025.01.29,64.8979821703,65.0121078495,64.6221838872,64.7648391724
2025.01.30,65.5827262161,65.9631379172,65.4876251048,65.7348937988
2025.01.31,65.6017464741,65.8014609714,64.9265119398,64.9645538330
2025.02.03,64.1847175290,64.7743560297,63.9659856980,64.3463973999
2025.02.04,64.3463871775,64.9645479322,64.3368748911,64.9265060425
2025.02.05,65.3164402021,65.7539111188,65.1737849072,65.7348937988
2025.02.06,65.8870492482,66.1152933496,65.8204777496,66.0011749268
2025.02.07,65.7158594889,65.8585147626,64.9645484859,65.1262283325
2025.02.10,65.4685920472,65.4876166205,65.2593725317,65.3830032349
2025.02.11,65.0691691108,65.4971349796,65.0501517915,65.3734970093
2025.02.12,64.2512879398,64.7458253207,64.1466745422,64.6887588501
2025.02.13,65.2783958852,65.8680343628,65.2783958852,65.8680343628
2025.02.14,66.0392201225,66.1343212316,65.8014637220,65.9726486206
2025.02.18,66.5242377144,66.6859175806,66.4576662128,66.6668930054
2025.02.19,66.0582282551,66.2674550193,65.9345975561,66.2103958130
2025.02.20,66.3720737754,66.4671748789,66.0867632090,66.2959899902
2025.02.21,66.1913772994,66.2199069052,65.6017460979,65.7063522339
2025.02.24,65.6207716093,65.7729392002,65.2593844647,65.4115447998
2025.02.25,66.3720769226,66.3910942419,65.7729334118,66.0677490234
2025.02.26,66.1438310779,66.6193438614,66.0582350039,66.1057891846
2025.02.27,66.3910940918,66.4766901679,65.6017483668,65.6207656860
2025.02.28,64.7743523204,65.1928058941,64.6316970334,65.1167221069
2025.03.03,66.4576657519,66.6764048306,65.6683200250,65.8204803467
2025.03.04,65.3449681082,66.0582373083,64.6792530905,65.2783966064
2025.03.05,66.0106901119,66.8856319190,65.9916655368,66.7144470215
2025.03.06,66.6193431542,66.8951341806,66.1723599816,66.2008895874
2025.03.07,66.3530553967,66.7905335741,65.9726509471,66.7334671021
2025.03.10,65.7919572399,65.9155879670,64.9835868581,65.3164443970
2025.03.11,65.1262342326,65.2879068382,64.5080661609,64.9170074463
2025.03.12,65.8775390141,66.2769752738,65.5827234049,66.1152954102
2025.03.13,65.9726477581,66.1533376862,65.6873371789,65.8680343628
2025.03.14,66.4386473265,66.9426897209,66.3245216453,66.9046478271
2025.03.17,67.1994644433,67.7605659983,67.1994644433,67.6083984375
2025.03.18,67.2089784650,67.5703728424,66.9807343491,67.4182052612
2025.03.19,67.5323272637,68.3597148598,67.4847730832,68.1885299683
2025.03.20,67.3040814326,67.8461657578,67.2945764003,67.8271484375
2025.03.21,67.6749896711,67.9222511194,67.5703762677,67.8366622925
2025.03.24,67.6274271782,67.7225282817,67.4657545767,67.6844863892
2025.03.25,67.7986105136,68.2170640662,67.6844848386,68.1695098877
2025.03.26,67.6939983410,67.7700821257,67.2184855702,67.2850570679
2025.03.27,67.2660328125,67.3706389360,67.0663110843,67.1899490356
2025.03.28,65.9631295624,66.1913736519,65.6017424828,65.8299865723
2025.03.31,64.8884757412,65.3734935421,64.5651232848,65.2023086548
2025.04.01,64.5080647656,65.0596613257,64.2037368799,64.8599395752
2025.04.02,64.0420601174,64.9170091797,64.0230427981,64.8789672852
2025.04.03,62.8627876284,63.1671155152,62.0258877534,62.2065849304
2025.04.04,60.0002036308,60.2379600244,58.3359088757,58.4975814819
2025.04.07,57.2327183467,60.0477531265,56.9093695120,58.3168869019
2025.04.08,61.1889836047,61.2840919693,58.0315825317,58.6307296753
2025.04.09,58.3359096302,63.2336892247,58.0886445739,63.0910339355
2025.04.10,61.7120526806,61.8547079766,59.6483288005,61.0748672485
2025.04.11,61.3791888734,62.6725841809,61.1699620948,62.5965003967
2025.04.14,63.3668266863,63.9374477930,63.1100529929,63.6236076355
2025.04.15,63.9374543787,64.4319844989,63.9184298034,64.1371688843
2025.04.16,63.9089199935,64.1942305873,63.2527172370,63.5094909668
2025.04.17,64.8028843686,65.2118256704,64.7172955466,64.7363128662
2025.04.21,64.9455328682,65.0025920769,64.1466676678,64.5936508179
2025.04.22,65.6683210497,66.2008930677,65.6207668671,65.8775405884
2025.04.23,66.5337511101,66.8666086240,65.9346075851,66.0772628784
2025.04.24,66.1248045761,66.8475860175,66.0297034733,66.8380737305
2025.04.25,66.7715051451,67.3231017233,66.6193448252,67.3040771484
2025.04.28,67.6464439702,68.3406958061,67.5988970467,68.2265701294
2025.04.29,68.1695212666,68.6260167871,68.0363782514,68.4928665161
2025.04.30,67.3611411893,68.1219572729,67.1138725156,67.9317550659
2025.05.01,67.9032254573,68.1029399514,67.6654690708,67.6844863892
2025.05.02,68.1124584493,68.4928628980,68.0078450493,68.3692321777
2025.05.05,68.7781703203,68.9778848233,68.6735569250,68.8447418213
2025.05.06,68.7591512710,69.1300506610,68.7591512710,68.8827819824
2025.05.07,68.4072721724,68.7306173958,68.2646168802,68.4548263550
2025.05.08,68.5118787936,68.7876770629,68.2836347022,68.3121643066
2025.05.09,68.7781682631,68.7781682631,68.2360839837,68.4833526611
2025.05.12,68.9113124478,69.2631945234,68.7211102347,69.2346649170
2025.05.13,68.3882484348,68.9208204027,68.3406942566,68.7115936279
2025.05.14,68.8257241991,68.8732711249,67.8176321450,67.9507751465
2025.05.15,68.5213988683,68.7876848811,68.3787435740,68.7591552734
2025.05.16,68.7591522979,68.9873964054,68.6164970099,68.9398422241
2025.05.19,68.4738458530,69.0349474960,68.4358039568,69.0159301758
2025.05.20,69.2727041998,69.4534013934,69.2061326952,69.4153594971
2025.05.21,69.1871074254,69.5199649103,68.7686538696,68.7686538696
2025.05.22,68.6735617823,68.9969142785,68.5974779884,68.8257293701
2025.05.23,68.7686600529,69.5580130565,68.7686600529,69.4533996582
2025.05.27,70.8704242429,71.2983901147,70.7372812399,71.2793655396
2025.05.28,70.1761821572,70.2142240531,69.9098961415,70.0049972534
2025.05.29,70.4044189453,70.4234435192,69.9954776765,70.4044189453
2025.05.30,70.4805008359,70.5565846178,69.9384165877,70.4900131226
2025.06.02,70.7848335380,71.3744720041,70.5090352518,71.3649597168
2025.06.03,70.5756107689,70.6516945603,70.3188370427,70.4995269775
2025.06.04,70.2998053940,70.6611997388,70.2237216102,70.4519729614
2025.06.05,69.9384240300,69.9954832446,69.6055665186,69.7957687378
2025.06.06,70.2807880684,70.3758891702,70.0335193992,70.2047042847
2025.06.09,70.3758900401,70.4995207484,70.2712766501,70.3093185425
2025.06.10,70.3854101335,70.3854101335,70.0430403203,70.2617721558
2025.06.11,70.3188308250,70.4519738203,70.0430325474,70.0620498657
2025.06.12,70.5090357995,70.6707084065,70.4329520119,70.5756072998
2025.06.13,69.9003822887,70.3188358786,69.8338107862,69.9954833984
2025.06.16,70.3224028821,70.6867226779,70.0827218857,70.1306610107
2025.06.17,69.6992321503,69.7759318261,69.2294594365,69.2965698242
2025.06.18,70.1690184558,70.4182814527,69.9197481445,70.0347976685
2025.06.20,69.4595492385,69.4595492385,68.7500955433,68.7980346680
2025.06.23,68.2132170113,69.0952413740,68.1556885950,69.0473022461
2025.06.24,69.4787270929,69.7855184699,69.3924381323,69.7375793457
2025.06.25,69.5362557155,69.5554342931,69.3253352495,69.4499740601
2025.06.26,70.5908467421,70.9839271000,70.4758045413,70.9168167114
2025.06.27,71.9905848423,72.3836652106,71.8563640615,72.1727447510
2025.06.30,71.8755416870,71.9138915259,71.7029710691,71.8755416870
2025.07.01,71.5879170765,71.8180160957,71.3482360840,71.3482360840
2025.07.02,71.1660866237,71.4153496003,71.0989762354,71.3865890503
2025.07.03,71.3386527818,71.6358548663,71.3386527818,71.5208053589
2025.07.07,70.5716781583,70.6579598121,69.5841935536,69.8142852783
2025.07.08,69.9389149438,70.2265350781,69.8526332922,70.1690139771
2025.07.09,70.1114864518,70.3032356486,69.9005733070,70.2744750977
2025.07.10,69.7184160805,69.9964469407,69.5554347428,69.9293365479
2025.07.11,69.4307968616,69.4691467030,69.2390549694,69.3732757568
2025.07.14,69.2678042728,69.4978959690,69.2294544377,69.4212036133
2025.07.15,69.2486383560,69.2773989060,68.6542268375,68.7309265137
2025.07.16,68.7309288714,69.0568915346,68.5679402254,69.0473022461
2025.07.17,69.1623499408,69.5074911718,69.1144108142,69.4020309448
2025.07.18,69.1719401271,69.1911113893,68.7500992138,68.8459701538
2025.07.21,69.4499718546,69.9580944259,69.4020327267,69.6129531860
2025.07.22,70.0060244086,70.0156136969,69.7280008808,69.9676818848
2025.07.23,73.1314706426,73.4286727626,72.9397287550,73.3328018188
2025.07.24,73.5916586223,73.7546399520,73.3711488769,73.3903274536
2025.07.25,72.4028369084,72.6041753953,72.3357265176,72.5562362671
2025.07.28,71.5016390460,71.5783387230,71.0606268753,71.2044296265
2025.07.29,71.1373196544,71.1756694931,70.7634178702,70.8305282593
2025.07.30,71.2331982570,71.3865902980,70.6771365648,70.9264068604
2025.07.31,71.1852541437,71.1948434314,70.3128118278,70.5812606812
2025.08.01,71.0414482333,71.0893873600,70.3895156088,71.0126876831
2025.08.04,71.7125621615,72.2302667139,71.7125621615,72.1823348999
2025.08.05,72.0481168458,72.1152272396,71.7125648771,71.9330673218
2025.08.06,72.6425143795,73.0451840192,72.4028333791,72.8917846680
2025.08.07,73.7833982574,73.8409193568,73.1794047698,73.4574356079
2025.08.08,74.4928539031,74.9051055269,74.4257435138,74.7133636475
2025.08.11,74.7708815808,74.8859310923,74.5120293231,74.5791397095
2025.08.12,75.4419973064,76.0651620829,75.3077765255,75.9597091675
2025.08.13,76.0555829230,76.1610431568,75.9021835594,75.9980545044
2025.08.14,75.4707551578,75.7583679718,75.3461163554,75.5474548340
2025.08.15,77.0622382803,77.0622382803,76.7362756068,76.8417358398
2025.08.18,76.9855422974,77.1293450498,76.8800820692,76.9855422974
2025.08.19,76.9280148804,77.0143038475,76.6020522179,76.7170944214
2025.08.20,76.3815361222,76.4390645336,76.0747447476,76.3527755737
2025.08.21,75.6720859723,75.7775461980,75.3844658452,75.4515762329
2025.08.22,75.7104385686,76.9376041688,75.7104385686,76.7170944214
2025.08.25,76.1322811394,76.2856731856,75.7775506039,75.7871398926
2025.08.26,75.2790074003,75.6816770508,75.2694254265,75.6624984741
2025.08.27,74.8763455115,75.4324072061,74.8379956724,75.3844680786
2025.08.28,76.0363984346,76.2281476241,75.9692880468,76.0172271729
2025.08.29,75.1639692003,75.2214903044,74.8763490511,75.0489196777
2025.09.02,74.3873878727,74.9530388075,74.1860567206,74.9242782593
2025.09.03,74.4161615400,74.7133636475,74.3969829634,74.7133636475
2025.09.04,74.9434486698,75.4899210233,74.9146881219,75.4803390503
2025.09.05,76.3527782113,76.5828699215,75.7104348915,75.9117660522
2025.09.08,77.2156314398,77.6758148613,77.0718213776,77.6182937622
2025.09.09,76.5253480504,76.8129681711,76.3527774408,76.7554397583
2025.09.10,77.2827489530,77.4840801328,77.0047180911,77.0430679321
2025.09.11,77.6374772733,78.0976607241,77.6087094075,77.9634399414
2025.09.12,77.4840729179,77.6662328174,77.2731524688,77.4265518188
2025.09.15,77.7141718967,78.0593131521,77.6566507923,77.9922027588
2025.09.16,78.0017920477,78.0784917299,77.8100501567,77.9922027588
2025.09.17,78.0113826927,78.4619768758,77.4744922225,77.8196334839
2025.09.18,77.9346771874,78.3277502357,77.7621065696,78.1264190674
2025.09.19,77.5320143135,77.6087066763,77.2539834693,77.4553146362
2025.09.22,77.6182933230,77.9346739950,77.5032438110,77.8963241577
2025.09.23,77.9921978454,78.1743577505,77.6854064505,77.7429275513
2025.09.24,77.7812741868,77.8483845731,77.4457222553,77.5128326416
2025.09.25,77.1389312744,77.2635627598,76.8609004399,77.1389312744
2025.09.26,77.0238879771,77.2539870195,76.9088457704,77.1197662354
2025.09.29,77.2156349405,77.3882055600,77.0622355834,77.1868743896
2025.09.30,76.7937936164,76.9951247857,76.5924624471,76.8992538452
2025.10.01,77.1964559549,77.4361369633,76.7650330657,76.8992538452
2025.10.02,77.0143064654,77.1005881209,76.5157658518,76.8417358398
2025.10.03,78.3085785234,78.6537197570,78.1743577453,78.4044494629
2025.10.06,79.6891440244,80.1493274628,79.5740945076,79.8329467773
2025.10.07,79.0947305793,79.1426697055,78.5674294497,78.5770187378
2025.10.08,78.3373444336,78.5290936401,78.2414734876,78.3756942749
2025.10.09,78.7687669241,78.7975274737,78.0593059016,78.1839447021
2025.10.10,76.5349435205,76.7650352470,74.9818079090,75.1256179810
2025.10.13,75.7583675956,76.1897977862,75.5857969823,76.0172271729
2025.10.14,76.0651634879,77.1293477807,75.9117714416,76.7362747192
2025.10.15,77.9538483862,78.1839474194,77.5320147877,77.9346771240
2025.10.16,78.4332076744,78.5290859254,77.8867352899,78.1839447021
2025.10.17,78.4044512438,78.6920713832,78.2798197512,78.6153717041
2025.10.20,79.8521235024,80.3314855064,79.8521235024,80.0918045044
2025.10.21,79.3056524126,79.4398731908,79.0276215680,79.1618423462
2025.10.22,78.9988614357,79.1139036378,78.4619710057,78.7879409790
2025.10.23,78.6345447433,78.9413361521,78.5962022173,78.8262939453
2025.10.24,79.0180268904,79.2672971676,79.0180268904,79.0947265625
2025.10.27,80.1589140308,80.1589140308,79.9288223194,80.0822143555
2025.10.28,80.1109753572,80.5999266469,80.1013933836,80.4657058716
2025.10.29,80.0726249626,80.2356136010,79.2864715782,79.7946014404
2025.10.30,79.7083183798,80.1109807327,79.6028581473,79.7754287720
2025.10.31,80.2547863440,80.3794178326,79.7562530750,80.0055160522
2025.11.03,80.1301543762,80.2547858641,79.8137736980,80.1876754761
2025.11.04,79.5740912473,79.9096431812,79.3631707990,79.4111099243
2025.11.05,79.0851453052,79.5645073331,78.9509245226,79.3823547363
2025.11.06,79.8712956570,79.9384060458,79.2481308965,79.5357437134
2025.11.07,79.4206968636,79.8712983378,78.9029923129,79.8521270752
2025.11.10,79.8808872007,80.2931388330,79.6412061893,80.2260284424
2025.11.11,80.0534555919,80.4465359507,79.9288241026,80.2931365967
2025.11.12,80.7533269949,81.0505290989,80.6574487418,80.8587799072
2025.11.13,80.5136426251,80.5615744352,79.5357400747,79.5836791992
2025.11.14,80.1876790061,80.7341514223,79.9575872820,80.5136489868
2025.11.17,79.5932651987,79.9096458818,78.7495906913,79.0659713745
2025.11.18,77.3690248109,77.7525158784,76.9759517697,77.4457244873
2025.11.19,77.3498535156,77.8004549712,77.0718226746,77.3498535156
2025.11.20,77.7908729753,78.0113827369,76.1993947710,76.2089767456
2025.11.21,77.4744863405,78.0784871593,76.9855423528,77.8388061523
2025.11.24,77.7333424699,78.4907352959,77.6182929585,78.3660964966
2025.11.25,77.9634328531,78.5866048957,77.6662307634,78.5386657715
2025.11.26,79.3152416956,79.9288244856,79.1426710788,79.8233642578
2025.11.28,79.4206905645,79.6124397481,79.3344089177,79.5836791992
2025.12.01,79.0851395427,79.4494593386,79.0467897055,79.1234893799
2025.12.02,79.3152416686,79.3152416686,78.8646402074,79.0659713745
2025.12.03,78.7112364107,79.2385375196,78.6441260255,79.2001876831
2025.12.04,80.7341541349,80.8012645281,80.0342896506,80.1685104370
2025.12.05,80.2260222204,80.3410717302,79.9959305153,80.2451934814
2025.12.08,80.0438612731,80.1013896845,79.6316096782,79.7562484741
2025.12.09,80.1301516839,80.2643724554,79.8617101409,79.8712921143
2025.12.10,79.8041901418,80.5903435925,79.6795586449,80.4465408325
2025.12.11,80.4752947180,80.8971283032,80.4177663043,80.7437362671
2025.12.12,80.9163050794,80.9642368895,80.2356119338,80.5328140259
2025.12.15,81.7599782329,81.7887387814,81.2039165800,81.3669052124
2025.12.16,80.6716906789,80.8308221098,80.2141773812,80.4130935669
2025.12.17,79.9953633872,80.1346062320,79.2792529922,79.3090896606
2025.12.18,79.8561198671,80.0152512935,79.3886584972,79.5378494263
2025.12.19,80.0251998766,80.3633664904,79.9655265398,80.1445541382
2025.12.22,79.8163356234,80.1246579808,79.7268256183,80.0251998901
2025.12.23,80.9103870869,81.0098451742,80.6219533221,80.7015228271
2025.12.24,80.4230359099,80.6915735002,80.3235778241,80.5622787476
2025.12.26,80.5125516435,80.5523363982,80.2837987888,80.5324478149
2025.12.29,80.5324477575,80.6915791883,80.3434720696,80.6517944336
2025.12.30,80.8009784173,80.8308150838,80.5324408311,80.5423889160
2025.12.31,80.2937399232,80.5622775095,80.1047642515,80.3036804199
2026.01.02,81.0695305319,81.1292038699,80.3832567921,80.8905029297
2026.01.05,81.9149352176,82.7305037142,81.9149352176,82.6807708740
2026.01.06,82.6907151701,82.8200099252,82.4520142423,82.6210937500
2026.01.07,82.6708246987,82.6907132805,82.3326581029,82.4719009399
2026.01.08,82.1237976728,82.4619642844,82.0740648337,82.4122314453
2026.01.09,83.6853096463,84.4610933382,83.6156882275,84.1527709961
2026.01.12,84.4909349455,84.8390496481,84.4710463625,84.8291015625
2026.01.13,84.2422861084,84.3318037027,83.8345056558,83.9936370850
2026.01.14,84.6202367193,84.8788262379,84.4511572060,84.5804519653
2026.01.15,85.4358063777,85.5352644699,84.9285602428,84.9583969116
2026.01.16,85.0777473707,85.1473687909,84.7992616897,85.0180740356
2026.01.20,83.3769919312,83.8643418899,83.1482314920,83.2675857544
2026.01.21,83.7549341811,84.5406659873,83.5958027556,84.3218536377
2026.01.22,84.3914725082,84.6003367661,84.2124449174,84.4014205933
2026.01.23,83.6156926451,84.3616397096,83.4863978857,84.1030426025
2026.01.26,84.6600183547,84.7992611944,84.1627203306,84.1726608276
2026.01.27,85.0081258379,85.5054238643,84.9782891705,85.3761215210
2026.01.28,84.6003360551,84.8092003112,84.3317984653,84.7495269775
2026.01.29,85.6645558711,85.8435834654,84.3815260438,85.6247711182
2026.01.30,85.5054239157,85.7043400911,84.9385044688,85.2567749023
2026.02.02,84.8688861619,85.5452118065,84.6202371394,85.4258575439
2026.02.03,85.8535308131,86.2712593334,85.4556908751,86.2115859985
2026.02.04,87.1962318731,87.7631513050,86.7188300294,87.0172042847
2026.02.05,85.8634802828,86.2911568952,85.5551503421,85.6347198486
2026.02.06,88.2902926049,88.9865144290,88.1013245055,88.9168930054
2026.02.09,89.8120286458,90.9856523183,89.7125629677,90.7966766357
2026.02.10,92.6963514007,93.0643546811,92.4675985522,92.5968933105
2026.02.11,93.4025230126,93.6909492028,92.7162492781,93.4621963501
2026.02.12,93.4920331784,93.7705188717,92.6366799274,92.8654403687
2026.02.13,93.1538740037,93.4323596965,92.4079269317,93.3428421021
2026.02.17,90.9160295085,91.5724589624,90.3789467254,91.3735427856
2026.02.18,91.0552717886,91.5227255600,90.7767785194,90.8861846924
2026.02.19,90.3391652505,90.7270571210,90.1800262328,90.7071609497
2026.02.20,89.9114829263,91.0751584641,89.8418615075,90.9757003784
2026.02.23,91.1447824381,91.5923476304,90.6872691606,90.8961334229
2026.02.24,90.0308296501,90.9458637683,89.8816463155,90.7369995117
2026.02.25,91.5227241020,92.0697549583,91.3934293488,91.9404602051
2026.02.26,92.0995941690,92.2487850965,91.4531052087,91.9802474976
2026.02.27,92.1692162489,92.3084590921,91.7514877195,91.8708419800
2026.03.02,88.9268383426,89.9214344135,88.6881298221,89.7125625610
2026.03.03,84.3218538244,86.6691011629,83.3968791733,86.3607788086
2026.03.04,87.0768862574,88.2405618020,86.6094249049,88.1112594604
2026.03.05,85.9828289260,86.3707207940,84.4511576253,85.4258575439
2026.03.06,83.9240130498,84.7395815178,83.6654235369,84.3119049072
2026.03.09,83.3272586252,85.4059683847,82.4719053867,85.1772079468
2026.03.10,86.0325597166,87.6636966579,85.3960188414,85.9927749634
2026.03.11,84.8390470231,85.7142888249,84.5307170843,85.2667236328
2026.03.12,84.3616391853,84.4610972756,83.3073697689,83.7350463867
2026.03.13,84.0732062434,84.3318033514,82.7603397086,82.9095306396
2026.03.16,84.1229405596,84.8589395541,84.0632596332,84.6102905273
2026.03.17,85.1075815560,85.1772029742,84.4014192888,84.6202316284
2026.03.18,84.2422823686,84.6799070587,83.5958010069,83.6952590942
2026.03.19,81.8154762932,84.0234808218,81.6961220309,83.6256408691
2026.03.20,83.4167772942,83.4565620486,80.4130928352,80.7611999512
2026.03.23,83.1183916950,84.1428244137,82.2829346543,83.0985031128
2026.03.24,82.4520122955,83.4167716575,82.1834671184,82.8299560547
2026.03.25,84.5108274204,84.7793650146,83.8941751388,84.2920150757
2026.03.26,83.1880132681,83.8245541350,82.2133133855,82.2630386353
2026.03.27,81.7458548681,82.0840138955,80.7512587805,80.9899597168
2026.03.30,82.2033661818,82.3028242706,80.9103882638,81.0794677734
2026.03.31,82.0044443080,84.0334212353,81.7259586178,83.9836959839
2026.04.01,86.1917000224,86.8879142439,85.8038005697,86.0126724243
2026.04.02,83.5261831107,85.3761248600,83.2874745853,84.8291015625
2026.04.06,84.5903954948,85.2866096814,84.5903954948,85.1075820923
2026.04.07,84.4213122132,85.2368806922,83.3670428007,85.0479125977
2026.04.08,89.3346145302,89.5036940331,88.3499665916,88.9268341064
2026.04.09,86.8182886304,88.2902865099,86.5199067853,87.7432632446
2026.04.10,87.7034803966,87.9023965722,87.3155885424,87.6537475586
2026.04.13,86.3110431149,87.9222914310,86.1320155242,87.8725585938
2026.04.14,88.2107237554,89.1158021910,88.1808870888,88.9268341064
2026.04.15,88.4295374030,88.6881269094,88.2007769754,88.5886688232
2026.04.16,89.1555869425,89.1953716940,88.6085560943,88.9268341064
2026.04.17,89.5434824474,90.5380785116,89.3744029376,89.7026214600
2026.04.20,88.7875862278,88.9865099911,88.3300729544,88.8472671509
2026.04.21,87.7034786876,87.9521276964,86.5199069775,86.6690979004
2026.04.22,87.2260704199,87.3553727626,86.9077999879,87.2857513428
2026.04.23,87.0172082043,87.3255381466,85.6546164423,86.5994796753
2026.04.24,86.4602374089,87.0669416238,86.2016403038,86.8481292725
2026.04.27,87.5542914967,87.8825100235,87.0868301262,87.2061843872
2026.04.28,87.4448853342,87.5443434243,86.8481292052,87.0868301392
2026.04.29,86.6889960384,86.7884541266,85.9430489951,86.3408813477
2026.04.30,87.8725603406,88.8174311501,87.4448837315,88.6185073853
2026.05.01,87.7333202356,88.3897572977,87.4349459613,87.8228378296
2026.05.04,88.0814235586,88.4693154101,87.3056398554,87.6438064575
2026.05.05,88.1212118655,88.8074855943,88.0018651914,88.7776489258
2026.05.06,90.9160327056,91.4033826676,90.7270570193,91.1845703125
2026.05.07,91.2840227931,91.4729984678,90.3093229291,90.4982910156
2026.05.08,91.7017529995,91.9504020126,91.3238092313,91.7216491699
2026.05.11,91.5824088645,91.9802488141,91.5326760252,91.7614364624
2026.05.12,91.5227228778,91.7614313873,90.8662934472,91.5625076294
2026.05.13,92.1891122223,92.7659721763,92.0498693795,92.5869445801
2026.05.14,91.8708375571,91.9901842237,91.4729976295,91.5625076294
2026.05.15,90.5977541836,90.9160322170,90.2993799095,90.5778656006
2026.05.18,90.5380789652,90.7767798971,89.7424066627,90.4286727905
2026.05.19,89.5036963969,90.3988343593,89.2550473844,89.8020782471
2026.05.20,89.1854307704,90.7370058516,89.1058612609,90.7171096802
2026.05.21,89.6926718666,91.1248926032,89.4738595220,90.8762435913
2026.05.22,90.9259687809,91.6022943963,90.7966740265,91.1149444580
2026.05.26,92.4775416100,92.7261906159,92.1990483493,92.3979721069
2026.05.27,91.6918169320,91.9205697857,91.4332198212,91.7912750244
2026.05.28,91.3635938627,92.4675960865,91.2939724426,92.1990509033
2026.05.29,92.4377606485,92.8654372597,92.1095421261,92.4576492310
2026.06.01,92.2686716596,92.8455391862,91.2641351187,92.4278106689
2026.06.02,92.1095432649,93.0941912561,92.1095432649,93.0743026733
2026.06.03,93.7406801434,93.7406801434,93.2831668591,93.4323577881
2026.06.04,93.3428369544,93.6909440512,92.9052198562,93.6213226318
2026.06.05,92.6267318664,92.7063013754,90.0507316152,90.2297592163
2026.06.08,91.4133249481,91.8708382123,91.2541859407,91.4531021118
2026.06.09,91.7316007218,92.3084606870,89.2351624112,90.4585113525
2026.06.10,89.4042359549,90.1800196392,88.6881256038,88.8074798584
2026.06.11,89.4937536580,91.8310527988,89.2550451485,91.6818618774
2026.06.12,91.9901872869,92.5173219836,91.2840249963,92.2089996338
2026.06.15,94.1900024414,94.2200012207,93.7500000000,94.0599975586
2026.06.16,94.4100036621,94.8700027466,94.0500030518,94.1200027466
2026.06.17,95.1900024414,95.8799972534,94.3199996948,94.4499969482
2026.06.18,96.2300033569,96.5199966431,95.9800033569,96.2600021362
2026.06.22,96.8399963379,97.5199966431,96.7500000000,96.9700012207
2026.06.23,92.4700012207,93.3399963379,92.0899963379,92.7500000000
2026.06.24,92.5699996948,93.0299987793,92.1999969482,92.6100006104
2026.06.25,94.0699996948,94.2399978638,93.0400009155,93.3899993896
2026.06.26,92.4700012207,93.2799987793,92.3199996948,92.8000030518
2026.06.29,92.6200027466,93.2399978638,91.7099990845,93.2099990845
2026.06.30,92.7200012207,93.4800033569,92.6299972534,93.2699966431
2026.07.01,93.4000015259,93.7399978638,93.0100021362,93.0500030518
2026.07.02,93.9499969482,94.5199966431,92.3799972534,93.1399993896
2026.07.06,94.6800003052,95.3600006104,94.5599975586,95.2699966431
2026.07.07,93.9300003052,94.1100006104,92.8000030518,93.0699996948
2026.07.08,91.5199966431,92.5800018311,91.1900024414,92.5400009155
2026.07.09,92.9100036621,93.6900024414,92.8899993896,93.5199966431
2026.07.10,94.1100006104,94.7500000000,93.5699996948,94.5500030518
2026.07.13,93.0699996948,93.3700027466,92.5100021362,92.7200012207
2026.07.14,94.1699981689,94.7799987793,93.7500000000,93.8899993896
2026.07.15,93.9000015259,94.0400009155,92.7799987793,93.5000000000
2026.07.16,92.0400009155,92.4700012207,91.6200027466,91.9100036621
2026.07.17,89.2399978638,90.6500015259,89.1600036621,90.4899978638
2026.07.20,90.8799972534,91.2099990845,90.3799972534,90.4300003052
2026.07.21,92.0800018311,92.9700012207,91.7099990845,92.7399978638
2026.07.22,91.8799972534,92.5500030518,91.8799972534,92.1900024414
2026.07.23,91.4700012207,91.8700027466,90.6399993896,91.0999984741
2026.07.24,91.4599990845,91.9199981689,91.0599975586,91.2099990845
2026.07.27,92.2399978638,92.4000015259,90.8700027466,91.5100021362
2026.07.28,89.3600006104,90.3300018311,89.2900009155,89.8300018311
2026.07.29,89.9400024414,91.1600036621,89.0899963379,89.3499984741
2026.07.30,90.5999984741,93.4599990845,90.5000000000,93.2900009155
2026.07.31,92.5999984741,93.0000000000,91.3399963379,92.3899993896
