Date,Open,High,Low,Close
2006.07.21,49.3499984741,49.6399993896,49.2200012207,49.2500000000
2006.07.24,49.2500000000,49.7000007629,48.9799995422,49.7000007629
2006.07.25,50.1500015259,50.1500015259,49.2000007629,49.2500000000
2006.07.26,49.3499984741,49.7999992371,49.3499984741,49.6199989319
2006.07.27,50.1500015259,50.3499984741,49.9300003052,50.1500015259
2006.07.28,49.9000015259,49.9000015259,49.3300018311,49.5499992371
2006.07.31,50.1500015259,50.7700004578,49.7500000000,50.7500000000
2006.08.01,50.7500000000,51.2299995422,50.6800003052,50.7500000000
2006.08.02,51.5999984741,52.0499992371,51.2700004578,51.5900001526
2006.08.03,50.9000015259,50.9199981689,50.5699996948,50.7700004578
2006.08.04,50.9500007629,51.0699996948,50.3699989319,50.5999984741
2006.08.07,51.0000000000,51.5099983215,50.8499984741,51.3300018311
2006.08.08,51.0499992371,51.4000015259,50.9300003052,51.0999984741
2006.08.09,51.2999992371,51.8800010681,51.2000007629,51.3300018311
2006.08.10,50.9500007629,50.9500007629,49.9000015259,50.0000000000
2006.08.11,50.2000007629,50.3300018311,49.6300010681,49.8499984741
2006.08.14,48.9500007629,49.0299987793,48.6300010681,48.9799995422
2006.08.15,49.0499992371,49.1399993896,48.8499984741,48.8499984741
2006.08.16,48.9000015259,48.9500007629,48.4000015259,48.4500007629
2006.08.17,48.0000000000,48.0000000000,47.5499992371,47.7299995422
2006.08.18,47.9500007629,48.1199989319,47.4599990845,47.8699989319
2006.08.21,48.4000015259,48.5000000000,48.1500015259,48.4300003052
2006.08.22,48.5000000000,48.7200012207,48.2799987793,48.5600013733
2006.08.23,48.5800018311,48.5800018311,47.5999984741,48.0299987793
2006.08.24,48.0000000000,48.5499992371,47.9099998474,48.5499992371
2006.08.25,49.0499992371,49.1500015259,48.4399986267,48.4399986267
2006.08.28,47.7400016785,47.7500000000,47.2200012207,47.2400016785
2006.08.29,46.9000015259,47.0999984741,46.5999984741,47.0099983215
2006.08.30,47.0099983215,47.0099983215,46.4500007629,47.0000000000
2006.08.31,47.0000000000,47.1300010681,46.7000007629,47.1300010681
2006.09.01,47.0000000000,47.0000000000,46.4300003052,46.5000000000
2006.09.05,46.2500000000,46.5299987793,46.1199989319,46.2200012207
2006.09.06,45.9000015259,46.2799987793,45.7000007629,45.8199996948
2006.09.07,45.7000007629,45.7099990845,45.2500000000,45.5000000000
2006.09.08,45.5999984741,45.5999984741,44.6199989319,44.7099990845
2006.09.11,44.0999984741,44.3600006104,43.7500000000,43.9099998474
2006.09.12,44.0999984741,44.2999992371,43.2000007629,43.3699989319
2006.09.13,43.5400009155,43.5400009155,42.9900016785,43.2700004578
2006.09.14,43.0999984741,43.2000007629,42.2500000000,42.3699989319
2006.09.15,42.4000015259,42.4000015259,41.8400001526,42.2000007629
2006.09.18,42.3499984741,42.8800010681,42.0000000000,42.6500015259
2006.09.19,42.7799987793,42.8400001526,41.5000000000,41.5000000000
2006.09.20,41.1500015259,41.4500007629,40.9000015259,41.0000000000
2006.09.21,41.0499992371,41.5000000000,40.8499984741,41.4500007629
2006.09.22,41.6500015259,41.6500015259,40.7500000000,40.9399986267
2006.09.25,40.2999992371,41.3100013733,40.2500000000,41.0000000000
2006.09.26,41.0499992371,41.4500007629,40.9199981689,41.2999992371
2006.09.27,41.4000015259,41.9799995422,40.6800003052,41.9799995422
2006.09.28,42.0000000000,42.2999992371,41.7299995422,41.8400001526
2006.09.29,41.7000007629,42.1399993896,41.2999992371,42.0699996948
2006.10.02,42.0499992371,42.1100006104,41.1199989319,41.2799987793
2006.10.03,40.7200012207,40.7200012207,40.0999984741,40.2799987793
2006.10.04,40.3899993896,40.7099990845,39.7400016785,40.6699981689
2006.10.05,41.5000000000,41.5299987793,40.9900016785,41.0600013733
2006.10.06,41.2000007629,41.4099998474,40.7999992371,41.4000015259
2006.10.09,41.9500007629,42.2799987793,41.7900009155,41.8499984741
2006.10.10,41.5499992371,41.5600013733,41.1500015259,41.1500015259
2006.10.11,41.1500015259,42.2799987793,40.7999992371,40.7999992371
2006.10.12,40.9500007629,41.0999984741,40.6599998474,40.9300003052
2006.10.13,41.2500000000,41.6599998474,41.2500000000,41.4500007629
2006.10.16,41.5000000000,42.4199981689,41.3499984741,42.4000015259
2006.10.17,42.7500000000,42.7599983215,41.7700004578,41.8499984741
2006.10.18,41.7000007629,42.0499992371,41.0400009155,41.4000015259
2006.10.19,41.5999984741,42.0499992371,41.1500015259,41.8899993896
2006.10.20,42.0000000000,42.0499992371,41.2999992371,41.5000000000
2006.10.23,41.0000000000,41.2000007629,40.7700004578,41.0999984741
2006.10.24,41.0499992371,41.5999984741,40.8699989319,41.5999984741
2006.10.25,41.6500015259,42.6800003052,41.6500015259,42.6300010681
2006.10.26,42.5800018311,42.7500000000,41.9000015259,42.1500015259
2006.10.27,42.1500015259,42.2799987793,41.8699989319,42.1500015259
2006.10.30,41.5000000000,41.5699996948,40.6899986267,40.9399986267
2006.10.31,40.5499992371,41.0200004578,40.0800018311,41.0000000000
2006.11.01,41.0499992371,41.2500000000,40.4000015259,41.0000000000
2006.11.02,40.7999992371,41.2599983215,40.5699996948,40.7000007629
2006.11.03,41.0499992371,41.4799995422,40.9500007629,41.3100013733
2006.11.06,41.2999992371,41.8699989319,41.2999992371,41.6500015259
2006.11.07,41.7500000000,41.8499984741,41.2599983215,41.4099998474
2006.11.08,41.5999984741,41.9900016785,41.4399986267,41.7900009155
2006.11.09,42.0999984741,42.6300010681,42.0999984741,42.2000007629
2006.11.10,42.2000007629,42.2000007629,41.4000015259,41.5499992371
2006.11.13,41.2000007629,41.2200012207,40.7700004578,41.0600013733
2006.11.14,41.0999984741,41.2200012207,40.8899993896,40.9700012207
2006.11.15,41.0499992371,41.5800018311,40.9700012207,41.3400001526
2006.11.16,41.5000000000,41.7099990845,40.0999984741,40.2500000000
2006.11.17,40.2000007629,40.5999984741,40.0600013733,40.5000000000
2006.11.20,40.5499992371,40.8499984741,40.3400001526,40.5800018311
2006.11.21,40.7999992371,41.3400001526,40.7000007629,41.2299995422
2006.11.22,41.1500015259,41.3699989319,40.4300003052,40.6500015259
2006.11.24,40.9500007629,41.3899993896,40.9500007629,41.3899993896
2006.11.27,41.3899993896,41.5299987793,41.1599998474,41.4399986267
2006.11.28,41.6399993896,41.8499984741,41.4500007629,41.7500000000
2006.11.29,41.8499984741,42.5900001526,41.7799987793,42.5800018311
2006.11.30,42.5800018311,43.1899986267,42.5800018311,43.0499992371
2006.12.01,42.8499984741,43.0999984741,42.5299987793,43.0999984741
2006.12.04,42.5999984741,42.5999984741,42.0099983215,42.0699996948
2006.12.05,42.2999992371,42.3800010681,41.7299995422,42.2999992371
2006.12.06,41.8899993896,42.2999992371,41.5999984741,41.7999992371
2006.12.07,41.6500015259,41.7299995422,41.3199996948,41.6399993896
2006.12.08,41.9500007629,42.2000007629,41.2999992371,41.3499984741
2006.12.11,41.2000007629,41.4099998474,40.9099998474,41.1500015259
2006.12.12,41.2999992371,41.4199981689,40.7700004578,40.8899993896
2006.12.13,40.9900016785,41.1800003052,40.6599998474,40.9199981689
2006.12.14,41.5499992371,41.7799987793,41.3499984741,41.5999984741
2006.12.15,41.5999984741,41.6599998474,41.3100013733,41.6500015259
2006.12.18,41.4000015259,41.4000015259,40.8300018311,40.8300018311
2006.12.19,40.7400016785,41.4000015259,40.5999984741,41.1300010681
2006.12.20,41.4399986267,41.4500007629,41.1100006104,41.2500000000
2006.12.21,41.0900001526,41.0999984741,40.5999984741,40.9000015259
2006.12.22,40.9399986267,40.9500007629,40.6300010681,40.6800003052
2006.12.26,40.7400016785,40.7400016785,39.7500000000,39.7999992371
2006.12.27,39.9000015259,40.0000000000,39.5800018311,39.6500015259
2006.12.28,39.9900016785,39.9900016785,39.6599998474,39.7999992371
2006.12.29,39.7999992371,40.1500015259,39.5099983215,40.0699996948
2007.01.03,39.5000000000,40.0000000000,38.2900009155,38.4000015259
2007.01.04,38.0600013733,38.2000007629,36.9300003052,37.1500015259
2007.01.05,37.2000007629,37.6399993896,36.5000000000,37.4799995422
2007.01.08,38.0000000000,38.2900009155,37.0699996948,37.4000015259
2007.01.09,36.9000015259,37.3199996948,36.6500015259,37.2200012207
2007.01.10,37.0000000000,37.2000007629,36.5099983215,36.6100006104
2007.01.11,36.7000007629,37.1599998474,36.0000000000,36.3199996948
2007.01.12,36.0299987793,36.9399986267,36.0299987793,36.8800010681
2007.01.16,36.6500015259,37.3499984741,35.7299995422,36.1500015259
2007.01.17,35.7500000000,36.4900016785,35.7500000000,36.3199996948
2007.01.18,36.5000000000,36.9900016785,35.5299987793,35.8899993896
2007.01.19,35.9500007629,36.8899993896,35.9500007629,36.8100013733
2007.01.22,37.1500015259,37.4500007629,36.4599990845,36.8800010681
2007.01.23,37.2999992371,37.8800010681,36.8499984741,37.7500000000
2007.01.24,37.7299995422,37.9900016785,37.2000007629,37.9500007629
2007.01.25,38.0499992371,38.0999984741,37.3300018311,37.4500007629
2007.01.26,37.7000007629,37.9500007629,37.4300003052,37.8300018311
2007.01.29,37.7500000000,37.7500000000,36.8499984741,36.9700012207
2007.01.30,37.2500000000,38.4599990845,37.1800003052,38.4199981689
2007.01.31,38.3499984741,39.0499992371,38.0400009155,39.0499992371
2007.02.01,38.9500007629,39.1800003052,38.4599990845,38.5900001526
2007.02.02,38.7000007629,39.1399993896,38.2799987793,39.0900001526
2007.02.05,39.5000000000,39.7000007629,39.0499992371,39.2900009155
2007.02.06,39.4500007629,39.5000000000,38.9300003052,39.0200004578
2007.02.07,39.2500000000,39.4700012207,38.5299987793,38.7500000000
2007.02.08,38.8400001526,39.6300010681,38.5800018311,39.6300010681
2007.02.09,39.7500000000,40.0000000000,39.4700012207,39.7099990845
2007.02.12,39.0999984741,39.1800003052,38.2599983215,38.4500007629
2007.02.13,38.7999992371,39.4000015259,38.5200004578,39.2999992371
2007.02.14,39.2500000000,39.4000015259,38.6100006104,38.7200012207
2007.02.15,38.7999992371,38.9500007629,38.2099990845,38.9500007629
2007.02.16,39.0999984741,39.5499992371,38.8400001526,39.4300003052
2007.02.20,38.9000015259,39.2000007629,38.5000000000,39.2000007629
2007.02.21,39.1500015259,40.0499992371,38.9700012207,39.8499984741
2007.02.22,40.0000000000,40.5699996948,39.8499984741,40.1500015259
2007.02.23,40.9000015259,41.0400009155,40.4099998474,40.5699996948
2007.02.26,41.0499992371,41.0699996948,40.5600013733,40.9900016785
2007.02.27,40.4500007629,41.1399993896,40.0000000000,40.0000000000
2007.02.28,40.5999984741,41.4099998474,40.0499992371,40.5000000000
2007.03.01,40.5000000000,40.7200012207,40.0299987793,40.5999984741
2007.03.02,40.5499992371,40.6599998474,40.1800003052,40.3499984741
2007.03.05,39.7500000000,39.9000015259,39.3199996948,39.5499992371
2007.03.06,39.9000015259,40.1199989319,39.7000007629,40.0800018311
2007.03.07,40.2000007629,40.6800003052,40.1100006104,40.6300010681
2007.03.08,40.8100013733,40.8100013733,40.3100013733,40.6300010681
2007.03.09,40.5499992371,40.5499992371,39.7999992371,39.9099998474
2007.03.12,39.5999984741,39.6699981689,39.1599998474,39.2000007629
2007.03.13,39.5000000000,39.9700012207,39.1500015259,39.2000007629
2007.03.14,39.2000007629,39.4599990845,38.9300003052,39.3800010681
2007.03.15,39.5000000000,39.7400016785,39.0299987793,39.1500015259
2007.03.16,39.2999992371,39.6699981689,38.8300018311,38.8300018311
2007.03.19,39.0999984741,39.3199996948,39.0099983215,39.2400016785
2007.03.20,39.2999992371,39.3600006104,38.9500007629,39.0200004578
2007.03.21,39.0000000000,39.4799995422,39.0000000000,39.4500007629
2007.03.22,39.7999992371,40.2900009155,39.6899986267,40.2500000000
2007.03.23,40.2999992371,40.4700012207,40.0600013733,40.2500000000
2007.03.26,40.4500007629,40.6699981689,40.4199981689,40.6399993896
2007.03.27,40.5000000000,40.7500000000,40.3899993896,40.7400016785
2007.03.28,41.1500015259,41.4799995422,41.0400009155,41.1800003052
2007.03.29,41.4900016785,42.0499992371,41.3400001526,41.9000015259
2007.03.30,42.0000000000,42.1699981689,41.5000000000,41.5000000000
2007.04.02,41.7999992371,42.1100006104,41.4900016785,41.6699981689
2007.04.03,41.5999984741,41.6699981689,41.1399993896,41.3800010681
2007.04.04,41.2999992371,41.8699989319,40.9599990845,41.8699989319
2007.04.05,41.7999992371,41.9700012207,41.5699996948,41.7999992371
2007.04.09,41.9500007629,42.0400009155,41.0299987793,41.2999992371
2007.04.10,41.0999984741,41.6199989319,41.0999984741,41.5699996948
2007.04.11,41.6500015259,42.5000000000,41.2999992371,41.4500007629
2007.04.12,41.7000007629,42.0400009155,41.4300003052,41.7500000000
2007.04.13,42.2000007629,42.2500000000,41.7999992371,41.7999992371
2007.04.16,41.8499984741,42.0099983215,41.4000015259,41.5200004578
2007.04.17,41.7999992371,41.8400001526,41.0099983215,41.1599998474
2007.04.18,41.0499992371,41.2299995422,40.5900001526,41.2299995422
2007.04.19,41.0000000000,41.0400009155,40.6300010681,41.0000000000
2007.04.20,41.0000000000,41.1800003052,40.7299995422,41.1800003052
2007.04.23,41.0999984741,41.9000015259,41.0000000000,41.6199989319
2007.04.24,41.8499984741,41.9599990845,41.0800018311,41.3100013733
2007.04.25,41.6500015259,42.0400009155,41.4900016785,41.7799987793
2007.04.26,41.7799987793,41.9199981689,41.4000015259,41.5999984741
2007.04.27,41.4000015259,42.1899986267,41.3199996948,42.1399993896
2007.04.30,42.0499992371,42.1500015259,41.6300010681,41.6899986267
2007.05.01,41.7999992371,42.0800018311,41.4099998474,41.4900016785
2007.05.02,41.5000000000,41.5000000000,40.9300003052,41.2200012207
2007.05.03,41.0999984741,41.4000015259,40.8499984741,41.4000015259
2007.05.04,41.5499992371,41.5499992371,40.8100013733,41.0200004578
2007.05.07,40.5000000000,40.7200012207,39.6500015259,40.3400001526
2007.05.08,40.4000015259,40.9399986267,40.3600006104,40.8400001526
2007.05.09,40.7000007629,40.9500007629,40.0999984741,40.5999984741
2007.05.10,40.7599983215,40.7599983215,40.4000015259,40.5000000000
2007.05.11,40.7999992371,41.2099990845,40.5900001526,41.1800003052
2007.05.14,41.2999992371,41.3199996948,40.8699989319,40.9599990845
2007.05.15,40.8499984741,41.2999992371,40.4799995422,41.1599998474
2007.05.16,41.1500015259,41.2500000000,40.7099990845,41.2500000000
2007.05.17,41.0000000000,41.7799987793,40.9199981689,41.7799987793
2007.05.18,41.9000015259,41.9599990845,41.5299987793,41.6100006104
2007.05.21,41.7500000000,42.2200012207,41.4399986267,42.0600013733
2007.05.22,41.7999992371,42.1199989319,41.3899993896,41.5499992371
2007.05.23,41.5499992371,41.6500015259,41.2000007629,41.6199989319
2007.05.24,41.7500000000,41.7999992371,41.0099983215,41.3499984741
2007.05.25,41.3800010681,41.6199989319,41.1199989319,41.4399986267
2007.05.29,41.1500015259,41.3400001526,40.2900009155,40.6800003052
2007.05.30,40.7999992371,40.8400001526,40.5699996948,40.8100013733
2007.05.31,40.9500007629,41.2000007629,40.6100006104,41.2000007629
2007.06.01,41.1800003052,41.7900009155,41.0999984741,41.5699996948
2007.06.04,41.7000007629,42.3400001526,41.7000007629,42.0999984741
2007.06.05,42.0999984741,42.2900009155,41.8100013733,42.0099983215
2007.06.06,41.7999992371,42.0999984741,41.7400016785,42.0299987793
2007.06.07,42.0499992371,42.4599990845,41.7599983215,42.0499992371
2007.06.08,42.0499992371,42.0499992371,40.9300003052,41.0499992371
2007.06.11,41.3499984741,41.7200012207,41.0200004578,41.6300010681
2007.06.12,41.2000007629,41.5400009155,41.1300010681,41.5400009155
2007.06.13,41.4000015259,41.9199981689,41.1899986267,41.7999992371
2007.06.14,42.3499984741,42.7999992371,41.7999992371,42.6800003052
2007.06.15,42.7999992371,43.2000007629,42.5499992371,43.0000000000
2007.06.18,43.0499992371,43.1800003052,42.7500000000,43.0299987793
2007.06.19,42.8499984741,42.9599990845,42.5200004578,42.5200004578
2007.06.20,42.6500015259,42.6500015259,42.1500015259,42.4399986267
2007.06.21,42.9500007629,42.9500007629,42.2700004578,42.4399986267
2007.06.22,42.5499992371,42.6399993896,42.2500000000,42.4199981689
2007.06.25,41.7000007629,42.4500007629,41.6599998474,42.3800010681
2007.06.26,41.9000015259,42.0499992371,41.6399993896,41.7400016785
2007.06.27,41.5499992371,42.2500000000,41.2999992371,41.8800010681
2007.06.28,42.4500007629,42.5000000000,41.9000015259,41.9000015259
2007.06.29,42.5499992371,42.6800003052,42.2900009155,42.4900016785
2007.07.02,42.3100013733,43.0000000000,42.1500015259,42.7500000000
2007.07.03,42.7000007629,42.9399986267,42.5099983215,42.6699981689
2007.07.05,43.3499984741,43.3600006104,42.7299995422,43.1800003052
2007.07.06,43.2299995422,43.5499992371,43.2200012207,43.4199981689
2007.07.09,43.5699996948,43.6699981689,43.2299995422,43.4199981689
2007.07.10,43.2700004578,44.0000000000,43.1599998474,43.6800003052
2007.07.11,43.6800003052,43.9099998474,43.4099998474,43.6500015259
2007.07.12,44.0000000000,44.1500015259,43.4000015259,43.6500015259
2007.07.13,43.7000007629,44.2799987793,43.7000007629,44.2299995422
2007.07.16,43.9599990845,44.0000000000,43.2599983215,43.4599990845
2007.07.17,43.7599983215,43.9399986267,43.2099990845,43.4199981689
2007.07.18,43.4900016785,44.1399993896,43.4199981689,44.1399993896
2007.07.19,44.2200012207,44.6199989319,44.2099990845,44.6100006104
2007.07.20,44.7799987793,44.7799987793,44.2999992371,44.4300003052
2007.07.23,43.9799995422,43.9900016785,43.6699981689,43.8499984741
2007.07.24,43.4399986267,43.4399986267,42.9599990845,43.2700004578
2007.07.25,43.1500015259,43.9599990845,42.9199981689,43.9000015259
2007.07.26,44.2999992371,44.3199996948,43.1399993896,43.7500000000
2007.07.27,43.7099990845,44.5200004578,43.6300010681,44.1500015259
2007.07.30,44.1500015259,44.3600006104,43.8800010681,44.1500015259
2007.07.31,44.4500007629,44.8600006104,44.1800003052,44.5200004578
2007.08.01,44.5499992371,44.6199989319,43.6599998474,44.1800003052
2007.08.02,44.0999984741,44.3600006104,43.9300003052,44.1199989319
2007.08.03,44.1500015259,44.1500015259,43.4199981689,43.5800018311
2007.08.06,42.7000007629,42.8899993896,41.8499984741,42.2000007629
2007.08.07,42.3199996948,42.6199989319,42.0800018311,42.6199989319
2007.08.08,42.3499984741,42.7000007629,41.8400001526,42.5499992371
2007.08.09,42.0000000000,42.4500007629,41.2299995422,42.3100013733
2007.08.10,42.0000000000,42.3199996948,41.3899993896,42.2000007629
2007.08.13,42.7500000000,43.0200004578,41.9099998474,42.5499992371
2007.08.14,42.6300010681,42.6800003052,42.1500015259,42.6399993896
2007.08.15,42.8499984741,43.2900009155,42.4900016785,42.8800010681
2007.08.16,42.0000000000,42.0800018311,41.0000000000,41.9500007629
2007.08.17,42.0999984741,42.2999992371,41.8300018311,42.2500000000
2007.08.20,41.7999992371,41.7999992371,41.0999984741,41.0999984741
2007.08.21,41.4000015259,41.5499992371,40.6399993896,41.0499992371
2007.08.22,41.4300003052,41.4300003052,40.6399993896,41.0400009155
2007.08.23,41.5499992371,41.5900001526,40.6699981689,41.0999984741
2007.08.24,41.3499984741,42.0800018311,41.3499984741,42.0400009155
2007.08.27,41.5999984741,42.1899986267,41.4300003052,42.0099983215
2007.08.28,42.0000000000,42.2000007629,41.6699981689,42.0099983215
2007.08.29,40.2999992371,42.6500015259,40.2999992371,42.5900001526
2007.08.30,42.5999984741,42.8400001526,42.4000015259,42.7099990845
2007.08.31,43.1500015259,43.3600006104,42.7099990845,43.0999984741
2007.09.04,43.0000000000,43.5800018311,42.9500007629,43.5800018311
2007.09.05,43.4000015259,43.7400016785,43.2200012207,43.5499992371
2007.09.06,44.0999984741,44.1100006104,43.4900016785,43.8699989319
2007.09.07,43.7500000000,44.0499992371,43.4700012207,43.7000007629
2007.09.10,43.7999992371,44.7999992371,43.6599998474,44.4500007629
2007.09.11,44.4000015259,45.1300010681,44.2700004578,45.0299987793
2007.09.12,45.0000000000,45.6599998474,45.0000000000,45.6300010681
2007.09.13,45.5000000000,45.6300010681,45.0600013733,45.3800010681
2007.09.14,45.4000015259,45.7500000000,45.1800003052,45.3199996948
2007.09.17,45.5999984741,46.1399993896,45.4099998474,46.1399993896
2007.09.18,45.9000015259,46.7400016785,45.5400009155,46.3600006104
2007.09.19,46.5999984741,46.6699981689,46.0499992371,46.4799995422
2007.09.20,46.7500000000,47.1500015259,46.2900009155,47.0099983215
2007.09.21,47.0600013733,47.5900001526,46.5900001526,47.0200004578
2007.09.24,47.0200004578,47.2500000000,46.6699981689,46.9099998474
2007.09.25,46.7000007629,46.7000007629,46.2200012207,46.4799995422
2007.09.26,46.8300018311,46.9199981689,45.9300003052,46.2000007629
2007.09.27,47.0000000000,47.7900009155,46.9399986267,47.6899986267
2007.09.28,48.0999984741,48.0999984741,47.0299987793,47.1699981689
2007.10.01,47.2999992371,47.2999992371,46.4500007629,46.5699996948
2007.10.02,46.5099983215,46.7000007629,46.0299987793,46.5299987793
2007.10.03,46.6699981689,46.8300018311,46.2599983215,46.5400009155
2007.10.04,46.3499984741,47.1399993896,46.0000000000,47.1399993896
2007.10.05,47.0499992371,47.9799995422,46.4000015259,46.5000000000
2007.10.08,46.0699996948,46.1500015259,45.3100013733,45.7700004578
2007.10.09,45.2500000000,46.3100013733,45.2500000000,46.0600013733
2007.10.10,46.0800018311,46.6800003052,46.0400009155,46.6800003052
2007.10.11,47.0299987793,47.5600013733,46.8400001526,47.3499984741
2007.10.12,47.3499984741,47.6199989319,47.1899986267,47.5099983215
2007.10.15,48.2000007629,48.5999984741,47.9700012207,48.5000000000
2007.10.16,48.5999984741,48.8899993896,48.0999984741,48.0999984741
2007.10.17,48.6100006104,49.1699981689,48.3800010681,48.6599998474
2007.10.18,48.7500000000,49.5000000000,48.7500000000,49.4300003052
2007.10.19,49.0299987793,49.2599983215,48.7900009155,49.2000007629
2007.10.22,48.4000015259,48.8199996948,47.8699989319,48.5499992371
2007.10.23,49.0000000000,49.0000000000,48.0600013733,48.2900009155
2007.10.24,47.9000015259,48.8899993896,47.9000015259,48.6699981689
2007.10.25,49.2000007629,50.2500000000,48.9199981689,50.2500000000
2007.10.26,50.9000015259,50.9000015259,50.0600013733,50.2400016785
2007.10.29,50.6599998474,51.4399986267,50.6500015259,51.3199996948
2007.10.30,50.7299995422,51.0000000000,49.9900016785,50.2799987793
2007.10.31,50.7900009155,51.7799987793,49.7999992371,50.0000000000
2007.11.01,51.3800010681,51.5900001526,50.6699981689,51.3499984741
2007.11.02,51.5999984741,52.7500000000,51.4199981689,52.7500000000
2007.11.05,51.4399986267,52.2599983215,51.2200012207,51.9199981689
2007.11.06,52.4500007629,52.7500000000,52.2700004578,52.6699981689
2007.11.07,53.0000000000,53.0200004578,51.7500000000,52.2000007629
2007.11.08,52.7799987793,53.0000000000,51.7599983215,52.0999984741
2007.11.09,51.9099998474,52.4700012207,51.6800003052,52.3899993896
2007.11.12,52.5000000000,52.5000000000,50.8499984741,51.4000015259
2007.11.13,51.7999992371,51.7999992371,49.7400016785,50.3699989319
2007.11.14,50.3800010681,51.4900016785,50.3800010681,51.3199996948
2007.11.15,51.6100006104,51.6100006104,50.2599983215,51.0999984741
2007.11.16,51.8600006104,51.8600006104,50.9799995422,51.4900016785
2007.11.19,51.6300010681,51.6500015259,51.0400009155,51.5499992371
2007.11.20,52.0600013733,53.0000000000,51.6899986267,53.0000000000
2007.11.21,53.0099983215,53.0099983215,52.0699996948,52.4900016785
2007.11.23,53.3400001526,53.3400001526,52.5499992371,52.7500000000
2007.11.26,53.2500000000,53.3199996948,52.4500007629,52.4500007629
2007.11.27,53.2400016785,53.2400016785,51.1199989319,51.5699996948
2007.11.28,52.2500000000,52.2500000000,49.7599983215,50.7999992371
2007.11.29,50.1599998474,51.4199981689,50.1599998474,50.7400016785
2007.11.30,51.8400001526,51.8400001526,49.3100013733,49.7700004578
2007.12.03,49.7999992371,50.1100006104,48.7200012207,50.1100006104
2007.12.04,50.2400016785,50.4900016785,48.8600006104,48.9000015259
2007.12.05,50.0000000000,50.0000000000,48.9000015259,49.0900001526
2007.12.06,48.4500007629,50.5000000000,48.4500007629,50.5000000000
2007.12.07,50.0000000000,50.0000000000,49.0999984741,49.9300003052
2007.12.10,50.0000000000,50.2099990845,49.1199989319,49.4900016785
2007.12.11,50.1500015259,50.3300018311,49.3100013733,50.0200004578
2007.12.12,50.6500015259,52.0999984741,50.5900001526,51.7799987793
2007.12.13,51.8300018311,51.9599990845,51.2999992371,51.6500015259
2007.12.14,51.6599998474,51.6599998474,50.7799987793,51.5000000000
2007.12.17,50.5999984741,51.0999984741,50.4199981689,50.4799995422
2007.12.18,51.2700004578,51.5400009155,50.2299995422,50.9599990845
2007.12.19,50.8899993896,51.5900001526,50.8300018311,50.8800010681
2007.12.20,51.2000007629,51.2999992371,50.7299995422,51.1300010681
2007.12.21,51.4199981689,51.8400001526,51.0999984741,51.7500000000
2007.12.24,51.7500000000,52.2000007629,51.5000000000,52.2000007629
2007.12.26,52.7299995422,53.2700004578,52.4399986267,53.2700004578
2007.12.27,52.5299987793,53.2599983215,52.5299987793,53.1300010681
2007.12.28,53.2700004578,53.3699989319,52.4900016785,52.8100013733
2007.12.31,52.8600006104,53.8499984741,52.2500000000,52.7400016785
2008.01.02,53.7500000000,54.9000015259,53.5000000000,54.6599998474
2008.01.03,54.6399993896,55.1500015259,54.3199996948,54.6599998474
2008.01.04,54.4000015259,55.0200004578,53.7299995422,54.2999992371
2008.01.07,54.0499992371,54.0499992371,52.6399993896,52.6800003052
2008.01.08,53.8100013733,54.1599998474,53.4900016785,53.7000007629
2008.01.09,53.7099990845,54.2299995422,53.0699996948,53.5000000000
2008.01.10,52.7000007629,52.9599990845,52.3400001526,52.7599983215
2008.01.11,52.5099983215,52.7299995422,52.0200004578,52.6500015259
2008.01.14,52.8199996948,53.3600006104,52.7299995422,53.3600006104
2008.01.15,52.5699996948,52.5699996948,51.8899993896,52.3899993896
2008.01.16,51.7299995422,51.9199981689,50.8899993896,51.3499984741
2008.01.17,52.0699996948,52.1500015259,51.0699996948,51.0999984741
2008.01.18,51.7299995422,51.8499984741,51.1300010681,51.4500007629
2008.01.22,50.0000000000,51.2200012207,49.9599990845,50.4700012207
2008.01.23,49.5800018311,50.4399986267,49.4500007629,49.8600006104
2008.01.24,50.4599990845,51.0900001526,50.1500015259,50.7299995422
2008.01.25,51.7900009155,51.9700012207,51.4000015259,51.7900009155
2008.01.28,51.4099998474,52.2599983215,51.0000000000,52.2599983215
2008.01.29,52.3100013733,52.5499992371,52.0400009155,52.5099983215
2008.01.30,52.7400016785,52.7400016785,52.1199989319,52.5099983215
2008.01.31,52.0600013733,52.7999992371,51.3300018311,52.5000000000
2008.02.01,52.2999992371,52.2999992371,51.0900001526,51.5200004578
2008.02.04,51.5999984741,52.2999992371,51.2200012207,52.0000000000
2008.02.05,51.3499984741,51.5900001526,51.0400009155,51.4300003052
2008.02.06,51.6599998474,51.9399986267,51.0999984741,51.2400016785
2008.02.07,51.0000000000,51.8100013733,50.9700012207,51.6399993896
2008.02.08,52.1599998474,53.7700004578,52.1599998474,53.6199989319
2008.02.11,53.9000015259,55.0000000000,53.4199981689,54.1300010681
2008.02.12,53.8699989319,54.2299995422,53.4199981689,53.5000000000
2008.02.13,53.0800018311,53.9500007629,53.0800018311,53.7799987793
2008.02.14,54.3899993896,55.2200012207,54.2500000000,54.8499984741
2008.02.15,55.3600006104,55.4900016785,54.5099983215,55.0000000000
2008.02.19,56.4099998474,56.9199981689,55.9599990845,56.5499992371
2008.02.20,56.4500007629,57.2200012207,56.1300010681,56.6500015259
2008.02.21,56.6500015259,57.1899986267,55.9700012207,56.2900009155
2008.02.22,56.6500015259,56.9799995422,55.9599990845,56.9199981689
2008.02.25,57.0600013733,57.5099983215,56.5999984741,57.5099983215
2008.02.26,57.5600013733,58.9799995422,57.1699981689,58.9799995422
2008.02.27,57.9099998474,58.5000000000,57.5699996948,57.9700012207
2008.02.28,58.4300003052,59.1599998474,58.0999984741,59.1599998474
2008.02.29,58.9799995422,59.0099983215,58.2900009155,58.4099998474
2008.03.03,59.5600013733,59.8600006104,58.8499984741,59.1899986267
2008.03.04,59.2900009155,59.4300003052,57.2000007629,57.7700004578
2008.03.05,58.3199996948,59.9500007629,58.3199996948,59.5099983215
2008.03.06,59.7900009155,60.1100006104,58.9500007629,60.0999984741
2008.03.07,59.7000007629,60.2299995422,59.1599998474,59.5000000000
2008.03.10,59.1300010681,60.7999992371,58.6500015259,60.5499992371
2008.03.11,60.9300003052,61.3400001526,60.1399993896,61.2999992371
2008.03.12,61.0999984741,61.7700004578,60.4599990845,61.4900016785
2008.03.13,61.7500000000,62.3699989319,61.5000000000,62.0000000000
2008.03.14,61.9500007629,62.4000015259,61.0000000000,61.6800003052
2008.03.17,60.0000000000,60.2999992371,57.6100006104,58.5000000000
2008.03.18,59.2500000000,60.8600006104,59.1599998474,60.1399993896
2008.03.19,59.5800018311,59.5800018311,56.1199989319,56.1199989319
2008.03.20,55.5999984741,57.2000007629,55.5299987793,56.2599983215
2008.03.24,56.7400016785,57.4599990845,56.2200012207,56.9399986267
2008.03.25,57.5000000000,58.0400009155,56.9300003052,58.0299987793
2008.03.26,58.5000000000,59.5800018311,58.3699989319,59.2999992371
2008.03.27,59.3499984741,60.6399993896,59.2200012207,60.6399993896
2008.03.28,60.2299995422,60.2299995422,58.7500000000,59.2599983215
2008.03.31,59.0400009155,59.5499992371,57.0000000000,57.8600006104
2008.04.01,57.0600013733,57.8300018311,56.2999992371,56.8800010681
2008.04.02,56.9799995422,58.7900009155,56.6399993896,58.4900016785
2008.04.03,58.3100013733,59.2500000000,58.0900001526,58.4599990845
2008.04.04,58.9099998474,59.7099990845,58.8400001526,59.6699981689
2008.04.07,60.6199989319,60.8800010681,60.3400001526,60.5900001526
2008.04.08,60.5400009155,60.7400016785,60.0800018311,60.2799987793
2008.04.09,60.4599990845,62.2000007629,60.4599990845,61.6500015259
2008.04.10,62.1899986267,62.2200012207,61.0299987793,61.4099998474
2008.04.11,61.1699981689,61.4099998474,60.8899993896,61.1599998474
2008.04.14,61.2599983215,61.9700012207,61.2200012207,61.9700012207
2008.04.15,62.4700012207,62.9799995422,62.4700012207,62.8800010681
2008.04.16,63.0400009155,64.1100006104,62.4700012207,64.1100006104
2008.04.17,63.7200012207,63.8100013733,63.2000007629,63.6399993896
2008.04.18,62.9399986267,64.1299972534,62.5099983215,64.1299972534
2008.04.21,63.9599990845,63.9599990845,63.1599998474,63.7099990845
2008.04.22,63.9500007629,64.8899993896,63.7599983215,64.7399978638
2008.04.23,64.1900024414,64.7799987793,63.7900009155,64.6999969482
2008.04.24,63.8899993896,64.4100036621,63.0000000000,63.3100013733
2008.04.25,63.4700012207,64.8899993896,63.4700012207,64.3099975586
2008.04.28,64.9199981689,64.9499969482,64.3899993896,64.7799987793
2008.04.29,63.9700012207,64.0899963379,62.9700012207,63.0299987793
2008.04.30,63.2900009155,63.5900001526,62.1599998474,62.5999984741
2008.05.01,62.0699996948,62.0699996948,60.6199989319,61.5299987793
2008.05.02,61.5000000000,63.3100013733,61.5000000000,63.0800018311
2008.05.05,63.8899993896,64.9800033569,63.8899993896,64.7900009155
2008.05.06,65.0000000000,65.9899978638,64.9800033569,65.8000030518
2008.05.07,65.5999984741,66.5000000000,65.0000000000,66.5000000000
2008.05.08,66.4199981689,67.1500015259,66.0100021362,67.0400009155
2008.05.09,67.8499984741,68.0299987793,67.0400009155,67.6800003052
2008.05.12,67.4800033569,67.8000030518,66.8300018311,66.9599990845
2008.05.13,66.8899993896,68.0500030518,66.5800018311,67.7600021362
2008.05.14,67.5999984741,67.5999984741,66.9000015259,66.9800033569
2008.05.15,67.8899993896,67.8899993896,65.8000030518,66.9599990845
2008.05.16,68.2600021362,68.3399963379,67.3099975586,67.9599990845
2008.05.19,67.9400024414,68.0500030518,67.1500015259,67.8799972534
2008.05.20,68.5000000000,68.9800033569,68.4499969482,68.7600021362
2008.05.21,68.9899978638,70.9400024414,68.8600006104,70.7500000000
2008.05.22,70.8000030518,71.0599975586,69.4700012207,69.6999969482
2008.05.23,70.5999984741,70.7600021362,69.3799972534,69.9000015259
2008.05.27,69.5999984741,69.7600021362,68.5000000000,68.5500030518
2008.05.28,68.1299972534,69.7799987793,67.9000015259,69.5000000000
2008.05.29,68.6600036621,70.3799972534,67.0800018311,67.3199996948
2008.05.30,67.9100036621,68.2799987793,66.8000030518,67.9000015259
2008.06.02,67.6900024414,69.0000000000,67.3399963379,68.2300033569
2008.06.03,68.4000015259,68.4000015259,67.0199966431,67.0199966431
2008.06.04,66.5899963379,67.0000000000,66.0000000000,66.1100006104
2008.06.05,66.7900009155,68.8399963379,66.5299987793,68.5999984741
2008.06.06,71.0800018311,72.9700012207,70.6299972534,72.6800003052
2008.06.09,72.0299987793,72.4599990845,70.8499984741,71.0500030518
2008.06.10,71.6600036621,72.2799987793,69.7200012207,70.2699966431
2008.06.11,71.1399993896,73.5000000000,71.1399993896,72.3000030518
2008.06.12,71.3899993896,72.9899978638,70.8199996948,72.8799972534
2008.06.13,71.7799987793,72.4899978638,71.4199981689,72.0000000000
2008.06.16,73.7799987793,73.9599990845,71.8300018311,72.0400009155
2008.06.17,71.7600021362,72.5500030518,71.5800018311,72.1699981689
2008.06.18,72.3499984741,73.4400024414,71.5000000000,73.2799987793
2008.06.19,73.3600006104,73.3600006104,71.1800003052,71.3399963379
2008.06.20,72.6399993896,73.2799987793,72.0100021362,72.1999969482
2008.06.23,72.3300018311,73.3899993896,72.3300018311,72.9899978638
2008.06.24,72.9300003052,73.3199996948,72.5100021362,72.9599990845
2008.06.25,72.6800003052,72.6999969482,70.8899993896,71.9400024414
2008.06.26,72.9000015259,74.6800003052,72.9000015259,74.5100021362
2008.06.27,74.8700027466,75.5999984741,74.4400024414,74.7300033569
2008.06.30,75.6299972534,75.6500015259,73.8199996948,74.9100036621
2008.07.01,75.5299987793,75.5299987793,74.3700027466,74.9499969482
2008.07.02,74.6500015259,76.3799972534,74.4400024414,76.3799972534
2008.07.03,76.5800018311,76.5800018311,75.7500000000,76.3499984741
2008.07.07,74.5899963379,75.1100006104,73.6200027466,74.5699996948
2008.07.08,72.6500015259,72.8799972534,71.2799987793,72.0000000000
2008.07.09,72.1399993896,72.6399993896,71.5100021362,71.5500030518
2008.07.10,72.6399993896,74.3000030518,72.2500000000,73.9100036621
2008.07.11,76.1200027466,76.5599975586,74.4400024414,75.3199996948
2008.07.14,75.0199966431,75.5800018311,74.7099990845,75.0500030518
2008.07.15,75.3099975586,75.4000015259,71.3399963379,72.4199981689
2008.07.16,71.8499984741,72.0500030518,69.5400009155,71.0500030518
2008.07.17,70.7500000000,71.7799987793,68.2900009155,68.5899963379
2008.07.18,68.5999984741,69.3000030518,67.7699966431,67.8000030518
2008.07.21,68.1399993896,68.9000015259,67.6800003052,68.7799987793
2008.07.22,68.1500015259,68.1500015259,66.4499969482,67.0000000000
2008.07.23,66.5199966431,67.0699996948,65.0000000000,65.3700027466
2008.07.24,65.5299987793,65.9000015259,64.6600036621,65.4000015259
2008.07.25,65.1600036621,65.1800003052,64.3300018311,64.9499969482
2008.07.28,65.0000000000,65.4599990845,64.6600036621,65.2699966431
2008.07.29,64.8300018311,64.9800033569,63.4000015259,64.0500030518
2008.07.30,63.7700004578,65.9000015259,63.4000015259,65.5199966431
2008.07.31,65.9199981689,65.9199981689,64.4000015259,64.9300003052
2008.08.01,64.2699966431,66.3499984741,64.1800003052,65.0100021362
2008.08.04,64.5199966431,64.7799987793,62.1599998474,62.9500007629
2008.08.05,61.9500007629,62.7500000000,61.2599983215,61.5000000000
2008.08.06,61.6100006104,62.1300010681,60.5999984741,61.1100006104
2008.08.07,62.0400009155,62.2900009155,60.9700012207,61.4700012207
2008.08.08,60.5400009155,61.1300010681,58.9199981689,59.0200004578
2008.08.11,59.4000015259,59.9399986267,58.3400001526,59.0800018311
2008.08.12,59.3699989319,59.3699989319,58.0999984741,58.2400016785
2008.08.13,58.3899993896,60.7700004578,58.3899993896,60.5299987793
2008.08.14,59.9799995422,60.5000000000,58.8300018311,59.7900009155
2008.08.15,58.8699989319,59.1899986267,58.1399993896,58.6199989319
2008.08.18,58.9599990845,59.5299987793,58.4300003052,58.4500007629
2008.08.19,58.7000007629,60.3400001526,58.2799987793,60.1399993896
2008.08.20,60.4799995422,60.7299995422,59.0099983215,60.6199989319
2008.08.21,61.6899986267,63.7299995422,61.5099983215,63.7299995422
2008.08.22,62.5000000000,62.5000000000,59.9000015259,60.2700004578
2008.08.25,60.4799995422,60.5400009155,59.7200012207,60.1800003052
2008.08.26,60.4599990845,60.9900016785,60.0900001526,60.5099983215
2008.08.27,61.4000015259,62.0499992371,60.6800003052,61.3300018311
2008.08.28,62.2200012207,62.2200012207,59.2799987793,60.2000007629
2008.08.29,60.6899986267,61.1300010681,59.7599983215,60.0699996948
2008.09.02,56.5099983215,57.7099990845,55.9799995422,57.6399993896
2008.09.03,56.3199996948,57.2400016785,55.9700012207,57.2200012207
2008.09.04,56.8699989319,57.0499992371,55.3600006104,56.2200012207
2008.09.05,55.9099998474,56.2099990845,54.7700004578,55.2700004578
2008.09.08,56.5499992371,56.6199989319,54.6899986267,55.2700004578
2008.09.09,54.1500015259,54.9099998474,53.5499992371,54.0499992371
2008.09.10,54.5000000000,54.9900016785,53.5499992371,54.3899993896
2008.09.11,54.0299987793,54.3800010681,53.3199996948,53.5600013733
2008.09.12,54.3400001526,54.7599983215,53.6599998474,53.9500007629
2008.09.15,51.9199981689,52.8499984741,51.4300003052,51.6800003052
2008.09.16,49.8499984741,51.0600013733,49.7000007629,50.7400016785
2008.09.17,50.8499984741,52.7799987793,50.0800018311,52.4700012207
2008.09.18,53.1300010681,54.0099983215,51.6500015259,52.6300010681
2008.09.19,54.5299987793,54.6599998474,53.0200004578,54.5000000000
2008.09.22,55.8499984741,57.9099998474,55.8400001526,57.2500000000
2008.09.23,57.3899993896,57.3899993896,55.0000000000,56.4199981689
2008.09.24,56.9099998474,57.4599990845,55.6100006104,55.7700004578
2008.09.25,55.2099990845,56.8300018311,55.2099990845,56.5499992371
2008.09.26,55.3499984741,56.0800018311,55.0000000000,55.7599983215
2008.09.29,53.2400016785,53.5000000000,50.5900001526,50.5900001526
2008.09.30,51.8499984741,53.7999992371,51.5400009155,53.7999992371
2008.10.01,52.1399993896,52.6899986267,50.9300003052,52.2299995422
2008.10.02,50.9500007629,51.2200012207,49.2400016785,49.2799987793
2008.10.03,49.0499992371,50.4000015259,48.6399993896,48.9000015259
2008.10.06,47.6100006104,47.9700012207,45.6899986267,45.9900016785
2008.10.07,47.2700004578,47.5200004578,45.9700012207,46.3699989319
2008.10.08,45.3899993896,46.9000015259,45.2000007629,46.3800010681
2008.10.09,46.5099983215,46.8199996948,43.9900016785,43.9900016785
2008.10.10,42.1800003052,43.5200004578,40.9799995422,42.9500007629
2008.10.13,42.7999992371,44.2099990845,42.7099990845,43.7799987793
2008.10.14,44.9000015259,45.0800018311,42.7900009155,43.5000000000
2008.10.15,41.4399986267,41.9000015259,40.3800010681,40.8600006104
2008.10.16,40.4500007629,40.4500007629,38.1899986267,40.0200004578
2008.10.17,39.5499992371,40.7799987793,39.0400009155,40.0900001526
2008.10.20,40.6100006104,41.4000015259,39.9000015259,41.3199996948
2008.10.21,39.8400001526,40.1399993896,39.0699996948,40.0600013733
2008.10.22,38.7999992371,38.7999992371,37.3199996948,37.7200012207
2008.10.23,37.9399986267,38.5600013733,37.4300003052,38.3499984741
2008.10.24,35.5699996948,36.7000007629,35.5000000000,36.5400009155
2008.10.27,35.4599990845,36.9599990845,35.2799987793,35.5400009155
2008.10.28,36.6199989319,36.9599990845,35.3699989319,36.2799987793
2008.10.29,37.4599990845,38.9500007629,37.4599990845,38.1899986267
2008.10.30,38.4599990845,38.5000000000,36.6500015259,37.4199981689
2008.10.31,36.5600013733,38.3899993896,36.2799987793,37.8400001526
2008.11.03,37.2400016785,37.7500000000,36.5800018311,37.0099983215
2008.11.04,38.1199989319,40.4000015259,37.8100013733,39.8300018311
2008.11.05,38.8100013733,39.2599983215,37.3699989319,37.6399993896
2008.11.06,36.9099998474,37.0200004578,35.0999984741,35.8199996948
2008.11.07,35.5800018311,36.0600013733,35.2500000000,35.6599998474
2008.11.10,37.2400016785,37.2500000000,35.0000000000,36.2999992371
2008.11.11,35.5299987793,35.5299987793,34.2999992371,34.7000007629
2008.11.12,34.2999992371,34.2999992371,33.0000000000,33.4599990845
2008.11.13,33.4599990845,34.7200012207,32.6399993896,34.3899993896
2008.11.14,33.7799987793,34.2400016785,33.1500015259,33.3499984741
2008.11.17,33.3800010681,34.3699989319,33.0099983215,33.1800003052
2008.11.18,33.0000000000,33.4900016785,32.4099998474,32.4099998474
2008.11.19,32.7400016785,33.1500015259,32.2799987793,32.2900009155
2008.11.20,31.1299991608,31.6399993896,30.1100006104,30.1100006104
2008.11.21,30.9099998474,31.2299995422,30.3999996185,30.9799995422
2008.11.24,31.7600002289,33.3400001526,31.3299999237,33.2799987793
2008.11.25,32.4199981689,32.4399986267,31.5100002289,31.5200004578
2008.11.26,32.5699996948,33.5999984741,31.8999996185,33.5999984741
2008.11.28,32.4799995422,32.4799995422,31.8400001526,32.2099990845
2008.12.01,31.5000000000,31.8099994659,30.5000000000,30.7399997711
2008.12.02,31.0799999237,31.1299991608,29.6599998474,30.0100002289
2008.12.03,29.6100006104,29.8999996185,29.0200004578,29.4799995422
2008.12.04,29.2199993134,29.4799995422,27.6000003815,27.8700008392
2008.12.05,26.9899997711,27.6399993896,26.2500000000,27.2600002289
2008.12.08,27.7000007629,28.9799995422,27.5599994659,28.6700000763
2008.12.09,27.9899997711,28.2399997711,27.1499996185,27.9599990845
2008.12.10,28.2999992371,29.2099990845,27.4200000763,28.4200000763
2008.12.11,29.0300006866,30.1499996185,28.8899993896,29.5100002289
2008.12.12,28.3400001526,29.6800003052,28.2500000000,29.4799995422
2008.12.15,30.1900005341,30.6599998474,28.5000000000,29.0599994659
2008.12.16,29.3199996948,29.7199993134,28.5000000000,29.1299991608
2008.12.17,29.0900001526,29.5000000000,28.0200004578,28.6399993896
2008.12.18,28.0200004578,28.2999992371,27.1599998474,27.3199996948
2008.12.19,27.2999992371,27.7199993134,26.9400005341,27.5100002289
2008.12.22,27.3999996185,27.5200004578,26.4099998474,26.6900005341
2008.12.23,26.7399997711,26.7800006866,25.8600006104,26.6700000763
2008.12.24,26.0499992371,26.1499996185,25.7800006866,26.0900001526
2008.12.26,25.2600002289,26.2299995422,25.2600002289,26.1499996185
2008.12.29,27.0400009155,27.1599998474,26.2099990845,26.6599998474
2008.12.30,26.7900009155,27.3999996185,26.2099990845,26.7999992371
2008.12.31,26.5300006866,28.8500003815,26.2199993134,28.6100006104
2009.01.02,28.3999996185,30.0499992371,28.2999992371,29.6100006104
2009.01.05,29.9500007629,30.8099994659,29.6900005341,30.6299991608
2009.01.06,31.5499992371,31.6700000763,30.6900005341,31.2000007629
2009.01.07,30.9300003052,30.9599990845,28.7299995422,29.0200004578
2009.01.08,29.0200004578,29.1700000763,28.0000000000,28.6200008392
2009.01.09,28.2900009155,28.6499996185,27.7099990845,28.3700008392
2009.01.12,27.9799995422,28.0000000000,27.0000000000,27.0300006866
2009.01.13,27.5499992371,27.8199996948,27.0100002289,27.6299991608
2009.01.14,27.5000000000,27.5300006866,26.5000000000,27.2000007629
2009.01.15,26.7000007629,27.1499996185,26.1000003815,26.1299991608
2009.01.16,26.9099998474,27.1299991608,26.4200000763,26.6100006104
2009.01.20,26.0900001526,26.5499992371,25.2800006866,25.7000007629
2009.01.21,25.8799991608,26.3899993896,25.5400009155,26.1399993896
2009.01.22,25.8700008392,26.1599998474,25.2900009155,25.9599990845
2009.01.23,25.7800006866,27.2800006866,25.5100002289,26.7299995422
2009.01.26,27.1000003815,27.9400005341,26.9599990845,27.0499992371
2009.01.27,26.4899997711,26.5599994659,26.0200004578,26.3099994659
2009.01.28,25.9799995422,26.6000003815,25.5499992371,26.2900009155
2009.01.29,25.7000007629,26.5400009155,25.6000003815,26.4200000763
2009.01.30,26.4899997711,26.7199993134,25.6100006104,25.6499996185
2009.02.02,25.2800006866,26.1100006104,25.2800006866,25.8199996948
2009.02.03,25.5000000000,26.0300006866,25.2099990845,25.8500003815
2009.02.04,26.0900001526,26.1000003815,25.3299999237,25.6200008392
2009.02.05,25.6200008392,26.0200004578,25.2500000000,25.8700008392
2009.02.06,25.6599998474,26.1900005341,25.1000003815,25.7700004578
2009.02.09,26.2000007629,26.5400009155,25.4500007629,25.6499996185
2009.02.10,26.0000000000,26.1599998474,24.7299995422,25.2000007629
2009.02.11,24.9599990845,25.1299991608,24.3199996948,24.5300006866
2009.02.12,24.3500003815,24.7299995422,24.0000000000,24.7299995422
2009.02.13,24.2700004578,24.4899997711,23.7999992371,24.0100002289
2009.02.17,23.2800006866,23.2800006866,22.2999992371,22.3400001526
2009.02.18,22.3400001526,22.5499992371,21.9699993134,22.0900001526
2009.02.19,22.5900001526,22.7999992371,21.9099998474,22.5900001526
2009.02.20,22.0699996948,22.6399993896,21.8500003815,22.3999996185
2009.02.23,23.1299991608,23.1299991608,22.0000000000,22.1000003815
2009.02.24,22.3500003815,22.8600006104,22.1000003815,22.7800006866
2009.02.25,23.0400009155,23.6499996185,22.6599998474,23.5599994659
2009.02.26,23.7399997711,24.3099994659,23.7399997711,24.1900005341
2009.02.27,23.3700008392,24.1399993896,23.3600006104,24.0799999237
2009.03.02,23.1499996185,23.2700004578,22.3099994659,22.4799995422
2009.03.03,23.1000003815,24.1000003815,22.4099998474,22.9300003052
2009.03.04,23.6599998474,24.2900009155,23.6599998474,24.0300006866
2009.03.05,23.8899993896,23.9799995422,23.1100006104,23.6800003052
2009.03.06,23.8500003815,24.1700000763,23.5200004578,24.1700000763
2009.03.09,24.1499996185,24.8600006104,23.7900009155,24.3199996948
2009.03.10,24.7099990845,24.8700008392,23.7600002289,24.1000003815
2009.03.11,23.7999992371,24.1499996185,22.9500007629,23.1000003815
2009.03.12,23.1499996185,24.3899993896,23.1499996185,24.3899993896
2009.03.13,24.3700008392,24.7000007629,24.0300006866,24.0499992371
2009.03.16,23.6399993896,24.6000003815,23.5499992371,24.3600006104
2009.03.17,24.5599994659,25.2199993134,24.2800006866,25.0100002289
2009.03.18,25.0200004578,25.9500007629,24.2900009155,25.2700004578
2009.03.19,26.0900001526,29.1399993896,25.6700000763,25.9799995422
2009.03.20,25.9699993134,26.4400005341,25.8700008392,26.3899993896
2009.03.23,26.4300003052,27.1100006104,26.2600002289,27.0900001526
2009.03.24,26.8700008392,26.9899997711,26.4300003052,26.8299999237
2009.03.25,26.4200000763,26.8199996948,26.1399993896,26.3899993896
2009.03.26,26.7500000000,26.9300003052,26.3500003815,26.7000007629
2009.03.27,26.0900001526,26.1000003815,25.7700004578,25.9400005341
2009.03.30,25.3500003815,25.3500003815,24.5599994659,24.7900009155
2009.03.31,24.9300003052,25.2999992371,24.4300003052,25.1800003052
2009.04.01,24.7399997711,24.8999996185,24.4599990845,24.8600006104
2009.04.02,26.0599994659,26.3299999237,25.7600002289,26.2399997711
2009.04.03,26.1599998474,26.4500007629,25.7900009155,26.2399997711
2009.04.06,25.9300003052,26.2500000000,25.5400009155,26.0000000000
2009.04.07,25.5699996948,25.7600002289,25.3199996948,25.4300003052
2009.04.08,24.9899997711,26.0599994659,24.9899997711,25.5100002289
2009.04.09,26.3700008392,26.4400005341,25.7800006866,26.3999996185
2009.04.13,25.5799999237,26.2700004578,25.5000000000,25.8899993896
2009.04.14,25.9200000763,26.2999992371,25.5400009155,25.6000003815
2009.04.15,25.7600002289,25.9200000763,25.3999996185,25.9200000763
2009.04.16,25.9599990845,26.1399993896,25.6000003815,26.1000003815
2009.04.17,25.9099998474,26.0799999237,25.7000007629,25.8400001526
2009.04.20,24.9400005341,24.9699993134,24.2099990845,24.2999992371
2009.04.21,24.0000000000,24.7399997711,23.7999992371,24.4899997711
2009.04.22,24.3600006104,24.5499992371,24.0900001526,24.2700004578
2009.04.23,24.6299991608,24.6599998474,24.2700004578,24.6599998474
2009.04.24,24.9899997711,25.2500000000,24.9300003052,25.1299991608
2009.04.27,24.1299991608,24.8700008392,23.9899997711,24.3999996185
2009.04.28,24.2000007629,24.4099998474,24.1399993896,24.3199996948
2009.04.29,24.8299999237,25.0400009155,24.4200000763,24.8999996185
2009.04.30,24.7700004578,25.0499992371,24.5699996948,24.7900009155
2009.05.01,25.3199996948,25.9099998474,25.1800003052,25.8199996948
2009.05.04,26.0799999237,26.4400005341,25.9200000763,26.4300003052
2009.05.05,26.5900001526,26.7099990845,26.0000000000,26.2399997711
2009.05.06,26.7800006866,27.1200008392,26.5200004578,27.1000003815
2009.05.07,27.8400001526,27.8799991608,27.0000000000,27.3099994659
2009.05.08,27.7500000000,28.1200008392,27.5400009155,28.1000003815
2009.05.11,27.8199996948,28.0499992371,27.5000000000,28.0499992371
2009.05.12,28.3299999237,28.3299999237,27.5000000000,28.0900001526
2009.05.13,28.0000000000,28.1800003052,27.5300006866,27.6800003052
2009.05.14,27.5300006866,27.9599990845,27.2099990845,27.7900009155
2009.05.15,27.5000000000,27.7199993134,26.8899993896,26.8899993896
2009.05.18,27.4799995422,28.0400009155,27.2800006866,27.9799995422
2009.05.19,28.0200004578,28.0900001526,27.6200008392,27.9599990845
2009.05.20,28.3299999237,28.6900005341,28.2099990845,28.5000000000
2009.05.21,27.9599990845,28.3299999237,27.7000007629,28.1700000763
2009.05.22,28.2399997711,28.4899997711,28.0599994659,28.4400005341
2009.05.26,27.7900009155,28.6399993896,27.6800003052,28.4799995422
2009.05.27,28.8999996185,29.0000000000,28.5200004578,28.7000007629
2009.05.28,28.8999996185,29.6000003815,28.8600006104,29.4200000763
2009.05.29,29.9099998474,30.1200008392,29.5499992371,30.1200008392
2009.06.01,30.6000003815,31.0900001526,30.3999996185,31.0200004578
2009.06.02,30.6000003815,31.1200008392,30.5200004578,31.0000000000
2009.06.03,30.5599994659,30.6000003815,29.3999996185,29.7199993134
2009.06.04,30.4300003052,31.0100002289,30.1800003052,30.9200000763
2009.06.05,30.8099994659,30.9300003052,30.3500003815,30.5000000000
2009.06.08,30.4799995422,30.6900005341,30.2999992371,30.5499992371
2009.06.09,30.8799991608,31.1299991608,30.6499996185,31.0499992371
2009.06.10,31.3700008392,31.5699996948,31.0599994659,31.2500000000
2009.06.11,31.5699996948,32.0699996948,31.5000000000,32.0299987793
2009.06.12,31.5000000000,31.6000003815,31.3199996948,31.5200004578
2009.06.15,31.2099990845,31.2500000000,30.6000003815,30.9500007629
2009.06.16,31.4400005341,31.5000000000,30.6599998474,30.8799991608
2009.06.17,30.7099990845,31.1200008392,30.3099994659,30.9500007629
2009.06.18,30.8199996948,31.2099990845,30.7000007629,31.0599994659
2009.06.19,31.1700000763,31.2000007629,30.2299995422,30.4500007629
2009.06.22,29.6299991608,29.7800006866,29.1000003815,29.2500000000
2009.06.23,29.5000000000,30.0799999237,29.2500000000,29.8700008392
2009.06.24,29.9400005341,30.2000007629,29.6299991608,29.8099994659
2009.06.25,30.0300006866,30.5400009155,29.9799995422,30.4400005341
2009.06.26,30.2700004578,30.2700004578,29.7999992371,30.1299991608
2009.06.29,30.4500007629,30.7399997711,30.3799991608,30.5100002289
2009.06.30,30.3799991608,30.5799999237,29.5000000000,30.0499992371
2009.07.01,30.4699993134,30.6000003815,29.5400009155,29.6700000763
2009.07.02,29.1000003815,29.1900005341,28.8400001526,28.8400001526
2009.07.06,27.9200000763,28.3299999237,27.7700004578,28.1000003815
2009.07.07,27.9500007629,28.0599994659,27.4599990845,27.5799999237
2009.07.08,27.3199996948,27.4899997711,26.6000003815,26.7999992371
2009.07.09,27.0499992371,27.1100006104,26.6200008392,27.0900001526
2009.07.10,26.5599994659,26.8099994659,26.3099994659,26.6900005341
2009.07.13,26.4400005341,26.9099998474,26.1900005341,26.8700008392
2009.07.14,27.1200008392,27.2999992371,26.7000007629,26.9400005341
2009.07.15,27.4500007629,27.7299995422,27.2500000000,27.5799999237
2009.07.16,27.2600002289,27.9099998474,27.2600002289,27.8199996948
2009.07.17,27.9500007629,28.5599994659,27.9099998474,28.1800003052
2009.07.20,28.5699996948,28.8999996185,28.3099994659,28.7700004578
2009.07.21,29.0699996948,29.0699996948,28.4300003052,28.8299999237
2009.07.22,28.3299999237,28.8700008392,28.2299995422,28.7600002289
2009.07.23,28.6499996185,29.5400009155,28.6100006104,29.3400001526
2009.07.24,29.4599990845,29.7600002289,29.2900009155,29.7099990845
2009.07.27,29.7700004578,29.8700008392,29.5499992371,29.8099994659
2009.07.28,29.5799999237,29.6399993896,29.1599998474,29.5100002289
2009.07.29,29.0599994659,29.0699996948,28.0300006866,28.1299991608
2009.07.30,28.7299995422,29.5900001526,28.5699996948,29.3700008392
2009.07.31,29.2700004578,30.4099998474,29.1200008392,30.2700004578
2009.08.03,30.9500007629,31.3999996185,30.8799991608,30.9899997711
2009.08.04,30.9699993134,31.3999996185,30.8799991608,31.2600002289
2009.08.05,31.4099998474,31.5900001526,30.8799991608,31.5000000000
2009.08.06,31.4300003052,31.4699993134,30.8899993896,31.0699996948
2009.08.07,31.1599998474,31.2099990845,30.6399993896,30.8099994659
2009.08.10,31.0000000000,31.0799999237,30.6900005341,30.9300003052
2009.08.11,30.6800003052,30.6800003052,30.1900005341,30.2500000000
2009.08.12,30.3299999237,30.8299999237,30.2999992371,30.6499996185
2009.08.13,30.9599990845,31.1399993896,30.7099990845,30.9400005341
2009.08.14,30.8600006104,30.8600006104,29.7500000000,30.0000000000
2009.08.17,29.2600002289,29.2999992371,28.7399997711,29.1599998474
2009.08.18,29.1299991608,29.8500003815,29.1200008392,29.8199996948
2009.08.19,29.5799999237,30.7399997711,29.3700008392,30.6000003815
2009.08.20,30.4899997711,30.5699996948,30.1100006104,30.2500000000
2009.08.21,30.7299995422,30.8400001526,30.4599990845,30.6299991608
2009.08.24,30.9200000763,32.7200012207,30.8199996948,31.9799995422
2009.08.25,31.9500007629,32.2200012207,30.5100002289,30.5200004578
2009.08.26,30.4400005341,30.9599990845,30.2000007629,30.5100002289
2009.08.27,30.6000003815,30.7900009155,30.0499992371,30.2500000000
2009.08.28,30.6800003052,31.2500000000,30.5200004578,30.8999996185
2009.08.31,30.5300006866,30.7500000000,29.8899993896,30.3999996185
2009.09.01,30.6900005341,30.8099994659,29.5799999237,29.7600002289
2009.09.02,29.7999992371,29.7999992371,29.0000000000,29.2999992371
2009.09.03,29.6399993896,29.6399993896,28.2999992371,28.3199996948
2009.09.04,28.3099994659,28.8199996948,27.9500007629,28.5699996948
2009.09.08,29.1499996185,29.7700004578,29.0300006866,29.3600006104
2009.09.09,29.6299991608,30.0000000000,29.3999996185,29.8600006104
2009.09.10,29.6399993896,30.2800006866,29.4799995422,30.2000007629
2009.09.11,30.2999992371,30.4500007629,29.5499992371,29.7099990845
2009.09.14,29.6399993896,30.1200008392,29.1800003052,30.1200008392
2009.09.15,30.1900005341,30.3700008392,29.7500000000,30.1499996185
2009.09.16,30.2000007629,30.3799991608,30.0100002289,30.1800003052
2009.09.17,30.2600002289,30.5000000000,29.7800006866,29.8700008392
2009.09.18,30.2700004578,30.2800006866,29.8999996185,29.9200000763
2009.09.21,29.9099998474,29.9099998474,29.1299991608,29.4099998474
2009.09.22,29.8999996185,30.2900009155,29.7000007629,30.1200008392
2009.09.23,30.0400009155,30.0699996948,29.2500000000,30.0000000000
2009.09.24,29.7999992371,29.7999992371,28.8999996185,29.3099994659
2009.09.25,29.1700000763,29.2500000000,28.5000000000,29.2500000000
2009.09.28,29.3199996948,29.3299999237,28.5000000000,28.7399997711
2009.09.29,28.6000003815,29.1299991608,28.3899993896,28.6200008392
2009.09.30,29.0000000000,29.9200000763,28.6700000763,29.6800003052
2009.10.01,29.4799995422,30.2900009155,29.3700008392,30.1499996185
2009.10.02,29.9899997711,30.5000000000,28.7500000000,29.0699996948
2009.10.05,29.5000000000,29.5799999237,28.7600002289,29.4200000763
2009.10.06,29.4899997711,30.2999992371,29.4500007629,30.2199993134
2009.10.07,30.2800006866,30.4099998474,29.3700008392,29.6000003815
2009.10.08,29.7600002289,30.5699996948,29.6499996185,30.5100002289
2009.10.09,30.5499992371,30.6599998474,30.0799999237,30.3199996948
2009.10.12,31.0300006866,31.0300006866,30.5400009155,30.9400005341
2009.10.13,30.9500007629,31.2299995422,30.6499996185,31.0699996948
2009.10.14,31.3500003815,31.6299991608,31.2000007629,31.4500007629
2009.10.15,31.3999996185,32.0999984741,31.1599998474,31.9400005341
2009.10.16,32.0000000000,32.6800003052,31.9300003052,32.5499992371
2009.10.19,32.4099998474,32.7999992371,32.2900009155,32.7400016785
2009.10.20,32.7999992371,32.9900016785,32.3300018311,32.6800003052
2009.10.21,32.1699981689,33.7200012207,32.1699981689,33.3899993896
2009.10.22,33.4599990845,33.4599990845,32.8600006104,33.2400016785
2009.10.23,33.5499992371,33.5499992371,32.7000007629,32.8699989319
2009.10.26,32.9599990845,33.2999992371,31.8700008392,32.0000000000
2009.10.27,32.1899986267,32.4799995422,31.8199996948,32.1199989319
2009.10.28,31.9799995422,32.0800018311,31.0699996948,31.2600002289
2009.10.29,31.7299995422,32.2400016785,31.5499992371,32.2000007629
2009.10.30,31.9200000763,31.9799995422,29.6100006104,31.1100006104
2009.11.02,31.2199993134,31.6000003815,31.0400009155,31.4599990845
2009.11.03,31.1399993896,32.1800003052,31.0799999237,32.1800003052
2009.11.04,32.3400001526,32.4599990845,32.0000000000,32.2799987793
2009.11.05,32.2799987793,32.3100013733,31.9500007629,32.1699981689
2009.11.06,31.7700004578,31.8199996948,31.1000003815,31.4500007629
2009.11.09,31.7099990845,32.5000000000,31.6499996185,32.2000007629
2009.11.10,32.3600006104,32.3699989319,31.5100002289,31.9699993134
2009.11.11,32.1300010681,32.4500007629,32.0800018311,32.2900009155
2009.11.12,31.9500007629,32.0600013733,31.5000000000,31.5699996948
2009.11.13,31.5200004578,31.5799999237,31.1599998474,31.2399997711
2009.11.16,31.5900001526,32.4000015259,31.5000000000,32.2299995422
2009.11.17,32.2200012207,32.6899986267,32.0000000000,32.6399993896
2009.11.18,32.7799987793,32.9500007629,32.4199981689,32.5200004578
2009.11.19,32.4399986267,32.5200004578,31.7999992371,32.0600013733
2009.11.20,31.6200008392,32.0000000000,31.5300006866,31.8099994659
2009.11.23,32.4700012207,32.5999984741,31.6200008392,31.8899993896
2009.11.24,31.8400001526,31.8500003815,31.0799999237,31.2600002289
2009.11.25,31.3899993896,31.9500007629,30.7999992371,31.8099994659
2009.11.27,30.7900009155,31.3500003815,30.3700008392,31.1599998474
2009.11.30,31.1000003815,31.7999992371,30.9899997711,31.5100002289
2009.12.01,31.8400001526,32.2900009155,31.8400001526,31.8799991608
2009.12.02,31.9300003052,32.0699996948,31.5200004578,31.6800003052
2009.12.03,31.6100006104,31.8199996948,31.3999996185,31.4899997711
2009.12.04,31.7900009155,31.9300003052,31.0400009155,31.2999992371
2009.12.07,31.0000000000,31.3799991608,30.8400001526,31.0900001526
2009.12.08,30.7500000000,30.8899993896,30.2700004578,30.3700008392
2009.12.09,30.5100002289,30.6000003815,29.5799999237,29.6900005341
2009.12.10,29.6900005341,29.9200000763,29.5699996948,29.6599998474
2009.12.11,29.8400001526,29.8999996185,29.4099998474,29.6599998474
2009.12.14,29.7800006866,30.0000000000,29.6900005341,29.8299999237
2009.12.15,30.0000000000,30.2700004578,29.9200000763,30.0400009155
2009.12.16,30.2000007629,30.7000007629,30.1299991608,30.5799999237
2009.12.17,30.3899993896,30.5599994659,30.0599994659,30.1299991608
2009.12.18,30.5699996948,30.6900005341,30.0400009155,30.2399997711
2009.12.21,30.4099998474,30.5900001526,30.0000000000,30.1200008392
2009.12.22,30.1399993896,30.6000003815,29.7199993134,30.1499996185
2009.12.23,30.5499992371,31.0000000000,30.4799995422,30.9500007629
2009.12.24,30.9400005341,31.2500000000,30.9400005341,31.1200008392
2009.12.28,31.6000003815,31.7700004578,31.4899997711,31.4899997711
2009.12.29,31.7999992371,31.8400001526,31.5300006866,31.6900005341
2009.12.30,31.6499996185,31.8700008392,31.5200004578,31.6900005341
2009.12.31,32.0000000000,32.0000000000,31.6599998474,31.8199996948
2010.01.04,32.4000015259,32.7000007629,32.2700004578,32.7000007629
2010.01.05,32.7000007629,33.0499992371,32.4700012207,33.0299987793
2010.01.06,33.0600013733,33.3499984741,32.6199989319,33.2700004578
2010.01.07,33.1399993896,33.3800010681,32.9399986267,33.1100006104
2010.01.08,33.0099983215,33.1800003052,32.7599983215,33.1800003052
2010.01.11,33.3699989319,33.5000000000,32.9000015259,33.0200004578
2010.01.12,32.7700004578,32.8699989319,32.0999984741,32.2799987793
2010.01.13,32.2099990845,32.4799995422,31.6399993896,32.2599983215
2010.01.14,32.3800010681,32.4099998474,31.9799995422,32.2000007629
2010.01.15,32.0400009155,32.1300010681,31.7000007629,31.7700004578
2010.01.19,31.6000003815,32.0900001526,31.3099994659,32.0099983215
2010.01.20,31.3799991608,31.5699996948,31.1599998474,31.4200000763
2010.01.21,31.4400005341,31.5799999237,30.8199996948,30.8799991608
2010.01.22,30.7399997711,30.8500003815,30.0799999237,30.0799999237
2010.01.25,30.2000007629,30.3999996185,29.8099994659,30.3500003815
2010.01.26,30.0000000000,30.2900009155,29.8600006104,30.0400009155
2010.01.27,30.0499992371,30.1000003815,29.3299999237,29.5799999237
2010.01.28,29.7700004578,29.7700004578,29.3400001526,29.5499992371
2010.01.29,29.7299995422,29.7900009155,29.0200004578,29.2399997711
2010.02.01,29.3400001526,29.8400001526,29.2999992371,29.7600002289
2010.02.02,29.8999996185,30.6700000763,29.8500003815,30.5400009155
2010.02.03,30.5900001526,30.7099990845,30.2999992371,30.4300003052
2010.02.04,30.0699996948,30.0900001526,28.8999996185,29.1800003052
2010.02.05,29.1299991608,29.1900005341,27.9699993134,28.6100006104
2010.02.08,28.7600002289,28.9599990845,28.5200004578,28.8199996948
2010.02.09,29.0599994659,29.5100002289,28.8199996948,29.3899993896
2010.02.10,29.2800006866,29.6299991608,28.8999996185,29.4599990845
2010.02.11,29.6100006104,29.9200000763,29.2900009155,29.8600006104
2010.02.12,29.4200000763,29.5699996948,29.1299991608,29.5000000000
2010.02.16,30.1499996185,30.5000000000,29.9899997711,30.4099998474
2010.02.17,30.4099998474,30.5499992371,30.2700004578,30.4699993134
2010.02.18,30.6000003815,30.9300003052,30.5699996948,30.9099998474
2010.02.19,30.8799991608,31.1000003815,30.7399997711,31.1000003815
2010.02.22,31.1700000763,31.2199993134,30.8999996185,31.1100006104
2010.02.23,30.7399997711,30.8199996948,30.4599990845,30.5100002289
2010.02.24,30.5699996948,30.8799991608,30.4799995422,30.8600006104
2010.02.25,30.2199993134,30.3600006104,30.0000000000,30.3500003815
2010.02.26,30.4200000763,30.9799995422,30.3799991608,30.9699993134
2010.03.01,31.0300006866,31.0799999237,30.4699993134,30.5900001526
2010.03.02,30.7399997711,31.1700000763,30.6399993896,30.8600006104
2010.03.03,31.0499992371,31.4200000763,30.8799991608,31.3600006104
2010.03.04,31.1599998474,31.2800006866,30.8400001526,31.0499992371
2010.03.05,31.3500003815,31.5300006866,31.2199993134,31.3400001526
2010.03.08,31.4500007629,31.5000000000,31.0400009155,31.2700004578
2010.03.09,31.0200004578,31.2399997711,30.9500007629,30.9899997711
2010.03.10,31.0900001526,31.4899997711,30.8999996185,31.2800006866
2010.03.11,31.2199993134,31.3099994659,30.9899997711,31.2099990845
2010.03.12,31.3500003815,31.3999996185,30.8400001526,30.9799995422
2010.03.15,30.7500000000,30.7800006866,30.3600006104,30.6399993896
2010.03.16,30.8700008392,31.2000007629,30.7900009155,31.1000003815
2010.03.17,31.2900009155,31.4899997711,31.1900005341,31.4200000763
2010.03.18,31.3099994659,31.4200000763,31.1499996185,31.3199996948
2010.03.19,30.7999992371,31.2600002289,30.7099990845,30.7999992371
2010.03.22,30.3600006104,30.9699993134,30.2199993134,30.8899993896
2010.03.23,30.8400001526,31.0499992371,30.6200008392,30.7500000000
2010.03.24,30.4400005341,30.5499992371,30.2999992371,30.4799995422
2010.03.25,30.6599998474,30.6700000763,30.2999992371,30.3299999237
2010.03.26,30.4300003052,30.5300006866,30.1499996185,30.2700004578
2010.03.29,30.6900005341,31.1299991608,30.3600006104,30.9400005341
2010.03.30,31.0400009155,31.2299995422,30.9500007629,31.2000007629
2010.03.31,31.4200000763,31.4500007629,31.0300006866,31.1599998474
2010.04.01,31.5799999237,31.8999996185,31.5300006866,31.8799991608
2010.04.05,31.9899997711,32.4199981689,31.9899997711,32.3800010681
2010.04.06,32.2900009155,32.4900016785,32.2400016785,32.3199996948
2010.04.07,32.2999992371,32.4599990845,32.0400009155,32.2299995422
2010.04.08,31.9099998474,32.0499992371,31.7900009155,32.0200004578
2010.04.09,32.0900001526,32.2299995422,31.7900009155,32.0099983215
2010.04.12,32.0499992371,32.2200012207,31.7800006866,31.8400001526
2010.04.13,31.8099994659,32.0900001526,31.5000000000,31.9699993134
2010.04.14,32.1199989319,32.4799995422,31.9599990845,32.4500007629
2010.04.15,32.4500007629,32.6500015259,32.3300018311,32.6100006104
2010.04.16,32.2299995422,32.4099998474,31.8199996948,31.9899997711
2010.04.19,31.4899997711,31.7000007629,31.3199996948,31.6200008392
2010.04.20,31.7099990845,31.9899997711,31.6700000763,31.6800003052
2010.04.21,31.8400001526,31.9500007629,31.3999996185,31.7600002289
2010.04.22,31.3500003815,31.8500003815,31.1599998474,31.7700004578
2010.04.23,31.6200008392,32.2500000000,31.6100006104,32.1599998474
2010.04.26,32.2299995422,32.2999992371,31.9200000763,31.9799995422
2010.04.27,31.7800006866,31.9500007629,31.2500000000,31.2900009155
2010.04.28,31.4899997711,31.6000003815,31.2000007629,31.5499992371
2010.04.29,31.8700008392,31.9899997711,31.6399993896,31.9099998474
2010.04.30,32.1899986267,32.1899986267,31.8299999237,32.1399993896
2010.05.03,32.1899986267,32.4900016785,32.1500015259,32.3300018311
2010.05.04,31.8500003815,31.8700008392,31.2700004578,31.3099994659
2010.05.05,30.2399997711,30.8099994659,30.2199993134,30.4799995422
2010.05.06,30.1200008392,30.3999996185,28.7700004578,29.2700004578
2010.05.07,29.2600002289,29.5499992371,28.8600006104,29.1800003052
2010.05.10,30.0300006866,30.0900001526,29.5599994659,29.7700004578
2010.05.11,29.7000007629,29.8799991608,29.5400009155,29.6399993896
2010.05.12,29.9699993134,30.2999992371,29.7099990845,29.9500007629
2010.05.13,29.7700004578,29.8999996185,29.5599994659,29.6000003815
2010.05.14,29.2999992371,29.3099994659,28.4500007629,28.5599994659
2010.05.17,28.3899993896,28.5200004578,27.4699993134,27.7999992371
2010.05.18,28.3600006104,28.3700008392,27.5000000000,27.6499996185
2010.05.19,27.3999996185,27.6200008392,26.8999996185,27.4899997711
2010.05.20,26.8999996185,26.9899997711,26.3999996185,26.6499996185
2010.05.21,26.5499992371,27.1399993896,26.4799995422,26.9500007629
2010.05.24,26.9599990845,27.1399993896,26.7999992371,26.8700008392
2010.05.25,26.0300006866,26.5400009155,25.9500007629,26.5300006866
2010.05.26,26.7600002289,27.0699996948,26.7299995422,26.8600006104
2010.05.27,27.5599994659,27.9799995422,27.3700008392,27.8700008392
2010.05.28,27.7900009155,28.1499996185,27.6399993896,27.7700004578
2010.06.01,27.4400005341,27.8899993896,27.1100006104,27.1900005341
2010.06.02,27.2299995422,27.6599998474,27.2000007629,27.5900001526
2010.06.03,27.6499996185,27.8799991608,27.4300003052,27.7999992371
2010.06.04,27.4200000763,27.5499992371,26.8299999237,26.9799995422
2010.06.07,27.1100006104,27.1900005341,26.7600002289,26.9400005341
2010.06.08,27.1200008392,27.1900005341,26.8700008392,27.1599998474
2010.06.09,27.5900001526,27.8500003815,27.4799995422,27.5000000000
2010.06.10,27.9599990845,28.4899997711,27.8999996185,28.1100006104
2010.06.11,27.7500000000,28.0400009155,27.6200008392,27.8500003815
2010.06.14,28.1800003052,28.4599990845,28.0000000000,28.1800003052
2010.06.15,28.3199996948,28.6900005341,28.2600002289,28.6499996185
2010.06.16,28.5300006866,29.1299991608,28.4899997711,29.0400009155
2010.06.17,29.0799999237,29.1499996185,28.7600002289,28.7700004578
2010.06.18,28.6000003815,28.9400005341,28.5300006866,28.8799991608
2010.06.21,29.1700000763,29.5000000000,28.8199996948,28.9400005341
2010.06.22,28.8799991608,29.0599994659,28.6599998474,28.6900005341
2010.06.23,28.4300003052,28.5200004578,28.0100002289,28.2800006866
2010.06.24,28.3099994659,28.4400005341,28.1000003815,28.4200000763
2010.06.25,28.5599994659,29.1299991608,28.5400009155,29.1100006104
2010.06.28,28.8899993896,28.8899993896,28.5000000000,28.5799999237
2010.06.29,27.9200000763,28.0400009155,27.7000007629,27.8700008392
2010.06.30,27.8199996948,28.1499996185,27.5799999237,27.7900009155
2010.07.01,27.6900005341,27.6900005341,26.9400005341,27.4099998474
2010.07.02,27.4300003052,27.4300003052,26.9500007629,27.0599994659
2010.07.06,27.4200000763,27.6499996185,26.9699993134,27.2900009155
2010.07.07,27.3899993896,27.9599990845,27.2900009155,27.9200000763
2010.07.08,27.9899997711,28.3199996948,27.8500003815,28.1900005341
2010.07.09,28.0499992371,28.4400005341,28.0499992371,28.3999996185
2010.07.12,28.0799999237,28.3199996948,27.9200000763,27.9599990845
2010.07.13,28.4099998474,28.6100006104,28.3999996185,28.5699996948
2010.07.14,28.4200000763,28.7800006866,28.3099994659,28.5699996948
2010.07.15,28.5499992371,28.6700000763,28.1299991608,28.5900001526
2010.07.16,28.4799995422,28.4799995422,28.0799999237,28.2000007629
2010.07.19,28.5400009155,28.7700004578,28.1000003815,28.2500000000
2010.07.20,28.0900001526,28.4899997711,28.0599994659,28.4300003052
2010.07.21,28.7199993134,28.8400001526,28.2000007629,28.2500000000
2010.07.22,28.7600002289,29.0799999237,28.6599998474,28.9699993134
2010.07.23,28.8600006104,29.1299991608,28.8600006104,29.0499992371
2010.07.26,29.0400009155,29.0499992371,28.8600006104,28.9300003052
2010.07.27,29.0200004578,29.0699996948,28.4300003052,28.5499992371
2010.07.28,28.5200004578,28.7099990845,28.3199996948,28.6299991608
2010.07.29,28.9599990845,29.2399997711,28.8099994659,29.0599994659
2010.07.30,28.7900009155,29.4300003052,28.7900009155,29.3899993896
2010.08.02,30.0699996948,30.1599998474,29.7299995422,30.0000000000
2010.08.03,30.1599998474,30.3600006104,30.0499992371,30.2900009155
2010.08.04,30.4099998474,30.6100006104,30.2999992371,30.5100002289
2010.08.05,30.4400005341,30.5499992371,30.2900009155,30.4200000763
2010.08.06,30.1700000763,30.4500007629,29.8299999237,30.0300006866
2010.08.09,30.0200004578,30.1200008392,29.8799991608,30.0499992371
2010.08.10,29.6599998474,29.7900009155,29.3299999237,29.7000007629
2010.08.11,29.3500003815,29.3999996185,28.9400005341,29.0000000000
2010.08.12,28.8799991608,28.9300003052,28.5200004578,28.7500000000
2010.08.13,28.5799999237,28.7199993134,28.3999996185,28.4699993134
2010.08.16,28.5000000000,28.5900001526,28.3700008392,28.3700008392
2010.08.17,28.6700000763,28.9400005341,28.6700000763,28.7399997711
2010.08.18,28.4300003052,28.7500000000,28.2900009155,28.6900005341
2010.08.19,28.6399993896,28.6900005341,28.2900009155,28.3899993896
2010.08.20,28.2700004578,28.2800006866,28.1299991608,28.2600002289
2010.08.23,28.2399997711,28.3500003815,27.8899993896,27.9300003052
2010.08.24,27.6100006104,27.7099990845,27.4099998474,27.4300003052
2010.08.25,27.4099998474,27.8099994659,27.2500000000,27.7999992371
2010.08.26,27.8500003815,28.1200008392,27.8500003815,27.9400005341
2010.08.27,28.0499992371,28.6499996185,27.7399997711,28.6499996185
2010.08.30,28.4500007629,28.5499992371,28.2399997711,28.2399997711
2010.08.31,28.2800006866,28.4599990845,27.6399993896,27.7800006866
2010.09.01,28.0900001526,28.4300003052,28.0499992371,28.2800006866
2010.09.02,28.2199993134,28.6599998474,28.2099990845,28.5799999237
2010.09.03,28.7000007629,28.7800006866,28.3799991608,28.7099990845
2010.09.07,28.6399993896,28.9099998474,28.4200000763,28.7500000000
2010.09.08,28.7800006866,29.0499992371,28.7800006866,28.7800006866
2010.09.09,29.0200004578,29.0900001526,28.6299991608,28.6800003052
2010.09.10,28.8899993896,29.1499996185,28.8299999237,29.0599994659
2010.09.13,29.4699993134,29.5900001526,29.3500003815,29.3999996185
2010.09.14,29.3799991608,29.6299991608,29.3199996948,29.3700008392
2010.09.15,29.2199993134,29.3999996185,29.2000007629,29.2299995422
2010.09.16,29.2999992371,29.3600006104,28.8899993896,29.0699996948
2010.09.17,29.2399997711,29.3199996948,28.8099994659,29.0300006866
2010.09.20,29.0400009155,29.3999996185,29.0400009155,29.1900005341
2010.09.21,29.1800003052,29.2299995422,28.8600006104,28.8899993896
2010.09.22,29.1100006104,29.2600002289,28.7500000000,28.9200000763
2010.09.23,28.7099990845,29.2199993134,28.7099990845,28.9599990845
2010.09.24,29.1100006104,29.5499992371,29.1100006104,29.4599990845
2010.09.27,29.4500007629,29.6200008392,29.1399993896,29.3199996948
2010.09.28,29.3700008392,29.5799999237,29.1800003052,29.2999992371
2010.09.29,29.1299991608,29.7800006866,29.0599994659,29.6700000763
2010.09.30,29.8799991608,30.1200008392,29.6399993896,30.0100002289
2010.10.01,30.3700008392,30.4599990845,30.2199993134,30.4200000763
2010.10.04,30.3500003815,30.4300003052,30.1700000763,30.2000007629
2010.10.05,30.5599994659,30.7900009155,30.4200000763,30.7199993134
2010.10.06,30.8099994659,31.0699996948,30.7099990845,30.8500003815
2010.10.07,31.1299991608,31.1299991608,30.3199996948,30.4400005341
2010.10.08,30.7099990845,31.2900009155,30.6599998474,31.2000007629
2010.10.11,31.1900005341,31.3400001526,31.0300006866,31.0599994659
2010.10.12,31.0200004578,31.1900005341,30.8299999237,31.1299991608
2010.10.13,31.4300003052,31.5400009155,31.3400001526,31.3700008392
2010.10.14,31.3999996185,31.6499996185,31.2099990845,31.3199996948
2010.10.15,31.2800006866,31.3199996948,30.7500000000,30.8899993896
2010.10.18,30.9699993134,31.1900005341,30.7900009155,30.9200000763
2010.10.19,30.5300006866,30.7399997711,30.1499996185,30.2399997711
2010.10.20,30.3199996948,30.9500007629,30.2999992371,30.8799991608
2010.10.21,30.9099998474,31.0499992371,30.3799991608,30.5400009155
2010.10.22,30.6000003815,30.8600006104,30.5000000000,30.8299999237
2010.10.25,31.1000003815,31.2399997711,30.7500000000,30.8899993896
2010.10.26,30.8299999237,31.1200008392,30.7900009155,31.1000003815
2010.10.27,30.7199993134,30.9200000763,30.5000000000,30.8799991608
2010.10.28,31.0400009155,31.1200008392,30.8899993896,30.9899997711
2010.10.29,30.8700008392,30.9799995422,30.6599998474,30.8799991608
2010.11.01,31.4200000763,31.4500007629,31.0699996948,31.1200008392
2010.11.02,31.4699993134,31.5300006866,31.3700008392,31.4899997711
2010.11.03,31.5100002289,31.7399997711,31.2500000000,31.6900005341
2010.11.04,32.1899986267,32.5499992371,32.1899986267,32.5400009155
2010.11.05,32.4099998474,32.6100006104,32.2799987793,32.5900001526
2010.11.08,32.5000000000,32.7599983215,32.4000015259,32.7299995422
2010.11.09,33.0699996948,33.1100006104,32.3699989319,32.4799995422
2010.11.10,32.8100013733,32.9799995422,32.5999984741,32.9000015259
2010.11.11,32.9399986267,33.0099983215,32.7700004578,32.8100013733
2010.11.12,32.2799987793,32.2799987793,31.5000000000,31.6599998474
2010.11.15,31.8600006104,31.8600006104,31.6000003815,31.6499996185
2010.11.16,31.3199996948,31.3500003815,30.6800003052,30.7099990845
2010.11.17,30.7099990845,30.8700008392,30.2800006866,30.3999996185
2010.11.18,30.9699993134,31.1399993896,30.7600002289,31.1399993896
2010.11.19,30.8500003815,30.8999996185,30.6000003815,30.7000007629
2010.11.22,30.6599998474,30.7000007629,30.3700008392,30.5400009155
2010.11.23,30.3999996185,30.6800003052,30.2299995422,30.6200008392
2010.11.24,30.6599998474,31.2800006866,30.6599998474,31.2800006866
2010.11.26,31.0300006866,31.1800003052,30.9899997711,31.1399993896
2010.11.29,31.2999992371,31.6599998474,31.1599998474,31.6599998474
2010.11.30,31.3999996185,31.5799999237,31.1800003052,31.2600002289
2010.12.01,31.7000007629,32.2599983215,31.7000007629,32.2200012207
2010.12.02,32.1500015259,32.6100006104,32.1500015259,32.5499992371
2010.12.03,32.5900001526,33.1199989319,32.5800018311,33.0699996948
2010.12.06,33.1199989319,33.1199989319,32.8800010681,32.9900016785
2010.12.07,33.4000015259,33.4399986267,32.7099990845,32.7099990845
2010.12.08,32.8899993896,32.9900016785,32.5200004578,32.9199981689
2010.12.09,32.9199981689,33.0499992371,32.7700004578,32.8499984741
2010.12.10,32.9199981689,32.9399986267,32.5400009155,32.7799987793
2010.12.13,33.1399993896,33.3100013733,32.9700012207,33.0699996948
2010.12.14,33.0400009155,33.1899986267,32.9199981689,33.0099983215
2010.12.15,32.7700004578,33.1899986267,32.7700004578,32.9599990845
2010.12.16,33.0299987793,33.0400009155,32.7799987793,32.8699989319
2010.12.17,32.8499984741,33.1199989319,32.8400001526,33.0099983215
2010.12.20,33.2000007629,33.4000015259,32.9500007629,33.3499984741
2010.12.21,33.4900016785,33.6599998474,33.4000015259,33.5800018311
2010.12.22,33.7099990845,33.8100013733,33.5499992371,33.7799987793
2010.12.23,33.7599983215,34.0000000000,33.6899986267,33.9099998474
2010.12.27,33.8499984741,33.9399986267,33.6599998474,33.8400001526
2010.12.28,34.1500015259,34.1500015259,33.9399986267,34.0400009155
2010.12.29,34.0600013733,34.1199989319,33.9099998474,33.9500007629
2010.12.30,33.7400016785,33.8300018311,33.3600006104,33.4700012207
2010.12.31,33.5000000000,34.2999992371,33.4799995422,34.0999984741
2011.01.03,34.5299987793,34.7400016785,34.2999992371,34.3400001526
2011.01.04,34.2500000000,34.2999992371,33.3899993896,33.6300010681
2011.01.05,33.3699989319,34.1300010681,33.2900009155,34.0400009155
2011.01.06,34.0299987793,34.0699996948,33.4300003052,33.5499992371
2011.01.07,33.4799995422,33.7200012207,33.0699996948,33.3499984741
2011.01.10,33.6300010681,33.7799987793,33.5499992371,33.7799987793
2011.01.11,34.0099983215,34.3199996948,33.8800010681,34.2999992371
2011.01.12,34.7099990845,34.7500000000,34.5099983215,34.5800018311
2011.01.13,34.6300010681,34.6399993896,34.3400001526,34.3499984741
2011.01.14,34.3400001526,34.6199989319,34.2400016785,34.6199989319
2011.01.18,34.4000015259,34.7000007629,34.3699989319,34.5200004578
2011.01.19,34.7500000000,34.7500000000,34.4500007629,34.4500007629
2011.01.20,34.0299987793,34.1800003052,33.7099990845,34.0600013733
2011.01.21,34.2400016785,34.3499984741,34.1399993896,34.2799987793
2011.01.24,34.1500015259,34.2099990845,33.8699989319,33.9900016785
2011.01.25,33.5999984741,33.6199989319,33.4199981689,33.5099983215
2011.01.26,33.6699981689,34.2500000000,33.6599998474,34.2500000000
2011.01.27,34.2400016785,34.3499984741,33.7700004578,33.8300018311
2011.01.28,33.8600006104,34.5800018311,33.8600006104,34.4700012207
2011.01.31,34.5000000000,35.3400001526,34.4399986267,35.1599998474
2011.02.01,35.2599983215,35.3899993896,35.0699996948,35.1699981689
2011.02.02,35.2900009155,35.4599990845,35.1500015259,35.4300003052
2011.02.03,35.4900016785,35.5000000000,35.0999984741,35.1899986267
2011.02.04,35.3400001526,35.4000015259,34.6399993896,34.8199996948
2011.02.07,34.8600006104,34.9199981689,34.5099983215,34.5400009155
2011.02.08,34.3899993896,34.7999992371,34.3199996948,34.7000007629
2011.02.09,34.7700004578,35.0000000000,34.5999984741,34.9300003052
2011.02.10,34.7599983215,34.9799995422,34.6500015259,34.8100013733
2011.02.11,34.7099990845,34.7900009155,34.3800010681,34.5499992371
2011.02.14,34.6500015259,35.0000000000,34.6100006104,34.6899986267
2011.02.15,34.6800003052,34.7200012207,34.1399993896,34.3300018311
2011.02.16,34.5200004578,34.7200012207,34.3600006104,34.6199989319
2011.02.17,34.6699981689,34.9000015259,34.6100006104,34.8800010681
2011.02.18,34.6399993896,35.0000000000,34.5000000000,34.7599983215
2011.02.22,35.4900016785,35.7700004578,35.0099983215,35.2599983215
2011.02.23,35.6100006104,36.2999992371,35.5000000000,36.1500015259
2011.02.24,36.3699989319,36.5000000000,35.4500007629,35.5999984741
2011.02.25,35.8899993896,36.3300018311,35.6599998474,36.2200012207
2011.02.28,36.2299995422,36.4099998474,36.0900001526,36.0900001526
2011.03.01,36.3899993896,36.9799995422,36.3699989319,36.9700012207
2011.03.02,37.0099983215,37.3899993896,36.8499984741,37.2999992371
2011.03.03,37.1100006104,37.3199996948,36.9700012207,37.2700004578
2011.03.04,37.5600013733,37.8899993896,37.5099983215,37.8499984741
2011.03.07,38.0400009155,38.1599998474,37.5299987793,37.5699996948
2011.03.08,37.4900016785,37.4900016785,37.0999984741,37.2299995422
2011.03.09,37.6100006104,37.6399993896,37.1699981689,37.3100013733
2011.03.10,37.0400009155,37.2000007629,36.4599990845,36.8499984741
2011.03.11,36.1899986267,36.6199989319,36.1500015259,36.4399986267
2011.03.14,36.3699989319,36.5099983215,36.1500015259,36.5000000000
2011.03.15,35.1800003052,35.5299987793,34.9900016785,35.1699981689
2011.03.16,35.4599990845,35.8600006104,35.1199989319,35.4300003052
2011.03.17,35.9599990845,36.5600013733,35.9000015259,36.4900016785
2011.03.18,36.4099998474,36.6800003052,36.2500000000,36.5999984741
2011.03.21,36.7599983215,36.9000015259,36.4199981689,36.5600013733
2011.03.22,36.4900016785,36.9700012207,36.3899993896,36.9599990845
2011.03.23,36.9799995422,37.1899986267,36.9300003052,37.0400009155
2011.03.24,36.9700012207,37.2400016785,36.8699989319,37.0499992371
2011.03.25,37.0800018311,37.2200012207,36.9700012207,37.1300010681
2011.03.28,36.7500000000,36.9300003052,36.5900001526,36.6599998474
2011.03.29,36.6300010681,36.9099998474,36.5200004578,36.8400001526
2011.03.30,36.8400001526,36.8800010681,36.5499992371,36.7400016785
2011.03.31,37.2200012207,37.5000000000,37.2099990845,37.3499984741
2011.04.01,37.3600006104,37.8600006104,37.3100013733,37.7700004578
2011.04.04,37.8199996948,38.1800003052,37.8199996948,38.1399993896
2011.04.05,38.1199989319,38.2500000000,38.0000000000,38.0900001526
2011.04.06,38.4500007629,38.5400009155,38.0900001526,38.1800003052
2011.04.07,38.2200012207,38.5000000000,38.0900001526,38.4599990845
2011.04.08,38.9500007629,39.3699989319,38.7799987793,39.3400001526
2011.04.11,39.1800003052,39.1800003052,38.4900016785,38.5099983215
2011.04.12,38.2500000000,38.2999992371,37.3699989319,37.5900001526
2011.04.13,37.8100013733,38.0999984741,37.4799995422,37.9300003052
2011.04.14,37.6699981689,38.0699996948,37.6599998474,38.0299987793
2011.04.15,37.9900016785,38.4199981689,37.8899993896,38.2700004578
2011.04.18,38.0099983215,38.0099983215,37.6300010681,37.8899993896
2011.04.19,37.7200012207,38.1300010681,37.5900001526,37.8300018311
2011.04.20,38.2900009155,38.7000007629,38.2000007629,38.5099983215
2011.04.21,38.6399993896,39.0000000000,38.4199981689,38.7500000000
2011.04.25,38.9799995422,38.9799995422,38.4500007629,38.6699981689
2011.04.26,38.6399993896,38.7900009155,38.5499992371,38.6800003052
2011.04.27,38.6500015259,38.8800010681,38.3100013733,38.8499984741
2011.04.28,37.6800003052,38.9700012207,37.6800003052,38.5499992371
2011.04.29,38.5900001526,39.0400009155,38.0000000000,38.9399986267
2011.05.02,38.7200012207,39.1800003052,38.6100006104,38.6399993896
2011.05.03,38.5999984741,38.8400001526,37.9700012207,38.2000007629
2011.05.04,37.3899993896,38.0000000000,37.2099990845,37.5099983215
2011.05.05,36.2200012207,36.6500015259,34.6800003052,34.8600006104
2011.05.06,34.7999992371,35.6699981689,34.3699989319,34.5800018311
2011.05.09,35.2099990845,36.0800018311,34.9000015259,36.0699996948
2011.05.10,35.8100013733,36.4099998474,35.6500015259,36.3199996948
2011.05.11,35.9000015259,36.0099983215,34.8100013733,35.0800018311
2011.05.12,34.5699996948,35.3600006104,34.2900009155,35.0099983215
2011.05.13,34.9199981689,35.2700004578,34.5499992371,35.0600013733
2011.05.16,34.8899993896,35.1800003052,34.4099998474,34.5200004578
2011.05.17,34.4500007629,34.7700004578,33.9500007629,34.7200012207
2011.05.18,35.0800018311,35.7000007629,34.9799995422,35.5000000000
2011.05.19,35.5499992371,35.6800003052,35.1100006104,35.2000007629
2011.05.20,35.1199989319,35.5099983215,34.5900001526,35.4099998474
2011.05.23,34.2799987793,34.8800010681,34.2799987793,34.6699981689
2011.05.24,35.2099990845,35.4000015259,34.8100013733,35.1199989319
2011.05.25,35.0600013733,35.7999992371,35.0600013733,35.7299995422
2011.05.26,35.7700004578,35.8800010681,35.5000000000,35.6800003052
2011.05.27,35.9000015259,35.9900016785,35.7700004578,35.9599990845
2011.05.31,36.3899993896,36.5099983215,36.1699981689,36.2700004578
2011.06.01,36.2099990845,36.2700004578,35.5299987793,35.6599998474
2011.06.02,35.7999992371,36.0200004578,35.4599990845,35.9599990845
2011.06.03,35.5400009155,36.0699996948,35.2400016785,36.0499992371
2011.06.06,35.9000015259,35.9900016785,35.3699989319,35.4500007629
2011.06.07,35.5000000000,35.8699989319,35.3699989319,35.7000007629
2011.06.08,35.8499984741,36.3499984741,35.8499984741,36.2099990845
2011.06.09,36.3199996948,36.6500015259,36.2700004578,36.5800018311
2011.06.10,36.2200012207,36.2799987793,35.8400001526,35.9599990845
2011.06.13,35.9300003052,36.0999984741,35.3600006104,35.6100006104
2011.06.14,35.7200012207,35.9799995422,35.7200012207,35.9599990845
2011.06.15,35.7299995422,35.9000015259,34.5499992371,34.9099998474
2011.06.16,34.7700004578,34.8300018311,34.5699996948,34.7799987793
2011.06.17,34.5400009155,34.7999992371,33.8699989319,34.0900001526
2011.06.20,34.1800003052,34.2999992371,33.8800010681,34.0000000000
2011.06.21,34.1500015259,34.2799987793,33.9099998474,34.0800018311
2011.06.22,34.1300010681,34.5900001526,34.1300010681,34.3300018311
2011.06.23,33.3300018311,33.4500007629,32.8899993896,33.4199981689
2011.06.24,33.2099990845,33.2900009155,32.7400016785,33.0699996948
2011.06.27,32.6800003052,33.1100006104,32.5999984741,33.0499992371
2011.06.28,33.3199996948,33.7200012207,33.1199989319,33.6599998474
2011.06.29,33.8199996948,34.5000000000,33.8100013733,34.4099998474
2011.06.30,34.2200012207,34.4500007629,33.8100013733,34.1100006104
2011.07.01,33.9300003052,34.1500015259,33.5000000000,34.0400009155
2011.07.05,34.1899986267,34.7999992371,34.1899986267,34.7099990845
2011.07.06,34.6300010681,34.7000007629,34.4000015259,34.6500015259
2011.07.07,34.9399986267,35.5800018311,34.9399986267,35.4799995422
2011.07.08,35.1599998474,35.2900009155,34.9799995422,35.2599983215
2011.07.11,34.7999992371,35.0299987793,34.6300010681,34.8699989319
2011.07.12,34.7400016785,35.4399986267,34.7400016785,35.2700004578
2011.07.13,35.4900016785,36.0499992371,35.3499984741,35.7900009155
2011.07.14,35.7999992371,35.9900016785,35.0800018311,35.2700004578
2011.07.15,35.3499984741,35.7599983215,34.9099998474,35.5600013733
2011.07.18,35.2900009155,35.2900009155,34.9099998474,35.2900009155
2011.07.19,35.5999984741,36.0099983215,35.5999984741,35.7599983215
2011.07.20,35.8800010681,35.9700012207,35.5800018311,35.8499984741
2011.07.21,35.9900016785,36.1899986267,35.7200012207,35.8400001526
2011.07.22,35.8400001526,36.1100006104,35.8300018311,36.0600013733
2011.07.25,35.7200012207,36.0000000000,35.7000007629,35.8699989319
2011.07.26,35.9000015259,36.1699981689,35.5999984741,35.8899993896
2011.07.27,35.8100013733,35.8499984741,35.5000000000,35.5600013733
2011.07.28,35.6199989319,35.7900009155,35.5200004578,35.6100006104
2011.07.29,35.1699981689,35.3600006104,35.0600013733,35.1899986267
2011.08.01,35.8699989319,35.9000015259,34.8600006104,35.3499984741
2011.08.02,35.0800018311,35.4799995422,34.9700012207,35.0200004578
2011.08.03,34.8800010681,34.9599990845,34.2900009155,34.3400001526
2011.08.04,34.1300010681,34.1399993896,32.8600006104,32.8899993896
2011.08.05,33.0400009155,33.2799987793,32.3899993896,33.0900001526
2011.08.08,32.2099990845,32.4199981689,31.3799991608,31.5300006866
2011.08.09,31.8799991608,32.1500015259,31.0900001526,31.7700004578
2011.08.10,31.8299999237,32.2900009155,31.5599994659,31.9599990845
2011.08.11,32.2700004578,33.0800018311,32.2000007629,33.0499992371
2011.08.12,33.2099990845,33.3400001526,32.9399986267,33.0000000000
2011.08.15,33.2200012207,33.5099983215,33.1899986267,33.4500007629
2011.08.16,33.2500000000,33.5699996948,33.0800018311,33.4199981689
2011.08.17,33.8600006104,34.0200004578,33.5900001526,33.5900001526
2011.08.18,33.0800018311,33.1300010681,32.3300018311,32.4199981689
2011.08.19,32.3899993896,33.0299987793,32.3800010681,32.8600006104
2011.08.22,32.9700012207,33.1300010681,32.6500015259,33.0099983215
2011.08.23,33.1399993896,33.5800018311,32.9399986267,33.5699996948
2011.08.24,33.4099998474,33.5400009155,33.1500015259,33.1800003052
2011.08.25,33.3300018311,33.5299987793,32.8899993896,33.3300018311
2011.08.26,33.0200004578,33.6599998474,33.0000000000,33.6199989319
2011.08.29,34.0299987793,34.0499992371,33.8600006104,33.9199981689
2011.08.30,34.0299987793,34.5600013733,33.8800010681,34.5200004578
2011.08.31,34.5699996948,34.7200012207,34.4500007629,34.5900001526
2011.09.01,34.5200004578,34.5999984741,34.1899986267,34.1899986267
2011.09.02,33.6899986267,34.0600013733,33.5499992371,33.8400001526
2011.09.06,33.2200012207,33.7599983215,33.2000007629,33.7400016785
2011.09.07,33.9099998474,34.4099998474,33.9000015259,34.3300018311
2011.09.08,34.3199996948,34.5000000000,34.1199989319,34.1699981689
2011.09.09,33.5999984741,33.7299995422,33.3499984741,33.5999984741
2011.09.12,33.3499984741,34.2999992371,33.2400016785,33.6899986267
2011.09.13,33.7299995422,33.9199981689,33.5299987793,33.7099990845
2011.09.14,33.6199989319,33.6800003052,33.3699989319,33.4799995422
2011.09.15,33.9199981689,34.0099983215,33.6399993896,33.7700004578
2011.09.16,33.5699996948,33.9099998474,33.3899993896,33.4000015259
2011.09.19,32.8100013733,32.9300003052,32.5900001526,32.7400016785
2011.09.20,32.8400001526,33.1699981689,32.7500000000,32.7500000000
2011.09.21,32.8300018311,33.1100006104,32.3300018311,32.3600006104
2011.09.22,31.6200008392,31.6200008392,30.7800006866,30.8899993896
2011.09.23,30.4300003052,30.9699993134,30.2500000000,30.5300006866
2011.09.26,30.3799991608,30.9300003052,30.2800006866,30.8799991608
2011.09.27,31.4400005341,31.8400001526,31.4200000763,31.5499992371
2011.09.28,31.0000000000,31.6499996185,30.7199993134,30.7500000000
2011.09.29,31.2600002289,31.4599990845,31.0200004578,31.2999992371
2011.09.30,30.5900001526,30.7600002289,30.1299991608,30.1900005341
2011.10.03,29.9200000763,30.2999992371,29.6499996185,29.7500000000
2011.10.04,29.4200000763,29.8899993896,29.0200004578,29.7600002289
2011.10.05,29.9400005341,30.3899993896,29.6399993896,30.2900009155
2011.10.06,29.9400005341,31.0900001526,29.9400005341,31.0799999237
2011.10.07,31.0699996948,31.1599998474,30.6200008392,30.8500003815
2011.10.10,31.2800006866,31.7800006866,31.2199993134,31.7099990845
2011.10.11,31.4099998474,32.0900001526,31.3700008392,31.8500003815
2011.10.12,31.9599990845,32.2099990845,31.8799991608,31.9300003052
2011.10.13,31.7399997711,32.0900001526,31.1900005341,31.9099998474
2011.10.14,32.1699981689,32.7700004578,32.1699981689,32.7200012207
2011.10.17,32.4799995422,32.5699996948,32.2299995422,32.2900009155
2011.10.18,32.1300010681,32.9099998474,31.9400005341,32.7999992371
2011.10.19,32.5999984741,32.9000015259,31.9400005341,31.9799995422
2011.10.20,31.6100006104,32.1399993896,31.4500007629,32.1300010681
2011.10.21,32.2099990845,32.7799987793,32.2000007629,32.4000015259
2011.10.24,32.5999984741,33.2000007629,32.4900016785,33.1699981689
2011.10.25,33.2999992371,33.5000000000,33.0499992371,33.2000007629
2011.10.26,33.2999992371,33.3899993896,32.6300010681,32.7900009155
2011.10.27,33.4900016785,33.8800010681,33.3400001526,33.7000007629
2011.10.28,33.3800010681,33.6599998474,33.3100013733,33.4799995422
2011.10.31,32.9900016785,33.4799995422,32.9099998474,33.2900009155
2011.11.01,32.3499984741,33.0299987793,32.3199996948,32.8800010681
2011.11.02,33.2799987793,33.4000015259,32.7299995422,32.8199996948
2011.11.03,32.9500007629,33.4900016785,32.8899993896,33.4399986267
2011.11.04,33.4399986267,33.6100006104,33.1800003052,33.5400009155
2011.11.07,33.8100013733,34.0499992371,33.6199989319,34.0299987793
2011.11.08,34.0699996948,34.2900009155,33.9700012207,34.2700004578
2011.11.09,33.7900009155,34.1699981689,33.5800018311,33.5999984741
2011.11.10,33.9000015259,34.0200004578,33.6100006104,33.8100013733
2011.11.11,33.9399986267,34.1699981689,33.4399986267,34.1699981689
2011.11.14,33.9099998474,33.9799995422,33.6300010681,33.8300018311
2011.11.15,33.9000015259,34.1599998474,33.7900009155,34.1500015259
2011.11.16,34.1500015259,34.4000015259,34.0699996948,34.1300010681
2011.11.17,33.9199981689,33.9500007629,33.2599983215,33.3800010681
2011.11.18,33.3699989319,33.5499992371,32.9500007629,33.1500015259
2011.11.21,32.7500000000,32.9900016785,32.3300018311,32.9099998474
2011.11.22,32.9700012207,33.2400016785,32.8600006104,33.1300010681
2011.11.23,32.7200012207,32.7999992371,32.4700012207,32.6300010681
2011.11.25,32.4900016785,32.7799987793,32.3600006104,32.3899993896
2011.11.28,32.9500007629,33.2000007629,32.7000007629,32.8600006104
2011.11.29,33.0999984741,33.4399986267,32.6599998474,33.4199981689
2011.11.30,33.7000007629,33.9799995422,33.5900001526,33.7900009155
2011.12.01,33.6399993896,33.9099998474,33.3600006104,33.6399993896
2011.12.02,33.8300018311,33.8499984741,33.4399986267,33.5200004578
2011.12.05,33.5800018311,33.8300018311,33.2500000000,33.4199981689
2011.12.06,33.3499984741,33.7700004578,33.1300010681,33.7599983215
2011.12.07,33.7400016785,33.9599990845,33.2700004578,33.4099998474
2011.12.08,33.0200004578,33.4300003052,32.8499984741,32.8899993896
2011.12.09,33.0600013733,33.0800018311,32.7799987793,33.0600013733
2011.12.12,32.7400016785,32.7900009155,32.2200012207,32.5999984741
2011.12.13,32.6300010681,33.3400001526,32.6300010681,33.0499992371
2011.12.14,32.4500007629,32.4799995422,31.6399993896,31.7199993134
2011.12.15,32.0299987793,32.1399993896,31.3999996185,31.4300003052
2011.12.16,31.4400005341,31.8400001526,31.1100006104,31.6200008392
2011.12.19,31.7199993134,31.7299995422,31.3400001526,31.6100006104
2011.12.20,32.2299995422,32.5099983215,32.0099983215,32.4300003052
2011.12.21,32.4900016785,32.8300018311,32.4000015259,32.8100013733
2011.12.22,32.7400016785,33.0400009155,32.7400016785,32.9099998474
2011.12.23,33.0499992371,33.0900001526,32.8600006104,33.0299987793
2011.12.27,32.9599990845,33.5400009155,32.9599990845,33.4099998474
2011.12.28,33.2500000000,33.3300018311,32.9000015259,33.0800018311
2011.12.29,33.0200004578,33.1399993896,32.7599983215,33.1399993896
2011.12.30,33.5999984741,33.6100006104,32.8400001526,32.9799995422
2012.01.03,33.5299987793,34.1800003052,33.5299987793,34.1599998474
2012.01.04,34.1699981689,34.4099998474,34.0200004578,34.3199996948
2012.01.05,34.1500015259,34.2000007629,33.7000007629,33.7999992371
2012.01.06,33.8600006104,33.9799995422,33.5999984741,33.9500007629
2012.01.09,34.0000000000,34.0400009155,33.7299995422,33.9900016785
2012.01.10,34.3100013733,34.3899993896,34.0600013733,34.2500000000
2012.01.11,34.0200004578,34.4399986267,33.8600006104,34.0299987793
2012.01.12,34.0499992371,34.3899993896,33.4000015259,33.4799995422
2012.01.13,33.2700004578,33.4900016785,33.1800003052,33.4799995422
2012.01.17,33.6699981689,33.7799987793,33.5200004578,33.7599983215
2012.01.18,33.6800003052,33.7599983215,33.5099983215,33.7000007629
2012.01.19,34.0200004578,34.0200004578,33.6100006104,33.7700004578
2012.01.20,33.6100006104,33.6100006104,33.2500000000,33.3800010681
2012.01.23,33.5200004578,33.8199996948,33.5200004578,33.7700004578
2012.01.24,33.5099983215,33.7599983215,33.4500007629,33.6800003052
2012.01.25,33.5699996948,33.9500007629,33.4300003052,33.9300003052
2012.01.26,34.2400016785,34.3199996948,33.8400001526,34.0400009155
2012.01.27,33.9199981689,34.2000007629,33.9000015259,34.1399993896
2012.01.30,33.8499984741,33.9900016785,33.6800003052,33.8199996948
2012.01.31,34.1800003052,34.2500000000,33.6300010681,33.7700004578
2012.02.01,33.9500007629,34.0200004578,33.6300010681,33.7500000000
2012.02.02,33.5800018311,33.7500000000,33.3699989319,33.7299995422
2012.02.03,33.7400016785,34.0699996948,33.7200012207,34.0099983215
2012.02.06,33.9399986267,34.1899986267,33.9199981689,34.1699981689
2012.02.07,34.0400009155,34.4399986267,33.9500007629,34.3199996948
2012.02.08,34.4500007629,34.5600013733,34.0999984741,34.4599990845
2012.02.09,34.5699996948,34.8100013733,34.4599990845,34.5699996948
2012.02.10,34.2000007629,34.3100013733,34.0200004578,34.2599983215
2012.02.13,34.4799995422,34.5400009155,34.2700004578,34.4099998474
2012.02.14,34.5200004578,34.6100006104,34.3300018311,34.4799995422
2012.02.15,34.5800018311,34.6899986267,34.4900016785,34.6199989319
2012.02.16,34.6500015259,34.8800010681,34.5299987793,34.8800010681
2012.02.17,34.9099998474,34.9900016785,34.7500000000,34.9900016785
2012.02.21,35.2400016785,35.5600013733,35.1699981689,35.4799995422
2012.02.22,35.4700012207,35.7999992371,35.4000015259,35.6599998474
2012.02.23,35.7200012207,36.0400009155,35.5800018311,35.9500007629
2012.02.24,36.0600013733,36.4300003052,35.9599990845,36.3499984741
2012.02.27,36.1300010681,36.2900009155,35.9300003052,35.9900016785
2012.02.28,36.0600013733,36.1800003052,35.7200012207,35.8100013733
2012.02.29,35.8899993896,35.9700012207,35.2999992371,35.8699989319
2012.03.01,35.9199981689,36.7200012207,35.7599983215,36.4300003052
2012.03.02,36.1599998474,36.1599998474,35.7000007629,35.8400001526
2012.03.05,35.8899993896,36.0000000000,35.6399993896,35.9000015259
2012.03.06,35.2200012207,35.4500007629,35.0999984741,35.2799987793
2012.03.07,35.2799987793,35.4900016785,35.1500015259,35.4399986267
2012.03.08,35.5699996948,35.7700004578,35.5400009155,35.6199989319
2012.03.09,35.5600013733,35.9500007629,35.5099983215,35.7999992371
2012.03.12,35.5200004578,35.7599983215,35.4000015259,35.7400016785
2012.03.13,35.7299995422,35.9900016785,35.5699996948,35.8600006104
2012.03.14,35.7799987793,35.9300003052,35.4799995422,35.6399993896
2012.03.15,35.5800018311,35.7299995422,35.2500000000,35.4599990845
2012.03.16,35.6199989319,36.0000000000,35.6199989319,36.0000000000
2012.03.19,36.0099983215,36.1300010681,35.9300003052,36.0699996948
2012.03.20,35.6100006104,35.6800003052,35.4300003052,35.5200004578
2012.03.21,35.4900016785,35.8199996948,35.4399986267,35.6800003052
2012.03.22,35.1800003052,35.3400001526,35.0600013733,35.2799987793
2012.03.23,35.3899993896,36.0200004578,35.3499984741,35.6699981689
2012.03.26,35.5299987793,35.9099998474,35.5299987793,35.8100013733
2012.03.27,35.8899993896,35.9300003052,35.6500015259,35.7299995422
2012.03.28,35.3400001526,35.3899993896,35.1800003052,35.3499984741
2012.03.29,35.2400016785,35.3199996948,34.5099983215,34.7500000000
2012.03.30,34.7500000000,35.1300010681,34.6300010681,34.7799987793
2012.04.02,34.5400009155,35.4500007629,34.5299987793,35.3899993896
2012.04.03,35.3100013733,35.4399986267,35.0600013733,35.2099990845
2012.04.04,34.7700004578,34.9900016785,34.5299987793,34.7500000000
2012.04.05,34.5800018311,34.8800010681,34.5000000000,34.8499984741
2012.04.09,34.4399986267,34.6300010681,34.2599983215,34.5699996948
2012.04.10,34.4700012207,34.5600013733,33.9900016785,34.0200004578
2012.04.11,34.2000007629,34.4300003052,34.1100006104,34.3300018311
2012.04.12,34.3199996948,34.8499984741,34.3199996948,34.7599983215
2012.04.13,34.7200012207,34.7200012207,34.4500007629,34.5600013733
2012.04.16,34.3400001526,34.4900016785,34.1599998474,34.3199996948
2012.04.17,34.4900016785,34.5699996948,34.3899993896,34.4700012207
2012.04.18,34.1899986267,34.3199996948,33.9500007629,34.1300010681
2012.04.19,34.1800003052,34.2900009155,33.9700012207,34.0499992371
2012.04.20,34.3899993896,34.5200004578,34.1500015259,34.3400001526
2012.04.23,33.8899993896,34.2200012207,33.7999992371,34.1699981689
2012.04.24,34.2200012207,34.3400001526,34.0000000000,34.0600013733
2012.04.25,34.1699981689,34.3600006104,33.9900016785,34.2900009155
2012.04.26,34.3499984741,34.5299987793,34.3300018311,34.4000015259
2012.04.27,34.4000015259,34.6399993896,34.3600006104,34.5800018311
2012.04.30,34.4799995422,34.7000007629,34.3699989319,34.6599998474
2012.05.01,34.4099998474,34.8499984741,34.4099998474,34.7500000000
2012.05.02,34.5699996948,34.6500015259,34.2599983215,34.3199996948
2012.05.03,34.1399993896,34.2000007629,33.7700004578,33.7999992371
2012.05.04,33.3400001526,33.4300003052,32.7900009155,33.0800018311
2012.05.07,32.8400001526,32.9399986267,32.5900001526,32.9000015259
2012.05.08,32.6300010681,32.8100013733,32.3400001526,32.7799987793
2012.05.09,32.3400001526,32.6599998474,32.2900009155,32.5900001526
2012.05.10,32.8100013733,32.8100013733,32.5200004578,32.5200004578
2012.05.11,32.2299995422,32.5800018311,32.2299995422,32.2799987793
2012.05.14,31.8799991608,32.0299987793,31.7900009155,31.8799991608
2012.05.15,32.0299987793,32.1599998474,31.8700008392,31.8700008392
2012.05.16,31.8400001526,32.1199989319,31.7600002289,31.7900009155
2012.05.17,31.8099994659,31.9899997711,31.6299991608,31.6800003052
2012.05.18,31.7299995422,31.8600006104,31.5799999237,31.5900001526
2012.05.21,31.7500000000,32.0200004578,31.7299995422,32.0000000000
2012.05.22,31.8700008392,31.9500007629,31.5300006866,31.5400009155
2012.05.23,31.2600002289,31.4799995422,30.9400005341,31.1900005341
2012.05.24,31.2900009155,31.3700008392,31.0599994659,31.2500000000
2012.05.25,31.2099990845,31.3199996948,31.1900005341,31.2299995422
2012.05.29,31.4200000763,31.5100002289,31.0300006866,31.0900001526
2012.05.30,30.6800003052,30.6800003052,30.3299999237,30.4099998474
2012.05.31,30.4099998474,30.4400005341,29.9799995422,30.2299995422
2012.06.01,29.5000000000,29.7600002289,29.1000003815,29.3199996948
2012.06.04,29.2600002289,29.6299991608,29.1200008392,29.6000003815
2012.06.05,29.5200004578,29.6200008392,29.3999996185,29.5200004578
2012.06.06,29.8199996948,30.1200008392,29.7299995422,30.0200004578
2012.06.07,30.3099994659,30.4699993134,29.7399997711,29.8199996948
2012.06.08,29.4899997711,29.9899997711,29.4200000763,29.9500007629
2012.06.11,30.0499992371,30.0499992371,29.2399997711,29.2700004578
2012.06.12,29.5400009155,29.6399993896,29.3999996185,29.5499992371
2012.06.13,29.2800006866,29.6800003052,29.2000007629,29.3099994659
2012.06.14,29.3099994659,29.7299995422,29.1499996185,29.7299995422
2012.06.15,29.6800003052,29.8799991608,29.5200004578,29.6499996185
2012.06.18,29.4099998474,29.6399993896,29.2500000000,29.5400009155
2012.06.19,29.8199996948,29.9099998474,29.7299995422,29.8299999237
2012.06.20,29.6499996185,29.6800003052,29.0499992371,29.0699996948
2012.06.21,28.9699993134,29.0100002289,28.2999992371,28.4699993134
2012.06.22,28.5599994659,28.8299999237,28.5000000000,28.8099994659
2012.06.25,28.6700000763,28.9400005341,28.6000003815,28.8999996185
2012.06.26,28.8999996185,29.1299991608,28.7999992371,29.0699996948
2012.06.27,29.3099994659,29.5200004578,29.2500000000,29.3500003815
2012.06.28,29.1599998474,29.2800006866,28.7600002289,29.0200004578
2012.06.29,29.8500003815,30.5900001526,29.7099990845,30.4400005341
2012.07.02,30.2700004578,30.3899993896,30.0100002289,30.3299999237
2012.07.03,31.1100006104,31.3999996185,30.8899993896,31.3600006104
2012.07.05,31.4200000763,31.6100006104,31.0000000000,31.4300003052
2012.07.06,30.9200000763,30.9500007629,30.6499996185,30.7000007629
2012.07.09,30.8999996185,31.4099998474,30.8999996185,31.1800003052
2012.07.10,31.1599998474,31.1599998474,30.6900005341,30.7999992371
2012.07.11,31.0699996948,31.3099994659,30.8999996185,31.2399997711
2012.07.12,30.8799991608,31.3700008392,30.8099994659,31.2500000000
2012.07.13,31.4200000763,31.8099994659,31.4099998474,31.5900001526
2012.07.16,31.8099994659,32.0999984741,31.7199993134,32.0999984741
2012.07.17,32.2599983215,32.3899993896,31.8600006104,32.0900001526
2012.07.18,31.8799991608,32.6500015259,31.8799991608,32.5900001526
2012.07.19,33.0000000000,33.3699989319,32.9599990845,33.3400001526
2012.07.20,33.0900001526,33.2299995422,32.9199981689,33.1899986267
2012.07.23,32.2200012207,32.6100006104,32.1399993896,32.3400001526
2012.07.24,32.2500000000,32.3199996948,31.8799991608,32.2000007629
2012.07.25,32.4500007629,32.4700012207,31.9400005341,32.3400001526
2012.07.26,32.6399993896,32.6899986267,32.2999992371,32.3600006104
2012.07.27,32.7400016785,32.8400001526,32.5000000000,32.7799987793
2012.07.30,32.7799987793,32.9099998474,32.6100006104,32.8100013733
2012.07.31,32.6699981689,32.7999992371,32.2299995422,32.2299995422
2012.08.01,32.6599998474,32.6599998474,32.3199996948,32.4599990845
2012.08.02,32.0900001526,32.2799987793,32.0099983215,32.0900001526
2012.08.03,32.6199989319,33.0800018311,32.6100006104,32.9900016785
2012.08.06,32.9599990845,33.1599998474,32.7799987793,33.0900001526
2012.08.07,33.1599998474,33.5999984741,33.0900001526,33.4199981689
2012.08.08,33.5900001526,33.6699981689,33.4199981689,33.5499992371
2012.08.09,33.5299987793,33.8300018311,33.5299987793,33.7200012207
2012.08.10,33.2799987793,33.5999984741,33.2799987793,33.5299987793
2012.08.13,33.4300003052,33.5600013733,33.1599998474,33.2999992371
2012.08.14,33.3699989319,33.5400009155,33.3199996948,33.4599990845
2012.08.15,33.3400001526,33.8600006104,33.1599998474,33.7400016785
2012.08.16,33.8699989319,34.0800018311,33.7500000000,33.9500007629
2012.08.17,33.8800010681,34.1500015259,33.7700004578,34.1100006104
2012.08.20,34.0999984741,34.1899986267,33.9099998474,34.1699981689
2012.08.21,34.5800018311,34.6899986267,34.4000015259,34.4500007629
2012.08.22,34.4300003052,34.6199989319,34.3800010681,34.6100006104
2012.08.23,34.7099990845,34.7500000000,34.2400016785,34.3199996948
2012.08.24,34.4300003052,34.5000000000,34.0699996948,34.0900001526
2012.08.27,34.3800010681,34.3800010681,33.8800010681,34.0499992371
2012.08.28,34.0499992371,34.2000007629,33.9300003052,34.1199989319
2012.08.29,34.1199989319,34.1599998474,33.9799995422,34.0900001526
2012.08.30,34.2200012207,34.2200012207,33.5800018311,34.0900001526
2012.08.31,34.3499984741,34.5499992371,34.0999984741,34.5400009155
2012.09.04,34.7400016785,34.7400016785,34.3699989319,34.4500007629
2012.09.05,34.3899993896,34.4099998474,34.1800003052,34.2799987793
2012.09.06,34.4599990845,34.7900009155,34.2200012207,34.2200012207
2012.09.07,34.3300018311,34.6899986267,34.1500015259,34.6399993896
2012.09.10,34.5999984741,34.7500000000,34.5000000000,34.6399993896
2012.09.11,34.6899986267,34.8300018311,34.6500015259,34.7400016785
2012.09.12,34.7700004578,34.8800010681,34.6300010681,34.7500000000
2012.09.13,35.0200004578,35.0499992371,34.5999984741,34.9300003052
2012.09.14,35.3199996948,35.5200004578,35.2000007629,35.3499984741
2012.09.17,35.3199996948,35.3400001526,34.1300010681,34.3800010681
2012.09.18,34.4500007629,34.4900016785,33.9799995422,34.1100006104
2012.09.19,33.9399986267,33.9399986267,33.2400016785,33.3499984741
2012.09.20,33.3800010681,33.6800003052,33.2999992371,33.6500015259
2012.09.21,33.7599983215,33.8800010681,33.6800003052,33.8100013733
2012.09.24,33.2799987793,33.5200004578,33.1699981689,33.5000000000
2012.09.25,33.7400016785,33.7900009155,33.4000015259,33.4900016785
2012.09.26,33.2299995422,33.2599983215,32.5000000000,33.1899986267
2012.09.27,33.5200004578,33.7000007629,33.4399986267,33.6500015259
2012.09.28,33.7599983215,33.8899993896,33.6500015259,33.7999992371
2012.10.01,33.9900016785,34.1100006104,33.7500000000,33.8800010681
2012.10.02,33.9099998474,33.9199981689,33.7000007629,33.7099990845
2012.10.03,33.4000015259,33.4000015259,32.8899993896,32.9300003052
2012.10.04,33.3400001526,33.9300003052,33.2500000000,33.8600006104
2012.10.05,33.8499984741,33.8499984741,33.3800010681,33.5299987793
2012.10.08,33.4300003052,33.5400009155,33.3400001526,33.4500007629
2012.10.09,33.6199989319,34.0699996948,33.6100006104,33.9700012207
2012.10.10,33.9599990845,34.2500000000,33.7799987793,33.8699989319
2012.10.11,34.1599998474,34.3899993896,34.0900001526,34.2799987793
2012.10.12,33.9900016785,34.1100006104,33.7400016785,33.9000015259
2012.10.15,33.6300010681,33.8600006104,33.4199981689,33.8199996948
2012.10.16,33.7700004578,33.9099998474,33.7099990845,33.7900009155
2012.10.17,33.8800010681,33.9599990845,33.7200012207,33.8699989319
2012.10.18,33.6199989319,34.0600013733,33.5900001526,33.9700012207
2012.10.19,34.0999984741,34.1300010681,33.4000015259,33.4599990845
2012.10.22,33.4300003052,33.5600013733,33.0200004578,33.1699981689
2012.10.23,32.6899986267,32.7000007629,32.3600006104,32.5600013733
2012.10.24,32.5600013733,32.6100006104,32.2500000000,32.4199981689
2012.10.25,32.6100006104,32.7000007629,32.2999992371,32.4900016785
2012.10.26,32.4300003052,32.5600013733,32.3600006104,32.5499992371
2012.10.31,32.4500007629,32.6899986267,32.3699989319,32.4399986267
2012.11.01,32.4599990845,32.6100006104,32.3400001526,32.4500007629
2012.11.02,32.3699989319,32.4000015259,31.7900009155,31.8799991608
2012.11.05,31.8500003815,32.1300010681,31.7700004578,32.0800018311
2012.11.06,32.0499992371,32.8800010681,32.0499992371,32.7799987793
2012.11.07,32.6399993896,32.6399993896,31.9099998474,31.9799995422
2012.11.08,32.0400009155,32.1300010681,31.8700008392,31.9500007629
2012.11.09,31.9500007629,32.4099998474,31.7000007629,32.3600006104
2012.11.12,32.3600006104,32.4300003052,32.0999984741,32.1699981689
2012.11.13,31.8099994659,32.1100006104,31.6000003815,32.0400009155
2012.11.14,32.1199989319,32.4099998474,32.0400009155,32.2099990845
2012.11.15,32.3699989319,32.4300003052,31.9200000763,32.0499992371
2012.11.16,32.2099990845,32.3199996948,32.0000000000,32.3100013733
2012.11.19,32.7400016785,33.0200004578,32.7299995422,32.9399986267
2012.11.20,32.7700004578,32.8899993896,32.3699989319,32.6300010681
2012.11.21,32.6800003052,32.7799987793,32.5099983215,32.7700004578
2012.11.23,32.7999992371,32.9700012207,32.5299987793,32.9300003052
2012.11.26,32.7200012207,32.8400001526,32.6699981689,32.7500000000
2012.11.27,32.7799987793,32.8100013733,32.5699996948,32.7299995422
2012.11.28,32.3699989319,32.6800003052,32.2400016785,32.6699981689
2012.11.29,32.9700012207,33.0800018311,32.8100013733,32.8699989319
2012.11.30,32.8899993896,32.9900016785,32.7999992371,32.9599990845
2012.12.03,33.2900009155,33.4799995422,32.8899993896,33.1399993896
2012.12.04,32.7999992371,32.8899993896,32.7000007629,32.7700004578
2012.12.05,32.7500000000,32.8499984741,32.5800018311,32.7299995422
2012.12.06,32.4599990845,32.5099983215,32.2099990845,32.3499984741
2012.12.07,32.2200012207,32.3699989319,32.1399993896,32.2400016785
2012.12.10,32.1599998474,32.2799987793,32.0200004578,32.0699996948
2012.12.11,32.0600013733,32.1500015259,31.9500007629,32.1500015259
2012.12.12,32.4000015259,32.4599990845,32.1699981689,32.3499984741
2012.12.13,32.1800003052,32.2700004578,31.9300003052,32.0400009155
2012.12.14,32.1100006104,32.2700004578,32.0600013733,32.2700004578
2012.12.17,32.2099990845,32.3300018311,32.1599998474,32.2700004578
2012.12.18,32.3300018311,32.4599990845,32.2000007629,32.4000015259
2012.12.19,32.4199981689,32.6399993896,32.3699989319,32.5800018311
2012.12.20,32.4099998474,32.5900001526,32.3699989319,32.4900016785
2012.12.21,32.2900009155,32.4300003052,32.2099990845,32.4199981689
2012.12.24,32.2500000000,32.2999992371,32.2099990845,32.2999992371
2012.12.26,32.4199981689,32.8199996948,32.4199981689,32.7799987793
2012.12.27,32.7400016785,32.7599983215,32.5000000000,32.7500000000
2012.12.28,32.6399993896,32.7299995422,32.4900016785,32.5499992371
2012.12.31,32.3699989319,32.8300018311,32.3699989319,32.7900009155
2013.01.02,33.1899986267,33.2099990845,32.8800010681,32.8899993896
2013.01.03,32.8199996948,32.9199981689,32.7200012207,32.7299995422
2013.01.04,32.6300010681,32.7500000000,32.5299987793,32.6599998474
2013.01.07,32.7000007629,32.8499984741,32.5800018311,32.8400001526
2013.01.08,32.9099998474,32.9500007629,32.7599983215,32.9199981689
2013.01.09,32.9599990845,32.9599990845,32.7200012207,32.8499984741
2013.01.10,33.1100006104,33.2299995422,32.9500007629,32.9900016785
2013.01.11,32.7700004578,32.9000015259,32.5999984741,32.8800010681
2013.01.14,32.9900016785,33.1599998474,32.8300018311,33.1599998474
2013.01.15,33.0800018311,33.1500015259,32.9000015259,32.9799995422
2013.01.16,32.9599990845,33.0800018311,32.8899993896,33.0800018311
2013.01.17,33.2099990845,33.3199996948,33.1100006104,33.2799987793
2013.01.18,33.3199996948,33.4399986267,33.1899986267,33.4399986267
2013.01.22,33.5200004578,33.6399993896,33.4099998474,33.5699996948
2013.01.23,33.5499992371,33.5999984741,33.3899993896,33.5099983215
2013.01.24,33.4700012207,33.6500015259,33.4000015259,33.6300010681
2013.01.25,33.6100006104,33.6399993896,33.4199981689,33.5900001526
2013.01.28,33.5900001526,33.7299995422,33.4099998474,33.7299995422
2013.01.29,33.8100013733,33.9799995422,33.7299995422,33.9500007629
2013.01.30,34.0999984741,34.2799987793,34.0600013733,34.2700004578
2013.01.31,34.0499992371,34.2900009155,34.0499992371,34.2900009155
2013.02.01,34.2900009155,34.5699996948,34.2200012207,34.3600006104
2013.02.04,34.2099990845,34.3600006104,34.1100006104,34.1699981689
2013.02.05,34.3600006104,34.4000015259,34.2700004578,34.3800010681
2013.02.06,34.1399993896,34.3699989319,34.0699996948,34.3600006104
2013.02.07,34.3499984741,34.4199981689,34.0999984741,34.1899986267
2013.02.08,34.3699989319,34.4500007629,34.2400016785,34.2999992371
2013.02.11,34.1100006104,34.2900009155,33.9900016785,34.2799987793
2013.02.12,34.2999992371,34.3699989319,34.2200012207,34.3600006104
2013.02.13,34.3699989319,34.4000015259,34.2400016785,34.3400001526
2013.02.14,34.2200012207,34.3600006104,34.2200012207,34.3499984741
2013.02.15,34.0499992371,34.2400016785,33.9799995422,34.2400016785
2013.02.19,34.0299987793,34.1399993896,33.9099998474,34.1399993896
2013.02.20,34.0400009155,34.0999984741,33.4199981689,33.5600013733
2013.02.21,33.2000007629,33.2200012207,33.0400009155,33.0900001526
2013.02.22,33.1399993896,33.2400016785,33.0600013733,33.2000007629
2013.02.25,33.2900009155,33.4599990845,32.9599990845,32.9900016785
2013.02.26,33.0099983215,33.0699996948,32.7900009155,32.9599990845
2013.02.27,32.9000015259,33.0000000000,32.7299995422,32.7999992371
2013.02.28,32.7299995422,32.8699989319,32.5400009155,32.5400009155
2013.03.01,32.3499984741,32.4300003052,32.2099990845,32.4300003052
2013.03.04,32.2900009155,32.2999992371,32.0299987793,32.2200012207
2013.03.05,32.3400001526,32.5099983215,32.2700004578,32.5099983215
2013.03.06,32.3699989319,32.4199981689,32.1199989319,32.2200012207
2013.03.07,32.3300018311,32.5099983215,32.3100013733,32.4900016785
2013.03.08,32.4399986267,32.5800018311,32.3400001526,32.5499992371
2013.03.11,32.4599990845,32.5600013733,32.3300018311,32.5200004578
2013.03.12,32.7400016785,32.8100013733,32.5200004578,32.5900001526
2013.03.13,32.6500015259,32.6500015259,32.2900009155,32.3499984741
2013.03.14,32.4199981689,32.6300010681,32.4199981689,32.6199989319
2013.03.15,32.7400016785,32.8199996948,32.6399993896,32.7999992371
2013.03.18,32.4700012207,32.7900009155,32.3499984741,32.6300010681
2013.03.19,32.5800018311,32.6100006104,32.2099990845,32.2500000000
2013.03.20,32.4399986267,32.5099983215,32.2299995422,32.4799995422
2013.03.21,32.3699989319,32.4500007629,32.1899986267,32.2799987793
2013.03.22,32.3300018311,32.4199981689,32.1899986267,32.4000015259
2013.03.25,32.5499992371,32.6899986267,32.3600006104,32.4900016785
2013.03.26,32.6300010681,32.8100013733,32.5400009155,32.8100013733
2013.03.27,32.7400016785,33.0000000000,32.6800003052,32.9900016785
2013.03.28,32.8800010681,32.9599990845,32.6199989319,32.9000015259
2013.04.01,32.6100006104,32.9399986267,32.5999984741,32.8600006104
2013.04.02,32.6699981689,32.7900009155,32.5999984741,32.7200012207
2013.04.03,32.6300010681,32.7000007629,32.0000000000,32.0800018311
2013.04.04,31.7700004578,31.9799995422,31.6000003815,31.8700008392
2013.04.05,31.6100006104,31.6399993896,31.3700008392,31.5900001526
2013.04.08,31.5400009155,31.7700004578,31.5000000000,31.7600002289
2013.04.09,31.6900005341,31.9599990845,31.6000003815,31.9200000763
2013.04.10,31.8400001526,31.9099998474,31.7000007629,31.8099994659
2013.04.11,31.7700004578,31.7900009155,31.4599990845,31.5599994659
2013.04.12,32.0400009155,32.0400009155,30.8799991608,31.1299991608
2013.04.15,30.6399993896,30.6900005341,30.2800006866,30.2999992371
2013.04.16,30.3799991608,30.5499992371,30.2199993134,30.5100002289
2013.04.17,30.2600002289,30.2800006866,29.9500007629,30.0499992371
2013.04.18,30.1800003052,30.5300006866,30.0000000000,30.5000000000
2013.04.19,30.3600006104,30.4699993134,30.2900009155,30.3999996185
2013.04.22,30.4099998474,30.5400009155,30.2399997711,30.5400009155
2013.04.23,30.3199996948,30.4400005341,30.2199993134,30.4200000763
2013.04.24,30.5200004578,30.7999992371,30.5200004578,30.7700004578
2013.04.25,30.8099994659,31.2999992371,30.8099994659,31.2000007629
2013.04.26,31.1800003052,31.2900009155,31.0000000000,31.1499996185
2013.04.29,31.2299995422,31.5499992371,31.2199993134,31.5300006866
2013.04.30,31.4300003052,31.4500007629,31.1800003052,31.2900009155
2013.05.01,30.7299995422,30.8099994659,30.5200004578,30.6399993896
2013.05.02,30.8500003815,31.2399997711,30.7099990845,31.2399997711
2013.05.03,31.5100002289,31.6800003052,31.4500007629,31.5100002289
2013.05.06,31.4799995422,31.6900005341,31.4300003052,31.6000003815
2013.05.07,31.6000003815,31.7000007629,31.4699993134,31.5100002289
2013.05.08,31.5699996948,31.7199993134,31.5200004578,31.7099990845
2013.05.09,31.7600002289,31.8299999237,31.5699996948,31.7000007629
2013.05.10,31.3400001526,31.5900001526,31.1200008392,31.5900001526
2013.05.13,31.3799991608,31.5499992371,31.3199996948,31.4799995422
2013.05.14,31.6399993896,31.6399993896,31.2800006866,31.3099994659
2013.05.15,31.0400009155,31.3799991608,30.8899993896,31.3799991608
2013.05.16,31.3199996948,31.5000000000,31.2500000000,31.3999996185
2013.05.17,31.5499992371,31.6700000763,31.4599990845,31.6200008392
2013.05.20,31.5799999237,31.8400001526,31.5499992371,31.7099990845
2013.05.21,31.6900005341,31.6900005341,31.3799991608,31.5100002289
2013.05.22,31.2600002289,31.5300006866,31.1599998474,31.2399997711
2013.05.23,30.6100006104,31.3899993896,30.5900001526,31.3600006104
2013.05.24,31.2900009155,31.2999992371,31.0599994659,31.2500000000
2013.05.28,31.6399993896,31.7000007629,31.5499992371,31.5799999237
2013.05.29,31.5000000000,31.5599994659,31.1499996185,31.2299995422
2013.05.30,30.9500007629,31.2700004578,30.9200000763,31.1800003052
2013.05.31,30.9099998474,31.0300006866,30.7299995422,30.8099994659
2013.06.03,31.0400009155,31.2700004578,30.9699993134,31.2299995422
2013.06.04,31.1599998474,31.4699993134,31.0100002289,31.4200000763
2013.06.05,31.4500007629,31.6200008392,31.3199996948,31.3500003815
2013.06.06,31.1399993896,31.5300006866,31.1399993896,31.4899997711
2013.06.07,31.3700008392,31.7800006866,31.3400001526,31.7099990845
2013.06.10,31.6100006104,31.6399993896,31.3799991608,31.3999996185
2013.06.11,31.0599994659,31.2700004578,31.0300006866,31.2600002289
2013.06.12,31.4300003052,31.4599990845,31.2900009155,31.3700008392
2013.06.13,31.2999992371,31.6399993896,31.2800006866,31.6299991608
2013.06.14,31.7999992371,31.8999996185,31.7500000000,31.7999992371
2013.06.17,31.7399997711,31.9200000763,31.6499996185,31.9200000763
2013.06.18,31.8899993896,31.9899997711,31.7999992371,31.9899997711
2013.06.19,32.0000000000,32.2099990845,31.9699993134,32.0200004578
2013.06.20,31.3700008392,31.3700008392,31.0000000000,31.0699996948
2013.06.21,31.0599994659,31.1100006104,30.6700000763,30.7199993134
2013.06.24,30.5499992371,30.8899993896,30.4799995422,30.6800003052
2013.06.25,30.8899993896,30.9599990845,30.7099990845,30.7099990845
2013.06.26,30.8400001526,30.8400001526,30.5000000000,30.7199993134
2013.06.27,30.8700008392,31.0599994659,30.8299999237,30.9699993134
2013.06.28,30.8600006104,31.1000003815,30.7099990845,30.7999992371
2013.07.01,30.9899997711,31.1399993896,30.9300003052,30.9699993134
2013.07.02,31.1000003815,31.3099994659,31.1000003815,31.2600002289
2013.07.03,31.6200008392,31.7399997711,31.5799999237,31.7000007629
2013.07.05,31.6700000763,31.9400005341,31.6200008392,31.8700008392
2013.07.08,32.0000000000,32.1399993896,31.7999992371,32.0499992371
2013.07.09,32.0000000000,32.2400016785,31.9899997711,32.2299995422
2013.07.10,32.4700012207,32.6699981689,32.4300003052,32.5600013733
2013.07.11,32.6399993896,32.6399993896,32.3699989319,32.4900016785
2013.07.12,32.5000000000,32.8499984741,32.5000000000,32.8300018311
2013.07.15,32.6899986267,32.8400001526,32.6500015259,32.8400001526
2013.07.16,32.9300003052,32.9399986267,32.7900009155,32.8400001526
2013.07.17,32.8699989319,32.9300003052,32.7700004578,32.9300003052
2013.07.18,33.0000000000,33.2000007629,32.9000015259,33.1899986267
2013.07.19,33.3100013733,33.3199996948,32.9399986267,33.2099990845
2013.07.22,33.5099983215,33.5099983215,32.9399986267,32.9399986267
2013.07.23,32.9300003052,33.0800018311,32.9000015259,33.0000000000
2013.07.24,32.8699989319,32.9300003052,32.5699996948,32.6399993896
2013.07.25,32.5400009155,32.6800003052,32.3899993896,32.6699981689
2013.07.26,32.5499992371,32.5499992371,32.2799987793,32.4500007629
2013.07.29,32.4300003052,32.4599990845,32.2999992371,32.4099998474
2013.07.30,32.3100013733,32.3100013733,32.0699996948,32.2000007629
2013.07.31,32.0800018311,32.5600013733,31.9899997711,32.5400009155
2013.08.01,32.8600006104,32.9399986267,32.7700004578,32.9000015259
2013.08.02,32.7999992371,32.8100013733,32.6100006104,32.6800003052
2013.08.05,32.4199981689,32.6300010681,32.3600006104,32.5400009155
2013.08.06,32.4700012207,32.4700012207,32.2099990845,32.3300018311
2013.08.07,32.1800003052,32.2700004578,32.0000000000,32.0400009155
2013.08.08,31.9300003052,32.0900001526,31.7099990845,32.0900001526
2013.08.09,32.0800018311,32.4199981689,32.0800018311,32.4099998474
2013.08.12,32.3899993896,32.7200012207,32.2999992371,32.7200012207
2013.08.13,32.6699981689,32.7999992371,32.5999984741,32.7500000000
2013.08.14,32.7500000000,32.9399986267,32.7099990845,32.9000015259
2013.08.15,33.0000000000,33.1800003052,32.8800010681,33.0699996948
2013.08.16,33.0200004578,33.2500000000,33.0000000000,33.2500000000
2013.08.19,33.4900016785,33.5000000000,33.0600013733,33.1300010681
2013.08.20,32.8400001526,33.1699981689,32.7999992371,32.9399986267
2013.08.21,32.8300018311,32.9199981689,32.7299995422,32.7999992371
2013.08.22,32.9700012207,32.9700012207,32.7200012207,32.8499984741
2013.08.23,32.8800010681,33.2000007629,32.8499984741,33.1399993896
2013.08.26,33.2000007629,33.3100013733,33.1199989319,33.2900009155
2013.08.27,33.5000000000,33.8699989319,33.5000000000,33.7099990845
2013.08.28,33.9000015259,34.1599998474,33.9000015259,34.0499992371
2013.08.29,34.2299995422,34.2799987793,33.6500015259,33.6500015259
2013.08.30,33.6399993896,33.7500000000,33.4099998474,33.5499992371
2013.09.03,33.6100006104,34.2299995422,33.5900001526,34.1800003052
2013.09.04,34.0299987793,34.0299987793,33.5999984741,33.6500015259
2013.09.05,33.7099990845,33.8100013733,33.5099983215,33.6399993896
2013.09.06,33.9900016785,34.0499992371,33.8499984741,33.8899993896
2013.09.09,34.0000000000,34.0000000000,33.5600013733,33.6399993896
2013.09.10,33.2099990845,33.2799987793,33.0499992371,33.1899986267
2013.09.11,33.1199989319,33.3899993896,33.1199989319,33.2500000000
2013.09.12,33.3199996948,33.5800018311,33.2599983215,33.5800018311
2013.09.13,33.3600006104,33.5900001526,33.2900009155,33.5900001526
2013.09.16,33.2000007629,33.3100013733,33.0299987793,33.0600013733
2013.09.17,33.0499992371,33.1500015259,32.5400009155,32.5699996948
2013.09.18,33.1800003052,33.3199996948,32.6599998474,33.3199996948
2013.09.19,33.2599983215,33.3199996948,32.9000015259,32.9700012207
2013.09.20,32.8600006104,33.0600013733,32.7500000000,32.8499984741
2013.09.23,32.5000000000,32.5900001526,32.3699989319,32.3699989319
2013.09.24,32.2200012207,32.5499992371,32.2000007629,32.4199981689
2013.09.25,32.5800018311,32.6899986267,32.2599983215,32.3600006104
2013.09.26,32.5299987793,32.5999984741,32.4399986267,32.5600013733
2013.09.27,32.5000000000,32.6599998474,32.3800010681,32.4099998474
2013.09.30,32.2000007629,32.3800010681,32.0900001526,32.3800010681
2013.10.01,32.0600013733,32.1100006104,31.5599994659,31.8799991608
2013.10.02,31.9699993134,32.4099998474,31.9300003052,32.3600006104
2013.10.03,32.4799995422,32.5600013733,32.2000007629,32.2700004578
2013.10.04,32.4599990845,32.4599990845,32.2799987793,32.4000015259
2013.10.07,32.3400001526,32.6100006104,32.0999984741,32.5999984741
2013.10.08,32.7999992371,32.8100013733,32.6300010681,32.6399993896
2013.10.09,32.4799995422,32.4900016785,32.2099990845,32.4599990845
2013.10.10,32.5499992371,32.9599990845,32.5499992371,32.9500007629
2013.10.11,32.5999984741,32.8199996948,32.5600013733,32.7999992371
2013.10.14,32.5600013733,32.8400001526,32.5600013733,32.7799987793
2013.10.15,32.7200012207,32.7200012207,32.4300003052,32.4900016785
2013.10.16,32.5699996948,32.9099998474,32.5299987793,32.8100013733
2013.10.17,32.5999984741,32.6800003052,32.4000015259,32.5200004578
2013.10.18,32.5900001526,32.7700004578,32.4300003052,32.7700004578
2013.10.21,32.6399993896,32.7200012207,32.4500007629,32.5200004578
2013.10.22,32.6199989319,32.6800003052,32.3100013733,32.3300018311
2013.10.23,32.0999984741,32.0999984741,31.8199996948,31.8600006104
2013.10.24,31.7399997711,31.8700008392,31.6800003052,31.7999992371
2013.10.25,31.7800006866,31.9799995422,31.7600002289,31.9799995422
2013.10.28,32.0099983215,32.2000007629,31.9400005341,32.1800003052
2013.10.29,32.0499992371,32.1500015259,31.9599990845,32.0900001526
2013.10.30,32.0299987793,32.1699981689,32.0299987793,32.1100006104
2013.10.31,32.0099983215,32.0699996948,31.8099994659,31.9099998474
2013.11.01,31.5400009155,31.6100006104,31.2800006866,31.3799991608
2013.11.04,31.2000007629,31.3099994659,31.1000003815,31.1200008392
2013.11.05,31.1200008392,31.1499996185,30.9400005341,31.0200004578
2013.11.06,31.1100006104,31.2600002289,31.0799999237,31.0900001526
2013.11.07,31.0499992371,31.0499992371,30.8299999237,30.8400001526
2013.11.08,30.8700008392,31.1000003815,30.8199996948,31.0300006866
2013.11.11,31.1200008392,31.3099994659,31.0400009155,31.2999992371
2013.11.12,31.2600002289,31.3299999237,30.8899993896,31.0300006866
2013.11.13,31.1000003815,31.2199993134,31.0699996948,31.1599998474
2013.11.14,31.1599998474,31.4400005341,31.1499996185,31.3500003815
2013.11.15,31.3799991608,31.4400005341,31.2800006866,31.4200000763
2013.11.18,31.3199996948,31.4400005341,31.1299991608,31.1399993896
2013.11.19,31.1499996185,31.2399997711,31.0799999237,31.1599998474
2013.11.20,31.1299991608,31.2999992371,31.0499992371,31.1800003052
2013.11.21,31.3700008392,31.7099990845,31.2700004578,31.7000007629
2013.11.22,31.7099990845,31.8299999237,31.5799999237,31.7900009155
2013.11.25,31.5100002289,31.7900009155,31.3799991608,31.6900005341
2013.11.26,31.7299995422,31.7700004578,31.5799999237,31.7199993134
2013.11.27,31.6299991608,31.6900005341,31.4799995422,31.6299991608
2013.11.29,31.6900005341,31.8299999237,31.6299991608,31.7600002289
2013.12.02,31.6299991608,31.8999996185,31.5900001526,31.7700004578
2013.12.03,31.7700004578,32.1199989319,31.7700004578,32.0499992371
2013.12.04,32.0600013733,32.2900009155,32.0400009155,32.1500015259
2013.12.05,32.0299987793,32.2299995422,32.0299987793,32.0900001526
2013.12.06,32.0699996948,32.2200012207,32.0600013733,32.2200012207
2013.12.09,32.2000007629,32.2000007629,31.9300003052,31.9599990845
2013.12.10,32.1300010681,32.1500015259,31.9699993134,32.1199989319
2013.12.11,31.9599990845,32.0999984741,31.9099998474,32.0600013733
2013.12.12,31.9400005341,31.9899997711,31.7999992371,31.7999992371
2013.12.13,31.7299995422,31.7999992371,31.5000000000,31.7399997711
2013.12.16,31.7600002289,32.0800018311,31.6000003815,31.8700008392
2013.12.17,31.7199993134,31.8999996185,31.7199993134,31.7500000000
2013.12.18,31.7800006866,32.0000000000,31.7800006866,31.8799991608
2013.12.19,31.5499992371,32.2000007629,31.5499992371,32.0499992371
2013.12.20,32.1399993896,32.4000015259,32.1399993896,32.3899993896
2013.12.23,32.3100013733,32.4000015259,32.2400016785,32.3600006104
2013.12.24,32.3899993896,32.4799995422,32.3199996948,32.4700012207
2013.12.26,32.3600006104,32.5600013733,32.2599983215,32.4599990845
2013.12.27,32.6599998474,32.7200012207,32.5099983215,32.5200004578
2013.12.30,32.5299987793,32.5299987793,32.2599983215,32.2999992371
2013.12.31,32.1800003052,32.2500000000,32.0699996948,32.1899986267
2014.01.02,31.8999996185,31.9200000763,31.3600006104,31.3600006104
2014.01.03,31.3500003815,31.4099998474,31.1200008392,31.2299995422
2014.01.06,31.2500000000,31.3099994659,31.1000003815,31.2500000000
2014.01.07,31.2099990845,31.3500003815,31.2000007629,31.2600002289
2014.01.08,31.2299995422,31.2299995422,30.9400005341,31.0000000000
2014.01.09,30.9699993134,30.9799995422,30.5900001526,30.8500003815
2014.01.10,30.8799991608,31.0499992371,30.7500000000,31.0499992371
2014.01.13,30.8899993896,31.0100002289,30.8400001526,30.8999996185
2014.01.14,30.9300003052,31.0100002289,30.8500003815,30.9300003052
2014.01.15,30.9799995422,31.2600002289,30.9300003052,31.1499996185
2014.01.16,31.2099990845,31.2399997711,31.0400009155,31.0599994659
2014.01.17,31.0900001526,31.2399997711,31.0699996948,31.1200008392
2014.01.21,31.3299999237,31.4099998474,31.1900005341,31.2600002289
2014.01.22,31.4200000763,31.6200008392,31.3500003815,31.6200008392
2014.01.23,31.6299991608,31.6800003052,31.4699993134,31.5699996948
2014.01.24,31.5699996948,31.7199993134,31.4500007629,31.6900005341
2014.01.27,31.5699996948,31.6100006104,31.2700004578,31.4200000763
2014.01.28,31.4699993134,31.6499996185,31.4699993134,31.6499996185
2014.01.29,31.4599990845,31.7900009155,31.4599990845,31.7099990845
2014.01.30,31.7900009155,31.8500003815,31.6399993896,31.7199993134
2014.01.31,31.5200004578,31.6399993896,31.3899993896,31.4799995422
2014.02.03,31.3899993896,31.5000000000,31.2600002289,31.4400005341
2014.02.04,31.5100002289,31.6200008392,31.4699993134,31.5599994659
2014.02.05,31.6499996185,31.6800003052,31.5300006866,31.6299991608
2014.02.06,31.8799991608,31.9599990845,31.6499996185,31.7900009155
2014.02.07,31.8199996948,32.2200012207,31.8199996948,32.2099990845
2014.02.10,32.1399993896,32.1500015259,31.9699993134,32.0400009155
2014.02.11,31.9599990845,32.1899986267,31.9200000763,32.1599998474
2014.02.12,32.3600006104,32.4399986267,32.1699981689,32.2200012207
2014.02.13,32.1599998474,32.3899993896,32.1599998474,32.3800010681
2014.02.14,32.3400001526,32.5000000000,32.2299995422,32.4900016785
2014.02.18,32.7099990845,33.0499992371,32.6699981689,32.9799995422
2014.02.19,32.9799995422,33.2000007629,32.9799995422,33.1199989319
2014.02.20,33.0200004578,33.2200012207,32.9799995422,33.2200012207
2014.02.21,33.0999984741,33.1599998474,32.8600006104,33.0299987793
2014.02.24,33.0999984741,33.2500000000,33.0000000000,33.1800003052
2014.02.25,32.9799995422,33.0600013733,32.8499984741,32.9900016785
2014.02.26,32.8800010681,33.0699996948,32.8699989319,32.9900016785
2014.02.27,32.8100013733,32.9700012207,32.7799987793,32.8499984741
2014.02.28,32.7599983215,33.0400009155,32.7599983215,32.9900016785
2014.03.03,33.4900016785,33.7000007629,33.4099998474,33.5499992371
2014.03.04,33.2799987793,33.3100013733,33.1500015259,33.2700004578
2014.03.05,33.2000007629,33.2000007629,32.8499984741,32.8899993896
2014.03.06,32.8100013733,33.1100006104,32.7700004578,33.1100006104
2014.03.07,33.0600013733,33.1699981689,33.0400009155,33.1599998474
2014.03.10,32.8499984741,32.9599990845,32.7799987793,32.8899993896
2014.03.11,32.7900009155,32.9399986267,32.7299995422,32.7799987793
2014.03.12,32.5000000000,32.6699981689,32.4399986267,32.6699981689
2014.03.13,32.5299987793,32.5900001526,32.4300003052,32.4700012207
2014.03.14,32.5400009155,32.7400016785,32.5400009155,32.7099990845
2014.03.17,32.5000000000,32.6100006104,32.3400001526,32.3800010681
2014.03.18,32.3499984741,32.6500015259,32.3499984741,32.6300010681
2014.03.19,32.4799995422,32.6500015259,32.4500007629,32.5499992371
2014.03.20,32.4399986267,32.5900001526,32.3300018311,32.4799995422
2014.03.21,32.5400009155,32.7099990845,32.5000000000,32.5699996948
2014.03.24,32.7000007629,32.7299995422,32.5099983215,32.5499992371
2014.03.25,32.6100006104,32.7900009155,32.5499992371,32.6199989319
2014.03.26,32.6500015259,32.7000007629,32.5099983215,32.6399993896
2014.03.27,32.8199996948,33.0000000000,32.8199996948,32.9300003052
2014.03.28,32.9300003052,33.0999984741,32.9300003052,32.9799995422
2014.03.31,32.8600006104,32.9700012207,32.6599998474,32.9700012207
2014.04.01,32.8199996948,32.8499984741,32.4500007629,32.4799995422
2014.04.02,32.4500007629,32.4599990845,32.2099990845,32.3600006104
2014.04.03,32.4300003052,32.7000007629,32.2999992371,32.6500015259
2014.04.04,32.8100013733,32.8199996948,32.6800003052,32.7999992371
2014.04.07,32.6100006104,32.7999992371,32.4599990845,32.6699981689
2014.04.08,32.7299995422,33.0999984741,32.6899986267,33.0499992371
2014.04.09,33.1399993896,33.2999992371,33.0600013733,33.2299995422
2014.04.10,33.1599998474,33.2200012207,33.1300010681,33.1899986267
2014.04.11,33.1899986267,33.3400001526,33.0999984741,33.1399993896
2014.04.14,34.0000000000,34.0000000000,33.2700004578,33.4500007629
2014.04.15,33.2999992371,33.5600013733,33.1300010681,33.5099983215
2014.04.16,33.6800003052,33.7299995422,33.5099983215,33.5900001526
2014.04.17,33.5400009155,33.7299995422,33.5000000000,33.6899986267
2014.04.21,33.6199989319,33.6500015259,33.5400009155,33.5900001526
2014.04.22,33.5200004578,33.5200004578,33.3199996948,33.4799995422
2014.04.23,33.5099983215,33.5200004578,33.3600006104,33.4099998474
2014.04.24,33.6100006104,33.7099990845,33.5499992371,33.6699981689
2014.04.25,33.5000000000,33.5299987793,33.4000015259,33.4599990845
2014.04.28,33.4599990845,33.4900016785,33.2500000000,33.3300018311
2014.04.29,33.4799995422,33.5800018311,33.4199981689,33.4900016785
2014.04.30,33.1399993896,33.3100013733,33.0999984741,33.2999992371
2014.05.01,33.0400009155,33.2599983215,32.9199981689,33.2299995422
2014.05.02,33.2400016785,33.2799987793,33.0900001526,33.2500000000
2014.05.05,33.1399993896,33.1599998474,33.0200004578,33.0999984741
2014.05.06,33.1899986267,33.2099990845,33.0699996948,33.0800018311
2014.05.07,33.0900001526,33.2900009155,33.0400009155,33.2299995422
2014.05.08,33.0900001526,33.1800003052,33.0800018311,33.1599998474
2014.05.09,33.1800003052,33.2299995422,32.9700012207,33.0000000000
2014.05.12,33.1300010681,33.1699981689,33.0800018311,33.1599998474
2014.05.13,33.2000007629,33.4000015259,33.1300010681,33.3899993896
2014.05.14,33.4099998474,33.4900016785,33.3800010681,33.4300003052
2014.05.15,33.3800010681,33.4000015259,33.2700004578,33.3300018311
2014.05.16,33.3800010681,33.4000015259,33.2900009155,33.3899993896
2014.05.19,33.4000015259,33.5099983215,33.3499984741,33.3699989319
2014.05.20,33.3199996948,33.4700012207,33.2599983215,33.4700012207
2014.05.21,33.5000000000,33.6599998474,33.4399986267,33.5800018311
2014.05.22,33.6500015259,33.6800003052,33.4900016785,33.5400009155
2014.05.23,33.5600013733,33.5999984741,33.4900016785,33.5999984741
2014.05.27,33.3699989319,33.5200004578,33.3499984741,33.4099998474
2014.05.28,33.3499984741,33.4099998474,33.2700004578,33.3400001526
2014.05.29,33.3300018311,33.4300003052,33.2700004578,33.4300003052
2014.05.30,33.1500015259,33.1500015259,33.0299987793,33.1300010681
2014.06.02,33.0000000000,33.0200004578,32.8800010681,32.9700012207
2014.06.03,32.9799995422,33.0299987793,32.9000015259,33.0299987793
2014.06.04,33.0099983215,33.0900001526,32.8600006104,32.9000015259
2014.06.05,32.8300018311,33.0600013733,32.7599983215,33.0600013733
2014.06.06,33.0000000000,33.1100006104,32.9199981689,33.0900001526
2014.06.09,33.1899986267,33.3100013733,33.1699981689,33.2500000000
2014.06.10,33.2999992371,33.3499984741,33.0699996948,33.2500000000
2014.06.11,33.2299995422,33.2799987793,33.1500015259,33.2200012207
2014.06.12,33.6199989319,33.9000015259,33.5000000000,33.8899993896
2014.06.13,33.8100013733,33.9399986267,33.7900009155,33.8699989319
2014.06.16,33.9700012207,33.9900016785,33.8600006104,33.9199981689
2014.06.17,33.8899993896,34.0499992371,33.8600006104,33.9500007629
2014.06.18,34.0099983215,34.0600013733,33.9500007629,34.0499992371
2014.06.19,34.0800018311,34.2999992371,34.0800018311,34.2599983215
2014.06.20,34.2299995422,34.3300018311,34.2000007629,34.3100013733
2014.06.23,34.2999992371,34.2999992371,34.0900001526,34.1699981689
2014.06.24,34.1599998474,34.2799987793,34.0699996948,34.2200012207
2014.06.25,34.1300010681,34.2500000000,34.0400009155,34.2099990845
2014.06.26,34.1699981689,34.1699981689,34.0200004578,34.1100006104
2014.06.27,34.0999984741,34.2000007629,34.0499992371,34.1199989319
2014.06.30,34.0200004578,34.0400009155,33.7900009155,33.9199981689
2014.07.01,33.8800010681,33.9399986267,33.7299995422,33.8400001526
2014.07.02,33.7299995422,33.7999992371,33.5800018311,33.5999984741
2014.07.03,33.5499992371,33.5999984741,33.5000000000,33.5400009155
2014.07.07,33.4099998474,33.4900016785,33.2700004578,33.3300018311
2014.07.08,33.2799987793,33.3699989319,33.0900001526,33.1899986267
2014.07.09,33.0099983215,33.0600013733,32.8199996948,32.8899993896
2014.07.10,32.8499984741,32.9799995422,32.7799987793,32.9500007629
2014.07.11,32.7500000000,32.7799987793,32.4399986267,32.5099983215
2014.07.14,32.5499992371,32.6399993896,32.4500007629,32.6399993896
2014.07.15,32.3800010681,32.4099998474,32.1699981689,32.3899993896
2014.07.16,32.4700012207,32.5699996948,32.4599990845,32.4900016785
2014.07.17,32.6300010681,32.6800003052,32.4399986267,32.6500015259
2014.07.18,32.5999984741,32.6699981689,32.4399986267,32.5099983215
2014.07.21,32.4900016785,32.6699981689,32.4700012207,32.6599998474
2014.07.22,32.7099990845,32.7099990845,32.4700012207,32.4900016785
2014.07.23,32.6100006104,32.6899986267,32.5200004578,32.6500015259
2014.07.24,32.7700004578,32.9399986267,32.4500007629,32.4799995422
2014.07.25,32.4500007629,32.6899986267,32.3600006104,32.6599998474
2014.07.28,32.5099983215,32.6300010681,32.4199981689,32.5299987793
2014.07.29,32.3899993896,32.4500007629,32.2700004578,32.4399986267
2014.07.30,32.4700012207,32.5099983215,32.1100006104,32.1599998474
2014.07.31,32.1300010681,32.1399993896,31.8799991608,32.0000000000
2014.08.01,31.7999992371,31.8199996948,31.5900001526,31.6499996185
2014.08.04,31.7000007629,31.9099998474,31.7000007629,31.8999996185
2014.08.05,31.7700004578,31.8199996948,31.5799999237,31.6800003052
2014.08.06,31.7800006866,31.8799991608,31.7299995422,31.7600002289
2014.08.07,31.8099994659,31.8600006104,31.6700000763,31.8500003815
2014.08.08,31.8700008392,31.8700008392,31.6299991608,31.6499996185
2014.08.11,31.7900009155,31.8899993896,31.7099990845,31.7800006866
2014.08.12,31.6299991608,31.6299991608,31.3799991608,31.4200000763
2014.08.13,31.5000000000,31.5699996948,31.2999992371,31.5100002289
2014.08.14,31.4200000763,31.4200000763,30.9400005341,31.0000000000
2014.08.15,31.1299991608,31.2700004578,30.9599990845,31.2000007629
2014.08.18,30.9200000763,30.9200000763,30.8199996948,30.9200000763
2014.08.19,30.9500007629,30.9500007629,30.7900009155,30.8199996948
2014.08.20,30.9200000763,30.9500007629,30.7999992371,30.9400005341
2014.08.21,30.9500007629,31.0900001526,30.8299999237,31.0799999237
2014.08.22,31.0599994659,31.0900001526,30.9099998474,31.0200004578
2014.08.25,30.9799995422,31.0699996948,30.9099998474,31.0300006866
2014.08.26,31.1499996185,31.2000007629,31.0000000000,31.1000003815
2014.08.27,31.2000007629,31.2000007629,31.0000000000,31.1499996185
2014.08.28,31.2800006866,31.2900009155,31.1299991608,31.2299995422
2014.08.29,31.3299999237,31.5000000000,31.2399997711,31.5000000000
2014.09.02,31.1399993896,31.2399997711,30.8099994659,30.8799991608
2014.09.03,31.1200008392,31.3400001526,30.9899997711,31.2500000000
2014.09.04,31.2199993134,31.3099994659,31.0100002289,31.1200008392
2014.09.05,31.0699996948,31.1100006104,30.7999992371,30.9799995422
2014.09.08,30.6599998474,30.8400001526,30.5799999237,30.8299999237
2014.09.09,30.6800003052,30.7800006866,30.6000003815,30.6599998474
2014.09.10,30.5400009155,30.5400009155,30.2500000000,30.3600006104
2014.09.11,30.1299991608,30.3600006104,30.0300006866,30.3400001526
2014.09.12,30.2199993134,30.2399997711,30.0200004578,30.0900001526
2014.09.15,30.0000000000,30.1299991608,29.9200000763,30.1100006104
2014.09.16,30.2600002289,30.5000000000,30.1499996185,30.4300003052
2014.09.17,30.4799995422,30.4799995422,30.2500000000,30.2900009155
2014.09.18,30.2999992371,30.2999992371,29.9300003052,29.9400005341
2014.09.19,29.9300003052,30.0200004578,29.8199996948,29.9599990845
2014.09.22,29.8099994659,29.8299999237,29.5400009155,29.6800003052
2014.09.23,29.7099990845,29.7900009155,29.6299991608,29.7199993134
2014.09.24,29.6499996185,29.9400005341,29.5499992371,29.9099998474
2014.09.25,29.8799991608,29.8899993896,29.6900005341,29.8099994659
2014.09.26,29.7900009155,29.9500007629,29.7700004578,29.9400005341
2014.09.29,29.7999992371,30.1299991608,29.7999992371,30.1200008392
2014.09.30,30.0499992371,30.0499992371,29.2999992371,29.5900001526
2014.10.01,29.5699996948,29.8299999237,29.3899993896,29.5000000000
2014.10.02,29.4899997711,29.4899997711,29.0100002289,29.4699993134
2014.10.03,29.2500000000,29.2800006866,28.9599990845,29.1200008392
2014.10.06,29.1499996185,29.4400005341,28.9799995422,29.3999996185
2014.10.07,29.1800003052,29.2700004578,29.0900001526,29.1000003815
2014.10.08,28.9500007629,28.9699993134,28.7099990845,28.9599990845
2014.10.09,28.7600002289,28.8400001526,28.3899993896,28.4500007629
2014.10.10,28.4200000763,28.5900001526,28.1800003052,28.4899997711
2014.10.13,28.3099994659,28.5300006866,28.2600002289,28.3199996948
2014.10.14,28.2099990845,28.2099990845,27.6499996185,27.7299995422
2014.10.15,27.6499996185,27.7600002289,27.3199996948,27.4200000763
2014.10.16,27.2600002289,28.0300006866,27.2099990845,27.6900005341
2014.10.17,27.7999992371,27.8799991608,27.6399993896,27.8500003815
2014.10.20,27.6599998474,27.7500000000,27.4699993134,27.6700000763
2014.10.21,27.7900009155,27.8799991608,27.6700000763,27.8099994659
2014.10.22,27.9400005341,27.9599990845,27.4200000763,27.4300003052
2014.10.23,27.6700000763,27.9300003052,27.6100006104,27.8799991608
2014.10.24,27.6800003052,27.7500000000,27.5400009155,27.7099990845
2014.10.27,27.3799991608,27.6200008392,27.3099994659,27.5499992371
2014.10.28,27.6299991608,27.8500003815,27.5599994659,27.7600002289
2014.10.29,28.0100002289,28.2099990845,27.9899997711,28.1200008392
2014.10.30,27.8899993896,27.9699993134,27.7999992371,27.8500003815
2014.10.31,27.5100002289,27.8299999237,27.4500007629,27.8299999237
2014.11.03,27.7199993134,27.8799991608,27.4300003052,27.4799995422
2014.11.04,27.2000007629,27.2099990845,27.0000000000,27.1100006104
2014.11.05,27.0400009155,27.4500007629,27.0000000000,27.3199996948
2014.11.06,27.0699996948,27.2999992371,27.0400009155,27.2500000000
2014.11.07,27.3099994659,27.5499992371,27.3099994659,27.4300003052
2014.11.10,27.6700000763,27.7000007629,27.0699996948,27.1599998474
2014.11.11,27.0499992371,27.2600002289,26.9599990845,27.1800003052
2014.11.12,27.1000003815,27.2900009155,26.9500007629,26.9899997711
2014.11.13,26.8500003815,26.8799991608,26.3299999237,26.4400005341
2014.11.14,26.5300006866,26.8099994659,26.5200004578,26.8099994659
2014.11.17,26.5699996948,26.7600002289,26.5100002289,26.7299995422
2014.11.18,26.5699996948,26.6100006104,26.4200000763,26.5000000000
2014.11.19,26.6100006104,26.7000007629,26.4200000763,26.4200000763
2014.11.20,26.5499992371,26.7800006866,26.5200004578,26.7299995422
2014.11.21,26.9400005341,26.9899997711,26.7299995422,26.9799995422
2014.11.24,26.7600002289,26.9799995422,26.6499996185,26.6700000763
2014.11.25,26.8400001526,26.9099998474,26.3999996185,26.4300003052
2014.11.26,26.3600006104,26.5300006866,26.2900009155,26.3199996948
2014.11.28,25.3700008392,25.4300003052,24.9500007629,25.0200004578
2014.12.01,25.1700000763,25.4200000763,24.7700004578,25.3999996185
2014.12.02,25.0799999237,25.1100006104,24.6599998474,24.7700004578
2014.12.03,24.7299995422,24.8099994659,24.5000000000,24.6200008392
2014.12.04,24.4599990845,24.5799999237,24.4099998474,24.5000000000
2014.12.05,24.3999996185,24.5100002289,24.2199993134,24.3299999237
2014.12.08,24.1399993896,24.1399993896,23.6900005341,23.7399997711
2014.12.09,23.7000007629,23.9699993134,23.6499996185,23.9099998474
2014.12.10,23.6399993896,23.6399993896,23.2000007629,23.4200000763
2014.12.11,23.2399997711,23.4599990845,23.1399993896,23.1399993896
2014.12.12,23.0000000000,23.0400009155,22.7700004578,22.8199996948
2014.12.15,22.8999996185,22.8999996185,22.3400001526,22.3700008392
2014.12.16,22.1100006104,22.4899997711,22.0000000000,22.2500000000
2014.12.17,22.1399993896,22.8700008392,22.0100002289,22.3600006104
2014.12.18,22.6599998474,22.6800003052,22.0499992371,22.1800003052
2014.12.19,22.3700008392,22.8500003815,22.2000007629,22.7800006866
2014.12.22,22.4599990845,22.5000000000,22.1100006104,22.1200008392
2014.12.23,22.1100006104,22.5699996948,22.1100006104,22.4500007629
2014.12.24,22.1700000763,22.1700000763,21.9699993134,21.9899997711
2014.12.26,22.7500000000,22.7500000000,21.8099994659,21.9400005341
2014.12.29,22.0200004578,22.1100006104,21.5300006866,21.6200008392
2014.12.30,21.6200008392,21.7199993134,21.5000000000,21.5699996948
2014.12.31,21.3299999237,21.6000003815,21.2199993134,21.5799999237
2015.01.02,21.2700004578,21.4300003052,21.1399993896,21.2199993134
2015.01.05,20.9400005341,20.9400005341,20.6200008392,20.6200008392
2015.01.06,20.5499992371,20.6399993896,20.2299995422,20.2800006866
2015.01.07,20.3500003815,20.4699993134,20.1000003815,20.2199993134
2015.01.08,20.2299995422,20.3500003815,20.0200004578,20.2900009155
2015.01.09,20.1900005341,20.2199993134,19.8899993896,20.0699996948
2015.01.12,19.8099994659,19.8099994659,19.4899997711,19.5200004578
2015.01.13,19.3899993896,19.4099998474,19.1000003815,19.3700008392
2015.01.14,19.2900009155,19.7900009155,19.1499996185,19.7299995422
2015.01.15,19.9599990845,19.9799995422,19.3600006104,19.3799991608
2015.01.16,19.5400009155,19.8299999237,19.4799995422,19.8199996948
2015.01.20,19.4400005341,19.4799995422,19.2700004578,19.3400001526
2015.01.21,19.5000000000,19.5900001526,19.3500003815,19.4799995422
2015.01.22,19.5400009155,19.5799999237,19.2500000000,19.3700008392
2015.01.23,19.2700004578,19.3899993896,19.1700000763,19.1900005341
2015.01.26,19.1700000763,19.3500003815,19.0699996948,19.1100006104
2015.01.27,19.1100006104,19.4200000763,19.0900001526,19.3199996948
2015.01.28,19.2000007629,19.2900009155,18.9599990845,19.0100002289
2015.01.29,19.0699996948,19.0699996948,18.8099994659,19.0100002289
2015.01.30,19.0000000000,19.8899993896,18.9699993134,19.7000007629
2015.02.02,20.0400009155,20.1299991608,19.7700004578,20.1100006104
2015.02.03,20.3600006104,21.1100006104,20.3500003815,20.8099994659
2015.02.04,20.5400009155,20.5400009155,19.8999996185,20.1100006104
2015.02.05,20.1700000763,20.7000007629,20.1700000763,20.5000000000
2015.02.06,20.6499996185,20.9400005341,20.5900001526,20.7700004578
2015.02.09,20.9099998474,21.1100006104,20.8500003815,20.9599990845
2015.02.10,20.9300003052,20.9300003052,20.4200000763,20.5799999237
2015.02.11,20.3299999237,20.3500003815,20.0400009155,20.2900009155
2015.02.12,20.5599994659,20.8700008392,20.4500007629,20.7500000000
2015.02.13,21.1299991608,21.2399997711,21.0699996948,21.1800003052
2015.02.17,21.1900005341,21.3400001526,20.8199996948,21.2199993134
2015.02.18,21.0200004578,21.1499996185,20.8099994659,20.8600006104
2015.02.19,20.4500007629,20.9899997711,20.4099998474,20.8500003815
2015.02.20,20.9200000763,20.9400005341,20.6900005341,20.7199993134
2015.02.23,20.4699993134,20.6700000763,20.3600006104,20.4400005341
2015.02.24,20.6000003815,20.7000007629,20.3700008392,20.3999996185
2015.02.25,20.5200004578,20.9200000763,20.3999996185,20.8899993896
2015.02.26,20.7000007629,20.8400001526,20.4599990845,20.6599998474
2015.02.27,20.6000003815,21.0100002289,20.6000003815,20.8700008392
2015.03.02,20.7099990845,20.9300003052,20.5000000000,20.6200008392
2015.03.03,20.7700004578,20.8600006104,20.6299991608,20.7800006866
2015.03.04,20.7600002289,20.8700008392,20.5200004578,20.8199996948
2015.03.05,20.7800006866,20.8400001526,20.6200008392,20.6900005341
2015.03.06,20.5699996948,20.6100006104,20.3600006104,20.4400005341
2015.03.09,20.3899993896,20.6000003815,20.3299999237,20.3600006104
2015.03.10,20.1000003815,20.1299991608,19.8899993896,20.0100002289
2015.03.11,20.0100002289,20.5300006866,19.8299999237,20.0699996948
2015.03.12,20.1100006104,20.1499996185,19.7600002289,19.8600006104
2015.03.13,19.7000007629,19.7000007629,19.3099994659,19.3199996948
2015.03.16,19.1800003052,19.2500000000,18.8999996185,19.2099990845
2015.03.17,19.0000000000,19.1200008392,18.8700008392,19.0100002289
2015.03.18,18.8700008392,19.7099990845,18.8299999237,19.7099990845
2015.03.19,19.2399997711,19.3600006104,19.1000003815,19.2600002289
2015.03.20,19.5100002289,19.6399993896,19.3099994659,19.5100002289
2015.03.23,19.6100006104,19.8099994659,19.5400009155,19.7999992371
2015.03.24,19.7399997711,19.7700004578,19.6100006104,19.6499996185
2015.03.25,19.7999992371,19.9899997711,19.6499996185,19.8500003815
2015.03.26,20.1800003052,20.3799991608,20.0499992371,20.2999992371
2015.03.27,20.1100006104,20.1100006104,19.6599998474,19.6900005341
2015.03.30,19.7600002289,19.8600006104,19.5499992371,19.7399997711
2015.03.31,19.5799999237,19.7299995422,19.4400005341,19.5000000000
2015.04.01,19.6000003815,20.0799999237,19.5100002289,19.9400005341
2015.04.02,19.7500000000,19.8899993896,19.5400009155,19.7999992371
2015.04.06,20.0000000000,20.3700008392,19.8999996185,20.2600002289
2015.04.07,20.2099990845,20.5799999237,20.1499996185,20.5200004578
2015.04.08,20.3700008392,20.3700008392,19.7500000000,19.8700008392
2015.04.09,19.9599990845,20.1700000763,19.8500003815,19.8600006104
2015.04.10,20.0400009155,20.1499996185,20.0200004578,20.1100006104
2015.04.13,20.2800006866,20.3199996948,20.0100002289,20.1100006104
2015.04.14,20.2099990845,20.3899993896,20.1700000763,20.3199996948
2015.04.15,20.4599990845,20.9899997711,20.3999996185,20.8999996185
2015.04.16,20.8999996185,21.2500000000,20.7700004578,21.1399993896
2015.04.17,21.0900001526,21.2000007629,20.8799991608,21.0300006866
2015.04.20,20.8799991608,21.0799999237,20.7900009155,20.9300003052
2015.04.21,20.8799991608,20.9400005341,20.6499996185,20.7000007629
2015.04.22,20.7800006866,20.8600006104,20.6599998474,20.7199993134
2015.04.23,20.8500003815,21.2500000000,20.8400001526,21.1399993896
2015.04.24,21.1100006104,21.2000007629,21.0200004578,21.1700000763
2015.04.27,21.1800003052,21.2299995422,21.0100002289,21.0799999237
2015.04.28,21.1200008392,21.2399997711,21.0400009155,21.1200008392
2015.04.29,21.0799999237,21.5699996948,21.0799999237,21.3899993896
2015.04.30,21.5100002289,21.6800003052,21.3700008392,21.6299991608
2015.05.01,21.5499992371,21.6399993896,21.4099998474,21.6399993896
2015.05.04,21.5300006866,21.6200008392,21.4599990845,21.5900001526
2015.05.05,21.8600006104,22.0400009155,21.8500003815,21.8999996185
2015.05.06,22.0900001526,22.3400001526,21.8500003815,21.8899993896
2015.05.07,21.8199996948,21.8400001526,21.3799991608,21.4300003052
2015.05.08,21.5100002289,21.6000003815,21.2999992371,21.5900001526
2015.05.11,21.5599994659,21.5599994659,21.3799991608,21.4599990845
2015.05.12,21.5200004578,21.8600006104,21.4799995422,21.7900009155
2015.05.13,21.9500007629,22.0100002289,21.7299995422,21.7500000000
2015.05.14,21.8600006104,21.9400005341,21.7099990845,21.8099994659
2015.05.15,21.6299991608,21.8400001526,21.5200004578,21.8400001526
2015.05.18,21.7700004578,21.7700004578,21.5900001526,21.6900005341
2015.05.19,21.4599990845,21.4599990845,21.1200008392,21.1900005341
2015.05.20,21.2500000000,21.3099994659,21.2000007629,21.2700004578
2015.05.21,21.5000000000,21.7199993134,21.4799995422,21.6700000763
2015.05.22,21.3799991608,21.5000000000,21.3299999237,21.3799991608
2015.05.26,21.1299991608,21.1499996185,20.8400001526,20.9300003052
2015.05.27,20.7199993134,20.8700008392,20.6000003815,20.6399993896
2015.05.28,20.5799999237,20.7800006866,20.4699993134,20.7700004578
2015.05.29,20.7900009155,21.2399997711,20.7900009155,21.1599998474
2015.06.01,21.1900005341,21.2500000000,21.0100002289,21.1800003052
2015.06.02,21.2600002289,21.4400005341,21.2000007629,21.4400005341
2015.06.03,21.2999992371,21.3500003815,20.9699993134,21.0300006866
2015.06.04,20.8799991608,20.9500007629,20.6599998474,20.7500000000
2015.06.05,20.5000000000,20.9099998474,20.4300003052,20.8799991608
2015.06.08,20.8299999237,20.8799991608,20.7299995422,20.8199996948
2015.06.09,21.1700000763,21.3199996948,21.1700000763,21.2500000000
2015.06.10,21.5100002289,21.5900001526,21.3500003815,21.4899997711
2015.06.11,21.4099998474,21.4099998474,21.2199993134,21.2800006866
2015.06.12,21.1399993896,21.2099990845,21.0000000000,21.0400009155
2015.06.15,20.8500003815,20.9300003052,20.7999992371,20.8700008392
2015.06.16,20.8899993896,20.9500007629,20.8199996948,20.9500007629
2015.06.17,21.1599998474,21.2500000000,20.7199993134,20.9599990845
2015.06.18,21.0000000000,21.0599994659,20.8999996185,20.9799995422
2015.06.19,20.7500000000,20.7700004578,20.6000003815,20.7199993134
2015.06.22,20.6100006104,20.8099994659,20.5200004578,20.7900009155
2015.06.23,20.7500000000,21.1100006104,20.7500000000,21.1000003815
2015.06.24,21.0200004578,21.1700000763,20.8199996948,20.8700008392
2015.06.25,20.8199996948,20.8700008392,20.7399997711,20.8199996948
2015.06.26,20.8099994659,20.9899997711,20.7700004578,20.9099998474
2015.06.29,20.7099990845,20.8299999237,20.6800003052,20.7099990845
2015.06.30,20.8199996948,21.2099990845,20.8099994659,21.1100006104
2015.07.01,20.8999996185,20.9599990845,20.7000007629,20.7700004578
2015.07.02,20.8600006104,21.0000000000,20.7199993134,20.7500000000
2015.07.06,20.1599998474,20.1599998474,19.7299995422,19.8400001526
2015.07.07,19.8099994659,19.8700008392,19.2900009155,19.7999992371
2015.07.08,19.8099994659,19.8500003815,19.5200004578,19.6900005341
2015.07.09,20.0000000000,20.0900001526,19.8799991608,19.9799995422
2015.07.10,19.9699993134,20.0599994659,19.8400001526,19.9899997711
2015.07.13,19.7700004578,20.0400009155,19.7000007629,19.8799991608
2015.07.14,19.7500000000,19.9799995422,19.7000007629,19.9200000763
2015.07.15,19.7399997711,19.8199996948,19.5200004578,19.5799999237
2015.07.16,19.6900005341,19.6900005341,19.4699993134,19.5100002289
2015.07.17,19.5100002289,19.5100002289,19.3199996948,19.4599990845
2015.07.20,19.2999992371,19.3299999237,19.1700000763,19.1900005341
2015.07.21,19.2199993134,19.3600006104,19.1599998474,19.2800006866
2015.07.22,19.1000003815,19.2099990845,18.9300003052,18.9500007629
2015.07.23,19.0000000000,19.0599994659,18.7199993134,18.7900009155
2015.07.24,18.7099990845,18.7099990845,18.5200004578,18.6000003815
2015.07.27,18.3700008392,18.3999996185,18.1700000763,18.2000007629
2015.07.28,18.3400001526,18.5300006866,18.2099990845,18.3799991608
2015.07.29,18.3700008392,18.6200008392,18.3299999237,18.4899997711
2015.07.30,18.5200004578,18.5699996948,18.3899993896,18.4300003052
2015.07.31,18.4599990845,18.4599990845,18.0799999237,18.1200008392
2015.08.03,17.8400001526,17.9400005341,17.6900005341,17.7199993134
2015.08.04,17.8500003815,17.9400005341,17.7700004578,17.8600006104
2015.08.05,17.9200000763,18.0200004578,17.6399993896,17.7600002289
2015.08.06,17.6599998474,17.7000007629,17.5599994659,17.6900005341
2015.08.07,17.5799999237,17.6399993896,17.5000000000,17.5499992371
2015.08.10,17.6000003815,18.0100002289,17.6000003815,17.9500007629
2015.08.11,17.6599998474,17.6900005341,17.5200004578,17.6800003052
2015.08.12,17.7600002289,17.8099994659,17.5400009155,17.6700000763
2015.08.13,17.5900001526,17.6100006104,17.4500007629,17.5200004578
2015.08.14,17.5100002289,17.5799999237,17.3999996185,17.4099998474
2015.08.17,17.4300003052,17.4699993134,17.3099994659,17.3500003815
2015.08.18,17.2399997711,17.3799991608,17.2099990845,17.3099994659
2015.08.19,17.2999992371,17.3099994659,16.9099998474,16.9500007629
2015.08.20,17.0499992371,17.1200008392,16.8899993896,16.9099998474
2015.08.21,16.8500003815,16.8500003815,16.5599994659,16.6499996185
2015.08.24,15.9700002670,16.3799991608,15.8999996185,16.1100006104
2015.08.25,16.5400009155,16.5400009155,16.1499996185,16.1599998474
2015.08.26,16.2199993134,16.2299995422,16.0400009155,16.1499996185
2015.08.27,16.3899993896,16.9300003052,16.3700008392,16.9099998474
2015.08.28,16.9599990845,17.6399993896,16.9200000763,17.5200004578
2015.08.31,17.3500003815,18.3400001526,17.1000003815,18.1700000763
2015.09.01,17.8700008392,17.8999996185,17.2900009155,17.3199996948
2015.09.02,17.5799999237,17.6700000763,17.0400009155,17.5699996948
2015.09.03,17.6499996185,18.0100002289,17.5400009155,17.7000007629
2015.09.04,17.5799999237,17.6399993896,17.4200000763,17.4599990845
2015.09.08,17.4300003052,17.5799999237,17.2199993134,17.5200004578
2015.09.09,17.5599994659,17.6000003815,17.1700000763,17.1900005341
2015.09.10,17.2299995422,17.4699993134,17.1599998474,17.4200000763
2015.09.11,17.2600002289,17.3899993896,17.0799999237,17.3199996948
2015.09.14,17.1599998474,17.2099990845,17.0200004578,17.0900001526
2015.09.15,17.1200008392,17.1599998474,17.0200004578,17.1499996185
2015.09.16,17.2999992371,17.5499992371,17.2900009155,17.5000000000
2015.09.17,17.4699993134,17.5100002289,17.2600002289,17.3899993896
2015.09.18,17.2199993134,17.2299995422,16.8899993896,17.0000000000
2015.09.21,17.1299991608,17.3099994659,17.1299991608,17.2700004578
2015.09.22,17.0799999237,17.2299995422,16.9799995422,17.1800003052
2015.09.23,17.2900009155,17.4400005341,16.9200000763,16.9699993134
2015.09.24,16.8500003815,17.0799999237,16.8199996948,17.0699996948
2015.09.25,17.1900005341,17.2600002289,17.0699996948,17.1800003052
2015.09.28,16.9899997711,17.0599994659,16.8700008392,16.8999996185
2015.09.29,16.9400005341,17.1000003815,16.9300003052,17.0300006866
2015.09.30,17.0300006866,17.2199993134,16.9099998474,17.0799999237
2015.10.01,17.3199996948,17.3899993896,16.8899993896,16.9699993134
2015.10.02,16.7500000000,17.0900001526,16.7500000000,17.0499992371
2015.10.05,17.2500000000,17.3400001526,17.2199993134,17.2800006866
2015.10.06,17.3700008392,17.7900009155,17.3700008392,17.7900009155
2015.10.07,17.9799995422,18.0100002289,17.6200008392,17.6900005341
2015.10.08,17.7199993134,17.9899997711,17.6499996185,17.9200000763
2015.10.09,17.9599990845,18.0200004578,17.8500003815,17.9099998474
2015.10.12,17.9099998474,17.9099998474,17.3999996185,17.4599990845
2015.10.13,17.4099998474,17.5799999237,17.2600002289,17.2999992371
2015.10.14,17.3199996948,17.3400001526,17.2099990845,17.3199996948
2015.10.15,17.2199993134,17.3500003815,17.0699996948,17.3299999237
2015.10.16,17.3700008392,17.3799991608,17.1299991608,17.3400001526
2015.10.19,17.0900001526,17.1599998474,17.0000000000,17.0300006866
2015.10.20,17.0000000000,17.1100006104,16.9500007629,17.0499992371
2015.10.21,16.8899993896,16.9699993134,16.7900009155,16.8999996185
2015.10.22,16.9899997711,17.0900001526,16.8600006104,16.9599990845
2015.10.23,16.8199996948,16.8299999237,16.7199993134,16.7999992371
2015.10.26,16.7299995422,16.7500000000,16.6399993896,16.6499996185
2015.10.27,16.5699996948,16.5699996948,16.4400005341,16.5200004578
2015.10.28,16.6000003815,17.0100002289,16.5900001526,16.9899997711
2015.10.29,16.9599990845,17.0599994659,16.8700008392,16.8999996185
2015.10.30,16.9400005341,17.1700000763,16.8799991608,17.0699996948
2015.11.02,16.9300003052,17.0599994659,16.8899993896,16.9500007629
2015.11.03,17.0900001526,17.3799991608,17.0900001526,17.3199996948
2015.11.04,17.2999992371,17.2999992371,16.8999996185,16.9599990845
2015.11.05,16.8299999237,16.9300003052,16.6800003052,16.7299995422
2015.11.06,16.6000003815,16.6399993896,16.5100002289,16.6100006104
2015.11.09,16.5799999237,16.5799999237,16.3500003815,16.4200000763
2015.11.10,16.3700008392,16.5200004578,16.3199996948,16.3600006104
2015.11.11,16.4400005341,16.4400005341,16.1200008392,16.1900005341
2015.11.12,15.9700002670,16.1399993896,15.8800001144,15.9099998474
2015.11.13,15.8599996567,15.8599996567,15.6400003433,15.7100000381
2015.11.16,15.6400003433,15.8000001907,15.4700002670,15.8000001907
2015.11.17,15.6400003433,15.6700000763,15.5200004578,15.5500001907
2015.11.18,15.6800003052,15.6800003052,15.4399995804,15.6000003815
2015.11.19,15.5799999237,15.6400003433,15.5699996948,15.6099996567
2015.11.20,15.6199998856,15.7899999619,15.5500001907,15.5799999237
2015.11.23,15.5399999619,15.7799997330,15.5100002289,15.6700000763
2015.11.24,15.8599996567,16.0000000000,15.7799997330,15.8900003433
2015.11.25,15.8100004196,15.9099998474,15.6499996185,15.8900003433
2015.11.27,15.6300001144,15.7600002289,15.6000003815,15.6300001144
2015.11.30,15.7100000381,15.7700004578,15.5000000000,15.5100002289
2015.12.01,15.5699996948,15.6800003052,15.5000000000,15.5799999237
2015.12.02,15.4499998093,15.5399999619,15.1700000763,15.2100000381
2015.12.03,15.2700004578,15.5900001526,15.1999998093,15.4300003052
2015.12.04,15.3000001907,15.4300003052,15.2600002289,15.3500003815
2015.12.07,15.0699996948,15.1000003815,14.6999998093,14.7700004578
2015.12.08,14.6400003433,14.8699998856,14.5699996948,14.6400003433
2015.12.09,14.7200002670,14.9399995804,14.4899997711,14.6199998856
2015.12.10,14.5699996948,14.6999998093,14.5299997330,14.5299997330
2015.12.11,14.5200004578,14.5299997330,14.2799997330,14.3100004196
2015.12.14,14.1000003815,14.3299999237,14.0600004196,14.1599998474
2015.12.15,14.2399997711,14.4899997711,14.1999998093,14.2500000000
2015.12.16,14.1899995804,14.2100000381,14.0000000000,14.0699996948
2015.12.17,14.1000003815,14.5000000000,13.8599996567,13.9200000763
2015.12.18,14.0000000000,14.1899995804,13.9499998093,13.9799995422
2015.12.21,13.8800001144,14.0200004578,13.8400001526,13.9300003052
2015.12.22,13.8999996185,14.0000000000,13.8699998856,13.8999996185
2015.12.23,14.0900001526,14.3000001907,14.0399999619,14.2600002289
2015.12.24,14.2799997330,14.3299999237,14.2399997711,14.2899999619
2015.12.28,14.1199998856,14.1599998474,14.0399999619,14.0699996948
2015.12.29,14.2899999619,14.3800001144,14.2500000000,14.3400001526
2015.12.30,14.1899995804,14.1899995804,14.0399999619,14.1099996567
2015.12.31,14.0399999619,14.3800001144,14.0399999619,14.2299995422
2016.01.04,14.3699998856,14.4799995422,14.0399999619,14.1199998856
2016.01.05,14.0699996948,14.1099996567,13.9600000381,13.9799995422
2016.01.06,13.6899995804,13.7799997330,13.5500001907,13.5699996948
2016.01.07,13.4200000763,13.6800003052,13.3699998856,13.4399995804
2016.01.08,13.5100002289,13.5100002289,13.3599996567,13.4200000763
2016.01.11,13.3299999237,13.3400001526,12.9499998093,12.9600000381
2016.01.12,13.0799999237,13.1400003433,12.7600002289,12.9300003052
2016.01.13,12.9700002670,13.0799999237,12.7600002289,12.8299999237
2016.01.14,12.8100004196,12.9399995804,12.7299995422,12.8900003433
2016.01.15,12.5900001526,12.6700000763,12.4499998093,12.5500001907
2016.01.19,12.5600004196,12.6300001144,12.4099998474,12.4200000763
2016.01.20,12.2700004578,12.3199996948,12.0299997330,12.2799997330
2016.01.21,12.2799997330,12.5900001526,12.1700000763,12.5299997330
2016.01.22,12.9200000763,13.0200004578,12.8100004196,13.0200004578
2016.01.25,12.8299999237,12.9399995804,12.5699996948,12.5900001526
2016.01.26,12.7700004578,13.0799999237,12.7600002289,12.8699998856
2016.01.27,12.8699998856,13.1899995804,12.8100004196,13.0699996948
2016.01.28,13.4499998093,13.4499998093,13.1999998093,13.3800001144
2016.01.29,13.4300003052,13.5100002289,13.2399997711,13.4799995422
2016.02.01,13.2600002289,13.2600002289,13.0200004578,13.0799999237
2016.02.02,12.7700004578,12.8800001144,12.6999998093,12.7799997330
2016.02.03,13.0100002289,13.2700004578,12.7899999619,13.2600002289
2016.02.04,13.4200000763,13.4799995422,13.1000003815,13.1400003433
2016.02.05,13.0600004196,13.1599998474,12.8999996185,12.9899997711
2016.02.08,12.9499998093,12.9499998093,12.7399997711,12.8000001907
2016.02.09,12.6499996185,12.7399997711,12.3100004196,12.4300003052
2016.02.10,12.3100004196,12.5500001907,12.3000001907,12.3299999237
2016.02.11,12.2899999619,12.4399995804,12.2100000381,12.4300003052
2016.02.12,12.5699996948,12.7799997330,12.4600000381,12.7200002670
2016.02.16,12.8199996948,12.8500003815,12.5799999237,12.6300001144
2016.02.17,12.7299995422,13.1099996567,12.7200002670,12.9899997711
2016.02.18,13.1899995804,13.1899995804,12.9200000763,12.9300003052
2016.02.19,12.8400001526,12.8599996567,12.6800003052,12.8100004196
2016.02.22,13.0500001907,13.1199998856,13.0000000000,13.0600004196
2016.02.23,12.9799995422,12.9799995422,12.7399997711,12.8000001907
2016.02.24,12.6300001144,13.0000000000,12.6000003815,12.9799995422
2016.02.25,12.9099998474,13.1199998856,12.7200002670,13.0500001907
2016.02.26,13.2899999619,13.3500003815,12.9700002670,13.0299997330
2016.02.29,13.1099996567,13.2200002670,13.0699996948,13.1999998093
2016.03.01,13.1499996185,13.2899999619,13.0699996948,13.2399997711
2016.03.02,13.1899995804,13.3699998856,13.1199998856,13.3400001526
2016.03.03,13.2299995422,13.3800001144,13.2100000381,13.3500003815
2016.03.04,13.4399995804,13.6999998093,13.3699998856,13.6999998093
2016.03.07,13.7600002289,14.0799999237,13.7299995422,14.0500001907
2016.03.08,14.0500001907,14.0500001907,13.7600002289,13.7799997330
2016.03.09,13.9399995804,14.1800003052,13.9099998474,14.1499996185
2016.03.10,14.0000000000,14.1199998856,13.9099998474,14.0399999619
2016.03.11,14.1700000763,14.2600002289,14.1099996567,14.1599998474
2016.03.14,13.9700002670,14.0200004578,13.8500003815,14.0000000000
2016.03.15,13.8900003433,13.8900003433,13.7899999619,13.8699998856
2016.03.16,13.9799995422,14.1899995804,13.9399995804,14.1899995804
2016.03.17,14.3500003815,14.4200000763,14.1899995804,14.3800001144
2016.03.18,14.4700002670,14.5399999619,14.2799997330,14.3100004196
2016.03.21,14.3199996948,14.3999996185,14.2200002670,14.3699998856
2016.03.22,14.2799997330,14.4099998474,14.2799997330,14.3999996185
2016.03.23,14.1899995804,14.2600002289,14.0100002289,14.0399999619
2016.03.24,13.8000001907,14.0000000000,13.7700004578,13.9899997711
2016.03.28,13.9600000381,13.9799995422,13.8800001144,13.9799995422
2016.03.29,13.7799997330,13.8800001144,13.7200002670,13.8800001144
2016.03.30,14.0100002289,14.0600004196,13.7600002289,13.7700004578
2016.03.31,13.7700004578,13.8999996185,13.7100000381,13.7899999619
2016.04.01,13.5299997330,13.5500001907,13.4700002670,13.5100002289
2016.04.04,13.4600000381,13.5600004196,13.2500000000,13.2899999619
2016.04.05,13.2600002289,13.3000001907,13.1899995804,13.2799997330
2016.04.06,13.3500003815,13.5900001526,13.3299999237,13.5500001907
2016.04.07,13.4799995422,13.5200004578,13.3599996567,13.5100002289
2016.04.08,13.8199996948,13.9600000381,13.8100004196,13.9499998093
2016.04.11,14.0200004578,14.1099996567,13.9799995422,14.0600004196
2016.04.12,14.1899995804,14.4700002670,14.1599998474,14.4300003052
2016.04.13,14.3999996185,14.5500001907,14.3599996567,14.3900003433
2016.04.14,14.4200000763,14.4600000381,14.2500000000,14.3299999237
2016.04.15,14.1999998093,14.2700004578,14.0500001907,14.2100000381
2016.04.18,13.9200000763,14.2500000000,13.8999996185,14.1999998093
2016.04.19,14.3199996948,14.5200004578,14.3199996948,14.5100002289
2016.04.20,14.3900003433,14.8999996185,14.3299999237,14.8299999237
2016.04.21,14.8999996185,14.8999996185,14.6599998474,14.7600002289
2016.04.22,14.8000001907,14.8999996185,14.6400003433,14.6800003052
2016.04.25,14.7399997711,14.7399997711,14.5500001907,14.6000003815
2016.04.26,14.7100000381,14.8400001526,14.6599998474,14.8400001526
2016.04.27,14.9899997711,15.0600004196,14.7500000000,15.0500001907
2016.04.28,15.0600004196,15.1899995804,15.0200004578,15.1000003815
2016.04.29,15.2500000000,15.3199996948,15.0699996948,15.2200002670
2016.05.02,15.1700000763,15.1700000763,14.9300003052,14.9700002670
2016.05.03,14.8800001144,14.8800001144,14.6400003433,14.6999998093
2016.05.04,14.8299999237,14.8800001144,14.5699996948,14.6999998093
2016.05.05,14.9899997711,15.0000000000,14.6099996567,14.6700000763
2016.05.06,14.6000003815,14.8900003433,14.6000003815,14.7700004578
2016.05.09,14.6300001144,14.6300001144,14.3900003433,14.4200000763
2016.05.10,14.5000000000,14.8100004196,14.5000000000,14.8000001907
2016.05.11,14.7700004578,15.1499996185,14.7299995422,15.1300001144
2016.05.12,15.1999998093,15.2200002670,15.0000000000,15.1800003052
2016.05.13,15.0900001526,15.1700000763,15.0299997330,15.1499996185
2016.05.16,15.3699998856,15.4399995804,15.3400001526,15.4300003052
2016.05.17,15.3999996185,15.5799999237,15.3900003433,15.5799999237
2016.05.18,15.4600000381,15.6199998856,15.3699998856,15.3900003433
2016.05.19,15.2399997711,15.3800001144,15.1199998856,15.3699998856
2016.05.20,15.3999996185,15.4899997711,15.3000001907,15.3900003433
2016.05.23,15.1700000763,15.3100004196,15.1300001144,15.2500000000
2016.05.24,15.2600002289,15.4200000763,15.2500000000,15.3199996948
2016.05.25,15.3999996185,15.5399999619,15.3400001526,15.5100002289
2016.05.26,15.5900001526,15.6099996567,15.4399995804,15.5200004578
2016.05.27,15.4600000381,15.5799999237,15.3900003433,15.5799999237
2016.05.31,15.6000003815,15.6700000763,15.3999996185,15.4200000763
2016.06.01,15.2799997330,15.5799999237,15.2500000000,15.5699996948
2016.06.02,15.4700002670,15.6999998093,15.4099998474,15.6199998856
2016.06.03,15.6899995804,15.7399997711,15.5500001907,15.6700000763
2016.06.06,15.8400001526,15.8999996185,15.7200002670,15.8400001526
2016.06.07,15.8500003815,15.9799995422,15.8500003815,15.9700002670
2016.06.08,16.1100006104,16.2600002289,16.1100006104,16.2500000000
2016.06.09,16.0499992371,16.1800003052,16.0499992371,16.1499996185
2016.06.10,15.9799995422,16.0200004578,15.8100004196,15.8400001526
2016.06.13,15.7700004578,15.8999996185,15.7399997711,15.7700004578
2016.06.14,15.6700000763,15.7500000000,15.6000003815,15.6999998093
2016.06.15,15.6300001144,15.7500000000,15.4600000381,15.5200004578
2016.06.16,15.4799995422,15.4799995422,15.1800003052,15.1999998093
2016.06.17,15.4899997711,15.6700000763,15.4600000381,15.6599998474
2016.06.20,15.7700004578,15.8699998856,15.7100000381,15.8199996948
2016.06.21,15.6999998093,15.7799997330,15.5799999237,15.7500000000
2016.06.22,15.8100004196,15.8599996567,15.5100002289,15.6099996567
2016.06.23,15.7399997711,15.7899999619,15.6300001144,15.7899999619
2016.06.24,15.1899995804,15.3900003433,15.1899995804,15.3000001907
2016.06.27,15.1800003052,15.1999998093,15.0200004578,15.1899995804
2016.06.28,15.4300003052,15.4600000381,15.2799997330,15.4600000381
2016.06.29,15.5100002289,15.8100004196,15.5100002289,15.6899995804
2016.06.30,15.6099996567,15.6899995804,15.4799995422,15.5200004578
2016.07.01,15.4799995422,15.7200002670,15.4799995422,15.7100000381
2016.07.05,15.6599998474,15.6599998474,15.0699996948,15.1599998474
2016.07.06,15.0100002289,15.2500000000,14.9099998474,15.2299995422
2016.07.07,15.3699998856,15.3800001144,14.6999998093,14.7200002670
2016.07.08,14.8699998856,14.9499998093,14.7200002670,14.8500003815
2016.07.11,14.9200000763,14.9600000381,14.6800003052,14.6999998093
2016.07.12,15.0200004578,15.1499996185,14.8699998856,15.1099996567
2016.07.13,15.0900001526,15.1300001144,14.7899999619,14.8500003815
2016.07.14,14.9700002670,15.0200004578,14.9099998474,14.9200000763
2016.07.15,15.0000000000,15.0699996948,14.8999996185,14.9399995804
2016.07.18,14.7399997711,14.8599996567,14.3999996185,14.8299999237
2016.07.19,14.8000001907,14.8000001907,14.6700000763,14.6700000763
2016.07.20,14.5600004196,14.7299995422,14.5200004578,14.6099996567
2016.07.21,14.5500001907,14.6800003052,14.4600000381,14.4799995422
2016.07.22,14.4099998474,14.4399995804,14.3100004196,14.4300003052
2016.07.25,14.2799997330,14.3100004196,14.2100000381,14.2500000000
2016.07.26,14.2100000381,14.2500000000,14.1400003433,14.2100000381
2016.07.27,14.2399997711,14.2700004578,13.9700002670,14.0100002289
2016.07.28,14.0200004578,14.0399999619,13.8599996567,13.8900003433
2016.07.29,13.8500003815,13.9899997711,13.7700004578,13.9600000381
2016.08.01,13.8900003433,13.9300003052,13.6400003433,13.6700000763
2016.08.02,13.8599996567,13.9200000763,13.5600004196,13.6499996185
2016.08.03,13.6800003052,13.9600000381,13.6499996185,13.9600000381
2016.08.04,13.8599996567,14.1099996567,13.7899999619,14.0299997330
2016.08.05,14.0699996948,14.1300001144,13.9700002670,14.1199998856
2016.08.08,14.2600002289,14.3400001526,14.2100000381,14.2600002289
2016.08.09,14.3100004196,14.3299999237,14.1499996185,14.1599998474
2016.08.10,14.2500000000,14.3400001526,13.9600000381,13.9600000381
2016.08.11,14.0600004196,14.3699998856,14.0399999619,14.3000001907
2016.08.12,14.3500003815,14.5000000000,14.3199996948,14.5000000000
2016.08.15,14.6000003815,14.7500000000,14.5900001526,14.7500000000
2016.08.16,14.7899999619,14.8800001144,14.6800003052,14.8699998856
2016.08.17,14.8599996567,14.9799995422,14.7500000000,14.9700002670
2016.08.18,15.0500001907,15.2100000381,15.0399999619,15.1599998474
2016.08.19,15.1199998856,15.1700000763,15.0600004196,15.1499996185
2016.08.22,15.0500001907,15.0500001907,14.8900003433,14.8900003433
2016.08.23,14.7799997330,15.0399999619,14.7500000000,14.9899997711
2016.08.24,14.9099998474,14.9700002670,14.7299995422,14.8000001907
2016.08.25,14.7899999619,14.8900003433,14.7500000000,14.8699998856
2016.08.26,14.8599996567,14.9899997711,14.7700004578,14.8100004196
2016.08.29,14.7100000381,14.7299995422,14.6499996185,14.6999998093
2016.08.30,14.7399997711,14.7399997711,14.5000000000,14.5799999237
2016.08.31,14.4200000763,14.5000000000,14.1800003052,14.2399997711
2016.09.01,14.1000003815,14.1700000763,13.9499998093,14.0500001907
2016.09.02,14.1499996185,14.2500000000,14.1499996185,14.1700000763
2016.09.06,14.1099996567,14.2700004578,14.1099996567,14.2700004578
2016.09.07,14.3000001907,14.4399995804,14.2399997711,14.4099998474
2016.09.08,14.5500001907,14.8000001907,14.4399995804,14.7299995422
2016.09.09,14.6000003815,14.6099996567,14.4399995804,14.4600000381
2016.09.12,14.3100004196,14.6199998856,14.3100004196,14.5299997330
2016.09.13,14.4099998474,14.4099998474,14.2600002289,14.2600002289
2016.09.14,14.2100000381,14.3199996948,14.0699996948,14.1000003815
2016.09.15,14.1599998474,14.2600002289,14.0900001526,14.1700000763
2016.09.16,14.0299997330,14.1999998093,14.0299997330,14.1999998093
2016.09.19,14.2200002670,14.3199996948,14.1499996185,14.1800003052
2016.09.20,14.1000003815,14.2799997330,14.0799999237,14.2500000000
2016.09.21,14.3500003815,14.4899997711,14.3500003815,14.4799995422
2016.09.22,14.6199998856,14.6599998474,14.5500001907,14.5600004196
2016.09.23,14.5100002289,14.6000003815,14.2399997711,14.3199996948
2016.09.26,14.4200000763,14.5799999237,14.4200000763,14.4600000381
2016.09.27,14.2799997330,14.3400001526,14.1899995804,14.2500000000
2016.09.28,14.3699998856,14.7299995422,14.2100000381,14.6099996567
2016.09.29,14.7200002670,14.8500003815,14.6400003433,14.7600002289
2016.09.30,14.8100004196,14.8500003815,14.7600002289,14.8199996948
2016.10.03,14.8299999237,14.9600000381,14.7200002670,14.9200000763
2016.10.04,15.0000000000,15.0000000000,14.8999996185,14.9399995804
2016.10.05,15.1300001144,15.1499996185,15.0200004578,15.1199998856
2016.10.06,15.1599998474,15.2100000381,15.0900001526,15.2100000381
2016.10.07,15.1999998093,15.2200002670,15.0200004578,15.0900001526
2016.10.10,15.1800003052,15.4300003052,15.1800003052,15.3000001907
2016.10.11,15.3100004196,15.3100004196,15.1599998474,15.2299995422
2016.10.12,15.0900001526,15.1800003052,15.0699996948,15.0799999237
2016.10.13,15.0399999619,15.2100000381,15.0200004578,15.1899995804
2016.10.14,15.1999998093,15.2200002670,15.1099996567,15.1800003052
2016.10.17,15.1599998474,15.1700000763,15.0399999619,15.1400003433
2016.10.18,15.2100000381,15.2299995422,15.1099996567,15.1700000763
2016.10.19,15.1899995804,15.3999996185,15.1899995804,15.3100004196
2016.10.20,15.1400003433,15.2200002670,15.0799999237,15.1199998856
2016.10.21,15.1400003433,15.1999998093,15.1000003815,15.1999998093
2016.10.24,15.0299997330,15.1899995804,15.0100002289,15.1899995804
2016.10.25,15.1199998856,15.1899995804,15.0299997330,15.0600004196
2016.10.26,14.9200000763,15.0900001526,14.8900003433,14.9600000381
2016.10.27,15.0299997330,15.1400003433,14.9799995422,15.0799999237
2016.10.28,15.0100002289,15.1000003815,14.9099998474,14.9600000381
2016.10.31,14.8100004196,14.8500003815,14.5600004196,14.5600004196
2016.11.01,14.6800003052,14.7500000000,14.4899997711,14.5900001526
2016.11.02,14.3999996185,14.4499998093,14.2399997711,14.3599996567
2016.11.03,14.3500003815,14.3699998856,14.1700000763,14.2299995422
2016.11.04,14.1000003815,14.1999998093,14.0200004578,14.1099996567
2016.11.07,14.1999998093,14.2399997711,14.0500001907,14.2299995422
2016.11.08,14.1499996185,14.2899999619,14.0900001526,14.1899995804
2016.11.09,14.2100000381,14.3500003815,14.1199998856,14.3100004196
2016.11.10,14.1800003052,14.2600002289,14.1199998856,14.1400003433
2016.11.11,14.0699996948,14.1400003433,13.8699998856,13.9099998474
2016.11.14,13.8699998856,13.9200000763,13.6999998093,13.8999996185
2016.11.15,14.0500001907,14.2799997330,14.0500001907,14.2500000000
2016.11.16,14.2200002670,14.2899999619,14.0900001526,14.1300001144
2016.11.17,14.3199996948,14.3599996567,14.1000003815,14.1300001144
2016.11.18,14.1400003433,14.2799997330,14.0900001526,14.2700004578
2016.11.21,14.5200004578,14.7399997711,14.5200004578,14.7299995422
2016.11.22,14.7299995422,14.8000001907,14.5600004196,14.6899995804
2016.11.23,14.6000003815,14.7700004578,14.6000003815,14.7100000381
2016.11.25,14.5900001526,14.6800003052,14.4700002670,14.5699996948
2016.11.28,14.6499996185,14.7600002289,14.6000003815,14.6400003433
2016.11.29,14.3100004196,14.3699998856,14.2200002670,14.2700004578
2016.11.30,14.8500003815,15.0399999619,14.7399997711,14.9200000763
2016.12.01,15.1800003052,15.3699998856,15.1700000763,15.2299995422
2016.12.02,15.2899999619,15.3400001526,15.2299995422,15.3199996948
2016.12.05,15.4799995422,15.5000000000,15.3500003815,15.3599996567
2016.12.06,15.2500000000,15.3800001144,15.2500000000,15.3199996948
2016.12.07,15.2100000381,15.3100004196,15.1700000763,15.1899995804
2016.12.08,15.3900003433,15.3900003433,15.1300001144,15.3100004196
2016.12.09,15.3900003433,15.4300003052,15.3400001526,15.4200000763
2016.12.12,15.7200002670,15.7700004578,15.5200004578,15.5200004578
2016.12.13,15.6499996185,15.6499996185,15.5100002289,15.5900001526
2016.12.14,15.4899997711,15.6099996567,15.3199996948,15.3400001526
2016.12.15,15.2299995422,15.3900003433,15.1999998093,15.3299999237
2016.12.16,15.3400001526,15.4899997711,15.3199996948,15.4700002670
2016.12.19,15.5000000000,15.5000000000,15.3400001526,15.3800001144
2016.12.20,15.4700002670,15.5000000000,15.3699998856,15.4200000763
2016.12.21,15.4300003052,15.4899997711,15.2899999619,15.3599996567
2016.12.22,15.3500003815,15.4300003052,15.3299999237,15.3599996567
2016.12.23,15.3599996567,15.4300003052,15.3199996948,15.3999996185
2016.12.27,15.4899997711,15.6700000763,15.4899997711,15.6199998856
2016.12.28,15.6899995804,15.7100000381,15.6300001144,15.6700000763
2016.12.29,15.6899995804,15.7799997330,15.6499996185,15.6899995804
2016.12.30,15.6499996185,15.7100000381,15.6300001144,15.6700000763
2017.01.03,15.8500003815,15.8900003433,15.3699998856,15.4200000763
2017.01.04,15.4200000763,15.5900001526,15.3400001526,15.5399999619
2017.01.05,15.6099996567,15.7299995422,15.5100002289,15.6400003433
2017.01.06,15.6700000763,15.7100000381,15.5399999619,15.5799999237
2017.01.09,15.4200000763,15.4499998093,15.2899999619,15.3100004196
2017.01.10,15.3599996567,15.4700002670,15.1700000763,15.1999998093
2017.01.11,15.3000001907,15.5000000000,15.0900001526,15.3999996185
2017.01.12,15.6499996185,15.6599998474,15.5200004578,15.6400003433
2017.01.13,15.5900001526,15.6300001144,15.5399999619,15.6099996567
2017.01.17,15.8000001907,15.8000001907,15.6000003815,15.6199998856
2017.01.18,15.4600000381,15.5600004196,15.3000001907,15.4099998474
2017.01.19,15.4200000763,15.4600000381,15.3400001526,15.3800001144
2017.01.20,15.5600004196,15.6300001144,15.5399999619,15.5600004196
2017.01.23,15.4200000763,15.5799999237,15.4200000763,15.5600004196
2017.01.24,15.6000003815,15.6499996185,15.5500001907,15.5699996948
2017.01.25,15.4899997711,15.6099996567,15.4700002670,15.5299997330
2017.01.26,15.5900001526,15.6899995804,15.5799999237,15.6099996567
2017.01.27,15.5000000000,15.5000000000,15.3800001144,15.4799995422
2017.01.30,15.3699998856,15.3699998856,15.3000001907,15.3400001526
2017.01.31,15.4600000381,15.5399999619,15.3699998856,15.4300003052
2017.02.01,15.5299997330,15.6700000763,15.4700002670,15.6199998856
2017.02.02,15.6599998474,15.6899995804,15.5600004196,15.6199998856
2017.02.03,15.5399999619,15.6700000763,15.5299997330,15.6099996567
2017.02.06,15.6199998856,15.6300001144,15.4399995804,15.4600000381
2017.02.07,15.3500003815,15.4099998474,15.2799997330,15.3500003815
2017.02.08,15.3299999237,15.4700002670,15.2899999619,15.4399995804
2017.02.09,15.5299997330,15.5600004196,15.4499998093,15.5100002289
2017.02.10,15.6700000763,15.7299995422,15.6599998474,15.6700000763
2017.02.13,15.5299997330,15.5500001907,15.4700002670,15.4700002670
2017.02.14,15.5900001526,15.6199998856,15.4899997711,15.5299997330
2017.02.15,15.5100002289,15.6099996567,15.5100002289,15.5299997330
2017.02.16,15.5600004196,15.5900001526,15.4300003052,15.5000000000
2017.02.17,15.3900003433,15.4799995422,15.3900003433,15.4499998093
2017.02.21,15.6700000763,15.6700000763,15.5000000000,15.5299997330
2017.02.22,15.3999996185,15.4399995804,15.3800001144,15.3999996185
2017.02.23,15.5900001526,15.6099996567,15.4499998093,15.4700002670
2017.02.24,15.3999996185,15.4700002670,15.3900003433,15.4200000763
2017.02.27,15.5399999619,15.5399999619,15.3800001144,15.3999996185
2017.02.28,15.3199996948,15.4499998093,15.3199996948,15.4499998093
2017.03.01,15.5100002289,15.5399999619,15.4300003052,15.4799995422
2017.03.02,15.2799997330,15.3199996948,15.1800003052,15.2100000381
2017.03.03,15.2100000381,15.3100004196,15.2100000381,15.2899999619
2017.03.06,15.3500003815,15.3800001144,15.2700004578,15.3100004196
2017.03.07,15.3699998856,15.3800001144,15.2200002670,15.2299995422
2017.03.08,15.1199998856,15.2200002670,14.7700004578,14.8100004196
2017.03.09,14.7399997711,14.7600002289,14.5299997330,14.6800003052
2017.03.10,14.6599998474,14.6599998474,14.4700002670,14.5100002289
2017.03.13,14.5100002289,14.5399999619,14.4499998093,14.4799995422
2017.03.14,14.3599996567,14.4200000763,14.2899999619,14.4200000763
2017.03.15,14.5000000000,14.5900001526,14.4600000381,14.5900001526
2017.03.16,14.6199998856,14.6300001144,14.5399999619,14.6000003815
2017.03.17,14.5900001526,14.6499996185,14.5500001907,14.5900001526
2017.03.20,14.5399999619,14.6300001144,14.5299997330,14.5500001907
2017.03.21,14.5500001907,14.6000003815,14.4200000763,14.4499998093
2017.03.22,14.3500003815,14.4600000381,14.2600002289,14.4499998093
2017.03.23,14.3999996185,14.4099998474,14.3400001526,14.3900003433
2017.03.24,14.3900003433,14.4399995804,14.3699998856,14.4300003052
2017.03.27,14.3199996948,14.3900003433,14.2399997711,14.3900003433
2017.03.28,14.4600000381,14.5500001907,14.4300003052,14.4899997711
2017.03.29,14.5100002289,14.6599998474,14.5100002289,14.6499996185
2017.03.30,14.6899995804,14.7799997330,14.6700000763,14.7299995422
2017.03.31,14.6700000763,14.8199996948,14.6700000763,14.8199996948
2017.04.03,14.7899999619,14.8199996948,14.6599998474,14.6700000763
2017.04.04,14.7500000000,14.8500003815,14.7399997711,14.8400001526
2017.04.05,14.8400001526,14.9899997711,14.8199996948,14.8299999237
2017.04.06,14.9399995804,14.9799995422,14.9099998474,14.9600000381
2017.04.07,14.9899997711,15.0500001907,14.9399995804,15.0200004578
2017.04.10,15.1099996567,15.1499996185,15.0699996948,15.1499996185
2017.04.11,15.1000003815,15.1899995804,15.0600004196,15.1800003052
2017.04.12,15.2500000000,15.2500000000,15.0900001526,15.1199998856
2017.04.13,15.1700000763,15.2100000381,15.1300001144,15.1700000763
2017.04.17,15.1599998474,15.1899995804,15.0799999237,15.1000003815
2017.04.18,15.0100002289,15.0699996948,14.9200000763,15.0200004578
2017.04.19,15.0100002289,15.0500001907,14.6300001144,14.7100000381
2017.04.20,14.7500000000,14.7500000000,14.6099996567,14.6499996185
2017.04.21,14.6400003433,14.6700000763,14.4200000763,14.4600000381
2017.04.24,14.4499998093,14.4499998093,14.3599996567,14.3900003433
2017.04.25,14.3999996185,14.5399999619,14.3400001526,14.5200004578
2017.04.26,14.3800001144,14.5900001526,14.3800001144,14.4200000763
2017.04.27,14.3100004196,14.4200000763,14.2500000000,14.4200000763
2017.04.28,14.4499998093,14.4899997711,14.3800001144,14.4300003052
2017.05.01,14.4399995804,14.4799995422,14.4099998474,14.4600000381
2017.05.02,14.4600000381,14.4600000381,14.2500000000,14.3000001907
2017.05.03,14.2399997711,14.3599996567,14.2399997711,14.3000001907
2017.05.04,13.8699998856,14.1599998474,13.8299999237,13.8999996185
2017.05.05,13.9499998093,14.1000003815,13.9300003052,14.0399999619
2017.05.08,14.0100002289,14.0600004196,13.8999996185,14.0299997330
2017.05.09,14.0399999619,14.0399999619,13.8900003433,13.9099998474
2017.05.10,14.0299997330,14.2100000381,13.9899997711,14.1800003052
2017.05.11,14.2700004578,14.2899999619,14.1999998093,14.2500000000
2017.05.12,14.2899999619,14.3299999237,14.2299995422,14.3199996948
2017.05.15,14.5399999619,14.5399999619,14.3900003433,14.4300003052
2017.05.16,14.4700002670,14.4899997711,14.3500003815,14.3800001144
2017.05.17,14.4899997711,14.5200004578,14.3699998856,14.4499998093
2017.05.18,14.3500003815,14.4899997711,14.3100004196,14.4499998093
2017.05.19,14.6099996567,14.7399997711,14.6099996567,14.7299995422
2017.05.22,14.8000001907,14.8699998856,14.8000001907,14.8199996948
2017.05.23,14.8400001526,14.8400001526,14.7600002289,14.8000001907
2017.05.24,14.7600002289,14.8299999237,14.6999998093,14.7500000000
2017.05.25,14.7299995422,14.7600002289,14.3500003815,14.3599996567
2017.05.26,14.4300003052,14.5200004578,14.3800001144,14.5100002289
2017.05.30,14.4200000763,14.4499998093,14.3199996948,14.3900003433
2017.05.31,14.1899995804,14.3000001907,14.1400003433,14.2600002289
2017.06.01,14.2500000000,14.3299999237,14.1700000763,14.1899995804
2017.06.02,14.1099996567,14.3900003433,14.0399999619,14.1199998856
2017.06.05,14.0200004578,14.0399999619,13.9700002670,14.0200004578
2017.06.06,13.9899997711,14.1300001144,13.9799995422,14.1199998856
2017.06.07,14.0500001907,14.1000003815,13.8100004196,13.8500003815
2017.06.08,13.8100004196,13.9200000763,13.8000001907,13.8299999237
2017.06.09,13.8299999237,13.9399995804,13.8299999237,13.8699998856
2017.06.12,13.9700002670,13.9700002670,13.7799997330,13.7899999619
2017.06.13,13.7799997330,13.8699998856,13.7399997711,13.8699998856
2017.06.14,13.8199996948,13.8900003433,13.5500001907,13.5699996948
2017.06.15,13.5500001907,13.5900001526,13.5100002289,13.5799999237
2017.06.16,13.6599998474,13.6800003052,13.6199998856,13.6700000763
2017.06.19,13.6999998093,13.6999998093,13.5399999619,13.5600004196
2017.06.20,13.3900003433,13.4200000763,13.3000001907,13.4099998474
2017.06.21,13.4499998093,13.4799995422,13.1700000763,13.1899995804
2017.06.22,13.3100004196,13.3199996948,13.2100000381,13.2100000381
2017.06.23,13.2700004578,13.3100004196,13.2100000381,13.2899999619
2017.06.26,13.3000001907,13.3900003433,13.2100000381,13.3599996567
2017.06.27,13.4899997711,13.5699996948,13.4300003052,13.5000000000
2017.06.28,13.5299997330,13.6199998856,13.4600000381,13.6199998856
2017.06.29,13.6899995804,13.7799997330,13.6599998474,13.6999998093
2017.06.30,13.8100004196,14.0299997330,13.7799997330,14.0200004578
2017.07.03,14.0900001526,14.1899995804,14.0900001526,14.1400003433
2017.07.05,14.0799999237,14.1199998856,13.8500003815,13.8699998856
2017.07.06,13.9499998093,14.0500001907,13.8800001144,13.8999996185
2017.07.07,13.8000001907,13.8000001907,13.6499996185,13.7200002670
2017.07.10,13.6999998093,13.8400001526,13.6999998093,13.7799997330
2017.07.11,13.7200002670,13.9499998093,13.7200002670,13.9399995804
2017.07.12,14.0900001526,14.0900001526,13.8900003433,13.8900003433
2017.07.13,13.9099998474,13.9799995422,13.8800001144,13.9200000763
2017.07.14,14.0000000000,14.0799999237,13.9899997711,14.0699996948
2017.07.17,14.0399999619,14.0900001526,13.9799995422,14.0000000000
2017.07.18,14.1199998856,14.1499996185,14.0000000000,14.0500001907
2017.07.19,14.1099996567,14.2399997711,14.1099996567,14.2299995422
2017.07.20,14.3299999237,14.3299999237,14.1499996185,14.1700000763
2017.07.21,14.1800003052,14.1800003052,13.9200000763,13.9399995804
2017.07.24,13.9600000381,13.9799995422,13.9200000763,13.9600000381
2017.07.25,14.1400003433,14.1999998093,14.0900001526,14.1599998474
2017.07.26,14.2700004578,14.3599996567,14.1800003052,14.3400001526
2017.07.27,14.4600000381,14.4600000381,14.3699998856,14.4200000763
2017.07.28,14.4899997711,14.5600004196,14.4799995422,14.5200004578
2017.07.31,14.5000000000,14.6199998856,14.4499998093,14.6099996567
2017.08.01,14.4899997711,14.4899997711,14.2700004578,14.4099998474
2017.08.02,14.4399995804,14.5100002289,14.3400001526,14.5100002289
2017.08.03,14.4899997711,14.5500001907,14.3599996567,14.3699998856
2017.08.04,14.4099998474,14.4499998093,14.3400001526,14.4399995804
2017.08.07,14.3599996567,14.4600000381,14.3100004196,14.4300003052
2017.08.08,14.4899997711,14.4899997711,14.3900003433,14.4099998474
2017.08.09,14.4799995422,14.5200004578,14.4300003052,14.4899997711
2017.08.10,14.5900001526,14.5900001526,14.2600002289,14.2600002289
2017.08.11,14.2399997711,14.3699998856,14.2299995422,14.3500003815
2017.08.14,14.2799997330,14.3500003815,14.1199998856,14.1199998856
2017.08.15,14.0399999619,14.1199998856,14.0200004578,14.1199998856
2017.08.16,14.1800003052,14.1800003052,14.0000000000,14.0200004578
2017.08.17,13.9600000381,14.0600004196,13.9300003052,14.0000000000
2017.08.18,14.0799999237,14.3000001907,13.9899997711,14.2899999619
2017.08.21,14.2100000381,14.2200002670,14.0699996948,14.0799999237
2017.08.22,14.1999998093,14.1999998093,14.1000003815,14.1300001144
2017.08.23,14.1700000763,14.2600002289,14.1199998856,14.2200002670
2017.08.24,14.2100000381,14.2299995422,14.1099996567,14.2100000381
2017.08.25,14.2600002289,14.2799997330,14.1599998474,14.1899995804
2017.08.28,14.1899995804,14.2600002289,14.0900001526,14.1599998474
2017.08.29,14.1300001144,14.1599998474,14.0799999237,14.1300001144
2017.08.30,14.1499996185,14.1700000763,14.0299997330,14.0399999619
2017.08.31,14.1800003052,14.4899997711,14.1800003052,14.4600000381
2017.09.01,14.4399995804,14.4899997711,14.3599996567,14.4799995422
2017.09.05,14.5900001526,14.6499996185,14.5600004196,14.5600004196
2017.09.06,14.6700000763,14.7299995422,14.6300001144,14.7200002670
2017.09.07,14.7200002670,14.7299995422,14.6700000763,14.6999998093
2017.09.08,14.6899995804,14.7100000381,14.4600000381,14.4899997711
2017.09.11,14.4300003052,14.5399999619,14.3900003433,14.5100002289
2017.09.12,14.5200004578,14.5799999237,14.4899997711,14.5600004196
2017.09.13,14.5500001907,14.7100000381,14.5500001907,14.7100000381
2017.09.14,14.7700004578,14.8599996567,14.6800003052,14.7100000381
2017.09.15,14.7500000000,14.8299999237,14.7500000000,14.7799997330
2017.09.18,14.7899999619,14.7899999619,14.6899995804,14.7799997330
2017.09.19,14.8100004196,14.8100004196,14.6599998474,14.7200002670
2017.09.20,14.8000001907,14.9399995804,14.8000001907,14.9099998474
2017.09.21,14.8699998856,14.8800001144,14.7799997330,14.8699998856
2017.09.22,14.8100004196,14.8999996185,14.8100004196,14.8999996185
2017.09.25,14.9499998093,15.1400003433,14.9499998093,15.1199998856
2017.09.26,15.0699996948,15.0699996948,14.9600000381,15.0100002289
2017.09.27,15.0500001907,15.0500001907,14.9600000381,15.0299997330
2017.09.28,15.0900001526,15.1099996567,14.9200000763,14.9899997711
2017.09.29,14.9700002670,14.9799995422,14.8900003433,14.8999996185
2017.10.02,14.6800003052,14.7600002289,14.6599998474,14.7299995422
2017.10.03,14.7600002289,14.7600002289,14.7100000381,14.7299995422
2017.10.04,14.7700004578,14.8000001907,14.6899995804,14.6899995804
2017.10.05,14.8100004196,14.9600000381,14.8100004196,14.8999996185
2017.10.06,14.6899995804,14.7100000381,14.5900001526,14.6300001144
2017.10.09,14.6800003052,14.6899995804,14.6099996567,14.6400003433
2017.10.10,14.8299999237,14.8999996185,14.8100004196,14.8800001144
2017.10.11,14.8999996185,14.9300003052,14.8199996948,14.9300003052
2017.10.12,14.7899999619,14.8999996185,14.7799997330,14.8599996567
2017.10.13,15.0100002289,15.0299997330,14.9399995804,15.0200004578
2017.10.16,15.1999998093,15.1999998093,15.0699996948,15.1000003815
2017.10.17,15.1099996567,15.1400003433,14.9799995422,15.0799999237
2017.10.18,15.1199998856,15.1199998856,14.9899997711,15.0600004196
2017.10.19,14.9499998093,14.9899997711,14.8500003815,14.9300003052
2017.10.20,14.9399995804,15.0200004578,14.8900003433,15.0100002289
2017.10.23,15.0699996948,15.0699996948,14.9899997711,15.0200004578
2017.10.24,15.0000000000,15.1899995804,14.9799995422,15.1800003052
2017.10.25,15.1599998474,15.1899995804,15.0900001526,15.1400003433
2017.10.26,15.1499996185,15.2500000000,15.0799999237,15.2399997711
2017.10.27,15.1599998474,15.3900003433,15.1599998474,15.3900003433
2017.10.30,15.1599998474,15.4700002670,15.1599998474,15.4300003052
2017.10.31,15.4099998474,15.5200004578,15.3999996185,15.4799995422
2017.11.01,15.5600004196,15.6400003433,15.4300003052,15.4799995422
2017.11.02,15.4399995804,15.5600004196,15.4300003052,15.5500001907
2017.11.03,15.6000003815,15.7200002670,15.5000000000,15.7100000381
2017.11.06,15.7500000000,16.0699996948,15.7200002670,16.0400009155
2017.11.07,15.9899997711,15.9899997711,15.8800001144,15.9300003052
2017.11.08,15.8800001144,16.0400009155,15.8299999237,15.8699998856
2017.11.09,15.9499998093,15.9899997711,15.8800001144,15.8999996185
2017.11.10,15.9099998474,15.9499998093,15.8100004196,15.8599996567
2017.11.13,15.8599996567,15.8999996185,15.8000001907,15.8000001907
2017.11.14,15.7600002289,15.7799997330,15.5100002289,15.5500001907
2017.11.15,15.4899997711,15.5799999237,15.4700002670,15.5500001907
2017.11.16,15.5299997330,15.5799999237,15.4600000381,15.4899997711
2017.11.17,15.5900001526,15.7500000000,15.5900001526,15.7299995422
2017.11.20,15.6199998856,15.6400003433,15.5200004578,15.6300001144
2017.11.21,15.6099996567,15.7299995422,15.6099996567,15.7200002670
2017.11.22,15.7299995422,15.8800001144,15.7299995422,15.8599996567
2017.11.24,15.9899997711,15.9899997711,15.8599996567,15.9300003052
2017.11.27,15.8900003433,15.9300003052,15.8000001907,15.8699998856
2017.11.28,15.7899999619,15.8699998856,15.7899999619,15.8599996567
2017.11.29,15.8100004196,15.8999996185,15.6800003052,15.7600002289
2017.11.30,15.8199996948,15.8400001526,15.6300001144,15.6800003052
2017.12.01,15.8100004196,15.9700002670,15.8100004196,15.8699998856
2017.12.04,15.7500000000,15.7500000000,15.6300001144,15.6499996185
2017.12.05,15.6000003815,15.6800003052,15.5799999237,15.6499996185
2017.12.06,15.5699996948,15.5699996948,15.3100004196,15.3299999237
2017.12.07,15.3199996948,15.4099998474,15.3100004196,15.3999996185
2017.12.08,15.5399999619,15.5799999237,15.4399995804,15.5399999619
2017.12.11,15.5699996948,15.6700000763,15.5399999619,15.6099996567
2017.12.12,15.6499996185,15.6599998474,15.3999996185,15.4899997711
2017.12.13,15.5100002289,15.5200004578,15.3599996567,15.3999996185
2017.12.14,15.3299999237,15.5000000000,15.3100004196,15.5000000000
2017.12.15,15.5600004196,15.5600004196,15.4799995422,15.5299997330
2017.12.18,15.6000003815,15.6499996185,15.5000000000,15.5699996948
2017.12.19,15.6199998856,15.6599998474,15.5699996948,15.6300001144
2017.12.20,15.6800003052,15.7500000000,15.6499996185,15.7500000000
2017.12.21,15.7100000381,15.8199996948,15.6999998093,15.8000001907
2017.12.22,15.7899999619,15.8800001144,15.7500000000,15.8500003815
2017.12.26,15.9700002670,16.1900005341,15.9200000763,16.1299991608
2017.12.27,16.1299991608,16.1900005341,16.1299991608,16.1700000763
2017.12.28,16.2299995422,16.2700004578,16.2000007629,16.2700004578
2017.12.29,16.3299999237,16.3799991608,16.2800006866,16.2800006866
2018.01.02,16.4099998474,16.4099998474,16.2999992371,16.3700008392
2018.01.03,16.4500007629,16.5499992371,16.4099998474,16.5400009155
2018.01.04,16.5400009155,16.5799999237,16.5000000000,16.5400009155
2018.01.05,16.4300003052,16.4599990845,16.3600006104,16.3999996185
2018.01.08,16.4200000763,16.4500007629,16.3500003815,16.4300003052
2018.01.09,16.5000000000,16.6200008392,16.3999996185,16.5799999237
2018.01.10,16.6599998474,16.6800003052,16.6000003815,16.6399993896
2018.01.11,16.6900005341,16.7900009155,16.6700000763,16.6800003052
2018.01.12,16.6800003052,16.7999992371,16.6499996185,16.7999992371
2018.01.16,16.7199993134,16.7500000000,16.6499996185,16.7099990845
2018.01.17,16.6599998474,16.7800006866,16.6599998474,16.7600002289
2018.01.18,16.7399997711,16.7800006866,16.6599998474,16.7299995422
2018.01.19,16.6900005341,16.7500000000,16.6299991608,16.7000007629
2018.01.22,16.6900005341,16.7999992371,16.6700000763,16.7700004578
2018.01.23,16.7999992371,16.9099998474,16.7900009155,16.9099998474
2018.01.24,16.9200000763,17.1299991608,16.8999996185,17.1200008392
2018.01.25,17.1800003052,17.2199993134,16.9699993134,16.9899997711
2018.01.26,17.0400009155,17.1900005341,17.0200004578,17.1599998474
2018.01.29,17.0699996948,17.0900001526,16.9799995422,17.0400009155
2018.01.30,16.9799995422,16.9799995422,16.8500003815,16.8799991608
2018.01.31,16.8700008392,16.9200000763,16.7700004578,16.8899993896
2018.02.01,16.9599990845,17.1100006104,16.8999996185,17.1000003815
2018.02.02,16.9500007629,16.9500007629,16.7700004578,16.8700008392
2018.02.05,16.7700004578,17.0400009155,16.6000003815,17.0400009155
2018.02.06,16.5499992371,16.6800003052,16.5000000000,16.5599994659
2018.02.07,16.5499992371,16.6200008392,16.2000007629,16.2500000000
2018.02.08,16.2800006866,16.3099994659,16.0599994659,16.0699996948
2018.02.09,16.0000000000,16.0300006866,15.6499996185,15.8000001907
2018.02.12,15.9300003052,16.0000000000,15.8599996567,15.8800001144
2018.02.13,15.8199996948,15.9300003052,15.7700004578,15.9099998474
2018.02.14,15.8299999237,16.2000007629,15.7600002289,16.1700000763
2018.02.15,16.1100006104,16.2900009155,15.9899997711,16.2800006866
2018.02.16,16.2399997711,16.3600006104,16.2000007629,16.3099994659
2018.02.20,16.3500003815,16.4300003052,16.2900009155,16.3099994659
2018.02.21,16.2800006866,16.3799991608,16.2500000000,16.2700004578
2018.02.22,16.3400001526,16.5300006866,16.2999992371,16.4699993134
2018.02.23,16.5000000000,16.6299991608,16.4599990845,16.6299991608
2018.02.26,16.6299991608,16.7500000000,16.5699996948,16.7099990845
2018.02.27,16.6900005341,16.6900005341,16.5200004578,16.5300006866
2018.02.28,16.5599994659,16.6100006104,16.2700004578,16.2700004578
2018.03.01,16.2000007629,16.3099994659,16.0599994659,16.3099994659
2018.03.02,16.1900005341,16.2999992371,16.0799999237,16.2900009155
2018.03.05,16.2299995422,16.4899997711,16.2000007629,16.4799995422
2018.03.06,16.5400009155,16.5400009155,16.4300003052,16.4500007629
2018.03.07,16.3999996185,16.4500007629,16.1599998474,16.2600002289
2018.03.08,16.2299995422,16.2900009155,16.0699996948,16.1299991608
2018.03.09,16.2099990845,16.3600006104,16.1700000763,16.3400001526
2018.03.12,16.2800006866,16.2900009155,16.1200008392,16.2199993134
2018.03.13,16.2000007629,16.3500003815,16.1299991608,16.1800003052
2018.03.14,16.2199993134,16.2700004578,16.1200008392,16.2000007629
2018.03.15,16.2399997711,16.2800006866,16.1800003052,16.2299995422
2018.03.16,16.2099990845,16.3700008392,16.1700000763,16.3400001526
2018.03.19,16.2900009155,16.3199996948,16.1399993896,16.2299995422
2018.03.20,16.3700008392,16.4699993134,16.3400001526,16.3899993896
2018.03.21,16.5300006866,16.7500000000,16.5000000000,16.7199993134
2018.03.22,16.5799999237,16.6000003815,16.5100002289,16.5200004578
2018.03.23,16.6100006104,16.7500000000,16.5799999237,16.7199993134
2018.03.26,16.7099990845,16.7399997711,16.6299991608,16.6800003052
2018.03.27,16.7299995422,16.7500000000,16.5699996948,16.5900001526
2018.03.28,16.5400009155,16.6200008392,16.4400005341,16.5599994659
2018.03.29,16.5400009155,16.7199993134,16.5200004578,16.6499996185
2018.04.02,16.6000003815,16.6000003815,16.3500003815,16.3799991608
2018.04.03,16.4500007629,16.5000000000,16.3999996185,16.4400005341
2018.04.04,16.1100006104,16.4500007629,16.0200004578,16.4300003052
2018.04.05,16.4300003052,16.5300006866,16.3899993896,16.5000000000
2018.04.06,16.4899997711,16.5499992371,16.2600002289,16.2999992371
2018.04.09,16.4500007629,16.6100006104,16.4500007629,16.5699996948
2018.04.10,16.7700004578,16.9799995422,16.7700004578,16.9599990845
2018.04.11,16.9799995422,17.2199993134,16.9699993134,17.0799999237
2018.04.12,17.0000000000,17.1599998474,16.9799995422,17.1499996185
2018.04.13,17.1700000763,17.2199993134,17.1399993896,17.1800003052
2018.04.16,17.1700000763,17.1900005341,17.0400009155,17.0799999237
2018.04.17,17.0200004578,17.0900001526,16.9599990845,17.0699996948
2018.04.18,17.3400001526,17.5000000000,17.2999992371,17.4699993134
2018.04.19,17.5200004578,17.5499992371,17.3600006104,17.3899993896
2018.04.20,17.2800006866,17.4300003052,17.2299995422,17.3799991608
2018.04.23,17.2299995422,17.4500007629,17.1900005341,17.4400005341
2018.04.24,17.3799991608,17.4899997711,17.2399997711,17.2700004578
2018.04.25,17.2600002289,17.3400001526,17.2000007629,17.3299999237
2018.04.26,17.4400005341,17.4400005341,17.3199996948,17.3999996185
2018.04.27,17.3600006104,17.3999996185,17.2999992371,17.3700008392
2018.04.30,17.2900009155,17.5699996948,17.2700004578,17.4200000763
2018.05.01,17.3799991608,17.3799991608,17.2099990845,17.3099994659
2018.05.02,17.2700004578,17.3899993896,17.2299995422,17.3299999237
2018.05.03,17.2800006866,17.4500007629,17.2399997711,17.4500007629
2018.05.04,17.4200000763,17.6499996185,17.4200000763,17.6200008392
2018.05.07,17.7099990845,17.7600002289,17.5599994659,17.6000003815
2018.05.08,17.6800003052,17.7199993134,17.2800006866,17.6499996185
2018.05.09,17.7600002289,17.8899993896,17.7399997711,17.8500003815
2018.05.10,17.8600006104,17.9300003052,17.7600002289,17.9099998474
2018.05.11,17.8799991608,17.8799991608,17.7700004578,17.7800006866
2018.05.14,17.7999992371,17.9099998474,17.7999992371,17.9099998474
2018.05.15,17.8799991608,17.9500007629,17.7800006866,17.8999996185
2018.05.16,17.8600006104,18.0000000000,17.8400001526,17.9799995422
2018.05.17,18.0300006866,18.1599998474,17.9899997711,18.0300006866
2018.05.18,18.0200004578,18.0799999237,17.9599990845,17.9799995422
2018.05.21,18.0499992371,18.1599998474,18.0000000000,18.1499996185
2018.05.22,18.2299995422,18.3099994659,18.1399993896,18.1599998474
2018.05.23,18.1299991608,18.2099990845,18.0300006866,18.1800003052
2018.05.24,18.2299995422,18.2299995422,18.0599994659,18.0699996948
2018.05.25,17.8400001526,17.8400001526,17.6599998474,17.7199993134
2018.05.29,17.6000003815,17.7099990845,17.4400005341,17.5400009155
2018.05.30,17.5799999237,17.8299999237,17.5799999237,17.8299999237
2018.05.31,17.7900009155,17.8899993896,17.6200008392,17.6900005341
2018.06.01,17.5699996948,17.6100006104,17.5000000000,17.5100002289
2018.06.04,17.4799995422,17.5000000000,17.2900009155,17.3199996948
2018.06.05,17.2000007629,17.3700008392,17.1800003052,17.3500003815
2018.06.06,17.3500003815,17.4200000763,17.2600002289,17.3899993896
2018.06.07,17.4899997711,17.5599994659,17.4500007629,17.5499992371
2018.06.08,17.4699993134,17.5699996948,17.4400005341,17.5200004578
2018.06.11,17.3999996185,17.5499992371,17.3999996185,17.4799995422
2018.06.12,17.4599990845,17.5599994659,17.4500007629,17.5100002289
2018.06.13,17.4799995422,17.6000003815,17.4500007629,17.5900001526
2018.06.14,17.5599994659,17.5599994659,17.3899993896,17.4300003052
2018.06.15,17.3099994659,17.3099994659,17.0200004578,17.0300006866
2018.06.18,17.0900001526,17.2199993134,17.0499992371,17.1900005341
2018.06.19,16.9599990845,17.0400009155,16.8700008392,17.0300006866
2018.06.20,17.1299991608,17.1299991608,16.9400005341,17.0300006866
2018.06.21,16.9099998474,17.0400009155,16.8899993896,16.9699993134
2018.06.22,17.2800006866,17.3999996185,17.1499996185,17.3999996185
2018.06.25,17.2700004578,17.2700004578,17.0900001526,17.1399993896
2018.06.26,17.2000007629,17.4400005341,17.1000003815,17.3999996185
2018.06.27,17.5699996948,17.7399997711,17.5599994659,17.6299991608
2018.06.28,17.6700000763,17.8099994659,17.6599998474,17.6700000763
2018.06.29,17.7900009155,17.9599990845,17.7900009155,17.9099998474
2018.07.02,17.8500003815,17.8500003815,17.6399993896,17.6599998474
2018.07.03,17.8199996948,17.8600006104,17.5400009155,17.6599998474
2018.07.05,17.6200008392,17.7800006866,17.5699996948,17.6299991608
2018.07.06,17.5200004578,17.7000007629,17.4799995422,17.6800003052
2018.07.09,17.7299995422,17.7700004578,17.6399993896,17.7600002289
2018.07.10,17.7900009155,17.8600006104,17.6800003052,17.7500000000
2018.07.11,17.5900001526,17.5900001526,16.9500007629,17.0300006866
2018.07.12,17.0400009155,17.1399993896,16.8999996185,17.1200008392
2018.07.13,17.1000003815,17.2999992371,17.0900001526,17.1800003052
2018.07.16,16.9699993134,16.9699993134,16.7099990845,16.7800006866
2018.07.17,16.7299995422,16.8600006104,16.6900005341,16.7900009155
2018.07.18,16.7299995422,16.9400005341,16.6800003052,16.8999996185
2018.07.19,16.8500003815,17.0200004578,16.8099994659,16.8999996185
2018.07.20,16.9699993134,17.0400009155,16.9300003052,16.9899997711
2018.07.23,17.1000003815,17.1499996185,16.9599990845,17.0200004578
2018.07.24,17.0200004578,17.2099990845,17.0200004578,17.1000003815
2018.07.25,17.2099990845,17.3400001526,17.1299991608,17.3400001526
2018.07.26,17.3099994659,17.3999996185,17.2900009155,17.3500003815
2018.07.27,17.3600006104,17.3899993896,17.2000007629,17.2800006866
2018.07.30,17.4099998474,17.5000000000,17.3899993896,17.4099998474
2018.07.31,17.3999996185,17.3999996185,17.2500000000,17.2600002289
2018.08.01,17.0599994659,17.1499996185,16.9599990845,17.0300006866
2018.08.02,16.9799995422,17.2199993134,16.9500007629,17.1800003052
2018.08.03,17.1599998474,17.2399997711,17.0900001526,17.2000007629
2018.08.06,17.2199993134,17.3700008392,17.2099990845,17.2299995422
2018.08.07,17.3400001526,17.3999996185,17.2999992371,17.3099994659
2018.08.08,17.2700004578,17.2700004578,16.9500007629,17.0100002289
2018.08.09,17.0599994659,17.1100006104,16.9599990845,16.9699993134
2018.08.10,17.0200004578,17.1599998474,16.9899997711,17.0200004578
2018.08.13,16.9400005341,16.9899997711,16.7000007629,16.9500007629
2018.08.14,17.1100006104,17.1100006104,16.8899993896,16.9400005341
2018.08.15,16.7800006866,16.7800006866,16.4899997711,16.5599994659
2018.08.16,16.6499996185,16.7099990845,16.6200008392,16.7000007629
2018.08.17,16.8299999237,16.8799991608,16.7099990845,16.8199996948
2018.08.20,16.8299999237,16.8799991608,16.7800006866,16.8299999237
2018.08.21,16.9400005341,16.9699993134,16.8500003815,16.8899993896
2018.08.22,17.0799999237,17.1700000763,16.9799995422,17.1299991608
2018.08.23,17.0900001526,17.1200008392,17.0200004578,17.0799999237
2018.08.24,17.3099994659,17.3500003815,17.1900005341,17.2399997711
2018.08.27,17.2700004578,17.3199996948,17.2500000000,17.3199996948
2018.08.28,17.3600006104,17.3799991608,17.2000007629,17.2299995422
2018.08.29,17.3299999237,17.4599990845,17.2700004578,17.4599990845
2018.08.30,17.4799995422,17.5000000000,17.3999996185,17.4400005341
2018.08.31,17.4899997711,17.5400009155,17.4300003052,17.4400005341
2018.09.04,17.5200004578,17.5300006866,17.3099994659,17.3600006104
2018.09.05,17.3400001526,17.3799991608,17.2299995422,17.2600002289
2018.09.06,17.2999992371,17.3099994659,17.0000000000,17.1399993896
2018.09.07,17.0300006866,17.1900005341,17.0100002289,17.1900005341
2018.09.10,17.2900009155,17.3199996948,17.1700000763,17.2000007629
2018.09.11,17.2099990845,17.4200000763,17.1700000763,17.3999996185
2018.09.12,17.4799995422,17.6399993896,17.4799995422,17.5100002289
2018.09.13,17.4500007629,17.4599990845,17.2399997711,17.3099994659
2018.09.14,17.2999992371,17.4099998474,17.1700000763,17.2800006866
2018.09.17,17.3400001526,17.3799991608,17.2099990845,17.2399997711
2018.09.18,17.4099998474,17.5200004578,17.3400001526,17.4300003052
2018.09.19,17.4500007629,17.5799999237,17.3999996185,17.5699996948
2018.09.20,17.6299991608,17.6299991608,17.4899997711,17.5499992371
2018.09.21,17.7299995422,17.7800006866,17.5300006866,17.6299991608
2018.09.24,17.8299999237,17.9400005341,17.8199996948,17.8899993896
2018.09.25,17.9899997711,18.0000000000,17.8999996185,17.9500007629
2018.09.26,17.8700008392,17.9500007629,17.8299999237,17.8299999237
2018.09.27,17.9099998474,17.9400005341,17.8500003815,17.9300003052
2018.09.28,17.9400005341,18.1800003052,17.9400005341,18.1100006104
2018.10.01,18.1200008392,18.5300006866,18.1200008392,18.5000000000
2018.10.02,18.5300006866,18.5799999237,18.4799995422,18.5300006866
2018.10.03,18.5400009155,18.8099994659,18.4300003052,18.7199993134
2018.10.04,18.7099990845,18.7099990845,18.3600006104,18.4599990845
2018.10.05,18.4200000763,18.5200004578,18.3700008392,18.4200000763
2018.10.08,18.2900009155,18.3999996185,18.2500000000,18.3899993896
2018.10.09,18.4699993134,18.5499992371,18.3400001526,18.5200004578
2018.10.10,18.4699993134,18.4699993134,18.1200008392,18.1299991608
2018.10.11,18.0000000000,18.0300006866,17.7800006866,17.8299999237
2018.10.12,17.9699993134,18.0100002289,17.7800006866,17.9400005341
2018.10.15,17.9899997711,18.0599994659,17.8899993896,18.0200004578
2018.10.16,18.0000000000,18.1499996185,17.9500007629,18.0799999237
2018.10.17,18.0100002289,18.0100002289,17.7700004578,17.8600006104
2018.10.18,17.6599998474,17.7600002289,17.6100006104,17.6200008392
2018.10.19,17.7800006866,17.8400001526,17.6900005341,17.7500000000
2018.10.22,17.7099990845,17.7800006866,17.6100006104,17.7800006866
2018.10.23,17.5000000000,17.5200004578,17.2099990845,17.3099994659
2018.10.24,17.3999996185,17.4699993134,17.2199993134,17.2399997711
2018.10.25,17.3199996948,17.4200000763,17.2900009155,17.3299999237
2018.10.26,17.2500000000,17.5300006866,17.2199993134,17.5000000000
2018.10.29,17.4200000763,17.4500007629,17.2500000000,17.2800006866
2018.10.30,17.1399993896,17.2800006866,17.0900001526,17.1800003052
2018.10.31,17.1499996185,17.2399997711,16.9799995422,16.9899997711
2018.11.01,17.0699996948,17.0900001526,16.7700004578,16.8199996948
2018.11.02,16.7999992371,16.8899993896,16.7299995422,16.7999992371
2018.11.05,16.9599990845,17.0000000000,16.7900009155,16.7999992371
2018.11.06,16.8400001526,16.8799991608,16.5699996948,16.7000007629
2018.11.07,16.7999992371,16.8199996948,16.5900001526,16.6800003052
2018.11.08,16.6100006104,16.6599998474,16.4699993134,16.5000000000
2018.11.09,16.3099994659,16.4500007629,16.2299995422,16.3500003815
2018.11.12,16.4799995422,16.5799999237,16.2500000000,16.2800006866
2018.11.13,16.2199993134,16.2800006866,15.7100000381,15.7700004578
2018.11.14,16.0699996948,16.2099990845,16.0100002289,16.1000003815
2018.11.15,16.0799999237,16.1399993896,15.9399995804,15.9499998093
2018.11.16,16.1700000763,16.2800006866,15.9499998093,16.1399993896
2018.11.19,16.0200004578,16.2299995422,15.8900003433,16.1700000763
2018.11.20,15.9300003052,16.0000000000,15.4099998474,15.5399999619
2018.11.21,15.6800003052,15.8999996185,15.6300001144,15.6599998474
2018.11.23,15.1599998474,15.2100000381,15.0299997330,15.1400003433
2018.11.26,15.1400003433,15.2299995422,15.1199998856,15.1700000763
2018.11.27,15.1599998474,15.2200002670,14.9300003052,15.1199998856
2018.11.28,15.1000003815,15.2399997711,15.0000000000,15.0299997330
2018.11.29,15.1400003433,15.2799997330,15.0699996948,15.1700000763
2018.11.30,15.0000000000,15.2100000381,14.8900003433,15.1099996567
2018.12.03,15.4899997711,15.5200004578,15.3100004196,15.4600000381
2018.12.04,15.5399999619,15.6099996567,15.4499998093,15.4600000381
2018.12.06,15.4600000381,15.4600000381,14.9700002670,15.2500000000
2018.12.07,15.6000003815,15.7299995422,15.4300003052,15.4700002670
2018.12.10,15.3000001907,15.3800001144,15.1300001144,15.1700000763
2018.12.11,15.3599996567,15.3800001144,15.1700000763,15.2500000000
2018.12.12,15.3000001907,15.3800001144,15.1300001144,15.1400003433
2018.12.13,15.1300001144,15.4300003052,15.0900001526,15.3900003433
2018.12.14,15.2799997330,15.2799997330,15.0600004196,15.0900001526
2018.12.17,15.1000003815,15.1199998856,14.7600002289,14.7899999619
2018.12.18,14.7600002289,14.7899999619,14.3400001526,14.3999996185
2018.12.19,14.4600000381,14.6499996185,14.4200000763,14.4700002670
2018.12.20,14.3900003433,14.4799995422,14.1999998093,14.2700004578
2018.12.21,14.1099996567,14.2100000381,14.0500001907,14.1000003815
2018.12.24,14.0200004578,14.0600004196,13.8500003815,13.8599996567
2018.12.26,13.6899995804,14.2899999619,13.5000000000,14.2700004578
2018.12.27,14.0100002289,14.0799999237,13.8900003433,14.0699996948
2018.12.28,13.9399995804,14.0299997330,13.8599996567,13.9700002670
2018.12.31,14.0200004578,14.0299997330,13.8199996948,14.0200004578
2019.01.02,13.8199996948,14.3199996948,13.7799997330,14.0900001526
2019.01.03,14.2299995422,14.2399997711,13.9700002670,14.2399997711
2019.01.04,14.4499998093,14.5900001526,14.3599996567,14.4499998093
2019.01.07,14.5299997330,14.6999998093,14.4899997711,14.5100002289
2019.01.08,14.6499996185,14.7399997711,14.5900001526,14.6999998093
2019.01.09,14.9399995804,15.1300001144,14.8400001526,15.1099996567
2019.01.10,15.0000000000,15.1300001144,14.9499998093,15.1000003815
2019.01.11,15.0500001907,15.1000003815,14.9200000763,15.0100002289
2019.01.14,14.9499998093,15.0399999619,14.8400001526,14.8699998856
2019.01.15,14.9899997711,15.0699996948,14.9499998093,15.0299997330
2019.01.16,15.0799999237,15.1199998856,14.9799995422,15.1000003815
2019.01.17,15.0100002289,15.1700000763,14.9200000763,15.1400003433
2019.01.18,15.1700000763,15.3599996567,15.1199998856,15.3199996948
2019.01.22,15.1400003433,15.1700000763,14.9899997711,15.1300001144
2019.01.23,15.1899995804,15.1999998093,14.9700002670,15.1000003815
2019.01.24,15.0699996948,15.1700000763,15.0500001907,15.1400003433
2019.01.25,15.1499996185,15.2399997711,15.1099996567,15.2200002670
2019.01.28,14.9499998093,14.9600000381,14.8400001526,14.9200000763
2019.01.29,15.0600004196,15.1999998093,15.0600004196,15.1300001144
2019.01.30,15.2700004578,15.3500003815,15.2100000381,15.2700004578
2019.01.31,15.3800001144,15.4200000763,15.1199998856,15.1899995804
2019.02.01,15.2100000381,15.4099998474,15.2100000381,15.3999996185
2019.02.04,15.2399997711,15.3800001144,15.1199998856,15.3699998856
2019.02.05,15.2500000000,15.3599996567,15.2200002670,15.2700004578
2019.02.06,15.1800003052,15.3500003815,15.1599998474,15.3000001907
2019.02.07,15.2399997711,15.2600002289,14.9600000381,15.0900001526
2019.02.08,15.1700000763,15.1700000763,15.0299997330,15.1300001144
2019.02.11,15.0000000000,15.0699996948,14.9099998474,15.0399999619
2019.02.12,15.2600002289,15.2799997330,15.1300001144,15.1599998474
2019.02.13,15.2500000000,15.3500003815,15.2500000000,15.3000001907
2019.02.14,15.2600002289,15.3800001144,15.1999998093,15.3800001144
2019.02.15,15.5200004578,15.6599998474,15.4899997711,15.6599998474
2019.02.19,15.5799999237,15.6599998474,15.5399999619,15.6400003433
2019.02.20,15.5799999237,15.8000001907,15.5799999237,15.7399997711
2019.02.21,15.8000001907,15.8000001907,15.7200002670,15.7899999619
2019.02.22,15.8999996185,15.8999996185,15.8000001907,15.8199996948
2019.02.25,15.6800003052,15.6899995804,15.4700002670,15.5000000000
2019.02.26,15.5100002289,15.6000003815,15.5000000000,15.5799999237
2019.02.27,15.6599998474,15.7899999619,15.6300001144,15.7399997711
2019.02.28,15.7500000000,15.7899999619,15.6700000763,15.7200002670
2019.03.01,15.7200002670,15.7600002289,15.4600000381,15.5399999619
2019.03.04,15.6599998474,15.7299995422,15.5200004578,15.6099996567
2019.03.05,15.6999998093,15.6999998093,15.5799999237,15.6599998474
2019.03.06,15.6300001144,15.6400003433,15.5100002289,15.5900001526
2019.03.07,15.6300001144,15.6599998474,15.5699996948,15.6099996567
2019.03.08,15.3699998856,15.5699996948,15.2899999619,15.5699996948
2019.03.11,15.6499996185,15.6599998474,15.5600004196,15.6300001144
2019.03.12,15.7200002670,15.7500000000,15.6300001144,15.6800003052
2019.03.13,15.7600002289,15.8800001144,15.7600002289,15.8699998856
2019.03.14,15.8900003433,15.9300003052,15.8400001526,15.8500003815
2019.03.15,15.7299995422,15.8999996185,15.7299995422,15.8699998856
2019.03.18,15.9499998093,15.9899997711,15.8699998856,15.9899997711
2019.03.19,16.0300006866,16.0599994659,15.9099998474,15.9700002670
2019.03.20,16.0000000000,16.1800003052,15.9700002670,16.1800003052
2019.03.21,16.1100006104,16.1599998474,16.0599994659,16.1000003815
2019.03.22,15.9899997711,16.0200004578,15.8400001526,15.9399995804
2019.03.25,15.9200000763,16.0400009155,15.8500003815,15.9799995422
2019.03.26,16.1100006104,16.1399993896,16.0400009155,16.0799999237
2019.03.27,16.0799999237,16.0799999237,15.8800001144,15.9700002670
2019.03.28,15.7899999619,15.9399995804,15.7899999619,15.9300003052
2019.03.29,16.0699996948,16.0799999237,15.9300003052,15.9499998093
2019.04.01,16.0499992371,16.1900005341,16.0499992371,16.1800003052
2019.04.02,16.1800003052,16.3099994659,16.1700000763,16.2999992371
2019.04.03,16.2999992371,16.3400001526,16.2399997711,16.3299999237
2019.04.04,16.3199996948,16.4200000763,16.2600002289,16.3299999237
2019.04.05,16.3299999237,16.4799995422,16.3299999237,16.4699993134
2019.04.08,16.5200004578,16.6000003815,16.5200004578,16.6000003815
2019.04.09,16.5799999237,16.5799999237,16.4799995422,16.5200004578
2019.04.10,16.5799999237,16.6800003052,16.5599994659,16.6399993896
2019.04.11,16.6000003815,16.6299991608,16.4699993134,16.5300006866
2019.04.12,16.6200008392,16.6599998474,16.5599994659,16.6200008392
2019.04.15,16.5300006866,16.5699996948,16.4899997711,16.5499992371
2019.04.16,16.5000000000,16.5799999237,16.4400005341,16.5699996948
2019.04.17,16.5799999237,16.6000003815,16.4799995422,16.4899997711
2019.04.18,16.5499992371,16.5499992371,16.4599990845,16.5499992371
2019.04.22,16.7299995422,16.8299999237,16.7199993134,16.7600002289
2019.04.23,16.7600002289,16.8199996948,16.7399997711,16.7900009155
2019.04.24,16.7800006866,16.7900009155,16.6800003052,16.6900005341
2019.04.25,16.6900005341,16.7099990845,16.5699996948,16.5900001526
2019.04.26,16.5000000000,16.5000000000,16.2299995422,16.3099994659
2019.04.29,16.3500003815,16.3899993896,16.2800006866,16.3500003815
2019.04.30,16.4699993134,16.4699993134,16.3199996948,16.3899993896
2019.05.01,16.4200000763,16.4200000763,16.2700004578,16.3999996185
2019.05.02,16.2299995422,16.2299995422,16.0499992371,16.1399993896
2019.05.03,16.2099990845,16.2900009155,16.1700000763,16.1700000763
2019.05.06,16.0699996948,16.2700004578,16.0499992371,16.2500000000
2019.05.07,16.0300006866,16.0699996948,15.8999996185,15.9600000381
2019.05.08,15.9799995422,16.1100006104,15.9600000381,16.0400009155
2019.05.09,15.9700002670,16.0000000000,15.8500003815,15.9600000381
2019.05.10,15.9600000381,16.0599994659,15.9600000381,16.0100002289
2019.05.13,16.1800003052,16.2000007629,15.8500003815,15.8599996567
2019.05.14,16.0200004578,16.1499996185,16.0200004578,16.0900001526
2019.05.15,16.0900001526,16.2800006866,16.0900001526,16.2399997711
2019.05.16,16.3700008392,16.4699993134,16.3600006104,16.4400005341
2019.05.17,16.3899993896,16.4400005341,16.2800006866,16.3099994659
2019.05.20,16.3700008392,16.4500007629,16.3099994659,16.3400001526
2019.05.21,16.3799991608,16.3999996185,16.2999992371,16.3400001526
2019.05.22,16.2399997711,16.2700004578,16.0300006866,16.0499992371
2019.05.23,15.8000001907,15.8000001907,15.5299997330,15.6199998856
2019.05.24,15.7600002289,15.8000001907,15.5900001526,15.8000001907
2019.05.28,15.9799995422,15.9899997711,15.8699998856,15.8999996185
2019.05.29,15.8400001526,15.8999996185,15.6599998474,15.8599996567
2019.05.30,15.8699998856,15.8800001144,15.5200004578,15.5600004196
2019.05.31,15.3000001907,15.3699998856,14.9700002670,15.0100002289
2019.06.03,15.1400003433,15.1599998474,14.8800001144,14.8999996185
2019.06.04,14.9499998093,15.0600004196,14.8800001144,15.0500001907
2019.06.05,14.9399995804,14.9399995804,14.5900001526,14.7299995422
2019.06.06,14.7399997711,15.0000000000,14.6800003052,15.0000000000
2019.06.07,14.8999996185,15.1099996567,14.8800001144,15.0399999619
2019.06.10,15.0000000000,15.1199998856,14.9499998093,15.0000000000
2019.06.11,15.0299997330,15.1000003815,14.9700002670,15.0600004196
2019.06.12,14.8999996185,14.9499998093,14.7100000381,14.7399997711
2019.06.13,15.0699996948,15.0699996948,14.8699998856,14.9499998093
2019.06.14,15.0100002289,15.0900001526,14.9600000381,15.0299997330
2019.06.17,14.9799995422,15.0399999619,14.8999996185,14.9399995804
2019.06.18,15.0000000000,15.2500000000,14.9899997711,15.1800003052
2019.06.19,15.0600004196,15.1999998093,15.0500001907,15.1899995804
2019.06.20,15.4600000381,15.5799999237,15.4300003052,15.5299997330
2019.06.21,15.5799999237,15.6300001144,15.5500001907,15.6000003815
2019.06.24,15.6199998856,15.6599998474,15.5000000000,15.6400003433
2019.06.25,15.7100000381,15.7600002289,15.6400003433,15.6700000763
2019.06.26,15.8500003815,16.0000000000,15.8299999237,15.8800001144
2019.06.27,15.9099998474,15.9399995804,15.8599996567,15.8800001144
2019.06.28,15.9300003052,15.9499998093,15.6000003815,15.6499996185
2019.07.01,15.9200000763,15.9200000763,15.6000003815,15.7200002670
2019.07.02,15.6499996185,15.6899995804,15.2899999619,15.3299999237
2019.07.03,15.4499998093,15.5000000000,15.3900003433,15.4899997711
2019.07.05,15.5299997330,15.6199998856,15.5200004578,15.6099996567
2019.07.08,15.6599998474,15.7299995422,15.5399999619,15.5399999619
2019.07.09,15.5100002289,15.6400003433,15.4899997711,15.6400003433
2019.07.10,15.8999996185,16.1000003815,15.8900003433,16.0699996948
2019.07.11,16.1000003815,16.1499996185,16.0300006866,16.1000003815
2019.07.12,16.0900001526,16.1599998474,16.0599994659,16.1399993896
2019.07.15,16.1499996185,16.1499996185,15.9200000763,15.9399995804
2019.07.16,15.9499998093,16.0200004578,15.5799999237,15.7299995422
2019.07.17,15.7899999619,15.7899999619,15.5299997330,15.5500001907
2019.07.18,15.5299997330,15.5500001907,15.2200002670,15.3900003433
2019.07.19,15.4200000763,15.5299997330,15.3400001526,15.5200004578
2019.07.22,15.4700002670,15.5200004578,15.4399995804,15.4899997711
2019.07.23,15.4799995422,15.6099996567,15.3999996185,15.5799999237
2019.07.24,15.6300001144,15.7200002670,15.3999996185,15.4899997711
2019.07.25,15.5699996948,15.6099996567,15.4399995804,15.4399995804
2019.07.26,15.4300003052,15.5000000000,15.3999996185,15.4399995804
2019.07.29,15.5100002289,15.5500001907,15.3999996185,15.5500001907
2019.07.30,15.5399999619,15.6800003052,15.5100002289,15.6499996185
2019.07.31,15.7299995422,15.7600002289,15.5500001907,15.5799999237
2019.08.01,15.4600000381,15.4700002670,14.8699998856,15.0000000000
2019.08.02,15.1999998093,15.2200002670,15.0600004196,15.0699996948
2019.08.05,14.6999998093,15.0399999619,14.6999998093,14.9099998474
2019.08.06,14.9899997711,15.0000000000,14.7299995422,14.7799997330
2019.08.07,14.5399999619,14.5900001526,14.3299999237,14.5600004196
2019.08.08,14.6000003815,14.7200002670,14.5399999619,14.6800003052
2019.08.09,14.8500003815,14.9399995804,14.8299999237,14.8500003815
2019.08.12,14.8800001144,14.8999996185,14.7100000381,14.7399997711
2019.08.13,14.6000003815,15.1199998856,14.5799999237,15.0299997330
2019.08.14,14.7899999619,14.8599996567,14.6499996185,14.7600002289
2019.08.15,14.7100000381,14.7799997330,14.6300001144,14.6899995804
2019.08.16,14.6700000763,14.7600002289,14.6700000763,14.7200002670
2019.08.19,14.7899999619,14.8800001144,14.7700004578,14.8599996567
2019.08.20,14.8500003815,14.9200000763,14.7500000000,14.8699998856
2019.08.21,15.0100002289,15.0500001907,14.8599996567,14.8999996185
2019.08.22,14.9099998474,14.9600000381,14.7500000000,14.8100004196
2019.08.23,14.6300001144,14.7399997711,14.5100002289,14.6000003815
2019.08.26,14.7700004578,14.8100004196,14.5799999237,14.6099996567
2019.08.27,14.6999998093,14.7600002289,14.6000003815,14.7399997711
2019.08.28,14.9399995804,14.9899997711,14.8599996567,14.9300003052
2019.08.29,14.9300003052,15.0600004196,14.9200000763,15.0200004578
2019.08.30,15.0000000000,15.0000000000,14.7100000381,14.8199996948
2019.09.03,14.5200004578,14.6499996185,14.4799995422,14.6300001144
2019.09.04,14.8699998856,15.0900001526,14.8699998856,15.0500001907
2019.09.05,15.1400003433,15.2600002289,15.0100002289,15.0399999619
2019.09.06,14.8699998856,15.1300001144,14.8400001526,15.0600004196
2019.09.09,15.1700000763,15.3199996948,15.1700000763,15.2799997330
2019.09.10,15.3100004196,15.4200000763,15.2600002289,15.3000001907
2019.09.11,15.3199996948,15.3599996567,15.0299997330,15.1099996567
2019.09.12,14.8299999237,15.0399999619,14.8000001907,15.0299997330
2019.09.13,15.0799999237,15.0900001526,15.0200004578,15.0500001907
2019.09.16,15.8100004196,16.2600002289,15.7799997330,16.0699996948
2019.09.17,16.0300006866,16.1100006104,15.5200004578,15.6000003815
2019.09.18,15.5100002289,15.5900001526,15.4300003052,15.5000000000
2019.09.19,15.6199998856,15.6700000763,15.5399999619,15.6000003815
2019.09.20,15.6400003433,15.6599998474,15.4899997711,15.5699996948
2019.09.23,15.5799999237,15.6400003433,15.5100002289,15.6199998856
2019.09.24,15.5399999619,15.5500001907,15.3500003815,15.3599996567
2019.09.25,15.1899995804,15.3299999237,15.1599998474,15.3299999237
2019.09.26,15.2799997330,15.3500003815,15.1499996185,15.3199996948
2019.09.27,15.1599998474,15.3500003815,15.1400003433,15.2100000381
2019.09.30,15.1300001144,15.1999998093,15.0000000000,15.0500001907
2019.10.01,15.1000003815,15.1000003815,14.9099998474,14.9799995422
2019.10.02,14.9700002670,14.9700002670,14.7100000381,14.7799997330
2019.10.03,14.6499996185,14.8199996948,14.5600004196,14.7899999619
2019.10.04,14.9099998474,14.9499998093,14.7899999619,14.8800001144
2019.10.07,14.9499998093,15.0299997330,14.8400001526,14.8800001144
2019.10.08,14.7399997711,14.9099998474,14.7299995422,14.8400001526
2019.10.09,15.0500001907,15.0699996948,14.8900003433,14.9200000763
2019.10.10,15.0299997330,15.0399999619,14.9399995804,15.0100002289
2019.10.11,15.0799999237,15.2799997330,15.0799999237,15.2600002289
2019.10.14,15.0799999237,15.1400003433,15.0200004578,15.0900001526
2019.10.15,15.0699996948,15.1700000763,15.0200004578,15.0500001907
2019.10.16,15.0000000000,15.1599998474,15.0000000000,15.1199998856
2019.10.17,15.0799999237,15.1999998093,15.0299997330,15.1999998093
2019.10.18,15.1999998093,15.2500000000,15.0900001526,15.1599998474
2019.10.21,15.0200004578,15.1199998856,15.0100002289,15.0900001526
2019.10.22,15.1999998093,15.2600002289,15.1199998856,15.1499996185
2019.10.23,15.1000003815,15.4099998474,15.1000003815,15.3900003433
2019.10.24,15.3900003433,15.5000000000,15.3900003433,15.4700002670
2019.10.25,15.4399995804,15.5399999619,15.3599996567,15.5299997330
2019.10.28,15.5600004196,15.5699996948,15.3999996185,15.4600000381
2019.10.29,15.3400001526,15.5000000000,15.3100004196,15.4099998474
2019.10.30,15.4200000763,15.4499998093,15.3000001907,15.3199996948
2019.10.31,15.2299995422,15.2600002289,15.1099996567,15.1700000763
2019.11.01,15.3199996948,15.5699996948,15.3199996948,15.5500001907
2019.11.04,15.6899995804,15.7500000000,15.6199998856,15.6499996185
2019.11.05,15.6999998093,15.7700004578,15.6899995804,15.7500000000
2019.11.06,15.7500000000,15.8000001907,15.5200004578,15.5799999237
2019.11.07,15.6800003052,15.6999998093,15.5600004196,15.5699996948
2019.11.08,15.4200000763,15.6499996185,15.3500003815,15.6400003433
2019.11.11,15.4700002670,15.6000003815,15.4499998093,15.5100002289
2019.11.12,15.5399999619,15.5900001526,15.4700002670,15.5200004578
2019.11.13,15.4499998093,15.5799999237,15.4300003052,15.5500001907
2019.11.14,15.6000003815,15.6099996567,15.4600000381,15.5100002289
2019.11.15,15.4700002670,15.6599998474,15.4700002670,15.6099996567
2019.11.18,15.5000000000,15.5299997330,15.3699998856,15.3900003433
2019.11.19,15.2899999619,15.3100004196,15.1700000763,15.2100000381
2019.11.20,15.3000001907,15.4700002670,15.2399997711,15.4099998474
2019.11.21,15.4899997711,15.6400003433,15.4899997711,15.6199998856
2019.11.22,15.6300001144,15.6599998474,15.5100002289,15.5799999237
2019.11.25,15.5299997330,15.6199998856,15.4899997711,15.6099996567
2019.11.26,15.6199998856,15.6899995804,15.5699996948,15.6700000763
2019.11.27,15.6599998474,15.6800003052,15.5500001907,15.6000003815
2019.11.29,15.4600000381,15.4600000381,15.2100000381,15.2299995422
2019.12.02,15.3500003815,15.3800001144,15.2299995422,15.2600002289
2019.12.03,15.2399997711,15.3699998856,15.1899995804,15.2899999619
2019.12.04,15.5000000000,15.6000003815,15.4899997711,15.5699996948
2019.12.05,15.6300001144,15.6800003052,15.5600004196,15.5900001526
2019.12.06,15.5500001907,15.8000001907,15.5500001907,15.7100000381
2019.12.09,15.6400003433,15.7100000381,15.6199998856,15.6800003052
2019.12.10,15.6899995804,15.7600002289,15.6800003052,15.7600002289
2019.12.11,15.6899995804,15.7399997711,15.5600004196,15.6700000763
2019.12.12,15.6999998093,15.8500003815,15.6800003052,15.8100004196
2019.12.13,15.8800001144,16.0200004578,15.8299999237,15.8800001144
2019.12.16,16.0200004578,16.0799999237,16.0200004578,16.0599994659
2019.12.17,15.9700002670,16.1800003052,15.9700002670,16.1499996185
2019.12.18,16.0599994659,16.2000007629,16.0499992371,16.1499996185
2019.12.19,16.1800003052,16.2299995422,16.1599998474,16.1700000763
2019.12.20,16.1700000763,16.2000007629,16.1000003815,16.1299991608
2019.12.23,16.0100002289,16.1700000763,16.0000000000,16.1700000763
2019.12.24,16.1000003815,16.2500000000,16.1000003815,16.2399997711
2019.12.26,16.2900009155,16.3899993896,16.2700004578,16.3899993896
2019.12.27,16.4099998474,16.4099998474,16.3400001526,16.3799991608
2019.12.30,16.4799995422,16.5000000000,16.2800006866,16.3299999237
2019.12.31,16.2399997711,16.3199996948,16.1900005341,16.2099990845
2020.01.02,16.3899993896,16.3899993896,16.2000007629,16.2900009155
2020.01.03,16.5400009155,16.6100006104,16.4200000763,16.5100002289
2020.01.06,16.6100006104,16.6100006104,16.4799995422,16.5100002289
2020.01.07,16.4300003052,16.5000000000,16.3799991608,16.4599990845
2020.01.08,16.4400005341,16.4500007629,15.9799995422,16.1499996185
2020.01.09,16.0300006866,16.0799999237,15.9200000763,16.0300006866
2020.01.10,16.0499992371,16.0699996948,15.9799995422,16.0200004578
2020.01.13,16.0100002289,16.0100002289,15.8299999237,15.8599996567
2020.01.14,15.9600000381,16.0000000000,15.9200000763,15.9499998093
2020.01.15,15.9200000763,15.9200000763,15.7700004578,15.8699998856
2020.01.16,15.8400001526,15.9099998474,15.8299999237,15.8500003815
2020.01.17,15.8800001144,15.9300003052,15.8299999237,15.9099998474
2020.01.21,15.8299999237,15.8800001144,15.7899999619,15.8100004196
2020.01.22,15.6999998093,15.6999998093,15.5500001907,15.5799999237
2020.01.23,15.3900003433,15.4300003052,15.3000001907,15.4099998474
2020.01.24,15.2399997711,15.2500000000,15.0799999237,15.1499996185
2020.01.27,14.8800001144,14.8900003433,14.7399997711,14.7899999619
2020.01.28,14.8299999237,14.9799995422,14.8100004196,14.9200000763
2020.01.29,14.9300003052,14.9300003052,14.8100004196,14.8299999237
2020.01.30,14.6099996567,14.7100000381,14.5100002289,14.6800003052
2020.01.31,14.5100002289,14.6099996567,14.4099998474,14.4899997711
2020.02.03,14.1700000763,14.4300003052,14.1400003433,14.1599998474
2020.02.04,14.3199996948,14.3599996567,14.1400003433,14.1800003052
2020.02.05,14.4399995804,14.5399999619,14.3699998856,14.4399995804
2020.02.06,14.3599996567,14.4600000381,14.3000001907,14.4600000381
2020.02.07,14.3800001144,14.4499998093,14.3400001526,14.3699998856
2020.02.10,14.2299995422,14.3000001907,14.1800003052,14.2100000381
2020.02.11,14.3500003815,14.3900003433,14.2399997711,14.3000001907
2020.02.12,14.5399999619,14.5799999237,14.4600000381,14.5699996948
2020.02.13,14.5699996948,14.6400003433,14.5299997330,14.5799999237
2020.02.14,14.6800003052,14.7100000381,14.5900001526,14.6700000763
2020.02.18,14.5900001526,14.7399997711,14.5900001526,14.7299995422
2020.02.19,14.8599996567,14.9499998093,14.7799997330,14.9200000763
2020.02.20,14.9700002670,15.0399999619,14.8999996185,14.8999996185
2020.02.21,14.7600002289,14.8299999237,14.6999998093,14.8000001907
2020.02.24,14.3800001144,14.4300003052,14.2500000000,14.3699998856
2020.02.25,14.3800001144,14.3800001144,14.1099996567,14.1099996567
2020.02.26,14.0600004196,14.1700000763,13.8299999237,13.8900003433
2020.02.27,13.5200004578,13.6999998093,13.3900003433,13.5500001907
2020.02.28,13.3000001907,13.3599996567,13.1000003815,13.3599996567
2020.03.02,13.4899997711,13.7600002289,13.4200000763,13.7399997711
2020.03.03,13.8100004196,14.0000000000,13.6199998856,13.7500000000
2020.03.04,13.8800001144,13.9099998474,13.6700000763,13.7200002670
2020.03.05,13.6899995804,13.7299995422,13.4600000381,13.5000000000
2020.03.06,13.2100000381,13.2299995422,12.7399997711,12.8299999237
2020.03.09,11.4099998474,11.7700004578,11.1999998093,11.2799997330
2020.03.10,11.7200002670,11.8999996185,11.5699996948,11.8100004196
2020.03.11,11.6400003433,11.7100000381,11.4600000381,11.5000000000
2020.03.12,10.7899999619,11.1499996185,10.5500001907,10.9099998474
2020.03.13,11.2500000000,11.2600002289,10.8400001526,11.1499996185
2020.03.16,10.0699996948,10.4799995422,10.0000000000,10.2500000000
2020.03.17,10.2299995422,10.3800001144,10.0000000000,10.0000000000
2020.03.18,9.0500001907,9.7500000000,9.0500001907,9.4300003052
2020.03.19,9.4899997711,10.0200004578,9.3699998856,9.8599996567
2020.03.20,9.9799995422,9.9899997711,9.2799997330,9.6400003433
2020.03.23,9.5600004196,9.7100000381,9.4600000381,9.6599998474
2020.03.24,9.6999998093,10.0000000000,9.6999998093,9.9399995804
2020.03.25,9.9499998093,10.0900001526,9.7700004578,9.9700002670
2020.03.26,9.9600000381,9.9799995422,9.6899995804,9.8199996948
2020.03.27,9.6400003433,9.6400003433,9.5100002289,9.6099996567
2020.03.30,9.4200000763,9.4200000763,9.2399997711,9.3500003815
2020.03.31,9.4200000763,9.4799995422,9.2799997330,9.3000001907
2020.04.01,9.1999998093,9.1999998093,9.0200004578,9.1300001144
2020.04.02,9.2700004578,10.1000003815,9.1700000763,9.6599998474
2020.04.03,10.1000003815,10.4099998474,9.8699998856,10.1800003052
2020.04.06,10.0100002289,10.1000003815,9.8800001144,10.0399999619
2020.04.07,10.2600002289,10.2600002289,9.7899999619,9.9200000763
2020.04.08,9.9499998093,10.1199998856,9.8000001907,10.1099996567
2020.04.09,10.2799997330,10.4200000763,9.7100000381,9.8699998856
2020.04.13,9.8699998856,9.8800001144,9.7399997711,9.8800001144
2020.04.14,9.7200002670,9.7600002289,9.5500001907,9.6099996567
2020.04.15,9.3599996567,9.4300003052,9.2399997711,9.3599996567
2020.04.16,9.3900003433,9.4300003052,9.2200002670,9.3900003433
2020.04.17,9.3599996567,9.4099998474,9.2700004578,9.3400001526
2020.04.20,9.0600004196,9.1400003433,8.8199996948,8.9399995804
2020.04.21,9.1000003815,9.1000003815,7.5000000000,8.0100002289
2020.04.22,8.1899995804,8.4099998474,8.0900001526,8.1700000763
2020.04.23,8.4099998474,8.6300001144,8.2799997330,8.4200000763
2020.04.24,8.4099998474,8.4399995804,8.2100000381,8.3500003815
2020.04.27,7.8299999237,7.9899997711,7.8000001907,7.9600000381
2020.04.28,7.9600000381,8.0799999237,7.8699998856,7.9299998283
2020.04.29,8.1199998856,8.2200002670,8.0900001526,8.1400003433
2020.04.30,8.3299999237,8.5000000000,8.1800003052,8.4799995422
2020.05.01,8.5000000000,8.5000000000,8.3599996567,8.4799995422
2020.05.04,8.4399995804,8.6700000763,8.3999996185,8.6400003433
2020.05.05,8.8599996567,9.0600004196,8.8599996567,9.0600004196
2020.05.06,8.9499998093,8.9499998093,8.7100000381,8.8500003815
2020.05.07,9.1700000763,9.1999998093,8.8500003815,8.8699998856
2020.05.08,9.0299997330,9.0900001526,8.9300003052,9.0900001526
2020.05.11,9.1000003815,9.1199998856,8.8599996567,8.9600000381
2020.05.12,8.9799995422,8.9899997711,8.8800001144,8.8999996185
2020.05.13,8.8999996185,8.9300003052,8.7200002670,8.7799997330
2020.05.14,8.7799997330,9.0399999619,8.7799997330,9.0200004578
2020.05.15,9.1000003815,9.1999998093,9.0299997330,9.1499996185
2020.05.18,9.5000000000,9.6700000763,9.4600000381,9.5100002289
2020.05.19,9.5900001526,9.6000003815,9.4499998093,9.5100002289
2020.05.20,9.6400003433,9.7399997711,9.6099996567,9.7200002670
2020.05.21,9.7799997330,9.8199996948,9.6199998856,9.6899995804
2020.05.22,9.5200004578,9.5900001526,9.4300003052,9.5699996948
2020.05.26,9.7299995422,9.7700004578,9.6099996567,9.6599998474
2020.05.27,9.5900001526,9.6300001144,9.4499998093,9.5699996948
2020.05.28,9.5399999619,9.6800003052,9.4799995422,9.5799999237
2020.05.29,9.5399999619,9.8999996185,9.4899997711,9.8199996948
2020.06.01,9.7500000000,9.8999996185,9.6999998093,9.8599996567
2020.06.02,9.9600000381,10.0500001907,9.9399995804,10.0200004578
2020.06.03,10.0299997330,10.1099996567,9.9399995804,10.0299997330
2020.06.04,10.0500001907,10.1499996185,10.0100002289,10.1099996567
2020.06.05,10.4799995422,10.4799995422,10.3500003815,10.3999996185
2020.06.08,10.3699998856,10.3900003433,10.2399997711,10.2700004578
2020.06.09,10.2399997711,10.3699998856,10.1599998474,10.2899999619
2020.06.10,10.3000001907,10.4799995422,10.2399997711,10.4200000763
2020.06.11,10.0500001907,10.1300001144,9.8800001144,9.9499998093
2020.06.12,10.0399999619,10.1099996567,9.9099998474,10.0299997330
2020.06.15,9.7899999619,10.1099996567,9.7600002289,10.1099996567
2020.06.16,10.2399997711,10.3400001526,10.0699996948,10.2399997711
2020.06.17,10.1999998093,10.2500000000,10.1099996567,10.1899995804
2020.06.18,10.1899995804,10.3100004196,10.1700000763,10.3100004196
2020.06.19,10.4499998093,10.4899997711,10.2600002289,10.3500003815
2020.06.22,10.3800001144,10.5100002289,10.3699998856,10.4799995422
2020.06.23,10.5399999619,10.5900001526,10.4300003052,10.4499998093
2020.06.24,10.3900003433,10.4200000763,10.0699996948,10.1400003433
2020.06.25,10.0500001907,10.2299995422,10.0500001907,10.2299995422
2020.06.26,10.1599998474,10.1800003052,10.0200004578,10.0399999619
2020.06.29,10.1800003052,10.3400001526,10.1499996185,10.3100004196
2020.06.30,10.3000001907,10.4300003052,10.2500000000,10.3699998856
2020.07.01,10.4200000763,10.4700002670,10.3299999237,10.4499998093
2020.07.02,10.5299997330,10.5799999237,10.4399995804,10.5299997330
2020.07.06,10.6000003815,10.6700000763,10.5799999237,10.6099996567
2020.07.07,10.5600004196,10.6899995804,10.5500001907,10.6000003815
2020.07.08,10.6400003433,10.7200002670,10.6099996567,10.7100000381
2020.07.09,10.7200002670,10.7299995422,10.5500001907,10.5799999237
2020.07.10,10.6199998856,10.7200002670,10.5399999619,10.7200002670
2020.07.13,10.7100000381,10.7100000381,10.5200004578,10.5200004578
2020.07.14,10.4499998093,10.6599998474,10.4499998093,10.6000003815
2020.07.15,10.6400003433,10.7600002289,10.5799999237,10.7100000381
2020.07.16,10.6599998474,10.7299995422,10.6400003433,10.6800003052
2020.07.17,10.6700000763,10.6800003052,10.5699996948,10.6499996185
2020.07.20,10.6099996567,10.6499996185,10.5000000000,10.6499996185
2020.07.21,10.8500003815,10.8900003433,10.7899999619,10.8100004196
2020.07.22,10.7700004578,10.8800001144,10.7399997711,10.8199996948
2020.07.23,10.8299999237,10.8999996185,10.7500000000,10.8000001907
2020.07.24,10.8000001907,10.8100004196,10.7100000381,10.8100004196
2020.07.27,10.8100004196,10.8599996567,10.6899995804,10.8500003815
2020.07.28,10.8000001907,10.8000001907,10.7399997711,10.7700004578
2020.07.29,10.8299999237,10.8599996567,10.7700004578,10.8599996567
2020.07.30,10.7100000381,10.7200002670,10.4700002670,10.6599998474
2020.07.31,10.7200002670,10.7500000000,10.6400003433,10.7500000000
2020.08.03,10.7899999619,10.9099998474,10.7600002289,10.8599996567
2020.08.04,10.8199996948,10.9899997711,10.7700004578,10.9200000763
2020.08.05,11.1700000763,11.2100000381,11.0100002289,11.0500001907
2020.08.06,11.1099996567,11.1400003433,11.0200004578,11.0200004578
2020.08.07,10.9899997711,10.9899997711,10.8400001526,10.9099998474
2020.08.10,10.9799995422,11.0200004578,10.9499998093,10.9799995422
2020.08.11,11.0399999619,11.0500001907,10.8500003815,10.8699998856
2020.08.12,10.9499998093,11.0500001907,10.9399995804,11.0000000000
2020.08.13,11.0000000000,11.0399999619,10.9799995422,11.0299997330
2020.08.14,11.0200004578,11.0500001907,10.9799995422,11.0299997330
2020.08.17,11.0600004196,11.1899995804,11.0600004196,11.1899995804
2020.08.18,11.1599998474,11.2200002670,11.1199998856,11.1599998474
2020.08.19,11.1499996185,11.2200002670,11.1499996185,11.1899995804
2020.08.20,11.0500001907,11.1700000763,11.0100002289,11.1499996185
2020.08.21,11.0000000000,11.0600004196,10.9399995804,11.0600004196
2020.08.24,11.1400003433,11.1599998474,11.1000003815,11.1199998856
2020.08.25,11.2500000000,11.2799997330,11.2100000381,11.2600002289
2020.08.26,11.2100000381,11.3000001907,11.2100000381,11.2700004578
2020.08.27,11.2500000000,11.2600002289,11.1300001144,11.2100000381
2020.08.28,11.2700004578,11.2799997330,11.1999998093,11.2799997330
2020.08.31,11.3199996948,11.3199996948,11.1999998093,11.2500000000
2020.09.01,11.2799997330,11.3400001526,11.2299995422,11.2799997330
2020.09.02,11.1899995804,11.2100000381,11.0299997330,11.0500001907
2020.09.03,10.9399995804,11.0200004578,10.8500003815,10.9799995422
2020.09.04,10.9499998093,10.9700002670,10.8000001907,10.8299999237
2020.09.08,10.4799995422,10.5200004578,10.3699998856,10.4700002670
2020.09.09,10.4799995422,10.6499996185,10.4600000381,10.6099996567
2020.09.10,10.5699996948,10.6400003433,10.4499998093,10.4700002670
2020.09.11,10.5000000000,10.6099996567,10.5000000000,10.5699996948
2020.09.14,10.5100002289,10.5699996948,10.4899997711,10.5299997330
2020.09.15,10.5500001907,10.6499996185,10.5200004578,10.6099996567
2020.09.16,10.7500000000,10.8599996567,10.7200002670,10.8400001526
2020.09.17,10.7700004578,10.9899997711,10.7600002289,10.9799995422
2020.09.18,11.0000000000,11.0299997330,10.9499998093,11.0100002289
2020.09.21,10.8699998856,10.8699998856,10.6300001144,10.7500000000
2020.09.22,10.7799997330,10.8000001907,10.6300001144,10.6899995804
2020.09.23,10.6899995804,10.8000001907,10.6300001144,10.6300001144
2020.09.24,10.6400003433,10.7399997711,10.6000003815,10.6999998093
2020.09.25,10.6599998474,10.7399997711,10.6599998474,10.7200002670
2020.09.28,10.7399997711,10.8100004196,10.6800003052,10.8000001907
2020.09.29,10.7100000381,10.7100000381,10.5100002289,10.5799999237
2020.09.30,10.6300001144,10.8000001907,10.6099996567,10.7500000000
2020.10.01,10.6300001144,10.6499996185,10.4300003052,10.5500001907
2020.10.02,10.3400001526,10.4799995422,10.3000001907,10.3699998856
2020.10.05,10.5399999619,10.7500000000,10.5399999619,10.7200002670
2020.10.06,10.8500003815,10.9499998093,10.7700004578,10.7899999619
2020.10.07,10.8100004196,10.8699998856,10.7600002289,10.8599996567
2020.10.08,10.9499998093,11.0299997330,10.9399995804,11.0000000000
2020.10.09,11.0399999619,11.1199998856,11.0100002289,11.0299997330
2020.10.12,11.0100002289,11.0100002289,10.8400001526,10.8599996567
2020.10.13,10.8999996185,10.9499998093,10.8599996567,10.9200000763
2020.10.14,10.9600000381,11.0600004196,10.9600000381,11.0299997330
2020.10.15,10.8500003815,11.1000003815,10.8500003815,11.0900001526
2020.10.16,11.0799999237,11.0799999237,10.9799995422,11.0299997330
2020.10.19,11.0600004196,11.0900001526,10.9799995422,10.9899997711
2020.10.20,10.9799995422,11.1400003433,10.9700002670,11.0900001526
2020.10.21,11.0500001907,11.1099996567,10.9399995804,10.9799995422
2020.10.22,10.9799995422,11.0799999237,10.9799995422,11.0200004578
2020.10.23,11.0399999619,11.0399999619,10.8900003433,10.9300003052
2020.10.26,10.8000001907,10.8500003815,10.6999998093,10.7500000000
2020.10.27,10.8000001907,10.9200000763,10.7899999619,10.8699998856
2020.10.28,10.5900001526,10.6000003815,10.5200004578,10.5500001907
2020.10.29,10.2899999619,10.4399995804,10.1999998093,10.4099998474
2020.10.30,10.3500003815,10.3900003433,10.3000001907,10.3800001144
2020.11.02,10.3400001526,10.5600004196,10.3100004196,10.5500001907
2020.11.03,10.7100000381,10.7100000381,10.6000003815,10.6400003433
2020.11.04,10.7200002670,10.8199996948,10.6199998856,10.8000001907
2020.11.05,10.8599996567,10.9300003052,10.7700004578,10.8000001907
2020.11.06,10.7700004578,10.7700004578,10.6099996567,10.6400003433
2020.11.09,11.0699996948,11.1000003815,10.9200000763,10.9200000763
2020.11.10,11.0600004196,11.1899995804,11.0399999619,11.1800003052
2020.11.11,11.3000001907,11.3100004196,11.1499996185,11.1599998474
2020.11.12,11.1899995804,11.2399997711,11.0600004196,11.0799999237
2020.11.13,11.0699996948,11.0799999237,10.9799995422,11.0100002289
2020.11.16,11.1999998093,11.1999998093,11.1099996567,11.1400003433
2020.11.17,11.1800003052,11.1899995804,11.0799999237,11.1800003052
2020.11.18,11.2399997711,11.3000001907,11.1999998093,11.2100000381
2020.11.19,11.1700000763,11.1999998093,11.1099996567,11.1999998093
2020.11.20,11.1999998093,11.2899999619,11.1999998093,11.2899999619
2020.11.23,11.3500003815,11.3900003433,11.3199996948,11.3699998856
2020.11.24,11.4600000381,11.6400003433,11.4600000381,11.6099996567
2020.11.25,11.7200002670,11.7600002289,11.6300001144,11.6999998093
2020.11.27,11.6700000763,11.7100000381,11.6499996185,11.6899995804
2020.11.30,11.7200002670,11.7200002670,11.5799999237,11.6499996185
2020.12.01,11.6599998474,11.6599998474,11.5299997330,11.5699996948
2020.12.02,11.5500001907,11.7200002670,11.5299997330,11.6499996185
2020.12.03,11.6400003433,11.6899995804,11.5799999237,11.6599998474
2020.12.04,11.6700000763,11.7500000000,11.6599998474,11.6999998093
2020.12.07,11.6099996567,11.7399997711,11.5900001526,11.6300001144
2020.12.08,11.6400003433,11.6499996185,11.5699996948,11.6400003433
2020.12.09,11.6800003052,11.7299995422,11.5900001526,11.6700000763
2020.12.10,11.7500000000,12.0000000000,11.7500000000,11.8800001144
2020.12.11,11.8699998856,11.8699998856,11.7700004578,11.8599996567
2020.12.14,11.8999996185,11.8999996185,11.7399997711,11.8900003433
2020.12.15,11.8999996185,11.9899997711,11.8999996185,11.9799995422
2020.12.16,11.9799995422,12.0500001907,11.9499998093,12.0399999619
2020.12.17,12.1400003433,12.1899995804,12.1099996567,12.1899995804
2020.12.18,12.2100000381,12.2899999619,12.1899995804,12.2600002289
2020.12.21,11.9799995422,12.1199998856,11.9499998093,12.0900001526
2020.12.22,12.0299997330,12.0399999619,11.9499998093,11.9700002670
2020.12.23,12.0600004196,12.2100000381,12.0399999619,12.1300001144
2020.12.24,12.1599998474,12.1800003052,12.1199998856,12.1800003052
2020.12.28,12.1999998093,12.1999998093,12.0799999237,12.1099996567
2020.12.29,12.1499996185,12.1899995804,12.1199998856,12.1400003433
2020.12.30,12.1300001144,12.2700004578,12.1300001144,12.2200002670
2020.12.31,12.2200002670,12.3299999237,12.1899995804,12.3299999237
2021.01.04,12.4399995804,12.4600000381,12.2100000381,12.2399997711
2021.01.05,12.4799995422,12.6899995804,12.4700002670,12.6700000763
2021.01.06,12.6800003052,12.7500000000,12.5799999237,12.6899995804
2021.01.07,12.6999998093,12.7500000000,12.6800003052,12.7100000381
2021.01.08,12.8199996948,12.8900003433,12.7200002670,12.8900003433
2021.01.11,12.7200002670,12.8000001907,12.6899995804,12.7799997330
2021.01.12,12.8900003433,13.0699996948,12.8699998856,13.0299997330
2021.01.13,13.0200004578,13.0600004196,12.9600000381,12.9600000381
2021.01.14,12.9600000381,13.1099996567,12.9600000381,13.1099996567
2021.01.15,13.0100002289,13.0200004578,12.8599996567,12.9200000763
2021.01.19,12.9899997711,13.0200004578,12.9300003052,12.9600000381
2021.01.20,13.0000000000,13.0299997330,12.9600000381,12.9899997711
2021.01.21,12.9899997711,13.0200004578,12.9399995804,12.9600000381
2021.01.22,12.7700004578,12.8999996185,12.7500000000,12.7700004578
2021.01.25,12.8000001907,12.9499998093,12.7799997330,12.9399995804
2021.01.26,13.0000000000,13.0299997330,12.9499998093,12.9899997711
2021.01.27,12.9899997711,13.0299997330,12.8500003815,12.9499998093
2021.01.28,13.0799999237,13.1099996567,12.8800001144,12.8800001144
2021.01.29,13.0399999619,13.0600004196,12.8800001144,12.9099998474
2021.02.01,13.0900001526,13.1400003433,12.9600000381,13.1300001144
2021.02.02,13.2799997330,13.2799997330,13.1999998093,13.1999998093
2021.02.03,13.2799997330,13.3999996185,13.2600002289,13.3299999237
2021.02.04,13.3800001144,13.4300003052,13.2600002289,13.4099998474
2021.02.05,13.5299997330,13.5699996948,13.4700002670,13.5200004578
2021.02.08,13.6199998856,13.7399997711,13.6099996567,13.7399997711
2021.02.09,13.6999998093,13.7899999619,13.6400003433,13.7700004578
2021.02.10,13.7899999619,13.7899999619,13.6899995804,13.7100000381
2021.02.11,13.7799997330,13.8000001907,13.6899995804,13.6999998093
2021.02.12,13.6899995804,13.9300003052,13.6899995804,13.9200000763
2021.02.16,14.0000000000,14.0900001526,13.9899997711,14.0699996948
2021.02.17,14.0500001907,14.1800003052,14.0000000000,14.1700000763
2021.02.18,14.2399997711,14.2399997711,14.0500001907,14.0900001526
2021.02.19,14.1599998474,14.2299995422,14.0100002289,14.0399999619
2021.02.22,14.1999998093,14.4099998474,14.1899995804,14.3500003815
2021.02.23,14.3500003815,14.4700002670,14.2399997711,14.4399995804
2021.02.24,14.5100002289,14.6800003052,14.4799995422,14.6400003433
2021.02.25,14.6000003815,14.6599998474,14.5200004578,14.5399999619
2021.02.26,14.4600000381,14.4600000381,14.2200002670,14.2399997711
2021.03.01,14.2899999619,14.3199996948,14.0299997330,14.1000003815
2021.03.02,14.1899995804,14.2600002289,14.0799999237,14.0900001526
2021.03.03,14.1599998474,14.2700004578,14.1000003815,14.1700000763
2021.03.04,14.2299995422,14.5600004196,14.1800003052,14.4200000763
2021.03.05,14.6599998474,14.7500000000,14.5900001526,14.7500000000
2021.03.08,14.6499996185,14.6499996185,14.5000000000,14.5100002289
2021.03.09,14.5399999619,14.5799999237,14.4300003052,14.4499998093
2021.03.10,14.4799995422,14.5500001907,14.3800001144,14.5200004578
2021.03.11,14.6300001144,14.7600002289,14.5699996948,14.7600002289
2021.03.12,14.6700000763,14.7600002289,14.6400003433,14.6800003052
2021.03.15,14.6099996567,14.6999998093,14.5399999619,14.6599998474
2021.03.16,14.5699996948,14.6400003433,14.4899997711,14.5799999237
2021.03.17,14.5699996948,14.6099996567,14.4600000381,14.5900001526
2021.03.18,14.4099998474,14.4099998474,13.7399997711,13.8599996567
2021.03.19,13.9600000381,14.2200002670,13.8500003815,14.1999998093
2021.03.22,14.1899995804,14.2399997711,14.1300001144,14.1400003433
2021.03.23,13.8599996567,14.0000000000,13.6700000763,13.6800003052
2021.03.24,13.9600000381,14.1400003433,13.9099998474,14.0600004196
2021.03.25,13.8699998856,13.9099998474,13.6499996185,13.7799997330
2021.03.26,14.0500001907,14.1700000763,14.0500001907,14.1400003433
2021.03.29,14.0399999619,14.1700000763,13.9600000381,14.1700000763
2021.03.30,14.0100002289,14.0600004196,13.9300003052,13.9399995804
2021.03.31,13.9300003052,14.1499996185,13.8999996185,13.9700002670
2021.04.01,14.1099996567,14.1899995804,13.8999996185,14.1400003433
2021.04.05,14.0399999619,14.0699996948,13.7700004578,13.8900003433
2021.04.06,14.0600004196,14.1599998474,13.9399995804,13.9700002670
2021.04.07,13.9499998093,14.0500001907,13.8299999237,14.0200004578
2021.04.08,14.0100002289,14.1300001144,13.9799995422,14.1300001144
2021.04.09,14.1099996567,14.1099996567,14.0399999619,14.0699996948
2021.04.12,14.1099996567,14.1599998474,13.9899997711,14.0100002289
2021.04.13,14.1300001144,14.1700000763,14.1000003815,14.1700000763
2021.04.14,14.3000001907,14.5699996948,14.2799997330,14.4899997711
2021.04.15,14.5699996948,14.6199998856,14.5000000000,14.6099996567
2021.04.16,14.6400003433,14.6400003433,14.5500001907,14.5799999237
2021.04.19,14.6099996567,14.6599998474,14.5600004196,14.6099996567
2021.04.20,14.6899995804,14.7200002670,14.4700002670,14.5900001526
2021.04.21,14.4499998093,14.6099996567,14.4200000763,14.5000000000
2021.04.22,14.6000003815,14.6400003433,14.5000000000,14.6300001144
2021.04.23,14.6300001144,14.7500000000,14.6099996567,14.7399997711
2021.04.26,14.6899995804,14.8699998856,14.6800003052,14.8699998856
2021.04.27,14.9499998093,15.0100002289,14.8500003815,14.9799995422
2021.04.28,15.0000000000,15.1800003052,14.9899997711,15.0399999619
2021.04.29,15.2299995422,15.2299995422,15.0500001907,15.1700000763
2021.04.30,15.0200004578,15.1099996567,14.9499998093,15.1000003815
2021.05.03,15.2200002670,15.2700004578,15.1599998474,15.1899995804
2021.05.04,15.3900003433,15.4200000763,15.3000001907,15.4099998474
2021.05.05,15.5000000000,15.5100002289,15.3800001144,15.4300003052
2021.05.06,15.4899997711,15.5000000000,15.3800001144,15.5000000000
2021.05.07,15.4799995422,15.6099996567,15.4300003052,15.5600004196
2021.05.10,15.6700000763,15.6800003052,15.4099998474,15.5100002289
2021.05.11,15.4099998474,15.6599998474,15.4099998474,15.6300001144
2021.05.12,15.6700000763,15.7899999619,15.6199998856,15.6300001144
2021.05.13,15.3599996567,15.4200000763,15.1300001144,15.2200002670
2021.05.14,15.3699998856,15.3999996185,15.2700004578,15.3100004196
2021.05.17,15.4099998474,15.5200004578,15.4099998474,15.5200004578
2021.05.18,15.5299997330,15.5900001526,15.2899999619,15.4300003052
2021.05.19,15.1599998474,15.1599998474,14.9099998474,15.1000003815
2021.05.20,15.0600004196,15.1099996567,14.8800001144,14.9099998474
2021.05.21,15.0500001907,15.1099996567,15.0399999619,15.0699996948
2021.05.24,15.1300001144,15.3199996948,15.1099996567,15.3199996948
2021.05.25,15.2899999619,15.3500003815,15.2100000381,15.2299995422
2021.05.26,15.1999998093,15.3000001907,15.1199998856,15.2600002289
2021.05.27,15.3000001907,15.5200004578,15.3000001907,15.5000000000
2021.05.28,15.5000000000,15.5500001907,15.4200000763,15.4600000381
2021.06.01,15.7500000000,15.8699998856,15.6300001144,15.7100000381
2021.06.02,15.7899999619,15.8000001907,15.6999998093,15.7799997330
2021.06.03,15.8000001907,15.8000001907,15.6000003815,15.6700000763
2021.06.04,15.8299999237,15.8900003433,15.7700004578,15.8299999237
2021.06.07,15.8599996567,15.8900003433,15.7799997330,15.7799997330
2021.06.08,15.7600002289,15.9399995804,15.7399997711,15.9399995804
2021.06.09,15.9499998093,15.9700002670,15.8299999237,15.8900003433
2021.06.10,15.9799995422,16.0000000000,15.7399997711,15.9300003052
2021.06.11,15.9600000381,16.0000000000,15.8900003433,15.9799995422
2021.06.14,15.8900003433,15.9799995422,15.8699998856,15.9200000763
2021.06.15,15.8800001144,15.9300003052,15.8299999237,15.9300003052
2021.06.16,15.8999996185,16.0200004578,15.8100004196,15.8199996948
2021.06.17,15.7299995422,15.7600002289,15.3500003815,15.4200000763
2021.06.18,15.5000000000,15.6499996185,15.4600000381,15.5699996948
2021.06.21,15.5200004578,15.7899999619,15.4899997711,15.7899999619
2021.06.22,15.7799997330,15.8500003815,15.7299995422,15.7500000000
2021.06.23,15.9099998474,15.9899997711,15.8299999237,15.8299999237
2021.06.24,15.7200002670,15.8699998856,15.6999998093,15.8699998856
2021.06.25,15.8999996185,15.9200000763,15.7299995422,15.8900003433
2021.06.28,15.8999996185,15.9200000763,15.8400001526,15.8599996567
2021.06.29,15.9499998093,16.0300006866,15.8699998856,15.9300003052
2021.06.30,15.9200000763,16.1499996185,15.8400001526,16.0900001526
2021.07.01,16.4099998474,16.4300003052,16.1499996185,16.2099990845
2021.07.02,16.2199993134,16.2900009155,16.1299991608,16.2600002289
2021.07.06,16.2199993134,16.2199993134,15.7799997330,15.9099998474
2021.07.07,15.9300003052,15.9399995804,15.5699996948,15.6899995804
2021.07.08,15.6599998474,15.8000001907,15.5699996948,15.7799997330
2021.07.09,15.8999996185,16.0200004578,15.8900003433,16.0000000000
2021.07.12,15.8999996185,16.0400009155,15.8299999237,16.0200004578
2021.07.13,16.0300006866,16.2099990845,16.0000000000,16.1599998474
2021.07.14,16.2199993134,16.2500000000,15.8999996185,15.9700002670
2021.07.15,15.8900003433,16.0100002289,15.8599996567,15.8599996567
2021.07.16,15.9899997711,16.0000000000,15.8000001907,15.8999996185
2021.07.19,15.6499996185,15.6499996185,15.1700000763,15.2799997330
2021.07.20,15.3000001907,15.5000000000,15.1999998093,15.5000000000
2021.07.21,15.6499996185,15.8699998856,15.6499996185,15.8199996948
2021.07.22,15.8800001144,16.0499992371,15.8199996948,16.0000000000
2021.07.23,16.0699996948,16.0799999237,16.0000000000,16.0499992371
2021.07.26,16.0400009155,16.1800003052,16.0200004578,16.1800003052
2021.07.27,16.1800003052,16.2199993134,16.0300006866,16.0799999237
2021.07.28,16.1299991608,16.1800003052,16.1000003815,16.1200008392
2021.07.29,16.2500000000,16.3999996185,16.1900005341,16.3600006104
2021.07.30,16.3600006104,16.3600006104,16.2399997711,16.2999992371
2021.08.02,16.2600002289,16.3199996948,16.0000000000,16.1100006104
2021.08.03,15.8699998856,16.0200004578,15.8299999237,16.0200004578
2021.08.04,15.8199996948,15.8999996185,15.6999998093,15.7100000381
2021.08.05,15.7600002289,15.9099998474,15.7600002289,15.8699998856
2021.08.06,15.9099998474,15.9300003052,15.7100000381,15.7299995422
2021.08.09,15.5000000000,15.5200004578,15.3699998856,15.4899997711
2021.08.10,15.5799999237,15.8100004196,15.5799999237,15.7700004578
2021.08.11,15.6700000763,15.8999996185,15.6199998856,15.8599996567
2021.08.12,15.8599996567,15.9799995422,15.7399997711,15.8800001144
2021.08.13,15.9300003052,15.9700002670,15.7799997330,15.7799997330
2021.08.16,15.6700000763,15.8000001907,15.5699996948,15.7399997711
2021.08.17,15.6700000763,15.7399997711,15.5399999619,15.5799999237
2021.08.18,15.6099996567,15.6300001144,15.3500003815,15.3800001144
2021.08.19,15.1199998856,15.1999998093,15.0000000000,15.1800003052
2021.08.20,15.0200004578,15.1099996567,14.8900003433,14.8900003433
2021.08.23,15.1300001144,15.4600000381,15.1300001144,15.4200000763
2021.08.24,15.5900001526,15.7399997711,15.5600004196,15.7399997711
2021.08.25,15.7399997711,15.8800001144,15.6899995804,15.8400001526
2021.08.26,15.7399997711,15.8800001144,15.7100000381,15.7899999619
2021.08.27,15.9099998474,16.0100002289,15.9099998474,16.0100002289
2021.08.30,16.0000000000,16.0400009155,15.9200000763,16.0300006866
2021.08.31,15.9600000381,15.9799995422,15.8599996567,15.9099998474
2021.09.01,15.7899999619,15.9099998474,15.7299995422,15.8400001526
2021.09.02,16.0599994659,16.1599998474,16.0400009155,16.0499992371
2021.09.03,16.1100006104,16.1599998474,16.0400009155,16.0599994659
2021.09.07,15.9399995804,15.9799995422,15.8100004196,15.8400001526
2021.09.08,16.0400009155,16.0799999237,15.9399995804,16.0000000000
2021.09.09,15.8699998856,16.0499992371,15.7899999619,15.8299999237
2021.09.10,16.0799999237,16.1000003815,16.0200004578,16.0400009155
2021.09.13,16.1499996185,16.1700000763,16.0699996948,16.1399993896
2021.09.14,16.2299995422,16.2399997711,16.1000003815,16.1700000763
2021.09.15,16.4500007629,16.5799999237,16.4400005341,16.5100002289
2021.09.16,16.4300003052,16.4500007629,16.2700004578,16.4300003052
2021.09.17,16.3500003815,16.3500003815,16.2500000000,16.2900009155
2021.09.20,16.1000003815,16.1599998474,15.9600000381,16.0900001526
2021.09.21,16.0499992371,16.0799999237,15.8699998856,16.0400009155
2021.09.22,16.2299995422,16.3600006104,16.1900005341,16.2800006866
2021.09.23,16.3500003815,16.5499992371,16.3500003815,16.5400009155
2021.09.24,16.5100002289,16.6599998474,16.4899997711,16.6299991608
2021.09.27,16.8700008392,16.9400005341,16.8600006104,16.9300003052
2021.09.28,17.0400009155,17.0699996948,16.7800006866,16.7999992371
2021.09.29,16.8099994659,16.8899993896,16.7399997711,16.7399997711
2021.09.30,16.6599998474,16.9699993134,16.6200008392,16.8600006104
2021.10.01,16.8700008392,17.0499992371,16.8099994659,17.0300006866
2021.10.04,17.2399997711,17.4400005341,17.2399997711,17.3199996948
2021.10.05,17.4599990845,17.6000003815,17.4300003052,17.5400009155
2021.10.06,17.3700008392,17.3700008392,17.1800003052,17.2099990845
2021.10.07,17.2199993134,17.4699993134,17.1299991608,17.4599990845
2021.10.08,17.5599994659,17.6200008392,17.4300003052,17.5100002289
2021.10.11,17.7000007629,17.7299995422,17.5900001526,17.5900001526
2021.10.12,17.6700000763,17.7199993134,17.5300006866,17.5699996948
2021.10.13,17.5300006866,17.6299991608,17.4400005341,17.6100006104
2021.10.14,17.7999992371,17.8299999237,17.6800003052,17.8099994659
2021.10.15,17.9699993134,18.0200004578,17.8899993896,17.9300003052
2021.10.18,18.0300006866,18.0499992371,17.8199996948,17.8199996948
2021.10.19,17.7700004578,17.9500007629,17.7500000000,17.8899993896
2021.10.20,17.8099994659,18.1100006104,17.7900009155,18.1000003815
2021.10.21,17.8899993896,17.9099998474,17.6200008392,17.8299999237
2021.10.22,17.9200000763,17.9799995422,17.7700004578,17.9699993134
2021.10.25,18.1700000763,18.2099990845,18.0599994659,18.0799999237
2021.10.26,18.0400009155,18.1700000763,17.9799995422,18.1200008392
2021.10.27,17.9300003052,18.0599994659,17.8099994659,17.8099994659
2021.10.28,17.8299999237,17.9200000763,17.7299995422,17.9200000763
2021.10.29,17.7500000000,17.8899993896,17.6499996185,17.8500003815
2021.11.01,18.0100002289,18.0499992371,17.9300003052,17.9799995422
2021.11.02,17.9400005341,18.0000000000,17.8799991608,17.9699993134
2021.11.03,17.7199993134,17.7999992371,17.5499992371,17.5699996948
2021.11.04,17.8799991608,17.9799995422,17.3400001526,17.3999996185
2021.11.05,17.4799995422,17.6700000763,17.3899993896,17.6299991608
2021.11.08,17.6599998474,17.7500000000,17.6299991608,17.7399997711
2021.11.09,17.7299995422,17.8700008392,17.6399993896,17.8600006104
2021.11.10,17.8299999237,17.8999996185,17.5300006866,17.6200008392
2021.11.11,17.6800003052,17.7900009155,17.6200008392,17.6900005341
2021.11.12,17.6299991608,17.7399997711,17.6000003815,17.6399993896
2021.11.15,17.5300006866,17.6900005341,17.4599990845,17.6800003052
2021.11.16,17.6700000763,17.7600002289,17.6000003815,17.6800003052
2021.11.17,17.6100006104,17.6599998474,17.3600006104,17.4500007629
2021.11.18,17.5300006866,17.5599994659,17.4099998474,17.5100002289
2021.11.19,17.4200000763,17.4300003052,17.1700000763,17.2399997711
2021.11.22,17.2299995422,17.4300003052,17.2299995422,17.3500003815
2021.11.23,17.5200004578,17.7299995422,17.5200004578,17.7299995422
2021.11.24,17.6800003052,17.7600002289,17.6599998474,17.6599998474
2021.11.26,16.9699993134,16.9699993134,16.3099994659,16.5100002289
2021.11.29,16.8600006104,16.9099998474,16.3700008392,16.4699993134
2021.11.30,16.1299991608,16.2099990845,15.6899995804,15.9600000381
2021.12.01,16.1499996185,16.2199993134,15.7100000381,15.7500000000
2021.12.02,15.7100000381,16.0699996948,15.6499996185,16.0100002289
2021.12.03,16.2700004578,16.3400001526,15.8999996185,15.9600000381
2021.12.06,16.0699996948,16.3700008392,16.0100002289,16.3400001526
2021.12.07,16.5000000000,16.6900005341,16.4699993134,16.5300006866
2021.12.08,16.5900001526,16.7299995422,16.5699996948,16.7199993134
2021.12.09,16.5499992371,16.5900001526,16.4099998474,16.4200000763
2021.12.10,16.5499992371,16.6299991608,16.4899997711,16.6200008392
2021.12.13,16.5699996948,16.6499996185,16.4899997711,16.5200004578
2021.12.14,16.3700008392,16.4400005341,16.2800006866,16.3899993896
2021.12.15,16.3400001526,16.4799995422,16.2199993134,16.4799995422
2021.12.16,16.5200004578,16.7000007629,16.4699993134,16.5900001526
2021.12.17,16.5200004578,16.5400009155,16.3600006104,16.4099998474
2021.12.20,16.1000003815,16.2500000000,15.9099998474,16.2199993134
2021.12.21,16.4400005341,16.6399993896,16.3999996185,16.6399993896
2021.12.22,16.7000007629,16.9200000763,16.6800003052,16.9200000763
2021.12.23,16.8700008392,17.0499992371,16.8600006104,17.0400009155
2021.12.27,17.0000000000,17.3199996948,16.9899997711,17.2900009155
2021.12.28,17.3400001526,17.3700008392,17.2399997711,17.2500000000
2021.12.29,17.2199993134,17.4500007629,17.2000007629,17.3199996948
2021.12.30,17.3500003815,17.4200000763,17.2299995422,17.2399997711
2021.12.31,17.2600002289,17.2800006866,17.0699996948,17.1100006104
2022.01.03,17.0599994659,17.2199993134,17.0000000000,17.1800003052
2022.01.04,17.2700004578,17.4400005341,17.2700004578,17.3700008392
2022.01.05,17.5000000000,17.6000003815,17.3899993896,17.3899993896
2022.01.06,17.6399993896,17.6800003052,17.5499992371,17.6000003815
2022.01.07,17.6399993896,17.6499996185,17.5499992371,17.6499996185
2022.01.10,17.6100006104,17.6399993896,17.4699993134,17.5599994659
2022.01.11,17.7000007629,17.9899997711,17.6000003815,17.9899997711
2022.01.12,18.0799999237,18.2399997711,18.0599994659,18.1900005341
2022.01.13,18.1700000763,18.1700000763,17.9500007629,17.9699993134
2022.01.14,18.1000003815,18.3199996948,18.0900001526,18.3199996948
2022.01.18,18.3999996185,18.5400009155,18.3600006104,18.5300006866
2022.01.19,18.6499996185,18.7800006866,18.6100006104,18.6200008392
2022.01.20,18.6900005341,18.8400001526,18.5499992371,18.5599994659
2022.01.21,18.6100006104,18.6700000763,18.4799995422,18.5699996948
2022.01.24,18.4099998474,18.4899997711,18.1900005341,18.4699993134
2022.01.25,18.4500007629,18.7199993134,18.4400005341,18.6700000763
2022.01.26,18.8299999237,19.0100002289,18.7800006866,18.8199996948
2022.01.27,19.0300006866,19.0300006866,18.7999992371,18.9200000763
2022.01.28,19.1100006104,19.1900005341,18.9200000763,19.0200004578
2022.01.31,19.1399993896,19.1399993896,18.8700008392,19.1200008392
2022.02.01,19.0599994659,19.2600002289,19.0200004578,19.2600002289
2022.02.02,19.3600006104,19.3799991608,19.1599998474,19.3199996948
2022.02.03,19.1299991608,19.4599990845,19.0699996948,19.3999996185
2022.02.04,19.6499996185,19.7700004578,19.6100006104,19.6700000763
2022.02.07,19.6200008392,19.6900005341,19.5599994659,19.6299991608
2022.02.08,19.4400005341,19.4599990845,19.2600002289,19.4099998474
2022.02.09,19.4599990845,19.6299991608,19.4400005341,19.6299991608
2022.02.10,19.5799999237,19.8400001526,19.4599990845,19.5000000000
2022.02.11,19.5900001526,20.0200004578,19.5699996948,19.9300003052
2022.02.14,19.7700004578,20.1499996185,19.7199993134,20.0599994659
2022.02.15,19.6900005341,19.7000007629,19.5200004578,19.7000007629
2022.02.16,19.8700008392,20.0799999237,19.6200008392,19.6299991608
2022.02.17,19.7000007629,19.8400001526,19.6499996185,19.7700004578
2022.02.18,19.6299991608,19.9500007629,19.5699996948,19.8400001526
2022.02.22,20.3299999237,20.3600006104,20.0799999237,20.1700000763
2022.02.23,20.2000007629,20.4799995422,20.1900005341,20.2800006866
2022.02.24,21.3899993896,21.4300003052,20.3099994659,20.5799999237
2022.02.25,20.2500000000,20.3500003815,19.9500007629,20.2299995422
2022.02.28,20.7000007629,20.8899993896,20.6000003815,20.8099994659
2022.03.01,21.6599998474,22.2399997711,21.5799999237,22.0699996948
2022.03.02,22.8999996185,23.3400001526,22.4099998474,23.1900005341
2022.03.03,23.1200008392,23.6399993896,22.9899997711,23.2299995422
2022.03.04,24.0000000000,24.4500007629,23.5200004578,24.2600002289
2022.03.07,24.5900001526,25.2299995422,24.4099998474,24.9099998474
2022.03.08,25.6900005341,26.0799999237,24.7000007629,25.8500003815
2022.03.09,24.3600006104,24.5000000000,22.4500007629,23.0799999237
2022.03.10,23.5599994659,23.7600002289,22.5200004578,22.5799999237
2022.03.11,22.5599994659,23.1599998474,22.5599994659,23.0000000000
2022.03.14,22.4300003052,22.4400005341,21.9699993134,22.1000003815
2022.03.15,21.3500003815,21.7399997711,21.1399993896,21.4599990845
2022.03.16,21.7199993134,21.8500003815,21.1499996185,21.2900009155
2022.03.17,22.2800006866,22.6299991608,22.1900005341,22.5000000000
2022.03.18,22.5799999237,22.7099990845,22.3899993896,22.7000007629
2022.03.21,23.3700008392,23.8199996948,23.3099994659,23.8199996948
2022.03.22,23.7500000000,23.8299999237,23.4500007629,23.6499996185
2022.03.23,24.2900009155,24.6000003815,24.2700004578,24.4899997711
2022.03.24,24.5599994659,24.5799999237,24.0799999237,24.1900005341
2022.03.25,24.0000000000,24.5000000000,23.9099998474,24.3799991608
2022.03.28,23.4599990845,23.7000007629,22.8999996185,22.9699993134
2022.03.29,22.3799991608,23.1000003815,22.2800006866,23.0499992371
2022.03.30,23.5400009155,23.6900005341,23.3500003815,23.4200000763
2022.03.31,23.0200004578,23.2700004578,22.5599994659,22.6499996185
2022.04.01,22.6299991608,22.8299999237,22.5300006866,22.6100006104
2022.04.04,23.0900001526,23.2199993134,22.8500003815,23.1399993896
2022.04.05,23.2900009155,23.4099998474,22.7299995422,22.7700004578
2022.04.06,23.0699996948,23.1599998474,22.2299995422,22.4200000763
2022.04.07,22.3899993896,22.5100002289,21.9599990845,22.3600006104
2022.04.08,22.3299999237,22.6800003052,22.2600002289,22.6200008392
2022.04.11,22.2600002289,22.4099998474,22.1200008392,22.2600002289
2022.04.12,22.8099994659,23.2099990845,22.8099994659,23.1100006104
2022.04.13,23.3500003815,23.7600002289,23.1200008392,23.7600002289
2022.04.14,23.6100006104,24.2000007629,23.5300006866,24.0599994659
2022.04.18,24.3899993896,24.7600002289,24.3400001526,24.4500007629
2022.04.19,23.8600006104,23.8700008392,23.5100002289,23.6399993896
2022.04.20,23.7199993134,23.7800006866,23.3199996948,23.7199993134
2022.04.21,23.8400001526,23.9699993134,23.5699996948,23.7600002289
2022.04.22,23.5699996948,23.6599998474,23.3400001526,23.3500003815
2022.04.25,22.5900001526,23.1200008392,22.4599990845,23.0799999237
2022.04.26,23.2299995422,23.5499992371,22.9699993134,23.4300003052
2022.04.27,23.2500000000,23.6800003052,23.2099990845,23.6000003815
2022.04.28,23.5900001526,23.9300003052,23.4400005341,23.8899993896
2022.04.29,24.0599994659,24.2099990845,23.6499996185,23.6800003052
2022.05.02,23.3899993896,24.0599994659,23.2099990845,24.0599994659
2022.05.03,23.7999992371,24.0000000000,23.4799995422,23.5599994659
2022.05.04,24.2199993134,24.4699993134,23.9899997711,24.4300003052
2022.05.05,24.6800003052,24.7000007629,24.0900001526,24.3299999237
2022.05.06,24.3899993896,24.5200004578,24.0900001526,24.3700008392
2022.05.09,23.7999992371,23.8199996948,22.9300003052,22.9699993134
2022.05.10,23.2000007629,23.3099994659,22.7600002289,22.8500003815
2022.05.11,23.5000000000,23.7299995422,23.4799995422,23.5799999237
2022.05.12,23.4899997711,23.7700004578,23.3700008392,23.7299995422
2022.05.13,24.0000000000,24.1900005341,23.8299999237,24.1700000763
2022.05.16,24.2800006866,24.7900009155,24.2600002289,24.7500000000
2022.05.17,24.7800006866,24.9099998474,24.4200000763,24.4599990845
2022.05.18,24.5699996948,24.5699996948,23.8400001526,23.9300003052
2022.05.19,23.7299995422,24.4099998474,23.7000007629,24.2999992371
2022.05.20,24.3600006104,24.4899997711,24.1599998474,24.4200000763
2022.05.23,24.3799991608,24.6299991608,24.2800006866,24.5799999237
2022.05.24,24.4899997711,24.6100006104,24.3299999237,24.4899997711
2022.05.25,24.5499992371,24.6299991608,24.3899993896,24.6299991608
2022.05.26,24.6700000763,25.1599998474,24.6700000763,24.9899997711
2022.05.27,24.9400005341,25.2700004578,24.8999996185,25.2500000000
2022.05.31,25.7900009155,25.8099994659,24.8999996185,25.0400009155
2022.06.01,25.4099998474,25.5200004578,25.1800003052,25.1900005341
2022.06.02,25.4099998474,25.6900005341,25.1800003052,25.6800003052
2022.06.03,25.5799999237,25.9599990845,25.5000000000,25.9200000763
2022.06.06,26.0000000000,26.0699996948,25.8500003815,25.9400005341
2022.06.07,25.8600006104,26.1399993896,25.7399997711,26.1299991608
2022.06.08,26.1499996185,26.4899997711,26.0799999237,26.3400001526
2022.06.09,26.1000003815,26.3700008392,26.0499992371,26.2800006866
2022.06.10,26.1299991608,26.1599998474,25.7399997711,26.0000000000
2022.06.13,25.8299999237,26.0400009155,25.3199996948,25.7700004578
2022.06.14,25.8199996948,25.8999996185,25.0699996948,25.2999992371
2022.06.15,25.3099994659,25.5499992371,25.0799999237,25.2500000000
2022.06.16,25.1499996185,25.5300006866,24.9400005341,25.4099998474
2022.06.17,25.1599998474,25.2199993134,24.2600002289,24.5000000000
2022.06.21,24.6900005341,24.8999996185,24.4500007629,24.4799995422
2022.06.22,23.6100006104,24.2600002289,23.5400009155,24.0100002289
2022.06.23,24.0599994659,24.1200008392,23.4300003052,23.4699993134
2022.06.24,23.6299991608,23.9899997711,23.5000000000,23.8299999237
2022.06.27,23.8299999237,24.0900001526,23.5699996948,23.9400005341
2022.06.28,24.0400009155,24.2700004578,23.9599990845,24.2299995422
2022.06.29,24.4500007629,24.5499992371,23.7900009155,23.7900009155
2022.06.30,23.6000003815,23.6399993896,23.0499992371,23.1000003815
2022.07.01,23.5000000000,23.5499992371,23.1800003052,23.3799991608
2022.07.05,22.7600002289,22.7800006866,21.6800003052,21.8500003815
2022.07.06,21.7099990845,21.8500003815,21.2500000000,21.5400009155
2022.07.07,22.2600002289,22.6700000763,22.2500000000,22.3999996185
2022.07.08,22.6399993896,22.8500003815,22.3799991608,22.7700004578
2022.07.11,22.8099994659,22.8899993896,22.5300006866,22.7600002289
2022.07.12,22.1499996185,22.2500000000,21.5599994659,21.5799999237
2022.07.13,21.6800003052,22.0599994659,21.5799999237,21.7299995422
2022.07.14,21.3099994659,21.6700000763,20.9799995422,21.6200008392
2022.07.15,21.8400001526,22.0000000000,21.6299991608,21.8899993896
2022.07.18,22.5200004578,22.6800003052,22.4400005341,22.4799995422
2022.07.19,22.1900005341,22.6299991608,22.1700000763,22.6000003815
2022.07.20,22.5000000000,22.6700000763,22.3600006104,22.6000003815
2022.07.21,21.9899997711,22.2600002289,21.9400005341,22.1700000763
2022.07.22,22.0900001526,22.3600006104,21.8899993896,21.9200000763
2022.07.25,22.1900005341,22.3600006104,22.0400009155,22.3099994659
2022.07.26,22.7399997711,22.7800006866,22.2800006866,22.3299999237
2022.07.27,22.5799999237,22.9099998474,22.3799991608,22.8600006104
2022.07.28,23.0000000000,23.0400009155,22.6499996185,22.7900009155
2022.07.29,23.0599994659,23.4200000763,22.8899993896,22.9300003052
2022.08.01,22.2199993134,22.3600006104,22.0300006866,22.2500000000
2022.08.02,22.2299995422,22.4400005341,22.0300006866,22.0499992371
2022.08.03,22.2199993134,22.3099994659,21.6800003052,21.8500003815
2022.08.04,21.6200008392,21.7800006866,21.4200000763,21.5599994659
2022.08.05,21.2800006866,21.8500003815,21.2500000000,21.4699993134
2022.08.08,21.4300003052,21.7399997711,21.4099998474,21.6900005341
2022.08.09,21.9699993134,22.0900001526,21.7500000000,21.8899993896
2022.08.10,21.9300003052,22.3299999237,21.6399993896,22.2199993134
2022.08.11,22.5300006866,22.8099994659,22.3899993896,22.6599998474
2022.08.12,22.5200004578,22.6499996185,22.3500003815,22.5699996948
2022.08.15,21.7700004578,22.2099990845,21.7299995422,22.1200008392
2022.08.16,22.1200008392,22.3299999237,21.7900009155,21.8600006104
2022.08.17,21.9899997711,22.1700000763,21.8099994659,22.0200004578
2022.08.18,22.2600002289,22.4799995422,22.1599998474,22.3600006104
2022.08.19,22.3400001526,22.6200008392,22.2299995422,22.3799991608
2022.08.22,22.3099994659,22.6299991608,22.0000000000,22.6100006104
2022.08.23,22.8400001526,23.1700000763,22.8400001526,23.0300006866
2022.08.24,23.1299991608,23.2900009155,22.9300003052,23.2900009155
2022.08.25,23.3700008392,23.3999996185,22.8999996185,23.0200004578
2022.08.26,22.9899997711,23.1700000763,22.8299999237,23.0699996948
2022.08.29,23.1499996185,23.5400009155,23.0799999237,23.4899997711
2022.08.30,23.0400009155,23.0599994659,22.5200004578,22.7600002289
2022.08.31,22.3799991608,22.6200008392,22.2500000000,22.2500000000
2022.09.01,21.9099998474,22.1000003815,21.7000007629,21.7299995422
2022.09.02,22.0900001526,22.1499996185,21.8500003815,21.8899993896
2022.09.06,21.9500007629,21.9799995422,21.6900005341,21.7199993134
2022.09.07,21.3500003815,21.6000003815,21.1100006104,21.1399993896
2022.09.08,21.3199996948,21.4200000763,21.0900001526,21.2600002289
2022.09.09,21.6299991608,21.9500007629,21.6200008392,21.8700008392
2022.09.12,22.1399993896,22.3500003815,22.0799999237,22.2099990845
2022.09.13,22.0900001526,22.2500000000,21.7399997711,22.0599994659
2022.09.14,22.1000003815,22.2999992371,22.0300006866,22.1599998474
2022.09.15,21.6599998474,21.6900005341,21.3099994659,21.4200000763
2022.09.16,21.4599990845,21.5300006866,21.2900009155,21.3799991608
2022.09.19,20.9599990845,21.5100002289,20.9300003052,21.5100002289
2022.09.20,21.4099998474,21.5200004578,21.2399997711,21.4599990845
2022.09.21,21.6700000763,21.7199993134,21.2199993134,21.3799991608
2022.09.22,21.6599998474,21.7500000000,21.2800006866,21.3299999237
2022.09.23,20.6200008392,20.6299991608,20.4099998474,20.5300006866
2022.09.26,20.4699993134,20.6499996185,20.0000000000,20.0400009155
2022.09.27,20.3500003815,20.5699996948,20.2299995422,20.3199996948
2022.09.28,20.4899997711,20.9899997711,20.4599990845,20.9799995422
2022.09.29,21.0000000000,21.0499992371,20.7399997711,20.8799991608
2022.09.30,20.6499996185,20.8700008392,20.4899997711,20.5799999237
2022.10.03,21.1399993896,21.1800003052,20.8899993896,21.1299991608
2022.10.04,21.5900001526,21.7900009155,21.5200004578,21.7399997711
2022.10.05,21.8099994659,22.1399993896,21.6299991608,22.1000003815
2022.10.06,22.0300006866,22.2500000000,21.9899997711,22.2299995422
2022.10.07,22.2800006866,22.7399997711,22.2600002289,22.6100006104
2022.10.10,22.7099990845,22.8799991608,22.2999992371,22.3099994659
2022.10.11,22.0900001526,22.2199993134,21.9200000763,21.9699993134
2022.10.12,22.0000000000,22.0400009155,21.8199996948,21.8700008392
2022.10.13,21.7999992371,22.3400001526,21.7399997711,22.2800006866
2022.10.14,22.0499992371,22.1000003815,21.6800003052,21.7299995422
2022.10.17,21.8799991608,21.9300003052,21.6299991608,21.6800003052
2022.10.18,21.5499992371,21.6399993896,21.2199993134,21.3999996185
2022.10.19,21.2800006866,21.5499992371,21.2199993134,21.4300003052
2022.10.20,21.6700000763,21.8299999237,21.3899993896,21.4599990845
2022.10.21,21.3700008392,21.5799999237,21.2999992371,21.5799999237
2022.10.24,21.5599994659,21.7700004578,21.4799995422,21.5900001526
2022.10.25,21.5699996948,21.7500000000,21.5300006866,21.6900005341
2022.10.26,21.7500000000,22.1800003052,21.7500000000,22.1700000763
2022.10.27,22.2299995422,22.2800006866,22.1100006104,22.1700000763
2022.10.28,21.9099998474,22.0400009155,21.7500000000,21.9799995422
2022.10.31,21.8400001526,22.0699996948,21.6900005341,21.8500003815
2022.11.01,22.2299995422,22.2399997711,21.9799995422,22.1000003815
2022.11.02,22.0699996948,22.4300003052,21.9799995422,22.2299995422
2022.11.03,22.0200004578,22.3199996948,21.9799995422,22.1700000763
2022.11.04,22.8099994659,22.9799995422,22.6800003052,22.9799995422
2022.11.07,22.9500007629,23.1499996185,22.7700004578,22.8299999237
2022.11.08,22.7600002289,22.8199996948,22.3400001526,22.4400005341
2022.11.09,22.1399993896,22.1700000763,21.8400001526,21.8400001526
2022.11.10,21.9099998474,22.1499996185,21.8299999237,22.0200004578
2022.11.11,22.4799995422,22.6299991608,22.2700004578,22.4200000763
2022.11.14,22.3199996948,22.5499992371,21.9799995422,21.9799995422
2022.11.15,22.0000000000,22.5699996948,21.8799991608,22.3099994659
2022.11.16,21.9699993134,22.1200008392,21.8899993896,22.0699996948
2022.11.17,21.8400001526,21.8700008392,21.5499992371,21.6299991608
2022.11.18,21.1299991608,21.4599990845,21.1299991608,21.4400005341
2022.11.21,21.0300006866,21.5000000000,20.7900009155,21.3999996185
2022.11.22,21.6299991608,21.8099994659,21.5599994659,21.6599998474
2022.11.23,21.3400001526,21.4300003052,21.1599998474,21.2500000000
2022.11.25,21.2700004578,21.4099998474,21.0000000000,21.0200004578
2022.11.28,20.6299991608,21.0499992371,20.5900001526,20.8500003815
2022.11.29,21.2000007629,21.3199996948,20.9799995422,21.1299991608
2022.11.30,21.5300006866,21.6100006104,21.3799991608,21.5900001526
2022.12.01,21.8199996948,21.9200000763,21.4400005341,21.4699993134
2022.12.02,21.3799991608,21.4799995422,21.1299991608,21.2099990845
2022.12.05,21.3999996185,21.4500007629,20.5200004578,20.5900001526
2022.12.06,20.4799995422,20.5699996948,19.9599990845,20.1000003815
2022.12.07,20.1800003052,20.2600002289,19.8199996948,19.9400005341
2022.12.08,20.1299991608,20.1700000763,19.7399997711,19.8700008392
2022.12.09,19.9899997711,20.1000003815,19.6900005341,19.8899993896
2022.12.12,20.0599994659,20.3199996948,20.0599994659,20.2199993134
2022.12.13,20.5699996948,20.8400001526,20.5699996948,20.6800003052
2022.12.14,20.7900009155,21.0100002289,20.7000007629,20.9300003052
2022.12.15,20.8899993896,20.9300003052,20.6000003815,20.7399997711
2022.12.16,20.3400001526,20.5799999237,20.2900009155,20.4300003052
2022.12.19,20.4899997711,20.5100002289,20.2600002289,20.4099998474
2022.12.20,20.3500003815,20.5200004578,20.1900005341,20.4200000763
2022.12.21,20.7399997711,20.8899993896,20.7299995422,20.8700008392
2022.12.22,20.8899993896,20.9300003052,20.5699996948,20.7099990845
2022.12.23,20.9400005341,21.1299991608,20.7800006866,21.0900001526
2022.12.27,20.8600006104,21.4200000763,20.6499996185,21.2399997711
2022.12.28,21.0799999237,21.1000003815,20.7700004578,21.0400009155
2022.12.29,20.7999992371,21.0100002289,20.7500000000,20.9899997711
2022.12.30,20.9799995422,21.2600002289,20.9099998474,21.2299995422
2023.01.03,20.9200000763,21.0799999237,20.4699993134,20.5799999237
2023.01.04,20.1299991608,20.1499996185,19.8299999237,19.9200000763
2023.01.05,19.8799991608,20.0200004578,19.7700004578,19.8600006104
2023.01.06,20.1100006104,20.1599998474,19.8899993896,19.9699993134
2023.01.09,20.2900009155,20.4799995422,20.1499996185,20.2099990845
2023.01.10,20.2399997711,20.3700008392,20.0599994659,20.2099990845
2023.01.11,20.5499992371,20.6900005341,20.3799991608,20.6800003052
2023.01.12,20.8700008392,21.0000000000,20.7500000000,20.8999996185
2023.01.13,20.9500007629,21.1599998474,20.9099998474,21.1499996185
2023.01.17,21.2399997711,21.3799991608,21.1000003815,21.3700008392
2023.01.18,21.5000000000,21.5799999237,21.0499992371,21.0799999237
2023.01.19,21.2199993134,21.3899993896,21.1100006104,21.2800006866
2023.01.20,21.3899993896,21.5200004578,21.2299995422,21.4899997711
2023.01.23,21.5400009155,21.6700000763,21.5000000000,21.6000003815
2023.01.24,21.6000003815,21.6200008392,21.2999992371,21.3700008392
2023.01.25,21.3600006104,21.4300003052,21.2099990845,21.3199996948
2023.01.26,21.5400009155,21.5799999237,21.3299999237,21.4799995422
2023.01.27,21.5499992371,21.5699996948,21.1299991608,21.2000007629
2023.01.30,21.0699996948,21.2399997711,20.8700008392,20.8700008392
2023.01.31,20.8600006104,21.2099990845,20.8199996948,21.2099990845
2023.02.01,21.0599994659,21.0699996948,20.5200004578,20.6900005341
2023.02.02,20.6399993896,20.7099990845,20.4500007629,20.4699993134
2023.02.03,20.4300003052,20.7299995422,19.9899997711,19.9899997711
2023.02.06,20.0699996948,20.1299991608,19.7199993134,20.1299991608
2023.02.07,20.2000007629,20.6000003815,20.1800003052,20.5900001526
2023.02.08,20.6700000763,20.7299995422,20.4799995422,20.6800003052
2023.02.09,20.5599994659,20.6100006104,20.3700008392,20.5300006866
2023.02.10,20.7299995422,20.8999996185,20.7000007629,20.8999996185
2023.02.13,20.7500000000,20.9799995422,20.7199993134,20.8299999237
2023.02.14,20.6499996185,20.9500007629,20.6200008392,20.8999996185
2023.02.15,20.6900005341,20.7299995422,20.4799995422,20.6399993896
2023.02.16,20.6000003815,20.7199993134,20.5300006866,20.5300006866
2023.02.17,20.1900005341,20.3500003815,20.0799999237,20.2999992371
2023.02.21,20.4500007629,20.5599994659,20.2999992371,20.3799991608
2023.02.22,20.2800006866,20.3400001526,20.0000000000,20.0000000000
2023.02.23,20.2099990845,20.2900009155,20.0499992371,20.1700000763
2023.02.24,19.9599990845,20.2299995422,19.8600006104,20.2199993134
2023.02.27,20.2299995422,20.2500000000,20.0699996948,20.1800003052
2023.02.28,20.3799991608,20.3899993896,20.2700004578,20.3099994659
2023.03.01,20.3700008392,20.6100006104,20.2900009155,20.6100006104
2023.03.02,20.6299991608,20.6399993896,20.4400005341,20.5499992371
2023.03.03,20.3899993896,20.8700008392,20.3899993896,20.8700008392
2023.03.06,20.6100006104,20.8500003815,20.5799999237,20.8500003815
2023.03.07,20.7999992371,20.7999992371,20.2999992371,20.3099994659
2023.03.08,20.1900005341,20.3199996948,20.1299991608,20.2000007629
2023.03.09,20.2999992371,20.3799991608,19.8999996185,19.9200000763
2023.03.10,19.9300003052,20.1700000763,19.9200000763,20.1299991608
2023.03.13,19.7299995422,20.1599998474,19.6499996185,19.9099998474
2023.03.14,19.7199993134,19.9500007629,19.4799995422,19.5599994659
2023.03.15,19.0599994659,19.2000007629,18.6499996185,19.0100002289
2023.03.16,18.8199996948,19.1900005341,18.6700000763,19.0599994659
2023.03.17,19.0799999237,19.0799999237,18.7000007629,18.8899993896
2023.03.20,18.8799991608,19.0300006866,18.7700004578,19.0200004578
2023.03.21,19.1200008392,19.2500000000,19.0300006866,19.2099990845
2023.03.22,19.2700004578,19.4099998474,19.1200008392,19.2399997711
2023.03.23,19.4099998474,19.5000000000,19.1299991608,19.1499996185
2023.03.24,19.0799999237,19.2800006866,19.0400009155,19.2399997711
2023.03.27,19.3700008392,19.7600002289,19.3199996948,19.7399997711
2023.03.28,19.7099990845,19.8999996185,19.7099990845,19.8299999237
2023.03.29,19.8899993896,19.9599990845,19.6800003052,19.7099990845
2023.03.30,19.7900009155,19.8799991608,19.6900005341,19.8700008392
2023.03.31,19.9500007629,20.1200008392,19.8799991608,20.1200008392
2023.04.03,20.6800003052,20.8299999237,20.5900001526,20.6599998474
2023.04.04,20.7399997711,20.7700004578,20.4599990845,20.6299991608
2023.04.05,20.6499996185,20.7000007629,20.5499992371,20.6599998474
2023.04.06,20.7000007629,20.7000007629,20.5400009155,20.6200008392
2023.04.10,20.5900001526,20.7099990845,20.5699996948,20.6000003815
2023.04.11,20.6200008392,20.8099994659,20.6100006104,20.8099994659
2023.04.12,20.8799991608,21.0799999237,20.8600006104,21.0100002289
2023.04.13,21.0200004578,21.1000003815,20.8899993896,20.9300003052
2023.04.14,20.9699993134,21.0400009155,20.8099994659,20.9799995422
2023.04.17,20.9200000763,20.9500007629,20.7600002289,20.8400001526
2023.04.18,20.8500003815,20.9899997711,20.7299995422,20.8799991608
2023.04.19,20.6599998474,20.7099990845,20.5000000000,20.5599994659
2023.04.20,20.2900009155,20.3400001526,20.1700000763,20.2099990845
2023.04.21,20.3600006104,20.3600006104,20.1499996185,20.2099990845
2023.04.24,20.1700000763,20.4300003052,20.1599998474,20.3799991608
2023.04.25,20.1800003052,20.2000007629,19.9300003052,20.0100002289
2023.04.26,19.9400005341,20.0000000000,19.5900001526,19.6000003815
2023.04.27,19.6299991608,19.7099990845,19.5100002289,19.6299991608
2023.04.28,19.6299991608,19.9500007629,19.5900001526,19.9099998474
2023.05.01,19.7800006866,19.8700008392,19.6000003815,19.7600002289
2023.05.02,19.5599994659,19.5599994659,19.1299991608,19.1599998474
2023.05.03,18.8799991608,18.8799991608,18.6700000763,18.6900005341
2023.05.04,18.7299995422,18.9899997711,18.6499996185,18.7999992371
2023.05.05,19.1499996185,19.3099994659,19.1499996185,19.2600002289
2023.05.08,19.6000003815,19.6299991608,19.4699993134,19.5200004578
2023.05.09,19.3899993896,19.6000003815,19.2199993134,19.5799999237
2023.05.10,19.5100002289,19.5400009155,19.3400001526,19.4699993134
2023.05.11,19.2000007629,19.2700004578,19.0699996948,19.1499996185
2023.05.12,19.1700000763,19.2299995422,18.9799995422,19.0300006866
2023.05.15,19.1499996185,19.3899993896,19.1499996185,19.3199996948
2023.05.16,19.2700004578,19.3600006104,19.1200008392,19.1200008392
2023.05.17,19.3199996948,19.4599990845,19.1599998474,19.4300003052
2023.05.18,19.2399997711,19.2999992371,19.1599998474,19.2900009155
2023.05.19,19.4099998474,19.4400005341,19.1399993896,19.2500000000
2023.05.22,19.1800003052,19.2999992371,19.1299991608,19.2399997711
2023.05.23,19.3299999237,19.4300003052,19.2800006866,19.3199996948
2023.05.24,19.5000000000,19.5699996948,19.3199996948,19.4599990845
2023.05.25,19.2199993134,19.2600002289,19.0000000000,19.1499996185
2023.05.26,19.3400001526,19.3899993896,19.2600002289,19.3700008392
2023.05.30,18.9799995422,19.0000000000,18.7700004578,18.8600006104
2023.05.31,18.7099990845,18.8400001526,18.6499996185,18.6700000763
2023.06.01,18.7099990845,19.1499996185,18.7099990845,19.0000000000
2023.06.02,19.2700004578,19.3700008392,19.1700000763,19.3600006104
2023.06.05,19.5499992371,19.5900001526,19.3299999237,19.3299999237
2023.06.06,19.2299995422,19.4599990845,19.2099990845,19.3700008392
2023.06.07,19.4799995422,19.6000003815,19.4599990845,19.5100002289
2023.06.08,19.5300006866,19.5699996948,19.0900001526,19.4300003052
2023.06.09,19.3999996185,19.5300006866,19.2900009155,19.3199996948
2023.06.12,19.0000000000,19.0699996948,18.8600006104,18.9200000763
2023.06.13,19.2800006866,19.3799991608,19.2700004578,19.2800006866
2023.06.14,19.4200000763,19.4799995422,19.1499996185,19.2299995422
2023.06.15,19.3799991608,19.7999992371,19.3799991608,19.7500000000
2023.06.16,19.8500003815,20.0799999237,19.8500003815,20.0300006866
2023.06.20,19.8799991608,19.8799991608,19.6800003052,19.8400001526
2023.06.21,19.8299999237,20.1900005341,19.8299999237,20.1700000763
2023.06.22,19.8199996948,19.8899993896,19.6299991608,19.7000007629
2023.06.23,19.2900009155,19.5300006866,19.2900009155,19.5300006866
2023.06.26,19.5100002289,19.7199993134,19.5100002289,19.6000003815
2023.06.27,19.4599990845,19.5000000000,19.2000007629,19.2299995422
2023.06.28,19.1299991608,19.3500003815,19.0300006866,19.2600002289
2023.06.29,19.2500000000,19.4099998474,19.1900005341,19.3199996948
2023.06.30,19.4200000763,19.6299991608,19.3899993896,19.4899997711
2023.07.03,19.5200004578,19.6000003815,19.4300003052,19.4599990845
2023.07.05,19.7600002289,19.7600002289,19.5699996948,19.7099990845
2023.07.06,19.6399993896,19.6900005341,19.4099998474,19.6900005341
2023.07.07,19.6399993896,19.9300003052,19.6399993896,19.8999996185
2023.07.10,19.8799991608,20.0200004578,19.8099994659,19.8999996185
2023.07.11,19.9799995422,20.1800003052,19.9500007629,20.1599998474
2023.07.12,20.3299999237,20.4200000763,20.2099990845,20.2700004578
2023.07.13,20.2800006866,20.5400009155,20.2500000000,20.5300006866
2023.07.14,20.5300006866,20.5300006866,20.2999992371,20.3799991608
2023.07.17,20.2299995422,20.2999992371,20.1399993896,20.1399993896
2023.07.18,20.2299995422,20.5200004578,20.2199993134,20.4599990845
2023.07.19,20.6499996185,20.7700004578,20.5599994659,20.5699996948
2023.07.20,20.7700004578,20.7900009155,20.5499992371,20.6800003052
2023.07.21,20.7199993134,20.8700008392,20.7199993134,20.8600006104
2023.07.24,21.0499992371,21.3799991608,21.0000000000,21.2999992371
2023.07.25,21.1800003052,21.4200000763,21.1700000763,21.3700008392
2023.07.26,21.2800006866,21.3400001526,21.2199993134,21.2500000000
2023.07.27,21.3199996948,21.4500007629,21.2299995422,21.3500003815
2023.07.28,21.3199996948,21.4799995422,21.2199993134,21.4500007629
2023.07.31,21.4799995422,21.6000003815,21.4099998474,21.6000003815
2023.08.01,21.4799995422,21.5799999237,21.4099998474,21.5499992371
2023.08.02,21.5000000000,21.5000000000,21.0499992371,21.1599998474
2023.08.03,21.1599998474,21.4200000763,21.1299991608,21.3999996185
2023.08.04,21.4699993134,21.5799999237,21.3600006104,21.4599990845
2023.08.07,21.4799995422,21.5100002289,21.3500003815,21.5000000000
2023.08.08,21.1599998474,21.5599994659,21.0900001526,21.5000000000
2023.08.09,21.7099990845,21.8400001526,21.6100006104,21.7999992371
2023.08.10,21.7000007629,21.8099994659,21.5499992371,21.5900001526
2023.08.11,21.5699996948,21.7299995422,21.5400009155,21.5599994659
2023.08.14,21.4599990845,21.5200004578,21.3400001526,21.4400005341
2023.08.15,21.2900009155,21.3099994659,21.0599994659,21.0900001526
2023.08.16,21.1499996185,21.2199993134,20.9099998474,20.9200000763
2023.08.17,21.1900005341,21.2299995422,21.0400009155,21.0499992371
2023.08.18,21.1299991608,21.3299999237,21.1000003815,21.2800006866
2023.08.21,21.4300003052,21.4300003052,21.1700000763,21.2099990845
2023.08.22,21.2600002289,21.2700004578,21.1200008392,21.1499996185
2023.08.23,20.9500007629,21.2299995422,20.9200000763,21.1200008392
2023.08.24,21.0000000000,21.2199993134,20.9300003052,21.1499996185
2023.08.25,21.3799991608,21.5200004578,21.1599998474,21.5000000000
2023.08.28,21.4200000763,21.5499992371,21.3600006104,21.4400005341
2023.08.29,21.4099998474,21.5300006866,21.2900009155,21.5200004578
2023.08.30,21.5599994659,21.6200008392,21.4200000763,21.5200004578
2023.08.31,21.5699996948,21.7099990845,21.5100002289,21.7000007629
2023.09.01,21.9300003052,22.0200004578,21.8799991608,22.0100002289
2023.09.05,22.1800003052,22.3400001526,22.1000003815,22.1399993896
2023.09.06,22.0699996948,22.2600002289,22.0100002289,22.2099990845
2023.09.07,22.1299991608,22.2199993134,22.0599994659,22.1700000763
2023.09.08,22.2299995422,22.3500003815,22.1800003052,22.2500000000
2023.09.11,22.4500007629,22.4899997711,22.3199996948,22.3999996185
2023.09.12,22.4699993134,22.5799999237,22.4699993134,22.5200004578
2023.09.13,22.5699996948,22.6599998474,22.5000000000,22.6000003815
2023.09.14,22.7900009155,22.9099998474,22.7500000000,22.8899993896
2023.09.15,22.7299995422,22.8600006104,22.6700000763,22.8099994659
2023.09.18,22.8899993896,22.8999996185,22.6700000763,22.7999992371
2023.09.19,22.9099998474,22.9500007629,22.7800006866,22.8400001526
2023.09.20,22.6599998474,22.8500003815,22.5799999237,22.5799999237
2023.09.21,22.8099994659,22.8299999237,22.5300006866,22.5300006866
2023.09.22,22.7600002289,22.7900009155,22.4899997711,22.5799999237
2023.09.25,22.5499992371,22.5599994659,22.3799991608,22.5000000000
2023.09.26,22.3899993896,22.5300006866,22.3700008392,22.5300006866
2023.09.27,22.7099990845,22.9099998474,22.7099990845,22.8299999237
2023.09.28,22.7800006866,22.9200000763,22.7000007629,22.7399997711
2023.09.29,22.8400001526,22.8600006104,22.4799995422,22.5100002289
2023.10.02,22.5300006866,22.5699996948,22.2099990845,22.2500000000
2023.10.03,22.2199993134,22.2800006866,22.1100006104,22.2299995422
2023.10.04,21.8700008392,21.8799991608,21.3799991608,21.4899997711
2023.10.05,21.1499996185,21.4200000763,21.1299991608,21.2299995422
2023.10.06,21.3500003815,21.3999996185,21.1599998474,21.3400001526
2023.10.09,21.7299995422,21.8999996185,21.6700000763,21.8600006104
2023.10.10,21.8500003815,21.8500003815,21.6599998474,21.7800006866
2023.10.11,21.6100006104,21.6700000763,21.3999996185,21.5799999237
2023.10.12,21.7099990845,21.7299995422,21.4899997711,21.6200008392
2023.10.13,22.0799999237,22.2700004578,21.9699993134,22.2600002289
2023.10.16,22.1700000763,22.2199993134,22.0499992371,22.1200008392
2023.10.17,22.0000000000,22.1900005341,21.9300003052,22.1399993896
2023.10.18,22.2999992371,22.4200000763,22.2700004578,22.3299999237
2023.10.19,22.2600002289,22.6299991608,22.2099990845,22.6100006104
2023.10.20,22.6599998474,22.6900005341,22.3700008392,22.4099998474
2023.10.23,22.3799991608,22.3799991608,22.0300006866,22.1200008392
2023.10.24,21.9599990845,21.9899997711,21.6800003052,21.7800006866
2023.10.25,21.8299999237,22.0300006866,21.5300006866,21.9799995422
2023.10.26,21.7700004578,21.9300003052,21.7399997711,21.7999992371
2023.10.27,21.9400005341,22.1900005341,21.7800006866,22.1100006104
2023.10.30,21.9200000763,21.9799995422,21.6000003815,21.7199993134
2023.10.31,21.7600002289,21.8899993896,21.5400009155,21.6299991608
2023.11.01,21.8600006104,21.8799991608,21.5000000000,21.5900001526
2023.11.02,21.6200008392,21.9200000763,21.6100006104,21.8700008392
2023.11.03,21.7099990845,21.9400005341,21.5799999237,21.6700000763
2023.11.06,21.7999992371,21.8500003815,21.6499996185,21.6599998474
2023.11.07,21.2700004578,21.3099994659,21.0200004578,21.0499992371
2023.11.08,20.9500007629,21.0400009155,20.6800003052,20.7700004578
2023.11.09,20.8099994659,20.9500007629,20.6599998474,20.6700000763
2023.11.10,20.8199996948,20.9300003052,20.7600002289,20.8700008392
2023.11.13,20.8899993896,21.2199993134,20.8899993896,21.2199993134
2023.11.14,21.2700004578,21.4099998474,21.1200008392,21.1800003052
2023.11.15,21.0300006866,21.1700000763,20.9899997711,21.0300006866
2023.11.16,20.7399997711,20.7500000000,20.3500003815,20.4200000763
2023.11.17,20.5699996948,20.8199996948,20.5499992371,20.7999992371
2023.11.20,21.0100002289,21.1800003052,20.9799995422,21.0799999237
2023.11.21,21.0799999237,21.1900005341,21.0400009155,21.1800003052
2023.11.22,20.6200008392,21.0100002289,20.5699996948,20.9699993134
2023.11.24,20.8500003815,20.9699993134,20.7600002289,20.7600002289
2023.11.27,20.6800003052,20.7600002289,20.5000000000,20.5499992371
2023.11.28,20.7000007629,20.9500007629,20.6399993896,20.8600006104
2023.11.29,20.9899997711,21.1100006104,20.7399997711,21.0699996948
2023.11.30,21.1900005341,21.2999992371,20.6599998474,20.6800003052
2023.12.01,20.7000007629,20.8999996185,20.4500007629,20.4899997711
2023.12.04,20.3500003815,20.5400009155,20.2299995422,20.3299999237
2023.12.05,20.3799991608,20.4699993134,20.1800003052,20.1800003052
2023.12.06,19.9599990845,20.0100002289,19.6200008392,19.6200008392
2023.12.07,19.7800006866,19.8099994659,19.5900001526,19.7099990845
2023.12.08,19.8700008392,20.0100002289,19.8199996948,19.9200000763
2023.12.11,19.8299999237,19.9200000763,19.7199993134,19.8799991608
2023.12.12,19.5499992371,19.5900001526,19.4099998474,19.4699993134
2023.12.13,19.4799995422,19.6800003052,19.4500007629,19.6800003052
2023.12.14,19.9699993134,20.1200008392,19.9699993134,20.0799999237
2023.12.15,20.0900001526,20.1700000763,19.9099998474,20.1499996185
2023.12.18,20.4300003052,20.5499992371,20.2199993134,20.3199996948
2023.12.19,20.3099994659,20.5300006866,20.2900009155,20.5200004578
2023.12.20,20.6100006104,20.6399993896,20.3099994659,20.3099994659
2023.12.21,20.2500000000,20.4099998474,20.2500000000,20.4099998474
2023.12.22,20.4899997711,20.5599994659,20.3199996948,20.3299999237
2023.12.26,20.6100006104,20.7299995422,20.3799991608,20.6200008392
2023.12.27,20.6100006104,20.6700000763,20.4599990845,20.4799995422
2023.12.28,20.3500003815,20.4599990845,20.1499996185,20.1800003052
2023.12.29,20.2399997711,20.2600002289,20.0499992371,20.0599994659
2024.01.02,20.1900005341,20.2000007629,19.8099994659,19.8500003815
2024.01.03,20.0499992371,20.2700004578,20.0100002289,20.2500000000
2024.01.04,20.2099990845,20.2600002289,19.9699993134,20.1900005341
2024.01.05,20.3199996948,20.4200000763,20.2299995422,20.3299999237
2024.01.08,19.8400001526,19.9799995422,19.7399997711,19.9500007629
2024.01.09,20.1399993896,20.3199996948,20.0400009155,20.1800003052
2024.01.10,20.3199996948,20.3500003815,19.9899997711,20.0200004578
2024.01.11,20.3299999237,20.4300003052,20.1800003052,20.2500000000
2024.01.12,20.5699996948,20.6499996185,20.2000007629,20.2900009155
2024.01.16,20.3500003815,20.3500003815,20.1299991608,20.1399993896
2024.01.17,20.0200004578,20.1700000763,19.9599990845,20.1599998474
2024.01.18,20.1900005341,20.4099998474,20.1200008392,20.3700008392
2024.01.19,20.4899997711,20.5300006866,20.2999992371,20.3500003815
2024.01.22,20.3299999237,20.6000003815,20.3099994659,20.5000000000
2024.01.23,20.4699993134,20.6700000763,20.4699993134,20.5900001526
2024.01.24,20.7000007629,20.8299999237,20.6100006104,20.7700004578
2024.01.25,20.9599990845,21.1000003815,20.8400001526,21.0599994659
2024.01.26,21.0100002289,21.2600002289,20.8700008392,21.2500000000
2024.01.29,21.1200008392,21.1399993896,20.9400005341,21.0200004578
2024.01.30,20.9699993134,21.2199993134,20.9599990845,21.2000007629
2024.01.31,21.1299991608,21.1599998474,20.8999996185,20.9400005341
2024.02.01,20.9899997711,21.0599994659,20.6000003815,20.6399993896
2024.02.02,20.4400005341,20.5200004578,20.3400001526,20.3700008392
2024.02.05,20.3899993896,20.5000000000,20.2500000000,20.4699993134
2024.02.06,20.5300006866,20.6599998474,20.5100002289,20.5900001526
2024.02.07,20.6299991608,20.7500000000,20.6299991608,20.7199993134
2024.02.08,20.8500003815,21.0499992371,20.8500003815,21.0300006866
2024.02.09,21.1000003815,21.1900005341,21.0300006866,21.0699996948
2024.02.12,21.0799999237,21.1399993896,21.0200004578,21.1100006104
2024.02.13,21.1200008392,21.1900005341,21.0200004578,21.0799999237
2024.02.14,21.1200008392,21.2000007629,20.8400001526,20.8500003815
2024.02.15,20.8899993896,21.1100006104,20.8899993896,21.0100002289
2024.02.16,21.0000000000,21.1399993896,20.9799995422,21.1100006104
2024.02.20,21.1000003815,21.1200008392,20.8999996185,21.0000000000
2024.02.21,21.0000000000,21.0900001526,20.9799995422,21.0900001526
2024.02.22,21.0000000000,21.2000007629,20.9899997711,21.1599998474
2024.02.23,20.9200000763,20.9500007629,20.8099994659,20.8600006104
2024.02.26,20.8299999237,21.1100006104,20.8099994659,21.0499992371
2024.02.27,21.1200008392,21.2500000000,21.1100006104,21.2199993134
2024.02.28,21.2299995422,21.2800006866,21.0699996948,21.1000003815
2024.02.29,21.0799999237,21.2500000000,21.0300006866,21.1200008392
2024.03.01,21.2900009155,21.4799995422,21.2299995422,21.3500003815
2024.03.04,21.4500007629,21.4699993134,21.2199993134,21.2700004578
2024.03.05,21.1900005341,21.2900009155,21.0699996948,21.1100006104
2024.03.06,21.2999992371,21.4500007629,21.2600002289,21.2700004578
2024.03.07,21.2199993134,21.4500007629,21.2000007629,21.3400001526
2024.03.08,21.2800006866,21.2900009155,21.1100006104,21.1900005341
2024.03.11,21.1399993896,21.3500003815,21.0599994659,21.3099994659
2024.03.12,21.2600002289,21.3899993896,21.2000007629,21.2800006866
2024.03.13,21.4799995422,21.6299991608,21.4799995422,21.6100006104
2024.03.14,21.6700000763,21.7900009155,21.6499996185,21.7199993134
2024.03.15,21.7000007629,21.8199996948,21.6599998474,21.8099994659
2024.03.18,21.9300003052,22.1200008392,21.8999996185,22.1000003815
2024.03.19,22.0699996948,22.1299991608,22.0400009155,22.1000003815
2024.03.20,21.8700008392,21.9500007629,21.7700004578,21.9300003052
2024.03.21,21.9200000763,21.9200000763,21.7500000000,21.8799991608
2024.03.22,21.8999996185,21.8999996185,21.7700004578,21.7999992371
2024.03.25,21.8899993896,22.0900001526,21.8799991608,21.9799995422
2024.03.26,22.0200004578,22.0200004578,21.7900009155,21.8099994659
2024.03.27,21.7099990845,21.8299999237,21.7000007629,21.8299999237
2024.03.28,21.9099998474,22.1200008392,21.9099998474,22.0599994659
2024.04.01,22.1200008392,22.3099994659,22.0699996948,22.2199993134
2024.04.02,22.3799991608,22.4500007629,22.2900009155,22.4300003052
2024.04.03,22.6000003815,22.6700000763,22.5699996948,22.6000003815
2024.04.04,22.5900001526,22.8600006104,22.5000000000,22.7700004578
2024.04.05,22.8700008392,22.9699993134,22.7700004578,22.8400001526
2024.04.08,22.8700008392,22.8999996185,22.6399993896,22.7999992371
2024.04.09,22.8299999237,22.8299999237,22.6100006104,22.6800003052
2024.04.10,22.7199993134,22.7900009155,22.5300006866,22.7800006866
2024.04.11,22.6800003052,22.7000007629,22.5499992371,22.6700000763
2024.04.12,22.9599990845,23.0799999237,22.6599998474,22.6900005341
2024.04.15,22.6599998474,22.7800006866,22.4899997711,22.7399997711
2024.04.16,22.6599998474,22.7500000000,22.5799999237,22.7000007629
2024.04.17,22.5300006866,22.6499996185,22.2600002289,22.2999992371
2024.04.18,22.3400001526,22.4300003052,22.2399997711,22.2900009155
2024.04.19,22.3600006104,22.5599994659,22.3400001526,22.4699993134
2024.04.22,22.2800006866,22.5000000000,22.2700004578,22.5000000000
2024.04.23,22.2600002289,22.6399993896,22.2600002289,22.6299991608
2024.04.24,22.5499992371,22.6700000763,22.4899997711,22.5300006866
2024.04.25,22.5400009155,22.7099990845,22.4300003052,22.7099990845
2024.04.26,22.7999992371,22.7999992371,22.6299991608,22.6700000763
2024.04.29,22.6700000763,22.7299995422,22.5499992371,22.5900001526
2024.04.30,22.4200000763,22.4400005341,22.1900005341,22.2700004578
2024.05.01,22.0699996948,22.2199993134,21.7999992371,21.8299999237
2024.05.02,21.8400001526,21.9300003052,21.7299995422,21.8600006104
2024.05.03,21.9099998474,21.9500007629,21.8299999237,21.8500003815
2024.05.06,21.9400005341,22.1100006104,21.9400005341,22.0400009155
2024.05.07,21.9799995422,22.1299991608,21.9400005341,22.0300006866
2024.05.08,21.8799991608,22.0300006866,21.8299999237,22.0200004578
2024.05.09,22.0300006866,22.1399993896,22.0200004578,22.1299991608
2024.05.10,22.1599998474,22.2000007629,21.9799995422,21.9899997711
2024.05.13,22.0400009155,22.1900005341,22.0300006866,22.1200008392
2024.05.14,21.9899997711,22.0699996948,21.8899993896,21.9599990845
2024.05.15,21.9400005341,22.1000003815,21.7999992371,22.0900001526
2024.05.16,22.2000007629,22.2399997711,22.1399993896,22.1800003052
2024.05.17,22.3500003815,22.4400005341,22.2800006866,22.4300003052
2024.05.20,22.4300003052,22.6100006104,22.4099998474,22.5200004578
2024.05.21,22.4699993134,22.5499992371,22.3600006104,22.4400005341
2024.05.22,22.2999992371,22.3500003815,22.1700000763,22.2000007629
2024.05.23,22.3999996185,22.4400005341,22.0599994659,22.1000003815
2024.05.24,22.1499996185,22.2700004578,22.1499996185,22.2199993134
2024.05.28,22.5200004578,22.6800003052,22.4699993134,22.6700000763
2024.05.29,22.6100006104,22.6200008392,22.3899993896,22.3899993896
2024.05.30,22.2199993134,22.3099994659,22.0499992371,22.0799999237
2024.05.31,22.1499996185,22.1700000763,21.8400001526,21.9500007629
2024.06.03,21.8899993896,21.8899993896,21.4899997711,21.5499992371
2024.06.04,21.3400001526,21.4200000763,21.2299995422,21.3299999237
2024.06.05,21.3700008392,21.4799995422,21.2700004578,21.4799995422
2024.06.06,21.5499992371,21.7900009155,21.5400009155,21.7900009155
2024.06.07,21.6499996185,21.7099990845,21.5200004578,21.5300006866
2024.06.10,21.6800003052,21.9200000763,21.6499996185,21.9200000763
2024.06.11,21.8400001526,22.0100002289,21.8199996948,21.9200000763
2024.06.12,22.1700000763,22.1900005341,21.9699993134,22.0200004578
2024.06.13,22.1000003815,22.1499996185,21.9899997711,22.0000000000
2024.06.14,22.1499996185,22.1800003052,22.0000000000,22.0000000000
2024.06.17,22.0200004578,22.1700000763,21.9799995422,22.1700000763
2024.06.18,22.1499996185,22.3299999237,22.1499996185,22.3199996948
2024.06.20,22.3999996185,22.4500007629,22.3099994659,22.3600006104
2024.06.21,22.3500003815,22.3799991608,22.1399993896,22.1499996185
2024.06.24,22.1100006104,22.3500003815,22.1100006104,22.3500003815
2024.06.25,22.2600002289,22.2900009155,22.0900001526,22.0900001526
2024.06.26,22.0799999237,22.2600002289,22.0599994659,22.1000003815
2024.06.27,22.3099994659,22.3400001526,22.1800003052,22.2999992371
2024.06.28,22.3400001526,22.3500003815,22.1399993896,22.1499996185
2024.07.01,22.2500000000,22.4599990845,22.1700000763,22.4300003052
2024.07.02,22.5499992371,22.5799999237,22.3999996185,22.4699993134
2024.07.03,22.4500007629,22.5699996948,22.4300003052,22.5300006866
2024.07.05,22.6399993896,22.7299995422,22.5300006866,22.5699996948
2024.07.08,22.3999996185,22.4300003052,22.2500000000,22.2500000000
2024.07.09,22.2299995422,22.3099994659,22.0699996948,22.1200008392
2024.07.10,22.0400009155,22.1900005341,21.9799995422,22.1399993896
2024.07.11,21.9200000763,22.2600002289,21.9200000763,22.2500000000
2024.07.12,22.2199993134,22.2399997711,22.1299991608,22.1599998474
2024.07.15,22.0599994659,22.1000003815,21.9899997711,21.9899997711
2024.07.16,21.7700004578,21.9200000763,21.7700004578,21.8799991608
2024.07.17,21.9699993134,22.0400009155,21.9400005341,22.0000000000
2024.07.18,21.9699993134,22.0100002289,21.8199996948,21.8299999237
2024.07.19,21.7600002289,21.8899993896,21.5100002289,21.5100002289
2024.07.22,21.4400005341,21.6000003815,21.3899993896,21.6000003815
2024.07.23,21.4599990845,21.4899997711,21.3299999237,21.4400005341
2024.07.24,21.4099998474,21.5799999237,21.4099998474,21.4099998474
2024.07.25,21.2900009155,21.5300006866,21.2000007629,21.4799995422
2024.07.26,21.4099998474,21.4099998474,21.2000007629,21.2399997711
2024.07.29,21.2800006866,21.3400001526,21.0000000000,21.0499992371
2024.07.30,20.8999996185,20.9899997711,20.8799991608,20.9899997711
2024.07.31,21.2800006866,21.5300006866,21.2099990845,21.5100002289
2024.08.01,21.4799995422,21.5000000000,21.0599994659,21.1499996185
2024.08.02,20.8600006104,20.8700008392,20.6299991608,20.7600002289
2024.08.05,20.3600006104,20.6800003052,20.3299999237,20.6599998474
2024.08.06,20.4599990845,20.7099990845,20.4400005341,20.5799999237
2024.08.07,20.7999992371,20.9699993134,20.7700004578,20.8600006104
2024.08.08,20.8700008392,21.0300006866,20.8299999237,20.9799995422
2024.08.09,21.0900001526,21.1399993896,21.0100002289,21.1100006104
2024.08.12,21.2900009155,21.5599994659,21.2399997711,21.5000000000
2024.08.13,21.4400005341,21.4400005341,21.2500000000,21.2800006866
2024.08.14,21.2900009155,21.3400001526,21.1499996185,21.2000007629
2024.08.15,21.3099994659,21.4599990845,21.3099994659,21.3099994659
2024.08.16,21.1200008392,21.2099990845,21.0499992371,21.1399993896
2024.08.19,21.1499996185,21.2099990845,20.9300003052,21.0000000000
2024.08.20,21.0400009155,21.0900001526,20.8600006104,20.8999996185
2024.08.21,20.9500007629,21.0300006866,20.6599998474,20.7199993134
2024.08.22,20.6900005341,20.8799991608,20.6800003052,20.7800006866
2024.08.23,21.0300006866,21.1700000763,21.0200004578,21.1499996185
2024.08.26,21.4599990845,21.5400009155,21.4300003052,21.4500007629
2024.08.27,21.3999996185,21.4300003052,21.2800006866,21.3199996948
2024.08.28,21.1000003815,21.2099990845,21.0300006866,21.0699996948
2024.08.29,21.2299995422,21.3500003815,21.1700000763,21.3099994659
2024.08.30,21.1499996185,21.1499996185,20.9899997711,21.0400009155
2024.09.03,20.6700000763,20.6700000763,20.5000000000,20.5699996948
2024.09.04,20.4400005341,20.6100006104,20.3099994659,20.3299999237
2024.09.05,20.4899997711,20.6100006104,20.3299999237,20.3799991608
2024.09.06,20.4899997711,20.5200004578,19.9699993134,20.0900001526
2024.09.09,20.0499992371,20.2299995422,19.9699993134,20.1900005341
2024.09.10,20.1900005341,20.2000007629,19.7299995422,19.8400001526
2024.09.11,20.0300006866,20.1399993896,19.7800006866,20.0699996948
2024.09.12,20.2399997711,20.4899997711,20.1800003052,20.4300003052
2024.09.13,20.5300006866,20.6100006104,20.3500003815,20.4300003052
2024.09.16,20.5799999237,20.6599998474,20.5100002289,20.6000003815
2024.09.17,20.6100006104,20.8199996948,20.6100006104,20.7600002289
2024.09.18,20.7099990845,20.8500003815,20.6100006104,20.6100006104
2024.09.19,20.8799991608,21.0499992371,20.8500003815,21.0100002289
2024.09.20,20.9300003052,21.0599994659,20.8700008392,21.0300006866
2024.09.23,21.1000003815,21.2199993134,20.8899993896,21.0400009155
2024.09.24,21.3799991608,21.3799991608,21.2500000000,21.3400001526
2024.09.25,21.2099990845,21.2800006866,21.0499992371,21.1200008392
2024.09.26,20.8999996185,21.0400009155,20.8099994659,20.8799991608
2024.09.27,20.8600006104,21.0599994659,20.7999992371,21.0599994659
2024.09.30,20.9500007629,21.1000003815,20.8799991608,21.0000000000
2024.10.01,20.9099998474,21.5900001526,20.8899993896,21.3600006104
2024.10.02,21.6499996185,21.7199993134,21.3799991608,21.5499992371
2024.10.03,21.6000003815,21.9799995422,21.5799999237,21.9400005341
2024.10.04,21.9799995422,22.1299991608,21.9200000763,21.9899997711
2024.10.07,22.0699996948,22.3600006104,22.0599994659,22.3500003815
2024.10.08,21.9300003052,21.9300003052,21.5699996948,21.7600002289
2024.10.09,21.4599990845,21.6100006104,21.3199996948,21.6100006104
2024.10.10,21.7500000000,22.0699996948,21.6900005341,22.0499992371
2024.10.11,21.9799995422,22.1399993896,21.9599990845,22.0400009155
2024.10.14,21.7500000000,21.8299999237,21.6499996185,21.6900005341
2024.10.15,21.1499996185,21.2199993134,21.0499992371,21.2000007629
2024.10.16,21.1399993896,21.2000007629,21.0200004578,21.1499996185
2024.10.17,21.0499992371,21.1700000763,20.9699993134,21.1399993896
2024.10.18,21.0699996948,21.0799999237,20.8899993896,20.9899997711
2024.10.21,21.1499996185,21.2299995422,21.0499992371,21.1299991608
2024.10.22,21.2600002289,21.5200004578,21.2600002289,21.4400005341
2024.10.23,21.3400001526,21.4500007629,21.2900009155,21.3799991608
2024.10.24,21.4599990845,21.5200004578,21.1900005341,21.3400001526
2024.10.25,21.4300003052,21.5300006866,21.3700008392,21.5200004578
2024.10.28,20.8099994659,20.9200000763,20.7900009155,20.8899993896
2024.10.29,20.8400001526,20.8999996185,20.7099990845,20.8199996948
2024.10.30,20.9400005341,21.0799999237,20.8799991608,21.0799999237
2024.10.31,21.1299991608,21.3299999237,21.0300006866,21.2999992371
2024.11.01,21.3600006104,21.3899993896,21.0699996948,21.0699996948
2024.11.04,21.3799991608,21.4799995422,21.3099994659,21.4500007629
2024.11.05,21.6000003815,21.6399993896,21.4300003052,21.5200004578
2024.11.06,21.1399993896,21.5100002289,21.1200008392,21.3999996185
2024.11.07,21.3999996185,21.6399993896,21.3199996948,21.5499992371
2024.11.08,21.3899993896,21.3899993896,21.1700000763,21.2199993134
2024.11.11,20.9400005341,20.9699993134,20.8400001526,20.8899993896
2024.11.12,21.0000000000,21.0300006866,20.8299999237,20.8299999237
2024.11.13,20.7700004578,20.9200000763,20.6299991608,20.7999992371
2024.11.14,21.0200004578,21.0200004578,20.7600002289,20.8099994659
2024.11.15,20.8400001526,20.9099998474,20.6700000763,20.7000007629
2024.11.18,20.9099998474,21.1700000763,20.8899993896,21.1299991608
2024.11.19,21.2099990845,21.2600002289,21.0699996948,21.2000007629
2024.11.20,21.2800006866,21.2900009155,21.1800003052,21.2299995422
2024.11.21,21.4200000763,21.4200000763,21.2900009155,21.4099998474
2024.11.22,21.3400001526,21.5400009155,21.3199996948,21.4799995422
2024.11.25,21.3400001526,21.4300003052,21.1599998474,21.2000007629
2024.11.26,21.2800006866,21.4200000763,21.0599994659,21.1499996185
2024.11.27,21.1100006104,21.2299995422,21.0400009155,21.1200008392
2024.11.29,21.2399997711,21.2999992371,21.1399993896,21.1399993896
2024.12.02,21.1000003815,21.1299991608,20.9300003052,21.0000000000
2024.12.03,21.1700000763,21.2999992371,21.1200008392,21.2700004578
2024.12.04,21.2999992371,21.3099994659,21.0499992371,21.0900001526
2024.12.05,21.1299991608,21.1900005341,21.0100002289,21.0699996948
2024.12.06,20.9599990845,21.0000000000,20.8600006104,20.9099998474
2024.12.09,21.1499996185,21.2600002289,21.1399993896,21.1499996185
2024.12.10,21.1800003052,21.3099994659,21.1599998474,21.2399997711
2024.12.11,21.3899993896,21.5400009155,21.3400001526,21.5000000000
2024.12.12,21.2999992371,21.5000000000,21.2900009155,21.4799995422
2024.12.13,21.5100002289,21.5900001526,21.4699993134,21.5699996948
2024.12.16,21.5499992371,21.5499992371,21.4099998474,21.4099998474
2024.12.17,21.2500000000,21.3299999237,21.1299991608,21.3299999237
2024.12.18,21.3700008392,21.4599990845,21.1900005341,21.1900005341
2024.12.19,21.3600006104,21.3600006104,21.1200008392,21.1399993896
2024.12.20,21.1299991608,21.5100002289,21.1000003815,21.5100002289
2024.12.23,21.2999992371,21.2999992371,21.1399993896,21.2800006866
2024.12.24,21.3899993896,21.4599990845,21.3600006104,21.3899993896
2024.12.26,21.4400005341,21.4500007629,21.2999992371,21.3400001526
2024.12.27,21.4599990845,21.4899997711,21.3899993896,21.4200000763
2024.12.30,21.7500000000,21.8199996948,21.6399993896,21.6599998474
2024.12.31,21.6900005341,21.7900009155,21.6499996185,21.7700004578
2025.01.02,21.9799995422,22.1100006104,21.9699993134,21.9899997711
2025.01.03,21.9699993134,21.9699993134,21.8999996185,21.9500007629
2025.01.06,22.1499996185,22.2399997711,21.9400005341,21.9699993134
2025.01.07,22.0699996948,22.1200008392,22.0300006866,22.0699996948
2025.01.08,22.0499992371,22.1200008392,21.8799991608,21.9899997711
2025.01.10,22.7500000000,22.8199996948,22.4799995422,22.7099990845
2025.01.13,22.8600006104,23.0100002289,22.8199996948,22.8999996185
2025.01.14,22.8400001526,22.8799991608,22.7800006866,22.8400001526
2025.01.15,22.9799995422,23.3199996948,22.9799995422,23.3099994659
2025.01.16,23.1800003052,23.1800003052,22.9400005341,23.1299991608
2025.01.17,23.0200004578,23.1499996185,22.9699993134,23.0499992371
2025.01.21,22.8500003815,22.9200000763,22.7999992371,22.8999996185
2025.01.22,22.8299999237,22.9099998474,22.8099994659,22.8199996948
2025.01.23,22.8799991608,22.9400005341,22.7099990845,22.7299995422
2025.01.24,22.8199996948,22.8500003815,22.7000007629,22.7900009155
2025.01.27,22.6100006104,22.6599998474,22.3299999237,22.4699993134
2025.01.28,22.5699996948,22.5799999237,22.4300003052,22.5699996948
2025.01.29,22.5300006866,22.6499996185,22.4799995422,22.5599994659
2025.01.30,22.5699996948,22.6700000763,22.5100002289,22.5699996948
2025.01.31,22.4500007629,22.5599994659,22.3500003815,22.5200004578
2025.02.03,22.6200008392,22.6900005341,22.4899997711,22.6499996185
2025.02.04,22.3299999237,22.7600002289,22.2900009155,22.6700000763
2025.02.05,22.5000000000,22.6000003815,22.4699993134,22.5400009155
2025.02.06,22.5799999237,22.5799999237,22.3700008392,22.4599990845
2025.02.07,22.5699996948,22.6000003815,22.4699993134,22.5000000000
2025.02.10,22.7000007629,22.8400001526,22.6900005341,22.8299999237
2025.02.11,22.9300003052,22.9899997711,22.8999996185,22.9200000763
2025.02.12,22.8099994659,22.8500003815,22.6700000763,22.6700000763
2025.02.13,22.6000003815,22.7999992371,22.6000003815,22.7999992371
2025.02.14,22.9200000763,22.9300003052,22.7000007629,22.7000007629
2025.02.18,22.8799991608,23.0200004578,22.8299999237,23.0100002289
2025.02.19,23.1800003052,23.2000007629,23.0100002289,23.1100006104
2025.02.20,23.1599998474,23.1800003052,23.0900001526,23.0900001526
2025.02.21,22.9699993134,22.9699993134,22.6900005341,22.7000007629
2025.02.24,22.6800003052,22.7099990845,22.6200008392,22.6900005341
2025.02.25,22.6000003815,22.6100006104,22.2999992371,22.4099998474
2025.02.26,22.2999992371,22.3400001526,22.2299995422,22.2999992371
2025.02.27,22.3899993896,22.4500007629,22.3099994659,22.3299999237
2025.02.28,22.2500000000,22.2500000000,22.1200008392,22.1900005341
2025.03.03,22.2199993134,22.2600002289,21.8799991608,21.9699993134
2025.03.04,21.9099998474,22.0499992371,21.7399997711,22.0300006866
2025.03.05,21.8199996948,21.9200000763,21.6800003052,21.9200000763
2025.03.06,21.8700008392,21.9400005341,21.7999992371,21.8400001526
2025.03.07,22.0499992371,22.1900005341,21.9500007629,22.0599994659
2025.03.10,22.0900001526,22.1299991608,21.8600006104,21.8700008392
2025.03.11,22.0799999237,22.1399993896,21.9699993134,21.9899997711
2025.03.12,22.0400009155,22.1299991608,22.0300006866,22.0799999237
2025.03.13,22.0100002289,22.1299991608,21.9500007629,21.9500007629
2025.03.14,21.9599990845,22.0799999237,21.9300003052,22.0699996948
2025.03.17,22.1800003052,22.2800006866,22.1700000763,22.2399997711
2025.03.18,22.3400001526,22.3600006104,22.1299991608,22.1399993896
2025.03.19,22.1800003052,22.3299999237,22.1700000763,22.3099994659
2025.03.20,22.5499992371,22.5499992371,22.1700000763,22.3999996185
2025.03.21,22.3500003815,22.3700008392,22.2900009155,22.2999992371
2025.03.24,22.3899993896,22.4699993134,22.3400001526,22.4400005341
2025.03.25,22.5100002289,22.5599994659,22.3400001526,22.4599990845
2025.03.26,22.4799995422,22.5699996948,22.4400005341,22.4400005341
2025.03.27,22.3899993896,22.5100002289,22.3299999237,22.5000000000
2025.03.28,22.5100002289,22.5100002289,22.3500003815,22.3899993896
2025.03.31,22.5599994659,22.7800006866,22.4599990845,22.7700004578
2025.04.01,22.7999992371,22.8500003815,22.7299995422,22.7700004578
2025.04.02,22.7099990845,22.9200000763,22.7099990845,22.9200000763
2025.04.03,21.9599990845,22.0699996948,21.9200000763,21.9699993134
2025.04.04,21.0100002289,21.2000007629,20.6900005341,21.0300006866
2025.04.07,20.7299995422,21.3500003815,20.5900001526,20.6299991608
2025.04.08,20.8500003815,20.8999996185,20.1200008392,20.1900005341
2025.04.09,20.0200004578,21.1800003052,19.8600006104,21.1399993896
2025.04.10,20.7299995422,20.7999992371,20.5300006866,20.7500000000
2025.04.11,20.7800006866,21.1399993896,20.7800006866,21.1200008392
2025.04.14,21.1700000763,21.1900005341,20.9699993134,21.1200008392
2025.04.15,21.0300006866,21.1100006104,20.9599990845,21.0599994659
2025.04.16,21.1599998474,21.3700008392,21.1599998474,21.3600006104
2025.04.17,21.4599990845,21.6800003052,21.4300003052,21.5900001526
2025.04.21,21.4599990845,21.4899997711,21.3199996948,21.4099998474
2025.04.22,21.5100002289,21.7099990845,21.5000000000,21.5599994659
2025.04.23,21.5100002289,21.6499996185,21.2600002289,21.3999996185
2025.04.24,21.5300006866,21.5900001526,21.3700008392,21.5799999237
2025.04.25,21.4500007629,21.6299991608,21.4500007629,21.6000003815
2025.04.28,21.5400009155,21.5799999237,21.4200000763,21.5100002289
2025.04.29,21.3600006104,21.3899993896,21.1800003052,21.1800003052
2025.04.30,21.0300006866,21.1100006104,20.7399997711,20.7500000000
2025.05.01,20.7600002289,20.9500007629,20.6499996185,20.8799991608
2025.05.02,21.0300006866,21.0300006866,20.8199996948,20.9699993134
2025.05.05,20.8299999237,20.8700008392,20.7099990845,20.7800006866
2025.05.06,21.1200008392,21.2199993134,21.0699996948,21.0799999237
2025.05.07,21.0499992371,21.0699996948,20.8199996948,20.8400001526
2025.05.08,21.0000000000,21.1599998474,21.0000000000,21.1499996185
2025.05.09,21.3099994659,21.3899993896,21.2700004578,21.3500003815
2025.05.12,21.6700000763,21.7199993134,21.4599990845,21.4899997711
2025.05.13,21.5699996948,21.8400001526,21.5699996948,21.7700004578
2025.05.14,21.7000007629,21.7600002289,21.6000003815,21.6000003815
2025.05.15,21.4400005341,21.4699993134,21.2900009155,21.4699993134
2025.05.16,21.4400005341,21.4899997711,21.3500003815,21.4400005341
2025.05.19,21.4300003052,21.5400009155,21.3700008392,21.4599990845
2025.05.20,21.4899997711,21.6599998474,21.4400005341,21.6599998474
2025.05.21,21.7399997711,21.7399997711,21.5400009155,21.5400009155
2025.05.22,21.4099998474,21.4799995422,21.3500003815,21.3899993896
2025.05.23,21.3600006104,21.5799999237,21.3600006104,21.5599994659
2025.05.27,21.4200000763,21.4400005341,21.2800006866,21.4099998474
2025.05.28,21.5200004578,21.5300006866,21.3199996948,21.3299999237
2025.05.29,21.3400001526,21.3400001526,21.1900005341,21.2600002289
2025.05.30,21.1900005341,21.1900005341,21.0300006866,21.1700000763
2025.06.02,21.7000007629,21.7000007629,21.4899997711,21.6000003815
2025.06.03,21.6000003815,21.7500000000,21.5699996948,21.7000007629
2025.06.04,21.6599998474,21.7900009155,21.5300006866,21.6399993896
2025.06.05,21.8400001526,21.8999996185,21.7500000000,21.7600002289
2025.06.06,21.8299999237,22.0100002289,21.8299999237,21.9799995422
2025.06.09,21.9799995422,22.0900001526,21.9099998474,22.0400009155
2025.06.10,22.0599994659,22.1499996185,21.9200000763,21.9799995422
2025.06.11,22.1700000763,22.4200000763,22.1100006104,22.3700008392
2025.06.12,22.2999992371,22.4200000763,22.2500000000,22.3799991608
2025.06.13,23.0100002289,23.1900005341,22.8600006104,23.0400009155
2025.06.16,22.9699993134,23.0499992371,22.5900001526,22.9899997711
2025.06.17,23.2600002289,23.5400009155,23.2299995422,23.4799995422
2025.06.18,23.5900001526,23.6599998474,23.2700004578,23.5200004578
2025.06.20,23.5699996948,23.6499996185,23.5100002289,23.5900001526
2025.06.23,23.5799999237,23.6299991608,22.6800003052,22.6800003052
2025.06.24,22.1800003052,22.2099990845,21.9599990845,22.1100006104
2025.06.25,22.0000000000,22.2000007629,21.9899997711,22.0599994659
2025.06.26,22.0900001526,22.2299995422,22.0499992371,22.1299991608
2025.06.27,22.1000003815,22.1800003052,22.0000000000,22.1000003815
2025.06.30,22.1299991608,22.1299991608,22.0000000000,22.0400009155
2025.07.01,22.1000003815,22.1599998474,22.0499992371,22.1599998474
2025.07.02,22.2000007629,22.5499992371,22.1499996185,22.5300006866
2025.07.03,22.5000000000,22.5699996948,22.4200000763,22.4599990845
2025.07.07,22.3899993896,22.5499992371,22.3500003815,22.5000000000
2025.07.08,22.4599990845,22.6599998474,22.4300003052,22.5499992371
2025.07.09,22.4300003052,22.6100006104,22.4200000763,22.5499992371
2025.07.10,22.4099998474,22.4699993134,22.3299999237,22.3899993896
2025.07.11,22.5200004578,22.7000007629,22.5200004578,22.6800003052
2025.07.14,22.6800003052,22.6800003052,22.4400005341,22.4500007629
2025.07.15,22.3999996185,22.5100002289,22.3799991608,22.4099998474
2025.07.16,22.3199996948,22.4899997711,22.2600002289,22.4799995422
2025.07.17,22.4599990845,22.6499996185,22.4400005341,22.6499996185
2025.07.18,22.8700008392,22.9500007629,22.6700000763,22.7099990845
2025.07.21,22.6399993896,22.7000007629,22.5599994659,22.6700000763
2025.07.22,22.5799999237,22.6299991608,22.5100002289,22.6100006104
2025.07.23,22.5499992371,22.6000003815,22.4599990845,22.6000003815
2025.07.24,22.6100006104,22.6700000763,22.4899997711,22.6299991608
2025.07.25,22.5699996948,22.6000003815,22.4200000763,22.4200000763
2025.07.28,22.6700000763,22.7099990845,22.5799999237,22.7099990845
2025.07.29,22.7099990845,23.0599994659,22.6700000763,23.0000000000
2025.07.30,22.9699993134,23.1299991608,22.8199996948,23.0499992371
2025.07.31,22.9099998474,22.9599990845,22.7399997711,22.7999992371
2025.08.01,22.8299999237,22.8500003815,22.4699993134,22.5100002289
2025.08.04,22.2900009155,22.5000000000,22.2900009155,22.3799991608
2025.08.05,22.2800006866,22.3500003815,22.2299995422,22.2299995422
2025.08.06,22.4799995422,22.5499992371,22.1200008392,22.1900005341
2025.08.07,22.2900009155,22.3400001526,22.2099990845,22.2299995422
2025.08.08,22.3400001526,22.4200000763,22.1299991608,22.1800003052
2025.08.11,22.2500000000,22.2999992371,22.1700000763,22.2500000000
2025.08.12,22.1399993896,22.2000007629,22.1000003815,22.1200008392
2025.08.13,22.1299991608,22.1499996185,21.9300003052,22.0799999237
2025.08.14,22.1200008392,22.1599998474,22.0499992371,22.1499996185
2025.08.15,22.0499992371,22.1800003052,22.0400009155,22.1299991608
2025.08.18,22.0200004578,22.2500000000,21.9699993134,22.1800003052
2025.08.19,22.0400009155,22.1100006104,22.0200004578,22.0599994659
2025.08.20,22.1900005341,22.3199996948,22.1700000763,22.2999992371
2025.08.21,22.3199996948,22.4899997711,22.2900009155,22.4599990845
2025.08.22,22.4200000763,22.6000003815,22.4200000763,22.5699996948
2025.08.25,22.6599998474,22.7800006866,22.6100006104,22.7099990845
2025.08.26,22.5499992371,22.6299991608,22.4699993134,22.5200004578
2025.08.27,22.5000000000,22.6399993896,22.5000000000,22.5900001526
2025.08.28,22.6399993896,22.7600002289,22.5300006866,22.7199993134
2025.08.29,22.7399997711,22.7900009155,22.7000007629,22.7700004578
2025.09.02,22.9099998474,23.1299991608,22.8400001526,23.1200008392
2025.09.03,23.0300006866,23.0400009155,22.8500003815,22.8799991608
2025.09.04,22.7099990845,22.7800006866,22.6599998474,22.7500000000
2025.09.05,22.6299991608,22.6299991608,22.4799995422,22.5499992371
2025.09.08,22.7199993134,22.7399997711,22.5900001526,22.7099990845
2025.09.09,22.8299999237,22.8600006104,22.6800003052,22.7000007629
2025.09.10,22.7199993134,22.8999996185,22.7199993134,22.8600006104
2025.09.11,22.6000003815,22.7500000000,22.6000003815,22.6700000763
2025.09.12,22.8600006104,22.9400005341,22.7500000000,22.7600002289
2025.09.15,22.9200000763,23.0599994659,22.9200000763,23.0300006866
2025.09.16,23.1499996185,23.2700004578,23.1399993896,23.2399997711
2025.09.17,23.1499996185,23.1599998474,22.9300003052,22.9799995422
2025.09.18,22.9599990845,23.0100002289,22.8199996948,22.8799991608
2025.09.19,22.7500000000,22.8600006104,22.7000007629,22.7099990845
2025.09.22,22.6200008392,22.7600002289,22.5699996948,22.7500000000
2025.09.23,22.8500003815,23.0200004578,22.8500003815,23.0000000000
2025.09.24,23.1200008392,23.1900005341,23.0799999237,23.1599998474
2025.09.25,23.1700000763,23.2900009155,23.0799999237,23.2700004578
2025.09.26,23.2600002289,23.4599990845,23.2600002289,23.3099994659
2025.09.29,23.1200008392,23.1499996185,23.0300006866,23.0300006866
2025.09.30,22.9099998474,23.0300006866,22.8999996185,22.9699993134
2025.10.01,22.8099994659,22.9400005341,22.7700004578,22.9200000763
2025.10.02,22.8199996948,22.8799991608,22.6200008392,22.6900005341
2025.10.03,22.7199993134,22.8299999237,22.7099990845,22.7500000000
2025.10.06,22.8600006104,22.9899997711,22.8600006104,22.9699993134
2025.10.07,22.9300003052,23.0599994659,22.9099998474,23.0499992371
2025.10.08,23.1299991608,23.1900005341,23.0900001526,23.1499996185
2025.10.09,23.2299995422,23.2500000000,22.9099998474,22.9300003052
2025.10.10,22.7000007629,22.7800006866,22.3700008392,22.4500007629
2025.10.13,22.7000007629,22.7800006866,22.6299991608,22.7500000000
2025.10.14,22.4699993134,22.6100006104,22.4300003052,22.5200004578
2025.10.15,22.6399993896,22.6800003052,22.4899997711,22.5900001526
2025.10.16,22.6200008392,22.7299995422,22.4699993134,22.5400009155
2025.10.17,22.5000000000,22.5100002289,22.4099998474,22.5000000000
2025.10.20,22.5000000000,22.6900005341,22.5000000000,22.6900005341
2025.10.21,22.5699996948,22.6700000763,22.4300003052,22.6000003815
2025.10.22,22.7600002289,22.9799995422,22.7099990845,22.9099998474
2025.10.23,23.2999992371,23.4699993134,23.2999992371,23.3400001526
2025.10.24,23.3600006104,23.3999996185,23.2399997711,23.2500000000
2025.10.27,23.2600002289,23.2800006866,23.1200008392,23.1800003052
2025.10.28,22.9699993134,23.0400009155,22.8600006104,22.8799991608
2025.10.29,23.0000000000,23.2000007629,23.0000000000,23.0400009155
2025.10.30,22.9300003052,23.1499996185,22.8999996185,23.0499992371
2025.10.31,23.1900005341,23.2199993134,23.0900001526,23.2099990845
2025.11.03,23.2900009155,23.4400005341,23.1800003052,23.4099998474
2025.11.04,23.1800003052,23.2700004578,23.1399993896,23.1700000763
2025.11.05,23.1900005341,23.2800006866,23.0400009155,23.0499992371
2025.11.06,23.0499992371,23.0900001526,22.9099998474,23.0499992371
2025.11.07,23.1100006104,23.1599998474,23.0100002289,23.0799999237
2025.11.10,23.1900005341,23.4300003052,23.1399993896,23.4300003052
2025.11.11,23.5000000000,23.6800003052,23.5000000000,23.6299991608
2025.11.12,23.3999996185,23.3999996185,23.2199993134,23.2299995422
2025.11.13,23.3500003815,23.3600006104,23.1499996185,23.1499996185
2025.11.14,23.2199993134,23.4099998474,23.1800003052,23.2500000000
2025.11.17,23.2199993134,23.3400001526,23.2099990845,23.2299995422
2025.11.18,23.2600002289,23.4899997711,23.1800003052,23.4599990845
2025.11.19,23.2299995422,23.2399997711,23.0900001526,23.1800003052
2025.11.20,23.2000007629,23.2700004578,22.9099998474,22.9200000763
2025.11.21,22.6900005341,22.8400001526,22.6000003815,22.7700004578
2025.11.24,22.6499996185,22.9099998474,22.5900001526,22.8799991608
2025.11.25,22.6399993896,22.7099990845,22.5000000000,22.6700000763
2025.11.26,22.7000007629,22.9899997711,22.7000007629,22.9799995422
2025.11.28,23.1499996185,23.3099994659,23.1499996185,23.2700004578
2025.12.01,23.2700004578,23.3600006104,23.2500000000,23.2900009155
2025.12.02,23.2600002289,23.3299999237,23.1399993896,23.1599998474
2025.12.03,23.3299999237,23.3999996185,23.2700004578,23.3099994659
2025.12.04,23.2500000000,23.4799995422,23.2299995422,23.4400005341
2025.12.05,23.5499992371,23.7700004578,23.5499992371,23.6399993896
2025.12.08,23.4200000763,23.4400005341,23.2500000000,23.2600002289
2025.12.09,23.1599998474,23.2199993134,23.0799999237,23.1000003815
2025.12.10,23.0499992371,23.2800006866,23.0400009155,23.2600002289
2025.12.11,23.0200004578,23.1700000763,23.0200004578,23.1700000763
2025.12.12,23.1100006104,23.1100006104,22.8999996185,22.9400005341
2025.12.15,22.9099998474,22.9300003052,22.7199993134,22.7800006866
2025.12.16,22.6200008392,22.6200008392,22.4699993134,22.4799995422
2025.12.17,22.7000007629,22.8099994659,22.6499996185,22.7999992371
2025.12.18,22.7500000000,22.7800006866,22.6000003815,22.6200008392
2025.12.19,22.7500000000,22.8600006104,22.7099990845,22.8199996948
2025.12.22,23.0699996948,23.1399993896,23.0400009155,23.1399993896
2025.12.23,23.2000007629,23.3700008392,23.1399993896,23.3700008392
2025.12.24,23.3500003815,23.3600006104,23.2500000000,23.3199996948
2025.12.26,23.3199996948,23.3299999237,23.1599998474,23.2199993134
2025.12.29,23.2700004578,23.2900009155,23.1599998474,23.1700000763
2025.12.30,23.3999996185,23.4500007629,23.2900009155,23.2999992371
2025.12.31,23.2700004578,23.2900009155,23.0300006866,23.0599994659
2026.01.02,23.0100002289,23.0900001526,22.9300003052,23.0699996948
2026.01.05,23.2999992371,23.5100002289,23.2999992371,23.4899997711
2026.01.06,23.6299991608,23.6299991608,23.3400001526,23.3600006104
2026.01.07,23.3199996948,23.3199996948,23.1499996185,23.2199993134
2026.01.08,23.2600002289,23.5900001526,23.2399997711,23.5799999237
2026.01.09,23.6499996185,23.7700004578,23.5499992371,23.5699996948
2026.01.12,23.6900005341,23.8799991608,23.6700000763,23.7999992371
2026.01.13,24.0000000000,24.1599998474,23.9899997711,24.0799999237
2026.01.14,24.2199993134,24.3600006104,23.8500003815,24.0200004578
2026.01.15,23.7800006866,23.9200000763,23.7299995422,23.8099994659
2026.01.16,23.9699993134,23.9699993134,23.7700004578,23.8099994659
2026.01.20,24.1700000763,24.2299995422,24.0400009155,24.0699996948
2026.01.21,24.3999996185,24.4200000763,24.2900009155,24.3999996185
2026.01.22,24.3199996948,24.3600006104,24.2299995422,24.2700004578
2026.01.23,24.6499996185,24.7800006866,24.6399993896,24.7600002289
2026.01.26,24.8600006104,25.0000000000,24.7700004578,24.8500003815
2026.01.27,24.8700008392,25.2399997711,24.8099994659,25.2299995422
2026.01.28,25.3799991608,25.5400009155,25.2900009155,25.5100002289
2026.01.29,26.2800006866,26.3299999237,25.4899997711,25.9699993134
2026.01.30,25.6700000763,25.7099990845,25.0000000000,25.4799995422
2026.02.02,24.5699996948,24.6399993896,24.2900009155,24.4599990845
2026.02.03,24.7700004578,25.0699996948,24.7500000000,25.0599994659
2026.02.04,25.0000000000,25.2399997711,24.8199996948,25.0599994659
2026.02.05,24.8199996948,24.8500003815,24.5900001526,24.7000007629
2026.02.06,24.7600002289,25.1100006104,24.7600002289,24.9200000763
2026.02.09,24.8600006104,25.1800003052,24.8600006104,25.1000003815
2026.02.10,25.0799999237,25.1000003815,24.8799991608,24.9799995422
2026.02.11,25.2900009155,25.3299999237,25.1100006104,25.2299995422
2026.02.12,25.1000003815,25.1299991608,24.6299991608,24.6900005341
2026.02.13,24.6800003052,24.8099994659,24.6599998474,24.7199993134
2026.02.17,24.5699996948,24.5799999237,24.4099998474,24.4899997711
2026.02.18,24.8999996185,25.2199993134,24.8999996185,25.1900005341
2026.02.19,25.2900009155,25.4899997711,25.1900005341,25.4699993134
2026.02.20,25.4699993134,25.6299991608,25.3999996185,25.5799999237
2026.02.23,25.6800003052,25.8099994659,25.5499992371,25.6200008392
2026.02.24,25.4400005341,25.6599998474,25.4400005341,25.6100006104
2026.02.25,25.6100006104,25.7199993134,25.5300006866,25.6299991608
2026.02.26,25.4300003052,25.7900009155,25.3600006104,25.6200008392
2026.02.27,25.9799995422,26.0100002289,25.7999992371,25.9599990845
2026.03.02,27.0300006866,27.1399993896,26.5599994659,26.9400005341
2026.03.03,27.9099998474,27.9099998474,26.8700008392,27.3199996948
2026.03.04,27.4699993134,27.7399997711,27.3700008392,27.6900005341
2026.03.05,28.0300006866,28.6900005341,28.0200004578,28.3099994659
2026.03.06,29.5000000000,30.1399993896,29.4599990845,29.8099994659
2026.03.09,31.2399997711,31.7000007629,28.2500000000,29.0300006866
2026.03.10,29.5599994659,29.6100006104,27.8600006104,29.3999996185
2026.03.11,29.4799995422,29.9099998474,28.9599990845,29.8899993896
2026.03.12,30.9400005341,31.1900005341,30.6200008392,31.0900001526
2026.03.13,30.6900005341,31.2700004578,30.6000003815,31.1200008392
2026.03.16,30.9099998474,31.0400009155,30.4500007629,30.5900001526
2026.03.17,31.0100002289,31.2099990845,30.8199996948,31.1900005341
2026.03.18,31.5300006866,31.8999996185,31.2600002289,31.8500003815
2026.03.19,31.6900005341,31.9500007629,30.8799991608,31.2999992371
2026.03.20,31.4500007629,31.9500007629,31.3299999237,31.7199993134
2026.03.23,30.5599994659,30.5599994659,29.5300006866,30.0100002289
2026.03.24,30.6200008392,30.8999996185,30.3899993896,30.6399993896
2026.03.25,29.8500003815,30.5300006866,29.8299999237,30.4200000763
2026.03.26,30.9300003052,31.2600002289,30.8500003815,30.9699993134
2026.03.27,31.5699996948,32.2200012207,31.5200004578,32.0499992371
2026.03.30,32.4799995422,32.6100006104,32.3100013733,32.5800018311
2026.03.31,32.5999984741,32.7799987793,31.9699993134,32.2500000000
2026.04.01,31.9200000763,32.0800018311,31.6700000763,31.9099998474
2026.04.02,33.5900001526,33.6800003052,32.8499984741,33.4500007629
2026.04.06,33.4900016785,33.8600006104,33.2500000000,33.5200004578
2026.04.07,33.8499984741,34.0499992371,32.9799995422,33.3300018311
2026.04.08,30.5300006866,31.1900005341,30.4899997711,31.1000003815
2026.04.09,31.5599994659,31.8700008392,30.8899993896,31.3999996185
2026.04.10,31.2600002289,31.4200000763,30.9200000763,30.9599990845
2026.04.13,32.1899986267,32.2299995422,31.3999996185,31.5300006866
2026.04.14,31.5200004578,31.5400009155,31.0499992371,31.2000007629
2026.04.15,31.0699996948,31.3799991608,31.0300006866,31.1399993896
2026.04.16,31.3500003815,31.7399997711,31.3500003815,31.5300006866
2026.04.17,30.0900001526,30.4099998474,29.6800003052,30.3500003815
2026.04.20,30.7299995422,31.1100006104,30.6700000763,30.9400005341
2026.04.21,30.9799995422,31.8299999237,30.9699993134,31.7500000000
2026.04.22,31.8500003815,32.2500000000,31.8500003815,32.1199989319
2026.04.23,32.2000007629,32.9300003052,32.1399993896,32.7200012207
2026.04.24,32.5000000000,32.6699981689,32.2000007629,32.5800018311
2026.04.27,32.7900009155,33.1300010681,32.7900009155,32.8800010681
2026.04.28,33.1699981689,33.3899993896,33.0400009155,33.3400001526
2026.04.29,34.0600013733,34.6199989319,34.0600013733,34.5600013733
2026.04.30,34.1199989319,34.4199981689,34.0400009155,34.3899993896
2026.05.01,34.0099983215,34.0600013733,33.5800018311,33.8899993896
2026.05.04,34.0600013733,34.7400016785,33.9000015259,34.5499992371
2026.05.05,34.2500000000,34.3100013733,34.0099983215,34.2099990845
2026.05.06,33.0299987793,33.1500015259,32.7000007629,32.8400001526
2026.05.07,32.0999984741,33.0499992371,31.8600006104,32.8899993896
2026.05.08,32.6699981689,33.0200004578,32.6599998474,32.8100013733
2026.05.11,33.3400001526,33.8699989319,33.2999992371,33.6899986267
2026.05.12,34.2400016785,34.4300003052,34.1199989319,34.4099998474
2026.05.13,34.3400001526,34.5200004578,34.0200004578,34.1300010681
2026.05.14,33.8100013733,33.9799995422,33.6899986267,33.9599990845
2026.05.15,33.9399986267,34.2500000000,33.9199981689,34.1899986267
2026.05.18,34.1500015259,34.9399986267,34.0999984741,34.4000015259
2026.05.19,34.7400016785,34.8499984741,34.4799995422,34.7700004578
2026.05.20,34.5099983215,34.5099983215,33.4799995422,33.7599983215
2026.05.21,34.2599983215,34.2999992371,33.1100006104,33.4199981689
2026.05.22,33.2700004578,33.5499992371,32.9599990845,33.2500000000
2026.05.26,32.7099990845,32.9199981689,32.5499992371,32.5900001526
2026.05.27,31.8899993896,32.1800003052,31.7900009155,31.9200000763
2026.05.28,32.1599998474,32.2299995422,31.6100006104,32.1100006104
2026.05.29,31.8600006104,31.9799995422,31.5400009155,31.7999992371
2026.06.01,32.5299987793,32.8699989319,32.2000007629,32.4700012207
2026.06.02,32.4300003052,32.6800003052,32.3600006104,32.6300010681
2026.06.03,32.9700012207,32.9700012207,32.6899986267,32.8800010681
2026.06.04,32.3800010681,32.4099998474,32.1800003052,32.3899993896
2026.06.05,32.0400009155,32.0400009155,31.5699996948,31.5900001526
2026.06.08,31.8299999237,31.9899997711,31.7399997711,31.7500000000
2026.06.09,31.4799995422,31.4799995422,30.8999996185,31.2399997711
2026.06.10,31.3400001526,31.7399997711,31.3400001526,31.4599990845
2026.06.11,31.3999996185,31.6399993896,30.8500003815,30.9599990845
2026.06.12,30.7299995422,31.0300006866,30.5499992371,30.5799999237
2026.06.15,30.0200004578,30.1499996185,29.9599990845,30.1299991608
2026.06.16,29.6000003815,29.7700004578,29.4400005341,29.6599998474
2026.06.17,29.7000007629,30.2900009155,29.4599990845,29.4599990845
2026.06.18,29.3199996948,29.5699996948,29.0100002289,29.5300006866
2026.06.22,29.3400001526,29.3799991608,29.1200008392,29.2500000000
2026.06.23,28.8600006104,28.9899997711,28.7900009155,28.9500007629
2026.06.24,28.2600002289,28.4599990845,28.2099990845,28.2299995422
2026.06.25,28.3500003815,28.9300003052,28.3500003815,28.8799991608
2026.06.26,28.4599990845,28.4899997711,28.2700004578,28.3899993896
2026.06.29,28.4500007629,28.5499992371,28.3400001526,28.4400005341
2026.06.30,28.6800003052,28.7099990845,28.4599990845,28.6000003815
2026.07.01,28.4500007629,28.5799999237,28.2900009155,28.3299999237
2026.07.02,28.2900009155,28.4200000763,28.2099990845,28.3700008392
2026.07.06,28.7399997711,28.8999996185,28.6900005341,28.8899993896
2026.07.07,28.8899993896,29.3799991608,28.8899993896,29.2800006866
2026.07.08,29.7700004578,30.2299995422,29.5900001526,29.9599990845
2026.07.09,29.8199996948,29.8400001526,29.4500007629,29.5400009155
2026.07.10,29.5400009155,29.7099990845,29.3199996948,29.4599990845
2026.07.13,29.8500003815,30.6100006104,29.8199996948,30.5200004578
2026.07.14,31.0400009155,31.0900001526,30.6800003052,31.0000000000
2026.07.15,31.1299991608,31.2199993134,30.7600002289,31.1800003052
2026.07.16,31.1599998474,31.1599998474,30.7900009155,30.8899993896
2026.07.17,31.2299995422,31.5100002289,31.1499996185,31.3999996185
2026.07.20,31.4799995422,31.7700004578,31.3999996185,31.6299991608
2026.07.21,32.0699996948,32.1599998474,31.9200000763,32.1599998474
2026.07.22,32.4000015259,32.6100006104,32.3600006104,32.4500007629
2026.07.23,33.0900001526,33.4700012207,33.0499992371,33.1399993896
2026.07.24,32.8400001526,32.8699989319,32.5099983215,32.7700004578
2026.07.27,31.9699993134,31.9699993134,31.4899997711,31.4899997711
2026.07.28,31.3199996948,31.4699993134,30.8999996185,31.0900001526
2026.07.29,31.9400005341,32.2299995422,31.9300003052,32.1300010681
2026.07.30,31.8799991608,32.0600013733,31.8700008392,31.9500007629
2026.07.31,32.1899986267,32.2599983215,31.9200000763,32.0400009155
