Date,Open,High,Low,Close
2007.04.11,32.0377127836,32.0499939322,32.0377127836,32.0377127836
2007.04.12,32.0591771374,32.0591771374,32.0376857310,32.0591771374
2007.04.13,32.0499866894,32.0806883829,32.0008644483,32.0008644483
2007.04.16,32.0131590647,32.0131590647,31.9763179513,31.9885991032
2007.04.17,31.9763053645,32.0530607772,31.9732344922,31.9732344922
2007.04.18,31.9885791184,32.0131390645,31.9762979741,31.9824373750
2007.04.19,31.9916318180,32.1052305895,31.9486490055,32.0929494513
2007.04.20,32.0960389783,32.0960389783,32.0684058157,32.0745475596
2007.04.23,32.1113699874,32.1328637360,32.0683871749,32.0929494513
2007.04.24,32.1113866580,32.3324425754,32.0591935504,32.3140220297
2007.04.25,32.3232523725,32.3631667028,32.3232523725,32.3631667028
2007.04.26,32.3692766143,32.4214697067,32.3262937919,32.4214697067
2007.04.27,32.3938388963,32.4214697067,32.3938388963,32.4214697067
2007.04.30,32.4092033945,32.4306948155,32.3385897294,32.4245554134
2007.05.01,32.4100928757,32.4593541440,32.4100928757,32.4285670258
2007.05.02,32.4347211804,32.4470364966,32.3885393319,32.4162493806
2007.05.03,32.4408591710,32.4747256815,32.3885185236,32.4193079687
2007.05.04,32.4347159825,32.4624260267,32.3916135572,32.4593466109
2007.05.07,32.4254718639,32.4562589672,32.4193153828,32.4562589672
2007.05.08,32.4932037571,32.4962831720,32.4654937209,32.4808884464
2007.05.09,32.5085948722,32.5116742870,32.3762105727,32.3946823636
2007.05.10,32.5424822709,32.5763488084,32.4839874461,32.5116951501
2007.05.11,32.5239963222,32.5670987424,32.4993656968,32.5301551531
2007.05.14,32.5393866945,32.5424637606,32.4962842802,32.5270713834
2007.05.15,32.5424590867,32.6132715280,32.5024360931,32.5024360931
2007.05.16,32.5824856955,32.5917215906,32.5794062808,32.5886421759
2007.05.17,32.6009498150,32.6132651219,32.5393756295,32.5793986152
2007.05.18,32.6194292760,32.6194292760,32.5886421759,32.5886421759
2007.05.21,32.6163601909,32.6225166728,32.5886501498,32.6194372574
2007.05.22,32.6594436996,32.6625207643,32.5516877110,32.6224977825
2007.05.23,32.6101894227,32.6686865499,32.5424564015,32.5978741144
2007.05.24,32.6471173990,32.6471173990,32.5886203039,32.6070944307
2007.05.25,32.6255813103,32.7795191273,32.5732430163,32.6532889899
2007.05.29,32.5424632798,32.5486221097,32.5055196960,32.5239914879
2007.05.30,32.5947970490,32.6163482513,32.5578511241,32.5978741144
2007.05.31,32.6009917792,32.6009917792,32.5271021916,32.5455740012
2007.06.01,32.5412272807,32.5474180837,32.4916914087,32.5412272807
2007.06.04,32.5690548150,32.5752479734,32.5133281993,32.5690548150
2007.06.05,32.5721768031,32.5721768031,32.5226433072,32.5226433072
2007.06.06,32.5071459473,32.5257207034,32.4699940731,32.4823780311
2007.06.07,32.4266455415,32.4266455415,32.2594656805,32.3306728361
2007.06.08,32.2625766244,32.2811513855,32.1727946760,32.2440018634
2007.06.11,32.1666003661,32.2192304246,32.0737218470,32.1758877456
2007.06.12,32.1263620752,32.1294586567,31.9096486114,32.0118145423
2007.06.13,32.0830117130,32.1387383564,31.8477235406,32.0675335333
2007.06.14,31.9932249954,32.0922966684,31.9375007223,32.0922966684
2007.06.15,32.0427767464,32.0985034092,32.0427767464,32.0861194439
2007.06.18,32.1697023756,32.1697023756,32.0118098113,32.1046859841
2007.06.19,32.1480009245,32.1480009245,31.9993982316,32.1449067082
2007.06.20,32.1480236900,32.1480236900,31.8601054732,31.8601054732
2007.06.21,31.8879630781,32.0210876786,31.8879630781,31.9189217931
2007.06.22,31.9560965630,31.9994392675,31.8384500547,31.9808644976
2007.06.25,31.9808496195,31.9932312190,31.7796143780,31.7950925585
2007.06.26,31.8693969867,31.9467949764,31.7950932160,31.8879717484
2007.06.27,31.8229633557,31.8260599372,31.7269905873,31.7765240812
2007.06.28,31.7486500126,31.7765121496,31.5567021859,31.6093322416
2007.06.29,31.6093342570,31.7331714963,31.5195523177,31.5195523177
2007.07.02,31.6730777171,31.8505963521,31.5796482322,31.7665095781
2007.07.03,31.7353692909,31.7353692909,31.6419374215,31.7073387796
2007.07.05,31.7198015896,31.7229166193,31.4488534019,31.5921138821
2007.07.06,31.5889972292,31.7011145343,31.4893376665,31.6263704563
2007.07.09,31.5889948411,31.7602858153,31.5765370997,31.7229125911
2007.07.10,31.6045756150,31.6886624207,31.4550850564,31.6388314425
2007.07.11,31.6481677933,31.6512804465,31.3180435939,31.4021327524
2007.07.12,31.4550916621,31.4955775584,31.3647747772,31.4955775584
2007.07.13,31.5485113487,31.6294831098,31.4550794691,31.6263704563
2007.07.16,31.5703174115,31.7073478495,31.5360592080,31.6388314425
2007.07.17,31.6731051806,31.6762202123,31.5236169248,31.6762202123
2007.07.18,31.6637425820,31.6637425820,31.3927943974,31.4395079629
2007.07.19,31.4644276339,31.4737703482,31.4644276339,31.4737703482
2007.07.20,31.4488665147,31.5547538101,31.3274040640,31.3928078359
2007.07.23,31.3616325911,31.3647476192,31.2993462852,31.3242617580
2007.07.24,31.2993566668,31.3024716960,31.1000375707,31.1436384744
2007.07.25,31.1125030630,31.1125030630,30.7325501988,30.8477825452
2007.07.26,30.6764690773,30.9879053116,30.0193384329,30.4117487534
2007.07.27,30.2093345471,30.2093345471,29.7390648595,29.9041257918
2007.07.30,30.2062312514,30.2155739680,30.0069120433,30.1937735038
2007.07.31,30.2093549042,30.5830779319,30.2093549042,30.2965567856
2007.08.01,30.3561007177,30.3561007177,29.8608253673,30.2338489498
2007.08.02,30.4031296535,30.5097095579,30.4031296535,30.4062649897
2007.08.03,30.5159778386,30.5159778386,30.2119148061,30.4062649897
2007.08.06,30.9548249834,30.9548249834,30.1084661683,30.3404307694
2007.08.07,31.1115614590,31.1115614590,30.3435692109,30.5567266042
2007.08.08,31.0331993132,31.5033993028,30.7197326534,30.9172157881
2007.08.09,30.9140605651,31.0080990603,30.7228458491,30.8858473424
2007.08.10,30.7824163774,30.8357075122,30.6413573768,30.8231685623
2007.08.13,31.0394724073,31.0488784175,30.8451245788,31.0488784175
2007.08.14,31.1335073737,31.1335073737,30.7730202503,30.8075017729
2007.08.15,30.8294469456,31.0457397162,30.8075043741,30.9799120016
2007.08.16,31.3466681710,31.3466681710,30.7134665263,30.9391605282
2007.08.17,31.0332003864,31.3466670570,30.9078132399,31.2526260992
2007.08.20,31.3466468439,31.3466468439,30.9548137584,30.9548137584
2007.08.21,31.1115515953,31.2996310259,30.7385256774,30.7949497457
2007.08.22,30.9078147900,31.0958943235,30.7510814469,31.0332019428
2007.08.23,31.0864785577,31.2839640235,31.0331898158,31.2212692758
2007.08.24,31.2526330968,31.2996535862,31.0833631613,31.2996535862
2007.08.27,31.3466640734,31.5033973938,31.3153178877,31.5033973938
2007.08.28,31.5033962204,31.6287833504,31.3466629059,31.3936833786
2007.08.29,31.3466566153,31.6287770031,31.2432120745,31.5190641833
2007.08.30,31.5786122384,31.6726531382,31.4156107226,31.5848829072
2007.08.31,31.8105920036,31.8732843677,31.6632623171,31.8701490320
2007.09.04,32.1612606737,32.1612606737,31.8553230279,32.0918724563
2007.09.05,32.0603269024,32.1328673657,31.9278598252,32.1044825947
2007.09.06,32.0098640357,32.0887138355,32.0098640357,32.0855615760
2007.09.07,32.1392041262,32.1392041262,31.6818734843,31.7197222842
2007.09.10,32.0130342166,32.0130342166,31.7323289860,31.8553345407
2007.09.11,32.0067305486,32.1707371695,31.8553377855,32.1171198517
2007.09.12,32.1707188115,32.3284184135,31.9751704387,32.2621848694
2007.09.13,32.2495864619,32.2495864619,31.9247254870,32.1486587570
2007.09.14,32.1548981857,32.4671446476,31.9246584702,32.4513737492
2007.09.17,32.4860930034,32.6437924840,32.2842378608,32.5996368220
2007.09.18,32.7226726545,32.9150663923,32.4798162873,32.8330619123
2007.09.19,32.8803724100,33.4638605519,32.8646014847,33.4607058856
2007.09.20,33.4449521456,33.4449521456,32.4861376958,32.6406827256
2007.09.21,33.1137682224,33.2430830763,32.2022645373,32.7226738068
2007.09.24,32.3851829905,32.9434383957,32.3757214015,32.9434383957
2007.09.25,32.4861138544,33.0222914700,32.4861138544,33.0222914700
2007.09.26,33.0223131200,33.0223131200,32.8425355751,32.9024622255
2007.09.27,32.9591953879,32.9749663004,31.9057638865,32.8014958885
2007.09.28,32.9497338030,32.9528884667,32.6753358076,32.8014958885
2007.10.01,33.1553894726,33.1649101120,32.7935906469,32.9268844413
2007.10.02,32.5396884049,33.0030446503,32.5396884049,32.9903496602
2007.10.03,33.0062307006,33.1553938614,32.7904206338,32.8158106232
2007.10.04,32.9427477338,32.9903509221,32.7808896295,32.9554403031
2007.10.05,32.9967009217,33.0062215597,32.8538840872,32.9744852925
2007.10.08,33.0760617117,33.1300136390,32.9618091473,33.0855823552
2007.10.09,33.1077638732,33.1141101552,33.0062064119,33.1109382249
2007.10.10,33.1585755925,33.1585755925,33.0538436792,33.0824056076
2007.10.11,33.1617466150,33.1649209696,33.0062371372,33.1300103328
2007.10.12,33.1395064698,33.1966327041,33.1395064698,33.1648964453
2007.10.15,33.3870591408,33.3870591408,33.1649028653,33.3235866110
2007.10.16,33.1649160218,33.2220422898,33.0379684905,33.1966522993
2007.10.17,33.0157364755,33.2125051723,32.7872315169,32.7872315169
2007.10.18,33.0792139968,33.0855602811,32.7681927964,32.7713671492
2007.10.19,32.7681983980,32.9871827747,32.3714889743,32.6253839740
2007.10.22,32.6254095392,32.6254095392,32.3239086882,32.3239086882
2007.10.23,32.4317994877,32.5936552386,32.3556295117,32.5936552386
2007.10.24,32.5619189593,32.6095245890,32.4667101213,32.5936552386
2007.10.25,32.6856718412,32.6856718412,32.5745937219,32.6412405935
2007.10.26,32.5936358182,32.7174089287,32.5618995577,32.7174089287
2007.10.29,32.8443725452,32.8475468992,32.7079043791,32.8158106232
2007.10.30,32.7840647219,32.7840647219,32.5936422790,32.7523260339
2007.10.31,32.8824572528,33.0062304232,32.7015578176,32.9586247989
2007.11.01,32.8116562647,32.8723542966,32.5848405105,32.7445701208
2007.11.02,32.7413793260,32.7445746011,32.5592876428,32.6647097850
2007.11.05,33.8626952178,33.8626952178,32.4251279680,32.6487485653
2007.11.06,32.6487729339,32.9522610422,32.6487729339,32.8180885836
2007.11.07,32.5273226222,32.9362298445,32.5273226222,32.7765003084
2007.11.08,32.8563940720,32.8563940720,32.0769149055,32.3612335356
2007.11.09,32.4474631291,32.5049658689,32.1088372376,32.5049658689
2007.11.12,32.9106960062,32.9106960062,32.5529031502,32.6327679751
2007.11.13,32.8883158428,32.8883158428,32.4442678554,32.5049658689
2007.11.14,32.8244517356,32.8244517356,32.4890184072,32.5848571974
2007.11.15,32.5816530828,32.6934633495,32.4826214804,32.5752649692
2007.11.16,32.9043165817,32.9043165817,32.4347108968,32.5848571974
2007.11.19,32.8084777915,32.8084777915,32.5145757429,32.5848571974
2007.11.20,32.5049871092,32.7094408872,32.0769127732,32.2653926097
2007.11.21,32.1695493023,32.1695493023,30.9875509125,31.6584149293
2007.11.23,31.6903568437,32.1056548465,31.5977158054,31.5977158054
2007.11.26,31.3070075632,32.2653853458,31.3070075632,31.9459260849
2007.11.27,32.1056606931,32.4187318897,31.7862013828,31.9938504220
2007.11.28,31.8117478212,32.3292701670,31.8117478212,32.2973247343
2007.11.29,32.5049763998,32.5049763998,31.9778681869,32.4570570282
2007.11.30,32.5848502916,32.7445799499,32.4283159089,32.5880455672
2007.12.03,33.1126643364,33.1126643364,32.5018477076,32.9165600116
2007.12.04,33.1127043887,33.1127043887,32.7912218218,32.7912218218
2007.12.05,32.6883463939,32.9519619917,32.2318417530,32.4054426276
2007.12.06,32.6658636381,32.7108710286,32.1482761952,32.6947959094
2007.12.07,32.3411337969,32.9487354278,32.3411337969,32.6786913486
2007.12.10,32.3829340667,32.6754818732,32.3829340667,32.6304745183
2007.12.11,32.8459029700,32.9455643237,32.4215456961,32.5983622488
2007.12.12,32.9519490749,33.3538021124,32.6304666449,32.7751327573
2007.12.13,32.7108595458,32.8812449574,32.5436896475,32.7590824337
2007.12.14,32.9519498836,32.9519498836,32.5308086749,32.8072837677
2007.12.17,32.9519570259,32.9519570259,32.5083120484,32.6304745183
2007.12.18,32.6015416471,32.7912151457,32.6015416471,32.6626216546
2007.12.19,32.5051095827,32.8233767062,32.5051095827,32.8233767062
2007.12.20,32.5983180236,32.7751318837,32.5983180236,32.7526282123
2007.12.21,32.9455488086,32.9455488086,32.5951313835,32.8555315906
2007.12.24,32.7976603549,32.8748179603,32.5340446681,32.7397933772
2007.12.26,32.6401153700,32.6947668022,32.5340255643,32.5951080196
2007.12.27,32.7098713644,32.8456500365,32.7098713644,32.8100886034
2007.12.28,32.7810224573,32.8521453848,32.4092450877,32.4900661478
2007.12.31,32.3963147676,32.5676550275,32.2863993053,32.5611904276
2008.01.02,32.1861644123,32.6193663917,32.1021123216,32.1667681555
2008.01.03,32.1991322357,32.3122813052,32.0892167015,32.1053794448
2008.01.04,32.3316208078,32.3445524587,31.9533768021,32.0697591937
2008.01.07,32.1635252159,32.1635252159,31.7788189241,31.8790361772
2008.01.08,32.1635282506,32.1635282506,31.6818357246,31.6947673821
2008.01.09,31.8402195234,31.8402195234,31.3358976044,31.3488292519
2008.01.10,31.4135099089,31.7367939524,31.3423870247,31.5816189927
2008.01.11,31.6301116298,31.8434802958,31.4587714705,31.6495103508
2008.01.14,31.5654717727,31.7044840892,31.4814171830,31.5396084426
2008.01.15,31.6656794463,31.6656794463,31.5525304945,31.6204198656
2008.01.16,31.6300959674,31.6494946789,31.4910862566,31.5848364182
2008.01.17,31.5201985069,31.5201985069,31.3617899947,31.3617899947
2008.01.18,31.5104677288,31.9889263009,31.3682220885,31.6074513746
2008.01.22,31.2615843380,31.6365952321,30.1624199192,31.3876649915
2008.01.23,31.3068446509,31.5493078311,30.7184674321,31.4490905059
2008.01.24,31.4426178686,31.8434895336,31.3197683102,31.8434895336
2008.01.25,31.7174211744,32.1667861300,31.3779716909,31.8919949830
2008.01.28,31.8434725651,31.8434725651,31.5201885797,31.7464863829
2008.01.29,31.6107026999,31.7949744438,31.6107026999,31.7788117269
2008.01.30,31.8176140275,31.9210648197,31.6592055415,31.9016685669
2008.01.31,31.7271013342,31.9663308772,31.6010207326,31.9663308772
2008.02.01,32.0392548508,32.0587822485,31.5705774427,31.9839230857
2008.02.04,31.6519445220,32.0197245773,31.6519445220,31.9904334812
2008.02.05,31.8276971837,31.8276971837,31.5705757022,31.7333106285
2008.02.06,31.7918667785,31.8016304680,31.6291319982,31.6681892394
2008.02.07,31.5380154207,31.6682038015,31.2450921849,31.5347600284
2008.02.08,31.4078229835,31.4078229835,31.2450881494,31.2971644882
2008.02.11,31.0042387720,31.3134339385,31.0042387720,31.0498043232
2008.02.12,31.0009837953,31.3394725253,31.0009837953,31.1669740101
2008.02.13,31.2418540575,31.2646368504,31.0856299008,31.0856299008
2008.02.14,31.4306299177,31.4306299177,31.0661027152,31.2386038578
2008.02.15,31.1637035084,31.1637035084,31.0335152164,31.1604481182
2008.02.19,31.1637062724,31.2450736517,30.9196041345,31.0009715138
2008.02.20,31.1930167509,31.1930167509,30.9293870725,31.0823582381
2008.02.21,31.2125577116,31.2451041985,31.0823692808,31.1897749225
2008.02.22,31.2255442633,31.2711097941,31.1311578114,31.2450716384
2008.02.25,31.1799996888,31.3850447153,31.1507061232,31.3394791539
2008.02.26,31.3427471784,31.5543005919,31.3101982073,31.5412839832
2008.02.27,31.5607982011,31.5640535935,31.4045716476,31.5347600284
2008.02.28,31.4078333747,31.5477854776,31.1442036508,31.4892008186
2008.02.29,31.3687672173,31.3948053879,31.1441948241,31.3687672173
2008.03.03,31.5083140792,31.5083140792,31.2822946064,31.3772882616
2008.03.04,31.3805658543,31.4296983511,31.2855721952,31.3412573577
2008.03.05,31.2822847277,31.4460663231,31.2822847277,31.4296871639
2008.03.06,31.4264370780,31.4264370780,31.2823083654,31.3478200534
2008.03.07,31.1938489719,31.2822899486,31.1938489719,31.2822899486
2008.03.10,31.2692012739,31.2986832789,31.2004132611,31.2102397630
2008.03.11,31.1643620968,31.3477966858,31.1348826089,31.2888352109
2008.03.12,31.2036754694,31.2855662808,31.2003991372,31.2822899486
2008.03.13,31.1905862582,31.1905862582,30.7254468463,31.0628367366
2008.03.14,31.0628129767,31.1184981104,30.8073141289,30.8761020880
2008.03.17,30.8007800322,30.8007800322,30.5616601968,30.7319920317
2008.03.18,30.9416181051,31.7703525619,30.8859329635,31.1840141618
2008.03.19,31.2691686326,31.3084770985,31.1512457340,31.2167598438
2008.03.20,31.2036711611,31.3641764295,31.1840156697,31.3641764295
2008.03.24,31.4427751746,31.6425888268,31.3772635669,31.6032828618
2008.03.25,31.6098422820,31.6917330651,31.5181250048,31.6851829021
2008.03.26,31.6426110696,31.6982962252,31.5770994159,31.6098552427
2008.03.27,31.6426035271,31.6426035271,31.4820982644,31.5083039192
2008.03.28,31.5115923286,31.5246951621,31.4493569934,31.5246951621
2008.03.31,31.4526150546,31.6753581142,31.3248656159,31.6655316188
2008.04.01,31.6167159964,31.8079733358,31.6167159964,31.8046751014
2008.04.02,31.7948152561,31.8706596284,31.7387577941,31.8211961261
2008.04.03,31.8739515221,31.8739515221,31.5244113535,31.7651323418
2008.04.04,31.8211853098,32.3916594798,31.7255565753,31.8871349466
2008.04.07,31.9201140590,32.1608325110,31.8871367230,32.1410481220
2008.04.08,32.0355386644,32.2498788465,31.9531003264,32.2498788465
2008.04.09,31.9860737797,32.0520234410,31.9135276428,31.9695851065
2008.04.10,31.9564020252,32.4840069426,31.9333168728,32.0850056452
2008.04.11,32.0190453980,32.0289375946,31.8211939182,31.8277878774
2008.04.14,31.9167960308,31.9530690653,31.8277613039,31.9398786422
2008.04.15,31.9168361373,32.0520337410,31.8673726175,31.9366205388
2008.04.16,32.0454230295,32.1245631102,31.9333056089,32.0750996163
2008.04.17,32.1080467506,32.1080467506,32.0190120422,32.1080467506
2008.04.18,32.2564371295,32.3322814236,32.0948588701,32.3256849550
2008.04.21,32.3092046105,32.3092046105,32.2366585377,32.2729315741
2008.04.22,32.3619906787,32.4213463771,32.1608409519,32.3158254151
2008.04.23,32.4477146783,32.5433434062,32.2432667931,32.4477146783
2008.04.24,32.4971726189,32.4971726189,32.2828325769,32.4576013368
2008.04.25,32.5729933786,32.6125646351,32.5136377518,32.6125646351
2008.04.28,32.7016299840,32.8104491629,32.4773976680,32.8038552047
2008.04.29,32.8005695205,32.8005695205,32.6159084305,32.7082389755
2008.04.30,32.7147994511,32.9621142361,32.4806750900,32.7411802987
2008.05.01,32.8997104539,33.4369848787,32.8997104539,33.4369848787
2008.05.02,33.2711648246,33.2943802492,33.0356933669,33.0987077465
2008.05.05,33.0025462757,33.0655581583,33.0025462757,33.0456599354
2008.05.06,32.9262470781,32.9262470781,32.7272573697,32.8101699591
2008.05.07,32.9063818846,32.9096991000,32.7073919766,32.8334183279
2008.05.08,32.8897536387,32.8963880604,32.7504611454,32.7637274586
2008.05.09,32.7903046491,32.8334183279,32.6642757675,32.8334183279
2008.05.12,32.8068652999,32.8101825132,32.6675727037,32.7902842938
2008.05.13,32.8267574113,32.8466556254,32.7372103871,32.7803240278
2008.05.14,32.8135182511,32.8798473733,32.5349303713,32.7339202681
2008.05.15,32.8864618373,32.9163091651,32.5846586949,32.8201302251
2008.05.16,32.7405309763,32.8798235502,32.7007320137,32.8665572293
2008.05.19,32.9494587558,33.0257394426,32.8997107017,32.9958895981
2008.05.20,32.9991872891,32.9991872891,32.8565776347,32.9328582765
2008.05.21,32.9494600699,32.9494600699,32.8400148528,32.8731819103
2008.05.22,32.8333916734,32.9129870659,32.7438471731,32.8234425656
2008.05.23,32.7338945650,32.7703763127,32.4022441539,32.6277665347
2008.05.27,32.6211491236,32.6211491236,32.3491957670,32.4453747325
2008.05.28,32.3690776843,32.6144982654,32.3690776843,32.6045491585
2008.05.29,32.5846572086,32.6344052829,32.5017445948,32.5713908868
2008.05.30,32.5780165653,32.5780165653,32.5249512922,32.5746993532
2008.06.02,32.5760548338,32.6027598664,31.9852206308,32.3056733820
2008.06.03,32.4792440798,32.4792440798,32.1454389096,32.3290302252
2008.06.04,32.3557109365,32.3557109365,32.1954834547,32.2956259492
2008.06.05,32.3791214315,32.4458814880,32.3390638697,32.4358677342
2008.06.06,32.3690782774,32.5059370328,32.3056544987,32.3457120242
2008.06.09,32.4692240078,32.5026065583,32.2489139454,32.4491965149
2008.06.10,32.3791127150,32.4659028023,32.3323801787,32.4625640364
2008.06.11,32.5459978170,32.7062253883,32.3790952641,32.4558715590
2008.06.12,32.3557522210,32.4959498548,32.2823146376,32.4024847656
2008.06.13,32.4124891636,32.5460117726,32.1621352269,32.5460117726
2008.06.16,32.2455723448,32.4024611502,32.0820085579,32.0953610676
2008.06.17,32.0553048383,32.3123362035,32.0352773464,32.1521086274
2008.06.18,32.1454170683,32.3290082591,32.0619658325,32.2221907791
2008.06.19,32.1187697981,32.1187697981,31.9285007402,32.0186271163
2008.06.20,31.9785099088,32.0052123648,31.7949161981,31.8917199231
2008.06.23,31.9084422090,31.9251334900,31.7415395862,31.7749221481
2008.06.24,31.7448515645,31.9217677879,31.5412303327,31.6413728406
2008.06.25,31.5913253650,31.7582279727,31.5445928386,31.7482142237
2008.06.26,31.4377820875,31.5779796970,31.3109369950,31.4978671411
2008.06.27,31.3843574906,31.4444425165,31.2408211815,31.4110625125
2008.06.30,31.3443072831,31.4110673012,31.2241372131,31.3776872921
2008.07.01,31.0687741477,31.5965028696,31.0418828914,31.3444031127
2008.07.02,31.2670681559,31.4284130088,31.1158094399,31.3208506284
2008.07.03,31.3847367080,31.4553243248,31.2570045366,31.3074249956
2008.07.07,31.4519571366,31.4519571366,31.1628826211,31.3343111279
2008.07.08,31.3108018422,31.3309690095,31.1460973251,31.2502977757
2008.07.09,31.1931465961,31.3275977581,31.1091133375,31.1427261280
2008.07.10,31.0654324535,31.2906411018,31.0385411797,31.1830785709
2008.07.11,31.0284395629,31.1965060800,31.0015508692,31.1427261280
2008.07.14,31.3141676088,31.3141676088,30.8906390930,31.0687892643
2008.07.15,30.8267627752,30.8570160843,30.4973538109,30.5881086092
2008.07.16,30.6553240067,30.7796941214,30.5880984425,30.6889393533
2008.07.17,30.8233977277,31.1091128539,30.7427265188,30.7797013572
2008.07.18,30.9545047521,31.2738328266,30.8469422321,31.2738328266
2008.07.21,31.4351786790,31.4923232774,31.2603905270,31.4284571427
2008.07.22,31.3612193985,31.5595366974,31.3007153376,31.5360074829
2008.07.23,31.4788718405,31.5729887176,31.4452590364,31.4519805714
2008.07.24,31.5326273427,31.6771645960,31.3477557816,31.5259058129
2008.07.25,31.5124596501,31.7746429041,31.4956519792,31.5931308288
2008.07.28,31.4082809888,31.5057599058,31.3612225550,31.4855901738
2008.07.29,31.4486050241,31.5393623771,31.3275969299,31.4923039587
2008.07.30,31.3780270455,31.5091187605,31.2603809634,31.4990351770
2008.07.31,31.3847531412,31.5629033004,31.2603829525,31.5629033004
2008.08.01,31.3811060764,31.5063606160,31.2795506451,31.4217297985
2008.08.04,31.2727637031,31.3066180800,31.1576670864,31.2050601148
2008.08.05,31.2558521852,31.7196273831,31.1509082218,31.4251138096
2008.08.06,31.2321490250,31.2626148712,31.1441322759,31.2152218331
2008.08.07,31.2016981182,31.2321665643,31.1441497657,31.1780015859
2008.08.08,31.1678410034,31.2389305884,31.1339891889,31.2321612586
2008.08.11,31.0933592283,31.1949172339,30.9274835631,31.1441382311
2008.08.12,31.2050844921,31.3032565798,31.1102983613,31.2660188023
2008.08.13,31.2457048820,31.3134085160,31.1441468483,31.3134085160
2008.08.14,31.2795566990,31.3134085160,31.1983118217,31.3134085160
2008.08.15,31.2930823143,31.3946377145,31.2863104046,31.3844824327
2008.08.18,31.3980393498,31.4792842271,31.1509161786,31.3134085160
2008.08.19,31.3641886718,31.3980404900,31.2287788162,31.3743439589
2008.08.20,31.3743568925,31.4217499741,31.2558741885,31.3675875591
2008.08.21,31.2693865619,31.3472454457,31.2287628512,31.3235489268
2008.08.22,31.2964726567,31.3980306623,31.1441382311,31.1441382311
2008.08.25,31.1813846218,31.3201778463,31.1813846218,31.3134085160
2008.08.26,31.3337104199,31.3337104199,31.1102864235,31.1441382311
2008.08.27,31.2727877154,31.2727877154,31.0866014132,31.1780015859
2008.08.28,31.2727584984,31.2862997304,31.1508899935,31.2219821070
2008.08.29,31.2964658959,31.3438589329,31.1441315032,31.2795412871
2008.09.02,31.4363065218,31.5351417114,31.2250060340,31.2863519241
2008.09.03,31.3545433216,31.3886238269,31.2966062025,31.3886238269
2008.09.04,31.5249372923,31.5249372923,31.4601825350,31.5249372923
2008.09.05,31.4431451651,31.5010822665,31.1909437820,31.4976734370
2008.09.08,31.7430530791,31.7430530791,31.4056518021,31.4601800669
2008.09.09,31.5487787546,31.6646554963,31.4226781299,31.5283309885
2008.09.10,31.5181121717,31.5181121717,31.3545222160,31.3545222160
2008.09.11,31.4124592961,31.4703963762,31.2386480559,31.3545222160
2008.09.12,31.3136240771,31.3647461007,31.1773021476,31.3545222160
2008.09.15,31.3136279213,31.3136279213,29.9912858015,30.2025889785
2008.09.16,29.6641029333,29.7902035703,28.0282138810,29.5073306441
2008.09.17,29.3675942446,29.4459816811,27.0091898960,27.7351141900
2008.09.18,28.2838316291,30.0594520735,27.7453536061,29.9231301033
2008.09.19,30.3321108277,31.3715830816,30.0253810971,30.3048453850
2008.09.22,30.3661715534,30.7410620466,30.1957665474,30.2775602222
2008.09.23,30.5263429618,30.5876888484,29.6504616135,29.9810476360
2008.09.24,30.0083273433,30.5672556433,30.0083273433,30.2503021780
2008.09.25,30.2809658380,30.2809658380,29.4800629147,29.4800629147
2008.09.26,29.1324371382,29.6300193783,28.9449906162,29.3778181305
2008.09.29,29.3880413074,29.3880413074,25.9015545913,26.9989629782
2008.09.30,28.1202340359,28.1645384002,27.4692856830,27.9464202066
2008.10.01,28.2970016825,29.2834252809,28.1835793315,29.1631300399
2008.10.02,29.1700073936,29.1700073936,27.8433166583,28.4035503145
2008.10.03,28.6063116088,28.7884732046,28.0976316196,28.3004144912
2008.10.06,27.6680217338,28.0976494004,26.6541014893,27.2727637560
2008.10.07,27.3277425087,28.4138392964,26.7709444112,26.8121895888
2008.10.08,26.3344730586,26.8775207387,25.5095869550,25.6917487675
2008.10.09,25.8464089520,26.8981396527,25.0937027843,25.0937027843
2008.10.10,24.5300421613,24.5300421613,21.9832060222,23.4198822135
2008.10.13,24.2481815916,26.2932078174,24.2172470424,26.2932078174
2008.10.14,26.8946858101,27.2658846589,25.9495051586,26.4650582412
2008.10.15,26.1179187568,26.1179187568,24.7053030831,25.3102194418
2008.10.16,25.5439478134,25.5473855697,24.0591543902,24.3513007405
2008.10.17,24.2344528590,24.3478726389,23.8873127595,24.0591639304
2008.10.20,24.5919002108,24.6778257844,24.0591606057,24.5403443422
2008.10.21,24.4784714425,25.0524534952,24.2172570327,24.3994187817
2008.10.22,24.6365662601,24.6365662601,24.1519450478,24.1966279983
2008.10.23,24.1966362164,24.7087517774,24.0935245041,24.6056400650
2008.10.24,24.1966274427,24.3341088019,23.7360652826,23.9904067150
2008.10.27,24.0728875451,24.1897449623,22.7702566964,22.7702566964
2008.10.28,23.2651914480,23.6123286133,23.0280362062,23.0280362062
2008.10.29,23.1689586389,24.4028478563,23.1689586389,24.0763319268
2008.10.30,24.3856903106,24.7362683144,24.2310252409,24.7362683144
2008.10.31,24.6090629919,24.8359075735,24.6056252376,24.7465443181
2008.11.03,25.0762410033,25.0762410033,24.8819035463,24.9478397056
2008.11.04,25.2566963179,25.2566963179,24.8992579170,25.2289334436
2008.11.05,25.2566883206,25.4093814328,24.9860070017,25.0207092596
2008.11.06,24.6424501467,25.1595209392,24.6389791266,25.0207092596
2008.11.07,25.2046390430,25.3122195078,24.9860123877,25.2809856156
2008.11.10,25.3503929516,25.4787915993,24.9860125429,25.2844567934
2008.11.11,25.5377533350,25.5377533350,25.0033332965,25.2393121105
2008.11.12,25.2254545420,25.2254545420,24.8263719964,24.8818950740
2008.11.13,24.6806399891,24.9374400476,24.5244757520,24.7500445516
2008.11.14,24.7708481457,24.7708481457,24.2919506433,24.4481121241
2008.11.17,24.4481037497,24.6181492522,23.9830878389,24.0698447758
2008.11.18,23.9449046733,24.0975976663,23.4590654982,23.5631748384
2008.11.19,23.2647426321,23.5180714283,22.5776264645,22.7580823923
2008.11.20,22.5637385910,22.6747873427,21.6892300023,22.0015554438
2008.11.21,22.5290497050,22.6505089355,21.9356323381,22.2201950985
2008.11.24,22.6123172981,22.7962414830,22.2201744570,22.3208127681
2008.11.25,22.8483337984,22.8483337984,22.1299869050,22.5533603788
2008.11.26,22.9246582421,23.0912327701,22.5915118338,23.0773513388
2008.11.28,22.6886723062,23.0877547300,22.6886723062,22.9905873881
2008.12.01,22.8355704721,23.0284691563,22.3305285903,22.5164113174
2008.12.02,22.8916912903,22.8916912903,22.5339549723,22.7584175004
2008.12.03,22.7268556478,22.7724486829,22.5900738668,22.7619274191
2008.12.04,22.7654395905,22.7970033878,22.5059025485,22.6286551085
2008.12.05,22.4883545320,22.6391654942,22.2709053589,22.6391654942
2008.12.08,22.6391714971,22.9302695634,22.3761279001,22.9022137561
2008.12.09,22.8706570059,22.9162500536,22.6216438827,22.7303672064
2008.12.10,22.8180348320,22.8425853321,22.4462693521,22.7128195499
2008.12.11,22.6321532336,22.7969934606,22.5374592074,22.5374592074
2008.12.12,22.5690204228,22.9022088178,22.4638051473,22.8495998422
2008.12.15,22.5935853877,23.0214680722,22.5935853877,22.7303672064
2008.12.16,23.1512184691,23.1582317494,22.6566979151,23.1512184691
2008.12.17,23.2810062918,23.8842506561,23.0074426094,23.7439608334
2008.12.18,24.1016925894,25.4133962739,23.8807353172,25.1222954499
2008.12.19,24.8978282878,24.9890170290,24.5962062542,24.9539452596
2008.12.22,25.0205748477,26.0797596923,24.8311868027,25.9534992118
2008.12.23,26.0867798801,26.4059391447,25.8868678457,26.3322876242
2008.12.24,26.1919867076,26.4795793833,25.7711202910,25.9184232692
2008.12.26,25.9499994199,26.4234750332,25.6133055909,26.4129537692
2008.12.29,26.5768461188,26.7675640089,26.3119606093,26.5909736693
2008.12.30,26.8982083963,26.8982083963,26.4214129162,26.6721705635
2008.12.31,26.6792692150,26.8947096480,26.5132738623,26.8452645678
2009.01.02,26.6933681622,27.0006333037,26.6933681622,26.7604705880
2009.01.05,26.6368641422,28.9148792552,26.6192067396,28.0531182486
2009.01.06,28.3215561712,28.4698913922,28.0849230963,28.2897685126
2009.01.07,28.2332253295,28.3815603630,27.4597598490,27.7776225598
2009.01.08,27.6575511917,27.6575511917,27.1454407834,27.3750085402
2009.01.09,27.8517900765,27.8517900765,27.3891248886,27.7776225598
2009.01.12,27.8977456047,27.9365957012,26.9159035889,27.1737267120
2009.01.13,27.4809709524,27.4809709524,26.7781425858,27.0748155757
2009.01.14,26.6827925458,26.9123577555,26.0223439246,26.7287050489
2009.01.15,26.5273797501,26.6757148697,26.3190019153,26.6227372714
2009.01.16,26.5732916429,26.8840921089,26.0611811580,26.8381769339
2009.01.20,26.4920654320,26.6757180743,26.1424148580,26.3790477995
2009.01.21,26.4249713512,26.5026715113,26.0223456986,26.3825887109
2009.01.22,26.4426245068,26.4426245068,26.0505939437,26.3119467543
2009.01.23,26.0717800127,26.2519027918,25.5702644338,25.8916572335
2009.01.26,26.0576464109,26.2201090524,25.8068886798,25.9587563417
2009.01.27,26.1953878403,26.2907480508,25.9834801536,26.1989203985
2009.01.28,26.4673497252,27.1489882544,26.4073069873,27.1277955904
2009.01.29,26.8240510477,26.9688563091,26.3190029538,26.4532132341
2009.01.30,26.6969107953,26.6969107953,26.3507954390,26.5732981681
2009.02.02,26.3567599858,26.4744884560,25.8287700884,26.0071455687
2009.02.03,26.2104876572,26.2247580191,25.8680071382,26.0535163987
2009.02.04,26.2140421495,26.2461484055,25.9857192017,26.0320985338
2009.02.05,26.1605260937,26.3139289837,25.6967491551,25.8180457927
2009.02.06,26.0071588156,26.3425030385,25.9001323842,26.3389374868
2009.02.09,26.2925299173,26.6100378759,26.2425850287,26.5422570824
2009.02.10,26.5957866394,26.6029204614,26.2283308438,26.3674662300
2009.02.11,26.4887436837,26.5208499454,26.2568551475,26.3068000357
2009.02.12,26.0749095938,26.2247469692,25.9857219112,26.2247469692
2009.02.13,26.2818482091,26.3282275858,26.0785002271,26.3282275858
2009.02.17,26.3210840291,26.3424882146,25.5433668677,25.6575270601
2009.02.18,25.8002250439,25.8537382234,24.7941876123,25.5041211429
2009.02.19,25.6218448869,25.8073541237,25.5148185475,25.6325469764
2009.02.20,25.0403283386,25.3899424423,24.8048716093,25.2579464472
2009.02.23,25.2651022666,25.5754765741,24.3518207021,24.6229494654
2009.02.24,24.7264070150,25.1509415086,24.6158150936,24.9725660369
2009.02.25,25.0296322560,25.0296322560,24.6871491637,24.8512568929
2009.02.26,24.8833684192,24.9261794952,24.1270557397,24.3589443052
2009.02.27,24.2626228299,24.4195913321,23.9023037575,23.9914914580
2009.03.02,23.9190189260,24.0921084266,23.3672916722,23.4935033395
2009.03.03,23.6954383052,23.9081974408,23.4033480991,23.5872580721
2009.03.04,23.6701882617,23.9622783726,23.3708844868,23.5836435531
2009.03.05,23.5656120136,23.5836434221,22.4441280111,22.4657635004
2009.03.06,22.6100121459,22.9850429760,22.3107082982,22.3575874959
2009.03.09,22.4729832471,22.6568932201,22.1772862077,22.2277708668
2009.03.10,22.4837970870,23.4069508736,22.4837970870,23.3276170657
2009.03.11,23.6052921081,23.7819884550,23.4177780106,23.6990505325
2009.03.12,23.7098539366,24.1029133125,23.6269133131,24.0920955684
2009.03.13,24.1678384435,24.2002944484,23.9803243359,24.1462029410
2009.03.16,24.2219055674,24.4599068598,24.1822386853,24.2832079301
2009.03.17,24.2688105412,24.3048706291,23.9514751652,24.1462029410
2009.03.18,24.1498022658,24.7448031597,24.0091660411,24.7015294170
2009.03.19,24.6870926944,24.7447909896,24.2507596538,24.4851541635
2009.03.20,24.5176173896,24.6582536025,24.3517388500,24.4382835769
2009.03.23,24.7411940836,24.9539504423,24.3877987616,24.9431326955
2009.03.24,24.9070684622,25.0477046507,24.7484008644,24.9900090932
2009.03.25,25.0224381202,25.2604392866,25.0224381202,25.1234073115
2009.03.26,25.2820966087,25.5200952297,25.1450672664,25.5128843175
2009.03.27,25.4588023360,25.4588023360,24.8493796052,25.2532568704
2009.03.30,25.1162191507,25.1162191507,24.0704607549,24.0704607549
2009.03.31,24.5717047953,24.7988856974,24.3409170610,24.4491000151
2009.04.01,24.6957893234,24.7906756564,24.4184335567,24.4877711062
2009.04.02,24.8308295235,25.4147402938,24.6009154407,25.3782463927
2009.04.03,25.4402820203,25.8380729929,25.3636440057,25.7358861890
2009.04.06,25.5899123514,25.8709184244,25.3453973916,25.6519522555
2009.04.07,25.5789676140,25.5789676140,25.2249736641,25.3563539528
2009.04.08,25.1081810533,25.7650794392,25.1081810533,25.6555977671
2009.04.09,25.9110614001,26.4767265303,25.9110614001,26.3854903986
2009.04.13,26.0752809727,26.4511761114,25.9110570768,26.3672376591
2009.04.14,26.3636120497,26.3636120497,26.0972039001,26.2322316966
2009.04.15,26.3563026458,26.4584867007,26.1555819778,26.4548364746
2009.04.16,26.5351039042,27.1263147658,26.5205057958,26.8745022681
2009.04.17,26.9657499078,27.6445469264,26.8234217701,27.4620746694
2009.04.20,27.2358009737,27.3525830764,26.4146760314,26.4584703640
2009.04.21,26.4256373783,26.9329101026,26.1044843781,26.7577354858
2009.04.22,26.6519112195,27.0643005159,26.3198129875,26.8854756067
2009.04.23,26.9000807105,27.0059150359,26.7395041085,26.8562863324
2009.04.24,27.0022322258,27.3124343727,26.8963980280,27.2722930550
2009.04.27,27.0788944606,27.1956766482,26.9365662564,27.0569986705
2009.04.28,26.9694162030,27.3197628110,26.7686954871,27.1153946524
2009.04.29,27.3672163824,27.6628236351,27.3197745492,27.6190292461
2009.04.30,27.8525777894,27.9146177166,27.5715716117,27.8343294418
2009.05.01,27.8677965901,27.9854907540,27.4411562982,27.7905600581
2009.05.04,27.9119240936,27.9339908654,27.5845872164,27.7243481148
2009.05.05,27.7317005150,27.9670887252,27.7133096712,27.9634099952
2009.05.06,28.0737556902,28.2429408285,27.7868764207,28.1951285523
2009.05.07,28.5224796472,28.5629372880,27.5073655059,27.7317204937
2009.05.08,28.1105307236,28.3569523386,28.0296154933,28.2282248387
2009.05.11,28.1620276156,28.2355854007,27.7390633364,28.0811123685
2009.05.12,27.9523927183,28.1914597962,27.8420532036,28.1914597962
2009.05.13,28.1289264734,28.1436357851,27.7684866047,27.8236563446
2009.05.14,27.7721694248,27.8163029784,27.3602384864,27.5294236559
2009.05.15,27.5294477638,27.5441598966,26.8784520241,27.1432648016
2009.05.18,27.3418619466,27.7464384398,27.2793375089,27.7206929180
2009.05.19,27.7500926780,28.0001930392,27.5330952795,27.9045684938
2009.05.20,27.9928281056,28.3900466757,27.9045582476,28.3164861223
2009.05.21,28.2061576170,28.2944275004,27.9523785454,27.9523785454
2009.05.22,28.0737635694,28.4636249624,27.9634240627,28.3385761405
2009.05.26,28.2503048778,28.4268475364,28.0921530732,28.2650169998
2009.05.27,28.4452135832,28.5077407550,28.3164861223,28.3164861223
2009.05.28,28.5004107439,28.5776472948,28.3165133924,28.4158195336
2009.05.29,28.6107365341,28.7504974439,28.4856849360,28.6291245767
2009.06.01,28.8759935749,29.3177277625,28.8759935749,29.3065892504
2009.06.02,29.1989234423,29.2249076227,28.9279431328,29.2211947878
2009.06.03,29.2954373550,29.3028630256,28.9576429760,29.0541540374
2009.06.04,28.9613349415,29.2137537757,28.9613349415,29.1432269413
2009.06.05,29.3214214702,29.3214214702,29.0690024794,29.2360460829
2009.06.08,29.3140185330,29.4179553353,29.0727350522,29.2880343324
2009.06.09,29.1803605939,29.4105082033,29.1803605939,29.3436913381
2009.06.10,29.4253690672,29.5107473182,29.2212083636,29.3808263555
2009.06.11,29.3734020163,29.6815023361,29.3734020163,29.4476445927
2009.06.12,29.5515649649,29.6480788446,29.4476282478,29.5998204887
2009.06.15,29.5664152828,29.5886866287,29.1321070458,29.1618012296
2009.06.16,29.3214230462,29.4105141057,28.6866641157,28.8834019160
2009.06.17,28.8759791072,29.0541555622,28.5901502472,28.7163611655
2009.06.18,28.6012882862,29.0318837389,28.6012882862,28.9910510452
2009.06.19,28.8462910040,29.0615902164,28.8462910040,29.0207575095
2009.06.22,28.9836363499,28.9836363499,28.3971327968,28.6272805135
2009.06.23,28.5307511963,28.8574098288,28.5307511963,28.6755205883
2009.06.24,28.7646254508,29.0653029123,28.6755371962,28.8203066720
2009.06.25,28.9131072093,29.1172707390,28.8091704422,29.0949965517
2009.06.26,29.0801423269,29.0987036740,28.8759816694,29.0875679986
2009.06.29,29.1172685216,29.4513501526,29.1061328448,29.4513501526
2009.06.30,29.5107338338,29.6406547371,29.4067971111,29.5886863757
2009.07.01,29.6879645792,29.7853643800,29.5156436136,29.6617418857
2009.07.02,29.5643337408,29.5755716266,29.1110542478,29.1447707631
2009.07.06,29.0398915006,29.2346911433,28.6989964128,28.7102343041
2009.07.07,28.8937837616,28.9649608607,28.3093907403,28.3093907403
2009.07.08,28.3243699421,28.8038721066,28.3018941713,28.4817060540
2009.07.09,28.7064765371,28.9874351457,28.5416494303,28.8900382192
2009.07.10,28.8263677203,29.1822505322,28.5191862561,28.6690315001
2009.07.13,28.9237664177,28.9237664177,28.5753774537,28.7327136676
2009.07.14,28.6952574756,28.9949479979,28.6540499573,28.8451027368
2009.07.15,28.9949387880,29.4819321595,28.9499843665,29.4819321595
2009.07.16,29.4182555118,29.5943234631,29.2197117737,29.5718476763
2009.07.17,29.5306411199,29.6018153997,29.4632108993,29.5980713405
2009.07.20,29.6804847449,30.0476025918,29.6804847449,30.0101419953
2009.07.21,30.0962944173,30.2873471325,29.8977507276,30.1562336448
2009.07.22,30.1187671124,30.2536274898,29.9689219312,30.1936882740
2009.07.23,30.3435300726,30.6394734866,30.1262547268,30.5008662092
2009.07.24,30.6432289077,30.7218969979,30.2423946246,30.6806894947
2009.07.27,30.7818249244,30.8267793314,30.5757903233,30.7368733756
2009.07.28,30.7706224449,30.8755133237,30.6432557658,30.7706224449
2009.07.29,30.8829741286,31.0028496987,30.7406199241,30.8754802978
2009.07.30,31.0365619046,31.4336520343,30.9616407486,31.1302147787
2009.07.31,31.3737067751,31.7108576285,31.2350995193,31.6359336288
2009.08.03,31.6469011701,31.8055723236,31.6166807010,31.6960148366
2009.08.04,31.8471416897,31.8622504893,31.3635765178,31.6280266265
2009.08.05,31.5600124037,31.7262379526,31.2842293687,31.5260104131
2009.08.06,31.6242108488,31.6582128136,31.2048715377,31.2766512216
2009.08.07,31.4391109675,31.7753377058,31.2766641145,31.4957790107
2009.08.10,31.5940019972,31.6468914046,31.3786657293,31.6393370103
2009.08.11,31.6393556678,31.7526918261,31.4466853516,31.5638001505
2009.08.12,31.4618122224,31.5978145251,31.3560332942,31.4844783121
2009.08.13,31.4844461898,31.4882248283,31.0084414983,31.0839969750
2009.08.14,31.2124505088,31.2124505088,30.8837780716,30.9291130953
2009.08.17,30.7477761474,30.8460005920,30.0828768710,30.1735469193
2009.08.18,30.4304370532,30.7477735488,30.2226551462,30.6948841328
2009.08.19,30.6533208073,30.8195462952,30.4115398515,30.8195462952
2009.08.20,30.8497847122,30.9177829372,30.6986708204,30.7251155353
2009.08.21,30.8648903517,31.1444520318,30.7968892515,31.1444520318
2009.08.24,31.1595372624,31.1670916528,30.8724214293,30.9819788246
2009.08.25,31.1217639142,31.1217639142,30.9026519548,30.9782074053
2009.08.26,31.1066544782,31.1482108436,30.9668765964,31.0991000855
2009.08.27,31.1860200633,31.2200191850,30.9329030010,30.9404602829
2009.08.28,31.1671025590,31.1671025590,31.0235460333,31.0953228551
2009.08.31,31.1293234207,31.1671011487,30.9857640193,31.0991000855
2009.09.01,31.1231339642,31.1231339642,30.7116128875,30.8068722345
2009.09.02,30.8068523822,30.8220942167,30.5210745253,30.6430062946
2009.09.03,30.7458753731,30.8944795653,30.6544244032,30.8411346197
2009.09.04,30.9326005097,31.2107589493,30.8602025102,31.0773936014
2009.09.08,31.2183757018,31.5193954173,31.1802725659,31.5193954173
2009.09.09,31.4317658881,31.5498894273,31.1497991017,31.2221971185
2009.09.10,31.3860101063,31.7213215275,31.2526448673,31.7060797029
2009.09.11,31.8356709474,32.0604815828,31.7289780502,32.0071365878
2009.09.14,32.0337997888,32.0642834649,31.8204198704,32.0452304406
2009.09.15,32.1481038764,32.2814662912,32.0528445934,32.2738439205
2009.09.16,32.5100789999,32.7005975132,32.4072002818,32.6891668676
2009.09.17,32.6891650738,32.7463212061,32.4491128067,32.7463212061
2009.09.18,32.6625229834,32.7920742905,32.3348306210,32.6549006082
2009.09.21,32.5786708298,32.6739301013,32.3614798073,32.6739301013
2009.09.22,32.7768142589,32.8187285778,32.5786762206,32.6358323744
2009.09.23,32.7311240885,32.9064010017,32.6930209173,32.7349352777
2009.09.24,32.8835260910,32.9559212143,32.6587125317,32.7958862171
2009.09.25,32.8072874156,32.9139773179,32.5596127668,32.6891668676
2009.09.28,32.8263608130,32.9749651131,32.5253410262,32.9482926210
2009.09.29,32.9406679155,32.9559097538,32.8416003271,32.9101871459
2009.09.30,32.9025590776,33.0321132272,32.7463353494,32.9025590776
2009.10.01,32.7930691447,32.8122790032,32.0362464434,32.0362464434
2009.10.02,31.9017791636,32.1207580194,31.5022382295,32.0477640905
2009.10.05,32.1438069452,32.4780390588,32.0977079855,32.4780390588
2009.10.06,32.5741076494,32.7200926867,32.3474435082,32.3666533770
2009.10.07,32.3167016121,32.6855081141,32.3167016121,32.6048319665
2009.10.08,32.6048310073,32.8161248357,32.6048310073,32.8122852081
2009.10.09,32.6970399357,32.9390684307,32.6355707066,32.9390684307
2009.10.12,32.9890127945,32.9928524231,32.8660772677,32.9313861251
2009.10.13,32.9890000866,32.9890000866,32.7277618264,32.9236883233
2009.10.14,33.0389434594,33.0850453659,32.9313752752,33.0543107616
2009.10.15,33.0658305655,33.0773553076,32.9428950975,33.0466207079
2009.10.16,33.0658464839,33.0735286720,32.8852842872,33.0427969885
2009.10.19,33.1042323610,33.1426491278,33.0197137155,33.0504483014
2009.10.20,33.0888814478,33.2041347362,33.0427824772,33.1119338641
2009.10.21,33.1657328343,33.3962365835,33.0965814164,33.1695724629
2009.10.22,33.2963337654,33.4231117894,33.2195001980,33.4231117894
2009.10.23,33.4999566889,33.4999566889,33.2732955369,33.3654964351
2009.10.26,33.2924916535,33.4384765930,33.2771243550,33.3846925136
2009.10.27,33.3846936067,33.3846936067,33.0581465627,33.1234553853
2009.10.28,33.1849462229,33.2233659644,32.5741110221,32.5779535824
2009.10.29,32.7239232318,33.2118226507,32.6739816947,33.0351030607
2009.10.30,33.0389553640,33.1196315312,32.6048399126,32.7239328836
2009.11.02,32.8993905769,33.1473075651,32.7909272639,32.9807380616
2009.11.03,32.7676891556,33.1511883124,32.7676891556,33.0543456283
2009.11.04,33.2751489065,33.3138853914,33.0427270413,33.1047048262
2009.11.05,33.1705637702,33.1821873778,33.0194893799,33.1318272775
2009.11.06,33.1085805171,33.1783073746,33.0698440308,33.1628121890
2009.11.09,33.2325183774,33.3061197244,33.1976534926,33.2944961258
2009.11.10,33.2635226133,33.3061336261,33.1821751221,33.2828893748
2009.11.11,33.2984084943,33.3913767004,33.2674181072,33.3022830316
2009.11.12,33.3487467264,33.3564957965,33.2170420889,33.3410006117
2009.11.13,33.2712511811,33.4107047941,33.2170195489,33.2751257135
2009.11.16,33.4416980325,33.5656564819,33.3332347587,33.4300773896
2009.11.17,33.4998245201,33.4998245201,33.3719914604,33.4223485951
2009.11.18,33.4533389389,33.4843293089,33.3371265292,33.3371265292
2009.11.19,33.3913532086,33.4300926429,33.2635231235,33.4068483912
2009.11.20,33.3681021219,33.4455750571,33.3138704762,33.3990924781
2009.11.23,33.4223668394,33.4572317635,33.3526399465,33.3642606028
2009.11.24,33.4146097696,33.4301049579,33.3332622471,33.3836193928
2009.11.25,33.4107131229,33.5656619487,33.3952179448,33.3990924781
2009.11.27,33.0659767687,33.2557876622,32.9458927481,33.1666940196
2009.11.30,33.1589133843,33.3525986295,33.1589133843,33.2751257135
2009.12.01,33.3969027463,33.4905520097,33.3032564598,33.4398245811
2009.12.02,33.4398200513,33.5412719177,33.4008010186,33.4749392645
2009.12.03,33.5295733868,33.6583389002,33.5022597606,33.5178679722
2009.12.04,33.6388095535,33.7753776099,33.6388095535,33.6544177567
2009.12.07,33.6895331264,33.7285551217,33.6193006794,33.6973387162
2009.12.08,33.6934327913,33.7519628020,33.6310029631,33.7363546007
2009.12.09,33.7597654141,33.8026872235,33.7246491939,33.7363546007
2009.12.10,33.7987778818,33.9041294897,33.7948750883,33.9041294897
2009.12.11,33.9470579286,33.9704687401,33.8846251288,33.9236471171
2009.12.14,33.9470793939,34.2436294267,33.9470793939,34.1968047972
2009.12.15,34.1812020206,34.2202210629,34.0485366814,34.1616939879
2009.12.16,34.2396908900,34.2552990836,34.0680037381,34.2396908900
2009.12.17,34.1811891018,34.2514245422,34.1382672784,34.2202081294
2009.12.18,34.2514188056,34.2709298046,34.1850861722,34.2006943760
2009.12.21,34.2631191071,34.3138465061,34.2006892782,34.3021410993
2009.12.22,34.3372836147,34.3841082550,34.2865591538,34.3763026598
2009.12.23,34.3958019003,34.5128589954,34.3840964884,34.4582317556
2009.12.24,34.4894455739,34.6377190740,34.4543293410,34.5869946343
2009.12.28,34.6221345553,34.6494481894,34.4348389373,34.4855634074
2009.12.29,34.5051656232,34.5248055050,34.2891419070,34.3009246374
2009.12.30,34.3677034147,34.4776795862,34.3402093719,34.4462569667
2009.12.31,34.5012456932,34.5248141565,34.3991266730,34.5012456932
2010.01.04,34.5641106437,34.7722803761,34.5641106437,34.7722803761
2010.01.05,34.8586697607,34.9882858154,34.7290537061,34.9372233108
2010.01.06,34.9725826906,35.0589934139,34.9568713775,35.0275707878
2010.01.07,35.1061488720,35.2043423995,35.0001011808,35.1689941680
2010.01.08,35.1768218394,35.2750152929,35.1571849466,35.2239557758
2010.01.11,35.1532563110,35.2357384522,35.1454021532,35.1925330930
2010.01.12,35.1532641015,35.4635558425,34.9765170449,35.0118652576
2010.01.13,34.9961589910,35.1218465374,34.9961589910,35.0904239016
2010.01.14,35.1296644829,35.1453757832,35.0393252550,35.1296644829
2010.01.15,35.1611021168,35.1611021168,34.9529325246,34.9882837176
2010.01.19,34.9568746748,35.0354282507,34.9450919381,35.0040086183
2010.01.20,35.0157857112,35.0393511809,34.9018809469,34.9529404634
2010.01.21,35.0197106353,35.0197106353,34.4069815188,34.4069815188
2010.01.22,34.5601776557,34.5798175511,34.0181507049,34.0809929762
2010.01.25,34.2655911848,34.3441477559,34.0731328298,34.1320495089
2010.01.26,34.2498705047,34.3402097875,34.1320401752,34.1752455283
2010.01.27,34.1556117358,34.3362873372,34.1399004231,34.1870343613
2010.01.28,34.2145351314,34.2655946603,33.9945827034,34.0417136542
2010.01.29,34.2773690870,34.2773690870,33.8649583844,33.8688869616
2010.02.01,34.0204961855,34.1511166210,33.9017528058,34.0323732413
2010.02.02,34.1471545286,34.2817339706,34.0402851945,34.1352804937
2010.02.03,34.1986076606,34.3213100297,34.1273604417,34.3094359965
2010.02.04,34.1590271050,34.1788161540,33.7948729695,33.8225800540
2010.02.05,33.7750577921,33.7750577921,33.0309200656,33.6246454330
2010.02.08,33.5652853458,33.6959026706,33.4029989140,33.4782051160
2010.02.09,33.5890264119,33.6642325983,33.4306990289,33.5454863061
2010.02.10,33.5257150877,33.6127953534,33.0903167787,33.0942757962
2010.02.11,33.2130313861,33.4148960366,33.0072046972,33.2288614208
2010.02.12,33.2328206797,33.3159419516,33.0032459172,33.2090726076
2010.02.16,33.1180150113,33.6523674759,33.1180150113,33.5375831779
2010.02.17,33.7117320410,33.8304783449,33.6958989991,33.7948532458
2010.02.18,33.8384100926,34.1946461609,33.8384100926,34.1154839323
2010.02.19,34.1867529968,34.3490365751,34.1590458971,34.3450775552
2010.02.22,34.3925773879,34.4598656285,34.3213301274,34.3886183679
2010.02.23,34.4440021429,34.4756682351,34.0204779737,34.1392243096
2010.02.24,34.2659032257,34.4281897667,34.1788229373,34.2698622442
2010.02.25,34.1510959878,34.2975493895,34.0402676925,34.2737983120
2010.02.26,34.3371339786,34.5231685018,34.3015118885,34.5033764385
2010.03.01,34.5695843815,34.6054724413,34.4938166430,34.5297047029
2010.03.02,34.6453327282,34.7729397292,34.5695680679,34.7530029417
2010.03.03,34.8048553253,34.8447319577,34.7290875941,34.7889040639
2010.03.04,34.8646861283,34.8646861283,34.7251163364,34.8168323243
2010.03.05,34.9284772617,35.0281703737,34.8088473528,35.0241848398
2010.03.08,35.0799882125,35.1318274993,35.0082091004,35.0321344570
2010.03.09,35.0202019942,35.1837001850,35.0122278826,35.1837001850
2010.03.10,35.0999596202,35.2116184933,35.0919855076,35.1956672257
2010.03.11,35.1597755792,35.1916781139,35.0999590873,35.1637641567
2010.03.12,35.1677359889,35.2395151366,35.1517847291,35.1717215220
2010.03.15,35.1757224327,35.1916736980,35.0640666176,35.1318572135
2010.03.16,35.1797097097,35.2833914094,35.0879906979,35.2514888799
2010.03.17,35.2794028326,35.3471934260,35.2275604615,35.2514888799
2010.03.18,35.2833950501,35.3471970733,35.2554810945,35.3033318513
2010.03.19,35.1278475382,35.3312222462,35.0799968133,35.1278475382
2010.03.22,35.0720327458,35.2993329010,35.0162048509,35.2953473674
2010.03.23,35.2993156719,35.3312181798,35.2235510187,35.2913415661
2010.03.24,35.2833790121,35.3272411718,35.2315366593,35.2714132860
2010.03.25,35.3471705558,35.4149611054,35.2953312607,35.3551477042
2010.03.26,35.3392067528,35.3711062286,35.2913529755,35.3431922858
2010.03.29,35.3870623955,35.3950395474,35.3711111342,35.3870623955
2010.03.30,35.3910301338,35.4388838895,35.3152624478,35.3511535252
2010.03.31,35.3192984078,35.3312611022,35.0162302997,35.2395450837
2010.04.01,35.2909484255,35.3552321371,35.1543501363,35.1543501363
2010.04.05,35.2145738786,35.3471565787,35.1181514901,35.1382378274
2010.04.06,35.1583500127,35.3873552497,35.1342421010,35.3672658342
2010.04.07,35.3190784477,35.4516582522,35.3150599490,35.4195194584
2010.04.08,35.3953991372,35.4958401127,35.3592418573,35.4797691888
2010.04.09,35.4757567368,35.5842316507,35.4596858115,35.5320034425
2010.04.12,35.5762141507,35.6204084492,35.5320198522,35.5400537859
2010.04.13,35.6123438579,35.6846614663,35.6123438579,35.6364487056
2010.04.14,35.7167998253,35.7650095160,35.6766240613,35.7328707439
2010.04.15,35.7650245769,35.9458201890,35.7248487960,35.8293082786
2010.04.16,35.8172720103,35.8976236085,35.3954184571,35.5400537859
2010.04.19,35.4596780427,35.5520820111,35.3753080025,35.4717304677
2010.04.20,35.6203882172,36.2913331828,35.5601230203,35.8534089456
2010.04.21,35.8935836471,35.9217100613,35.7931426768,35.8574263691
2010.04.22,35.8453726476,35.8453726476,35.6685955655,35.7529656097
2010.04.23,35.7569979221,35.9980557220,35.7047697028,35.9860032918
2010.04.26,35.9177041438,36.0382315111,35.9177041438,35.9860032918
2010.04.27,35.9859955863,36.0502792873,35.5038800897,35.5320034425
2010.04.28,35.6766306149,35.7248403145,35.5561002354,35.5561002354
2010.04.29,35.7207999605,35.8493641785,35.7127629727,35.8011514473
2010.04.30,35.7409106522,35.9658974205,35.7409106522,35.9176877217
2010.05.03,35.9338813292,36.0512302478,35.9136470537,35.9136470537
2010.05.04,35.8367757929,35.8651019383,35.5332800545,35.5454193901
2010.05.05,35.3066425290,35.3471079775,34.8412821533,35.0597992798
2010.05.06,34.9141122282,35.0071855143,31.9519970859,34.1897694635
2010.05.07,34.1735902569,34.4447152355,33.3885507044,34.1857326696
2010.05.10,35.1609765685,35.3673544404,34.6430112399,34.8251073645
2010.05.11,34.6673021518,35.1569415210,34.6308841489,34.7846541954
2010.05.12,35.0031547208,35.2176244234,34.9748285919,35.2095325668
2010.05.13,35.2419143361,35.3066615585,34.9910265680,34.9910265680
2010.05.14,34.8858164909,34.9869817179,34.5418553368,34.7886987375
2010.05.17,34.7806074077,34.8777282586,34.4447411657,34.7441894041
2010.05.18,34.9302965290,34.9869487558,34.5620570553,34.6713140390
2010.05.19,34.5620866864,34.6592044316,34.0967260645,34.4690133271
2010.05.20,33.9469909645,33.9469909645,32.9110604051,33.4411650136
2010.05.21,32.9758011971,34.1533653739,32.9515225419,34.1128999193
2010.05.24,34.0319865958,34.4771130406,33.9874736426,34.1655254555
2010.05.25,33.6677879657,34.1250567901,33.1862435609,34.1250567901
2010.05.26,34.2505011473,34.4164136119,33.6637440290,33.7163488389
2010.05.27,34.0481763748,34.3476246510,34.0481763748,34.1817152460
2010.05.28,34.3111701132,34.3314012893,34.1209791513,34.2383310871
2010.06.01,34.0927904322,34.3945317539,33.9949289705,34.0764796701
2010.06.02,34.2232427451,34.3088718362,34.1294567248,34.2517857755
2010.06.03,34.3415303510,34.4149272384,34.1335719850,34.2640549946
2010.06.04,34.0520063989,34.3129723043,33.9786095436,34.0723925131
2010.06.07,34.0357005188,34.3619063918,33.8358991494,33.8358991494
2010.06.08,34.0560725028,34.0560725028,33.6605483960,33.8888927234
2010.06.09,33.9663850542,34.0275465218,33.8481343651,33.9623065860
2010.06.10,34.0927776780,34.3088897509,33.9949162529,34.3088897509
2010.06.11,34.1254119925,34.3659887343,34.0846335317,34.3578349087
2010.06.14,34.3945088598,34.5372240446,34.3537335371,34.4026657909
2010.06.15,34.5168511621,34.8349031561,34.4801511800,34.7370417220
2010.06.16,34.6554852606,34.7900466664,34.5780130571,34.7655820875
2010.06.17,34.8634397222,35.0428549105,34.8063536371,35.0265441560
2010.06.18,35.0591534424,35.2018686056,35.0387642287,35.1774009269
2010.06.21,35.3813310049,35.4017202477,35.2590048813,35.3038587265
2010.06.22,35.2712189993,35.3119943529,34.9123915329,35.0510283571
2010.06.23,35.0795517748,35.1040163510,34.7778105945,35.0265441560
2010.06.24,34.9531504244,34.9735365360,34.7411137083,34.7859675094
2010.06.25,34.9164594159,34.9613132285,34.7615118613,34.9450024684
2010.06.28,34.9939410600,35.1488886425,34.9327764763,35.0224841176
2010.06.29,34.8919693633,34.8960478281,34.4678992428,34.6717789289
2010.06.30,34.5984116209,34.7085084874,34.4597748094,34.6188008513
2010.07.01,34.6939541626,34.8007562262,34.2831803698,34.7843248984
2010.07.02,34.7350337424,34.9773919295,34.7103883157,34.7925418273
2010.07.06,35.0020352068,35.0841918474,34.8582650033,35.0677605193
2010.07.07,35.0718657833,35.5237194688,34.9979263742,35.4908568127
2010.07.08,35.5976795281,35.6716158461,35.3758611721,35.6551876425
2010.07.09,35.6551672461,35.6551672461,35.5196111394,35.5730106054
2010.07.12,35.6181926941,35.6223013093,35.2690356216,35.5442532913
2010.07.13,35.6346443082,35.8811080801,35.5401649098,35.8194913536
2010.07.14,35.7578618482,35.8441239733,35.6880279179,35.7866158899
2010.07.15,35.7208760123,35.8605406821,35.7044446903,35.8400007462
2010.07.16,35.8153841983,35.8235982989,35.5237350495,35.6223199269
2010.07.19,35.7291291162,35.8277140131,35.6264356012,35.7414518366
2010.07.20,35.7373178666,36.2138169425,35.6798097898,36.0289668663
2010.07.21,36.1809634227,36.3288422674,35.8893143494,36.0125446307
2010.07.22,36.1275482594,36.3370437389,36.1275482594,36.3329351241
2010.07.23,36.3082987451,36.4972543316,36.1645285307,36.4972543316
2010.07.26,36.4767239165,36.5424461114,36.3411677760,36.5136920635
2010.07.27,36.5547845337,36.5999699333,36.3452920092,36.4644137346
2010.07.28,36.5095968053,36.5383508637,36.3617178951,36.3863664694
2010.07.29,36.5095770452,36.5301169903,36.3863467760,36.4972543316
2010.07.30,36.3945637245,36.5054744228,36.2918702585,36.4027809568
2010.08.02,36.5554036022,36.6215762290,36.4768243966,36.5926264936
2010.08.03,36.4644178179,36.6546593872,36.4313315045,36.5926264936
2010.08.04,36.6339710481,36.6381044695,36.5140355669,36.5719350192
2010.08.05,36.5347090867,36.5636619657,36.4561330682,36.5553888130
2010.08.06,36.5347234094,36.5554031439,36.3403484199,36.5471331433
2010.08.09,36.6381035199,36.6381035199,36.4313188657,36.4809483186
2010.08.10,36.4892154825,36.5181652031,36.3734134447,36.4685357584
2010.08.11,36.2245474091,36.2700403020,35.9391866279,35.9929495216
2010.08.12,35.8357802335,36.0384283057,35.6496721566,35.8688665346
2010.08.13,35.9681076417,36.1169927805,35.8357656466,36.0260070673
2010.08.16,35.9764167670,36.1749315531,35.9722833430,36.0715391584
2010.08.17,36.2079998389,36.3031190277,36.1749135319,36.2079998389
2010.08.18,36.2286753423,36.2948479545,36.1873190373,36.2700316473
2010.08.19,36.2700143580,36.3155072184,36.0963160667,36.1955717824
2010.08.20,36.1955609399,36.2989531997,36.1707478072,36.2824132148
2010.08.23,36.3113629213,36.3154963399,36.2162406540,36.2824132148
2010.08.24,36.1914430276,36.2162561709,36.0839141478,36.0921841438
2010.08.25,36.0632337148,36.1128631557,35.8936719801,36.0425571475
2010.08.26,36.0715287286,36.1625145144,35.8978303130,35.9929495216
2010.08.27,36.0632507464,36.1583730976,35.9433183959,35.9888081275
2010.08.30,35.9929336851,36.1583620270,35.9929336851,36.0549697077
2010.08.31,36.0632337148,36.1376762985,36.0218774250,36.0425571475
2010.09.01,36.2029299661,36.4320341534,36.1945970557,36.4320341534
2010.09.02,36.4570176911,36.4945094227,36.3820374059,36.4903429685
2010.09.03,36.5445304431,36.5986816845,36.4403912403,36.5986816845
2010.09.07,36.5236812891,36.5486736671,36.3862168541,36.5445103895
2010.09.08,36.5445021872,36.5986533866,36.5153433600,36.5528319186
2010.09.09,36.7111292005,36.7111292005,36.5861641369,36.6986330119
2010.09.10,36.7527879234,36.8111055895,36.6653082462,36.7944429452
2010.09.13,36.8985901675,36.9985628773,36.8444357671,36.9860666859
2010.09.14,36.9819154891,36.9819154891,36.8736098216,36.9777490308
2010.09.15,36.8527579808,36.9652268494,36.8527579808,36.9444009290
2010.09.16,36.9652271118,37.0318776848,36.9277385480,37.0068821309
2010.09.17,37.0943415623,37.0943415623,37.0318574787,37.0735124751
2010.09.20,37.1151935111,37.1651814487,37.0943675873,37.1318561570
2010.09.21,37.1693353000,37.1693353000,37.0193747162,37.0693594587
2010.09.22,37.1151835385,37.1151835385,36.9152381981,36.9194014749
2010.09.23,36.8652737011,36.8736034380,36.7611345098,36.8236186602
2010.09.24,36.8777458239,37.0277064157,36.8777458239,36.9693887609
2010.09.27,37.0443661481,37.1068502528,37.0068744141,37.0318699628
2010.09.28,37.1401956610,37.1401956610,36.9902349997,37.0860412578
2010.09.29,37.1568592631,37.2443389736,37.1193706827,37.1735219138
2010.09.30,37.2734851427,37.3817875681,37.1693459950,37.3609616454
2010.10.01,37.4058213741,37.4561386182,37.3135746927,37.4100152775
2010.10.04,37.4351790769,37.4351790769,37.2716520026,37.2800398110
2010.10.05,37.4226071419,37.4519580783,37.3429389433,37.4142225310
2010.10.06,37.4100161555,37.4561394972,37.3387357905,37.3806652288
2010.10.07,37.4645247114,37.5274204693,37.3722780264,37.4561401032
2010.10.08,37.5106357217,37.6028823764,37.4687062965,37.5819160643
2010.10.11,37.5945039927,37.6909413666,37.5819222839,37.6615904442
2010.10.12,37.6406504013,37.7161247113,37.5987209399,37.6280718828
2010.10.13,37.7077244958,37.8419006360,37.6616011476,37.7538478439
2010.10.14,37.7873923676,37.7915830727,37.5483910198,37.5735480462
2010.10.15,37.6490379462,37.7370907741,37.6280716162,37.6700010772
2010.10.18,37.7161063923,37.7790021533,37.6196689979,37.6196689979
2010.10.19,37.6490337076,37.7161201979,37.6029103459,37.6154888629
2010.10.20,37.6615893350,37.7454481967,37.5861150799,37.7328696874
2010.10.21,37.7748319439,37.7874136632,37.6742005826,37.6742005826
2010.10.22,37.7664254403,37.8544782303,37.7412684143,37.8460936213
2010.10.25,37.9341536159,38.0599419688,37.9257658063,37.9928554871
2010.10.26,37.9844543051,38.0599285699,37.9676850899,38.0515439622
2010.10.27,38.0305740103,38.0725066415,37.9592936557,38.0096108937
2010.10.28,38.1102572422,38.1144511468,37.9676964766,38.0305890502
2010.10.29,38.0766953778,38.1144341041,38.0138028323,38.0473444569
2010.11.01,38.1153113283,38.1575203299,37.9675749922,37.9760187247
2010.11.02,38.0730914177,38.1659531347,38.0182200487,38.1617344896
2010.11.03,38.1786399648,38.3263763657,38.1322090766,38.2883859934
2010.11.04,38.4403421513,38.8202297840,38.4361202830,38.7864612787
2010.11.05,38.7400235347,38.7864544161,38.6302775224,38.7442454022
2010.11.08,38.7062396309,38.7442299825,38.6007155281,38.6302621481
2010.11.09,38.7020303923,38.7020303923,38.4529917745,38.5205287625
2010.11.10,38.5163086471,38.5163086471,38.1912957336,38.2039581143
2010.11.11,38.1743978189,38.2123849476,37.9084750373,38.0519894817
2010.11.12,38.0477636723,38.0941945271,37.9126929728,37.9126929728
2010.11.15,38.0604687577,38.0731311468,37.8156518339,37.8409798324
2010.11.16,37.8114380199,37.8620875828,37.3513507615,37.4231096762
2010.11.17,37.6721104473,37.7227631837,37.5665863284,37.6130171983
2010.11.18,37.9127144411,38.0899942306,37.8114121642,38.0899942306
2010.11.19,37.9887015601,38.0773414773,37.9211645449,38.0773414773
2010.11.22,37.8873903492,37.9675865105,37.7945285853,37.8114128351
2010.11.23,37.7269748261,37.7269748261,37.2795536755,37.2922160522
2010.11.24,37.3850760970,37.5750181791,37.3850760970,37.5159249437
2010.11.26,37.4695026803,37.5117149041,37.3597599154,37.3808628070
2010.11.29,37.3597723984,37.5750393540,37.3471100151,37.4779589357
2010.11.30,37.3935359099,37.6172498109,37.3217802614,37.5623751924
2010.12.01,37.8079547122,37.9226773518,37.7272219248,37.9099307520
2010.12.02,37.9269372619,37.9524304681,37.8164612987,37.9311839684
2010.12.03,37.9014525545,38.0076786023,37.8844592396,37.9949319953
2010.12.06,37.9949220378,37.9949220378,37.9141924671,37.9736787789
2010.12.07,38.1648917860,38.2031348463,38.1011555132,38.1691417353
2010.12.08,38.1266477398,38.2413704247,37.9906785524,38.0459149204
2010.12.09,38.1011598823,38.1011598823,37.9609407144,37.9651906642
2010.12.10,38.0289104700,38.0756501724,37.9481776674,37.9821707677
2010.12.13,37.9864364690,38.0586694056,37.7399912527,37.7909809242
2010.12.14,37.9864324200,37.9864324200,37.7654804422,37.9779325214
2010.12.15,37.9864338296,37.9864338296,37.7782316919,37.8292181181
2010.12.16,37.7739734223,37.9694289104,37.7229837656,37.9694289104
2010.12.17,37.9651908698,38.0416737580,37.9142044388,38.0246772004
2010.12.20,38.0841713202,38.0926712216,38.0289349281,38.0926712216
2010.12.21,38.1606411237,38.1946342341,38.0969080938,38.1733877297
2010.12.22,38.1776196589,38.3008421947,38.1436265645,38.2795957003
2010.12.23,38.3051056601,38.3475954222,38.2923590556,38.3178522645
2010.12.27,38.3773367518,38.3943333042,38.2923572317,38.3475935956
2010.12.28,38.4318267568,38.4446553743,38.2907054392,38.3719577002
2010.12.29,38.4190034100,38.5130843093,38.3676889286,38.5002556889
2010.12.30,38.5473222269,38.5473222269,38.4703471902,38.5430449297
2010.12.31,38.5430027292,38.6199776816,38.5087941768,38.6114263592
2011.01.03,38.6114500980,38.7910573432,38.6028955076,38.6413846388
2011.01.04,38.7269180977,38.8209990328,38.6927095179,38.8167217368
2011.01.05,38.7611230676,38.9193503634,38.7568457724,38.9150730682
2011.01.06,38.9321582818,38.9663700999,38.7824856560,38.9620928070
2011.01.07,38.9664025449,38.9664025449,38.7867919817,38.8124524980
2011.01.10,38.7483017460,38.7996195101,38.7311958246,38.7825135887
2011.01.11,38.8765969636,38.9535687206,38.8509364486,38.9321887645
2011.01.12,38.9364610122,39.0561991911,38.9364610122,39.0134360218
2011.01.13,39.0176757943,39.1074793496,38.9877412758,39.0048471810
2011.01.14,39.0647440620,39.0861272743,39.0177036048,39.0690213570
2011.01.18,39.1288791037,39.1288791037,39.0219695979,39.0647327477
2011.01.19,39.0305189022,39.0818366368,38.9407153135,38.9449926070
2011.01.20,38.9449856715,38.9706429029,38.8124189588,38.8680107145
2011.01.21,38.9065326591,39.0604794403,38.9065326591,39.0262708570
2011.01.24,39.0390775438,39.1074979345,39.0390775438,39.0818406958
2011.01.25,39.0989708321,39.1417340106,39.0562076536,39.1417340106
2011.01.26,39.1887500710,39.2229618975,39.1417096252,39.2229618975
2011.01.27,39.2443395889,39.2785514134,39.2101310269,39.2742741197
2011.01.28,39.2913912592,39.2956685541,39.0305317319,39.0390863218
2011.01.31,39.1417220231,39.2486315679,39.0690243157,39.2486315679
2011.02.01,39.2998453241,39.3601010957,39.2568059563,39.3256715717
2011.02.02,39.3773153133,39.3859251566,39.3256693883,39.3687087537
2011.02.03,39.3730136754,39.4074431975,39.2826267393,39.3687087537
2011.02.04,39.4677140393,39.5494911633,39.3902418385,39.5408846004
2011.02.07,39.6011080535,39.6183244489,39.5064195206,39.6140195291
2011.02.08,39.6484579022,39.6656743001,39.5968087087,39.6570644593
2011.02.09,39.6570809092,39.6570809092,39.4332742120,39.4332742120
2011.02.10,39.4246234918,39.5580496711,39.3815841659,39.4762726532
2011.02.11,39.5408492001,39.5752787045,39.4375508358,39.5752787045
2011.02.14,39.5365567518,39.6054190660,39.5365567518,39.6054190660
2011.02.15,39.6226570163,39.6226570163,39.4978405150,39.5279684095
2011.02.16,39.6011403917,39.6355699269,39.5408846004,39.5408846004
2011.02.17,39.5967954193,39.6398347576,39.5795790272,39.6312282034
2011.02.18,39.6743019636,39.7560790758,39.6441740723,39.7517741532
2011.02.22,39.6786116780,39.7001297266,39.4203688257,39.4246737489
2011.02.23,39.4375728299,39.5236548481,39.4203564262,39.4633990772
2011.02.24,39.5322506291,39.5580768694,39.4719948746,39.4935161942
2011.02.25,39.5150260764,39.6312359245,39.5021146008,39.6140195291
2011.02.28,39.6570563739,39.8249121139,39.5881940803,39.8120006391
2011.03.01,39.8332489306,39.8375809690,39.7076462503,39.7509567218
2011.03.02,39.7379562664,39.7942595380,39.7162993826,39.7855987671
2011.03.03,39.8072392265,39.9415025981,39.8072392265,39.9285097949
2011.03.04,39.9285086921,39.9371694592,39.8158988941,39.8462165353
2011.03.07,39.9025486165,39.9068806553,39.8115956269,39.8549061023
2011.03.08,39.8462458075,39.8722314322,39.8072673705,39.8202601829
2011.03.09,39.8289228881,39.8505797793,39.6946594151,39.7076522280
2011.03.10,39.7336106084,39.7595995209,39.4867374184,39.4997302225
2011.03.11,39.4607694867,39.5647152700,39.4391126007,39.4910871445
2011.03.14,39.4521219019,39.5257533625,39.3091976292,39.3308512199
2011.03.15,38.9367014864,39.1922355342,38.7634563280,39.1272681867
2011.03.16,39.1359677896,39.2485777405,38.8587766062,38.8847622471
2011.03.17,39.0753037819,39.3091842910,39.0753037819,39.3048522526
2011.03.18,39.4737622966,39.6166898138,39.4217877527,39.4910871445
2011.03.21,39.6253424037,39.7509450471,39.5906960194,39.7336202028
2011.03.22,39.6816752832,39.7726282981,39.6426935314,39.7553034423
2011.03.23,39.7119842671,39.7682875581,39.6426848589,39.7076522280
2011.03.24,39.7422787771,39.7812571932,39.6946362877,39.7422787771
2011.03.25,39.7769570338,39.7856211139,39.7423106265,39.7553034423
2011.03.28,39.8029274400,39.8029274400,39.7119744674,39.7682777444
2011.03.29,39.7163179052,39.8072742159,39.7076571303,39.7899493617
2011.03.30,39.8245859510,39.8722284622,39.7379650057,39.8505748781
2011.03.31,39.8592364190,39.8592364190,39.7899403223,39.8289187572
2011.04.01,39.8289282791,39.8899418001,39.7809886090,39.7809886090
2011.04.04,39.8507140149,40.0337545494,39.8114891433,40.0250364335
2011.04.05,39.9378646645,40.0555359234,39.9378646645,39.9814452576
2011.04.06,40.0555266483,40.0860333889,40.0250165827,40.0686004907
2011.04.07,40.0642372490,40.1252507238,40.0598781936,40.1078178274
2011.04.08,40.1339655095,40.1470426756,40.0555224633,40.1078178274
2011.04.11,40.1296139719,40.1688354992,40.0642414349,40.0686004907
2011.04.12,40.0860352217,40.0860352217,39.9291424557,39.9422162987
2011.04.13,40.0381073950,40.1339833804,40.0206744909,40.1339833804
2011.04.14,40.0947516711,40.1034664585,39.9378588986,39.9727246980
2011.04.15,40.0293954914,40.0511874562,39.9901739448,40.0250364335
2011.04.18,39.9640352780,39.9640352780,39.8420082173,39.8855888354
2011.04.19,39.9378752242,40.0337545494,39.9248013753,40.0250364335
2011.04.20,40.0947536134,40.1949919604,40.0555320809,40.1775590599
2011.04.21,40.2342409609,40.2821806390,40.1427206642,40.2734658452
2011.04.25,40.2908610299,40.2908610299,40.2254918202,40.2298475508
2011.04.26,40.2908698768,40.3213766230,40.2385744975,40.3213766230
2011.04.27,40.3083134320,40.3475383018,40.3039576993,40.3475383018
2011.04.28,40.3475413752,40.3824071899,40.3344675259,40.3693300157
2011.04.29,40.4259765233,40.4651980602,40.3911107183,40.4651980602
2011.05.02,40.4796746556,40.5279119975,40.4358234390,40.4445956897
2011.05.03,40.5279295438,40.5323156710,40.3876035825,40.4533821087
2011.05.04,40.5103521029,40.5103521029,40.3963396616,40.4401908579
2011.05.05,40.4401941928,40.4401941928,40.2516310220,40.2735549491
2011.05.06,40.3919305487,40.5410252005,40.3919305487,40.4796328914
2011.05.09,40.5147327786,40.5673562145,40.4708815881,40.5322739239
2011.05.10,40.4884372803,40.6199908989,40.4884372803,40.6199908989
2011.05.11,40.6463390138,40.6638801804,40.5060130268,40.5586331809
2011.05.12,40.5498533521,40.5980907108,40.4577647615,40.5980907108
2011.05.13,40.6068202901,40.6068202901,40.4314121871,40.4314121871
2011.05.16,40.4577420031,40.5498305419,40.4577420031,40.5103621135
2011.05.17,40.5059666353,40.6024379225,40.3919508559,40.5805139986
2011.05.18,40.5542105720,40.6331440713,40.5322832989,40.6287579475
2011.05.19,40.6375532890,40.6375532890,40.5673919916,40.6112432207
2011.05.20,40.6112101686,40.6112101686,40.5235077818,40.5805139986
2011.05.23,40.4577493129,40.4972144027,40.3788157874,40.3875846922
2011.05.24,40.4796581417,40.5059715375,40.3130222483,40.3217911498
2011.05.25,40.3568734470,40.3656456942,40.2998672233,40.3217911498
2011.05.26,40.3305741658,40.3437291944,40.2867229554,40.2867229554
2011.05.27,40.3217830290,40.4577260670,40.2998591069,40.4094887544
2011.05.31,40.5191214139,40.5454314607,40.4577290744,40.5191214139
2011.06.01,40.4864883362,40.5438459230,40.2173429349,40.2835268374
2011.06.02,40.3099952740,40.3276445374,40.2393982203,40.2570474838
2011.06.03,40.1334969996,40.1864447779,40.0717262747,40.0981984807
2011.06.06,40.1246825690,40.1555679380,39.9614294091,40.0011410929
2011.06.07,40.1070145472,40.1202506469,39.9481746190,39.9702336630
2011.06.08,39.9570212629,39.9658475787,39.7717090255,39.7805353413
2011.06.09,39.8025976626,39.9040801054,39.7628893368,39.8070108209
2011.06.10,39.8290500018,39.8643485179,39.4628388376,39.5466686055
2011.06.13,39.5996294922,39.7055217093,39.3966680068,39.3966680068
2011.06.14,39.6967086650,39.7187677257,39.6217017994,39.6437608601
2011.06.15,39.5246329663,39.6437613208,39.4319768314,39.4760983195
2011.06.16,39.4495966229,39.5775478330,38.6642199097,38.7745252307
2011.06.17,39.2201753750,39.3481300025,38.9598563289,39.2025261126
2011.06.20,39.2466611952,39.5202198076,39.2422514028,39.4760983195
2011.06.21,39.5422660753,39.7452275308,39.5157905003,39.7408143739
2011.06.22,39.6658232731,39.7275940290,39.4496256275,39.4540354199
2011.06.23,39.3790174993,39.7099336127,39.1937052836,39.6658121375
2011.06.24,39.7320076633,39.7320076633,39.4143275629,39.4760983195
2011.06.27,39.4937526230,39.5334609575,39.4275686992,39.4672770337
2011.06.28,39.5775758955,39.6261105404,39.5422807261,39.6261105404
2011.06.29,39.7540591679,40.0408538355,39.6878752651,40.0187914125
2011.06.30,40.0187747564,40.4158746412,40.0187747564,40.2879200469
2011.07.01,40.5818615061,40.6085035088,40.3376318549,40.5019321101
2011.07.05,40.4353513629,40.5596853111,40.3687463105,40.5552472329
2011.07.06,40.4042642086,40.5774441047,40.3731807243,40.5730060268
2011.07.07,40.6662693324,40.7328777877,40.5463734355,40.7328777877
2011.07.08,40.4797540519,40.6396095449,40.4708711208,40.6218504585
2011.07.11,40.4131424611,40.4664264919,40.2088791043,40.2222001120
2011.07.12,40.1955713219,40.2577416967,40.1067623085,40.1112037755
2011.07.13,40.2311176228,40.4398226417,40.2044755822,40.4220601520
2011.07.14,40.3509769634,40.6307282992,40.3243315591,40.3998229187
2011.07.15,40.4841957467,40.4841957467,40.3598618033,40.3865038232
2011.07.18,40.2976829321,40.4086958327,40.1911114961,40.3154454027
2011.07.19,40.3110186023,40.5108439288,40.2799351143,40.4975195301
2011.07.20,40.5907931624,40.5907931624,40.4975392652,40.5330642367
2011.07.21,40.6085267363,40.7506231452,40.5641222437,40.7284225928
2011.07.22,40.6751236711,40.7905780294,40.6484816607,40.7816951007
2011.07.25,40.6529623078,40.7373298848,40.5597084057,40.5641498743
2011.07.26,40.6040957714,40.6929047721,40.5552498046,40.6485002717
2011.07.27,40.6396421935,40.6662876203,40.3288071131,40.3288071131
2011.07.28,40.3732042809,40.4886587416,40.3332412297,40.3909667662
2011.07.29,40.1778261722,40.4442566928,40.1467426679,40.4309356749
2011.08.01,40.5609001529,40.6591868305,40.3196519648,40.5206904173
2011.08.02,40.4269061679,40.4313746775,40.0158919064,40.0203604159
2011.08.03,40.0337559622,40.1901196873,39.6763502404,39.9980147083
2011.08.04,39.7612400992,39.9176038449,38.8275227262,38.8453899470
2011.08.05,39.0643076387,39.3725666604,37.7999885735,38.8051885934
2011.08.08,37.4693716019,38.3584137744,36.7813679691,37.1521757194
2011.08.09,37.6391469171,38.2869409606,37.1030417369,38.2869409606
2011.08.10,38.0412167379,38.1037622109,37.4783040720,37.6391362623
2011.08.11,37.3755487276,38.3807481174,37.3755487276,38.3226677490
2011.08.12,38.4120160633,38.5147678572,37.9875965509,38.1439601993
2011.08.15,38.4075617255,38.8185758695,38.2780022523,38.7649639952
2011.08.16,38.6577433956,38.7694322432,38.4745754579,38.5192503152
2011.08.17,38.7024231942,38.9481400538,38.6890210762,38.9436715449
2011.08.18,38.5013841980,38.5237233335,38.0233560105,38.4701114533
2011.08.19,38.0948361722,38.6800881364,38.0144200539,38.1350459356
2011.08.22,38.4209624189,38.5817946273,38.1305707422,38.1797141063
2011.08.23,38.0992937818,38.5281784872,37.8401748739,38.4656330140
2011.08.24,38.1975779519,38.4477598279,38.0590849004,38.2913961554
2011.08.25,38.5192359802,38.6264562797,37.9741940613,37.9831276660
2011.08.26,37.9965738918,38.4433295946,37.6615071146,38.3673785347
2011.08.29,38.6309432579,38.8007090972,38.5013837719,38.7560342351
2011.08.30,38.6934830814,38.8498467800,38.6398712096,38.8275110565
2011.08.31,39.2206439962,39.4842279589,39.1223572954,39.3278643024
2011.09.01,39.3382283763,39.3921853493,39.2213267471,39.3022604914
2011.09.02,38.9245707349,39.3697046382,38.9245707349,39.1179122776
2011.09.06,38.5603591088,38.8031602831,38.4524451889,38.6547812160
2011.09.07,38.9335559630,39.0099958584,38.7177349523,38.8436311136
2011.09.08,38.9200557719,39.0504491652,38.8436193301,38.9650216134
2011.09.09,38.9155835723,39.0279913776,38.5019202416,38.6143280469
2011.09.12,38.3580350786,38.4254804421,38.1332194874,38.2815986009
2011.09.13,38.3715001696,38.6682582164,38.2815753598,38.5738361371
2011.09.14,38.6997558517,38.9200741712,38.5154088501,38.8301493066
2011.09.15,38.9200557068,39.0999087810,38.8346281551,39.0909176710
2011.09.16,39.1853336168,39.1853336168,38.9380352497,39.0684286223
2011.09.19,39.0009819275,39.0864128932,38.8391145348,39.0099764662
2011.09.20,39.0819562906,39.1538989535,38.9245860035,39.0729651729
2011.09.21,39.0729379517,39.1538716759,38.7312174017,38.7357146726
2011.09.22,38.2950689450,38.4524390987,38.1197131409,38.2096413933
2011.09.23,38.0972467536,38.4974181807,38.0837549383,38.3130677727
2011.09.26,38.3940108450,38.8391448067,38.2231522108,38.4569589434
2011.09.27,38.6862719980,38.6862719980,38.4434707186,38.5019215444
2011.09.28,38.4794412139,38.4884323291,37.9983359385,38.0702751509
2011.09.29,38.2186400762,38.3445362240,37.9308764724,37.9983218174
2011.09.30,37.7600258592,37.7600258592,37.1979869162,37.2429493455
2011.10.03,37.0745773248,37.3189658276,36.7939858035,36.7939858035
2011.10.04,36.4817110851,36.7396761518,35.2552453501,36.6808432253
2011.10.05,36.8528279866,37.1605761652,36.5360299143,37.1288963580
2011.10.06,37.2420270898,37.7081741552,37.0655248699,37.7036474834
2011.10.07,37.9163469551,37.9254002966,37.4139935429,37.7353181075
2011.10.10,38.1879194208,38.5499774093,37.9571108196,38.5454507349
2011.10.11,38.4820766434,38.4820766434,38.0973923332,38.1200222438
2011.10.12,38.3644178670,39.0478006112,38.2060188078,39.0070709044
2011.10.13,38.8486424661,38.9301052782,38.5182679992,38.8441192480
2011.10.14,39.0613672172,39.1292534975,38.9210714367,39.1156769320
2011.10.17,38.9301059597,38.9527358618,38.7988635765,38.8893762793
2011.10.18,38.8848723190,39.1835706277,38.6631136508,39.0975810928
2011.10.19,39.1699842634,39.4732057170,38.9482221978,38.9708521075
2011.10.20,39.1020999134,39.3193318644,39.0115837231,39.3148086445
2011.10.21,39.5773025857,39.7990646938,39.4867898354,39.7900113470
2011.10.24,39.8262126109,40.9485892128,39.7583263307,40.8671263671
2011.10.25,40.4643381502,40.6544169695,40.1249102074,40.1430099925
2011.10.26,40.5050476150,40.5050476150,40.0298473512,40.3149688906
2011.10.27,41.0662497199,41.3739978244,40.7313484880,40.9078507219
2011.10.28,40.8037615230,40.8218613061,40.6589356356,40.7856582871
2011.10.31,40.5774813602,40.5820045801,40.3692958472,40.4055023236
2011.11.01,39.8482640992,40.1168649702,39.4931675862,39.6843728665
2011.11.02,39.8937713442,40.1441615836,39.8163792606,40.0622160028
2011.11.03,40.3763759128,40.5129496823,40.1168819303,40.4583215638
2011.11.04,40.2352281418,40.4537509431,40.0941009311,40.4173298973
2011.11.07,40.3946049986,40.4219190704,40.0713722739,40.2807917351
2011.11.08,40.4036769784,40.4355445283,40.2124716787,40.3718094284
2011.11.09,39.9302136578,40.0485803316,39.5159355094,39.5159355094
2011.11.10,39.8664915013,39.9302266217,39.5478158991,39.5569194277
2011.11.11,39.7890782979,40.1123072301,39.7572107546,40.0804396867
2011.11.14,40.0076044681,40.0076044681,39.6069833581,39.8118456758
2011.11.15,39.7481235590,39.7890981199,39.5614717044,39.7071524714
2011.11.16,39.5933446602,39.6616332888,39.3110866162,39.3201936191
2011.11.17,39.3839049889,39.5022681689,38.9377558946,39.1289611608
2011.11.18,39.2791893474,39.2928463681,39.0561165711,39.1016411313
2011.11.21,39.0561014117,39.1152829697,38.6145060552,38.6600305977
2011.11.22,38.6509551011,38.7602147770,38.3277260994,38.3641436758
2011.11.23,38.2457979508,38.3322936419,37.6175467120,37.6721783116
2011.11.25,37.7814380375,38.1001171585,37.5720221156,37.6721783116
2011.11.28,38.4825091703,38.6600574408,38.2503293268,38.5143767195
2011.11.29,38.6600451814,38.7647547947,38.5234715023,38.7647547947
2011.11.30,39.2883208059,39.4613156318,39.1836111263,39.4248945716
2011.12.01,39.4015193368,39.6397595437,39.3282125068,39.5985270733
2011.12.02,39.7176559343,39.8596835733,39.5985340622,39.8230301518
2011.12.05,40.0612851415,40.1529152256,39.9146749098,40.0475409785
2011.12.06,40.0292058762,40.2537019818,39.9192456038,40.2262136615
2011.12.07,40.1254152344,40.1712302631,39.9467341757,40.0979234208
2011.12.08,40.0383540436,40.0979132162,39.8321847193,39.8367637741
2011.12.09,39.9054819621,40.2032847706,39.8596669520,40.1803755178
2011.12.12,40.0337942020,40.0337942020,39.8826049095,39.9650733852
2011.12.13,40.0933246582,40.1849546705,39.8001044241,39.8138485764
2011.12.14,39.8276101694,39.8505194303,39.6168582523,39.7451417240
2011.12.15,40.0154296138,40.0200121624,39.8275870665,39.8871462165
2011.12.16,39.9742208151,40.0933426811,39.8596815004,40.0750159713
2011.12.19,40.1071020064,40.2949447359,40.0200509758,40.0246335289
2011.12.20,40.2903335484,40.5560619904,40.2536801442,40.5239911356
2011.12.21,40.4140632322,40.6385593761,40.3636656393,40.6385593761
2011.12.22,40.6064745908,40.8493008622,40.5285886995,40.7943207355
2011.12.23,40.7714461499,41.0096900729,40.7164694719,40.9821982384
2011.12.27,41.0351437030,41.1595923638,40.9291355276,41.1457619998
2011.12.28,41.2103387961,41.2472092582,40.9107438738,40.9522244624
2011.12.29,41.0674338870,41.2241464648,40.9568155192,41.1964892355
2011.12.30,41.1918901823,41.3209455545,41.1411893552,41.2195439002
2012.01.03,41.3992981931,41.4776527345,41.2287587354,41.3532074932
2012.01.04,41.3439726584,41.3485827817,41.0720351635,41.2840551213
2012.01.05,41.2702541923,41.2886911806,41.0167499984,41.1043248138
2012.01.06,41.2011105521,41.2011105521,40.9061258134,40.9752636308
2012.01.09,40.9798495023,41.1273417844,40.9798495023,41.0305467875
2012.01.10,41.2056983992,41.2425723508,41.1135135205,41.1734345708
2012.01.11,41.1457854994,41.1734427268,41.0397772634,41.1319586440
2012.01.12,41.1319596659,41.2241445653,41.0397782831,41.0766522428
2012.01.13,41.0535938851,41.0812475891,40.8139202455,41.0305467875
2012.01.17,41.1964904170,41.1964904170,41.0489980835,41.1135257597
2012.01.18,41.1181303640,41.2333588440,40.9982917602,41.2287487201
2012.01.19,41.3532239810,41.4131415630,41.2333853003,41.2886962721
2012.01.20,41.3025231359,41.3624407180,41.2702592815,41.2886962721
2012.01.23,41.3762421250,41.4914706080,41.3255448277,41.4315530628
2012.01.24,41.4315787564,41.5606341747,41.3532241833,41.5375905738
2012.01.25,41.6205306774,41.9431690326,41.4453811276,41.9016884655
2012.01.26,42.0814195778,42.1643841792,41.9062701322,42.0030615812
2012.01.27,41.9477487922,42.0261032622,41.8509573557,41.8509573557
2012.01.30,41.6942931378,41.8187419262,41.6435923005,41.7173402517
2012.01.31,41.8279452723,41.8832562180,41.7265436302,41.8233351477
2012.02.01,41.8450905102,42.0490331579,41.8450905102,41.9007121967
2012.02.02,41.9887900528,42.0026981314,41.9053627983,41.9285358569
2012.02.03,42.2807948433,42.2900633585,41.9841528511,42.0490430659
2012.02.06,42.0119873134,42.0676090467,41.9470970595,42.0583369897
2012.02.07,42.0814763166,42.1741755869,42.0258546326,42.1417304887
2012.02.08,42.1973964017,42.2205694754,42.0907889464,42.1788558209
2012.02.09,42.2066540772,42.2205586251,42.0258878816,42.1973855573
2012.02.10,41.9841954530,42.0027360383,41.8312382760,41.8312382760
2012.02.13,41.9471017077,42.0490731285,41.8683068958,41.9517377368
2012.02.14,41.9285611279,42.0166279979,41.8961159974,41.9517377368
2012.02.15,41.9610076497,42.0722475959,41.8080505134,41.8173225718
2012.02.16,41.8173043534,42.0027065406,41.7106969465,41.9934344863
2012.02.17,42.1046826199,42.1139546760,41.9239164246,41.9795381525
2012.02.21,42.0305245234,42.2205592416,42.0166199752,42.1371319528
2012.02.22,42.1927445831,42.2947159710,42.1649354905,42.2715393696
2012.02.23,42.2993321287,42.5218118375,42.2715195129,42.4244765229
2012.02.24,42.4337692282,42.5728182298,42.4013241075,42.5542776556
2012.02.27,42.4522817100,42.6191432444,42.4522817100,42.5635250905
2012.02.28,42.5960142272,42.6979856632,42.5728376149,42.6469999452
2012.02.29,42.6886768653,42.7628391318,42.5357198429,42.7025814062
2012.03.01,42.7291762792,42.8177558938,42.6592423836,42.7757976906
2012.03.02,42.7664797198,42.7664797198,42.5846501476,42.5986397739
2012.03.05,42.6359251272,42.6499147504,42.3561931330,42.3608563407
2012.03.06,42.2116449370,42.3048877035,41.7967085790,41.7967085790
2012.03.07,41.9273122893,41.9646108742,41.7921075866,41.9133262092
2012.03.08,42.0764789019,42.2489820904,41.9785728404,42.2396556710
2012.03.09,42.2815818638,42.3981371089,42.2536061862,42.2862415126
2012.03.12,42.2489465374,42.2955679241,42.1929987393,42.2862415126
2012.03.13,42.4168202930,42.5939831268,42.3142510262,42.5939831268
2012.03.14,42.5706529791,42.5893022523,42.2722717212,42.4867330280
2012.03.15,42.5193731621,42.5193731621,42.3049118312,42.3422103819
2012.03.16,42.3841862452,42.4261444609,42.0997909263,42.1883705674
2012.03.19,42.1883345533,42.3608375926,42.1137410478,42.3468515326
2012.03.20,42.3142588769,42.3888524577,42.2443249495,42.3142588769
2012.03.21,42.3935070428,42.3935070428,42.1697192321,42.1790456509
2012.03.22,42.1696931250,42.3235469273,42.1603702689,42.2815887395
2012.03.23,42.2676398528,42.3095980775,42.1464212756,42.1930427109
2012.03.26,42.2489774220,42.4541123847,42.2256649332,42.4494527325
2012.03.27,42.4307937478,42.5706579780,42.3981584051,42.5240365680
2012.03.28,42.5426996223,42.5426996223,42.3189118017,42.3841860653
2012.03.29,42.3422037548,42.4028112224,42.2396345349,42.3795022996
2012.03.30,42.4121216701,42.4587430551,42.2349554273,42.2955664291
2012.04.02,42.3823457999,42.4339403537,42.3072978751,42.3682752086
2012.04.03,42.3589152882,42.4574130589,42.3260826980,42.3307740904
2012.04.04,42.1994113730,42.2603851143,42.1149842660,42.1759580072
2012.04.05,42.1525344117,42.1666050085,42.0212004914,42.0727950654
2012.04.09,41.9930575189,42.0118195067,41.8101326107,41.8570357911
2012.04.10,41.8711243145,41.9461722979,41.6131549231,41.6506789148
2012.04.11,41.8570361267,41.9273926870,41.7773003617,41.9039393074
2012.04.12,41.9414626904,42.3120038959,41.9039387150,42.2791713121
2012.04.13,42.2651034156,42.3073152068,42.1150110828,42.1431522770
2012.04.16,42.2322829844,42.2932567820,42.0774992152,42.2088295969
2012.04.17,42.3354426646,42.4433195835,42.2838481108,42.3917250298
2012.04.18,42.3260830248,42.4292721887,42.3026332193,42.3776776068
2012.04.19,42.3635986615,42.4433344257,42.2510303132,42.2979334934
2012.04.20,42.4292798803,42.4292798803,42.2651168981,42.3636146874
2012.04.23,42.2228929655,42.2885617236,42.1431571873,42.2744875464
2012.04.24,42.3214105670,42.3730015892,42.2604331780,42.3730015892
2012.04.25,42.4808500476,42.6825369036,42.4292554860,42.6825369036
2012.04.26,42.6825409231,42.7482060844,42.6637789372,42.7106821127
2012.04.27,42.7481942511,42.7528856409,42.6356259455,42.6919083091
2012.04.30,42.6966275207,42.7857460924,42.5887505346,42.7763633067
2012.05.01,42.8513775738,43.0023123892,42.7947792672,42.8089288438
2012.05.02,42.7617295687,43.0069971060,42.7334268385,42.9739802529
2012.05.03,43.0164356688,43.0400206812,42.8985178039,42.9456878287
2012.05.04,42.8938002931,42.9598340044,42.8277665819,42.8607834375
2012.05.07,42.8466425294,43.0353118720,42.7381600864,42.9315435536
2012.05.08,42.8702337443,42.9551347809,42.7900504317,42.9221179110
2012.05.09,42.8136207441,42.8560730507,42.6579718831,42.7711720362
2012.05.10,42.9126588361,42.9362402433,42.6956868593,42.7239895859
2012.05.11,42.7051567323,42.9928767611,42.6768575815,42.8325065097
2012.05.14,42.6862491825,42.7192660269,42.4504135517,42.5164472404
2012.05.15,42.4976168982,42.5353514956,42.3089475099,42.3089475099
2012.05.16,42.3608126828,42.4740164242,41.8797093768,41.8938589448
2012.05.17,41.8938806243,41.8985983490,41.2099580927,41.3137228448
2012.05.18,41.5118276955,41.6438951969,41.2618422680,41.3137228448
2012.05.21,41.3608489250,41.7712005684,41.3561312054,41.7429014477
2012.05.22,41.8655749115,42.0306592624,41.6863373889,41.7382215561
2012.05.23,41.6438658513,41.8278173985,41.4834957137,41.6957499901
2012.05.24,41.6249923751,41.8136616155,41.6249923751,41.7051756328
2012.05.25,41.7759425369,41.8089593964,41.5495386448,41.5731236581
2012.05.29,41.7570824293,42.0966865266,41.7193478410,42.0306527964
2012.05.30,41.8514165524,41.8891475400,41.7570800870,41.8419811066
2012.05.31,41.8844286360,41.8844286360,41.3891721453,41.3986039915
2012.06.01,41.0910399569,41.3663099720,40.9866269428,41.0388334498
2012.06.04,41.0720692033,41.2191947064,41.0198626787,41.0720692033
2012.06.05,41.0720873843,41.4707516162,41.0293712904,41.3331165016
2012.06.06,41.5229366863,41.7839692895,41.4375081635,41.7744752198
2012.06.07,42.0022915483,42.1161950539,41.7839749872,41.9311004995
2012.06.08,41.9216105851,42.1921336774,41.8551665709,42.0924676562
2012.06.11,42.1921425776,42.2348550439,41.8124593127,41.8172063493
2012.06.12,41.9596089968,42.1541941401,41.8884178973,42.1114816529
2012.06.13,42.0497697614,42.2016423768,41.8884066918,41.9880727561
2012.06.14,41.9975472079,42.3534988540,41.9690722349,42.3012923229
2012.06.15,42.2396085953,42.4199561824,42.2396085953,42.3772437095
2012.06.18,42.2823401514,42.4009907909,42.2396276593,42.3915003330
2012.06.19,42.5670615948,42.7663935988,42.4009479705,42.6904555282
2012.06.20,42.7996187527,42.8755532080,42.6287617021,42.8565723099
2012.06.21,42.9040350532,43.0464135255,42.4389233533,42.5053673646
2012.06.22,42.6524720375,42.8470569244,42.6429779722,42.7948504282
2012.06.25,42.6240316947,42.7379388545,42.5575876619,42.7284447807
2012.06.26,42.7663966563,42.7711436913,42.5528271540,42.6667306472
2012.06.27,42.7427002962,42.9325420218,42.7427002962,42.9230515649
2012.06.28,42.8043713131,42.9467497930,42.7521647842,42.9182748212
2012.06.29,43.1792955556,43.3264210305,43.0843729742,43.3264210305
2012.07.02,43.3398122180,43.3732238207,43.1488872132,43.3732238207
2012.07.03,43.4113815409,43.5593502484,43.3541066207,43.5307091467
2012.07.05,43.4352704583,43.6309695786,43.3016240549,43.5355052608
2012.07.06,43.3111573688,43.4973081880,43.2920645102,43.4782153294
2012.07.09,43.4304851113,43.5498127466,43.3827547855,43.4925378122
2012.07.10,43.5307339974,43.5975572035,43.2443483083,43.3016269028
2012.07.11,43.3684350648,43.4734439641,43.2634261655,43.4400323727
2012.07.12,43.4018574438,43.4161761806,43.1775208562,43.3445788550
2012.07.13,43.3923029281,43.4973081880,43.3207056188,43.4782153294
2012.07.16,43.2873092915,43.4495931843,43.2729905529,43.3111726419
2012.07.17,43.4352718409,43.5259620353,43.2873066955,43.5164137824
2012.07.18,43.4973019132,43.6977750787,43.4782090574,43.6977750787
2012.07.19,43.6787097657,43.8600865481,43.6643910252,43.8075820719
2012.07.20,43.6787201692,43.7264505295,43.5450737039,43.6023486795
2012.07.23,43.3588771030,43.5736689784,43.2347790149,43.5307091467
2012.07.24,43.4925508024,43.5116436667,43.2300284698,43.2634400720
2012.07.25,43.3827656576,43.4018585210,43.1679773169,43.1727478016
2012.07.26,43.3827744148,43.6357485333,43.3541369346,43.6166556661
2012.07.27,43.6118835247,43.8839505002,43.6118835247,43.8744022461
2012.07.30,43.8648576336,43.8887209856,43.7455299489,43.8744022461
2012.07.31,43.8887112772,43.9078041395,43.6930158111,43.7693836188
2012.08.01,43.8725559465,44.0069423552,43.7477669977,44.0069423552
2012.08.02,43.8965592539,43.9589519085,43.7477747980,43.8293660375
2012.08.03,43.9637515870,44.1077391401,43.9493535640,44.0117462174
2012.08.06,43.9877429751,44.1509254222,43.9829424144,43.9829424144
2012.08.07,44.0693417217,44.1077388906,43.8485634935,43.8965581237
2012.08.08,43.9541577628,44.0165504213,43.9061631283,43.9253580527
2012.08.09,43.9733984313,43.9925970358,43.8582068044,43.9302006558
2012.08.10,43.8773756037,43.9541699695,43.8245803927,43.8917736319
2012.08.13,43.8725562658,43.9157503282,43.7957619393,43.9157503282
2012.08.14,43.9157492112,44.0549361782,43.9013511908,43.9829424144
2012.08.15,44.0261680391,44.0261680391,43.7717894240,43.7717894240
2012.08.16,43.8389882947,43.9541798693,43.7142029148,43.9349812735
2012.08.17,43.9109821134,43.9877764965,43.8629874548,43.9349812735
2012.08.20,43.9445562909,44.0117495109,43.8725661707,43.9877540248
2012.08.21,44.0261384641,44.0885311042,44.0117367825,44.0837305436
2012.08.22,44.0405577687,44.0933529749,44.0021605893,44.0405577687
2012.08.23,44.0453596949,44.0837568787,43.9685689891,44.0309616664
2012.08.24,44.0453338813,44.2325191270,44.0069403817,44.2277185664
2012.08.27,44.2133482345,44.2613428853,44.1173552712,44.1941496419
2012.08.28,44.1893386021,44.2277357783,44.1317428378,44.1557419884
2012.08.29,44.2181495827,44.2373481773,44.1557568966,44.2181495827
2012.08.30,44.1941178649,44.2421124811,44.1557207072,44.1989147633
2012.08.31,44.2757211852,44.3477149601,44.1989268488,44.3141183534
2012.09.04,44.3372895034,44.3372895034,44.1876782118,44.3131575809
2012.09.05,44.3565981682,44.3614216075,44.2842060766,44.3179885617
2012.09.06,44.3324741542,44.5834292771,44.3324741542,44.5786058369
2012.09.07,44.6413386174,44.6895987876,44.5786007644,44.6558163003
2012.09.10,44.6316890488,44.7426870745,44.5544698291,44.5834251955
2012.09.11,44.6075529389,44.8874670609,44.6075529389,44.8874670609
2012.09.12,44.9453951852,45.0322649918,44.9212669335,45.0226144275
2012.09.13,45.0419111630,45.3218253432,45.0081286711,45.3121710986
2012.09.14,45.3169556125,45.3845205328,45.2252587854,45.3073013770
2012.09.17,45.2591116282,45.3556357232,45.2205019903,45.2687658788
2012.09.18,45.2832159987,45.3266490534,45.1818685222,45.2880394390
2012.09.19,45.3362809563,45.3362809563,45.2301064099,45.2301064099
2012.09.20,45.1866725905,45.1914997108,45.0129330819,45.0177602022
2012.09.21,45.1094891228,45.1094891228,44.8971398655,44.9550543035
2012.09.24,44.8923019001,44.9405657611,44.8536959661,44.8971290226
2012.09.25,44.9067773168,44.9309055621,44.4627741555,44.4965566445
2012.09.26,44.4868976126,44.4965481725,44.1490727866,44.2745484751
2012.09.27,44.4869255116,44.7571855419,44.4000556901,44.7571855419
2012.09.28,44.7185517503,44.7233751893,44.5399850946,44.5448122156
2012.10.01,44.7655711637,44.7655711637,44.4405158716,44.4696278973
2012.10.02,44.5569536894,44.6200266617,44.4599234726,44.5812130944
2012.10.03,44.6200237828,44.8043826635,44.5909154599,44.6927982914
2012.10.04,44.7461569826,44.9111090476,44.7218975841,44.8820007306
2012.10.05,45.0129839773,45.0178365965,44.7704048408,44.8577334780
2012.10.08,44.7607024852,44.8286243460,44.7267415548,44.7946634156
2012.10.09,44.8819941213,44.8819941213,44.6588217537,44.6685232908
2012.10.10,44.7073490735,44.7364573942,44.5375443671,44.5618000672
2012.10.11,44.7316089785,44.8140887306,44.6927991144,44.8043834885
2012.10.12,44.8480397936,45.0032903201,44.7849668381,44.8820007306
2012.10.15,45.0032666121,45.1051493694,44.9159380056,45.0857426012
2012.10.16,45.1488453179,45.2798401756,45.0906286714,45.2507281508
2012.10.17,45.3137952110,45.3914186301,45.2652801114,45.3526087713
2012.10.18,45.2895318360,45.3768604882,45.2652761391,45.3283453929
2012.10.19,45.2992413692,45.3234970685,45.0615110870,45.1003246475
2012.10.22,45.1197346383,45.2119159258,45.0809210750,45.1100330982
2012.10.23,44.9741619960,45.0275296922,44.8771318402,44.9402010713
2012.10.24,45.0420908990,45.0566487559,44.8771388679,44.9013982614
2012.10.25,45.0809432681,45.1003500593,44.9256926399,44.9742077672
2012.10.26,44.9887470438,45.0178553679,44.7704235091,44.8674574250
2012.10.31,44.8674317959,44.9596093365,44.8480250238,44.9207957923
2012.11.01,44.7218867734,44.9402065011,44.6636664519,44.8965440361
2012.11.02,44.9547946081,44.9984571025,44.8237997222,44.8335049663
2012.11.05,44.8286211908,44.9207987375,44.6879248599,44.7606993347
2012.11.06,44.8431584012,44.8868208487,44.7655313370,44.8286042520
2012.11.07,44.7558641752,44.7655657149,44.5375443671,44.5618000672
2012.11.08,44.6151326671,44.7121664954,44.3919604141,44.4162197966
2012.11.09,44.2852774261,44.4793416108,44.2707232600,44.3386451694
2012.11.12,44.3871300361,44.4259435869,44.3046540168,44.3531691045
2012.11.13,44.2852688026,44.3337839139,44.1833859582,44.2513078544
2012.11.14,44.3725737556,44.3919805300,43.9747441328,44.0087050627
2012.11.15,43.9310831598,44.1105893521,43.7079070966,43.9892997837
2012.11.16,44.0329445600,44.1493814527,43.9213565827,44.1154205381
2012.11.19,44.2609936980,44.6927842924,44.2512884591,44.6733775161
2012.11.20,44.6734021911,44.7219173080,44.5569614688,44.6782511118
2012.11.21,44.6345607538,44.7461487843,44.6200065979,44.6636690654
2012.11.23,44.7558638486,44.8480451320,44.6879419665,44.8140841910
2012.11.26,44.7849752033,44.8237887675,44.6394298896,44.8237887675
2012.11.27,44.7607219682,44.9111199111,44.7607219682,44.8674574250
2012.11.28,44.8335188641,44.9936184278,44.7510390690,44.8771813720
2012.11.29,44.9887287569,45.0954604688,44.9256558118,45.0760573950
2012.11.30,45.0712265360,45.1925161641,45.0566723729,45.1440010532
2012.12.03,45.2898112593,45.3727230074,45.1922684639,45.3727230074
2012.12.04,45.3532137042,45.4410037084,45.2849330032,45.3727230074
2012.12.05,45.4898092219,45.4995657413,45.2849669653,45.4459160473
2012.12.06,45.4312669599,45.5483190999,45.4312669599,45.5288097897
2012.12.07,45.5775656902,45.6019532499,45.4361297514,45.4605135900
2012.12.10,45.6019699351,45.6019699351,45.4410209129,45.4995488449
2012.12.11,45.6165895433,45.7043795588,45.5287995278,45.5434305769
2012.12.12,45.6263307188,45.7482610481,45.5726810762,45.6799803613
2012.12.13,45.6507341509,45.7482806889,45.5044199256,45.5190509760
2012.12.14,45.5336762154,45.6019569228,45.4849048132,45.4849048132
2012.12.17,45.5141564620,45.6994892364,45.5141564620,45.6604743562
2012.12.18,45.7336369782,45.7531462820,45.6409724366,45.6848655793
2012.12.19,45.7189909821,45.7189909821,45.6360792589,45.6360792589
2012.12.20,45.6507024218,45.8018985203,45.6458241680,45.7970202665
2012.12.21,45.5726950258,45.6897471359,45.5726950258,45.6653595741
2012.12.24,45.5678295717,45.6263575037,45.4507774287,45.4995488449
2012.12.26,45.6049895257,45.6736418988,45.5020109660,45.6098943356
2012.12.27,45.6295164404,45.7030698928,45.5510544362,45.7030698928
2012.12.28,45.6098880450,45.7226724676,45.5363308722,45.5804629311
2012.12.31,45.5902661568,45.8011280273,45.5706506640,45.7766077260
2013.01.02,46.1296643289,46.2081262748,45.9972644718,46.2081262748
2013.01.03,46.1345765471,46.2375550616,46.0364990990,46.0659242040
2013.01.04,46.0855303659,46.1345672094,46.0119732300,46.0953362381
2013.01.07,46.1051517141,46.1394778858,46.0119828144,46.1345768193
2013.01.08,46.1444000075,46.1542096267,46.0610369508,46.1002679450
2013.01.09,46.2130128434,46.2130128434,46.1002285082,46.1884962990
2013.01.10,46.2571483474,46.2816648917,46.1933971015,46.2669542169
2013.01.11,46.2424719807,46.3503515900,46.1983361822,46.3503515900
2013.01.14,46.3160249343,46.3258345522,46.2032405172,46.2866035631
2013.01.15,46.2032400770,46.3013138076,46.1787197737,46.2964127399
2013.01.16,46.2326461321,46.2914925958,46.1787044758,46.2179354516
2013.01.17,46.3012974486,46.3944700786,46.2473557934,46.3846604642
2013.01.18,46.3601329410,46.4484007429,46.3307115874,46.4484007429
2013.01.22,46.4140652766,46.5219485397,46.3601236451,46.4778127770
2013.01.23,46.4435242884,46.4827552780,46.4141029169,46.4239087936
2013.01.24,46.4729092797,46.5513711973,46.4336820621,46.5268509127
2013.01.25,46.5709874609,46.5709874609,46.4778148674,46.5121410216
2013.01.28,46.4729152845,46.5072414426,46.4336880619,46.4876297019
2013.01.29,46.4435173298,46.4631328216,46.3601542954,46.4091911544
2013.01.30,46.3159932329,46.3454183253,46.0413839797,46.0757101363
2013.01.31,46.0610107276,46.1492785436,45.9089953882,45.9335119397
2013.02.01,46.1154275393,46.2238886282,46.0759864595,46.0858486101
2013.02.04,45.9921806050,46.0464111537,45.8541405761,45.8935778977
2013.02.05,45.9675339295,46.0464161038,45.9478133859,45.9971166255
2013.02.06,45.9280998465,45.9921887967,45.8787966034,45.9280998465
2013.02.07,45.9034529446,45.9133113374,45.7555507227,45.8393639878
2013.02.08,45.8097592081,45.8984997462,45.8048318947,45.8492002831
2013.02.11,45.7949691137,45.8886407253,45.7801796512,45.8442685762
2013.02.12,45.8097545684,46.0266766977,45.8048272556,46.0020250880
2013.02.13,46.0562717709,46.0858544652,45.9330212018,46.0710612374
2013.02.14,45.9724561245,46.1203582921,45.9724561245,46.0513382836
2013.02.15,46.0759944079,46.1745971245,45.9773954527,46.0562738646
2013.02.19,46.0957281498,46.1400965640,46.0513597356,46.1006592274
2013.02.20,46.1351560379,46.2041760588,46.0464154736,46.0562738646
2013.02.21,46.0562875680,46.1400970810,45.9971296817,46.1055870603
2013.02.22,46.1597849814,46.2189465871,46.1006271370,46.2189465871
2013.02.25,46.2337457499,46.3076968322,46.0710541210,46.0759851962
2013.02.26,46.1647184944,46.3027584870,46.0809090362,46.3027584870
2013.02.27,46.2682735937,46.4161758154,46.2189741069,46.3816657985
2013.02.28,46.3767439398,46.4063228855,46.3126549704,46.3619544670
2013.03.01,46.3401364941,46.5879712227,46.3351825223,46.4541421331
2013.03.04,46.4194232690,46.4937744084,46.3995960463,46.4590777142
2013.03.05,46.4888210154,46.6028228291,46.4888210154,46.5532566588
2013.03.06,46.6077743101,46.6226437811,46.5135959519,46.5235114537
2013.03.07,46.5681229184,46.5929078927,46.5433417258,46.5929078927
2013.03.08,46.6771784262,46.6870939302,46.5532610976,46.6474394774
2013.03.11,46.6325676200,46.6672643190,46.5929131693,46.6176981464
2013.03.12,46.5879783285,46.6425022796,46.5731088476,46.5978938369
2013.03.13,46.6424810696,46.6771777699,46.5681299172,46.6077843694
2013.03.14,46.6771883523,46.7862362297,46.6276221666,46.7862362297
2013.03.15,46.7168533487,46.7912045347,46.6920683594,46.7812890264
2013.03.18,46.5928918074,46.8208991221,46.5928918074,46.7911601885
2013.03.19,46.8159516667,46.8556061080,46.6969921246,46.7118615946
2013.03.20,46.7564869701,46.8903160201,46.7515292182,46.8655348235
2013.03.21,46.7763350539,46.8705096933,46.7019838678,46.7812890264
2013.03.22,46.7812661984,46.8209206492,46.7168305521,46.7465694994
2013.03.25,46.7416086046,46.8110019923,46.6672574658,46.6771691862
2013.03.26,46.7862387092,46.7911964625,46.7168452892,46.7614537242
2013.03.27,46.6871128844,46.7366790796,46.6771973763,46.6821551303
2013.03.28,46.7118576504,46.7812510259,46.6722069941,46.7663815571
2013.04.01,46.7504566022,46.8799979181,46.6607721059,46.8501043531
2013.04.02,46.8102347136,46.9248330262,46.7952879339,46.8152182405
2013.04.03,46.8301650202,46.8600623807,46.7255337615,46.8152182405
2013.04.04,46.7952846297,46.9098829343,46.7703745992,46.8002681563
2013.04.05,46.7205490985,46.8451106608,46.6757087608,46.8451106608
2013.04.08,46.8700368921,46.9098975148,46.8102459579,46.8949507316
2013.04.09,46.9348289636,47.0444438255,46.8949721239,47.0444438255
2013.04.10,47.0095340709,47.2138168630,47.0095340709,47.1938865564
2013.04.11,47.2088333360,47.2287636427,47.1540259431,47.1938865564
2013.04.12,47.1540176351,47.2387185724,47.1091773040,47.2088250184
2013.04.15,47.2088323100,47.2088323100,46.8999182657,46.9098853195
2013.04.16,47.0394389697,47.2387344654,46.9945948223,47.2337547390
2013.04.17,47.1390817584,47.1689753193,47.0344504937,47.1590120661
2013.04.18,47.1390922978,47.1689858654,47.0643545774,47.0842848896
2013.04.19,47.1341277862,47.1640251673,47.0494267762,47.0593900357
2013.04.22,47.1789781350,47.2786259479,47.0992568436,47.1690110729
2013.04.23,47.2188228442,47.3583350683,47.2188228442,47.3533515386
2013.04.24,47.3782480450,47.4629528215,47.3383912223,47.4380389811
2013.04.25,47.4430228244,47.5924944637,47.4031622001,47.5675844244
2013.04.26,47.5626273448,47.5725944071,47.4978566453,47.5177869685
2013.04.29,47.5277313457,47.6273791210,47.5227478166,47.6074526070
2013.04.30,47.6472998966,47.7569147083,47.6074430752,47.7569147083
2013.05.01,47.7359199032,47.8460726309,47.6558112595,47.6658234074
2013.05.02,47.8160042953,47.9812332897,47.7509158217,47.9712173277
2013.05.03,48.0513127731,48.1314213416,47.9962364611,48.0463047939
2013.05.06,48.0262451367,48.0963415205,48.0062170528,48.0763134366
2013.05.07,48.1264237327,48.1414438526,48.0262832335,48.0413033534
2013.05.08,48.0763534348,48.2165501390,48.0763534348,48.2115421589
2013.05.09,48.1664833245,48.2115475109,48.0663466304,48.0713546111
2013.05.10,48.0913850740,48.0913850740,47.7959753178,47.8210114026
2013.05.13,47.7709352661,47.8159956274,47.6207264220,47.6257344022
2013.05.14,47.6657754637,47.7959561764,47.6207151132,47.6757914216
2013.05.15,47.6758197469,47.7359002500,47.6107274419,47.6808277288
2013.05.16,47.7108489008,47.8860899980,47.6557725817,47.7959654595
2013.05.17,47.8660618984,47.8810820181,47.7358811604,47.7959654595
2013.05.20,47.7959812418,47.8861058101,47.7459128860,47.8460495975
2013.05.21,47.8460362124,47.9561888562,47.8360240720,47.9361607555
2013.05.22,47.9261479658,48.0062565475,47.6157181393,47.6407542198
2013.05.23,47.5656419909,47.5756541295,47.4104290131,47.5105656788
2013.05.24,47.4404981265,47.4605262358,47.4004419078,47.4204700172
2013.05.28,47.5806608013,47.5806608013,47.2201627028,47.2451987786
2013.05.29,47.0849944568,47.1951471169,46.8396568720,47.0549542113
2013.05.30,47.0649695987,47.2452187240,46.9097565596,47.1500861801
2013.05.31,47.0499398068,47.1200362500,46.5142005221,46.5242126626
2013.06.03,46.4935058377,46.5639654895,46.2016032116,46.4834418188
2013.06.04,46.5539014706,46.8307099882,46.3978842187,46.4834418188
2013.06.05,46.3979157842,46.4230777685,46.0204514614,46.0808432956
2013.06.06,46.0003078731,46.5992151686,45.9600441007,46.4431978502
2013.06.07,46.5236891783,46.7904297433,46.4028979552,46.4733575821
2013.06.10,46.4733784776,46.5991998452,46.3425270200,46.3777568493
2013.06.11,46.0908694210,46.4230357275,45.9449162209,46.0908694210
2013.06.12,46.2670273739,46.3626528294,46.1160402167,46.1261080750
2013.06.13,46.1261126182,46.7149556778,46.1261126182,46.6545600410
2013.06.14,46.6948227304,46.7753502443,46.5790692289,46.7099206793
2013.06.17,46.7702868116,47.0319933870,46.7048611276,46.7048611276
2013.06.18,46.6847720336,46.8609212207,46.6847720336,46.8206574523
2013.06.19,46.7803822437,46.9414334383,46.1110154962,46.1210795160
2013.06.20,45.8442864950,46.0908992199,45.4366263607,45.6681372913
2013.06.21,45.8040264437,45.8543542390,45.3561025384,45.3712004930
2013.06.24,45.0188679091,45.2956763561,44.4249911100,44.8125229358
2013.06.25,45.0440746898,45.4517349192,45.0440746898,45.4517349192
2013.06.26,45.6479804924,45.8895591540,45.5825547781,45.8291635287
2013.06.27,46.0003015378,46.2720762044,46.0003015378,46.0506293265
2013.06.28,45.9499781051,45.9600421279,45.5322501238,45.7385952289
2013.07.01,45.8245875859,46.0370888881,45.7891707021,45.9864938914
2013.07.02,45.9359222730,46.0674724195,45.7132995420,45.8448496885
2013.07.03,45.6829316272,45.9713274276,45.6778709682,45.9510886518
2013.07.05,45.7335259431,45.7588253776,45.3489969283,45.4603082637
2013.07.08,45.5817463842,46.0877042956,45.5362120251,46.0877042956
2013.07.09,46.0927477856,46.1382859880,45.9763796710,46.1129865577
2013.07.10,46.1332356876,46.3153808176,46.0826406760,46.2951420409
2013.07.11,46.6392282483,46.8871466920,46.5481556156,46.8770292262
2013.07.12,46.7555794066,46.8871257038,46.6746242758,46.8314700165
2013.07.15,46.8871249161,47.0996263406,46.8314692297,47.0287925324
2013.07.16,47.0996170398,47.0996170398,46.7859256258,46.9124150954
2013.07.17,47.0692588136,47.3171770827,47.0540806955,47.2564646104
2013.07.18,47.3070516452,47.5600305310,47.2766954141,47.5397917569
2013.07.19,47.5347106379,47.5448319507,47.4436381238,47.5094150763
2013.07.22,47.5246473869,47.5651249638,47.4335747689,47.5448861753
2013.07.23,47.5043877002,47.5499259192,47.3930763428,47.4284932419
2013.07.24,47.3273097469,47.3779047726,46.8820681157,47.0287925324
2013.07.25,46.8061660443,46.9933679954,46.7707491460,46.9225341987
2013.07.26,46.7909989393,46.9427840277,46.7454607107,46.9427840277
2013.07.29,46.8516600816,46.9174370220,46.7605875843,46.8415426309
2013.07.30,46.8112300416,46.9883184205,46.8112300416,46.9073632918
2013.07.31,46.7960374554,47.0591376821,46.6897867769,47.0439595652
2013.08.01,46.9895457843,47.0759787739,46.5777148157,46.5980526742
2013.08.02,46.7556619213,46.9081939070,46.6793959285,46.8827706164
2013.08.05,46.8675414883,46.8675414883,46.6234909658,46.6438288326
2013.08.06,46.7404138052,46.7404138052,46.4506061089,46.5980526742
2013.08.07,46.4963701232,46.5421312813,46.4150225561,46.4506128440
2013.08.08,46.4811230505,46.5675560626,46.4607851866,46.5523036345
2013.08.09,46.4862290597,46.6082524178,46.3286153938,46.5574096752
2013.08.12,46.4912891469,46.6336503003,46.4811182765,46.5167085649
2013.08.13,46.5116270087,46.5573842884,46.4201085703,46.5167085649
2013.08.14,46.4862163391,46.5167212005,46.3997833123,46.4252027372
2013.08.15,46.2675814164,46.3133387009,46.1404726762,46.1862299607
2013.08.16,46.2523333089,46.3184284635,45.9726925028,46.0286206640
2013.08.19,46.0489345962,46.0794394395,45.6574415502,45.7235366704
2013.08.20,45.9116686545,46.1963909302,45.9014977852,46.1455482208
2013.08.21,46.0997772135,46.1557053456,45.9472491181,45.9777539614
2013.08.22,46.0489717946,46.2269233229,46.0082960512,46.2269233229
2013.08.23,46.2167258670,46.4506054185,46.1913025744,46.4201005706
2013.08.26,46.4302881738,46.4658784718,46.3336842739,46.4252027372
2013.08.27,46.2930325978,46.3337044710,46.1201625899,46.1252480287
2013.08.28,46.1455620439,46.3133426471,46.0947193193,46.2980902176
2013.08.29,46.2218234448,46.5217982052,46.1760622820,46.4862079137
2013.08.30,46.5065281192,46.5675378078,46.3641670070,46.4455145515
2013.09.03,46.4813061548,46.6039740004,46.1592976981,46.2001882798
2013.09.04,46.2717492807,46.4301954257,46.2615285841,46.3739757448
2013.09.05,46.2922148644,46.3331054680,46.1388770508,46.1388770508
2013.09.06,46.4046487901,46.5630949592,46.2155327274,46.2922016123
2013.09.09,46.3740055784,46.5120065193,46.3637809757,46.4097838890
2013.09.10,46.4506487537,46.5784289313,46.4455403542,46.5733205318
2013.09.11,46.5068400497,46.6448447294,46.4608410895,46.6346201386
2013.09.12,46.6090770821,46.6704090430,46.5630742119,46.5784072021
2013.09.13,46.6346318937,46.6755224684,46.5017433755,46.5426300506
2013.09.16,46.8748566225,46.9259678883,46.7419642119,46.7981877741
2013.09.17,46.8544059602,47.0128559353,46.8237399842,46.9515200837
2013.09.18,46.9413149725,47.4728808751,46.8748706970,47.4013243016
2013.09.19,47.5291105199,47.5291105199,47.2275511932,47.2633294845
2013.09.20,47.2479993923,47.2735530879,47.1662182074,47.2071087998
2013.09.23,47.2019872628,47.2582108415,47.1355429878,47.2019872628
2013.09.24,47.1610899433,47.2326504056,47.0537550991,47.0997579749
2013.09.25,47.0946527138,47.1559885909,46.9975385500,47.0179838424
2013.09.26,47.0793277252,47.0895484234,46.9055446605,46.9924381426
2013.09.27,46.9566448940,46.9924231754,46.8237524632,46.9413080023
2013.09.30,46.8135353725,46.9975391063,46.7675363888,46.8084269740
2013.10.01,46.8212809537,47.0215910706,46.7699161700,47.0113165464
2013.10.02,46.9753433324,47.0318414353,46.8674843865,47.0318414353
2013.10.03,47.0729652810,47.0935104166,46.9599689946,47.0626907539
2013.10.04,47.0472832500,47.1859619366,47.0164675056,47.1448716651
2013.10.07,46.9753437406,47.1294301895,46.9753437406,47.0215712427
2013.10.08,47.1243015622,47.1807996759,46.9907602099,47.0010347316
2013.10.09,47.1397038539,47.1397038539,47.0010291757,47.0421155020
2013.10.10,47.1602592845,47.3040712544,47.1602592845,47.2578476578
2013.10.11,47.3348911240,47.3759774595,47.2578478773,47.3451617282
2013.10.14,47.2526921689,47.4632766997,47.2526921689,47.4170492023
2013.10.15,47.4581594683,47.4581594683,47.2783944994,47.4016613468
2013.10.16,47.4221921105,47.6584551293,47.4170548505,47.6533178693
2013.10.17,47.6379080999,47.8947162298,47.6276374988,47.8844456287
2013.10.18,47.9101239292,48.0231201329,47.8947160684,47.9820298918
2013.10.21,47.9974306003,48.0025678593,47.8741638139,47.8741638139
2013.10.22,47.9614832769,48.0796167368,47.9512126762,48.0179813770
2013.10.23,48.0590815178,48.0693521206,47.9306774308,48.0590815178
2013.10.24,48.0745042401,48.1207317634,48.0025982426,48.0745042401
2013.10.25,48.0950371047,48.1258528333,48.0488135119,48.0898998438
2013.10.28,48.1001747766,48.1258532445,48.0642217868,48.0796296512
2013.10.29,48.0693828346,48.1721085209,48.0591122252,48.1567006476
2013.10.30,48.1566545423,48.1926075185,47.9255249082,47.9614778844
2013.10.31,47.9922886869,48.0436495122,47.8792925202,47.9871514288
2013.11.01,47.9975087896,48.1316964758,47.8942899156,47.9046102279
2013.11.04,48.0387996085,48.0387996085,47.9613834815,47.9871901696
2013.11.05,47.9561817841,47.9561817841,47.8581251125,47.8581251125
2013.11.06,47.9407120746,48.0026457290,47.9045850939,47.9974836067
2013.11.07,48.0491208298,48.0697653933,47.9562222632,48.0284762664
2013.11.08,47.8375153326,47.9768611974,47.8220328962,47.9458963247
2013.11.11,47.9665156795,47.9665156795,47.7549119936,47.7652362374
2013.11.12,47.7703988408,47.7858812705,47.6723421405,47.6981448774
2013.11.13,47.6723672106,47.8839670898,47.6465605225,47.8788049647
2013.11.14,47.8684739938,48.0233062124,47.8168645667,48.0181440885
2013.11.15,48.0284465780,48.0903802300,47.9768371701,48.0903802300
2013.11.18,48.1162130341,48.1265333463,47.9097713529,47.9510604766
2013.11.19,47.9355581805,48.0026539687,47.8891108848,47.9303999949
2013.11.20,47.9097447964,48.0336081614,47.8271665946,47.8839381239
2013.11.21,47.9097830951,48.0491290000,47.8736560873,48.0491290000
2013.11.22,48.0284716371,48.1007256334,47.9923446390,48.0852431967
2013.11.25,48.1007116692,48.1729656445,48.0284576939,48.1574832123
2013.11.26,48.1110270141,48.2194079570,48.0749000331,48.1936012830
2013.11.27,48.3278193140,48.3278193140,48.1523464211,48.1626667346
2013.11.29,48.1678067207,48.2297364486,48.1574824744,48.2142540166
2013.12.02,48.1727543922,48.2453580767,48.1520099171,48.2298007095
2013.12.03,48.1572251586,48.2298288855,48.1053659188,48.1831567567
2013.12.04,48.1001559457,48.1623893778,47.9912504070,48.0586669910
2013.12.05,48.0586648089,48.1053408699,47.9912482280,48.0223629643
2013.12.06,48.1416624001,48.2194532294,48.0483141964,48.1572197747
2013.12.09,48.2557617544,48.3594802366,48.1779709145,48.3335486378
2013.12.10,48.3335486378,48.3542931255,48.2765022856,48.3335486378
2013.12.11,48.3335555056,48.3335555056,48.1209313999,48.1883480272
2013.12.12,48.1935027071,48.2349916606,48.1001545401,48.1001545401
2013.12.13,48.1572210008,48.2142673466,48.1209191405,48.1779654862
2013.12.16,48.1624105607,48.2505716608,48.1624105607,48.2194569094
2013.12.17,48.2712932488,48.2712932488,48.1675708656,48.2246171872
2013.12.18,48.2298092273,48.3750166220,48.1001592025,48.3076000335
2013.12.19,48.2298215937,48.2764937154,48.1831494719,48.2557531879
2013.12.20,48.2557357113,48.2868504478,48.1935022816,48.2868504478
2013.12.23,48.2764745407,48.4009413957,48.2349895456,48.3231506005
2013.12.24,48.2816717437,48.3387180751,48.2816717437,48.2972291147
2013.12.26,48.2695824337,48.3529745257,48.2695824337,48.3425520054
2013.12.27,48.3582020100,48.3582020100,48.2904456668,48.3373529868
2013.12.30,48.3530106957,48.4051352658,48.3008901022,48.3790729807
2013.12.31,48.3947087939,48.4520426398,48.3530107284,48.4103445744
2014.01.02,48.3999155528,48.4989474509,48.3217326846,48.4937341993
2014.01.03,48.4676680260,48.5302151108,48.4416097231,48.4780945284
2014.01.06,48.5510474254,48.5927454676,48.5041361338,48.5823189688
2014.01.07,48.5927454676,48.6344395332,48.5562606748,48.5823189688
2014.01.08,48.5823460546,48.6240441200,48.5354387134,48.5510744938
2014.01.09,48.6031744426,48.6292367166,48.5719028951,48.6240234665
2014.01.10,48.6865796404,48.7699717749,48.6553041105,48.7699717749
2014.01.13,48.7595246595,48.7907961971,48.6865550874,48.7178266250
2014.01.14,48.7230579897,48.8272991382,48.7230579897,48.7908143385
2014.01.15,48.8377539159,48.8898785011,48.7908465611,48.8898785011
2014.01.16,48.8846562232,48.9055052581,48.8533846591,48.8690204411
2014.01.17,48.9054768770,48.9367484230,48.8481430584,48.8794146044
2014.01.21,48.9419926583,48.9680509709,48.9002945863,48.9419926583
2014.01.22,48.9576258571,48.9628391100,48.8533846591,48.8690204411
2014.01.23,48.8794313742,48.8950671526,48.7751902009,48.8064617576
2014.01.24,48.7126444026,48.7178576544,48.4676732646,48.4833090434
2014.01.27,48.5510460842,48.5875308759,48.4468009816,48.4676500021
2014.01.28,48.5302113002,48.7230618142,48.4937264977,48.6813637609
2014.01.29,48.6031562759,48.6083695241,48.5249734598,48.5353999561
2014.01.30,48.6292625758,48.6970189570,48.5823512530,48.6188360700
2014.01.31,48.5406492993,48.6657434990,48.5354400234,48.6031963992
2014.02.03,48.7247171316,48.7247171316,48.3475779644,48.4575773877
2014.02.04,48.5832554396,48.6094474723,48.4942089224,48.5151617494
2014.02.05,48.5151617494,48.5570634069,48.4680168897,48.5151617494
2014.02.06,48.5989922454,48.6985172216,48.5361377310,48.6880388050
2014.02.07,48.7456613228,48.9342328712,48.7456613228,48.9342328712
2014.02.10,48.9342630198,48.9971215735,48.8766436781,48.9656942948
2014.02.11,48.9918365438,49.1070751195,48.9446956699,49.0494558317
2014.02.12,49.0651790760,49.0913711198,48.9551796858,48.9708933135
2014.02.13,48.9447134724,49.1228066114,48.9447134724,49.1123321900
2014.02.14,49.0809222480,49.2118745528,49.0756870331,49.1909257008
2014.02.18,49.1437663181,49.2851930073,49.1437663181,49.2590049519
2014.02.19,49.2956743912,49.3375800781,49.1228164303,49.1332948501
2014.02.20,49.1804103381,49.2851705048,49.1699359200,49.2851705048
2014.02.21,49.2904332238,49.3585309613,49.2904332238,49.3270996992
2014.02.24,49.3689989162,49.4685239063,49.3689989162,49.4370926484
2014.02.25,49.4475787253,49.5104332582,49.4371003056,49.4947196250
2014.02.26,49.5366180966,49.5785237767,49.4999516257,49.5785237767
2014.02.27,49.5785022101,49.6780231616,49.5785022101,49.6727879511
2014.02.28,49.6675733500,49.7723335602,49.6151932449,49.7251926645
2014.03.03,49.6741323902,49.7425598628,49.5372734291,49.6793932617
2014.03.04,49.8004702734,49.8741626463,49.7320427888,49.8583719972
2014.03.05,49.8425575337,49.8478184036,49.7425447829,49.7688651961
2014.03.06,49.8109795411,49.8320350715,49.6741246173,49.6951801477
2014.03.07,49.6425537382,49.6793999231,49.4846432381,49.5056987747
2014.03.10,49.5004223985,49.5267388011,49.4372558036,49.5109481564
2014.03.11,49.5530588818,49.5635886555,49.4477852402,49.4583109980
2014.03.12,49.4688373294,49.5530554336,49.4635724429,49.5425296766
2014.03.13,49.5741296133,49.5741296133,49.3898986761,49.4109542140
2014.03.14,49.4214758862,49.4846424949,49.3425186294,49.3741039417
2014.03.17,49.4319441278,49.4845808949,49.4003588548,49.4424698748
2014.03.18,49.4951579457,49.6004356049,49.4425211241,49.5899058310
2014.03.19,49.5794057573,49.6320426062,49.2372602158,49.3372730398
2014.03.20,49.4267415167,49.5162245350,49.3056731856,49.5056987747
2014.03.21,49.4846547813,49.5636120577,49.4583343505,49.4741250026
2014.03.24,49.5846326394,49.5846326394,49.4583034856,49.4898847701
2014.03.25,49.5267392355,49.6320168946,49.5267392355,49.5899058310
2014.03.26,49.6636020456,49.6636020456,49.5635932816,49.6004394612
2014.03.27,49.5688383477,49.6056845156,49.5162015388,49.5267272942
2014.03.28,49.6004202181,49.6635827781,49.5688349222,49.6109459728
2014.03.31,49.7162239262,49.7372794533,49.6583222305,49.6846426434
2014.04.01,49.7401853866,49.7772060956,49.6978748520,49.7772060956
2014.04.02,49.7877790463,49.7877790463,49.7031620166,49.7243132478
2014.04.03,49.7666326302,49.7930777264,49.7349017428,49.7454773603
2014.04.04,49.8089415232,49.9041382172,49.7930760800,49.8618276788
2014.04.07,49.8565205593,49.8723900320,49.7507482848,49.7560381091
2014.04.08,49.7930649426,49.8723961757,49.7560442385,49.8723961757
2014.04.09,49.8724062961,49.9570233363,49.8195161067,49.9517335104
2014.04.10,49.9781768143,49.9781768143,49.8089387050,49.8089387050
2014.04.11,49.8301217198,49.8301217198,49.5921278482,49.5974176769
2014.04.14,49.6291065377,49.7877689844,49.6291065377,49.7560381091
2014.04.15,49.8300939731,49.8300939731,49.7137420164,49.8089387050
2014.04.16,49.8300894925,49.8459549334,49.7666236942,49.8353793178
2014.04.17,49.8089369791,49.8459576881,49.7666264445,49.7772060956
2014.04.21,49.8406678626,49.8618231299,49.7666264445,49.7772060956
2014.04.22,49.8459411354,49.8565167481,49.7771895657,49.8300756989
2014.04.23,49.8406502429,49.9464265420,49.8194949831,49.8459400666
2014.04.24,49.8459639387,49.9252951923,49.7930777813,49.8565395562
2014.04.25,49.8776997800,49.8829896067,49.7983725535,49.8406790626
2014.04.28,49.8512309592,49.8723862195,49.7824753546,49.8300756989
2014.04.29,49.9041559037,49.9147315246,49.8142490038,49.9041559037
2014.04.30,49.9041515653,49.9358824602,49.8195304658,49.8935719104
2014.05.01,49.9429663490,49.9642169003,49.8420272433,49.8420272433
2014.05.02,49.9589083111,49.9589083111,49.8473459450,49.9589083111
2014.05.05,49.8154499734,49.9801406900,49.8048267271,49.9376395984
2014.05.06,50.0173392572,50.0173392572,49.9270274574,49.9482739547
2014.05.07,49.9854493474,50.0757651785,49.9642028551,50.0226408416
2014.05.08,50.0810793465,50.1023298938,49.9854539101,50.0120181075
2014.05.09,50.0226407181,50.0970156002,50.0120134189,50.0598281591
2014.05.12,50.1395174704,50.1395174704,50.0545193340,50.1129573260
2014.05.13,50.0810962741,50.2670376127,50.0704730234,50.1926626985
2014.05.14,50.1501544073,50.2510894603,50.1448407561,50.2192156597
2014.05.15,50.2563804780,50.2563804780,50.1182539823,50.1713823635
2014.05.16,50.2032564862,50.2829450055,50.1395048601,50.2723177079
2014.05.19,50.2564076495,50.3892205683,50.2085969443,50.3467194615
2014.05.20,50.3467074042,50.3520210545,50.2776461621,50.2829598124
2014.05.21,50.3254515612,50.3466980524,50.2032619445,50.2776368231
2014.05.22,50.2882949764,50.3254824386,50.2511034612,50.3148551333
2014.05.23,50.2882728212,50.3838942075,50.2882728212,50.3307698641
2014.05.27,50.3467175566,50.3892186617,50.3201574057,50.3785954120
2014.05.28,50.3892119884,50.4157761888,50.3679614386,50.3945256391
2014.05.29,50.4157755437,50.4688998908,50.3838976929,50.4423356907
2014.05.30,50.4582503101,50.5060609816,50.4316861238,50.4954377390
2014.06.02,50.5643117348,50.5643117348,50.3294999078,50.3348376506
2014.06.03,50.3828621819,50.3935335946,50.3294929039,50.3401683881
2014.06.04,50.3294929039,50.3775244398,50.3028123364,50.3401683881
2014.06.05,50.3881833615,50.4789045971,50.3401559090,50.4628954463
2014.06.06,50.4842444553,50.6496818543,50.4789067143,50.6069880693
2014.06.09,50.6817166938,50.6870544366,50.5803199393,50.6657075371
2014.06.10,50.5696717002,50.6977490842,50.5696717002,50.6390461016
2014.06.11,50.6336858571,50.6550327569,50.5803206435,50.6443613428
2014.06.12,50.5963212747,50.6603619632,50.5963212747,50.6123304290
2014.06.13,50.6870476266,50.6870476266,50.6069977822,50.6710344005
2014.06.16,50.6550327569,50.6977265564,50.6390235999,50.6443613428
2014.06.17,50.6390063723,50.6977093088,50.5803034358,50.6069880693
2014.06.18,50.6123251192,50.8631460334,50.6123251192,50.8364654696
2014.06.19,50.8418131517,50.8631600515,50.7777765238,50.8258039947
2014.06.20,50.8364671990,50.9111792946,50.8257917160,50.8738232468
2014.06.23,50.8791677973,50.9271993384,50.8524872269,50.8684963834
2014.06.24,50.8418131517,50.9165293368,50.8258039947,50.8258039947
2014.06.25,50.8578104639,50.9111756609,50.8311258296,50.9005001786
2014.06.26,50.8791529965,50.9058376306,50.8044409067,50.8471346927
2014.06.27,50.8631438446,50.8738193269,50.7991072371,50.8471346927
2014.06.30,50.7564264583,50.8684946217,50.7564264583,50.8044539263
2014.07.01,50.8821754645,50.9357743257,50.8017751281,50.8178543775
2014.07.02,50.8500053878,50.9196834826,50.8178428070,50.8500053878
2014.07.03,50.8446425029,50.8714439711,50.7588810761,50.7749644106
2014.07.07,50.7589150705,50.8125180428,50.7321176736,50.7374787887
2014.07.08,50.7803181224,50.8017584777,50.7374415011,50.7481596341
2014.07.09,50.7856899825,50.8124914546,50.6945715202,50.7106507677
2014.07.10,50.6731386573,50.6731386573,50.5391394555,50.5552187054
2014.07.11,50.5605789312,50.6677766551,50.5605789312,50.6409792688
2014.07.14,50.8125039992,50.8125039992,50.6195448023,50.6249018266
2014.07.15,50.6302525988,50.6570540721,50.5391341326,50.5444952451
2014.07.16,50.6034489467,50.6034489467,50.4533664400,50.4640886637
2014.07.17,50.4426462268,50.4587254724,50.1049698017,50.1103268240
2014.07.18,50.2604200842,50.3729830152,50.1961030829,50.3193800616
2014.07.21,50.3032743316,50.3193535735,50.1853544388,50.2335962537
2014.07.22,50.2604102784,50.3836913225,50.2550532556,50.3032909972
2014.07.23,50.3622592821,50.4265803709,50.3461800323,50.3997788949
2014.07.24,50.4212269394,50.5391469087,50.3783462071,50.4909050625
2014.07.25,50.4801953709,50.5069968554,50.3890768664,50.4051561214
2014.07.28,50.3891005926,50.4051798552,50.2443790509,50.2551012855
2014.07.29,50.2872084793,50.3836880455,50.1746496669,50.1853678012
2014.07.30,50.2389674870,50.2604037542,49.9012869824,49.9763261858
2014.07.31,49.7565916250,49.8316308615,49.5475531678,49.5689935339
2014.08.01,49.5749037560,49.7310711236,49.1764101231,49.5641354345
2014.08.04,49.5749231602,49.8818718004,49.5587686173,49.8657172575
2014.08.05,49.8711091831,49.8818775101,49.6934009741,49.7687915885
2014.08.06,49.7472056405,49.9356861139,49.7310511105,49.8872184152
2014.08.07,49.9141848951,50.0541936721,49.9034124609,49.9195670037
2014.08.08,49.8118487499,50.1134110601,49.8118487499,50.0757157713
2014.08.11,50.1457344250,50.3449792310,50.0757259399,50.3126701508
2014.08.12,50.3341898979,50.3826534980,50.2534131226,50.3018808312
2014.08.13,50.4311399769,50.4580628397,50.3288224161,50.4472945163
2014.08.14,50.4688179994,50.5980583787,50.4634317853,50.5442085630
2014.08.15,50.6303799308,50.6788476528,50.5496072416,50.6465385771
2014.08.18,50.6573062668,50.8027012140,50.6249971916,50.7919328918
2014.08.19,50.8188672284,50.8242493360,50.7488587438,50.7757857161
2014.08.20,50.7919359100,50.8780989272,50.7111591086,50.8134766643
2014.08.21,50.8134766643,50.8673264958,50.8027042330,50.8134766643
2014.08.22,50.8080555202,50.8403686837,50.6680427678,50.6895835073
2014.08.25,50.7596148343,50.8242329734,50.6626835171,50.7973101182
2014.08.26,50.7972825585,50.8726730855,50.7865101355,50.8349778220
2014.08.27,50.8727031700,50.8780893847,50.7811580628,50.7865401690
2014.08.28,50.7704020759,50.8296381312,50.6896252635,50.7111660207
2014.08.29,50.7488569689,50.7703977243,50.6842388113,50.7488569689
2014.09.02,50.7272042093,50.8408125472,50.7163865296,50.8083512532
2014.09.03,50.8083596914,50.8083596914,50.6731159715,50.6785268760
2014.09.04,50.7055691018,50.7272044614,50.4513102890,50.5108178463
2014.09.05,50.5162379127,50.5541059930,50.4459126570,50.4513235620
2014.09.08,50.4404944203,50.5000019847,50.3539405896,50.4026263455
2014.09.09,50.3864172864,50.3864172864,50.1537978431,50.1700264347
2014.09.10,50.1754113575,50.2132794274,50.0672180513,50.1916399407
2014.09.11,50.1375432876,50.2240971071,50.0834466345,50.1916399407
2014.09.12,50.1483548672,50.2024556410,50.0509792526,50.1321262860
2014.09.15,50.1754303085,50.1808412141,50.0239579718,50.0401865611
2014.09.16,50.0131135618,50.2349151885,50.0022958829,50.1429504724
2014.09.17,50.2403601554,50.3593712132,50.1808525629,50.3052745274
2014.09.18,50.2998212174,50.3539178531,50.2619531597,50.3214565698
2014.09.19,50.3647335999,50.4134234593,50.3214546420,50.3971948819
2014.09.22,50.3972434332,50.4405183054,50.2619996552,50.3052745274
2014.09.23,50.1970685542,50.2673938153,50.0077281379,50.0510029993
2014.09.24,50.0401421626,50.0401421626,49.8021120575,49.8994876343
2014.09.25,49.8237610050,49.8237610050,49.4991770629,49.5586846004
2014.09.26,49.3477242251,49.6236225417,49.2016587110,49.5262469080
2014.09.29,49.2503634174,49.4288861541,49.1692163437,49.4234752486
2014.09.30,49.5749444909,49.7859243929,49.5262587261,49.7426454060
2014.10.01,49.8463999493,49.9278935303,49.7214425725,49.7975062877
2014.10.02,49.7757882450,49.9170394033,49.6562648456,49.8953074994
2014.10.03,50.0365750596,50.2158602025,49.9659494631,50.0637409824
2014.10.06,50.1452099057,50.2212694783,50.0582823114,50.1180439963
2014.10.07,50.0528611711,50.0963249794,49.8790100826,49.9279079033
2014.10.08,49.9170358786,50.1886784416,49.8355464256,50.1669465391
2014.10.09,50.0637232430,50.1071870462,49.5856296979,49.6345275127
2014.10.10,49.5367056327,49.6073311608,49.1727058305,49.2324674870
2014.10.13,49.1944599691,49.4172046708,48.9771451332,48.9880090098
2014.10.14,49.1672934200,49.3139785490,49.0151742804,49.1509955329
2014.10.15,49.0097470476,49.1618662083,48.4664619623,49.1618662083
2014.10.16,48.8902330064,49.4932798979,48.8141734115,49.4389522080
2014.10.17,49.8409738680,50.1126164177,49.6562589237,49.8572717578
2014.10.20,49.8898634090,50.2538633705,49.8355357371,50.2158335857
2014.10.21,50.3190365691,50.6341385835,50.3190365691,50.6232747119
2014.10.22,50.6124532532,50.6341810146,50.2267170982,50.2919128170
2014.10.23,50.4549061156,51.5686384674,50.2593230806,50.2701869626
2014.10.24,50.2267168790,50.4820615954,50.2267168790,50.4114360090
2014.10.27,50.3788255865,50.3896894639,50.1669405991,50.2049745325
2014.10.28,50.2756174722,50.3679749698,50.1886898427,50.2864813534
2014.10.29,50.3244702866,50.3516361850,50.0962916620,50.2484107451
2014.10.30,50.2538740494,51.5849209473,50.1941123540,50.2267081351
2014.10.31,50.4223061798,50.4223061798,50.2538890671,50.2701869626
2014.11.03,50.3214648441,50.4797089417,50.2996376414,50.3760307694
2014.11.04,50.3596686281,50.3596686281,50.1795973019,50.2177938714
2014.11.05,50.2887237987,50.2996353180,50.1523069101,50.2068728329
2014.11.06,50.2450543627,50.3487283361,50.2395965231,50.3378168201
2014.11.07,50.3378437147,50.4087790148,50.2778199366,50.3869518079
2014.11.10,50.3705818177,50.4306055951,50.3596702959,50.4087783884
2014.11.11,50.4087724265,50.5397356507,50.3378371358,50.5233621253
2014.11.12,50.4633448282,50.4797141912,50.3432972821,50.3596666451
2014.11.13,50.4087783140,50.4087783140,50.0922942265,50.1523180038
2014.11.14,50.0977413754,50.1686808282,49.8794776643,49.9013007049
2014.11.17,49.9395156276,50.0213666309,49.8467531000,49.8958653672
2014.11.18,49.8794734765,49.9613202797,49.7921646689,49.7976225102
2014.11.19,49.7102967505,49.7976055283,49.5793377469,49.7866898495
2014.11.20,49.6557277232,49.8194295897,49.6120733370,49.7921445576
2014.11.21,49.9940531673,50.2068631394,49.9449409321,50.0649884370
2014.11.24,50.1305042026,50.1687007836,49.9995409282,50.0595647215
2014.11.25,50.0377303842,50.1741473200,50.0159073380,50.1414085876
2014.11.26,50.1741299488,50.2723502751,50.1468490689,50.2068728329
2014.11.28,49.9776907691,50.0104336542,49.6775761032,49.7266841863
2014.12.01,49.7031095947,49.7031095947,49.1933058225,49.2261992216
2014.12.02,49.3632515312,49.5112572141,49.2645796818,49.4948126029
2014.12.03,49.5112689827,49.6154237880,49.4454863401,49.5770516254
2014.12.04,49.5332106018,49.6099549489,49.5003213622,49.5441722876
2014.12.05,49.4783854517,49.5496468528,49.3577860174,49.5057917526
2014.12.08,49.4070852936,49.4454574338,49.1713695231,49.2535967327
2014.12.09,48.9575900099,49.2700501166,48.9137391149,49.2261992216
2014.12.10,48.9904838480,49.0617452126,48.4697142107,48.6615749477
2014.12.11,48.5793573382,48.7383288759,48.1956316390,48.4861642422
2014.12.12,48.1298512415,48.2065955418,47.7461255579,47.8283527888
2014.12.15,47.9325011320,48.0202070996,47.3952869199,47.8009359073
2014.12.16,47.3843256746,48.0531009353,47.2089095556,47.6310031543
2014.12.17,47.6693505630,48.7766676377,47.6309784376,48.6012516098
2014.12.18,49.3358455842,49.5057788251,48.6341808939,48.9904961707
2014.12.19,49.1274954740,49.5057337686,49.0726745718,49.4618829020
2014.12.22,49.4180812795,49.5003085393,49.1713995000,49.3413369523
2014.12.23,49.4674173750,49.5606105042,49.3084457807,49.5167554060
2014.12.24,49.5365442043,49.7127131133,49.5035096462,49.6851850150
2014.12.26,49.7402734349,49.8228535903,49.4925371689,49.5310740148
2014.12.29,49.5585761261,49.6796930740,49.3989265496,49.5585761261
2014.12.30,49.4209673683,49.5255691819,49.3604130659,49.4595042154
2014.12.31,49.4814871601,49.5475520749,49.2392575394,49.3273398923
2015.01.02,49.3768896285,49.5090152580,49.2667814371,49.3273398923
2015.01.05,49.0520944198,49.1291680831,48.8043582451,48.8704189849
2015.01.06,48.7768393049,48.9750299620,48.6337006747,48.6832504391
2015.01.07,49.0631030101,49.1511853888,48.9254708807,48.9860293536
2015.01.08,49.1677374648,49.4540148609,48.9860661098,49.3549194854
2015.01.09,49.3934058057,49.6246267120,49.2007217171,49.6026050733
2015.01.12,49.6411445699,49.6411445699,49.3493651914,49.5420492904
2015.01.13,49.5475557504,49.6741791298,49.2943131917,49.5420492904
2015.01.14,49.2778058271,49.4594770348,49.1897192534,49.4264466698
2015.01.15,49.5365485697,49.5365485697,49.1126393385,49.1236522589
2015.01.16,49.1842244937,49.3824151313,49.1787222316,49.3108479233
2015.01.20,49.4594550286,49.4594550286,49.1401518418,49.2227319178
2015.01.21,49.1952307463,49.4980231238,49.1622003779,49.4870102009
2015.01.22,49.5585888138,49.6411689540,49.4264631096,49.5530865513
2015.01.23,49.5530865513,49.6246537660,49.5090432498,49.5530865513
2015.01.26,49.5861180197,49.8173390572,49.5090443406,49.7788022176
2015.01.27,49.5916412699,49.7843255330,49.5531044173,49.7402822157
2015.01.28,49.7732675807,49.8228131136,49.5530554120,49.6356355003
2015.01.29,49.7347470355,49.8338423422,49.6301494675,49.8118248965
2015.01.30,49.7567274818,49.8117836512,49.6521300004,49.6741516281
2015.02.02,49.7653749535,49.8648727076,49.6824594555,49.8648727076
2015.02.03,49.9588398701,50.2075863551,49.9146219277,50.1467819399
2015.02.04,50.1025796151,50.1025796151,49.9146416881,49.9367485594
2015.02.05,50.0528260815,50.2352351575,49.9699105649,50.2297105490
2015.02.06,50.3402860290,50.3458148574,50.1799837441,50.2684281291
2015.02.09,50.2352220420,50.2960264571,50.1357242914,50.1467819399
2015.02.10,50.2462902418,50.3181481034,50.2407614164,50.3181481034
2015.02.11,50.2904787375,50.3181144117,50.2075632806,50.3015321637
2015.02.12,50.3789736324,50.3789736324,50.2684223810,50.2960580852
2015.02.13,50.3070985118,50.4065962909,50.2684051654,50.3679029444
2015.02.17,50.4342463542,50.4563574466,50.3181662817,50.3347485467
2015.02.18,50.3844632830,50.5171255250,50.3236588769,50.5060720953
2015.02.19,50.4508086676,50.4784485765,50.3789508085,50.3900084589
2015.02.20,50.3844886413,50.5337332115,50.3457952922,50.5282086025
2015.02.23,50.5502854766,50.5668719454,50.4507877498,50.5668719454
2015.02.24,50.5558649398,50.6332516696,50.5171715749,50.6166694014
2015.02.25,50.6498367875,50.7990856442,50.6166722492,50.7825033751
2015.02.26,50.7658985465,50.8377606432,50.7106229303,50.7714273733
2015.02.27,50.7990856442,50.8267213537,50.7493346196,50.7825033751
2015.03.02,50.8285404386,50.8507465134,50.6842073056,50.7730273694
2015.03.03,50.6953244212,50.7397365849,50.5842982472,50.6287061755
2015.03.04,50.5454270607,50.6064927130,50.5065674852,50.5343219046
2015.03.05,50.6120526730,50.6287061755,50.5398860834,50.6287061755
2015.03.06,50.4899161790,50.5010213365,50.2567586963,50.3067234342
2015.03.09,50.3678028122,50.3733511570,50.1735006216,50.2012592875
2015.03.10,50.1179459157,50.1512528988,49.9069946302,50.0069198150
2015.03.11,50.1568097360,50.2178753671,50.0013714876,50.1457088191
2015.03.12,50.2956284073,50.3178344914,50.1623961383,50.2456678947
2015.03.13,50.1623705762,50.1845766489,49.9458666610,50.0735462851
2015.03.16,50.1124294597,50.1512890465,49.9903023551,50.0236093622
2015.03.17,49.8959201206,49.9736392859,49.6794161265,49.7737930290
2015.03.18,49.7737742321,50.2234355523,49.6793973653,50.2178829753
2015.03.19,50.0568844659,50.1623622351,49.7848675317,49.8181745176
2015.03.20,50.0180728197,50.2290285602,49.9459062026,50.2068224699
2015.03.23,50.2012557265,50.2623213989,50.1346374743,50.2456678947
2015.03.24,50.2290015839,50.3622338190,50.2123438486,50.3233742406
2015.03.25,50.3566876753,50.4233059190,50.1845958398,50.1901484190
2015.03.26,50.2456314943,50.2567324106,50.0901932537,50.1845658662
2015.03.27,50.1790301327,50.2734027768,50.1568240573,50.2234422836
2015.03.30,50.2456525584,50.4010908641,50.2400999803,50.3622312877
2015.03.31,50.3455762792,50.4288437723,50.2734054713,50.3011641259
2015.04.01,50.3825634216,50.4271754569,50.2431540019,50.4048694392
2015.04.02,50.4439163164,50.5164077008,50.3825758162,50.4439163164
2015.04.06,50.3992933635,50.6390777427,50.3992933635,50.5721639421
2015.04.07,50.6167915274,50.8565760003,50.5721837277,50.8398475436
2015.04.08,50.8621781083,50.9123677571,50.7506521736,50.8287211788
2015.04.09,50.8510009711,50.8900354536,50.7450484097,50.7785053220
2015.04.10,50.7729227236,50.9011770335,50.7729227236,50.8955994643
2015.04.13,50.8955786611,50.9234622411,50.7896304168,50.8007812961
2015.04.14,50.8175571798,50.8565916756,50.7060312645,50.8231347519
2015.04.15,50.8788678299,51.0573117422,50.8621393779,51.0238548382
2015.04.16,50.9903981887,50.9903981887,50.8955965361,50.9179025570
2015.04.17,50.8788843647,50.8788843647,50.7450524505,50.7617809080
2015.04.20,50.8788619372,50.9569308738,50.8063705686,50.8732886234
2015.04.21,51.0127093684,51.0127093684,50.8788732292,50.9067568218
2015.04.22,50.9848460749,50.9904236465,50.8454365651,50.8565874539
2015.04.23,50.8900371681,50.9458001086,50.7896621736,50.8398475436
2015.04.24,50.8510362797,50.9346786184,50.8510362797,50.9235277247
2015.04.27,50.9959879633,51.0182939915,50.8956129638,50.9402250201
2015.04.28,50.9011967490,50.9179252086,50.8398562277,50.8621622586
2015.04.29,50.7450458134,50.8565716848,50.7004337631,50.7673518386
2015.04.30,50.7450786333,50.7896907125,50.6391260088,50.7395010598
2015.05.01,50.7797956927,50.8638091398,50.7517883615,50.8526087713
2015.05.04,50.9422098091,50.9534144477,50.7741786902,50.8413894285
2015.05.05,50.7966101059,50.8470181858,50.6845850285,50.7742050905
2015.05.06,50.7742130918,50.7966181108,50.5893748898,50.6229802817
2015.05.07,50.5781706465,50.7350014943,50.5613636785,50.6173783584
2015.05.08,50.8918313408,51.0150567969,50.8582259521,51.0150567969
2015.05.11,50.9758460717,51.0038491362,50.6789870941,50.6957897874
2015.05.12,50.6117608415,50.8190039845,50.5725531413,50.6901762419
2015.05.13,50.7574065116,50.8414199849,50.5949733411,50.6173783584
2015.05.14,50.7405871892,50.8974222722,50.7405871892,50.8638126177
2015.05.15,50.9142267438,51.0150471640,50.8638143970,50.9758394602
2015.05.18,50.9702454024,50.9702454024,50.8302172556,50.8918299821
2015.05.19,50.9030188282,50.9030188282,50.7685930344,50.8134030568
2015.05.20,50.8189891652,50.8918022233,50.7517741530,50.7517741530
2015.05.21,50.7461953634,50.8750231281,50.7461953634,50.8246107773
2015.05.22,50.8190068673,50.8862176296,50.7966018555,50.8638126177
2015.05.26,50.7854062596,50.8526213072,50.7518008725,50.7574031948
2015.05.27,50.8469785503,50.9141935444,50.7909681919,50.8693835483
2015.05.28,50.8638095376,50.8750141795,50.7965987794,50.8470068480
2015.05.29,50.8358334549,50.9534566174,50.8358334549,50.9198512205
2015.06.01,50.9997095201,51.0672187978,50.8928141075,51.0053367240
2015.06.02,51.0559861781,51.0559861781,50.8253179544,50.9097088726
2015.06.03,50.8534351661,50.8871898068,50.6002667759,50.6340214167
2015.06.04,50.5946216328,50.6396306661,50.4708489376,50.4708489376
2015.06.05,50.3471201044,50.4258838351,50.2571062519,50.3189926534
2015.06.08,50.3639974335,50.4146337131,50.2627291667,50.3189926534
2015.06.09,50.3077284021,50.3189828142,50.1670782975,50.2345918929
2015.06.10,50.2458149640,50.3414602458,50.2176875335,50.3020784094
2015.06.11,50.3358415207,50.4089780029,50.2852052698,50.4033507989
2015.06.12,50.3077108229,50.3639699866,50.2064426112,50.2176970193
2015.06.15,50.1107934042,50.1951842821,49.9645161686,49.9813934857
2015.06.16,49.9645402060,50.2627177316,49.9645402060,50.2627177316
2015.06.17,50.1839380873,50.2964607070,50.0376651200,50.2176970193
2015.06.18,50.2345733112,50.4596142538,50.2345733112,50.4033507989
2015.06.19,50.4990095965,50.4990095965,50.3302277713,50.4314960080
2015.06.22,50.5721463772,50.6284055552,50.4314962862,50.5327645235
2015.06.23,50.5046248071,50.5215064209,50.4314883166,50.4990018948
2015.06.24,50.4652350821,50.5158713309,50.3639668766,50.3639668766
2015.06.25,50.3920920943,50.4314739307,50.2120602294,50.2120602294
2015.06.26,50.2120715106,50.2514533558,50.0432897214,50.0657942461
2015.06.29,49.8745131230,49.9589040192,49.7169857395,49.7226086515
2015.06.30,49.9364115287,49.9926707089,49.8351432874,49.9589160593
2015.07.01,50.1877555979,50.1877555979,49.9334561104,49.9673615590
2015.07.02,50.0973648383,50.2103859315,50.0238972474,50.1538753849
2015.07.06,50.0577859184,50.1538542383,49.9617175986,49.9899707042
2015.07.07,49.9165156443,50.0860472404,49.8034902688,50.0295367084
2015.07.08,49.8261237685,49.9674023349,49.7639608544,49.7809135925
2015.07.09,49.9843521094,50.1425877160,49.8939360742,49.8939360742
2015.07.10,50.0634590542,50.2216946334,50.0465063200,50.1821368164
2015.07.13,50.2442850290,50.2612377583,50.1369119953,50.2273279883
2015.07.14,50.1482270988,50.1990896129,50.0917165477,50.1764845301
2015.07.15,50.1708321816,50.2386474299,50.0973688962,50.1764845301
2015.07.16,50.2329727249,50.3120883236,50.2273203789,50.2555777976
2015.07.17,50.2895049405,50.2895049405,50.0691107759,50.1199732893
2015.07.20,50.0973581546,50.1030105019,49.8826120701,49.8882644175
2015.07.21,49.8487092755,49.9108721652,49.7921987334,49.7978510810
2015.07.22,49.6565690556,49.6904745161,49.4587757051,49.4757327468
2015.07.23,49.4587910722,49.5661641460,49.4474906857,49.4474906857
2015.07.24,49.4474697612,49.4757271828,49.2779338546,49.3061912762
2015.07.27,49.1705785115,49.3175050717,49.0575531059,49.0971109200
2015.07.28,49.1479607688,49.4192130496,49.1253556935,49.3627025170
2015.07.29,49.3626901367,49.6904571792,49.3626901367,49.6508993852
2015.07.30,49.6226627957,49.8261041963,49.6226627957,49.7978510810
2015.07.31,49.7356679823,49.8656417451,49.6961101878,49.7130629123
2015.08.03,49.7221721874,49.7278500954,49.5972885285,49.6199958294
2015.08.04,49.6710885347,49.7448840213,49.6370297456,49.6483812316
2015.08.05,49.7505503110,49.8016428137,49.5745741672,49.5802477434
2015.08.06,49.5177917131,49.5745577732,49.3645185868,49.3758743974
2015.08.07,49.3020813083,49.3247886016,49.2055785599,49.2226079472
2015.08.10,49.2566609139,49.3701973671,49.2339579542,49.3645194617
2015.08.11,49.1771961716,49.2169328544,49.0806934177,49.1374594888
2015.08.12,48.9671763016,49.0920642948,48.8422883084,49.0693569932
2015.08.13,49.0295830757,49.0693197405,48.9784906032,49.0068757914
2015.08.14,48.9842117477,49.1090997564,48.9785338389,49.0352999344
2015.08.17,48.9842117477,49.1090997564,48.9331192301,49.0352999344
2015.08.18,48.9728381029,49.0466378980,48.9217499348,48.9728381029
2015.08.19,48.9387930904,49.0750325745,48.8309344862,48.9274416046
2015.08.20,48.7627993668,48.8025360491,48.6208820254,48.6889995774
2015.08.21,48.5527483063,48.6776362292,48.4619234820,48.5130116336
2015.08.24,47.5763777613,48.4676186722,47.3606649179,48.1156663662
2015.08.25,48.5697804642,48.6435802398,48.2007989103,48.2121503899
2015.08.26,48.3994893895,48.7060313544,48.3597527088,48.6152021807
2015.08.27,48.7401050981,49.0750280344,48.7401050981,48.9785252559
2015.08.28,48.9444638688,49.1034106322,48.8536346720,49.0239372505
2015.08.31,48.9557960141,48.9898591150,48.6662878084,48.9557960141
2015.09.01,48.8663059897,48.9062199527,48.7180566131,48.7978845390
2015.09.02,48.9974617710,49.0145671362,48.8549112601,48.9974617710
2015.09.03,49.0373313840,49.1684796495,48.9575035181,49.0658432005
2015.09.04,48.9575232948,49.0772651419,48.9518200591,49.0145426005
2015.09.08,49.2369112048,49.2882316151,49.1741886758,49.2825283805
2015.09.09,49.3794821871,49.3908886609,49.1742091612,49.2198263559
2015.09.10,49.1969851278,49.3794494352,49.1969851278,49.3395355039
2015.09.11,49.1228772018,49.3509587512,49.1000686118,49.3224469262
2015.09.14,49.2426297922,49.2882469822,49.1628018850,49.2369265559
2015.09.15,49.1798731062,49.2711074228,49.1513612948,49.2254902645
2015.09.16,49.0544772312,49.1685202411,49.0031611395,49.0487739931
2015.09.17,49.0430448465,49.2711263753,48.9518104949,49.0886576721
2015.09.18,48.9461257170,49.0658719362,48.8605989180,48.9518289537
2015.09.21,48.9574887574,48.9802973337,48.8149384184,48.8605555710
2015.09.22,48.6666896236,48.8605603658,48.4443114210,48.5070339244
2015.09.23,48.4956774583,48.5298881831,48.3873376960,48.4215484208
2015.09.24,48.3245875527,48.3245875527,48.0965060334,48.1820371469
2015.09.25,48.2390643038,48.3302986665,47.9197527349,47.9368580903
2015.09.28,47.7087925218,47.9083623192,47.1671024501,47.2013131725
2015.09.29,47.1613920578,47.3780671835,47.1157748681,47.1956027749
2015.09.30,47.4008597052,47.5206015248,47.2298018272,47.4920940537
2015.10.01,47.4107583632,47.4852389478,47.1643941268,47.1873122385
2015.10.02,46.9180010120,47.2503068698,46.7862274150,47.2331193895
2015.10.05,47.4795099922,47.8232729053,47.4451306411,47.8003547949
2015.10.06,47.8289786466,48.1154483203,47.7602243512,48.0638815060
2015.10.07,48.3274416519,48.6024545108,48.2414998603,48.5566183058
2015.10.08,48.4821400612,48.7743360469,48.3904676468,48.7571485620
2015.10.09,48.8316287600,49.0436135481,48.6883939048,48.7628744559
2015.10.12,48.8029839173,48.8430895051,48.6024559783,48.6712059167
2015.10.13,48.5795364083,48.6712044471,48.4878639982,48.5566183058
2015.10.14,48.5623414043,48.6711969104,48.4935871074,48.5222358239
2015.10.15,48.5967526913,48.6712332902,48.4764358602,48.6368583016
2015.10.16,48.6482802618,48.8659956320,48.6368190274,48.8602650148
2015.10.19,48.7858297203,49.0264634113,48.7457241051,48.9920884186
2015.10.20,48.9175555973,49.0951697517,48.8659931587,49.0378723251
2015.10.21,49.0722811006,49.1410310599,48.8488349904,48.9863392802
2015.10.22,49.0321773157,49.0894704076,48.9347786222,49.0035285841
2015.10.23,49.2154884595,49.3243439579,49.0321480520,49.1753828820
2015.10.26,49.2326942508,49.2384248701,49.0894593676,49.1238343408
2015.10.27,49.0837331225,49.0894637422,48.8946620106,48.9634163343
2015.10.28,48.9634113608,49.1066462423,48.8717433097,49.0951893751
2015.10.29,48.9576887361,49.0894667719,48.9462318670,48.9691499764
2015.10.30,49.0035372890,49.1353153580,48.9233260718,49.0264554041
2015.11.02,49.0287230199,49.2014016590,48.9884319230,49.1783775477
2015.11.03,49.1323403251,49.2589707699,49.1323403251,49.2301895265
2015.11.04,49.2532082661,49.2532082661,49.0632626196,49.0862867336
2015.11.05,49.0690074641,49.1208084139,48.8905761149,48.8963288484
2015.11.06,48.7064144757,48.7467055894,48.5452456297,48.6603662340
2015.11.09,48.5567787005,48.6028269601,48.4243910521,48.4589294425
2015.11.10,48.4070950704,48.4589004293,48.2747118926,48.3495369761
2015.11.11,48.3725589142,48.4070928910,48.2056373743,48.2344186158
2015.11.12,48.0444786601,48.1653519845,47.9005812180,47.9120910812
2015.11.13,47.9351251370,47.9811733820,47.7682035426,47.7739606711
2015.11.16,47.7221444104,48.0272062505,47.6645819269,47.9984250088
2015.11.17,48.1193211991,48.1999034446,47.9869379636,48.0329818243
2015.11.18,48.0041722340,48.1538267556,48.0041722340,48.1250455198
2015.11.19,47.9638804408,48.0559724895,47.6875955120,47.6933526374
2015.11.20,47.7048397188,47.8947852422,47.6645486434,47.6818156198
2015.11.23,47.6243046578,47.7106440166,47.5955277991,47.6415716512
2015.11.24,47.5725064362,47.7221610408,47.5264581900,47.7048896550
2015.11.25,47.6818334453,47.7681727510,47.6818334453,47.7566628929
2015.11.27,47.7854580590,47.8602875354,47.7394142175,47.8315062919
2015.11.30,47.8315180888,47.8602993393,47.7682028508,47.8027412297
2015.12.01,47.9172321408,48.1659276728,47.8883167237,48.1427926916
2015.12.02,48.1081118441,48.2584870761,48.0213567328,48.0444917233
2015.12.03,47.9577054703,48.0791607822,47.8420350054,47.9172203663
2015.12.04,47.8883332659,47.9635186713,47.7148230534,47.8073630101
2015.12.07,47.6164965643,47.7148169463,47.4372015244,47.4719062100
2015.12.08,47.0959561815,47.2058462297,46.8241256914,46.8819609331
2015.12.09,46.8819778587,47.2521288347,46.8761974212,47.1248930219
2015.12.10,47.0034377519,47.1769479691,46.8472820864,46.9282523444
2015.12.11,46.5812210201,46.5812210201,45.4707683500,45.9912900055
2015.12.14,45.9218865246,45.9855066184,45.2336351892,45.5922207714
2015.12.15,46.1532586459,46.5291901656,46.1301236518,46.3383341862
2015.12.16,46.4944784360,46.7836591723,46.3036180910,46.6911236312
2015.12.17,46.6737657856,46.7373858961,46.1532440270,46.1705941639
2015.12.18,46.0144280193,46.1474530726,45.8871878151,45.9970778847
2015.12.21,46.0954156775,46.2110906398,45.7310494744,45.8525048755
2015.12.22,45.9219320311,46.4193235779,45.8987970274,46.4077538698
2015.12.23,46.5638706652,46.7836463761,46.5118158523,46.7026761451
2015.12.24,46.7166545055,46.9201486947,46.6701402806,46.7980521812
2015.12.28,46.6526705561,46.6584859397,46.4433611054,46.5189477845
2015.12.29,46.6061465314,46.8212668640,46.6003311496,46.7863834448
2015.12.30,46.7282610878,46.8852409709,46.6177909698,46.8212850537
2015.12.31,46.7922272448,47.0247894282,46.7398976485,46.8503677907
2016.01.04,46.5189498692,46.6061628835,46.3212667410,46.5712750163
2016.01.05,46.7107941159,46.8212641847,46.5538143029,46.6584689902
2016.01.06,46.4724167056,46.7049831703,46.4724167056,46.6584689902
2016.01.07,46.3212787115,46.5131465055,46.2922106565,46.3561665878
2016.01.08,46.5364323727,46.6410871945,46.2224679074,46.2340942495
2016.01.11,46.4317293573,46.4840544959,46.1119498350,46.1642794095
2016.01.12,46.4491885728,46.4840720118,46.1061562614,46.2108110139
2016.01.13,46.2457035406,46.2922177588,45.6352166247,45.6991725658
2016.01.14,45.7340486380,45.9549844639,45.5131083763,45.9026548729
2016.01.15,45.1584338771,45.7456633835,45.0130803464,45.2979764605
2016.01.19,45.3212278447,45.4258825614,44.9956373644,45.1409908911
2016.01.20,44.7863743545,45.0131257363,44.0828630885,44.8387039850
2016.01.21,44.8386575074,45.3270432278,44.6526051707,45.1409908911
2016.01.22,45.5828666574,45.8852000398,45.4898382715,45.8328748997
2016.01.25,45.6933501385,45.7805631753,45.3677595327,45.3793903034
2016.01.26,45.5596115102,45.8096197631,45.4549567895,45.7863626657
2016.01.27,45.7689277748,45.9782372473,45.5712446348,45.7165981887
2016.01.28,45.9956735551,46.1003282791,45.7805487237,45.9491593587
2016.01.29,46.0480042183,46.1933577725,46.0073054005,46.1003338044
2016.02.01,46.0191425271,46.0366706894,45.7562067192,45.8263238262
2016.02.02,45.6042689534,45.7035981259,45.4757232206,45.4990955773
2016.02.03,45.6393259704,45.8087722156,45.3588621437,45.7211269911
2016.02.04,45.7036121064,45.8029413093,45.5341658120,45.5750663343
2016.02.05,45.5691939953,45.5691939953,45.1543448236,45.2244618718
2016.02.08,44.8563866904,44.8739193090,44.5700829960,44.6986287855
2016.02.09,44.4590477234,44.7336673542,44.3305064428,44.5291647966
2016.02.10,44.6460245440,44.8329989393,44.3772446715,44.4648898945
2016.02.11,44.0266619357,44.3304980707,43.8747438682,44.1668915977
2016.02.12,44.3246723071,44.8680674883,44.2720833759,44.8271669674
2016.02.16,44.8797496081,45.0082953705,44.8096369797,44.8680656560
2016.02.17,45.0959319133,45.3354907770,45.0550314020,45.2361616008
2016.02.18,45.3997734719,45.4289900396,45.2478598016,45.2770719115
2016.02.19,45.0783924019,45.3880682603,45.0199637516,45.3646959086
2016.02.22,45.5984334461,45.7795636726,45.5458445191,45.7561913115
2016.02.23,45.6101169012,45.7386626571,45.4231424720,45.6627058277
2016.02.24,45.3179867148,45.7912694057,45.2595580188,45.7386804587
2016.02.25,45.7678821649,46.0016013309,45.6101198333,45.9840687158
2016.02.26,46.1301215389,46.3346285018,46.0775370910,46.2937280008
2016.02.29,46.3229433469,46.8195935962,46.3112593991,46.7903814979
2016.03.01,46.8896673055,47.5827628894,46.7193297615,47.5298973503
2016.03.02,47.2831823127,47.3477932309,47.1187197869,47.2068259918
2016.03.03,47.1481220883,47.5005471812,46.9836594350,47.3654502981
2016.03.04,47.4476391775,47.7178282208,47.2831766713,47.5005046867
2016.03.07,47.3889099273,47.5768677441,47.3830349852,47.5592473990
2016.03.08,47.4535148650,47.4887555508,47.2009461605,47.2244414447
2016.03.09,47.3125920900,47.4006938873,47.2009905051,47.3419578621
2016.03.10,47.6121115039,47.6884723127,47.3125566549,47.6708519665
2016.03.11,47.9997770760,48.3169567527,47.9527864984,48.2464708864
2016.03.14,48.0937722930,48.1994988927,47.8881940385,48.1113971273
2016.03.15,47.8118482591,47.8588388652,47.6415106730,47.6650059760
2016.03.16,47.5357753930,48.1583851257,47.4711644417,47.9821771069
2016.03.17,48.0937730446,48.3698371970,47.9997963330,48.2876058939
2016.03.18,48.3404589753,48.5225418879,48.3287090886,48.3991949650
2016.03.21,48.3932965528,48.4344121738,48.2464544090,48.3463059913
2016.03.22,48.2464678226,48.3110787423,48.1524911547,48.2170975931
2016.03.23,48.2053492981,48.2053492981,47.9762758623,47.9938962064
2016.03.24,47.6473680669,47.8646916977,47.6238727725,47.7824604080
2016.03.28,47.7296102435,47.8294619065,47.5416523268,47.5651476266
2016.03.29,47.4241708918,47.7648459807,47.3889301865,47.7472256281
2016.03.30,47.8353183866,47.9939059971,47.8059481530,47.9175496634
2016.03.31,47.8647006131,48.1055240645,47.8588301494,47.9821771069
2016.04.01,47.7868521867,48.0996080805,47.6806327792,48.0169934860
2016.04.04,47.9520892756,48.0996160047,47.8458698506,47.8989773121
2016.04.05,47.6924052486,47.8399318677,47.6688004493,47.7219123733
2016.04.06,47.8045394614,48.1645048666,47.7868369828,48.1231975825
2016.04.07,47.9284919155,48.0406136877,47.8340726332,47.8871846050
2016.04.08,48.1408869791,48.1762919266,48.0464677827,48.1054775293
2016.04.11,48.1822079313,48.3061297851,48.1645054524,48.1704032773
2016.04.12,48.2530375067,48.4713786727,48.2235348641,48.4536761867
2016.04.13,48.5716731342,48.8726287629,48.5716731342,48.7723117207
2016.04.14,48.7723096409,48.8195192477,48.6837927537,48.7546071639
2016.04.15,48.6661001782,48.7251099476,48.6247928893,48.6779003312
2016.04.18,48.4831863081,48.9611714687,48.4654793188,48.9552691389
2016.04.19,49.0673778605,49.2208068783,49.0260705675,49.1617926007
2016.04.20,49.2030881794,49.3919221171,49.1086734617,49.2562001162
2016.04.21,49.3151980238,49.3329004977,49.0791545329,49.1027593322
2016.04.22,49.1440879685,49.2444050325,49.1027806773,49.2149023971
2016.04.25,49.1263656490,49.1971800490,49.0083461510,49.0260486254
2016.04.26,49.1499864507,49.1971960661,49.0732742022,49.1912937386
2016.04.27,49.2385022363,49.5158530930,49.2207997565,49.4804436311
2016.04.28,49.4686199661,49.5925417682,49.3624006353,49.3978055782
2016.04.29,49.3506194427,49.5158530930,49.1853902946,49.4804436311
2016.05.02,49.4282726324,49.5171946348,49.3749221446,49.4994111388
2016.05.03,49.3215837397,49.3334424228,49.1081726712,49.1793112016
2016.05.04,49.0903676653,49.1200098373,48.9718080226,48.9955208557
2016.05.05,49.1496569330,49.1555817498,48.9303165971,48.9540294325
2016.05.06,48.7465570601,49.0311020943,48.7346983787,48.9243965758
2016.05.09,48.8473101924,48.9599404757,48.7761717060,48.8354515166
2016.05.10,48.8650944262,49.2622741383,48.8650944262,49.2504199851
2016.05.11,49.2504468030,49.4164321747,49.1615247760,49.2148752786
2016.05.12,49.3452696330,49.3452696330,49.1792843421,49.2919191564
2016.05.13,49.2445259651,49.3097351614,49.0488983764,49.0726112225
2016.05.16,49.1615389612,49.3690207357,49.1259719492,49.3453078868
2016.05.17,49.2622993837,49.3927177495,49.2089488829,49.2445158835
2016.05.18,49.2622741383,49.3986217753,49.1140723482,49.2504199851
2016.05.19,49.0785356414,49.1496741727,48.9599714224,49.1141026456
2016.05.20,49.1200219568,49.2978659874,49.1200219568,49.2860073066
2016.05.23,49.2741569063,49.5587019498,49.1793055433,49.2978697471
2016.05.24,49.4223340600,49.5942486774,49.3867625553,49.5942486774
2016.05.25,49.6950363823,49.7483868677,49.6476107135,49.6713235479
2016.05.26,49.7602656898,49.7602656898,49.5231417724,49.5290711141
2016.05.27,49.5527812091,49.6120655826,49.5172142032,49.6120655826
2016.05.31,49.6476395206,49.7187780651,49.5112917743,49.5646468134
2016.06.01,49.4347447199,49.6670560920,49.3811365008,49.6432287019
2016.06.02,49.5598628846,49.6849578885,49.5062546355,49.6551724982
2016.06.03,49.7028236452,49.7743013055,49.5777331951,49.7445204619
2016.06.06,49.9053546494,49.9947062782,49.8100495782,49.9649208871
2016.06.07,50.0244881534,50.2448836716,49.9947027644,50.1853174381
2016.06.08,50.2508009502,50.3937607036,50.2448429683,50.3758913025
2016.06.09,50.3759123121,50.3759123121,50.1197735189,50.1793397289
2016.06.10,49.9768415140,50.0483191879,49.8338816214,49.9351446893
2016.06.13,49.7385616178,49.9232182965,49.6015551969,49.6015551969
2016.06.14,49.5181501895,49.5836743916,49.3037081724,49.4347565767
2016.06.15,49.5955963378,49.6670739891,49.4228511063,49.4585899320
2016.06.16,49.3513520226,49.5300551787,49.1130826626,49.4883583816
2016.06.17,49.4943381689,49.6373025877,49.4764687527,49.5181655720
2016.06.20,49.8755515177,50.0185113330,49.7564145511,49.8100273222
2016.06.21,49.8993685074,50.0244634438,49.8159749128,50.0006360533
2016.06.22,50.0304333512,50.1078735321,49.9708671276,50.0483027638
2016.06.23,50.2687012179,50.4176190446,50.2270044082,50.4176190446
2016.06.24,49.4347433902,50.1555048769,49.3811351725,49.5896191489
2016.06.27,49.4407331529,49.4764719876,48.8510196565,48.8748470612
2016.06.28,49.3394405996,49.5062277883,49.2560470053,49.4883583816
2016.06.29,49.7862086303,50.2150926959,49.7623812329,50.1138251205
2016.06.30,50.0721397201,50.5129398572,50.0006620559,50.4533690775
2016.07.01,50.4515534123,50.6909402771,50.4216277712,50.5532932864
2016.07.05,50.4515647439,50.4515647439,50.1822476115,50.2660339462
2016.07.06,50.2001826662,50.4934392956,50.1223824030,50.4874532550
2016.07.07,50.4994280456,50.6310935609,50.4216277712,50.5532932864
2016.07.08,50.7627699456,51.2535204291,50.7448163835,51.2235947816
2016.07.11,51.2535220686,51.4210947416,51.2295824630,51.2535220686
2016.07.12,51.5048990258,51.6605042332,51.3852055222,51.3971730461
2016.07.13,51.3911664764,51.4091200365,51.1757146223,51.2475288630
2016.07.14,51.4091206139,51.4151066560,51.2295758781,51.3492738906
2016.07.15,51.3791943923,51.4330596388,51.2295753028,51.2475288630
2016.07.18,51.2774624358,51.4330675913,51.2475367869,51.4210955053
2016.07.19,51.3073734583,51.3911597722,51.1936615041,51.2834338592
2016.07.20,51.3552510156,51.4629769347,51.2594971797,51.4151022998
2016.07.21,51.3373140119,51.5168587903,51.3133744037,51.3433000555
2016.07.22,51.3552529753,51.6245700663,51.3073783385,51.5707048217
2016.07.25,51.5228568945,51.5228568945,51.2774838219,51.3253630537
2016.07.26,51.2894412499,51.3193669054,51.0979289263,51.1278545818
2016.07.27,51.2176011032,51.3013874171,51.0739635086,51.2834338592
2016.07.28,51.1757181942,51.1757181942,51.0141270094,51.0679922596
2016.07.29,50.9782320532,51.1278511888,50.8645200491,51.1158836670
2016.08.01,51.0816153699,51.0876283776,50.7870422023,50.8291240834
2016.08.02,50.8111036200,50.8652115364,50.6728364973,50.7570002903
2016.08.03,50.7990388257,51.0334955610,50.7689783882,50.9854006957
2016.08.04,51.1717778980,51.3761742387,51.0996355848,51.3100449317
2016.08.05,51.4783794294,51.5685561865,51.4062416929,51.4242761270
2016.08.08,51.5204649614,51.6587366103,51.4603486479,51.6346891676
2016.08.09,51.6647501239,51.8511120735,51.6527241092,51.8150432024
2016.08.10,51.8270686916,51.8511161364,51.7008230461,51.7188574831
2016.08.11,51.8030241981,51.9172484209,51.7609423139,51.8451060823
2016.08.12,51.8150370101,51.8992007570,51.7729551366,51.8871747437
2016.08.15,51.9953835966,52.0735389200,51.8991984272,52.0434784746
2016.08.16,52.0615404034,52.0615404034,51.9112472702,51.9352947219
2016.08.17,51.9713527999,52.0314737099,51.8932020381,52.0074262632
2016.08.18,52.0494928731,52.2118073574,52.0134194203,52.2118073574
2016.08.19,52.1456920249,52.1877739089,52.0314723893,52.0555152488
2016.08.22,52.0013957559,52.0374646205,51.8871715692,51.9713353110
2016.08.23,52.1036103820,52.1937871586,52.0555154896,52.1456922662
2016.08.24,52.1396698227,52.1697256824,51.9953851843,52.0013981909
2016.08.25,52.0314623410,52.1637163891,52.0194363270,52.0975916584
2016.08.26,52.0675379732,52.3140162534,51.9473053370,52.0374775208
2016.08.29,52.1156421826,52.3260516270,52.0976077426,52.2959911692
2016.08.30,52.2959587433,52.3861354740,52.1757261601,52.3260191824
2016.08.31,52.2839882716,52.3200571643,52.0735787526,52.1216690808
2016.09.01,52.1644767636,52.2429633213,51.9954259585,52.2248513930
2016.09.02,52.3818517508,52.5448637815,52.2973263117,52.4663771899
2016.09.06,52.4482875105,52.5328129854,52.4362098104,52.5267741354
2016.09.07,52.4965668066,52.5327952881,52.3456278513,52.3818563329
2016.09.08,52.3878857131,52.4180753439,52.2792094912,52.2852483386
2016.09.09,52.1343308623,52.2611190725,51.7660393255,51.7841512689
2016.09.12,51.6815179085,52.0618871750,51.6513328692,51.9652839942
2016.09.13,51.8384958803,51.9049094157,51.4822774083,51.5668074948
2016.09.14,51.6392497027,51.8083006449,51.4943495531,51.5547242316
2016.09.15,51.6211205965,51.8807357732,51.5848967227,51.8565849886
2016.09.16,51.7901577007,51.8807219673,51.6694084161,51.8686488814
2016.09.19,51.9048939509,51.9652686179,51.8143296473,51.8988551023
2016.09.20,51.9229990971,51.9833737562,51.7539482091,51.8384736531
2016.09.21,51.8686567442,52.2973227579,51.8505402031,52.2671331290
2016.09.22,52.4422377821,52.6052498481,52.3516734759,52.4422377821
2016.09.23,52.4060071185,52.5086445025,52.3456278513,52.3818563329
2016.09.26,52.2671521477,52.3335656703,52.1101743117,52.1524370437
2016.09.27,52.0799884217,52.3094140195,52.0014972019,52.3033751704
2016.09.28,52.3938997029,52.6655924321,52.2067369786,52.6535147430
2016.09.29,52.6293991817,52.6414768789,52.2611077248,52.4543094230
2016.09.30,52.5267818257,52.7018716512,52.5147087302,52.6837597048
2016.10.03,52.6509965894,52.7055784668,52.5479031427,52.6509965894
2016.10.04,52.7237352872,52.7601200964,52.4932858245,52.5599943925
2016.10.05,52.7419389749,52.7540657050,52.6145874889,52.6994884796
2016.10.06,52.7419577804,52.7540845148,52.5964138340,52.7298264193
2016.10.07,52.7540799451,52.8753704123,52.6024703312,52.8511123188
2016.10.10,52.8874958774,53.0633635805,52.8511110515,53.0027206618
2016.10.11,52.9238882765,52.9299539572,52.6206690126,52.7055746631
2016.10.12,52.6813247910,52.7783525647,52.5964237540,52.6873858460
2016.10.13,52.5236154394,52.6206431502,52.4144563730,52.5539392016
2016.10.14,52.7055759976,52.7480265105,52.6024779289,52.6752522197
2016.10.17,52.6631049951,52.7540716745,52.5842696739,52.6024620844
2016.10.18,52.7904657232,52.8329162271,52.6509828524,52.8147191882
2016.10.19,52.8571923915,52.9966706833,52.8450610282,52.9663469016
2016.10.20,52.9663247910,53.0087799184,52.8692970582,52.9723904702
2016.10.21,52.8693147838,53.0330511621,52.8026061709,52.9845395928
2016.10.24,53.0512166082,53.0997281487,52.9299261903,53.0148271695
2016.10.25,52.9602814947,53.0148587453,52.8996385630,52.9845395928
2016.10.26,52.8511147047,52.9724005506,52.7540823266,52.7722747408
2016.10.27,52.8147287301,52.8389868262,52.4872559993,52.5782180764
2016.10.28,52.5175688961,52.5539583493,52.2810582705,52.3235087769
2016.10.31,52.3113977202,52.3417168758,52.1112718611,52.1658491172
2016.11.01,52.1938349020,52.1938349020,51.7613235241,51.9623513138
2016.11.02,51.8770950244,51.9258252571,51.6699741066,51.7308903832
2016.11.03,51.8405433632,51.9197387085,51.7004363867,51.7430782466
2016.11.04,51.8344663958,51.9319361901,51.7248198485,51.7674617216
2016.11.07,52.2365249058,52.5228366314,52.1999760549,52.4923761572
2016.11.08,52.2486728855,52.4679751458,52.2303984718,52.3766030770
2016.11.09,52.0537678844,52.3888144872,51.9623957632,52.0111260120
2016.11.10,51.9014605881,51.9014605881,51.2983815160,51.3288419797
2016.11.11,51.1643397649,51.2922652892,50.7135539203,50.8475724641
2016.11.14,50.7135738354,51.2861970573,50.7074808135,51.2252761334
2016.11.15,51.4872212924,51.9684677852,51.4872212924,51.9014584857
2016.11.16,51.6821562452,51.7796260074,51.6151515933,51.6943422893
2016.11.17,51.6882314055,51.8344313507,51.5542128527,51.5542128527
2016.11.18,51.6638639734,51.7430592897,51.4628407918,51.5542128527
2016.11.21,51.6882267727,51.9928126754,51.6821337533,51.9684452455
2016.11.22,52.0537413701,52.4070622172,52.0354669552,52.3522389725
2016.11.23,51.9562750368,52.1999447410,51.9501820161,52.1573028913
2016.11.25,52.1877903895,52.2426183138,52.1451485139,52.2243438882
2016.11.28,52.1572988304,52.3887824752,52.0659221175,52.2182150898
2016.11.29,52.0842074141,52.2060399584,52.0415655589,52.1512167078
2016.11.30,52.2060404990,52.2669614194,52.0415660978,52.1755846864
2016.12.01,52.1823063104,52.2067826244,51.9314322617,51.9314322617
2016.12.02,52.0538349047,52.2496408450,51.9987666723,52.2435205964
2016.12.05,52.2679999482,52.4209734938,52.2435236207,52.3781410878
2016.12.06,52.4576839665,52.6596054743,52.4087313174,52.6412493980
2016.12.07,52.7085402244,52.9900108585,52.6657078381,52.9043460859
2016.12.08,52.8492693313,52.9288138449,52.7024114576,52.8982172874
2016.12.09,52.8737380431,53.0022351628,52.8431414901,52.9226859923
2016.12.12,53.0206133162,53.0389693883,52.7942108672,52.8492837519
2016.12.13,53.0451190589,53.1368994704,52.9655698111,52.9778103116
2016.12.14,52.9777747360,53.1368637880,52.5310901370,52.5800427692
2016.12.15,52.4944013295,52.7085633550,52.4699250025,52.6045424667
2016.12.16,52.7513921313,52.7819887050,52.6412510017,52.6534914985
2016.12.19,52.6962890513,52.8553780579,52.6840485626,52.7880693750
2016.12.20,52.8064963301,52.9166375249,52.7391875627,52.8615645933
2016.12.21,52.8370260595,53.0022399916,52.8247902382,52.9532873696
2016.12.22,52.9631171381,53.0674875723,52.9017257957,53.0674875723
2016.12.23,53.0859143897,53.1718632218,53.0490805142,53.1657226812
2016.12.27,53.0981978718,53.2025683394,53.0736403902,53.1166148120
2016.12.28,53.1902815756,53.1902815756,53.0183839069,53.0429413859
2016.12.29,53.0859214729,53.1350364360,53.0306659684,53.1166148120
2016.12.30,53.1534375124,53.2271052513,53.0306501413,53.1350205777
2017.01.03,53.3376153621,53.3805897741,53.2271090621,53.3560369820
2017.01.04,53.4113050683,53.6507346818,53.4113050683,53.6445941399
2017.01.05,53.5708937127,53.6691189047,53.5340551673,53.5647531745
2017.01.06,53.5095211628,53.5831889117,53.4358487300,53.5524955776
2017.01.09,53.5402069880,53.5831813968,53.4419817753,53.5402069880
2017.01.10,53.6016137248,53.6752861684,53.5218054238,53.5463629050
2017.01.11,53.5647808615,53.6077552834,53.4788320176,53.5770572604
2017.01.12,53.5647496418,53.5954476469,53.4910772397,53.5893071091
2017.01.13,53.5709370948,53.6568859638,53.4727071394,53.6077709861
2017.01.17,53.5709125148,53.5893294520,53.5033806224,53.5524955776
2017.01.18,53.5340986419,53.6016305654,53.4727072615,53.6016305654
2017.01.19,53.5647547791,53.5954527872,53.3744402438,53.4296910377
2017.01.20,53.4481293532,53.5463592713,53.3928785371,53.5340781896
2017.01.23,53.4911037714,53.5463592713,53.4358529553,53.5340781896
2017.01.24,53.5033926802,53.6077584706,53.4788351971,53.5709245878
2017.01.25,53.6568576327,53.7612233923,53.6200190769,53.7612233923
2017.01.26,53.7182331567,53.7734839483,53.6629823652,53.7366500872
2017.01.27,53.6937034392,53.8349077859,53.6875628979,53.7857928232
2017.01.30,53.7059748901,53.7428087635,53.6016044421,53.6752768729
2017.01.31,53.6507266043,53.6691435435,53.5218033459,53.6200285830
2017.02.01,53.7692484665,53.8494120570,53.6150935057,53.8185791831
2017.02.02,53.8124281008,53.8740938675,53.7322691903,53.8494285017
2017.02.03,53.9665751300,54.0035755254,53.9110815934,53.9419144722
2017.02.06,53.9542205683,53.9727184055,53.8617266779,53.9048898662
2017.02.07,53.9665627676,53.9665627676,53.8185753330,53.8247428483
2017.02.08,53.8247485234,53.8679117257,53.7199242755,53.8617442098
2017.02.09,53.8617469778,53.9789062634,53.8617469778,53.9357430589
2017.02.10,53.9665769036,53.9850794542,53.8925855191,53.9727444204
2017.02.13,54.0158794387,54.0898754890,54.0097119251,54.0528798161
2017.02.14,54.0467334705,54.1145620338,53.9357417039,54.0898966740
2017.02.15,54.0344225500,54.1207489954,53.9974268460,54.1084186622
2017.02.16,54.0528923171,54.3118714964,53.9603984090,54.0652226428
2017.02.17,54.0096845921,54.1330112802,53.9603586213,54.1206762591
2017.02.21,54.1206991567,54.2995194018,54.1206991567,54.2995194018
2017.02.22,54.2686921790,54.3365207112,54.2255289953,54.3241856848
2017.02.23,54.4413816956,54.4475492130,54.3118920569,54.3735531175
2017.02.24,54.3303839798,54.4907064835,54.2995511006,54.4167103961
2017.02.27,54.4166860471,54.4845145873,54.3796903722,54.4845145873
2017.02.28,54.4475286979,54.4906918945,54.4105283119,54.4413611828
2017.03.01,54.6110362385,54.6915452507,54.6110362385,54.6420037874
2017.03.02,54.6543762899,54.6543762899,54.4685804862,54.4685804862
2017.03.03,54.5119532565,54.5553049974,54.3880924895,54.4933746139
2017.03.06,54.4066858106,54.4314589157,54.3075981153,54.3199823053
2017.03.07,54.2085350292,54.2518868053,53.9546188335,53.9670030302
2017.03.08,53.8369186647,53.9236221702,53.6015812536,53.6077709861
2017.03.09,53.4962993109,53.7068683614,53.3848226901,53.4653364704
2017.03.10,53.8059117048,53.8059117048,53.3104641401,53.4467137560
2017.03.13,53.4963009610,53.5582360940,53.3352828454,53.4901112277
2017.03.14,53.3352639501,53.3909998800,53.2547501958,53.3290694940
2017.03.15,53.5086687947,54.0660516965,53.4591225979,54.0660516965
2017.03.16,54.1898897179,54.2084683527,53.8988118400,53.9112007465
2017.03.17,54.0351017456,54.0351017456,53.9050464803,53.9298195868
2017.03.20,53.9236252230,53.9236252230,53.8245375219,53.8245375219
2017.03.21,53.9298238476,53.9855597978,53.4343711288,53.4405655872
2017.03.22,53.4095802502,53.6139547831,53.2733305616,53.5706030390
2017.03.23,53.5272682272,53.7254483665,53.4901109276,53.5891986348
2017.03.24,53.6325361071,53.7935589039,53.6325361071,53.7749802591
2017.03.27,53.5829748073,53.7439975588,53.5086602490,53.7192244643
2017.03.28,53.6944874551,54.0351118266,53.6944874551,54.0165331745
2017.03.29,54.0536518762,54.2208690754,54.0164945985,54.1279711564
2017.03.30,54.2518581279,54.3943023027,54.1713490792,54.3819133875
2017.03.31,54.3323510915,54.4376332053,54.3075779956,54.3633139176
2017.04.03,54.3963174101,54.4025383040,54.2532700658,54.3341227063
2017.04.04,54.3402812736,54.4149129346,54.2905236696,54.3527183021
2017.04.05,54.4398419988,54.5517943387,54.2781320090,54.3092317265
2017.04.06,54.3589668535,54.4335985524,54.2967721894,54.3776247782
2017.04.07,54.4522335102,54.4957702274,54.3527183021,54.3527183021
2017.04.10,54.4398011535,54.4957796540,54.3900435408,54.4273641229
2017.04.11,54.4647001639,54.4647001639,54.2594534945,54.3216481608
2017.04.12,54.3589517008,54.4833409944,54.3091940853,54.3589517008
2017.04.13,54.3403044492,54.4149361419,54.2096942417,54.2470100881
2017.04.17,54.3154431433,54.4211745722,54.2532484642,54.4087375344
2017.04.18,54.4025109983,54.4584847801,54.2532428350,54.3962901075
2017.04.19,54.4273887358,54.5455571879,54.3154364293,54.3465313924
2017.04.20,54.4087170051,54.5393272054,54.3838381938,54.5268854272
2017.04.21,54.5082350514,54.5517717908,54.4149406825,54.4833562367
2017.04.24,54.7072680058,54.7445838602,54.6575103698,54.7383677145
2017.04.25,54.7757020736,54.8565547005,54.7508232472,54.8378967670
2017.04.26,54.7881031851,54.8751813929,54.7756661527,54.7881031851
2017.04.27,54.7881093777,54.8316508591,54.7383564971,54.8254299696
2017.04.28,54.8316822083,54.8814351173,54.7757036610,54.8068033812
2017.05.01,54.8099053349,54.8723658124,54.7786727134,54.8348904790
2017.05.02,54.8973677363,54.9036152156,54.8161695673,54.8536449122
2017.05.03,54.8973653487,54.9348406919,54.8411523338,54.9036128277
2017.05.04,54.8661048128,54.8661048128,54.5600452127,54.6100154886
2017.05.05,54.6100480338,54.7537114711,54.5788154014,54.7037411655
2017.05.08,54.7224414600,54.7973968672,54.6787186638,54.7661642562
2017.05.09,54.8411326335,54.8723604865,54.7224544020,54.7287018788
2017.05.10,54.8723699310,54.9910481829,54.7974192585,54.9660630370
2017.05.11,54.9285813748,54.9910418497,54.8598734226,54.9723041838
2017.05.12,55.0035462769,55.0097937557,54.9098579229,54.9535807433
2017.05.15,55.0410135770,55.1222117201,55.0347660997,55.0784889099
2017.05.16,55.1347200226,55.1846903265,55.0785070048,55.1597051746
2017.05.17,54.9785788772,55.0285491924,54.8848904929,54.9161183659
2017.05.18,54.7536770054,55.0659840709,54.7349345786,54.9785337084
2017.05.19,55.0722414326,55.1596870530,55.0472562889,55.0784889099
2017.05.22,55.1909147250,55.2471277193,55.1346969653,55.2471277193
2017.05.23,55.2721570652,55.2721570652,55.1847113827,55.2409291874
2017.05.24,55.2783837350,55.3470917118,55.2159232375,55.3345967531
2017.05.25,55.3345811746,55.4345217547,55.2721206947,55.2908583621
2017.05.26,55.2783761443,55.3345891547,55.2783761443,55.3220989631
2017.05.30,55.3158543901,55.4033000322,55.2908692402,55.3783196477
2017.05.31,55.3845570697,55.4032947390,55.2971114359,55.3720668786
2017.06.01,55.4266422722,55.5771886240,55.3827327201,55.5332790720
2017.06.02,55.5458027117,55.6148040893,55.5144367088,55.5646203991
2017.06.05,55.5458015371,55.6022545981,55.4893436903,55.5144355349
2017.06.06,55.5019205248,55.5207382214,55.3952789340,55.4266449523
2017.06.07,55.4768178457,55.4768178457,55.2447217986,55.3137231968
2017.06.08,55.3262582918,55.4140773696,55.2196215239,55.3576242992
2017.06.09,55.4140728062,55.4830741882,55.3262537356,55.4015292757
2017.06.12,55.4203551874,55.5395402804,55.3827198046,55.4956307386
2017.06.13,55.5207064789,55.6022513797,55.5144323216,55.5959772225
2017.06.14,55.6649765747,55.6712507317,55.5269738353,55.6022493620
2017.06.15,55.4642635087,55.4830811997,55.2760818134,55.3889927449
2017.06.16,55.4391595308,55.4391595308,55.2823390928,55.2948874079
2017.06.19,55.4015234535,55.4830683573,55.3827057669,55.4642506707
2017.06.20,55.2948945716,55.3388041085,55.2635285656,55.2698027240
2017.06.21,55.2760740855,55.3011659319,54.8997011759,54.9498848686
2017.06.22,55.0063432704,55.1255235596,54.9687031076,55.1004317130
2017.06.23,55.1255374382,55.3388157952,55.1192680643,55.3262674758
2017.06.26,55.3137102052,55.4266211224,55.2948925166,55.4015292757
2017.06.27,55.4015087048,55.4140522306,55.1882352657,55.2258706289
2017.06.28,55.3325213305,55.4767982355,55.2697941141,55.4517063917
2017.06.29,55.3639069020,55.4454518336,55.2384476390,55.3137231968
2017.06.30,55.3889889314,55.5018998552,55.3325310767,55.4454420004
2017.07.03,55.4435421163,55.5947332462,55.3616431160,55.4183427936
2017.07.05,55.4561654641,55.5065641333,55.3364698266,55.3742712315
2017.07.06,55.3553870961,55.3679843635,55.1474961375,55.2356914279
2017.07.07,55.1915635299,55.2545594448,55.0907662212,55.1852624965
2017.07.10,55.1852707753,55.2734660305,55.1663724786,55.2482666996
2017.07.11,55.2482677451,55.2608698140,55.1348731568,55.2104711511
2017.07.12,55.4309388669,55.5695327356,55.3553457067,55.5695327356
2017.07.13,55.5758619356,55.6388578698,55.5191622304,55.6136585348
2017.07.14,55.6514598336,55.7963548202,55.5947649300,55.7711554831
2017.07.17,55.7837454069,55.8089399322,55.7396477782,55.7900416351
2017.07.18,55.7774691750,55.8404651288,55.7333715267,55.8152657860
2017.07.19,55.8719386939,55.9601339481,55.8341372947,55.9097352867
2017.07.20,55.9664454788,55.9727465148,55.8593518989,55.9412509475
2017.07.21,55.9286129472,55.9349139791,55.8467187574,55.8971174002
2017.07.24,55.8845512364,55.9412509475,55.8467546332,55.9412509475
2017.07.25,55.9853627148,56.0105620587,55.9349640269,55.9664596021
2017.07.26,56.0483189645,56.0924165835,55.9790220193,56.0483189645
2017.07.27,56.0420168691,56.0672161947,55.9475205997,56.0042202838
2017.07.28,55.9727181516,56.0105195419,55.9223195019,56.0105195419
2017.07.31,55.9412226003,56.0609133852,55.9349215675,56.0105195419
2017.08.01,56.0535482354,56.0978291433,56.0282441701,56.0661978550
2017.08.02,56.0661729236,56.1231082520,56.0408688695,56.0788273638
2017.08.03,56.0282482330,56.0851835908,55.9333591876,55.9713177015
2017.08.04,55.9713169604,55.9966162010,55.9270360500,55.9839665807
2017.08.07,55.9839418853,55.9839418853,55.9206841592,55.9586378296
2017.08.08,55.9333398930,55.9839480099,55.6613272972,55.7182626353
2017.08.09,55.6043936795,55.6550017937,55.4652237788,55.5031774513
2017.08.10,55.3893282224,55.4399363517,55.1046659410,55.1489468476
2017.08.11,55.2691349375,55.3260654581,55.1995499726,55.2438308752
2017.08.14,55.4083045089,55.6297138658,55.4083045089,55.5348248309
2017.08.15,55.5411427217,55.5980732373,55.4968618230,55.5537923386
2017.08.16,55.5980530081,55.6486611100,55.5411225132,55.5600993448
2017.08.17,55.4905434484,55.5411515768,55.2185307913,55.2501572518
2017.08.18,55.3450265183,55.4715467940,55.2185110688,55.3323769038
2017.08.21,55.4020036107,55.4209804598,55.3197641629,55.3893491605
2017.08.22,55.4399324912,55.6676642309,55.4083012060,55.6170561052
2017.08.23,55.5221623647,55.6486826685,55.4842086868,55.6233786077
2017.08.24,55.6486832385,55.7119409779,55.5917478947,55.7056137561
2017.08.25,55.6929621770,55.8258048729,55.6739853385,55.8068280344
2017.08.28,55.8384768996,55.8384768996,55.7562422909,55.8131776555
2017.08.29,55.6740180091,55.7625798583,55.6613635585,55.7436030087
2017.08.30,55.7625545939,55.9207013711,55.7562273715,55.8953973076
2017.08.31,55.9333605811,56.0535536967,55.9333605811,56.0472264732
2017.09.01,55.9963950719,56.1234411063,55.9963950719,56.1043846858
2017.09.05,56.0662906192,56.0662906192,55.8757166573,55.9773573961
2017.09.06,56.0472231518,56.0789822415,55.9265260099,55.9392286765
2017.09.07,56.0281810195,56.0281810195,55.9392477834,55.9456015421
2017.09.08,55.9392318364,55.9392318364,55.7677191720,55.7677191720
2017.09.11,55.8630220648,56.0218321072,55.8058479294,55.9456015421
2017.09.12,55.9710078784,56.0218282517,55.9328950218,56.0154744934
2017.09.13,55.9646426954,56.0472269967,55.9328836035,56.0345194827
2017.09.14,56.0091206792,56.1361716121,56.0027717674,56.1107614255
2017.09.15,56.0789586376,56.1742455596,56.0535484686,56.1615428984
2017.09.18,56.1425049461,56.1679151256,56.1043921000,56.1361560360
2017.09.19,56.1552130244,56.1996796275,56.1043926649,56.1933258709
2017.09.20,56.2060375209,56.2377966131,56.1043967942,56.1869762497
2017.09.21,56.2060530043,56.2124019166,56.1044122497,56.1171149208
2017.09.22,56.1107655818,56.1742886297,56.0917091520,56.1742886297
2017.09.25,56.1552241140,56.2187471528,56.1298139292,56.2060444836
2017.09.26,56.2568377709,56.3330682952,56.2441351067,56.2758941903
2017.09.27,56.2758941224,56.3203655631,56.2123711088,56.3013042972
2017.09.28,56.3013042972,56.3267144719,56.2695452136,56.3013042972
2017.09.29,56.3458091425,56.3839268538,56.2822860858,56.3839268538
2017.10.02,56.2977603615,56.3870607456,56.2850003829,56.3551656656
2017.10.03,56.3551950706,56.4636306127,56.3551950706,56.4572554866
2017.10.04,56.4381166712,56.4572517813,56.3679513565,56.3998415845
2017.10.05,56.3934569163,56.4699973438,56.3934569163,56.4699973438
2017.10.06,56.4189822103,56.4444973151,56.3551968815,56.3870919791
2017.10.09,56.4126038297,56.4317389406,56.3743287415,56.3934687189
2017.10.10,56.4699922426,56.4699922426,56.3870718315,56.4381020229
2017.10.11,56.4380982990,56.4380982990,56.3679330071,56.3806881208
2017.10.12,56.3870860377,56.3870860377,56.3169207236,56.3169207236
2017.10.13,56.3934501241,56.4062052383,56.3105248490,56.3424199343
2017.10.16,56.3806991207,56.3870791120,56.3105338151,56.3743191293
2017.10.17,56.3743301820,56.4891457166,56.3743301820,56.4572554866
2017.10.18,56.4763565740,56.5465218511,56.4635965965,56.5146267737
2017.10.19,56.4381256825,56.5465612347,56.4126105761,56.5210461283
2017.10.20,56.5529288113,56.5975790210,56.5210337187,56.5720639202
2017.10.23,56.5784618618,56.6039769728,56.5082965230,56.5082965230
2017.10.24,56.5274365061,56.5720867339,56.5019213951,56.5082965230
2017.10.25,56.4700115738,56.4700115738,56.2722755977,56.3488160445
2017.10.26,56.4062503657,56.4253854856,56.2531645403,56.2786796556
2017.10.27,56.3232975034,56.4444881484,56.2786472939,56.4317330313
2017.10.30,56.3233078640,56.4572585172,56.3233078640,56.4189834259
2017.10.31,56.4444881484,56.4572481320,56.4125979225,56.4317330313
2017.11.01,56.4804413270,56.4932494380,56.3715552806,56.3779568927
2017.11.02,56.3715238287,56.4163595221,56.3010670411,56.3459027344
2017.11.03,56.3779344266,56.4163685176,56.2818614162,56.3523182150
2017.11.06,56.3203006105,56.3907574218,56.2946795075,56.3587298215
2017.11.07,56.3459108406,56.3523173368,56.1793761472,56.1985907490
2017.11.08,56.1985739378,56.1985739378,55.9231533254,55.9487744157
2017.11.09,55.8142950132,55.8142950132,55.5452807617,55.6733813900
2017.11.10,55.6861764583,55.8398981401,55.6477423728,55.7950624460
2017.11.13,55.7502366737,55.8270999717,55.7438301772,55.7566431702
2017.11.14,55.6733872938,55.6990083995,55.4812363310,55.5196655462
2017.11.15,55.3787519081,55.5709077577,55.2250301605,55.5196655462
2017.11.16,55.8014826203,56.1089260593,55.7502404182,56.0640903541
2017.11.17,55.9552065213,56.0512844323,55.9423935269,56.0256633302
2017.11.20,56.0576895270,56.1281463403,56.0000457089,56.0384749209
2017.11.21,56.0897095597,56.1793809669,56.0897095597,56.1537598667
2017.11.22,56.1857894410,56.2818673484,56.1729764471,56.2434332534
2017.11.24,56.2818486551,56.3138713557,56.2562275625,56.2818486551
2017.11.27,56.2818546598,56.2818546598,56.0704842886,56.1089134882
2017.11.28,56.1345285945,56.2946567580,56.1281220997,56.2818486551
2017.11.29,56.2498470492,56.2882762624,56.1601756272,56.2114178360
2017.11.30,56.2306204267,56.3330999357,56.2242139303,56.2242139303
2017.12.01,56.2319295855,56.2833898626,55.9489078764,56.2061994469
2017.12.04,56.2833894341,56.3541460877,56.1676062653,56.1869026422
2017.12.05,56.2190745331,56.2512335300,56.1418841071,56.1547516318
2017.12.06,56.1483187169,56.2255091441,56.0904246696,56.1032921945
2017.12.07,56.1290161021,56.1611750959,56.0711220612,56.1290161021
2017.12.08,56.1740400268,56.1997701651,56.1354423655,56.1869026422
2017.12.11,56.1868893279,56.2126194601,56.1482965832,56.1997568478
2017.12.12,56.2512533527,56.2512533527,56.1676340423,56.1740678070
2017.12.13,56.1997705929,56.2512259625,56.1740404543,56.2061994469
2017.12.14,56.1804832944,56.2190809656,56.0068109503,56.0904302408
2017.12.15,56.1547436336,56.1804688644,56.0904158340,56.0968495954
2017.12.18,56.1161539651,56.2126407707,56.1097251102,56.1547516318
2017.12.19,56.1547190549,56.1868780331,56.0196346608,56.0389359367
2017.12.20,56.0904048721,56.1290025258,56.0196482323,56.0839760194
2017.12.21,56.1492218570,56.1879750632,56.1104686508,56.1427613466
2017.12.22,56.1750804924,56.2396708369,56.1363272714,56.1944571030
2017.12.26,56.1556458058,56.2783658549,56.1491852997,56.2783658549
2017.12.27,56.2460994308,56.3300663381,56.2460994308,56.3042292294
2017.12.28,56.3171239639,56.3300400482,56.2589892644,56.2783658549
2017.12.29,56.2848601226,56.3946641532,56.2461069184,56.3623714590
2018.01.02,56.3882272744,56.4269804915,56.3559296415,56.4140594671
2018.01.03,56.4140355326,56.6982388118,56.4140355326,56.6853227209
2018.01.04,56.7240865316,56.8338905726,56.6917889064,56.7822212714
2018.01.05,56.8209698441,56.8468069566,56.7628351091,56.8209698441
2018.01.08,56.8145125087,56.8597262261,56.7499221879,56.7757593018
2018.01.09,56.8338810479,56.8338810479,56.5884358925,56.6013519836
2018.01.10,56.5174130127,56.5561662333,56.3688507873,56.4786597921
2018.01.11,56.5302869116,56.6723885182,56.4915337200,56.6659329382
2018.01.12,56.5755170882,56.6530284219,56.5496849049,56.5690615063
2018.01.16,56.6077985883,56.6659333040,56.4850735767,56.5367477845
2018.01.17,56.5561645921,56.6401364714,56.5303274698,56.5432484949
2018.01.18,56.5173806381,56.5561338365,56.4527903315,56.4850830209
2018.01.19,56.4786581532,56.5497090074,56.4463605184,56.5432484949
2018.01.22,56.5109452616,56.6142937404,56.5109452616,56.5949171326
2018.01.23,56.6336431320,56.7757447581,56.6013455159,56.7628237405
2018.01.24,56.7111428645,56.7628121406,56.6142549640,56.6788452550
2018.01.25,56.7757494330,56.7757494330,56.5884340857,56.6401083045
2018.01.26,56.6594856112,56.7369920125,56.6013508823,56.6853227209
2018.01.29,56.6013475439,56.6336451611,56.4721669307,56.4850830209
2018.01.30,56.4850800740,56.4915405827,56.2848486557,56.2913091644
2018.01.31,56.3882348335,56.4657412780,56.3301000721,56.3882348335
2018.02.01,56.3401699910,56.4244903606,56.2493619164,56.2817905438
2018.02.02,56.1391342738,56.1845383423,55.8796803330,55.9250844014
2018.02.05,55.8666905607,56.1131739680,55.5099458138,55.6137243942
2018.02.06,55.4645663796,56.0159030141,55.4645663796,55.9510407539
2018.02.07,56.0288700811,56.1845454344,55.6915833795,55.7434751639
2018.02.08,55.7240384687,55.7824130372,55.2505344132,55.2570221259
2018.02.09,55.3153804190,55.4061885757,54.5305356650,55.1013305001
2018.02.12,55.2635081495,55.5618835684,55.2375671944,55.4775581440
2018.02.13,55.3413156138,55.4061778634,55.2051034050,55.3023992538
2018.02.14,55.1272636049,55.4191511399,55.0688890671,55.3996929606
2018.02.15,55.5294101554,55.8472385885,55.5294101554,55.8472385885
2018.02.16,55.8407903784,56.1132198910,55.8278199010,56.0742985614
2018.02.20,55.9121010520,56.0288550613,55.8537265216,55.8796724069
2018.02.21,55.9380861294,56.0288943172,55.6137697593,55.6267451854
2018.02.22,55.6526666275,55.8731992869,55.6137453151,55.6656370992
2018.02.23,55.7110631734,56.0548377186,55.6721467943,56.0353795290
2018.02.26,56.0742472802,56.2234348519,56.0353309349,56.1326267469
2018.02.27,56.0937225780,56.1066930464,55.9121013800,55.9834513278
2018.02.28,56.0483622584,56.0937663562,55.8602581538,55.8991745380
2018.03.01,55.9453697795,55.9583917739,55.5285914322,55.5285914322
2018.03.02,55.5611439972,55.8672129798,55.5416085249,55.8411640272
2018.03.05,55.7239462247,55.8802349720,55.7239462247,55.8411640272
2018.03.06,55.8932514486,55.9713933234,55.8020826158,55.9193003963
2018.03.07,55.8541930742,55.8802420301,55.7434887380,55.7825646560
2018.03.08,55.8477073525,55.8737563190,55.7500249701,55.8477073525
2018.03.09,55.9128246996,56.0886490051,55.8607267690,56.0495780413
2018.03.12,56.0039937061,56.0495781534,55.8672403641,55.9584092588
2018.03.13,55.9583888978,56.0300222844,55.7500022190,55.7825646560
2018.03.14,55.8281778100,55.8607352953,55.6914194791,55.7174684484
2018.03.15,55.7109270242,55.8411668254,55.6783645897,55.7565114514
2018.03.16,55.7695608162,55.8802651984,55.7369983658,55.8737566830
2018.03.19,55.7825911150,55.8021265991,55.5807128532,55.6458327897
2018.03.20,55.6327801625,55.7760469248,55.6327801625,55.7565114514
2018.03.21,55.7304678917,55.8802431807,55.6913919729,55.7760523233
2018.03.22,55.6458237393,55.7239706313,55.4309284808,55.4439504786
2018.03.23,55.5416555691,55.6067755216,55.2355863273,55.3007062797
2018.03.26,55.5807028161,55.6718717043,55.4374360008,55.6588497067
2018.03.27,55.6653508206,55.7630282017,55.4895215979,55.6067394236
2018.03.28,55.5872306963,55.6393286369,55.4830348152,55.5807172117
2018.03.29,55.6718731134,55.8086264492,55.6067531871,55.7695554871
2018.04.02,55.6577288082,55.7558058681,55.5073356685,55.5531066260
2018.04.03,55.6512071990,55.7165935903,55.5073541450,55.7100534546
2018.04.04,55.5138791863,55.8669715897,55.5138791863,55.8342759086
2018.04.05,55.8604443974,55.9585264747,55.8473691151,55.8800598151
2018.04.06,55.8473571534,55.9062033940,55.6904238678,55.7558102425
2018.04.09,55.8734959109,55.9781180792,55.8473453575,55.9650378138
2018.04.10,56.0369753165,56.1939085998,56.0239000373,56.1677530526
2018.04.11,56.1481444490,56.2331462462,56.1089086291,56.1873752802
2018.04.12,56.2527737175,56.4031669172,56.2135428778,56.3900866449
2018.04.13,56.4293356608,56.5012622094,56.3900998233,56.4227955231
2018.04.16,56.4881735966,56.5666402714,56.4162470586,56.5077890181
2018.04.17,56.5927748098,56.6647013210,56.5143081642,56.5339235784
2018.04.18,56.5731416927,56.5927620912,56.4554442451,56.4750646436
2018.04.19,56.3704763629,56.3900917845,56.2266232862,56.2985498246
2018.04.20,56.2658629606,56.2920135321,56.1481654342,56.1612407200
2018.04.23,56.1219829302,56.1285180756,55.9585144992,56.0108255944
2018.04.24,56.0304481752,56.0827542885,55.8277439026,55.8996704205
2018.04.25,55.8473558843,55.9323576705,55.7361935624,55.9062021235
2018.04.26,55.9520001865,56.1416242526,55.9193044897,56.1023934074
2018.04.27,56.1481427464,56.1808334419,55.9781341685,56.0762162322
2018.04.30,56.0369756510,56.1350577065,56.0304405057,56.0369756510
2018.05.01,55.9995659046,56.0783663480,55.9339013734,56.0783663480
2018.05.02,56.0783267423,56.1768259745,56.0257931505,56.0586278979
2018.05.03,56.0783630078,56.0783630078,55.9601648547,56.0520961949
2018.05.04,55.9536101926,56.1112060976,55.9207804261,56.0915072357
2018.05.07,56.0980276628,56.1636921501,56.0783288176,56.1439933049
2018.05.08,56.1111564798,56.1242923827,56.0192251991,56.0586278979
2018.05.09,56.0455120238,56.1702780965,56.0389440701,56.1505792450
2018.05.10,56.1899696845,56.3344345900,56.1768387885,56.3147357411
2018.05.11,56.3147813857,56.3673100222,56.2294129578,56.2950825208
2018.05.14,56.2885013037,56.3541658412,56.1900019924,56.3082001640
2018.05.15,56.1834088570,56.2096756622,55.9929782764,56.0323809892
2018.05.16,56.0586514710,56.1243159835,56.0061178571,56.1046171308
2018.05.17,56.0389390987,56.1834040101,56.0389390987,56.1374383573
2018.05.18,56.0455315775,56.1177640648,56.0324006752,56.0783663480
2018.05.21,56.0717553721,56.1899534416,56.0717553721,56.1571186962
2018.05.22,56.1834054526,56.2293711065,56.1505757054,56.1965413593
2018.05.23,56.1309003873,56.2425305922,56.0717988019,56.2425305922
2018.05.24,56.1571304800,56.2884644791,56.1571304800,56.2753285743
2018.05.25,56.1965402522,56.2359379520,56.1177398428,56.1834043457
2018.05.29,56.0586429992,56.0783418490,55.9207460410,55.9470078341
2018.05.30,56.0061200937,56.1374491238,56.0061200937,56.1177502703
2018.05.31,56.1374346668,56.1440026195,56.0520713201,56.0652022158
2018.06.01,56.1668047986,56.2195757574,56.1338216911,56.1931902780
2018.06.04,56.2459221156,56.3448663454,56.2195416847,56.3118882905
2018.06.05,56.3119298423,56.4108691126,56.2657565053,56.3778910333
2018.06.06,56.3382861064,56.5361695768,56.3184932301,56.5163817330
2018.06.07,56.4834150887,56.5757617417,56.4306491674,56.5361860426
2018.06.08,56.4636136343,56.5493676717,56.4438257895,56.5031943564
2018.06.11,56.5295756978,56.6285199558,56.5229831044,56.6087321107
2018.06.12,56.6153432221,56.7076898763,56.5757624900,56.6549189218
2018.06.13,56.6681112663,56.7604579157,56.6153403145,56.6747038609
2018.06.14,56.7802599899,56.8528188087,56.7472768786,56.8396235512
2018.06.15,56.8000226169,56.8330057135,56.7208662045,56.8066202427
2018.06.18,56.7604469903,56.8132128994,56.7142736745,56.8000226803
2018.06.19,56.6879048500,56.7472684024,56.6417315206,56.7208829238
2018.06.20,56.7802377411,56.8132158070,56.7472546428,56.7802377411
2018.06.21,56.7736393428,56.7736393428,56.6417170162,56.6615048619
2018.06.22,56.7538708330,56.7868489097,56.6483289098,56.6681217948
2018.06.25,56.5757617417,56.6021472186,56.4834150887,56.5361860426
2018.06.26,56.5361822330,56.5493774868,56.4636234345,56.5295846061
2018.06.27,56.4965824982,56.5361581778,56.3778504269,56.4108284824
2018.06.28,56.2987184191,56.3382991483,56.1733937019,56.2525450954
2018.06.29,56.3250787729,56.4108277551,56.1074024729,56.1205977209
2018.07.02,56.0815227163,56.1875393642,56.0550185543,56.1742847556
2018.07.03,56.2140591044,56.2935716195,56.1478012027,56.1809326811
2018.07.05,56.2538142390,56.4062068974,56.2471869327,56.3929573400
2018.07.06,56.4062027265,56.5387235666,56.3995804759,56.5387235666
2018.07.09,56.5652215876,56.6778604981,56.5585942825,56.6248521678
2018.07.10,56.6513730852,56.7043814311,56.6248689122,56.6314962192
2018.07.11,56.5785146100,56.6182683607,56.5188839840,56.5453831143
2018.07.12,56.6381108758,56.7507497944,56.6116067087,56.7242456274
2018.07.13,56.7706266559,56.7971308230,56.7242456274,56.7242456274
2018.07.16,56.7308824518,56.7375047033,56.6579972439,56.6845014154
2018.07.17,56.6447359417,56.7507526152,56.6182317734,56.7043715844
2018.07.18,56.7242546240,56.7706356599,56.6712462815,56.7308819306
2018.07.19,56.6977442785,56.7441253093,56.6447359417,56.7043715844
2018.07.20,56.7308819306,56.7772629665,56.7043777594,56.7308819306
2018.07.23,56.7639774604,56.7772320664,56.7109691468,56.7109691468
2018.07.24,56.7176055044,56.8700031667,56.7176055044,56.8302443975
2018.07.25,56.8435237061,56.9495353413,56.7971426679,56.9362857826
2018.07.26,56.9428678487,56.9892488501,56.9163636972,56.9428678487
2018.07.27,56.9495277863,56.9694097045,56.8567657222,56.9230286724
2018.07.30,56.9428678487,56.9892488501,56.8832322440,56.9428678487
2018.07.31,57.0489039867,57.0820354542,57.0157775744,57.0621585957
2018.08.01,57.0668563985,57.1467041592,57.0069655013,57.1134359512
2018.08.02,57.0668123833,57.1533157495,57.0401947914,57.1466600823
2018.08.03,57.1333717531,57.2198751464,57.1267160838,57.1932575462
2018.08.06,57.1399936570,57.2996940876,57.1399936570,57.2996940876
2018.08.07,57.1400103350,57.3795635892,57.1400103350,57.3263284045
2018.08.08,57.3130390875,57.3396566901,57.2797708919,57.2930771548
2018.08.09,57.2997187626,57.3196806904,57.2265216427,57.2531392387
2018.08.10,57.1600024195,57.2331995678,57.1067672067,57.1533467487
2018.08.13,57.1999393841,57.1999393841,57.0735069941,57.1134359512
2018.08.14,57.1466548105,57.2331632456,57.1333485542,57.2132013226
2018.08.15,57.1400535636,57.1600155038,57.0468944584,57.1134359512
2018.08.16,57.1666438160,57.2198739386,57.1333705471,57.1866057466
2018.08.17,57.1599801910,57.2731011665,57.1599801910,57.2531392387
2018.08.20,57.2863931527,57.3263220752,57.2464693070,57.2797425630
2018.08.21,57.2997248618,57.4195015183,57.2864135240,57.3662663206
2018.08.22,57.3596351018,57.4128703222,57.3596351018,57.3862527120
2018.08.23,57.3862243855,57.4394595796,57.3529561968,57.3795737938
2018.08.24,57.4128403279,57.4993487850,57.3928783998,57.4793817802
2018.08.27,57.4926970066,57.5326208653,57.4727350772,57.4993526753
2018.08.28,57.4726989880,57.4993165694,57.4394257421,57.4726989880
2018.08.29,57.4527927454,57.4860660265,57.4128688695,57.4394864791
2018.08.30,57.4461242177,57.4594304799,57.3729270835,57.3928890152
2018.08.31,57.4195025255,57.5060059157,57.4128468565,57.4660820551
2018.09.04,57.3999268997,57.4266593441,57.2863178353,57.3464620111
2018.09.05,57.3397623802,57.3598104316,57.2662494590,57.2862975105
2018.09.06,57.3397691885,57.3598172424,57.2863043125,57.3330848043
2018.09.07,57.2261514371,57.3197124149,57.2261514371,57.2729319260
2018.09.10,57.3397898780,57.3999340612,57.3197367182,57.3865703868
2018.09.11,57.3130438646,57.4600697426,57.3130438646,57.3999204749
2018.09.12,57.4200059349,57.5737162980,57.4200059349,57.5336150606
2018.09.13,57.5870477303,57.6806087342,57.5870477303,57.6405126178
2018.09.14,57.6338450355,57.7340904542,57.6271657466,57.6939943262
2018.09.17,57.6805873917,57.6939561580,57.6271276226,57.6538549578
2018.09.18,57.6672473431,57.7140278469,57.6338305124,57.6471992842
2018.09.19,57.6338356242,57.6672524579,57.5269109341,57.5402746083
2018.09.20,57.5536279422,57.6204564930,57.4266501267,57.6204564930
2018.09.21,57.6204622795,57.6605583942,57.6070935088,57.6338259515
2018.09.24,57.6070831603,57.6404999824,57.5268909452,57.6070831603
2018.09.25,57.5603346073,57.5937514479,57.5336021545,57.5603346073
2018.09.26,57.6004084376,57.7006487144,57.5870396682,57.6204564930
2018.09.27,57.6805929315,57.7407421882,57.6538604951,57.7273734207
2018.09.28,57.7073480124,57.7875453532,57.6605675049,57.7674972927
2018.10.01,57.8406374269,57.9346213359,57.8272082275,57.9346213359
2018.10.02,57.9077673928,57.9346206696,57.8540608392,57.8876287156
2018.10.03,57.9211910996,57.9413297767,57.6728072541,57.7332232852
2018.10.04,57.6124048470,57.6661114177,57.4512902567,57.5184209092
2018.10.05,57.4982918335,57.5117159175,57.2633319497,57.2633319497
2018.10.08,57.2968962804,57.3036108835,57.1156429713,57.1357816588
2018.10.09,57.1559224464,57.2700450941,57.1424983615,57.2230531143
2018.10.10,57.1357736739,57.1357736739,56.8001152714,56.8135393540
2018.10.11,56.9478064377,57.0619290666,56.7732626324,56.8605319742
2018.10.12,57.1357835070,57.2029141747,57.0216608597,57.1626367984
2018.10.15,57.1156484811,57.1894937568,57.0887951879,57.1223579631
2018.10.16,57.2297380512,57.3304365618,57.2230234513,57.3170073621
2018.10.17,57.2364602712,57.3035909133,57.1559004276,57.2028923892
2018.10.18,57.1626164303,57.1894697122,56.9612193773,56.9612193773
2018.10.19,57.0954557827,57.1088798557,56.9611894440,56.9947573091
2018.10.22,57.1290514525,57.1626193370,56.9746514762,57.0216434414
2018.10.23,56.8269650047,56.9947941955,56.7598343528,56.9679409104
2018.10.24,56.9813727443,57.0082260331,56.6658581251,56.6859968113
2018.10.25,56.8001117842,56.8403891510,56.6792745618,56.8001117842
2018.10.26,56.5987087713,56.7463992633,56.5047248440,56.5450073283
2018.10.29,56.6591417538,56.6859950417,56.4174672841,56.4913125455
2018.10.30,56.5047239172,56.6255611249,56.3838867095,56.6255611249
2018.10.31,56.6926917688,56.7866756946,56.6255611249,56.6255611249
2018.11.01,56.7301034168,56.9459917434,56.6693886852,56.8852718648
2018.11.02,56.9527443610,57.0269546995,56.7638471892,56.8515479770
2018.11.05,56.8515835863,56.9662756385,56.8246026709,56.8988079089
2018.11.06,56.9460404502,57.0472317560,56.9257970420,57.0472317560
2018.11.07,57.1011962065,57.3912899207,57.1011962065,57.3777994641
2018.11.08,57.2428643217,57.3980328684,57.2226260649,57.2361165204
2018.11.09,57.1214252153,57.1281730161,56.8583176040,56.9122897158
2018.11.12,56.8920318934,56.9460039867,56.5412184342,56.5614566824
2018.11.13,56.5749701431,56.6829092167,56.4198016128,56.4670259225
2018.11.14,56.5412356735,56.6626703469,56.2241559627,56.3590862371
2018.11.15,56.1229707128,56.3455966819,55.9880404240,56.3455966819
2018.11.16,56.1027294070,56.1971780305,55.9947851819,56.1769346280
2018.11.19,56.0285332301,56.1567105961,55.9273367801,56.0015471669
2018.11.20,55.8463824715,55.9745649935,55.7924103415,55.8261442095
2018.11.21,56.1094829783,56.2241698796,56.0420203980,56.1094829783
2018.11.23,55.8800767479,55.9273010415,55.7991186103,55.7991186103
2018.11.26,56.0150374637,56.0892478503,55.9340844216,56.0622617872
2018.11.27,55.9542870715,56.0419878603,55.9070627780,56.0352400621
2018.11.28,56.0690025206,56.5142596370,56.0352686592,56.5007691807
2018.11.29,56.3928163114,56.5952091542,56.3590876023,56.5142509877
2018.11.30,56.3725727235,56.4940073883,56.3658300706,56.3995587765
2018.12.03,56.4332926295,56.5547272943,56.3320962176,56.5344890413
2018.12.04,56.4198127516,56.4737848726,56.1297190353,56.1836911563
2018.12.06,55.8936095913,56.0555208424,55.8059087360,55.9880582500
2018.12.07,56.1702079631,56.2579088107,55.8801142093,55.8801142093
2018.12.10,55.8733732323,55.9678218942,55.6979663686,55.9205975633
2018.12.11,56.1162179303,56.1701900411,55.9745450000,56.0217693101
2018.12.12,56.2106709928,56.3928204470,56.1904327364,56.2039231916
2018.12.13,56.3321276146,56.3995902111,56.2849032824,56.3388754184
2018.12.14,56.2443780389,56.3185883749,56.0622235244,56.1027051649
2018.12.17,56.0554989735,56.1027284315,55.6912000876,55.7384243985
2018.12.18,55.8272564862,55.8747053799,55.5154487315,55.6374609113
2018.12.19,55.6645751076,55.7594728948,55.0680688210,55.1358522159
2018.12.20,54.9528095425,55.0341526794,54.2342966010,54.6545565457
2018.12.21,54.6274563754,54.8579260705,54.2953141971,54.3834372445
2018.12.24,54.3834244638,54.4647624312,53.9767139410,53.9767139410
2018.12.26,54.0445015883,54.8850266566,53.9224894677,54.8850266566
2018.12.27,54.5596650476,54.8850324606,54.4851017899,54.8511381902
2018.12.28,54.8985770166,55.1222667489,54.8036792826,54.9324712809
2018.12.31,55.0341522563,55.1290499960,54.9663637237,54.9731436112
2019.01.02,54.7155633705,54.9799220919,54.6681145018,54.8985789578
2019.01.03,54.8443648669,55.0138258803,54.7562418302,54.9257028436
2019.01.04,55.3595231661,55.9221349774,55.2917397944,55.8475717170
2019.01.07,55.9763674250,56.3898527427,55.9695875359,56.3898527427
2019.01.08,56.5253994029,56.7626437210,56.4372815624,56.7558690059
2019.01.09,56.8372005390,56.9456580273,56.7965315666,56.8236459387
2019.01.10,56.7084371486,57.0812482827,56.6338738875,57.0473591822
2019.01.11,56.8168809683,56.9253384851,56.7897665891,56.8643298390
2019.01.14,56.7151973009,56.7829806559,56.6338593435,56.6813082091
2019.01.15,56.6813066755,56.8982165086,56.6338578111,56.8711021330
2019.01.16,56.9456914760,57.0338093584,56.9117971981,56.9592460842
2019.01.17,56.8982531389,57.1354976135,56.8643588547,57.1151631117
2019.01.18,57.2235851092,57.3930460969,57.2032506181,57.2778138664
2019.01.22,57.1626002587,57.1693749769,56.8236781727,56.8982414454
2019.01.23,56.9795648773,57.0948022874,56.8507780342,57.0134591458
2019.01.24,56.9931335153,57.0880312762,56.8982357545,57.0744714980
2019.01.25,57.1829149621,57.2710328122,57.1693551873,57.2168092276
2019.01.28,57.0677042046,57.1626019778,56.9863610398,57.1287076996
2019.01.29,57.1761379166,57.1761379166,56.9592280527,57.0947999499
2019.01.30,57.1693793092,57.6370934782,57.1626045905,57.5489755909
2019.01.31,57.5353722817,57.7793964312,57.5353722817,57.6912786106
2019.02.01,57.6497896864,57.7178843091,57.5680730221,57.6634065329
2019.02.04,57.6701723444,57.8336003497,57.6156946109,57.7995504674
2019.02.05,57.8404443289,58.0651560160,57.8336333095,58.0038724273
2019.02.06,57.9561849899,58.0242795736,57.8948962278,57.9493739729
2019.02.07,57.7655311905,57.8131979294,57.6497698523,57.7519091534
2019.02.08,57.6838173855,57.7519119881,57.5952949217,57.7382951457
2019.02.11,57.7246815208,57.7927813286,57.6770147726,57.7655424445
2019.02.12,57.9357833896,58.0651615988,57.9289723696,58.0447337340
2019.02.13,58.0787763271,58.0923931702,57.9153482335,57.9630149773
2019.02.14,57.8676826677,58.0311107646,57.7859660216,57.9698219812
2019.02.15,58.0719561613,58.1945285110,58.0719561613,58.1536727929
2019.02.19,58.0855713606,58.2081436958,58.0583324866,58.1740938045
2019.02.20,58.1945232404,58.2558120073,58.1060007940,58.2217621151
2019.02.21,58.1876915106,58.2421692407,58.1195969457,58.1672636607
2019.02.22,58.2353892630,58.3375337625,58.2149614022,58.2830560034
2019.02.25,58.3647458613,58.4464624624,58.3034623070,58.3307011740
2019.02.26,58.3715836504,58.4737281499,58.3375337522,58.4056283534
2019.02.27,58.4260532217,58.4669089377,58.3783864880,58.4260532217
2019.02.28,58.4124344914,58.4464843868,58.3579567369,58.3920066323
2019.03.01,58.5165113347,58.5917521498,58.4823090665,58.5575498816
2019.03.04,58.6259370483,58.6532978134,58.3728538846,58.4686191719
2019.03.05,58.4686323712,58.4754686501,58.3865500572,58.4412715998
2019.03.06,58.4138791749,58.4275569439,58.3181191364,58.3454798929
2019.03.07,58.3660157742,58.3728520514,58.1950149113,58.3044527499
2019.03.08,58.1266071206,58.2223671724,58.0103225848,58.2086841830
2019.03.11,58.1881818859,58.4070628136,58.1745041111,58.4002213169
2019.03.12,58.3523191851,58.5370029964,58.3386414154,58.5028007444
2019.03.13,58.5370084962,58.6669655854,58.5233255067,58.6601293091
2019.03.14,58.6327658717,58.7080066550,58.6054051125,58.6190828828
2019.03.15,58.6601465318,58.7422236188,58.6533050350,58.6738243068
2019.03.18,58.6806676480,58.7080284174,58.5985853399,58.6533068786
2019.03.19,58.6943362985,58.7969378631,58.6532977601,58.6875000211
2019.03.20,58.6943477240,59.0295132481,58.5849098608,58.9405894395
2019.03.21,58.8653314217,59.0021352340,58.8516536498,58.9268944419
2019.03.22,58.8379722749,58.8584967612,58.6532936465,58.7148514498
2019.03.25,58.6738108979,58.7627346799,58.5848923345,58.6943301650
2019.03.26,58.7900837081,58.9268875042,58.7490451785,58.8379637321
2019.03.27,58.8721918009,58.9884711647,58.7422294422,58.8790332984
2019.03.28,58.8858569487,58.9953000102,58.8516599060,58.9953000102
2019.03.29,59.0431891365,59.1868292629,59.0295113610,59.1457907178
2019.04.01,59.2275291547,59.2756199680,59.1176095422,59.1313475282
2019.04.02,59.1450907113,59.1794435415,59.0420427035,59.1588339400
2019.04.03,59.2206515533,59.2962235724,59.1519511473,59.1794323580
2019.04.04,59.1863103342,59.2756203475,59.1725671066,59.2687487337
2019.04.05,59.3305611614,59.4267427535,59.3168179389,59.3786519575
2019.04.08,59.3511993032,59.3649425324,59.2962368694,59.3443276886
2019.04.09,59.3099754700,59.3718042720,59.2687510271,59.3031038559
2019.04.10,59.3786695050,59.5641611327,59.3786695050,59.5641611327
2019.04.11,59.5573266896,59.6741179712,59.5298454631,59.6535083617
2019.04.12,59.7222189811,59.7771814435,59.6260372926,59.7428285941
2019.04.15,59.7359214956,59.7359214956,59.6534830925,59.7015739082
2019.04.16,59.7428062598,59.7496778754,59.6466246073,59.6672342126
2019.04.17,59.7290631017,59.7290631017,59.5160849683,59.5229565834
2019.04.18,59.6259841499,59.6259841499,59.4817117458,59.5504121418
2019.04.22,59.5091846487,59.5366658516,59.4404790208,59.4473506319
2019.04.23,59.5229738461,59.6878559637,59.4886210026,59.6535083617
2019.04.24,59.6672462249,59.6672462249,59.5641929361,59.5710645531
2019.04.25,59.5641788462,59.6397508907,59.4748688125,59.5985316815
2019.04.26,59.6672459123,59.7565612082,59.6672459123,59.7496895912
2019.04.29,59.7359257405,59.7702785719,59.7221877528,59.7221877528
2019.04.30,59.7496544905,59.7977452980,59.7153016675,59.7290448933
2019.05.01,59.7401030599,59.9332848640,59.5262297849,59.5331304509
2019.05.02,59.5814207856,59.6642129820,59.4572351226,59.5745201199
2019.05.03,59.6917970353,59.7469918255,59.6573042392,59.7262950951
2019.05.06,59.4572279280,59.7607940148,59.3330422802,59.7538933500
2019.05.07,59.6090138293,59.6435066275,59.2985470629,59.3951353199
2019.05.08,59.4020596719,59.5400467110,59.3537655241,59.4158610077
2019.05.09,59.3261551093,59.3744492465,59.1122818252,59.3261551093
2019.05.10,59.3054442536,59.5469148820,59.1605618766,59.4917253553
2019.05.13,59.1122968604,59.1743870824,58.9329163351,58.9467176714
2019.05.14,59.0639708936,59.2157539284,59.0087761058,59.0777669588
2019.05.15,58.9811804294,59.1674615278,58.9466876337,59.1329634685
2019.05.16,59.2157446102,59.4089210736,59.1950478840,59.3123328419
2019.05.17,59.1881722087,59.4020454886,59.1881722087,59.2916611474
2019.05.20,59.2778658252,59.3882554413,59.1812775429,59.2364723510
2019.05.21,59.3261453163,59.4365349052,59.3261453163,59.4227335748
2019.05.22,59.3882512915,59.4710382341,59.3123597516,59.4710382341
2019.05.23,59.3054587642,59.3261554997,59.1053815478,59.1743724208
2019.05.24,59.2433297825,59.3123206103,59.0846461410,59.0915468029
2019.05.28,59.1605436147,59.2088377255,58.9811632331,59.0363580065
2019.05.29,58.9604679163,59.0018613654,58.8155855805,58.8776757542
2019.05.30,58.9812097274,59.0915993611,58.9467169146,59.0019064678
2019.05.31,58.8086918718,58.8776827165,58.5603206201,58.5741219472
2019.06.03,58.6683748470,58.7584720408,58.5436220391,58.6683748470
2019.06.04,58.8485785105,59.2644194690,58.8485785105,59.2574872882
2019.06.05,59.3129498703,59.4099792767,59.2089882812,59.3961149114
2019.06.06,59.3822658935,59.5763247392,59.3060277344,59.5208778439
2019.06.07,59.6040256422,59.7495697214,59.0218493251,59.6733315912
2019.06.10,59.7842452716,59.8396868767,59.7287983788,59.7634540087
2019.06.11,59.9575089343,60.0614705296,59.7565179269,59.8466151560
2019.06.12,59.8327442215,59.8466032972,59.6941270261,59.7079913895
2019.06.13,59.8119648161,59.8882029667,59.7773091884,59.8466151560
2019.06.14,59.8257930515,59.8535164818,59.7564871197,59.8050018008
2019.06.17,59.7703749760,59.8050306025,59.6872099328,59.7149333764
2019.06.18,59.9990887888,60.1377007178,59.9782975282,60.1307738228
2019.06.19,60.0891809539,60.4287891406,59.9852246597,60.4149247762
2019.06.20,60.5951372536,60.7476135675,60.4981078335,60.7198901206
2019.06.21,60.5604502030,60.6089648879,60.5257998782,60.5257998782
2019.06.24,60.5258286411,60.5535520868,60.4911730121,60.5188964578
2019.06.25,60.5119496953,60.5119496953,60.2208615178,60.2624440324
2019.06.26,60.3802509807,60.4079744110,60.2139103993,60.2347069377
2019.06.27,60.3386617638,60.4356911235,60.3109383342,60.4010408023
2019.06.28,60.4357104119,60.4703660319,60.4010600797,60.4218513366
2019.07.01,60.6557639227,60.7462671446,60.4260376399,60.4399583526
2019.07.02,60.4817154246,60.6070230625,60.4538686927,60.5722186310
2019.07.03,60.6000687405,60.8367580079,60.5861427182,60.8019482633
2019.07.05,60.6209255441,60.6278832410,60.4608082258,60.5582690939
2019.07.08,60.5304562633,60.5304562633,60.4329953406,60.4399583526
2019.07.09,60.3981885288,60.4260352643,60.3564157698,60.3703417932
2019.07.10,60.5165015701,60.6209254462,60.4886548491,60.5373852831
2019.07.11,60.5722482698,60.5722482698,60.3355535885,60.4190938251
2019.07.12,60.4190637071,60.5234876229,60.3703332546,60.5165246122
2019.07.15,60.5025809630,60.6139625360,60.4677712338,60.5582690939
2019.07.16,60.5513315875,60.5513315875,60.3772935062,60.4329816557
2019.07.17,60.4817191850,60.4817191850,60.3494538394,60.3564115394
2019.07.18,60.3633844646,60.3981942151,60.2241560848,60.3842681904
2019.07.19,60.3842499052,60.4120966349,60.2589422769,60.2798259964
2019.07.22,60.3494529172,60.4817182609,60.3216061841,60.4817182609
2019.07.23,60.5304515593,60.6070287513,60.4608373786,60.5861450282
2019.07.24,60.5722034892,60.6418176459,60.5582774711,60.6348546368
2019.07.25,60.6696833114,60.6696833114,60.5026082209,60.5513386769
2019.07.26,60.6488369236,60.6975674096,60.6209901728,60.6836413786
2019.07.29,60.6696641807,60.6766271897,60.5373935656,60.5930870152
2019.07.30,60.4956321909,60.6278975081,60.4538594439,60.6209398096
2019.07.31,60.6696789806,60.7462561648,60.2728723495,60.5165246122
2019.08.01,60.5074472635,60.8150493657,60.4654974008,60.4864696653
2019.08.02,60.4655161170,60.4655161170,60.2487955385,60.3956067691
2019.08.05,60.0320556871,60.0320556871,59.6685186609,59.7663927832
2019.08.06,60.0320745876,60.2068506231,59.8922505590,60.1509210116
2019.08.07,59.9062321970,60.2138343749,59.7384433722,60.1439250314
2019.08.08,60.1579055829,60.4165706676,60.1579055829,60.3816186654
2019.08.09,60.2767447739,60.3676263693,60.1788706454,60.2977170395
2019.08.12,60.1299301923,60.2208117825,60.0390432682,60.0879803297
2019.08.13,60.0809923568,60.4095720514,60.0390424949,60.3536424579
2019.08.14,60.0809967128,60.1019689784,59.7733892601,59.8153337914
2019.08.15,59.9202159619,60.0530474570,59.8782714198,59.9901253100
2019.08.16,60.0809929021,60.2138190206,60.0809929021,60.1928467563
2019.08.19,60.3047060553,60.3746153810,60.2767412582,60.3676228483
2019.08.20,60.3955684588,60.4514980352,60.2976943671,60.4165407165
2019.08.21,60.5703710494,60.7171822516,60.5284265156,60.6752377177
2019.08.22,60.7801167799,60.8430335935,60.6472852840,60.7871039811
2019.08.23,60.6752410843,60.9199264348,60.4585205358,60.5074576059
2019.08.26,60.6962057311,60.8080649251,60.6402761341,60.8080649251
2019.08.27,60.9268998820,60.9478721435,60.6752220763,60.7800887176
2019.08.28,60.7661231760,60.9548842577,60.7451509077,60.9269194554
2019.08.29,61.0597463370,61.1086887418,60.9548849945,60.9898369974
2019.08.30,61.0876983905,61.0946909231,60.8010685579,60.9339000090
2019.09.03,60.8854506201,60.8854506201,60.6537588546,60.7590737804
2019.09.04,60.8643830280,60.9065068518,60.7941695130,60.8854449399
2019.09.05,60.9416358080,61.1733222798,60.9275909573,61.1241760153
2019.09.06,61.2084287480,61.2926817824,61.1101362195,61.1803444032
2019.09.09,61.2154360035,61.2645822556,61.0960762286,61.2435203413
2019.09.10,61.2505470265,61.2996932863,61.1522545069,61.2786313688
2019.09.11,61.2435255516,61.2926718079,61.2013963630,61.2716045353
2019.09.12,61.3207550556,61.3839461646,61.2575693031,61.3067155627
2019.09.13,61.2013997116,61.2996922295,61.1592758772,61.1943826435
2019.09.16,61.2926864746,61.4190633576,61.2084334338,61.4120409318
2019.09.17,61.4330546251,61.4541165297,61.3207173255,61.4470941093
2019.09.18,61.4050185059,61.4611871998,61.2154558597,61.4120409318
2019.09.19,61.3768894143,61.4611423937,61.3137036971,61.3417880236
2019.09.20,61.3628489766,61.4400795341,61.3207198093,61.4190176287
2019.09.23,61.3699062273,61.4401144040,61.3558613780,61.3909681446
2019.09.24,61.4471319171,61.4541543418,61.2294849609,61.3067155627
2019.09.25,61.2575598320,61.2856441698,61.1030986521,61.2435203413
2019.09.26,61.2435425340,61.2646044558,61.1101432200,61.2014133337
2019.09.27,61.1943862473,61.2435325091,61.0820488736,61.1311951354
2019.09.30,61.1241827158,61.2014133337,61.0960983678,61.2014133337
2019.10.01,61.2155039601,61.2296054303,61.0110810455,61.0604254349
2019.10.02,61.0251443709,61.0321951022,60.6515362834,60.7008806463
2019.10.03,60.7079599497,60.7925472527,60.4471365497,60.7361575101
2019.10.04,60.8136895631,60.9335305304,60.7643451806,60.9264797963
2019.10.07,60.8842038583,60.9687911797,60.7996111588,60.8771531222
2019.10.08,60.8137102615,60.8489585659,60.6515809688,60.6515809688
2019.10.09,60.8136817986,60.8912237295,60.7995857103,60.8348339982
2019.10.10,60.8489494133,60.9617396679,60.8348533205,60.9123952760
2019.10.11,61.0745023116,61.2084393457,61.0251579378,61.1661403265
2019.10.14,61.1661372935,61.2366338625,61.1097475676,61.2084363105
2019.10.15,61.2154917767,61.3776263828,61.1872995982,61.3423780925
2019.10.16,61.3212451247,61.3353465953,61.2860022046,61.2930475617
2019.10.17,61.3353304587,61.3987709252,61.3282797253,61.3776241030
2019.10.18,61.3776125372,61.4199061735,61.3000706184,61.3917086233
2019.10.21,61.4410560928,61.4481014465,61.4058078117,61.4128585436
2019.10.22,61.4551714752,61.4551714752,61.3846802690,61.4269739171
2019.10.23,61.4340216116,61.4904167250,61.3917225875,61.4833659913
2019.10.24,61.5115605118,61.5538541556,61.4481146678,61.5538541556
2019.10.25,61.5397557929,61.6243430776,61.5397557929,61.6031962564
2019.10.28,61.6102323192,61.6384298667,61.5820347716,61.5961308563
2019.10.29,61.5891054843,61.6102523073,61.4692645238,61.4833659913
2019.10.30,61.5186165728,61.5256673074,61.3282897640,61.4058317101
2019.10.31,61.3917138543,61.3987645870,61.1802402764,61.1943363636
2019.11.01,61.2941401061,61.5206625059,61.2870653316,61.4569517308
2019.11.04,61.5702246626,61.6197750969,61.5419093573,61.5843796150
2019.11.05,61.6339465925,61.6410267709,61.4569799369,61.5206907412
2019.11.06,61.5206579925,61.5206579925,61.4286319242,61.4498670474
2019.11.07,61.5419314617,61.5702467772,61.4074350630,61.4215900205
2019.11.08,61.4144503022,61.4993907584,61.3295044454,61.4781556444
2019.11.11,61.4215765416,61.4711269827,61.3578711460,61.4428170740
2019.11.12,61.4074013060,61.5065021556,61.3932463563,61.4569517308
2019.11.13,61.3932435737,61.4215534718,61.3578481002,61.3932435737
2019.11.14,61.4003444158,61.4428200822,61.3366390172,61.3578741501
2019.11.15,61.4215840785,61.5490002858,61.4145093007,61.5419255080
2019.11.18,61.4923825837,61.5136177208,61.4357519512,61.4640672675
2019.11.19,61.4003162164,61.4073963910,61.2445847793,61.2445847793
2019.11.20,61.2092022575,61.2870679856,61.1101014036,61.1171761784
2019.11.21,61.1809114186,61.1950663745,61.0676501685,61.1313609718
2019.11.22,61.2233514874,61.3649279802,61.1596461161,61.3649279802
2019.11.25,61.3791086687,61.5419203535,61.3791086687,61.5277599979
2019.11.26,61.5489754146,61.5985258418,61.5135853383,61.5985258418
2019.11.27,61.5772870904,61.6905482892,61.5489717907,61.6763879390
2019.11.29,61.6622615370,61.6622615370,61.5348453297,61.5419255080
2019.12.02,61.5639444409,61.5639444409,61.3649622195,61.4999881934
2019.12.03,61.3578330074,61.4502214511,61.2867687274,61.4146866001
2019.12.04,61.4431337159,61.6207971856,61.4431337159,61.5994784367
2019.12.05,61.6420960348,61.6918415734,61.5283942702,61.6918415734
2019.12.06,61.7913422862,61.8339851987,61.7202779946,61.7771315967
2019.12.09,61.7558128514,61.8268771430,61.7558128514,61.7771315967
2019.12.10,61.7771014704,61.9334460889,61.7557827355,61.9263380367
2019.12.11,61.9405809372,62.0684934021,61.8908299718,62.0542827132
2019.12.12,62.0827412024,62.2604047234,62.0614224474,62.1964430365
2019.12.13,62.2177412443,62.2888055386,62.1822063862,62.2603787365
2019.12.16,62.3527695008,62.4167311690,62.3243426952,62.3811963064
2019.12.17,62.3883013097,62.5730728264,62.3883013097,62.5730728264
2019.12.18,62.6014867438,62.7151939472,62.5801679986,62.6867671464
2019.12.19,62.4735742728,62.4877849622,62.3385483242,62.4309313605
2019.12.20,62.5019599983,62.5303867829,62.3242966607,62.3385127639
2019.12.23,62.3598385423,62.3953733825,62.3456278593,62.3669465947
2019.12.24,62.3811431051,62.4166779373,62.3456136948,62.4166779373
2019.12.26,62.4948474255,62.5303768343,62.4593125949,62.5090581047
2019.12.27,62.5516769633,62.5516769633,62.4592940218,62.4806127451
2019.12.30,62.5375010808,62.5517117636,62.3740484082,62.4380100355
2019.12.31,62.4380010727,62.5019572690,62.4024662380,62.4948546395
2020.01.02,62.6085666343,62.7649112577,62.5730372156,62.7578032052
2020.01.03,62.6227810825,62.7364828099,62.5659275079,62.6938453399
2020.01.06,62.6156575806,62.6654030907,62.5730201211,62.6298682599
2020.01.07,62.6370144705,62.6512305802,62.5659501874,62.5730582422
2020.01.08,62.5872308003,62.7009379215,62.5516959695,62.6298682599
2020.01.09,62.7080392148,62.8004276043,62.6582937058,62.7933195539
2020.01.10,62.8004371281,62.8288639121,62.7506916116,62.8146478092
2020.01.13,62.8217558607,62.8572852743,62.7862210252,62.8146478092
2020.01.14,62.8004396038,62.8857145373,62.7364779818,62.8075422337
2020.01.15,62.8217495418,62.9141325141,62.8146414910,62.8217495418
2020.01.16,62.8715007379,62.9141382025,62.8075391190,62.8430739541
2020.01.17,62.8785998930,62.8999186223,62.7933195539,62.7933195539
2020.01.21,62.7791157045,62.8430773267,62.6583059336,62.6583059336
2020.01.22,62.7577867262,62.8004296080,62.7009385869,62.7720028274
2020.01.23,62.6654095811,62.6796202618,62.5517024481,62.5801292314
2020.01.24,62.5872423674,62.5872423674,62.2887692519,62.3171960374
2020.01.27,61.9973966312,62.0968876663,61.7984145610,61.8979055961
2020.01.28,62.1822036304,62.5091037074,62.1040312835,62.4309313605
2020.01.29,62.5161594181,62.7009307580,62.3811335826,62.3953496820
2020.01.30,62.1892995540,62.4735620853,62.1821914997,62.4593459767
2020.01.31,62.3953747674,62.3953747674,62.1040042519,62.2034953006
2020.02.03,62.3219432384,62.4218520193,62.1792125196,62.1934883138
2020.02.04,62.4432675424,62.5788603799,62.4289971912,62.5645845841
2020.02.05,62.7144453792,62.8429003139,62.6858992332,62.8214920655
2020.02.06,62.8000913327,62.9071380318,62.7073204306,62.8714539839
2020.02.07,62.7929445023,62.8357664427,62.7144439638,62.7786741520
2020.02.10,62.7644011882,62.8714478769,62.7144467927,62.8643099791
2020.02.11,62.9927647307,62.9999026285,62.9071317356,62.9071317356
2020.02.12,63.0284697739,63.1283785978,62.9856532621,63.0712862857
2020.02.13,63.0213079424,63.1283546259,63.0070375921,63.0926760278
2020.02.14,63.1140666315,63.1497452196,63.0498364615,63.0855204942
2020.02.18,63.0498761037,63.0855601589,62.9071507724,62.9571051828
2020.02.19,63.0213252234,63.0641471753,62.9785087162,62.9856466156
2020.02.20,63.0284458399,63.1140842756,62.8428986182,63.0926760278
2020.02.21,63.0427294595,63.0712756107,62.9142799459,63.0355970052
2020.02.24,62.4432582348,62.5146208696,62.2291648859,62.3576198063
2020.02.25,62.6288247255,62.6645033316,61.8652328646,61.9223197233
2020.02.26,62.0365279173,62.2648917725,61.8010261604,61.9865734941
2020.02.27,61.4655902044,61.8652308696,61.0302709342,61.1515934359
2020.02.28,60.4379475999,61.4798574549,60.4379475999,61.4013569126
2020.03.02,61.3870626042,61.9318348958,61.0931759589,61.8673197251
2020.03.03,61.9174666620,62.4980810498,61.4587129906,61.6020769309
2020.03.04,62.1181537792,62.4765552975,62.0679723166,62.4478825198
2020.03.05,61.9031332378,62.0106548262,61.5375620246,61.6594172727
2020.03.06,60.5913868712,61.1289893888,60.2759916443,60.9641276793
2020.03.09,57.0861932513,59.8458838414,57.0861932513,58.3405985622
2020.03.10,59.2222706761,59.4014714408,58.1542301812,59.2366043310
2020.03.11,58.2402520712,58.5556471863,57.4876066262,57.9463601742
2020.03.12,54.7494213373,57.5234514311,54.6419052423,55.6310915972
2020.03.13,57.4374293227,57.5449508793,56.0109927125,57.3800892320
2020.03.16,54.2763427653,55.6597732515,53.2584834666,54.2261667568
2020.03.17,54.1544732580,55.6955954588,53.4950102879,54.7350819854
2020.03.18,52.9358986311,53.5810224026,51.5453045778,52.3194476349
2020.03.19,51.5094783825,52.0900872244,50.7281600508,51.1439072193
2020.03.20,51.1869352066,51.7101986444,49.7533283565,49.9970388960
2020.03.23,50.2120579389,50.2622339357,48.3985415528,49.1941934091
2020.03.24,50.2407303040,51.5739846044,50.1045414239,51.2227525911
2020.03.25,51.7890387376,54.1688254892,51.6671834884,52.6635396439
2020.03.26,53.0506178463,55.0720030891,52.8284050875,55.0720030891
2020.03.27,54.0756224552,56.1758555566,54.0182769002,55.2153366505
2020.03.30,55.2655076589,55.9393041979,54.9357789504,55.6884242532
2020.03.31,55.4590441214,55.7027544902,55.1794914190,55.2440010570
2020.04.01,54.1598214124,54.2246549528,53.5762975638,53.7275813210
2020.04.02,53.5762894651,54.9666653048,53.4754336422,54.1454076064
2020.04.03,54.0301579390,54.1742361617,52.8198821813,52.9855770840
2020.04.06,54.0733487484,54.4335495911,53.8932483270,54.2750603409
2020.04.07,55.0603010361,55.2692181844,54.2030212716,54.2750603409
2020.04.08,54.7217452006,55.9248154400,54.5272390436,55.6870869139
2020.04.09,59.0513446446,60.5497819163,58.7055493141,59.3323009460
2020.04.13,58.9360964406,59.0153411145,57.9347379205,58.4822450778
2020.04.14,59.0081398742,59.1378069785,58.3309601274,58.7271779928
2020.04.15,57.8122616631,58.2877296309,57.6033444194,58.1796682295
2020.04.16,58.0355856031,58.1724637471,57.5817343042,58.1220358250
2020.04.17,58.5830712624,58.6407047227,58.2444815537,58.4173764383
2020.04.20,57.8410699290,58.2012708835,57.4304410607,57.5385024463
2020.04.21,56.8829258787,56.9549649600,56.3714412566,56.4867081836
2020.04.22,57.0990271745,57.1782717830,56.7964543528,56.9837602908
2020.04.23,57.0918279184,57.3871952184,56.7172214974,56.9549498530
2020.04.24,56.9982017060,57.0774463567,56.3066165246,56.4218779734
2020.04.27,56.6956299482,56.8613248112,56.5587573184,56.6524075910
2020.04.28,56.9621713793,56.9981936686,56.5083202138,56.8252932755
2020.04.29,57.2215218385,57.8914958101,57.1062548989,57.8266567825
2020.04.30,57.5240910103,58.0355757033,57.2935626206,57.9419254343
2020.05.01,57.4201450946,57.5648929191,56.8918307193,56.9424910775
2020.05.04,56.8338968293,57.0799652197,56.5950672061,56.8628463765
2020.05.05,57.0437558615,57.3549564772,57.0437558615,57.3549564772
2020.05.06,57.4128940087,57.4852651377,57.0076057475,57.0293220556
2020.05.07,57.3188005287,57.6879004257,57.1523475017,57.1740582860
2020.05.08,57.4128869156,57.7240877012,57.3694598263,57.7168489327
2020.05.11,57.5938073236,57.6951279781,57.4201100402,57.4562983547
2020.05.12,57.8326535180,57.8977858768,57.3839436897,57.3839436897
2020.05.13,57.4273747535,57.4780351036,56.9859036215,57.0799910729
2020.05.14,56.7832574475,57.1016970626,56.4358737961,56.8845781393
2020.05.15,56.7180985092,57.0582432313,56.5733507876,56.9641613535
2020.05.18,57.8688579260,58.0136057577,57.6517444609,57.9701786474
2020.05.19,57.9267214252,58.2089726214,57.8181619986,58.0425140977
2020.05.20,58.3464893667,58.8024323932,58.2958290304,58.6576901528
2020.05.21,58.6432176827,58.7879654571,58.4767646441,58.6432176827
2020.05.22,58.5853032390,58.8603211776,58.4839825842,58.7879500702
2020.05.26,59.2222078628,59.4610375903,58.7517871783,59.2294411116
2020.05.27,59.6491880528,59.6708988374,59.0991631041,59.3524647938
2020.05.28,59.4393272948,59.7432949430,59.3018237737,59.4103777321
2020.05.29,59.3814113266,59.7939327778,59.2583743508,59.6491850185
2020.06.01,59.5336926495,60.1221981934,59.4465043847,60.1004025130
2020.06.02,60.1948566051,60.7252422201,60.0277526812,60.6961794631
2020.06.03,60.9431772649,61.3064532500,60.8705231765,60.9795070806
2020.06.04,60.9141319803,61.0158543850,60.6816355049,60.7906194403
2020.06.05,61.4445050931,61.7787183624,61.3209925780,61.3645839261
2020.06.08,61.5099056725,61.5244342761,61.2846707440,61.4372460254
2020.06.09,61.1103044958,61.1393672482,60.7252327261,60.9577292027
2020.06.10,60.8777886892,61.1902062501,60.4927170418,60.8705216176
2020.06.11,59.9986407413,60.0277034745,59.1921679105,59.3084133001
2020.06.12,60.1149085949,60.2093638989,59.4682777835,59.8969463293
2020.06.15,59.5046198267,60.8705358188,59.3738402232,60.4781970082
2020.06.16,61.2119935153,61.2701189938,60.5290330008,60.7252051049
2020.06.17,60.6816046281,60.7542642435,60.4127840064,60.4418467440
2020.06.18,60.2747551356,60.4563931412,60.1803053682,60.4200688660
2020.06.19,60.5363242994,60.5726541237,60.0931270489,60.2166395828
2020.06.22,60.2093675298,60.3256129698,60.0785879452,60.1730377117
2020.06.23,60.3837616996,60.4055573815,60.2239193077,60.2602491397
2020.06.24,60.0713322208,60.1439863275,59.2430632100,59.6426635682
2020.06.25,59.4828226352,59.7007849401,59.2067292886,59.6644606608
2020.06.26,59.5844993028,59.5844993028,59.0177899319,59.0977055096
2020.06.29,59.1703973080,59.1776588370,58.4729080455,58.7635244142
2020.06.30,58.9597005541,59.4319605000,58.9088421318,59.3011809079
2020.07.01,59.3982100188,59.6608674039,59.3982100188,59.4857606250
2020.07.02,60.0037824503,60.2007824266,59.8067880406,59.9235240254
2020.07.06,60.2810635764,60.3686142064,60.1278444075,60.3540242903
2020.07.07,60.2883578765,60.4415770508,59.9235487280,59.9527341278
2020.07.08,59.9235241287,60.1934847917,59.9162319566,60.1132263666
2020.07.09,60.1132141790,60.1642872058,59.7046299645,59.9818827434
2020.07.10,59.8797461621,60.2226674963,59.8140832172,60.1861843714
2020.07.13,60.4123905171,60.4926489662,59.8505813735,59.8578791143
2020.07.14,59.8578319679,60.3977474639,59.8578319679,60.3685620902
2020.07.15,60.7334119315,60.7844849782,60.4926421778,60.7115242781
2020.07.16,60.6750653569,60.7772114817,60.6166945522,60.7699137395
2020.07.17,60.9085200326,60.9595930757,60.7115200329,60.9376998574
2020.07.20,60.9887922128,61.3317137111,60.9304269782,61.3025283106
2020.07.21,61.5068118524,61.7111040423,61.4849186321,61.5870702936
2020.07.22,61.6527415566,61.7402977497,61.5359999657,61.7111123520
2020.07.23,61.7037860847,61.7402692066,61.2660164544,61.6673029628
2020.07.24,61.5360131393,61.7986762084,61.5068333019,61.7257154818
2020.07.27,61.8205661146,61.8862290951,61.6600491847,61.8716391772
2020.07.28,61.8132584608,61.8716292562,61.6527415566,61.7111123520
2020.07.29,61.9007845412,62.0977845061,61.7986384730,62.0540092101
2020.07.30,61.8570251726,62.2145365034,61.8278397789,62.1853566763
2020.07.31,62.1634602629,62.3093872237,61.9445781715,62.3020894840
2020.08.03,62.2881626366,62.3467674483,62.1563046048,62.3174650424
2020.08.04,62.2442287199,62.3174819599,62.1196976530,62.2955065468
2020.08.05,62.3101263135,62.4346629121,62.2735025048,62.4053605118
2020.08.06,62.4054064643,62.5592399875,62.3394746178,62.5445859822
2020.08.07,62.5225538797,62.5225538797,62.3027942981,62.3906958952
2020.08.10,62.4566622259,62.4859646374,62.2735263454,62.4200328142
2020.08.11,62.4493454895,62.4639939033,61.8266845115,61.8559869279
2020.08.12,62.1270214743,62.2808549610,61.8706323298,61.8706323298
2020.08.13,61.8852518551,62.1269868630,61.6435112583,61.7021160555
2020.08.14,61.6874791920,61.7534110044,61.4750409348,61.5922505618
2020.08.17,61.6508647081,61.9878340533,61.6069082969,61.9585316421
2020.08.18,61.9878101541,62.0976871676,61.8339767464,62.0537363622
2020.08.19,62.0244364682,62.1123436714,61.8046768436,61.8779300518
2020.08.20,61.7753948232,62.0830617525,61.7680678233,62.0830617525
2020.08.21,62.0830641302,62.1270149535,61.9951568947,62.0757371300
2020.08.24,62.1929692634,62.3907536288,62.1856422606,62.3614512064
2020.08.25,62.3687449372,62.4713005666,62.2002630841,62.4273497508
2020.08.26,62.4346868144,62.5372424604,62.3907304027,62.4200328142
2020.08.27,62.5006293344,62.5226047516,62.1929623165,62.3248204083
2020.08.28,62.3614310786,62.4639867296,62.3321286657,62.3760850796
2020.08.31,62.3614351672,62.4346939989,62.2588795095,62.2881819244
2020.09.01,62.3036209311,62.6860804923,62.2521366377,62.6272396965
2020.09.02,62.6640164519,62.8037619512,62.4801431576,62.7007933553
2020.09.03,62.5904596845,62.6051726884,62.0535528811,62.3109743356
2020.09.04,62.3698229903,62.4727915851,61.7667188160,62.1418162921
2020.09.08,61.8844099042,62.0829962507,61.7152495764,61.7961486823
2020.09.09,62.0609103670,62.3256883515,61.9652982770,62.2815605579
2020.09.10,62.3771562948,62.3918692964,61.9652820318,61.9873459228
2020.09.11,62.0314901325,62.1418152282,61.8549733461,62.1123948286
2020.09.14,62.2374340168,62.2962692057,61.9800069184,62.0462042216
2020.09.15,62.1859474773,62.3109799649,62.1050427827,62.2153622650
2020.09.16,62.2594956693,62.5095606445,62.1565270782,62.2153622650
2020.09.17,62.0094299971,62.2668571066,61.9505948056,62.1491755009
2020.09.18,62.2742020300,62.2889150350,61.9652962618,61.9947166604
2020.09.21,61.7299555376,61.8035037485,61.3254319607,61.4945978960
2020.09.22,61.5681311113,61.7446478967,61.4283856167,61.7078766059
2020.09.23,61.7666983664,61.7666983664,61.0164924398,61.0826897211
2020.09.24,60.9503139691,61.2959910055,60.7223072971,61.1194742363
2020.09.25,61.0459398699,61.1636214836,60.8694230608,61.0091629628
2020.09.28,61.3253904156,61.5019127358,61.1856505930,61.4062950762
2020.09.29,61.4578095378,61.4945864421,61.2592288443,61.4578095378
2020.09.30,61.4578060162,61.8034886956,61.4504551249,61.7078766059
2020.10.01,61.9050690042,61.9641612249,61.8164363085,61.9198448771
2020.10.02,61.5135929040,61.9493909874,61.5135929040,61.9198448771
2020.10.05,62.0380559457,62.3999917591,61.9863516345,62.3852158786
2020.10.06,62.3999675670,62.5993967940,62.2079206420,62.2448490583
2020.10.07,62.4295098136,62.5107602213,62.3925813963,62.4664438663
2020.10.08,62.6658742249,62.6732621627,62.5181492821,62.6067876290
2020.10.09,62.7028265518,62.8062351690,62.6068058746,62.7471429205
2020.10.12,62.9465744514,63.1312334914,62.8800942666,63.0647533066
2020.10.13,62.9022194557,62.9760818993,62.7323307637,62.7840350378
2020.10.14,62.7545127221,62.7988290780,62.5772416633,62.6289459569
2020.10.15,62.3777950015,62.6215461834,62.2817743702,62.5846177723
2020.10.16,62.6806646894,62.7397569344,62.4295254658,62.5107758939
2020.10.19,62.6363332115,62.6806495668,62.2670152223,62.2891734000
2020.10.20,62.3999849787,62.6141845050,62.3925970392,62.5107758939
2020.10.21,62.5033551982,62.6363098501,62.4368750546,62.5033551982
2020.10.22,62.4960025753,62.6658857272,62.3778180912,62.6141814242
2020.10.23,62.7101891639,62.7249594023,62.5403004270,62.6880309885
2020.10.26,62.4590843051,62.5034063156,62.1119243392,62.1340881621
2020.10.27,62.1783836263,62.2965624653,62.1340672661,62.1636133847
2020.10.28,61.7573707572,61.8386211869,61.5357776516,61.6465742044
2020.10.29,61.6022227403,61.8533561906,61.5061964861,61.8238100844
2020.10.30,61.7721317800,61.9863369140,61.6244068219,61.9567907953
2020.11.02,62.1489160652,62.2008426016,61.9337902258,62.1044092224
2020.11.03,62.2305127689,62.6385110069,62.2305127689,62.6385110069
2020.11.04,62.8239752003,63.3580800242,62.8017217759,63.2245538182
2020.11.05,63.5286821059,63.7067151291,63.3654828099,63.4470824579
2020.11.06,63.4693471461,63.4841865355,63.1355344610,63.2245538182
2020.11.09,64.4485565369,64.4633959306,63.6770721916,63.7067453194
2020.11.10,63.6325460728,63.8402522453,61.8521985577,63.6177123431
2020.11.11,63.7363981800,63.7438178745,63.5212723162,63.5954579420
2020.11.12,63.5360975037,63.5360975037,63.1651920958,63.1651920958
2020.11.13,63.2393887230,63.4470949006,63.2319690282,63.3803346262
2020.11.16,63.7215674715,63.7660743214,63.5657878371,63.7364012016
2020.11.17,63.6325299096,63.8773288334,63.5880230724,63.7586363881
2020.11.18,63.8254272036,63.8996071811,63.6177210028,63.6399744301
2020.11.19,63.5806294412,63.8996084443,63.5361225857,63.8551015888
2020.11.20,63.7364012016,63.8105811713,63.6844746568,63.7364012016
2020.11.23,63.8995920821,63.9515186200,63.7660658903,63.8328318160
2020.11.24,64.0331434850,64.1815034633,63.9515437990,64.0257237882
2020.11.25,64.0183039368,64.1073176519,63.9367042582,63.9960448484
2020.11.27,64.1147298894,64.1666564370,64.0850567680,64.0998961585
2020.11.30,64.1146903015,64.1146903015,63.9069842393,64.0330906828
2020.12.01,63.9811641673,64.0850171984,63.9292376517,63.9440713735
2020.12.02,63.9589618476,64.2037608991,63.9070352906,64.1221612153
2020.12.03,64.1814634131,64.3149895740,64.1221228545,64.1592099961
2020.12.04,64.2927687694,64.4633878181,64.1814959688,64.4262949981
2020.12.07,64.3892465259,64.4189140082,64.3002271001,64.3966605667
2020.12.08,64.3669714512,64.4263177203,64.3150448806,64.3447180151
2020.12.09,64.4263071745,64.4263071745,64.1592546666,64.2482740558
2020.12.10,64.1518293320,64.4485492578,64.1369899399,64.3669495803
2020.12.11,64.3298514493,64.4337045375,64.1963252416,64.3001783298
2020.12.14,64.4114614082,64.4485485688,64.2408423591,64.3150223398
2020.12.15,64.4263013990,64.5375742106,64.3001948537,64.5153207802
2020.12.16,64.4930547984,64.5153082244,64.2408360972,64.4188691654
2020.12.17,64.5000676344,64.5671107366,64.4404807117,64.5149686273
2020.12.18,64.5447720684,64.5969141835,64.4702841445,64.5671178773
2020.12.21,64.3436575726,64.4702933126,64.2244780140,64.3362127573
2020.12.22,64.3809027408,64.4628411715,64.3213101215,64.4181495486
2020.12.23,64.5224224221,64.7384413667,64.5075214284,64.7086450623
2020.12.24,64.7682222013,64.8427157926,64.7607773887,64.8427157926
2020.12.28,64.9395402347,64.9767870251,64.8352560415,64.9246449284
2020.12.29,65.0363832174,65.0363832174,64.8352652969,64.8427157926
2020.12.30,64.8650900476,65.0140659293,64.8650900476,64.9768248004
2020.12.31,64.9619156229,65.0587493655,64.9321193137,65.0289587394
2021.01.04,65.1034258017,65.1034258017,64.7086347765,64.8948573871
2021.01.05,64.8203414569,64.9916687002,64.7905508506,64.9171808182
2021.01.06,64.8725109107,65.0587335357,64.7831276879,64.7980229974
2021.01.07,64.9395743187,65.0811053766,64.9023275089,64.9842659441
2021.01.08,65.0661763766,65.0885221797,64.9097500720,65.0810773674
2021.01.11,64.8203670248,64.9321017334,64.7235333084,64.7309838045
2021.01.12,64.7235087597,64.8575892225,64.6490208767,64.8128976293
2021.01.13,64.7905608781,65.0363703583,64.7682093953,65.0065740643
2021.01.14,65.0066253716,65.0885638240,64.9693842370,64.9917300543
2021.01.15,64.9097390762,65.0065727675,64.8427016783,64.8873932769
2021.01.19,65.0662240003,65.0885698198,64.9172480820,65.0736745012
2021.01.20,65.2672952824,65.2672952824,65.0810726927,65.1928017000
2021.01.21,65.1555806705,65.2300685927,65.0885375623,65.1555806705
2021.01.22,65.0140577433,65.0959961728,64.9395698117,65.0289587394
2021.01.25,65.0289533705,65.0587439942,64.8278297206,65.0438486823
2021.01.26,65.0214792243,65.0512755203,64.9395408313,64.9469913261
2021.01.27,64.8203812446,64.9693627830,64.6639548916,64.7607943123
2021.01.28,64.9246724666,65.1704820645,64.9097714709,64.9544630918
2021.01.29,64.9022742412,65.0810519622,64.7235022033,64.7830947769
2021.02.01,64.9012781371,65.0209007897,64.7891390302,64.9909951266
2021.02.02,65.1554566012,65.2376957276,65.1105952661,65.1479787613
2021.02.03,65.1928109396,65.3124335183,65.1703831321,65.2002887767
2021.02.04,65.3049820796,65.3946990499,65.2750764229,65.3348877364
2021.02.05,65.5142904105,65.5292460850,65.4021513714,65.4320513125
2021.02.08,65.4843969497,65.6264473643,65.4619691377,65.6264473643
2021.02.09,65.5292580255,65.5890693265,65.4694467244,65.5068302136
2021.02.10,65.5068193904,65.5516750068,65.3946746454,65.4918637156
2021.02.11,65.5217814005,65.5516870515,65.4470201247,65.5217814005
2021.02.12,65.4544970030,65.6339252029,65.4544970030,65.6264473643
2021.02.16,65.5890705414,65.5965426762,65.4694479370,65.5217814005
2021.02.17,65.3872136739,65.4993584478,65.3647858599,65.4993584478
2021.02.18,65.3946936957,65.4844049547,65.3348823871,65.4096436709
2021.02.19,65.5143121930,65.5143121930,65.4021731166,65.4171230921
2021.02.22,65.3199298642,65.3872133058,65.2152629301,65.2152629301
2021.02.23,65.1853329251,65.4245723569,65.0507603882,65.3722389094
2021.02.24,65.2750525337,65.4395307337,65.2152469461,65.4395307337
2021.02.25,65.2900135465,65.3572969771,64.7442454477,64.8190067164
2021.02.26,64.9535920744,64.9834977285,64.6022134720,64.6246412866
2021.03.01,65.0275360061,65.3951816796,64.9450037711,65.3501604542
2021.03.02,65.3876663084,65.3951707987,65.2226018660,65.2526141032
2021.03.03,65.1550783357,65.2076040484,65.0200318435,65.0425395922
2021.03.04,65.0875653707,65.2376208686,64.5848731560,64.7949531428
2021.03.05,64.8924893074,65.0650582836,64.5923725843,64.9900305339
2021.03.08,64.9525107736,65.0050307684,64.5023385721,64.5173418316
2021.03.09,64.6898950465,64.8624582483,64.5848550825,64.6073628284
2021.03.10,64.6899146619,64.8999946536,64.6373946640,64.8099579182
2021.03.11,64.9600109801,65.1700909454,64.9600109801,65.0500419799
2021.03.12,64.9450124286,64.9750246747,64.8024614145,64.8699846752
2021.03.15,64.8249747142,64.9375192159,64.7574457234,64.8774947184
2021.03.16,64.8474883149,64.8925038299,64.6599160365,64.7274393090
2021.03.17,64.5998529395,65.0125139952,64.5548374514,64.8174373394
2021.03.18,64.5698630910,64.6523953307,64.3072631120,64.3222720960
2021.03.19,64.4198183361,64.6374028476,64.2622583224,64.5698738565
2021.03.22,64.6749097052,64.9150019569,64.6373986896,64.8024631860
2021.03.23,64.7874524293,64.8999969214,64.7124246760,64.8699846752
2021.03.24,64.9300043656,65.1250810892,64.9074966137,64.9074966137
2021.03.25,64.8625125600,65.0200783621,64.7949892655,65.0200783621
2021.03.26,65.0950894970,65.2226372811,64.9525327240,65.2151327867
2021.03.29,65.1700818820,65.2751218500,65.0500329332,65.2526141032
2021.03.30,65.1475916152,65.1851026285,65.0800626323,65.0950716171
2021.03.31,65.1701254993,65.4327255951,65.1626210039,65.4102178332
2021.04.01,65.4734165198,65.5486981302,65.3830751412,65.5486981302
2021.04.05,65.5562386010,65.6315202236,65.5261248033,65.5788225134
2021.04.06,65.5938774793,65.7218625574,65.5938774793,65.6917487592
2021.04.07,65.7067876615,65.7369014528,65.6239761715,65.6691497302
2021.04.08,65.7444464701,65.7670303829,65.6766889883,65.6917487592
2021.04.09,65.6089510307,65.6541188656,65.5713073392,65.6465889786
2021.04.12,65.5712926281,65.6014064258,65.5110650326,65.5788225134
2021.04.13,65.5035328615,65.6465662037,65.4282512481,65.6239822941
2021.04.14,65.6390161449,65.7142977285,65.5637288177,65.5938425998
2021.04.15,65.7444195678,65.8573448288,65.6992460172,65.8573448288
2021.04.16,65.8724287409,65.8950126547,65.7218654870,65.7218654870
2021.04.19,65.6465420127,65.7142994603,65.5863201904,65.6164339734
2021.04.20,65.5411916074,65.6014192146,65.4659099701,65.5035536606
2021.04.21,65.4734309487,65.7218654870,65.4659010629,65.7218654870
2021.04.22,65.7369231204,65.7444530066,65.5863598582,65.6014138870
2021.04.23,65.6465655624,65.8347724657,65.6390414217,65.7745506218
2021.04.26,65.7820948065,65.8573821856,65.7143430576,65.7444568605
2021.04.27,65.7820476628,65.7820476628,65.6540683998,65.6540683998
2021.04.28,65.6766882109,65.8347813417,65.6239905006,65.7820836315
2021.04.29,65.9100425182,65.9100425182,65.7594735889,65.8573448288
2021.04.30,65.7745304141,65.8648660240,65.7594706501,65.8272281011
2021.05.03,65.8907136002,65.9662492022,65.8453876286,65.8529429177
2021.05.04,65.8000276087,65.8302429839,65.6942766773,65.8151324148
2021.05.05,65.8604931251,65.9586888239,65.8453825481,65.9435840098
2021.05.06,65.9360419724,65.9738068966,65.8302909638,65.9209313923
2021.05.07,65.9813567542,66.0266827277,65.8907163332,65.9662519384
2021.05.10,65.9888693811,66.0039741871,65.8151324148,65.8151324148
2021.05.11,65.6414388810,65.7849547915,65.5734528072,65.7471898732
2021.05.12,65.6565375174,65.7018634833,65.4299307397,65.4299307397
2021.05.13,65.5432202525,65.7169572730,65.5356707286,65.6640817907
2021.05.14,65.7547091725,65.8755649132,65.7320433183,65.8755649132
2021.05.17,65.8680463686,65.8756016575,65.7094198787,65.7547458494
2021.05.18,65.8453659073,65.8453659073,65.5885437925,65.5960933161
2021.05.19,65.4148271300,65.5961137241,65.3921670262,65.4223824190
2021.05.20,65.4752567663,65.9737963320,65.4752567663,65.7018693271
2021.05.21,65.7773986386,65.8151635532,65.6565370809,65.8000587399
2021.05.24,65.8529048220,65.9511004716,65.7924740702,65.8755649132
2021.05.25,65.9133745607,65.9284793761,65.8227283793,65.8831591669
2021.05.26,65.8378314784,65.9209165981,65.8378314784,65.9058117845
2021.05.27,66.0039759387,66.0039759387,65.8680096285,65.8755649132
2021.05.28,65.9435890979,65.9813540175,65.8529429177,65.8529429177
2021.06.01,65.9825242599,66.0583186010,65.9370522811,66.0507380104
2021.06.02,66.0507448773,66.1416888444,66.0280088855,66.1341140353
2021.06.03,65.9597652879,66.1113481350,65.9294487185,65.9976624452
2021.06.04,66.1114051312,66.1720325400,66.0659273467,66.1417159445
2021.06.07,66.1568339055,66.2023058779,66.1340979192,66.1644144950
2021.06.08,66.2705442916,66.2705442916,66.1720139381,66.2099111175
2021.06.09,66.2932649852,66.3084203841,66.2402124158,66.2629484052
2021.06.10,66.3160188122,66.4372851650,66.2857022241,66.3842267989
2021.06.11,66.4296689884,66.4599855603,66.3538804496,66.4069330050
2021.06.14,66.3842311421,66.3842311421,66.2932871539,66.3463397411
2021.06.15,66.3008387920,66.3690467534,66.2705222150,66.3387301764
2021.06.16,66.3387421403,66.3690587227,66.1341124369,66.2477981754
2021.06.17,66.2856759308,66.3159925069,66.2250427785,66.2932565204
2021.06.18,66.1947346546,66.2781038041,66.1568432662,66.2629484052
2021.06.21,66.3311649182,66.3917980861,66.2781123419,66.3917980861
2021.06.22,66.3690885775,66.4373023641,66.3311913869,66.4373023641
2021.06.23,66.4145562245,66.5055060067,66.3690842246,66.3690842246
2021.06.24,66.4979117873,66.5737003657,66.4675951994,66.5737003657
2021.06.25,66.5812776771,66.6570662518,66.5661222751,66.6419108498
2021.06.28,66.6722137668,66.6722137668,66.5888446171,66.6343165961
2021.06.29,66.6494846454,66.7176926210,66.6419040540,66.7176926210
2021.06.30,66.6721960416,66.7479845806,66.6646154530,66.7252485972
2021.07.01,66.7876231387,66.8560580855,66.7724115051,66.8560580855
2021.07.02,66.8864746732,66.9701212525,66.8560572078,66.9625154357
2021.07.06,66.9625157151,66.9777273486,66.8712691203,66.9244982344
2021.07.07,66.9853137794,66.9929195946,66.8636497437,66.9472963064
2021.07.08,66.7724349004,66.8636873296,66.7420174240,66.8028523768
2021.07.09,66.8256439235,66.9321021581,66.8180439079,66.9168963253
2021.07.12,66.9169099079,66.9321157439,66.8332633064,66.8940982533
2021.07.13,66.8560517333,66.8864691962,66.6887585884,66.6963644045
2021.07.14,66.7724349004,66.8256640337,66.7192057671,66.8028523768
2021.07.15,66.7419757039,66.7799989760,66.7039582333,66.7571873333
2021.07.16,66.7952496639,66.7952496639,66.6431680764,66.6659797344
2021.07.19,66.5062404733,66.5290521135,66.1412426273,66.2172833617
2021.07.20,66.2781518858,66.5595033262,66.2173169468,66.5518975084
2021.07.21,66.5975500554,66.7344258156,66.5823384145,66.7116141558
2021.07.22,66.7191832690,66.8028298505,66.6507483214,66.7496007352
2021.07.23,66.8256041054,66.9092506401,66.7875866451,66.8788331910
2021.07.26,66.8560721179,66.8940954084,66.7496138662,66.7800313383
2021.07.27,66.6887624954,66.7419916081,66.5823042699,66.6887624954
2021.07.28,66.7648392524,66.8028567493,66.6659809973,66.7420217925
2021.07.29,66.7876362567,66.9169061603,66.7876362567,66.8864886886
2021.07.30,66.8636835806,66.8941010553,66.7952428121,66.7952428121
2021.08.02,66.8814358671,66.8966966689,66.6296850200,66.6296850200
2021.08.03,66.6678335240,66.7212346916,66.5839165721,66.7059797096
2021.08.04,66.6525594388,66.6906997931,66.5838974886,66.5838974886
2021.08.05,66.6220617886,66.7670044868,66.6220617886,66.7364945232
2021.08.06,66.6983460173,66.7670021635,66.6525752531,66.6601998336
2021.08.09,66.6296984140,66.6449592189,66.5076410765,66.5076410765
2021.08.10,66.5152551875,66.5228797678,66.3474212968,66.3550516974
2021.08.11,66.4007990362,66.4923463498,66.3779136629,66.4618305786
2021.08.12,66.4618839319,66.5915716984,66.4389927199,66.5763108904
2021.08.13,66.5991797948,66.7212371164,66.5991797948,66.7212371164
2021.08.16,66.7059866851,66.7441270544,66.6373247080,66.7441270544
2021.08.17,66.6678242154,66.6754546155,66.5228757149,66.5915376752
2021.08.18,66.5991882673,66.6678444282,66.4389789181,66.4389789181
2021.08.19,66.3702765732,66.5228495936,66.3321304080,66.4313081095
2021.08.20,66.4465891748,66.6220534553,66.4389587747,66.5915376752
2021.08.23,66.6830590175,66.8203712440,66.6830590175,66.7974858730
2021.08.24,66.8127514535,66.9042929444,66.7898660808,66.8890379693
2021.08.25,66.9043372268,66.9958845985,66.8738272565,66.9577384052
2021.08.26,66.9500991889,66.9577237696,66.8127810714,66.9195834049
2021.08.27,66.9424764235,67.1255653277,66.9272214400,67.1026799422
2021.08.30,67.1179433483,67.2094848938,67.1026825439,67.1865995074
2021.08.31,67.1789562212,67.2094720040,67.1103000753,67.2018416032
2021.09.01,67.2209768811,67.3281195152,67.2056741268,67.2592425246
2021.09.02,67.3434453432,67.3587481027,67.2898769270,67.3434453432
2021.09.03,67.3128198812,67.3740425836,67.2592514763,67.3510855298
2021.09.07,67.3357908870,67.3357908870,67.1674313399,67.1750856389
2021.09.08,67.1827082284,67.2745422576,67.1214855422,67.2515793714
2021.09.09,67.2439368925,67.3281166338,67.2362825964,67.3128080416
2021.09.10,67.4046490573,67.4122975157,67.2056782083,67.2133325052
2021.09.13,67.3051379771,67.3893176987,67.2592238884,67.3816692430
2021.09.14,67.4046539348,67.4352652860,67.3204741787,67.3510855298
2021.09.15,67.3587117321,67.4505457553,67.3510632757,67.4505457553
2021.09.16,67.4275945733,67.4505516215,67.3051491984,67.4275945733
2021.09.17,67.4046680584,67.4123165189,67.3204882846,67.3434453432
2021.09.20,67.0373091751,67.1980143554,66.9990493732,67.1061861601
2021.09.21,67.2133165798,67.2515763780,67.0985255080,67.2209650363
2021.09.22,67.3204882846,67.4046680584,67.2286542118,67.3434453432
2021.09.23,67.3816986649,67.4658784233,67.3128216633,67.3740443673
2021.09.24,67.3127826868,67.3586967690,67.2362572704,67.2745228979
2021.09.27,67.1597641041,67.2592466094,67.1368070520,67.2133325052
2021.09.28,67.0832412355,67.1138467471,66.8689617844,66.9072274317
2021.09.29,66.9837553535,67.1215035149,66.9684525971,67.0296694611
2021.09.30,67.0679285475,67.0985398958,66.8689577030,66.9531374511
2021.10.01,67.0675322143,67.1673502660,66.9062944282,67.1136043373
2021.10.04,67.0675148258,67.0905479524,66.8602108283,66.8755642935
2021.10.05,66.9446914619,66.9677245961,66.8218402692,66.8448734034
2021.10.06,66.6989815840,66.8295065568,66.6221966750,66.8064734272
2021.10.07,66.8986182760,67.0291491307,66.7680932792,66.8141595468
2021.10.08,66.7988133941,66.8372058599,66.6145424457,66.6145424457
2021.10.11,66.6145415091,66.6529281165,66.4072315694,66.4072315694
2021.10.12,66.4916868769,66.6222118794,66.4763334063,66.5300793401
2021.10.13,66.5684411227,66.7066457379,66.4609492950,66.7066457379
2021.10.14,66.8372168562,67.0905872554,66.8295371903,67.0829134473
2021.10.15,67.0982538368,67.0982538368,66.9293363650,66.9677288296
2021.10.18,66.8141637745,66.9370149731,66.7911306393,66.9370149731
2021.10.19,66.9369965336,66.9907424537,66.8909302758,66.9830627914
2021.10.20,66.9907600242,67.0214728234,66.9446937543,67.0061134949
2021.10.21,66.9907146961,67.0214274746,66.7910845652,66.8371566618
2021.10.22,66.8141595084,66.8448723061,66.6452479080,66.6759548478
2021.10.25,66.7527375520,66.8602294114,66.6222067018,66.7911241544
2021.10.26,66.8909321408,66.9523518670,66.8064734272,66.8064734272
2021.10.27,66.8755924911,66.8986256274,66.7450674800,66.7527471447
2021.10.28,66.7834610222,66.9216657003,66.7834610222,66.9216657003
2021.10.29,66.8141680908,66.8372070854,66.7450686806,66.7450686806
2021.11.01,66.8043766593,66.8428859744,66.6657301965,66.6734285336
2021.11.02,66.6734130428,66.8890839622,66.6734130428,66.8351662324
2021.11.03,66.7889748142,66.9815390384,66.7735722619,66.9661364861
2021.11.04,67.0277373626,67.4436766977,67.0123348138,67.1432770462
2021.11.05,67.2433982663,67.4128497687,67.2048830887,67.3974472236
2021.11.08,67.4667958196,67.4822042478,67.2742316038,67.3127467976
2021.11.09,67.3127467223,67.3666644676,67.2280179973,67.3666644676
2021.11.10,67.2819362724,67.2819362724,66.9661340122,66.9892407780
2021.11.11,67.0354725998,67.0431768161,66.8737193185,66.8737193185
2021.11.12,66.9507337072,67.0508708732,66.8891117399,66.8968159549
2021.11.15,66.9430149236,66.9507132597,66.8043684778,66.8197710266
2021.11.16,66.8351912861,66.9122216805,66.8120845185,66.8505997156
2021.11.17,66.8737044734,66.8891070259,66.7812715289,66.7812715289
2021.11.18,66.8659926662,66.8659926662,66.7273462035,66.7273462035
2021.11.19,66.7273462760,66.8351817608,66.6734285336,66.6734285336
2021.11.22,66.7350452612,66.7581520237,66.4115388321,66.4192430452
2021.11.23,66.4192128294,66.5270482567,66.2651580214,66.3267799446
2021.11.24,66.2420721164,66.3268008183,66.0572121652,66.3113923943
2021.11.26,65.9417009253,65.9494051406,65.7337282485,65.8338654176
2021.11.29,66.0957288578,66.3422107791,66.0572195468,66.2420795186
2021.11.30,66.2112639872,66.2959926927,65.8723491650,65.9647820828
2021.12.01,66.2831533287,66.4145340077,65.9353951628,65.9740375795
2021.12.02,66.0126933529,66.5072857711,66.0049695841,66.4609195744
2021.12.03,66.4995620023,66.5381985342,66.3295447531,66.4609195744
2021.12.06,66.4841051466,66.8318693229,66.4609220474,66.7545844641
2021.12.07,67.0095977988,67.2878067293,66.9555019454,67.1100598419
2021.12.08,67.0637135910,67.1332687923,66.9864346197,67.0946263587
2021.12.09,67.0791526982,67.0791526982,66.7932141053,66.7932141053
2021.12.10,66.8937133415,66.9709982284,66.8705302339,66.9478092248
2021.12.13,66.9478092248,67.0096347759,66.8937133415,66.9478092248
2021.12.14,66.8473278037,66.9168771066,66.7159529676,66.8318743684
2021.12.15,66.8241446340,67.1100774070,66.7159528990,67.0868943060
2021.12.16,66.8859701672,66.9477898044,66.7623191009,66.8086853027
2021.12.17,66.7391575389,66.8550789770,66.6232361008,66.7468872070
2021.12.20,66.5614185862,66.6850697074,66.5305058059,66.6309738159
2021.12.21,66.7236793579,66.9941646025,66.7236793579,66.9864349365
2021.12.22,66.9632773390,67.1796609003,66.9555476701,67.1642074585
2021.12.23,67.2028122736,67.3960126329,67.1873588391,67.3573760986
2021.12.27,67.3651001289,67.4810215242,67.3341873638,67.4269256592
2021.12.28,67.4037486479,67.4192020839,67.2955569082,67.3960189819
2021.12.29,67.3496597097,67.3728428140,67.2723807299,67.2878341675
2021.12.30,67.3110233706,67.3110233706,67.2260147163,67.2569274902
2021.12.31,67.2800916126,67.3264637084,67.2182719782,67.2414550781
2022.01.03,67.1718983419,67.2105407715,67.0482531800,67.2105407715
2022.01.04,67.2337353621,67.2337353621,66.9787094336,67.0405349731
2022.01.05,67.0328044382,67.0637172076,66.5227584839,66.5227584839
2022.01.06,66.5382090972,66.7082263734,66.4995725591,66.5304794312
2022.01.07,66.5304620805,66.5381917445,66.3527210806,66.3604507446
2022.01.10,66.2754539140,66.4300118454,65.9740618206,66.4145584106
2022.01.11,66.4531992434,66.7236785889,66.2677285346,66.7236785889
2022.01.12,66.8241718815,66.8628084335,66.7237038751,66.8319015503
2022.01.13,66.8164288562,66.8473416292,66.5691325681,66.5923156738
2022.01.14,66.5459387632,66.6386770673,66.4609301251,66.5304794312
2022.01.18,66.3372769376,66.3450066034,66.1595358970,66.2059020996
2022.01.19,66.3218357144,66.4300274711,66.1209056396,66.1440887451
2022.01.20,66.2677354175,66.4377527082,66.0049857106,66.0204391479
2022.01.21,66.0204456866,66.1518205530,65.9431667002,66.0281753540
2022.01.24,65.8349805839,66.0049979061,65.5103993797,65.9586257935
2022.01.25,65.7577045960,65.9122684989,65.6108762582,65.7654342651
2022.01.26,66.0513497684,66.3604715692,65.4562892700,65.5412979126
2022.01.27,65.7035838734,65.7808687437,65.1085292861,65.2553634644
2022.01.28,65.1085063784,65.4485408207,64.8766636412,65.4408111572
2022.01.31,65.3017180190,65.5567438950,65.0853345713,65.4562759399
2022.02.01,65.6540688851,65.7548940295,65.4369033941,65.7161178589
2022.02.02,65.8479418943,65.8944756479,65.6230188897,65.8169174194
2022.02.03,65.5144653683,65.5687567441,65.2197356846,65.2274932861
2022.02.04,64.9638059316,65.0723887032,64.5294689279,64.9715576172
2022.02.07,64.7931686587,65.0413586751,64.7000951836,64.9250183105
2022.02.08,64.9793013843,65.0335927585,64.8241848628,64.8552093506
2022.02.09,65.1033893775,65.2429965923,65.1033893775,65.1964569092
2022.02.10,64.7931521404,65.0180752100,64.3277967179,64.3355484009
2022.02.11,64.5527377710,64.5682470585,63.9477690442,64.1106491089
2022.02.14,64.1028910155,64.2424982718,63.7693851209,64.0020599365
2022.02.15,64.1726921765,64.2269835589,64.0330849191,64.1106491089
2022.02.16,64.0718675997,64.5139562658,64.0175762167,64.4674224854
2022.02.17,64.3510758176,64.3510758176,64.1494195933,64.1959533691
2022.02.18,64.1338849949,64.3665596998,64.0795936387,64.2890014648
2022.02.22,64.2502300693,64.4131100824,64.0563314910,64.1416473389
2022.02.23,64.2580120511,64.3045517513,64.0098220134,64.0253372192
2022.02.24,63.5289399897,64.5139422716,63.4668910177,64.4829177856
2022.02.25,64.5449385292,64.8629290163,64.5449385292,64.8474197388
2022.02.28,64.5450047628,65.0568942900,64.5450047628,64.8940200806
2022.03.01,64.9461382798,65.1096122044,64.5724793528,64.7126007080
2022.03.02,64.6736963137,64.8916615956,64.5647136727,64.8683090210
2022.03.03,64.9850722888,65.0006386909,63.9964364942,64.6736907959
2022.03.04,64.5646925750,64.5646925750,64.2066060233,64.2533111572
2022.03.07,64.1365342216,64.1521065570,63.6383263923,63.6928176880
2022.03.08,63.7395356963,63.9030096166,63.4437265939,63.4670791626
2022.03.09,63.8407645161,64.0820824118,63.7162095125,63.9964523315
2022.03.10,63.6461104910,63.7317405156,63.3814342495,63.4592781067
2022.03.11,63.5449360674,63.5605084092,62.9455315703,63.0000228882
2022.03.14,62.9377468247,62.9533191668,62.1826485885,62.2527122498
2022.03.15,62.3772369567,62.8676645768,62.3538843917,62.7197570801
2022.03.16,63.0233554553,63.6305459306,62.7041938199,63.5994071960
2022.03.17,63.6539095048,64.0664933542,63.6383431044,64.0353546143
2022.03.18,63.9108027579,64.2533229743,63.7940339624,64.2455368042
2022.03.21,64.1365551535,64.1832602968,63.3814569954,63.5060119629
2022.03.22,63.5683068252,63.8874686233,63.4437518236,63.8329772949
2022.03.23,63.7239895164,63.8407583362,63.5138044529,63.6305732727
2022.03.24,63.6227837453,63.7862576936,63.4593038580,63.7629051208
2022.03.25,63.7706771526,63.7706771526,63.2569028012,63.3036079407
2022.03.28,63.2724533503,63.7161698813,63.2568869541,63.7006034851
2022.03.29,63.9886314285,64.5024116310,63.9497124653,64.4868392944
2022.03.30,64.3155872043,64.3778587352,64.1365409629,64.2922286987
2022.03.31,64.3700896557,64.4012283961,64.0431358512,64.0587081909
2022.04.01,63.9602251498,64.1165473978,63.8195327413,64.0540161133
2022.04.04,64.1087324776,64.5464455263,64.0931026374,64.5386276245
2022.04.05,64.3979028881,64.4604341441,63.6788113335,63.7022590637
2022.04.06,63.2645690840,63.6241149573,63.0691633292,63.2020378113
2022.04.07,63.2645849533,63.3427460822,63.0926268918,63.1004447937
2022.04.08,62.9050162829,63.1004220162,62.7096105496,62.7174224854
2022.04.11,62.5142233132,62.5845665356,62.2015728547,62.2875518799
2022.04.12,62.7174265688,63.0144471193,62.5845520927,62.7643280029
2022.04.13,62.8737355345,63.2176454874,62.8268341148,63.1394844055
2022.04.14,63.1394995848,63.2254785846,62.5532823850,62.7174224854
2022.04.18,62.6549359121,62.8112582100,62.5298733031,62.6158523560
2022.04.19,62.4986144711,62.6783905004,62.4204533137,62.5611457825
2022.04.20,62.7487166738,62.8737792624,62.6549256957,62.7565345764
2022.04.21,62.9128354619,62.9519189984,62.2719048215,62.3266181946
2022.04.22,62.2484764866,62.2641122914,61.8811125971,61.9514617920
2022.04.25,62.0608992429,62.5298720910,61.9592843843,62.4751586914
2022.04.26,62.4516812389,62.4516812389,62.0999472977,62.1077651978
2022.04.27,62.1155908119,62.2719130519,61.7404090873,61.8029403687
2022.04.28,61.9358318327,62.2406644585,61.7013484086,62.1468734741
2022.04.29,61.8576653071,61.9436443441,61.3417970482,61.3808746338
2022.05.02,61.3298541837,61.4397075838,61.0709114607,61.3847808838
2022.05.03,61.5181931317,61.8006751042,61.4789571963,61.7065124512
2022.05.04,61.7143607421,62.4990315564,61.2670986174,62.3342514038
2022.05.05,61.9654326366,62.0046625711,61.0552119493,61.2278404236
2022.05.06,60.9139826078,61.2043129139,60.7413600872,60.8825950623
2022.05.09,60.5216366894,60.6628776263,60.1999248805,60.2391548157
2022.05.10,60.7256831464,60.8355365983,60.2941117377,60.5844421387
2022.05.11,60.4196326041,60.8041194990,60.2156165841,60.2234649658
2022.05.12,60.1528652111,60.4039596227,59.9488491309,60.1999435425
2022.05.13,60.4039636249,60.4667327421,59.9723922703,60.2705650330
2022.05.16,60.2941109578,60.3882736239,60.0822524423,60.1842575073
2022.05.17,60.3098066248,60.3176550101,59.9802462794,60.1293296814
2022.05.18,59.7997440924,59.8311316340,59.5643465107,59.6349639893
2022.05.19,59.5957403789,60.1607042702,59.5329712694,60.0351600647
2022.05.20,60.2470241390,60.2627209078,59.8154587833,59.9959297180
2022.05.23,60.1371720314,60.3098005721,60.0900936972,60.2313346863
2022.05.24,60.0900698000,60.6236459925,60.0665306423,60.5922584534
2022.05.25,60.6629032938,61.5495852120,60.6315157405,61.5103492737
2022.05.26,61.7379072417,62.3970279304,61.5731270695,62.3656463623
2022.05.27,62.6167274560,62.9227485657,62.4676380996,62.9227485657
2022.05.31,62.5696517247,62.6638143816,62.2400914054,62.3813323975
2022.06.01,62.4104707347,62.5837624552,62.0323660497,62.1505241394
2022.06.02,62.1662626745,62.4183304082,61.9850921836,62.4104576111
2022.06.03,62.1269048733,62.1269048733,61.8512006113,61.9457283020
2022.06.06,62.0559914354,62.0717490513,61.4100674087,61.4809646606
2022.06.07,61.2761615043,61.6936482046,61.2289006732,61.6227569580
2022.06.08,61.4730868074,61.4967172219,61.0162120959,61.0949821472
2022.06.09,60.8586618137,61.0555899141,60.4884360235,60.6065940857
2022.06.10,60.0236799518,60.0394375646,59.2989860166,59.5746841431
2022.06.13,58.4876655075,58.5349263444,57.4163757999,57.5817947388
2022.06.14,57.8574857927,58.4719066448,57.5424055729,57.9598922729
2022.06.15,58.4482790498,59.3856590718,58.3222481448,59.0863304138
2022.06.16,58.2119594873,58.4088876276,57.6763147052,58.1489410400
2022.06.17,58.2828227515,58.7396972601,58.1410343181,58.3300895691
2022.06.21,58.6845819628,58.8184916471,58.2355860727,58.2907257080
2022.06.22,58.1883259651,58.4876545589,58.1410591273,58.2749748230
2022.06.23,58.4403951492,58.7476025584,58.3537462892,58.6924629211
2022.06.24,58.8815022566,59.3620073043,58.7554653872,59.1099395752
2022.06.27,59.1572237823,59.1572237823,58.7476158142,58.7476158142
2022.06.28,58.8342459594,58.9130160040,58.0937943188,58.1016731262
2022.06.29,58.0701542715,58.1252938945,57.8417169733,58.0150146484
2022.06.30,57.7629733589,58.1568297063,57.5502875658,57.9835319519
2022.07.01,58.1567960649,58.7344104371,58.1172312039,58.5365982056
2022.07.05,58.1647156236,58.5366036191,57.7849134478,58.4812164307
2022.07.06,58.3862538989,58.5524154345,58.1726133268,58.2596511841
2022.07.07,58.6236426177,59.2487301279,58.5761696037,59.2091712952
2022.07.08,58.9955049630,59.3120056709,58.8372576275,59.2566184998
2022.07.11,59.1854185409,59.2803645429,58.9084766040,58.9243049622
2022.07.12,58.9955205716,59.2645483573,58.9480475657,59.1616821289
2022.07.13,58.5524136016,59.2803610787,58.4891122462,59.0983772278
2022.07.14,58.6157294834,59.0509128270,58.2438414741,58.9876174927
2022.07.15,59.1617042344,59.7393188477,59.1537960883,59.7393188477
2022.07.18,59.8896357606,59.9133722635,59.0983868000,59.1616821289
2022.07.19,59.3753261474,60.0874514603,59.3753261474,59.9450263977
2022.07.20,60.1824059179,60.6255095285,60.0399808353,60.2061424255
2022.07.21,60.1507235732,60.9736229464,60.0795140878,60.9182357788
2022.07.22,61.0132252620,61.3534626537,60.6492513606,60.8391494751
2022.07.25,60.8866214568,60.9973958581,60.6492503269,60.8233261108
2022.07.26,60.6254895039,60.6966990033,60.3564617538,60.3960266113
2022.07.27,60.6650634920,61.2980651496,60.6650634920,61.0606880188
2022.07.28,61.3534563959,61.7332525861,61.1081711048,61.6857795715
2022.07.29,61.6857697829,61.9943564023,61.5196082215,61.8677597046
2022.08.01,61.6723434813,62.0218538099,61.5690818207,61.8868179321
2022.08.02,61.7756211892,61.8471147115,61.5611527429,61.6008720398
2022.08.03,61.7835510668,62.1568905484,61.6167409696,62.1410064697
2022.08.04,62.2283845985,62.3157621912,62.0456904032,62.3078231812
2022.08.05,61.5611502955,62.0456966084,61.4737726941,61.9900932312
2022.08.08,62.2283904711,62.4746391919,61.9980379527,62.0456962585
2022.08.09,61.9027085265,61.9265376768,61.5611432313,61.5849723816
2022.08.10,62.3713629281,62.5699472557,62.2681012595,62.5064048767
2022.08.11,62.9115156119,63.0068382755,62.0615748909,62.1489524841
2022.08.12,62.3713792822,62.7288348017,62.1886850467,62.7050056458
2022.08.15,62.6096645967,62.7526455505,62.4746287127,62.5937805176
2022.08.16,62.5381922782,62.5381922782,62.1648526941,62.2998886108
2022.08.17,61.8629946133,61.9900915064,61.6326360397,61.6564712524
2022.08.18,61.8073924698,61.8629958466,61.6882467055,61.7517890930
2022.08.19,61.4261312043,61.4579054371,60.9892430778,61.1242790222
2022.08.22,60.6555990604,60.6873732808,60.3775822067,60.4331855774
2022.08.23,60.4490629392,60.6873665360,60.2345945502,60.5840988159
2022.08.24,60.5602674101,60.7667967823,60.4967250389,60.6555900574
2022.08.25,60.8303589225,61.2751859226,60.7270911829,61.2275276184
2022.08.26,61.2592862484,61.2592862484,60.1630970481,60.2187004089
2022.08.29,59.8533444776,60.1869648571,59.7818569936,59.9883804321
2022.08.30,60.0519200229,60.0995843989,59.3370149867,59.5276603699
2022.08.31,59.5514757266,59.6706275484,59.1860812506,59.2019653320
2022.09.01,59.0311442462,59.3983480839,58.7597395986,59.3584327698
2022.09.02,59.8693077282,59.9251855051,59.2546521819,59.3185081482
2022.09.06,59.3184891796,59.3823512157,58.9512916071,59.1588401794
2022.09.07,59.2386784244,60.0209733231,59.2227159568,60.0129890442
2022.09.08,59.7895019903,60.3083707051,59.6937088754,60.2764396667
2022.09.09,60.5717698036,60.8032651823,60.3722054521,60.5158920288
2022.09.12,60.7314091682,60.8511489661,60.4839452951,60.6994781494
2022.09.13,59.8533452591,60.0050100307,59.2945613995,59.3185081482
2022.09.14,59.3584327891,59.7974768842,59.3185174749,59.4063262939
2022.09.15,59.3025577537,59.4222976116,58.9992220586,59.0311470032
2022.09.16,58.6719236573,59.2307014465,58.5681523794,59.2307014465
2022.09.19,58.9992208689,59.4622056384,58.9433369915,59.4542274475
2022.09.20,59.0870115663,59.1269268734,58.8076226873,58.8475379944
2022.09.21,58.9912326355,59.2626372722,58.4005237691,58.6719284058
2022.09.22,58.4723457282,58.5841012601,58.1131323885,58.3206748962
2022.09.23,57.9215590551,58.0572674512,57.3787437415,57.5783081055
2022.09.26,57.4106644663,57.6182130729,56.8838178069,56.8997802734
2022.09.27,57.3867257178,57.4106724661,56.5964525734,56.7800483704
2022.09.28,57.2111267851,57.8656978428,57.0275309282,57.7938575745
2022.09.29,57.4186518380,57.4505828631,56.9317143639,57.2510185242
2022.09.30,57.2590014512,57.6980393324,56.9796065112,56.9875907898
2022.10.03,57.4376420828,57.8628080163,57.3253343313,57.7344589233
2022.10.04,58.4805021999,58.9858870420,58.3762120672,58.9778633118
2022.10.05,58.4965487447,58.8816082685,58.2478681667,58.7452354431
2022.10.06,58.6810600457,58.9297406332,58.4805096055,58.5687522888
2022.10.07,58.2157665410,58.3762044038,57.8387308313,57.8547782898
2022.10.10,57.8146745324,57.8467633339,56.8921413812,57.1488456726
2022.10.11,57.2611321743,57.7745405667,57.1889369880,57.3253097534
2022.10.12,57.2852199076,57.6381844542,57.2852199076,57.4215927124
2022.10.13,56.5311411665,57.6863132948,56.4749873058,57.5499343872
2022.10.14,57.9109454247,58.0553419824,57.2210514404,57.3654479980
2022.10.17,57.8788387126,58.2398269349,57.8708149840,58.0713653564
2022.10.18,58.6649907324,58.8093872405,58.2237836004,58.4804878235
2022.10.19,58.0793892832,58.2719159277,57.7424661252,57.9189453125
2022.10.20,57.9269906777,58.3601803799,57.5419372448,57.5980911255
2022.10.21,57.4296058234,58.2237897617,57.4055407563,58.1515884399
2022.10.24,58.2077222407,58.3441011081,57.8868466287,58.1916809082
2022.10.25,58.3361155110,58.7612814831,58.3200680477,58.7532577515
2022.10.26,58.6088671033,59.1302995467,58.5206244073,58.9137077332
2022.10.27,59.0580773890,59.4752194814,58.8495032827,59.3468704224
2022.10.28,59.5634600321,59.9164306426,59.4591760428,59.8041229248
2022.10.31,59.4992745823,59.5072983098,58.8976235504,58.9056472778
2022.11.01,59.5418141064,59.5498624030,58.9539628386,59.2599639893
2022.11.02,59.2358135621,59.8236648969,58.6882282897,58.7204399109
2022.11.03,58.1165081234,58.4949871376,57.8910328325,58.3017234802
2022.11.04,58.6801656409,58.9539551383,58.3016868644,58.7043228149
2022.11.07,58.8251279149,58.8734422737,58.5271750335,58.6962814331
2022.11.08,58.7446100946,58.8412449795,58.4547115836,58.6399269104
2022.11.09,58.4627553527,58.5754929593,57.8346440749,57.9393272400
2022.11.10,59.5740499802,59.8075735506,59.1553049260,59.7431564331
2022.11.11,59.7673092802,60.1457882328,59.5337795831,59.9525184631
2022.11.14,59.7914800571,59.8236916927,59.4854787345,59.5096359253
2022.11.15,60.1055182735,60.1538326410,59.6465133519,60.0330467224
2022.11.16,59.9847313227,60.0491545806,59.8397820644,59.9042053223
2022.11.17,59.4371499914,59.7270485280,59.3727328729,59.6465225220
2022.11.18,59.9605654526,59.9605654526,59.6062437294,59.7753562927
2022.11.21,59.7109340770,59.8719860574,59.6062447604,59.7511940002
2022.11.22,59.8639440583,60.2263203051,59.7995269389,60.1860542297
2022.11.23,60.1377394865,60.6370105565,60.1216367427,60.5242729187
2022.11.25,60.5161914143,60.5403485910,60.3148734163,60.4034538269
2022.11.28,60.2343666602,60.3390498408,59.7431500970,59.7673072815
2022.11.29,59.7673032254,60.0733044474,59.6545656098,60.0249900818
2022.11.30,60.0733175113,60.9510675885,59.9042110511,60.9269104004
2022.12.01,61.1120788565,61.1848634214,60.7966934714,61.1525154114
2022.12.02,60.6430554586,61.1282633767,60.6430554586,61.1040039062
2022.12.05,60.8775849312,60.8937620276,60.4004654738,60.5217628479
2022.12.06,60.5460127864,60.6511392066,60.1901907954,60.3034057617
2022.12.07,60.2872381546,60.7077500282,60.2872381546,60.6349716187
2022.12.08,60.7077349582,60.7643424304,60.4893936140,60.6834754944
2022.12.09,60.5055645333,60.9099053832,60.5055645333,60.6834754944
2022.12.12,60.8290513975,60.9746143812,60.7320073517,60.9180068970
2022.12.13,61.9531156352,62.0258940386,61.2091298306,61.5487747192
2022.12.14,61.4679048331,61.6296387239,60.8290454761,61.2010383606
2022.12.15,60.8969964112,61.0595810173,60.6693692796,60.9701576233
2022.12.16,60.6206210061,60.8157238571,60.4905545061,60.6450080872
2022.12.19,60.4092360483,60.5311776158,60.2060021698,60.3360748291
2022.12.20,60.0352928952,60.3116942247,59.9052264242,60.1816215515
2022.12.21,60.4823949777,60.8075703780,60.4336146362,60.6937599182
2022.12.22,60.4580127025,60.5555609888,60.0921880223,60.3198089600
2022.12.23,60.2222694504,60.5230516466,60.1165838553,60.4742774963
2022.12.27,60.4173647341,60.4580139890,59.8157942144,59.8483123779
2022.12.28,59.9458694498,60.0190368790,59.0109922687,59.0435104370
2022.12.29,59.2792876908,59.8483465743,59.1410900685,59.8076972961
2022.12.30,59.6044334654,59.8889596636,59.5719152996,59.8564414978
2023.01.03,60.2466466392,60.3116829637,59.8808281679,59.9702453613
2023.01.04,60.3685975794,60.6937730501,60.1491015008,60.6612548828
2023.01.05,60.4498908591,60.5962195131,60.3035622051,60.5393142700
2023.01.06,60.8645122909,61.6042807253,60.7263084760,61.4010467529
2023.01.09,61.5798608476,61.7505765492,61.4904374512,61.6205101013
2023.01.10,61.5880010969,61.6774245066,61.4010231851,61.5473518372
2023.01.11,61.7831035488,61.9863374421,61.6611619724,61.9538192749
2023.01.12,62.1082990831,62.3521761125,61.8237727811,62.3034019470
2023.01.13,61.9944885623,62.4090813729,61.9619703846,62.3034019470
2023.01.17,62.2058400789,62.2302333610,62.0188683320,62.0920295715
2023.01.18,62.4740819701,62.6610598343,62.1489065816,62.1651687622
2023.01.19,61.9538066359,62.0513611175,61.7424416934,61.7993469238
2023.01.20,61.7831090389,61.9213066101,61.5636191437,61.9213066101
2023.01.23,61.8644009490,62.0838970450,61.7587215487,61.9131813049
2023.01.24,61.7912346412,61.9863374421,61.6855490473,61.9538192749
2023.01.25,61.7505911506,62.0107303102,61.6855548101,61.9456939697
2023.01.26,62.0757868651,62.1652103118,61.8562906952,62.1001739502
2023.01.27,62.0025985193,62.0838970450,61.8237578884,61.9131813049
2023.01.30,61.6855535037,61.8074950889,61.5554870278,61.5717430115
2023.01.31,61.7343471332,62.0757786834,61.7180849438,62.0513916016
2023.02.01,62.0661090327,62.8829832929,61.9027304413,62.7032699585
2023.02.02,63.1606835046,63.1770182388,62.9564650496,63.0626564026
2023.02.03,62.5725514098,62.7849404092,62.3519981569,62.4010086060
2023.02.06,62.1314251869,62.1641008899,61.9108719820,62.0007286072
2023.02.07,61.9435526244,62.3764948173,61.9027064343,62.2212867737
2023.02.08,62.1314541931,62.2131466049,61.8292147057,61.9599113464
2023.02.09,62.1722714988,62.1722714988,61.5024351666,61.5596160889
2023.02.10,61.2900262036,61.4697393957,61.0122921666,61.0858078003
2023.02.13,61.1266660023,61.4452462755,61.0613146046,61.2410278320
2023.02.14,61.1266696096,61.4207446842,60.8652702358,61.2573661804
2023.02.15,61.0368114029,61.1675079703,60.9224495693,61.1593437195
2023.02.16,60.8897794071,60.9306193615,60.6365505001,60.6692199707
2023.02.17,60.5712128058,61.0041550605,60.3424890661,60.9061279297
2023.02.21,60.3261332115,60.4731707554,59.7216483012,59.9667129517
2023.02.22,60.1219162520,60.6038750814,60.1219162520,60.3588104248
2023.02.23,60.6365512143,61.0449881567,60.5548588400,60.9551315308
2023.02.24,60.4486497607,60.7100490779,60.3832983733,60.5875167847
2023.02.27,60.8734431572,61.0776616418,60.7590813043,60.9959754944
2023.02.28,60.9714560371,60.9714560371,60.7917428154,60.8815994263
2023.03.01,60.8815996641,60.8980336218,60.5610841927,60.7090148926
2023.03.02,60.3885003654,60.8569465440,60.3885003654,60.7829780579
2023.03.03,61.0542105945,61.4815626494,60.9555879956,61.4076004028
2023.03.06,61.5473110487,61.6294934127,61.3582922384,61.4076004028
2023.03.07,61.4158152621,61.4486831888,60.9638028935,60.9720230103
2023.03.08,61.0130999571,61.1117225296,60.5610939409,60.6843643188
2023.03.09,60.7418999511,60.9966670970,60.2816675412,60.3474159241
2023.03.10,60.3885031549,60.7747607511,60.1337297687,60.3556289673
2023.03.13,60.1501740747,60.7994252156,59.8543126365,60.0268974304
2023.03.14,60.5611165057,60.7419214876,60.2159405084,60.4624938965
2023.03.15,59.8378700907,60.3227565339,59.6735054181,60.2652282715
2023.03.16,60.1008763475,60.7747817504,60.0104738680,60.6597251892
2023.03.17,60.3556315958,60.6350527972,60.1912606507,60.2981033325
2023.03.20,60.1830577136,60.4542588494,60.0515609338,60.1337432861
2023.03.21,60.5282039133,60.8815935347,60.4049272975,60.7911911011
2023.03.22,60.7994314693,61.4651166385,60.5775322328,60.8487396240
2023.03.23,60.8405103866,61.1199378517,60.4213723239,60.6103973389
2023.03.24,60.3638677833,60.5611129904,60.3145596166,60.4871444702
2023.03.27,60.6103949620,60.7007974086,60.3391876221,60.3391876221
2023.03.28,60.2241416584,60.3802925063,60.1090851189,60.3063240051
2023.03.29,60.5282138708,61.0706222916,60.5282138708,61.0624084473
2023.03.30,61.2021373088,61.4322504208,61.0377663215,61.4240303040
2023.03.31,61.6130362959,62.1718849393,61.5965960672,62.0897026062
2023.04.03,62.0335706598,62.1656653971,61.8932247254,62.0418281555
2023.04.04,62.0418107794,62.1326243112,61.7941363657,61.8601837158
2023.04.05,61.8189277926,61.8767176729,61.4391648221,61.5134696960
2023.04.06,61.4144174168,61.8849941001,61.3318613195,61.7859230042
2023.04.10,61.5712299922,61.7611082369,61.4308841072,61.7280845642
2023.04.11,61.7280890155,62.0005296109,61.6785566522,61.8601837158
2023.04.12,62.1739208629,62.2317107398,61.7941579150,61.8436965942
2023.04.13,61.9510433649,62.4298775620,61.9510433649,62.2647590637
2023.04.14,62.2482142605,62.3720514877,61.9840311151,62.1491432190
2023.04.17,61.9757627398,62.0500675826,61.7611120035,61.9840202332
2023.04.18,62.1326275966,62.2151836393,61.9014681575,62.0252990723
2023.04.19,61.7776412964,61.9097297272,61.7363601188,61.7776412964
2023.04.20,61.6290503214,61.8189286600,61.5464942482,61.7198638916
2023.04.21,61.8189116440,61.9427488691,61.6620570376,61.9097251892
2023.04.24,61.9427534391,62.1326380381,61.8767060744,62.0830993652
2023.04.25,62.0500675826,62.1656472947,61.9262303771,61.9840202332
2023.04.26,61.9675003019,62.0087814666,61.6537848651,61.7445983887
2023.04.27,61.8601981048,62.1243812682,61.7528758598,61.9510116577
2023.04.28,61.9675278303,62.3142733918,61.9675278303,62.2152023315
2023.05.01,62.1289664400,62.1870073938,61.7973011353,61.9299697876
2023.05.02,61.9299586680,61.9714128699,61.6646277372,61.8719177246
2023.05.03,61.9382593579,62.2201770924,61.8221774455,61.8387641907
2023.05.04,61.6729067073,61.6977868164,61.4324495943,61.6563262939
2023.05.05,61.8387689475,62.0709327903,61.7558541931,61.9880180359
2023.05.08,61.9382575051,61.9382575051,61.6729265238,61.8138885498
2023.05.09,61.6480329243,61.7558277522,61.5816986187,61.6563262939
2023.05.10,61.9962899334,62.1206651977,61.7972933063,62.0294570923
2023.05.11,61.9714239969,61.9962977877,61.8636354615,61.9299697876
2023.05.12,61.9216953709,62.0129035157,61.5900299647,61.7061119080
2023.05.15,61.7143994003,61.7641469924,61.6066108421,61.6895256042
2023.05.16,61.5734276133,61.5900080310,61.2003017920,61.2583427429
2023.05.17,61.3246737836,61.6397523111,61.2997999953,61.4241752625
2023.05.18,61.2417568735,61.5153811863,61.2002963440,61.4573402405
2023.05.19,61.5153869653,61.6563426575,61.4158854806,61.5236740112
2023.05.22,61.5402570376,61.9133765122,61.5402570376,61.7972946167
2023.05.23,61.6812203874,61.7558480872,61.4158894039,61.4739303589
2023.05.24,61.2997965067,61.3744178671,60.9183836816,61.0427589417
2023.05.25,61.2666585772,61.2832453269,60.9847470909,61.0013275146
2023.05.26,61.0676464028,61.4490593132,61.0427726104,61.3744316101
2023.05.30,61.6480333600,61.6480333600,61.4324500285,61.6397399902
2023.05.31,61.4739208761,61.5651289806,61.3163784543,61.4490470886
2023.06.01,61.4848652165,61.9097560324,61.4681990926,61.8181114197
2023.06.02,62.0347421488,62.2930099281,61.9014449052,62.1347198486
2023.06.05,62.0847320557,62.1097312495,61.9347686738,62.0847320557
2023.06.06,62.0264226154,62.2013852174,61.9181181841,62.1847190857
2023.06.07,62.2346817236,62.3096665762,61.7681319077,61.8431167603
2023.06.08,61.8431379663,62.2680289703,61.8431379663,62.2347030640
2023.06.09,62.2846915660,62.3680031490,62.2263728224,62.2513656616
2023.06.12,62.3096896487,62.3180227146,62.0514218130,62.1847190857
2023.06.13,62.3430009014,62.4346455357,62.1680446968,62.2596893311
2023.06.14,62.3180091275,62.4762992070,61.9930895482,62.2846832275
2023.06.15,62.3679948137,62.6096028213,62.3346689137,62.5846099854
2023.06.16,62.5596010865,62.5762672120,62.4013110315,62.4263038635
2023.06.20,62.3263347736,62.4263124718,62.2596893311,62.2596893311
2023.06.21,62.1347434541,62.2347148357,61.9764469582,62.1014175415
2023.06.22,61.9597650441,62.0514096820,61.9014463069,61.9181060791
2023.06.23,61.8264742288,61.8681332024,61.6515179811,61.8098144531
2023.06.26,61.8181175719,61.9264283193,61.7264729500,61.8431167603
2023.06.27,61.9097740057,62.1097294132,61.8931142332,62.0514106750
2023.06.28,62.0430703805,62.4096488953,62.0014114198,62.4096488953
2023.06.29,62.1847003730,62.2513521674,62.0097441799,62.2430191040
2023.06.30,62.4512936153,62.6845685111,62.3929748914,62.5429382324
2023.07.03,62.5538428811,62.5622209215,62.4198197973,62.4449539185
2023.07.05,62.4198189096,62.4365749901,62.1517791363,62.2522964478
2023.07.06,61.7999763489,61.8669878879,61.6324538919,61.7999763489
2023.07.07,61.7832136292,62.2606595605,61.7580859050,61.8585968018
2023.07.10,61.9172318517,62.2355334077,61.9088602038,62.1685218811
2023.07.11,62.3276891193,62.5035896301,62.2271718029,62.5035896301
2023.07.12,62.8972558837,63.0815343995,62.8386223915,62.9893951416
2023.07.13,63.2407146287,63.4333712732,63.1653314138,63.3663597107
2023.07.14,63.2993282809,63.3495837417,62.8637660427,62.9056434631
2023.07.17,62.8721459085,63.1234360265,62.8218904411,63.0229187012
2023.07.18,63.0731566977,63.2825629200,63.0480225830,63.1987953186
2023.07.19,63.3160934546,63.3663553183,63.2072044661,63.2490882874
2023.07.20,62.9977992458,63.0731888473,62.8051490018,62.9726715088
2023.07.21,62.9893928793,63.2323048786,62.9893928793,63.1317939758
2023.07.24,63.1820695353,63.2742088192,63.0061690089,63.0229187012
2023.07.25,62.9559094079,63.0480422951,62.8721417803,62.9810371399
2023.07.26,62.9559074438,63.2909523813,62.9224016720,63.2323188782
2023.07.27,63.3495616350,63.3998234689,62.5957044238,62.7297210693
2023.07.28,62.9977922023,63.1401869564,62.9475367340,63.0899314880
2023.07.31,63.1736729787,63.3244457272,63.1401672134,63.2406845093
2023.08.01,63.0875060683,63.0875060683,62.8518547222,62.9275970459
2023.08.02,62.6582832336,62.7171960729,62.4983806248,62.6582832336
2023.08.03,62.4563140869,62.5825577539,62.3553178691,62.4563140869
2023.08.04,62.8266067505,63.0706760486,62.7592759605,62.8266067505
2023.08.07,62.9444465637,62.9781119663,62.7845375067,62.9444465637
2023.08.08,62.9023668193,63.1211887381,62.8350424312,63.0791053772
2023.08.09,63.0875282288,63.1632770001,62.9528730213,63.0875282288
2023.08.10,63.1295953677,63.4157416232,62.9023555333,63.0706825256
2023.08.11,62.8518752282,63.0033663459,62.7677149230,62.9781188965
2023.08.14,62.8686960253,63.0622704795,62.7592882858,62.9696922302
2023.08.15,62.8013694104,62.9444425465,62.7424565649,62.7677040100
2023.08.16,62.7424618430,62.9107824383,62.5741348267,62.5741348267
2023.08.17,62.6078158210,62.6330632745,62.1617603535,62.3132514954
2023.08.18,62.1869955580,62.5488906357,62.1617481095,62.3553161621
2023.08.21,62.3468884133,62.3973832972,62.1448960357,62.3384704590
2023.08.22,62.4731351709,62.4983826141,62.3216440906,62.3721389771
2023.08.23,62.6162183074,62.9696954109,62.6162183074,62.8771171570
2023.08.24,62.8855281507,62.8855281507,62.4647202872,62.5320510864
2023.08.25,62.5488803461,62.8686920096,62.4983854573,62.7929496765
2023.08.28,63.0370167402,63.0622641837,62.8602782151,63.0285987854
2023.08.29,62.9612915189,63.4241828918,62.9360440660,63.4241828918
2023.08.30,63.4241503330,63.5251465137,63.3399900596,63.3989028931
2023.08.31,63.3484164560,63.4409947048,63.2558446282,63.3568344116
2023.09.01,63.5775206330,63.6197946707,63.2900275017,63.4760513306
2023.09.05,63.3830468794,63.3830468794,63.0109991778,63.0617370605
2023.09.06,63.0025578380,63.0363809479,62.7827108489,62.9095458984
2023.09.07,62.8080480433,63.1547299244,62.8080480433,63.1209068298
2023.09.08,63.2477742033,63.3154139760,63.0448355319,63.0955734253
2023.09.11,63.1801167663,63.2054824829,63.0532817319,63.2054824829
2023.09.12,63.0448303369,63.2139458824,63.0448303369,63.1040191650
2023.09.13,63.0786586729,63.3407861774,63.0786586729,63.2731399536
2023.09.14,63.3407731527,63.4168703005,63.2731269427,63.3492240906
2023.09.15,63.1632154224,63.2900504837,63.1124839783,63.1124839783
2023.09.18,63.0363503340,63.2223676717,63.0363503340,63.1547279358
2023.09.19,63.0194587506,63.1124706793,62.9179958838,62.9602699280
2023.09.20,63.1040207167,63.2139474368,62.9010885082,62.9095458984
2023.09.21,62.6558700642,62.7066079500,62.4613952637,62.4613952637
2023.09.22,62.5882164619,62.7996060164,62.5628507475,62.5713081360
2023.09.25,62.4106670150,62.5966909058,62.3430272419,62.4867706299
2023.09.26,62.4360347116,62.4783152158,62.1739136486,62.2161941528
2023.09.27,62.3937547969,62.4444862363,62.0217070384,62.1316337585
2023.09.28,62.0216957339,62.4529322434,61.9878726301,62.4275665283
2023.09.29,62.6896971769,62.7488860049,62.3261068190,62.3345642090
2023.10.02,62.1348089489,62.2538080667,61.8798136186,61.9563102722
2023.10.03,61.7097933438,61.8797966691,61.3017983331,61.3272972107
2023.10.04,61.4717954563,61.7352925054,61.3017986152,61.6417922974
2023.10.05,61.5992870060,61.7777856076,61.5397874721,61.7012825012
2023.10.06,61.4548174355,61.8968132505,61.2848140568,61.7863159180
2023.10.09,61.7948000987,62.2537994114,61.7948000987,62.2453041077
2023.10.10,62.0838192397,62.4238195425,62.0073160912,62.2283172607
2023.10.11,62.3472884647,62.4237915789,61.9477887742,62.2197875977
2023.10.12,62.1943052323,62.1943052323,61.7013052074,61.8883056641
2023.10.13,62.0583157589,62.2538115412,61.7778150435,61.8373146057
2023.10.16,61.8117992679,61.9733008159,61.7692968126,61.8203010559
2023.10.17,61.5567946544,61.7182961949,61.4462973548,61.5312957764
2023.10.18,61.4632953710,61.5907962478,61.1912965268,61.2337989807
2023.10.19,61.2338300264,61.5398296919,61.0128288269,61.0128288269
2023.10.20,61.0807973933,61.2762931116,61.0467967282,61.1402969360
2023.10.23,61.0042924365,61.5567918795,60.9277958060,61.3867950439
2023.10.24,61.5482892584,61.7267878600,61.4802879383,61.7012825012
2023.10.25,61.5482980503,61.5992958052,61.3017980934,61.3697929382
2023.10.26,61.3782969522,61.6927982503,61.2847967415,61.5822944641
2023.10.27,61.6417983437,61.7183014692,61.3953048455,61.5058021545
2023.10.30,61.4973206305,61.6248215583,61.4293192710,61.5228195190
2023.10.31,61.5483070890,61.8798055144,61.5228017229,61.6843032837
2023.11.01,61.7680687368,62.2722663879,61.7680687368,62.2722663879
2023.11.02,62.6653437616,63.0584434484,62.6567962736,62.9729881287
2023.11.03,63.3660716600,63.6309850397,63.2378854531,63.5882606506
2023.11.06,63.4429851663,63.5711713847,63.2720745549,63.3318939209
2023.11.07,63.2891718804,63.4173581168,63.1524446761,63.3404502869
2023.11.08,63.3233591942,63.4344569818,63.2891757610,63.3746376038
2023.11.09,63.2806326355,63.4002713874,62.9644407798,62.9815292358
2023.11.10,63.1609934071,63.3233565579,63.1268099754,63.2891731262
2023.11.13,63.0584518255,63.2891818716,63.0584518255,63.2293624878
2023.11.14,63.7677298226,64.0326432484,63.7677298226,63.8702735901
2023.11.15,63.7591944684,63.8446497975,63.6053722680,63.6651916504
2023.11.16,63.6908367370,63.8104755189,63.6224698559,63.7506561279
2023.11.17,63.7591963878,63.8959236145,63.6481051085,63.8959236145
2023.11.20,63.7933799552,64.0497459508,63.7933799552,63.9642906189
2023.11.21,63.9215563049,64.0668309986,63.9215563049,64.0497360229
2023.11.22,64.1352145746,64.2292174055,63.9899333233,64.1608505249
2023.11.24,64.1095643493,64.1181118383,64.0497449659,64.0924758911
2023.11.27,64.0924824613,64.2633931400,64.0326630718,64.1864852905
2023.11.28,64.1779270424,64.4941189167,64.1352026398,64.4684829712
2023.11.29,64.7248448488,64.9812173273,64.6992089049,64.8188476562
2023.11.30,64.7932062908,64.8273897198,64.5026569246,64.6992034912
2023.12.01,64.6339847446,65.2520820663,64.5567193046,65.2349090576
2023.12.04,64.8571606725,65.1146967483,64.8571606725,65.0717773438
2023.12.05,64.9601768063,65.2091329475,64.9601768063,65.1318740845
2023.12.06,65.2091360679,65.2692284807,65.0975377439,65.1404571533
2023.12.07,65.2349174432,65.3636888267,65.1748250042,65.2520904541
2023.12.08,65.0803803052,65.1662322437,64.9601954507,65.1233062744
2023.12.11,65.0718109746,65.0889774353,64.8743606532,65.0803909302
2023.12.12,65.0460421539,65.2520789510,64.9001043348,65.2263259888
2023.12.13,65.3293310716,66.2307239542,65.2949916089,66.2221374512
2023.12.14,66.5404751445,66.7561515270,66.3851878859,66.5145950317
2023.12.15,66.4542120546,66.7302775864,66.2126555371,66.3679428101
2023.12.18,66.4973486496,66.4973486496,66.1954030086,66.4110794067
2023.12.19,66.4887112525,66.6785075117,66.4628311411,66.6008605957
2023.12.20,66.6785074591,66.8941838295,66.5749804318,66.6094894409
2023.12.21,66.8682990370,66.9718194751,66.7043829007,66.9114303589
2023.12.22,67.0235975472,67.0753577750,66.7906633585,66.8338012695
2023.12.26,66.8596611653,66.9718104855,66.8424099552,66.9631881714
2023.12.27,67.0063236796,67.3600360363,66.9545634643,67.2392578125
2023.12.28,67.2047650968,67.2133939954,66.8941905656,67.0235977173
2023.12.29,67.0063346242,67.1702507754,66.7647781372,66.7647781372
2024.01.02,66.5404663086,66.6353644308,66.4628259805,66.5404663086
2024.01.03,66.1867754756,66.4973500218,66.0401171015,66.3593139648
2024.01.04,66.2643962973,66.3420432020,66.0832289624,66.1004867554
2024.01.05,66.0832341837,66.4283176698,66.0401028616,66.1522521973
2024.01.08,66.1695114507,66.5749841025,66.1695114507,66.5232238770
2024.01.09,66.4369356573,66.7043721887,66.3937977604,66.6267318726
2024.01.10,66.7820370866,66.8510485256,66.6698811572,66.7475280762
2024.01.11,66.7302540531,66.9718104855,66.5749668348,66.9631881714
2024.01.12,67.0149753455,67.2220228591,66.9718374301,67.0322265625
2024.01.16,66.9028127272,66.9028127272,66.5404714227,66.6094894409
2024.01.17,66.4973512879,66.4973512879,66.1954056349,66.3248062134
2024.01.18,66.4196916840,66.4714584874,66.2989134458,66.4628295898
2024.01.19,66.4887124561,66.5749816895,66.2385270718,66.5749816895
2024.01.22,66.5835939757,66.7992702963,66.5835939757,66.6267318726
2024.01.23,66.5922330573,66.6439932760,66.4541970317,66.5490951538
2024.01.24,66.7734093234,66.7992894362,66.4542059079,66.5145950317
2024.01.25,66.7475321987,67.0235977173,66.6871430722,67.0235977173
2024.01.26,66.9890671789,67.0925876014,66.9373003857,66.9718093872
2024.01.29,66.9976910332,67.1443493420,66.9200441402,67.1184692383
2024.01.30,67.1185023933,67.1443825097,66.8855681812,67.0322265625
2024.01.31,67.0322198104,67.2047648726,66.7992922037,66.8424301147
2024.02.01,67.0453167113,67.2880763957,66.8545750694,67.2273864746
2024.02.02,66.8025322512,67.0106109585,66.7938603757,66.9239120483
2024.02.05,66.7158372101,66.7678618562,66.4644123156,66.6118011475
2024.02.06,66.6464897174,66.9499392930,66.6464897174,66.8545684814
2024.02.07,66.9932941783,67.0193098151,66.7765435083,66.9672851562
2024.02.08,66.9152495313,67.0192922069,66.8632315009,66.9325866699
2024.02.09,66.9759411493,67.1146647203,66.8805703480,67.0713119507
2024.02.12,67.0452918455,67.1579997672,66.9065682975,66.9239120483
2024.02.13,66.4730819862,66.5857965478,66.2736751097,66.3863830566
2024.02.14,66.5771302091,66.7505280826,66.5251121700,66.6464920044
2024.02.15,66.7591896424,66.9586031193,66.7071716113,66.8805694580
2024.02.16,66.6984894799,66.7678512538,66.6031186944,66.6811523438
2024.02.20,66.6638245327,66.8719032894,66.6031346197,66.8198852539
2024.02.21,66.8112095289,66.8632341761,66.6031307842,66.6985015869
2024.02.22,66.8892430431,67.0279600010,66.8458902729,67.0192947388
2024.02.23,67.0799810821,67.1580081266,67.0106192995,67.0626373291
2024.02.26,67.0366431263,67.0626521469,66.8285643471,66.8459014893
2024.02.27,66.8892405161,66.9325866699,66.8025415938,66.9325866699
2024.02.28,66.8892311613,67.0019390831,66.8458783989,66.9239120483
2024.02.29,67.0193095816,67.1666984491,66.9672849229,67.0453186035
2024.03.01,67.0784319520,67.3225744061,66.9476394510,67.2964172363
2024.03.04,67.2441056246,67.3400196858,67.1656274599,67.2789840698
2024.03.05,67.2789903104,67.4446546249,67.1917908631,67.2266693115
2024.03.06,67.4010399980,67.4969540374,67.2964046862,67.3923187256
2024.03.07,67.5667163637,67.5841589117,67.4184879680,67.4708023071
2024.03.08,67.5666993331,67.7759699414,67.4795065725,67.4882278442
2024.03.11,67.4359382371,67.5144164148,67.4010664385,67.4795379639
2024.03.12,67.5841575780,67.5841575780,67.3661722996,67.5405578613
2024.03.13,67.4882627845,67.7324053016,67.4882627845,67.5667343140
2024.03.14,67.5492728797,67.5841513193,67.1656166964,67.2440948486
2024.03.15,67.2092065012,67.3487135867,67.1045711978,67.2004852295
2024.03.18,67.3748959195,67.4184956420,67.2964244020,67.3574600220
2024.03.19,67.3400034907,67.6451814972,67.3312822184,67.6277389526
2024.03.20,67.6103268083,67.8806264730,67.5492911856,67.8544692993
2024.03.21,67.9678161198,67.9765373948,67.7323949151,67.8195877075
2024.03.22,67.8457385824,67.9154954708,67.7149527321,67.7498245239
2024.03.25,67.6277448318,67.7236588783,67.6103089381,67.6451873779
2024.03.26,67.7236840253,67.7324053016,67.5492984138,67.5667343140
2024.03.27,67.7323967137,67.9242248535,67.6626398170,67.9242248535
2024.03.28,67.8370213297,67.9416500058,67.7672644440,67.7759857178
2024.04.01,67.7891126049,67.7891126049,67.4736100529,67.4999008179
2024.04.02,67.2720498105,67.4035103347,67.2369932249,67.3859786987
2024.04.03,67.2895826240,67.4736247049,67.2282352637,67.4385681152
2024.04.04,67.5787865761,67.6751905148,67.2895747601,67.3859786987
2024.04.05,67.3334118160,67.4210499557,67.2983552228,67.3246459961
2024.04.08,67.3334134769,67.5174555809,67.2895910628,67.4823989868
2024.04.09,67.5875706633,67.6839746280,67.4999258325,67.6226272583
2024.04.10,67.1756655101,67.2720694769,66.8689286548,67.0266799927
2024.04.11,67.0529548980,67.0967706176,66.7900338349,66.9653167725
2024.04.12,66.9390264670,66.9740830583,66.8250975602,66.9302673340
2024.04.15,67.0003925458,67.0003925458,66.4657910810,66.5446701050
2024.04.16,66.5271352779,66.5271352779,66.2466825112,66.3255615234
2024.04.17,66.5096196274,66.6410802218,66.3518682513,66.4132156372
2024.04.18,66.4131853675,66.5095893137,66.2904906517,66.4657669067
2024.04.19,66.5271383438,66.6761238682,66.5183725229,66.5884857178
2024.04.22,66.7286937272,66.9828489994,66.7024029553,66.9565582275
2024.04.23,67.0179004919,67.2720557448,66.9390214959,67.2282333374
2024.04.24,67.1931677747,67.2194585411,66.9302534245,67.0792388916
2024.04.25,66.6760886781,66.9565346234,66.5271032323,66.9390029907
2024.04.26,66.9302695982,67.1844248786,66.9302695982,67.1493682861
2024.04.29,67.2370003599,67.3509292603,67.1931779517,67.3509292603
2024.04.30,67.1318410790,67.2720674580,66.8601608276,66.8601608276
2024.05.01,66.9130142893,67.5121041111,66.8953969659,67.2125625610
2024.05.02,67.3799650630,67.6442652747,67.2478115963,67.6266479492
2024.05.03,67.9702247822,68.1816662395,67.7852126670,67.9085540771
2024.05.06,67.9878616333,68.0407270540,67.9438149579,67.9878616333
2024.05.07,68.0671486931,68.0847660170,67.8645125002,67.9966659546
2024.05.08,67.8292693374,67.8909400516,67.7940279690,67.8380813599
2024.05.09,67.8028160706,67.8909160996,67.7147160416,67.8556747437
2024.05.10,67.8468891884,67.8645065106,67.6706823576,67.7499771118
2024.05.13,67.8909436450,67.8909436450,67.7059314926,67.7323608398
2024.05.14,67.7675986232,67.8645107057,67.7499812998,67.8380813599
2024.05.15,68.0583198772,68.2433319790,68.0054611972,68.2345199585
2024.05.16,68.2433454379,68.2433454379,68.0671453219,68.0759506226
2024.05.17,68.0319038828,68.1111919185,67.9790451924,68.0847625732
2024.05.20,68.0407070918,68.1199951172,68.0142710284,68.1199951172
2024.05.21,68.0759363413,68.1904724421,68.0583190220,68.0671310425
2024.05.22,67.9702314385,68.0054728051,67.8556953167,67.9173660278
2024.05.23,67.9878503279,68.0319037175,67.6530674200,67.6794967651
2024.05.24,67.7852193051,67.9349900719,67.6971125279,67.9173660278
2024.05.28,67.9878515280,68.0054755728,67.6266392686,67.6442565918
2024.05.29,67.4328154800,67.5297275622,67.4151914351,67.4416275024
2024.05.30,67.5121007599,67.7323542611,67.5121007599,67.7147369385
2024.05.31,67.7676016797,67.9702378763,67.7676016797,67.9526138306
2024.06.03,68.0393372323,68.1632537842,68.0127778972,68.1632537842
2024.06.04,68.0836098335,68.2429321273,68.0747634721,68.1278686523
2024.06.05,68.2606331040,68.3491439819,68.1190102968,68.3491439819
2024.06.06,68.3137648901,68.3137648901,68.1898482620,68.2341003418
2024.06.07,67.9685417335,68.1013114282,67.9331360314,68.0570526123
2024.06.10,67.9862412306,68.1278640391,67.9419891677,68.1190109253
2024.06.11,68.0836181855,68.2163879055,68.0216598833,68.2075347900
2024.06.12,68.6766242764,68.7208830850,68.4641968515,68.4819030762
2024.06.13,68.6412436514,68.6412436514,68.3845573494,68.4730682373
2024.06.14,68.2517936143,68.3137519166,68.1101707789,68.2075347900
2024.06.17,68.1013160988,68.3225966874,68.0127984610,68.2517852783
2024.06.18,68.3314255817,68.5173071711,68.3137261104,68.4641952515
2024.06.20,68.4376442349,68.4553437065,68.2783219780,68.4199447632
2024.06.21,68.4111076453,68.5173247590,68.3402962362,68.4996185303
2024.06.24,68.4730689405,68.6058386502,68.4288101196,68.4288101196
2024.06.25,68.4730599105,68.5261650862,68.4022485077,68.5173187256
2024.06.26,68.3845732989,68.3934196627,68.3049087542,68.3668670654
2024.06.27,68.3314477085,68.4465179443,68.3137482316,68.4465179443
2024.06.28,68.4907630383,68.6146796235,68.2783355713,68.2783355713
2024.07.01,68.3984698525,68.4429554811,68.2383066548,68.2649993896
2024.07.02,68.2738948112,68.4696437837,68.2383022375,68.4518508911
2024.07.03,68.4429440643,68.6920852661,68.4429440643,68.6920852661
2024.07.05,68.7632809428,68.9145442973,68.7276883673,68.8967514038
2024.07.08,68.8789443970,68.9412296942,68.7899595821,68.8789443970
2024.07.09,68.8789512556,68.8789512556,68.7187880769,68.7988662720
2024.07.10,68.8789595761,68.9768306745,68.8433670000,68.9590377808
2024.07.11,69.1903827663,69.2615611264,69.1458903512,69.2081756592
2024.07.12,69.2170682733,69.4217170687,69.2170682733,69.3861312866
2024.07.15,69.4395119386,69.4662046676,69.3149413443,69.3950195312
2024.07.16,69.4662162826,69.6975646200,69.4039309751,69.6619720459
2024.07.17,69.4573156778,69.6263787058,69.4306229447,69.5818862915
2024.07.18,69.6174702180,69.6441629479,69.3772288610,69.4395141602
2024.07.19,69.5107018895,69.5195949407,69.2971464658,69.3861312866
2024.07.22,69.5551870075,69.6530648788,69.5018015462,69.6441650391
2024.07.23,69.6352832781,69.7776467940,69.6085905432,69.6530761719
2024.07.24,69.5818816228,69.6797594968,69.4128253948,69.4306182861
2024.07.25,69.4751067294,69.6975551961,69.4395141602,69.4395141602
2024.07.26,69.7331571941,69.7331571941,69.5907868977,69.6619720459
2024.07.29,69.7598565026,69.7954490801,69.5285081434,69.5996932983
2024.07.30,69.6975620997,69.7153549918,69.5107061839,69.6352767944
2024.07.31,69.8221293705,69.9378001352,69.7242514971,69.8844146729
2024.08.01,69.9372027889,70.0355930531,69.7135897930,69.7314758301
2024.08.02,69.5972992502,69.7404148280,69.4184116022,69.4989089966
2024.08.05,68.5507963138,69.2126888404,68.4971313810,69.0695800781
2024.08.06,69.3021546493,69.5973186685,69.0248698461,69.3289871216
2024.08.07,69.7493667489,69.7761992158,69.4184170674,69.4631423950
2024.08.08,69.6778013442,69.7851312001,69.5794110935,69.7493591309
2024.08.09,69.7851283478,69.8477397026,69.6151871416,69.7404098511
2024.08.12,69.8030338525,69.8030338525,69.6509786525,69.7851409912
2024.08.13,69.8656253635,70.1160707567,69.8477325073,70.1071243286
2024.08.14,70.0892368554,70.2591848647,70.0355719362,70.2323455811
2024.08.15,70.2681351877,70.3218069391,70.1697449382,70.2949676514
2024.08.16,70.2591849541,70.5543488338,70.2502385262,70.5185699463
2024.08.19,70.4917416193,70.6616896389,70.4380766970,70.6348571777
2024.08.20,70.6706253328,70.6885113629,70.4559520279,70.5722351074
2024.08.21,70.6437944199,70.7600706779,70.5811830773,70.7332382202
2024.08.22,70.7332655512,70.7422051578,70.5633174880,70.6438217163
2024.08.23,70.8226973465,71.0194778442,70.7332535269,71.0194778442
2024.08.26,71.0105271657,71.0463060563,70.8674184277,70.8763580322
2024.08.27,70.7958512254,70.9926316851,70.7600723396,70.9210739136
2024.08.28,70.9389646028,70.9479110308,70.8226883344,70.8852996826
2024.08.29,70.9568634033,70.9836958656,70.8674195876,70.9568634033
2024.08.30,71.0373552010,71.0373552010,70.8763536156,70.9657974243
2024.09.03,70.8939132988,70.9658154676,70.6872031348,70.7141647339
2024.09.04,70.6961801967,71.0466946366,70.6961801967,70.9747924805
2024.09.05,71.1006171431,71.2534040806,71.0466939550,71.2174530029
2024.09.06,71.2444222371,71.3432859972,70.9927715231,71.1275863647
2024.09.09,71.2444250496,71.3432888136,71.1455681425,71.2983551025
2024.09.10,71.3073411831,71.3343096394,71.0916415317,71.1635437012
2024.09.11,71.0826327057,71.2803601895,70.9747863378,71.2713775635
2024.09.12,71.2264578042,71.4421574599,71.1905067187,71.3702621460
2024.09.13,71.4690912848,71.6128955707,71.4511191775,71.5679550171
2024.09.16,71.5949394952,71.8106391154,71.5769605269,71.7477264404
2024.09.17,71.8106418593,71.8465929402,71.7207675855,71.7657012939
2024.09.18,71.7926622007,72.1521661493,71.7117774122,71.8286132812
2024.09.19,72.1611703045,72.1971213923,71.9814148651,72.0443344116
2024.09.20,72.0443115284,72.1341857910,71.9005072226,72.1341857910
2024.09.23,72.0712918200,72.0892639344,71.9724280483,71.9993896484
2024.09.24,72.0083694458,72.0622926387,71.9005162030,72.0083694458
2024.09.25,71.9724231734,71.9993847717,71.9184931199,71.9274826050
2024.09.26,72.0712960133,72.0712960133,71.9185021756,72.0443344116
2024.09.27,72.0982271034,72.2330419116,72.0802481386,72.2240524292
2024.09.30,72.1970970906,72.2330481664,72.0712717539,72.1701354980
2024.10.01,72.2423906705,72.2514240278,72.0707982239,72.1340179443
2024.10.02,72.0527153775,72.1430282593,71.9714358511,72.1430282593
2024.10.03,72.0527303490,72.0798235301,71.9172575530,71.9714508057
2024.10.04,71.9624203158,71.9895134980,71.8359808720,71.8901672363
2024.10.07,71.8359935563,71.8359935563,71.5740812649,71.5831146240
2024.10.08,71.6824535127,71.7637330652,71.6192337862,71.7546997070
2024.10.09,71.7456602272,71.7817867631,71.6553404425,71.7095336914
2024.10.10,71.7095426780,71.7185760357,71.5740698743,71.6734161377
2024.10.11,71.6553645868,71.8811503439,71.6553645868,71.8630905151
2024.10.14,71.9082185363,71.9172450014,71.7095260556,71.8991851807
2024.10.15,71.8901521301,71.9985317265,71.8720923092,71.8811187744
2024.10.16,71.9804911708,72.0798374476,71.9443715160,72.0075912476
2024.10.17,72.0436844181,72.0707844850,71.7817791196,71.8991851807
2024.10.18,71.9804657460,72.0707855225,71.9353127482,72.0707855225
2024.10.21,71.9443347241,71.9894877148,71.7095157453,71.7817687988
2024.10.22,71.7366280709,71.7637212506,71.6011552818,71.6824417114
2024.10.23,71.5830883083,71.6192148411,71.4114890000,71.4656753540
2024.10.24,71.6192297724,71.7276025030,71.5469766917,71.6734161377
2024.10.25,71.7637164706,71.8450028947,71.5740573348,71.6011505127
2024.10.28,71.7275755634,71.8178884352,71.6914490367,71.7817687988
2024.10.29,71.5740647706,71.8179102875,71.5560049469,71.7998504639
2024.10.30,71.7908222260,71.9353283874,71.6463229550,71.6734161377
2024.10.31,71.6914685157,71.6914685157,71.4747161865,71.4747161865
2024.11.01,71.7334106894,71.7787971187,71.4611128890,71.4792633057
2024.11.04,71.7515705975,71.7969501034,71.6063395587,71.6789550781
2024.11.05,71.6517285382,71.8877185971,71.6517285382,71.8786468506
2024.11.06,71.9058698136,72.0329435037,71.7787961234,72.0057144165
2024.11.07,71.9784811736,72.3415448815,71.9330947476,72.3143157959
2024.11.08,72.4141623002,72.4595487274,72.3143177004,72.4323196411
2024.11.11,72.4232472336,72.4504763223,72.3506317139,72.3506317139
2024.11.12,72.2598622418,72.3415495038,72.0057148600,72.0601730347
2024.11.13,72.2417055191,72.2507841899,72.0510949811,72.0783309937
2024.11.14,72.1237080620,72.1872449058,71.9240188599,71.9240188599
2024.11.15,71.8786550035,71.9603422812,71.7515812881,71.9149627686
2024.11.18,71.9512418332,72.0601650956,71.8786332500,72.0510864258
2024.11.19,71.9966298569,72.2235481314,71.9784794419,72.1600112915
2024.11.20,72.1509403373,72.1600190082,72.0601744028,72.1418685913
2024.11.21,72.1963193561,72.2870852812,72.1327825159,72.1690902710
2024.11.22,72.1600109820,72.2416982364,72.1146245572,72.1509323120
2024.11.25,72.3597114415,72.4777064691,72.3597114415,72.4232482910
2024.11.26,72.4323175095,72.4323175095,72.2326283158,72.2870864868
2024.11.27,72.3506258157,72.5049285889,72.3324753997,72.5049285889
2024.11.29,72.6229250294,72.6773831982,72.5140017668,72.6501541138
2024.12.02,72.8790017826,72.8790017826,72.5142862589,72.6237030029
2024.12.03,72.6875276978,72.7057603437,72.5872307549,72.6237030029
2024.12.04,72.6784216827,72.7969512939,72.6145969757,72.7969512939
2024.12.05,72.7513481216,72.7787005669,72.6784036299,72.7331085205
2024.12.06,72.8425571364,72.9428541173,72.8060848745,72.8516769409
2024.12.09,72.8516752211,72.8881474821,72.7422584382,72.7604980469
2024.12.10,72.8881354094,72.8881354094,72.7057741348,72.7969512939
2024.12.11,72.8881376884,72.8972505351,72.7878407233,72.8151931763
2024.12.12,72.7696030103,72.9337246886,72.6054813319,72.6146011353
2024.12.13,72.6784157936,72.6784157936,72.3775249321,72.4048843384
2024.12.16,72.5325589041,72.5963836280,72.4687341801,72.5416717529
2024.12.17,72.4048973223,72.4869546866,72.3866577148,72.3866577148
2024.12.18,72.5323770282,72.5323770282,71.6250368859,71.6433639526
2024.12.19,71.8999809653,71.9549761475,71.5700378418,71.5700378418
2024.12.20,71.4875586890,72.1016168098,71.4875586890,72.0191345215
2024.12.23,72.0832963252,72.1199574542,71.8266754150,71.8266754150
2024.12.24,71.8541915051,72.0741513537,71.8083633318,72.0558242798
2024.12.26,71.9549598012,72.2390747070,71.9182986855,72.2390747070
2024.12.27,72.1657774321,72.1841114925,71.9733117526,71.9916458130
2024.12.30,72.0191383772,72.1657758950,71.9458161221,72.0924606323
2024.12.31,72.2024258726,72.2574140592,71.9916331622,72.0832824707
2025.01.02,72.2940921608,72.3582473911,72.1474546312,72.2574310303
2025.01.03,72.3949028501,72.4315639777,72.3399146548,72.3674087524
2025.01.06,72.5415404335,72.5782015577,72.4223900320,72.4957122803
2025.01.07,72.5323860129,72.6057082739,72.2391039612,72.2574310303
2025.01.08,72.2665860394,72.3948964786,72.1841037537,72.3490753174
2025.01.10,72.2207732483,72.2207732483,71.9458182795,71.9733123779
2025.01.13,71.9366448840,72.0008001053,71.8266685001,71.9549789429
2025.01.14,72.1199683872,72.1566295217,71.9916579126,72.0466461182
2025.01.15,72.5507285259,72.6881990409,72.4590721928,72.6790390015
2025.01.16,72.5965335533,72.7798391865,72.5140512627,72.7615051270
2025.01.17,72.8531548026,72.8806488996,72.7615054818,72.8256607056
2025.01.21,72.9631316230,73.0456139065,72.9539645940,73.0181198120
2025.01.22,73.0456383599,73.0639724240,72.8806667451,72.9173278809
2025.01.23,72.8806471017,73.0181245758,72.8073318423,73.0089645386
2025.01.24,73.0456330172,73.1647834478,73.0089788765,73.0914611816
2025.01.27,73.0181281479,73.1922667563,72.9631399526,73.1464385986
2025.01.28,73.1097599741,73.1464210930,73.0181106730,73.1189270020
2025.01.29,73.1006218459,73.1647770751,72.9723113874,73.0731277466
2025.01.30,73.2655970004,73.2655970004,73.1281195046,73.2106018066
2025.01.31,73.2289211482,73.2930763677,73.0181214315,73.0639495850
2025.02.03,72.8890222061,73.0731593595,72.7693383244,72.9718856812
2025.02.04,73.0087029100,73.2020416260,72.9442566713,73.2020416260
2025.02.05,73.2296658271,73.4414147594,73.2296658271,73.3953857422
2025.02.06,73.3954020481,73.4598483058,73.2665095326,73.2849197388
2025.02.07,73.2480949447,73.2665121757,73.0455475491,73.0547561646
2025.02.10,73.2296604391,73.2756894529,73.1652142004,73.2020416260
2025.02.11,73.2204675003,73.2204675003,73.1007836097,73.1744384766
2025.02.12,72.9258792339,73.1284266728,72.8706415775,73.0179443359
2025.02.13,73.1284152486,73.3769916877,73.0823791927,73.3493728638
2025.02.14,73.4598545414,73.5519196283,73.3954082782,73.4322357178
2025.02.18,73.4230125997,73.4782502361,73.3217389170,73.3677749634
2025.02.19,73.3217533359,73.4322356545,73.2480984568,73.4230270386
2025.02.20,73.4137952631,73.4874501189,73.3585576333,73.4690399170
2025.02.21,73.4414155083,73.5242789788,73.3309402466,73.3309402466
2025.02.24,73.3493721595,73.5058835094,73.3217533359,73.4230270386
2025.02.25,73.6071472168,73.6347730608,73.5058735279,73.6071472168
2025.02.26,73.6531821609,73.7268370288,73.6255633414,73.7084197998
2025.02.27,73.6992126265,73.7268314438,73.5334926982,73.5703201294
2025.02.28,73.6439575578,73.7728500366,73.5887199308,73.7728500366
2025.03.03,73.7118275883,73.7673242574,73.5453305240,73.6193237305
2025.03.04,73.5453360625,73.6655812070,73.3603353899,73.6100845337
2025.03.05,73.4898195298,73.7025685020,73.4805747905,73.6470718384
2025.03.06,73.4713164500,73.5360649041,73.3325677463,73.3695678711
2025.03.07,73.3973179726,73.5453184753,73.3788214383,73.4898147583
2025.03.10,73.3511053354,73.4250985622,73.2031047676,73.2123565674
2025.03.11,73.2678138158,73.3140657326,72.8885749150,72.9533233643
2025.03.12,73.1290797418,73.1753316678,72.9625826879,73.0365829468
2025.03.13,72.9440828233,72.9533346195,72.6018369346,72.6295852661
2025.03.14,72.9163329539,73.0458298697,72.8053325731,72.9625778198
2025.03.17,72.9718162811,73.1660616193,72.9533197496,73.1383132935
2025.03.18,73.0828350979,73.1383317637,73.0088348389,73.0088348389
2025.03.19,73.0365755686,73.5730668053,73.0365755686,73.4898147583
2025.03.20,73.4343210761,73.5360696615,73.3140759555,73.3880691528
2025.03.21,73.3233292221,73.3603293536,73.1383356218,73.2770843506
2025.03.24,73.4620664283,73.5360666797,73.3973179726,73.4898147583
2025.03.25,73.5360724501,73.6100727073,73.4250720644,73.4528274536
2025.03.26,73.4435637610,73.4620602938,73.0458212645,73.1568145752
2025.03.27,73.1198302501,73.2030752430,73.0088298690,73.0180816650
2025.03.28,73.0643297414,73.0735815378,72.7590910300,72.8885879517
2025.03.31,72.6295939751,72.9995882396,72.6295939751,72.9718399048
2025.04.01,73.1317096558,73.1688898201,72.8993389473,73.1410064697
2025.04.02,73.0015736248,73.2990078113,73.0015736248,73.2897109985
2025.04.03,72.5926146860,72.7599218954,72.2580002673,72.3788375854
2025.04.04,71.3842794659,71.8769041987,71.1426119605,71.3470993042
2025.04.07,70.5198731028,72.1278746154,70.2967920918,70.7336502075
2025.04.08,71.5887575257,71.6910011944,70.1015865597,70.4083175659
2025.04.09,69.8041520014,72.3509327105,69.7855654669,72.2951660156
2025.04.10,71.6352312472,71.7374749113,70.7708120544,71.1147232056
2025.04.11,70.8916484290,71.7281843483,70.6406911989,71.3285064697
2025.04.14,71.8304381264,71.9977453338,71.5144173409,71.6817245483
2025.04.15,71.7932273467,72.0348947858,71.7374606652,71.8768844604
2025.04.16,71.8954904650,72.0535008332,71.6724165870,71.8676071167
2025.04.17,72.1464490531,72.3044594087,72.0627919234,72.2858657837
2025.04.21,72.0256140582,72.0442076838,71.7095933369,71.8583068848
2025.04.22,72.1092626524,72.3230396817,72.0441991533,72.1371459961
2025.04.23,73.0573526138,73.1874796491,72.4717809550,72.4996643066
2025.04.24,72.7599103799,73.1874716048,72.6669635208,73.1502914429
2025.04.25,73.0480553486,73.3733800262,73.0015854599,73.2153625488
2025.04.28,73.2246496112,73.3083067459,73.0108725508,73.2525329590
2025.04.29,73.1038193115,73.4756138278,73.1038193115,73.4477233887
2025.04.30,73.0852182448,73.1595785588,72.9272078962,73.0573348999
2025.05.01,73.2451263596,73.3292053521,73.0769612468,73.1517028809
2025.05.02,73.3385523384,73.4413203068,73.2077580382,73.3759231567
2025.05.05,73.3105371960,73.4693578522,73.2451400359,73.3479080200
2025.05.06,73.2544606567,73.3572214796,73.1797190331,73.2918243408
2025.05.07,73.3946095902,73.4506693850,73.2077626147,73.3572387695
2025.05.08,73.4973673728,73.5907908476,73.2918314517,73.3385467529
2025.05.09,73.4226328564,73.5254008269,73.3759246783,73.3852691650
2025.05.12,74.0298894077,74.1700281845,73.8336979714,74.1139755249
2025.05.13,74.1606953638,74.3475494714,74.1046426953,74.2447814941
2025.05.14,74.1793976859,74.2074240251,73.9364908661,73.9738616943
2025.05.15,73.8617243012,74.1139755249,73.8617243012,74.1139755249
2025.05.16,74.1606806385,74.2073959381,74.0579126817,74.1980514526
2025.05.19,73.8617384821,74.1700424247,73.8524011222,74.1606979370
2025.05.20,74.0579243801,74.1606923532,74.0018717140,74.1233215332
2025.05.21,73.8804250922,74.0112194041,73.6188364685,73.6281738281
2025.05.22,73.6281656558,73.8523905608,73.5721129935,73.7776489258
2025.05.23,73.5814468321,73.7869827347,73.5627578622,73.7589492798
2025.05.27,74.0672739170,74.2167572073,73.9645059369,74.2074127197
2025.05.28,74.1980687598,74.2167577351,74.0392481086,74.1606979370
2025.05.29,74.3288569260,74.3382014129,74.1887252617,74.2728042603
2025.05.30,74.2260909679,74.3475479173,74.1793827878,74.3382034302
2025.06.02,74.2781285063,74.3344544664,74.1373315102,74.3250656128
2025.06.03,74.3813959752,74.4846518962,74.3156883130,74.4658813477
2025.06.04,74.4752441122,74.6348259614,74.4752441122,74.6066665649
2025.06.05,74.5972755116,74.6160460548,74.4095342715,74.4470825195
2025.06.06,74.5127800591,74.5221689103,74.3907536408,74.4376907349
2025.06.09,74.4189161994,74.5597203259,74.4189161994,74.4752349854
2025.06.10,74.5409573872,74.6723726757,74.4658608905,74.6535949707
2025.06.11,74.7099236346,74.7568607416,74.6160565821,74.6348342896
2025.06.12,74.6348211325,74.7192993164,74.5972728858,74.7192993164
2025.06.13,74.5503373451,74.6254338401,74.4376997643,74.4940185547
2025.06.16,74.6442108154,74.7193073169,74.6160514178,74.6442108154
2025.06.17,74.6442010823,74.7568458198,74.5034041124,74.5597229004
2025.06.18,74.6160525823,74.8225643837,74.5597337861,74.6723785400
2025.06.20,74.7380723089,74.9164175175,74.7099057545,74.9070358276
2025.06.23,74.8788956137,75.0478591919,74.8225768082,75.0478591919
2025.06.24,75.1417111772,75.2918970013,75.0947740787,75.2543487549
2025.06.25,75.2637474718,75.3012957232,75.1698804243,75.2355880737
2025.06.26,75.3482287751,75.4608735338,75.2825211229,75.4514846802
2025.06.27,75.4702587577,75.5359664068,75.3763917108,75.4139328003
2025.06.30,75.5922655543,75.7236808182,75.5171690716,75.7049102783
2025.07.01,75.6379648993,75.7039827878,75.5436546578,75.6096725464
2025.07.02,75.6096602136,75.7511291504,75.5247831688,75.7511291504
2025.07.03,75.7322685614,75.8171456047,75.6945430327,75.7982864380
2025.07.07,75.7605601262,75.7699861117,75.5059146083,75.5436401367
2025.07.08,75.5342134907,75.5625130361,75.3927517412,75.4399032593
2025.07.09,75.5813896349,75.6568407157,75.5248049221,75.6474075317
2025.07.10,75.6474038969,75.6568370804,75.5719528198,75.5719528198
2025.07.11,75.4870714276,75.4965046105,75.3833280013,75.4776382446
2025.07.14,75.4587739622,75.5436510168,75.4210484284,75.5342178345
2025.07.15,75.6002400348,75.6096660213,75.3078689575,75.3078689575
2025.07.16,75.4021693790,75.5247791422,75.2135489370,75.5059127808
2025.07.17,75.4870572671,75.6190930220,75.4493317378,75.5813674927
2025.07.18,75.6945528112,75.7511375140,75.6191017438,75.6851196289
2025.07.21,75.7511309759,75.8737335532,75.7511309759,75.7888565063
2025.07.22,75.8643137350,75.9397576065,75.7699963036,75.9208984375
2025.07.23,75.9397670561,75.9680666062,75.8643231751,75.9586334229
2025.07.24,75.8643188477,75.9303367368,75.8360264945,75.8643188477
2025.07.25,75.9208940581,75.9963451208,75.8360170093,75.9114608765
2025.07.28,75.9397513999,75.9397513999,75.8643075345,75.8737335205
2025.07.29,75.9114652553,75.9680571532,75.8737397218,75.9208984375
2025.07.30,75.8737284703,75.9397463452,75.6851080263,75.7605590820
2025.07.31,75.8265979953,75.9020490720,75.7605801020,75.8077316284
2025.08.01,75.8683863466,75.9157760515,75.6408969608,75.8115158081
2025.08.04,75.9157794292,76.0674438477,75.8873441587,76.0674438477
2025.08.05,76.0295257568,76.0579610266,75.9252582798,76.0295257568
2025.08.06,76.0295297273,76.1148427728,75.9631783504,76.1053619385
2025.08.07,76.1243124000,76.1717093375,75.9821360511,76.0295257568
2025.08.08,76.0200474259,76.0674443650,75.9821385528,76.0390090942
2025.08.11,76.0390090942,76.1053604698,75.9916121552,76.0390090942
2025.08.12,76.0863884827,76.2096176147,76.0295179489,76.2096176147
2025.08.13,76.2665001883,76.4086837769,76.2665001883,76.4086837769
2025.08.14,76.2949234153,76.2949234153,76.1622206821,76.2096176147
2025.08.15,76.2759755847,76.2759755847,76.1811889430,76.2664947510
2025.08.18,76.2475337145,76.2949234153,76.1906559490,76.2096176147
2025.08.19,76.2570252103,76.2854677156,76.1717193897,76.1906738281
2025.08.20,76.2191092188,76.2380636555,76.1243153402,76.1622314453
2025.08.21,76.0769201889,76.1148362913,76.0105688177,76.0200424194
2025.08.22,76.1338012923,76.6456578978,76.1148468544,76.6361770630
2025.08.25,76.5698257770,76.5982610498,76.4845199585,76.4845199585
2025.08.26,76.5793038957,76.6835713802,76.5319069548,76.6551361084
2025.08.27,76.6077401134,76.7688781436,76.6077401134,76.7499237061
2025.08.28,76.7499180635,76.7878341675,76.6835666894,76.7878341675
2025.08.29,76.7688823304,76.7688823304,76.6456604004,76.6456604004
2025.09.02,76.4485078827,76.6008941009,76.3818407288,76.5627975464
2025.09.03,76.5818557156,76.7723312378,76.5818557156,76.7723312378
2025.09.04,76.8199599956,76.9913836198,76.7913821254,76.9818649292
2025.09.05,77.1246992983,77.2389816760,76.9913577473,77.0199356079
2025.09.08,77.0961214377,77.1151733447,77.0008837008,77.0199356079
2025.09.09,77.0009017772,77.0294723783,76.8294709042,76.9342346191
2025.09.10,76.9913635254,77.0866085355,76.9437482865,76.9913635254
2025.09.11,77.0580382776,77.2389878120,77.0580382776,77.1818466187
2025.09.12,77.1723190017,77.1723190017,77.0866072135,77.1056518555
2025.09.15,77.2199585705,77.3342409801,77.2104326143,77.3247222900
2025.09.16,77.3437559726,77.3628078823,77.2389922679,77.2675628662
2025.09.17,77.3247100332,77.3723252743,77.0580414316,77.1913757324
2025.09.18,77.2770815450,77.4008898816,77.2104143998,77.3628005981
2025.09.19,77.3818467265,77.4199432769,77.2866089838,77.3913726807
2025.09.22,77.3247085020,77.4580428002,77.3151825475,77.4485168457
2025.09.23,77.4675585151,77.4866104234,77.3342242221,77.3913726807
2025.09.24,77.3818435738,77.3818435738,77.2580352399,77.2866058350
2025.09.25,77.1437513919,77.1532773463,77.0389876914,77.0675582886
2025.09.26,77.1818512617,77.2485184134,77.1056581551,77.2199478149
2025.09.29,77.2961302954,77.3723161253,77.2675524347,77.3532714844
2025.09.30,77.3056703777,77.3437669362,77.2390032167,77.3247222900
2025.10.01,77.3256510801,77.5074610409,77.2969457812,77.4691848755
2025.10.02,77.4500539602,77.4787592605,77.3543598920,77.4404830933
2025.10.03,77.4309148247,77.4500565592,77.3352280538,77.3543624878
2025.10.06,77.4022252045,77.4213669429,77.3448145904,77.3735198975
2025.10.07,77.4022049024,77.4022049024,77.2778128376,77.2873764038
2025.10.08,77.3352145991,77.3543490298,77.1629755212,77.1725463867
2025.10.09,77.1629917856,77.1725626532,76.8472188594,76.9524765015
2025.10.10,77.0003295288,77.0194639650,76.5027465820,76.5027465820
2025.10.13,76.7706703096,76.9811782837,76.7132524072,76.9811782837
2025.10.14,76.7228282833,77.1629932949,76.6558468098,77.0673065186
2025.10.15,77.2395411080,77.3447987460,77.1247126029,77.3160934448
2025.10.16,77.3160938539,77.3352282880,76.9907500711,77.0385971069
2025.10.17,76.9716142253,77.2491109672,76.9620433582,77.2395401001
2025.10.20,77.2873815213,77.4213517620,77.2873815213,77.3926391602
2025.10.21,77.3926456172,77.4500635253,77.2778244019,77.2778244019
2025.10.22,77.2778081261,77.3256478556,77.1247034706,77.2012557983
2025.10.23,77.2204151925,77.3735198975,77.2204151925,77.3735198975
2025.10.24,77.5361754844,77.5935860891,77.4787648797,77.5840225220
2025.10.27,77.6701253710,77.8232300251,77.6318492075,77.7753829956
2025.10.28,77.7753896139,77.7753896139,77.6701319803,77.6988372803
2025.10.29,77.6988381847,77.7275507854,77.4117778810,77.4596176147
2025.10.30,77.3065225776,77.4500563840,77.2778172764,77.3160934448
2025.10.31,77.4022093484,77.4691908180,77.2682464092,77.3160934448
2025.11.03,77.3160937227,77.3257134031,77.0660333958,77.0756530762
2025.11.04,76.9217758620,77.1525968311,76.9025365009,77.0852737427
2025.11.05,77.1237448022,77.2102999136,77.1045054412,77.1622161865
2025.11.06,77.2391542854,77.2583936471,77.0660367189,77.1910705566
2025.11.07,77.1814419422,77.2776167263,77.0275564175,77.2583847046
2025.11.10,77.3737853140,77.5661422045,77.3545532938,77.5180511475
2025.11.11,77.5276791228,77.6430932694,77.5276791228,77.6046218872
2025.11.12,77.6046148851,77.6142272265,77.4122579914,77.4507293701
2025.11.13,77.3449431237,77.3449431237,77.0852704617,77.1333541870
2025.11.14,77.0179417294,77.3257054318,77.0179417294,77.1525878906
2025.11.17,77.1237471349,77.2006825682,76.9794812739,77.0275650024
2025.11.18,76.9602438815,77.1237491083,76.9313921761,77.0468063354
2025.11.19,77.0756540621,77.2295396000,77.0275629971,77.0852737427
2025.11.20,77.3353217578,77.4122571769,77.0371704102,77.0371704102
2025.11.21,77.1910500345,77.3353158578,77.0660162300,77.2968444824
2025.11.24,77.3449478560,77.5180654205,77.3257158322,77.5084457397
2025.11.25,77.4892087769,77.8065921811,77.4603570743,77.7777404785
2025.11.26,77.7392684834,77.8835343330,77.7007971009,77.8546752930
2025.11.28,77.9027547494,77.9700778242,77.8450513532,77.8931350708
2025.12.01,77.6854002527,77.8206727454,77.6660713984,77.7530364990
2025.12.02,77.8206714347,77.9172935891,77.7626996165,77.8979721069
2025.12.03,77.8883212626,78.0622441194,77.8496709197,77.9656219482
2025.12.04,77.9752753187,78.0429115725,77.8496672393,78.0235900879
2025.12.05,78.0042686033,78.0815619135,77.9462894059,78.0235900879
2025.12.08,77.9946035730,78.0139250574,77.7723659568,77.8303451538
2025.12.09,77.8303427925,77.8883146159,77.7240562017,77.7433776855
2025.12.10,77.7143985750,78.0622442894,77.7047341463,78.0042724609
2025.12.11,78.0139275031,78.0332563600,77.9366341911,77.9946060181
2025.12.12,77.9656137971,77.9849352806,77.8110124420,77.8496627808
2025.12.15,77.9463003860,77.9752863029,77.8496782058,77.8883285522
2025.12.16,77.8883154811,77.9462873052,77.8400007132,77.9366302490
2025.12.17,77.9269614409,77.9462829239,77.7916889445,77.8399963379
2025.12.18,78.0525817871,78.0719106449,77.9462951844,78.0525817871
2025.12.19,78.0826738759,78.1215073762,77.9855938285,78.0147171021
2025.12.22,78.1117953920,78.1117953920,77.9467585745,78.0826721191
2025.12.23,78.0244294490,78.1409225464,78.0050089950,78.1409225464
2025.12.24,78.1603414779,78.2865447998,78.1215079773,78.2865447998
2025.12.26,78.2865370490,78.3447835908,78.2379933264,78.2477035522
2025.12.29,78.2088681851,78.3059556281,78.1991653662,78.2768249512
2025.12.30,78.2865506668,78.3933409498,78.2574273909,78.3545074463
2025.12.31,78.3642021685,78.3933254387,78.2768249512,78.2768249512
2026.01.02,78.3642099250,78.3642099250,78.2379991994,78.3156661987
2026.01.05,78.3836253298,78.5486695601,78.3447918289,78.5195388794
2026.01.06,78.5389556885,78.5777891875,78.4612886904,78.5389556885
2026.01.07,78.5972058811,78.6360393819,78.4807053785,78.5195388794
2026.01.08,78.4807018555,78.5874921264,78.4418757631,78.5777893066
2026.01.09,78.5874883812,78.6651553758,78.5874883812,78.6360321045
2026.01.12,78.5486700286,78.6845835790,78.5389598016,78.6748733521
2026.01.13,78.7039966262,78.7137068531,78.6069165768,78.6748733521
2026.01.14,78.6360398510,78.6845835790,78.5680830758,78.6748733521
2026.01.15,78.7331199003,78.7428301273,78.6360398510,78.6748733521
2026.01.16,78.7137087396,78.7331217872,78.6263315084,78.7234115601
2026.01.20,78.3933355567,78.5874956542,78.3156685550,78.5195388794
2026.01.21,78.6166270376,78.7913740896,78.5972065836,78.7525405884
2026.01.22,78.8204859824,78.8690222969,78.7622320357,78.8107757568
2026.01.23,78.8107909005,78.8302039487,78.6748773432,78.7719573975
2026.01.26,78.8204859824,78.8496092524,78.7525292168,78.8107757568
2026.01.27,78.8107890236,78.8496225257,78.7719555215,78.8010787964
2026.01.28,78.8010766755,78.8107869025,78.6651631251,78.6748733521
2026.01.29,78.6845815862,78.7039946329,78.5389578125,78.6651611328
2026.01.30,78.5583730824,78.7622434086,78.5583730824,78.7525405884
2026.02.02,78.7027788347,78.8393641979,78.6735116059,78.8003387451
2026.02.03,78.7905894795,78.8393657139,78.5661949822,78.7515640259
2026.02.04,78.7320427877,78.7515592349,78.5759484262,78.6539993286
2026.02.05,78.5954522232,78.6539941178,78.4881341003,78.5661849976
2026.02.06,78.7027777368,78.8393630981,78.6540015040,78.8393630981
2026.02.09,78.7905990305,78.9466934204,78.7905990305,78.9466934204
2026.02.10,78.9759475873,79.0344894868,78.8686294556,78.8686294556
2026.02.11,78.9271794056,78.9564466367,78.7515685761,78.8588867188
2026.02.12,78.9369387349,78.9954731977,78.7808369093,78.8198623657
2026.02.13,78.8588860745,78.9662042163,78.8491278498,78.8783950806
2026.02.17,78.8491213221,78.8881467743,78.7710704175,78.8393630981
2026.02.18,78.8686276737,79.0052204738,78.8393604463,78.9369277954
2026.02.19,78.9076522554,78.9661941528,78.8588760247,78.9661941528
2026.02.20,78.9564341916,79.0247268677,78.8978997387,79.0247268677
2026.02.23,78.9857051258,79.0344888010,78.8686287712,78.8979034424
2026.02.24,78.8783885504,78.8979049982,78.6832687324,78.8393630981
2026.02.25,78.8491334963,78.9564516458,78.8491334963,78.9466934204
2026.02.26,78.9174205361,78.9662042163,78.7905933882,78.8783950806
2026.02.27,78.7808312552,78.8296149330,78.6832713430,78.7515640259
2026.03.02,78.4907775990,78.8339233905,78.4613668122,78.7064666748
2026.03.03,78.3731265115,78.7358694842,78.2750805925,78.5495986938
2026.03.04,78.6574458384,78.8731274197,78.6280275738,78.8241119385
2026.03.05,78.6966544006,78.7358712731,78.4515545573,78.5103836060
2026.03.06,78.1868504388,78.4319502834,78.0888119969,78.1280288696
2026.03.09,78.0299765363,78.6084160117,77.9809610593,78.5986099243
2026.03.10,78.4809746064,78.8045007222,78.4613624298,78.4711685181
2026.03.11,78.4221422164,78.4711651760,78.2456700335,78.2946929932
2026.03.12,78.1868542597,78.1868542597,77.7652822071,77.7946929932
2026.03.13,77.9711623784,78.1182237830,77.5692025176,77.6476287842
2026.03.16,77.9515597642,78.1084197815,77.8927307129,77.8927307129
2026.03.17,78.0495896339,78.2554725914,78.0103727640,78.2456665039
2026.03.18,78.1280285693,78.1868501382,77.8339057649,77.8437118530
2026.03.19,77.4809611623,78.1378269463,77.4417442899,78.0986175537
2026.03.20,77.9417489624,77.9711597463,77.3044878837,77.3731155396
2026.03.23,77.7456716300,78.1378253870,77.6182149271,77.8829269409
2026.03.24,77.6868451260,77.8535187060,77.5103729376,77.6182174683
2026.03.25,77.8927301825,78.0201868930,77.7946917374,77.8633193970
2026.03.26,77.6966491229,77.7750828667,77.2554724037,77.3731155396
2026.03.27,77.2946832381,77.2946832381,77.0299786977,77.1770401001
2026.03.30,77.4711570235,77.5495907704,77.2162585659,77.2652740479
2026.03.31,77.6084184368,78.0495951655,77.5692015641,78.0005722046
2026.04.01,78.1719888728,78.2803564425,78.0636213031,78.1916961670
2026.04.02,77.9060058652,78.4478362346,77.9060058652,78.3788757324
2026.04.06,78.3296180971,78.5266459446,78.3197644499,78.5167922974
2026.04.07,78.4872383039,78.5561988016,78.1424358151,78.5364990234
2026.04.08,79.2753613273,79.3246145287,78.8418910651,78.9995193481
2026.04.09,78.9601131976,79.1965481088,78.8123385596,79.0881805420
2026.04.10,79.1472898741,79.1472898741,78.7630803128,78.7729339600
2026.04.13,78.6941180236,79.0783275761,78.6941180236,79.0684814453
2026.04.14,79.1472957098,79.3640308662,79.0980425027,79.3049240112
2026.04.15,79.2556645404,79.2950716164,79.1571506086,79.2655181885
2026.04.16,79.3344783516,79.3344783516,79.0684899851,79.1571502686
2026.04.17,79.4034294066,79.5610576911,79.3640223355,79.4526901245
2026.04.20,79.4329812282,79.4723882985,79.3049138867,79.3837280273
2026.04.21,79.3541774300,79.3837308547,79.1177349996,79.1768493652
2026.04.22,79.3049240112,79.3738845141,79.2261098605,79.3049240112
2026.04.23,79.2655096395,79.3541774300,78.9699678757,79.1768493652
2026.04.24,79.2458102133,79.3344704879,79.1078892196,79.2852172852
2026.04.27,79.2458130603,79.3443269855,79.2261057656,79.3147735596
2026.04.28,79.1571372945,79.2359514332,79.1374375179,79.2063980103
2026.04.29,79.1275961582,79.1472959378,78.7926472909,78.9404144287
2026.04.30,78.9896710626,79.2261059870,78.9798174152,79.1866989136
2026.05.01,79.2847366333,79.4530961806,79.2550283472,79.2847366333
2026.05.04,79.2451231103,79.2451231103,78.9183244071,79.0272598267
2026.05.05,79.1163869889,79.2451254178,79.1163869889,79.1460952759
2026.05.06,79.3144443958,79.4629933811,79.3045466708,79.3837738037
2026.05.07,79.4431921014,79.4629951073,79.0866775513,79.0866775513
2026.05.08,79.2352294637,79.3738731766,79.2253241826,79.3639678955
2026.05.11,79.3045431344,79.3738649837,79.2055130005,79.2055130005
2026.05.12,79.0470692835,79.1163911420,78.9282285736,79.0965881348
2026.05.13,79.0668705387,79.1758059647,79.0173592440,79.1361999512
2026.05.14,79.1956153025,79.2748424395,79.0767745972,79.0767745972
2026.05.15,78.8688090381,78.9183278876,78.6905517578,78.6905517578
2026.05.18,78.8589002491,78.9282221019,78.6707452516,78.7697753906
2026.05.19,78.6410357602,78.6806417708,78.4627784905,78.5816116333
2026.05.20,78.7301630012,79.0965828320,78.6311328607,79.0866775513
2026.05.21,78.9777479976,79.2154218635,78.8787178497,79.1262969971
2026.05.22,79.2352300961,79.2451278217,79.0668705387,79.1361999512
2026.05.26,79.3639661440,79.4134849928,79.2649360021,79.4035797119
2026.05.27,79.3936785113,79.4332920812,79.3045536456,79.3540649414
2026.05.28,79.3045454994,79.4927004928,79.2649319335,79.4530944824
2026.05.29,79.4828068220,79.5818369639,79.4332879733,79.5323181152
2026.06.01,79.4218310325,79.5114121060,79.2725216490,79.4715957642
2026.06.02,79.4715979824,79.5313262939,79.4218332493,79.5313262939
2026.06.03,79.3820164840,79.4118768425,79.2625674557,79.3123397827
2026.06.04,79.3820143503,79.4815514074,79.3820143503,79.4616470337
2026.06.05,79.3322426371,79.3521546052,78.9838591373,79.0634918213
2026.06.08,79.2327019754,79.2824742992,79.1132605490,79.1729812622
2026.06.09,79.2526168823,79.4218306388,79.0535351740,79.2526168823
2026.06.10,79.1928907069,79.2725233924,79.0833976629,79.1033096313
2026.06.11,79.2028486203,79.6010044632,79.1530762921,79.5711441040
2026.06.12,79.5711441040,79.6308648225,79.4317906981,79.5711441040
2026.06.15,79.7702142423,79.8000746000,79.6607212011,79.6706771851
2026.06.16,79.6607208252,79.7403535083,79.5910441261,79.6607208252
2026.06.17,79.6209087954,79.7005414827,79.3422019837,79.3621139526
2026.06.18,79.6607201084,79.7005364495,79.5512270687,79.6408157349
2026.06.22,79.5711441040,79.6109604477,79.5014674011,79.5711441040
2026.06.23,79.4616485013,79.6010019027,79.4516925172,79.5014648438
2026.06.24,79.5711407922,79.6209055241,79.4715961400,79.4815521240
2026.06.25,79.5512299168,79.6109582278,79.4516928574,79.5114135742
2026.06.26,79.4516910497,79.5810884646,79.4417350657,79.4616470337
2026.06.29,79.5810874260,79.6607201084,79.4815503701,79.6408157349
2026.06.30,79.6308582816,79.6806306057,79.5512256007,79.6009979248
2026.07.01,79.5599975586,79.6600036621,79.5100021362,79.5899963379
2026.07.02,79.7300033569,79.7900009155,79.6699981689,79.7099990845
2026.07.06,79.7300033569,79.9100036621,79.7300033569,79.8700027466
2026.07.07,79.8499984741,79.8799972534,79.7200012207,79.7600021362
2026.07.08,79.6100006104,79.6800003052,79.5400009155,79.6600036621
2026.07.09,79.7300033569,79.8600006104,79.6699981689,79.7500000000
2026.07.10,79.7799987793,79.8300018311,79.6200027466,79.7099990845
2026.07.13,79.6699981689,79.6900024414,79.4599990845,79.5199966431
2026.07.14,79.6800003052,79.6900024414,79.5699996948,79.6800003052
2026.07.15,79.7099990845,79.8399963379,79.7099990845,79.8099975586
2026.07.16,79.7600021362,79.8399963379,79.7300033569,79.8000030518
2026.07.17,79.7500000000,79.8399963379,79.6299972534,79.6500015259
2026.07.20,79.7399978638,79.7699966431,79.6699981689,79.6800003052
2026.07.21,79.7200012207,79.7399978638,79.5999984741,79.6500015259
2026.07.22,79.6100006104,79.6500015259,79.4800033569,79.5199966431
2026.07.23,79.2799987793,79.3700027466,79.1500015259,79.2300033569
2026.07.24,79.2500000000,79.3099975586,79.1600036621,79.2300033569
2026.07.27,79.3399963379,79.4000015259,79.2399978638,79.2699966431
2026.07.28,79.3199996948,79.4199981689,79.2500000000,79.4199981689
2026.07.29,79.3700027466,79.4800033569,79.1399993896,79.2399978638
2026.07.30,79.3799972534,79.5000000000,79.3300018311,79.4700012207
2026.07.31,79.4599990845,79.5400009155,79.2399978638,79.4800033569
