Date,Open,High,Low,Close
2000.06.19,12.7583255768,12.7583255768,12.7583255768,12.7583255768
2000.06.20,12.7924713162,12.8123884201,12.7924713162,12.8123884201
2000.06.21,12.8892055153,12.8892055153,12.8749790192,12.8749790192
2000.06.22,12.8806734085,12.8806734085,12.8806734085,12.8806734085
2000.06.23,12.8806734085,12.8806734085,12.8806734085,12.8806734085
2000.06.26,12.7924684743,12.7924684743,12.7014188766,12.7014188766
2000.06.27,12.8778323853,12.8835229874,12.8778323853,12.8835229874
2000.06.28,12.8835229874,12.8835229874,12.8835229874,12.8835229874
2000.06.29,12.8835229874,12.8835229874,12.8835229874,12.8835229874
2000.06.30,13.0371692421,13.0428598441,12.8835229874,12.8835229874
2000.07.03,12.9005953886,12.9575014114,12.9005953886,12.9575014114
2000.07.05,12.9745679113,13.0769987106,12.9631867114,13.0769987106
2000.07.06,13.0200982150,13.1566726718,13.0200982150,13.1168384552
2000.07.07,13.1509778038,13.2534086131,13.1509778038,13.2135744095
2000.07.10,13.2420322468,13.2477228494,13.2021980286,13.2021980286
2000.07.11,13.1965007782,13.1965007782,13.1965007782,13.1965007782
2000.07.12,13.2021974071,13.2021974071,13.1339101791,13.1339101791
2000.07.13,13.1225223541,13.1225223541,13.1225223541,13.1225223541
2000.07.14,13.1111460540,13.1225272572,13.0940742493,13.0940742493
2000.07.17,13.1509790421,13.1509790421,13.1509790421,13.1509790421
2000.07.18,13.1908121109,13.1908121109,13.1908121109,13.1908121109
2000.07.19,13.1276704043,13.1793315471,13.0874895154,13.1448907852
2000.07.20,13.1908138290,13.1908138290,13.1621131897,13.1621131897
2000.07.21,13.3457975765,13.3630179604,13.3400574485,13.3515377045
2000.07.24,13.4089434984,13.4606046677,13.3859829787,13.4606046677
2000.07.25,13.4663399893,13.4663399893,13.4548597336,13.4548597336
2000.07.26,13.5007777650,13.6471509933,13.5007777650,13.6471509933
2000.07.27,13.6672476580,13.8107508883,13.6672476580,13.7992706299
2000.07.28,13.7963962555,13.8107465740,13.7963962555,13.7963962555
2000.07.31,13.8222285967,13.8222285967,13.6729852647,13.7016859055
2000.08.01,13.8451905142,13.9915637970,13.8337102567,13.9915637970
2000.08.02,14.0231322863,14.0231322863,14.0001717750,14.0173921585
2000.08.03,13.9829526231,13.9829526231,13.8365793506,13.9140710831
2000.08.04,13.7935259972,13.7935259972,13.6270623043,13.6959438324
2000.08.07,13.7476049785,13.7935259972,13.6844635777,13.6959438324
2000.08.08,13.6385360750,13.7418583180,13.6385360750,13.7188978195
2000.08.09,13.7648275034,13.7648275034,13.7246466058,13.7303867340
2000.08.10,13.7992706299,13.8164910175,13.7619597900,13.7992706299
2000.08.11,13.8050080474,13.8394488160,13.7992679194,13.8222284317
2000.08.14,13.7992700436,13.8566713333,13.7992700436,13.8566713333
2000.08.15,13.7992666626,13.8222271729,13.7763061523,13.7763061523
2000.08.16,13.7763074070,13.8509290721,13.7763074070,13.8222284317
2000.08.17,13.8624042074,13.8624042074,13.8423137665,13.8423137665
2000.08.18,13.8222200625,13.8222200625,13.7188978195,13.7188978195
2000.08.21,13.7476057448,13.7476057448,13.6672439575,13.6672439575
2000.08.22,13.7016859430,13.7533470965,13.6844655585,13.7074260712
2000.08.23,13.7074270127,13.7102970770,13.5581836700,13.5581836700
2000.08.24,13.5581835330,13.5667937258,13.4634714127,13.4634714127
2000.08.25,13.5065198503,13.5065198503,13.4376383211,13.4433784485
2000.08.28,13.4376408344,13.5266128262,13.4376408344,13.4634714127
2000.08.29,13.4089427429,13.4089427429,13.3343210581,13.3400611877
2000.08.30,13.3170916283,13.4089336395,13.3170916283,13.4089336395
2000.08.31,13.4605963207,13.4950370789,13.4605963207,13.4950370789
2000.09.01,13.4146766663,13.4864282530,13.4146766663,13.4146766663
2000.09.05,13.4663421937,13.5237434819,13.4433816785,13.5007829666
2000.09.06,13.5007869557,13.6098494354,13.4893066947,13.6069793701
2000.09.07,13.5581781848,13.5926189423,13.5581781848,13.5926189423
2000.09.08,13.6557677234,13.8509321213,13.6557677234,13.8509321213
2000.09.11,13.9025842763,13.9714657839,13.8796237738,13.9312849045
2000.09.12,13.9025866091,14.0001687612,13.9025866091,13.9944286346
2000.09.13,14.0173927357,14.0173927357,13.9025901744,13.9599914551
2000.09.14,13.9714744283,13.9944349451,13.9198132657,13.9370336533
2000.09.15,13.9628623984,13.9628623984,13.9025910499,13.9485120773
2000.09.18,13.8222289740,13.8337092306,13.7590875626,13.7590875626
2000.09.19,13.7160307188,13.8021326065,13.7016804041,13.8021326065
2000.09.20,13.8566679382,13.8566679382,13.7763061523,13.7763061523
2000.09.21,13.7877853758,13.7877853758,13.7160337866,13.7648248672
2000.09.22,13.5926210532,13.7648248672,13.5926210532,13.7648248672
2000.09.25,13.8038583765,13.8038583765,13.7487525940,13.7487525940
2000.09.26,13.7763058650,13.8038587570,13.7487529730,13.8038587570
2000.09.27,13.8222350155,13.8865242004,13.7763139690,13.8865242004
2000.09.28,13.9875447135,13.9875447135,13.9416236877,13.9416236877
2000.09.29,14.0242812668,14.0242812668,13.9140710831,13.9140710831
2000.10.02,13.9232617576,13.9232617576,13.7671290795,13.7854986191
2000.10.03,13.7028287271,13.7028287271,13.6018033487,13.6109867096
2000.10.04,13.4769030554,13.4769030554,13.4181241989,13.4181241989
2000.10.05,13.4548575413,13.4824104309,13.4548575413,13.4824104309
2000.10.06,13.4915959914,13.4915959914,13.4456749684,13.4548597336
2000.10.09,13.4548644330,13.4548644330,13.3722071233,13.4456796646
2000.10.10,13.4548597336,13.4548597336,13.4089387106,13.4548597336
2000.10.11,13.4089361150,13.4089361150,13.2895411981,13.3538303375
2000.10.12,13.2711706859,13.2711706859,13.1242229067,13.1425924301
2000.10.13,13.0966706436,13.1701431274,13.0874858824,13.1701431274
2000.10.16,13.1976985804,13.3354616165,13.1976985804,13.3354616165
2000.10.17,13.3262798827,13.3262798827,13.0874900304,13.1517791748
2000.10.18,13.0347394258,13.0998663167,13.0235738019,13.0905618668
2000.10.19,13.1742941360,13.1929016113,13.1277747378,13.1929016113
2000.10.20,13.1463890076,13.1463890076,13.1463890076,13.1463890076
2000.10.23,13.0719526064,13.1091675620,13.0440406799,13.0440406799
2000.10.24,12.9696070694,12.9696070694,12.9323921204,12.9323921204
2000.10.25,12.9044831807,12.9416995580,12.8858757019,12.8858757019
2000.10.26,12.8579640477,12.9323953842,12.8486610179,12.9230909348
2000.10.27,12.9603061331,13.1649912251,12.9510016845,13.0812568665
2000.10.30,13.1091726180,13.1556920402,13.0905651330,13.1463890076
2000.10.31,13.1649863187,13.1649863187,13.1277713776,13.1277713776
2000.11.01,13.1556846893,13.1835966110,13.1556846893,13.1835966110
2000.11.02,13.2115131778,13.2301206589,13.1649937652,13.2301206589
2000.11.03,13.2580284849,13.2580284849,13.1929016113,13.1929016113
2000.11.06,13.2115131778,13.2301206589,13.1649937652,13.2301206589
2000.11.07,13.2487220764,13.2487220764,13.1928996586,13.2487220764
2000.11.08,13.3045501709,13.3045501709,13.3045501709,13.3045501709
2000.11.09,13.2487221886,13.2487221886,13.2022027969,13.2022027969
2000.11.10,13.1277711529,13.1277711529,13.0905547927,13.0998592377
2000.11.13,13.0347438283,13.1091737747,13.0254393752,13.1091737747
2000.11.14,13.1556841754,13.2394199371,13.1556841754,13.2394199371
2000.11.15,13.3045451126,13.3045451126,13.2673301697,13.2673301697
2000.11.16,13.2859426924,13.3045501709,13.2859426924,13.3045501709
2000.11.17,13.2580309848,13.2580309848,13.2450056076,13.2450056076
2000.11.20,13.2673370407,13.2673370407,13.2301206589,13.2301206589
2000.11.21,13.2859384413,13.2859384413,13.2115071312,13.2487220764
2000.11.22,13.2301165620,13.2301165620,13.1929016113,13.1929016113
2000.11.24,13.1929016113,13.1929016113,13.1929016113,13.1929016113
2000.11.27,13.2673297221,13.2673297221,13.2115058899,13.2115058899
2000.11.28,13.2859447307,13.2859447307,13.2301208668,13.2580327988
2000.11.29,13.2301119732,13.2766313553,13.2208089486,13.2766313553
2000.11.30,13.3417677247,13.4068960418,13.3417677247,13.3975915909
2000.12.01,13.3975892809,13.4534131374,13.3975892809,13.4068937302
2000.12.04,13.3975920028,13.4534158707,13.3882875516,13.4534158707
2000.12.05,13.4534158707,13.4534158707,13.4534158707,13.4534158707
2000.12.06,13.7511342543,13.7697417295,13.7232223318,13.7325267792
2000.12.07,13.7325359184,13.7325359184,13.6767120361,13.6767120361
2000.12.08,13.7046125776,13.8069543839,13.7046125776,13.8069543839
2000.12.11,13.8441786732,13.9093055725,13.8441786732,13.9093055725
2000.12.12,13.9651232421,13.9744262695,13.9651232421,13.9744262695
2000.12.13,13.9372116550,13.9558191299,13.9372116550,13.9558191299
2000.12.14,13.9465184147,13.9465184147,13.8813915253,13.8813915253
2000.12.15,13.9558166679,13.9558166679,13.8441704185,13.9465122223
2000.12.18,13.9558298080,14.1884269714,13.9558298080,14.1884269714
2000.12.19,14.2070264181,14.2070264181,14.1512039823,14.1977233887
2000.12.20,14.1818836185,14.1818836185,14.0875891758,14.0970191956
2000.12.21,14.1252989030,14.1347274780,14.0687216975,14.1347274780
2000.12.22,14.1441613160,14.1441613160,13.5406776753,14.0781555176
2000.12.26,14.0310131533,14.0781603740,13.9932945135,14.0687303543
2000.12.27,14.1064394510,14.2384510040,14.1064394510,14.2384510040
2000.12.28,14.2761735470,14.4459037781,14.2761735470,14.4459037781
2000.12.29,14.5024835290,14.5024835290,14.3233232498,14.3233232498
2001.01.02,14.2950371581,14.2950371581,14.1441654841,14.2007427216
2001.01.03,14.2007459421,14.4176220443,14.2007459421,14.3704748154
2001.01.04,14.3987662352,14.3987662352,14.2761831284,14.2761831284
2001.01.05,14.1630243707,14.1630243707,14.0781599516,14.1158771515
2001.01.08,14.1818836185,14.1818836185,14.0970191956,14.0970191956
2001.01.09,14.1441596349,14.1724482419,14.1347296196,14.1630182266
2001.01.10,14.0593019940,14.1347363971,14.0404419544,14.0970191956
2001.01.11,14.1724543901,14.1913129900,14.1158771515,14.1158771515
2001.01.12,14.1347274780,14.1724460946,14.0875802864,14.1347274780
2001.01.16,14.1535874235,14.1535874235,14.1441574097,14.1441574097
2001.01.17,14.1913161977,14.2290334061,14.1535989893,14.2045173645
2001.01.18,14.2101654254,14.2101654254,14.1535896502,14.1630182266
2001.01.19,14.2290321203,14.2478921617,14.1913149154,14.2196035385
2001.01.22,14.2196013211,14.2196013211,14.1535955033,14.2007427216
2001.01.23,14.2384625422,14.3327569962,14.2384625422,14.3327569962
2001.01.24,14.3516199292,14.3987671704,14.3516199292,14.3799085617
2001.01.25,14.3893331679,14.3987617493,14.3893331679,14.3987617493
2001.01.26,14.4270451926,14.4270451926,14.3704679693,14.3893280029
2001.01.29,14.3912180209,14.3987617493,14.3421859444,14.3987617493
2001.01.30,14.3704716676,14.4609949604,14.3704716676,14.4553375244
2001.01.31,14.4553338043,14.4647623823,14.3893280029,14.3893280029
2001.02.01,14.4176203509,14.4176203509,14.3987617493,14.3987617493
2001.02.02,14.3987579493,14.3987579493,14.3327521417,14.3421821594
2001.02.05,14.3704678247,14.3704678247,14.3044620240,14.3516092300
2001.02.06,14.2101660398,14.3327490497,14.2007374629,14.3138904572
2001.02.07,14.3044664499,14.3044664499,14.2290306091,14.2290306091
2001.02.08,14.2290321203,14.2667507641,14.1913149154,14.2196035385
2001.02.09,14.2195988159,14.2195988159,14.0310099760,14.0838146210
2001.02.12,14.1064450068,14.1290747454,14.0310091873,14.0762701035
2001.02.13,14.1347318551,14.1441618719,14.0630686196,14.0913572311
2001.02.14,14.0781559010,14.1347316846,14.0498672899,14.1328468323
2001.02.15,14.1724619772,14.2328103926,14.1479444892,14.1837768555
2001.02.16,14.1724545245,14.1913131246,14.1535959244,14.1535959244
2001.02.20,14.1441576465,14.1913048386,14.0875804404,14.1385002136
2001.02.21,14.0536422028,14.0536422028,14.0291261673,14.0291261673
2001.02.22,13.9744401935,13.9744401935,13.8235699045,13.8612871170
2001.02.23,13.8424256973,13.9461487301,13.8424256973,13.9197463989
2001.02.26,13.9140863854,13.9970659474,13.9140863854,13.9838647842
2001.02.27,14.0875844789,14.1403905578,14.0800421921,14.1328468323
2001.02.28,14.1064455281,14.1913099289,14.1064455281,14.1913099289
2001.03.01,14.1441659556,14.2629764317,14.1441659556,14.2120580673
2001.03.02,14.3704701234,14.3817864330,14.3440677989,14.3723564148
2001.03.05,14.3704678247,14.3761266980,14.3025757329,14.3516092300
2001.03.06,14.3138952365,14.3648135973,14.3025789261,14.3025789261
2001.03.07,14.3233277121,14.4081935883,14.3233277121,14.4081935883
2001.03.08,14.4251613513,14.4364776611,14.3742429927,14.4364776611
2001.03.09,14.3362351110,14.4118869093,14.3248861868,14.4081048965
2001.03.12,14.2719328699,14.3097602213,14.2189760208,14.2189760208
2001.03.13,14.2530179592,14.2530179592,14.1338650652,14.2359952927
2001.03.14,14.1111627445,14.1395328816,14.1017055511,14.1017055511
2001.03.15,14.1111707317,14.1433228985,14.0714530945,14.0714530945
2001.03.16,14.0752320960,14.0752320960,13.9712101474,13.9768838882
2001.03.19,13.9693221066,14.0998239517,13.9617566359,14.0998239517
2001.03.20,14.1452094464,14.3135371322,14.1452094464,14.2322101593
2001.03.21,14.1092775441,14.1168430137,13.9163631202,13.9749937057
2001.03.22,13.9352774750,13.9352774750,13.6402313464,13.8463850021
2001.03.23,13.8709657911,14.0619898677,13.8709657911,13.8898801804
2001.03.26,13.9050153958,14.1887140363,13.9050153958,14.1319751740
2001.03.27,14.0147165626,14.1281957626,14.0147165626,14.1281957626
2001.03.28,14.0147098661,14.1376462087,13.9466220900,14.0809059143
2001.03.29,14.1206317332,14.1603493811,14.0657831405,14.1281957626
2001.03.30,14.2170759800,14.2889471843,14.1735763550,14.1735763550
2001.04.02,14.2870629382,14.2870629382,14.1660183069,14.2416715622
2001.04.03,14.2832798450,14.2984107850,14.0903654099,14.0903654099
2001.04.04,14.2359980124,14.2359980124,14.0336263609,14.0771274567
2001.04.05,14.1943922392,14.2984142303,14.1849350386,14.2984142303
2001.04.06,14.1849329597,14.1849329597,14.1206286229,14.1565628052
2001.04.09,14.1092769598,14.2227561129,14.1017114905,14.1868219376
2001.04.10,14.2133014111,14.2530190455,14.2133014111,14.2416715622
2001.04.11,14.2227566433,14.2227566433,13.9428414848,13.9598627090
2001.04.12,13.9995778478,13.9995778478,13.9371652603,13.9371652603
2001.04.16,14.0336253821,14.0695610046,13.9882340040,14.0695610046
2001.04.17,13.9617525887,14.1206245422,13.9617525887,14.1206245422
2001.04.18,14.1754778381,14.3211106459,14.1300864500,14.2984142303
2001.04.19,14.3267784280,14.3589305878,14.2114075556,14.3589305878
2001.04.20,14.3929811908,14.4005466630,14.2303271454,14.3021984100
2001.04.23,14.2984032301,14.2984032301,14.1849241257,14.1849241257
2001.04.24,14.2322063413,14.2662502149,14.1660103213,14.2567930222
2001.04.25,14.2567966385,14.3362333256,14.2567966385,14.2681455612
2001.04.26,14.4024321395,14.5367159665,14.3400181030,14.4724102020
2001.04.27,14.5631874951,14.6709928513,14.5631874951,14.6709928513
2001.04.30,14.6766674826,14.6955804257,14.5783193129,14.6312761307
2001.05.01,14.5631953414,14.6501960754,14.5442823893,14.6501960754
2001.05.02,14.6672133517,14.6672133517,14.5102331653,14.6199302673
2001.05.03,14.5915591068,14.6293849945,14.5631889696,14.6293849945
2001.05.04,14.5669759258,14.5669759258,14.5386072219,14.5613021851
2001.05.07,14.5632021637,14.6199424895,14.4988978078,14.5348320007
2001.05.08,14.5442795716,14.5442795716,14.3778421621,14.4308004379
2001.05.09,14.4213388647,14.5159050212,14.4175568534,14.4894266129
2001.05.10,14.5291499498,14.5291499498,14.4270182874,14.5140190125
2001.05.11,14.5159094964,14.5159094964,14.3986469067,14.5026702881
2001.05.14,14.4894361773,14.5007836618,14.4137829136,14.4970016479
2001.05.15,14.5480579732,14.6142539978,14.5480579732,14.6142539978
2001.05.16,14.5821022372,14.6823421404,14.5461680760,14.6482982635
2001.05.17,14.7334140142,14.7920445955,14.7050438661,14.7523269653
2001.05.18,14.7712324719,14.8468856812,14.7371885999,14.8468856812
2001.05.21,14.8374321266,14.8903903961,14.7731278209,14.8903903961
2001.05.22,14.9319989680,15.0171093942,14.9319989680,14.9603691101
2001.05.23,15.0076581445,15.0530495240,14.9263311412,15.0454854965
2001.05.24,15.0379165483,15.0965471268,15.0133284144,15.0965471268
2001.05.25,15.1116843555,15.1116843555,15.0549440384,15.0549440384
2001.05.29,15.1022213405,15.1022213405,14.9698292422,15.0076551437
2001.05.30,14.8752686813,14.9130945972,14.8185283646,14.9036388397
2001.05.31,14.8468943865,14.9660472870,14.8468943865,14.9660472870
2001.06.01,14.9603722891,14.9792852402,14.9414593380,14.9792852402
2001.06.04,15.0152206715,15.0265681534,15.0133289435,15.0227861404
2001.06.05,15.0757387023,15.1211300600,15.0152164110,15.1116743088
2001.06.06,15.1078899210,15.1778694022,15.1078899210,15.1684122086
2001.06.07,15.1778796186,15.1892271042,15.1116835474,15.1892271042
2001.06.08,15.2129057646,15.2129057646,15.1460571305,15.1632461548
2001.06.11,15.1747131475,15.2931318283,15.1537033580,15.2931318283
2001.06.12,15.2893097007,15.4230070114,15.2893097007,15.4230070114
2001.06.13,15.3848031088,15.4612007141,15.3733423022,15.4612007141
2001.06.14,15.4325537946,15.4344627149,15.3523339700,15.4153633118
2001.06.15,15.4058177119,15.4230067413,15.3637981415,15.3637981415
2001.06.18,15.4038988722,15.4631074395,15.3752490484,15.4478273392
2001.06.19,15.4803025262,15.4898514988,15.4230028615,15.4325532913
2001.06.20,15.4325506903,15.5777072906,15.4325506903,15.5777072906
2001.06.21,15.5662553298,15.6407440424,15.5567048971,15.6369247437
2001.06.22,15.6426479528,15.6426479528,15.5375990645,15.5662488937
2001.06.25,15.5949069588,15.6063663137,15.4745779037,15.4745779037
2001.06.26,15.4420977427,15.6521940231,15.4420977427,15.6521940231
2001.06.27,15.6426514482,15.6522004219,15.5758028030,15.5758028030
2001.06.28,15.7228757689,15.7496152371,15.7095060349,15.7095060349
2001.06.29,15.7572530388,15.8584812191,15.7247838974,15.7247838974
2001.07.02,15.7725241809,15.8431921005,15.7152245286,15.8431921005
2001.07.03,15.8240920374,15.8718412599,15.8240920374,15.8622922897
2001.07.05,15.8527342459,15.8718336343,15.7954346236,15.8049850464
2001.07.06,15.7591609920,15.7878108300,15.6961316398,15.7820796967
2001.07.09,15.7381501591,15.7381501591,15.4936742778,15.4994039536
2001.07.10,15.6044539469,15.6063643248,15.4573869015,15.5204162598
2001.07.11,15.4993989311,15.4993989311,15.3599705511,15.3943500519
2001.07.12,15.4420990406,15.5452375412,15.3848008450,15.5452375412
2001.07.13,15.5452441528,15.6082735062,15.5261447461,15.6082735062
2001.07.16,15.6522063338,15.6617567684,15.5261490493,15.5910873413
2001.07.17,15.5949031596,15.6560221327,15.5146847805,15.5987224579
2001.07.18,15.6617510727,15.6980409622,15.6617510727,15.6980409622
2001.07.19,15.6999474051,15.7171378869,15.6120889902,15.6254587173
2001.07.20,15.6254582631,15.6617481458,15.5853490829,15.5853490829
2001.07.23,15.6617473532,15.6617473532,15.5184996640,15.5662488937
2001.07.24,15.6521949099,15.6521949099,15.4420986176,15.4420986176
2001.07.25,15.3943571713,15.4382871204,15.3466079236,15.4230070114
2001.07.26,15.5261421204,15.5261421204,15.4306436461,15.5261421204
2001.07.27,15.5662473167,15.5662473167,15.4802992948,15.5452375412
2001.07.30,15.4994035619,15.5185029664,15.3828953000,15.4134540558
2001.07.31,15.4764843014,15.4936747865,15.4535655975,15.4535655975
2001.08.01,15.4268173697,15.5433255832,15.4268173697,15.5184965134
2001.08.02,15.5853439904,15.6159041884,15.5509644962,15.6120834351
2001.08.03,15.6464701828,15.6904001236,15.5490627851,15.6904001236
2001.08.06,15.7285985947,15.7285985947,15.6178200136,15.7285985947
2001.08.07,15.7095005920,15.7400608063,15.6808507554,15.7400608063
2001.08.08,15.7859004522,15.7954494268,15.7763500205,15.7820796967
2001.08.09,15.8049986765,15.8527479172,15.6999497640,15.8527479172
2001.08.10,15.8336377037,15.9482355118,15.8336377037,15.9482355118
2001.08.13,15.9769006123,15.9769006123,15.9062311921,15.9539804459
2001.08.14,15.9577943098,16.0437423466,15.9577943098,16.0303726196
2001.08.15,16.0628472405,16.1067771912,15.9883585278,16.1067771912
2001.08.16,16.0723955373,16.2003631592,16.0170062403,16.2003631592
2001.08.17,16.1869885016,16.2251873016,16.1678891016,16.2251873016
2001.08.20,16.1678960231,16.2805835514,16.1678960231,16.2729434967
2001.08.21,16.3302332211,16.4543814844,16.3149531210,16.4314613342
2001.08.22,16.4352870238,16.4352870238,16.2939482411,16.4066371918
2001.08.23,16.3684414160,16.4161906633,16.3588924408,16.3588924408
2001.08.24,16.3302450020,16.3684438227,16.2060966492,16.2060966492
2001.08.27,16.2901279225,16.3665269840,16.1774389789,16.2939472198
2001.08.28,16.2347461537,16.3092348724,16.1774464667,16.2156467438
2001.08.29,16.1296888003,16.1296888003,15.9577927435,16.0208206177
2001.08.30,16.0437393906,16.1487882672,15.8260030441,15.9119510651
2001.08.31,15.9826228587,16.0609308408,15.8718442917,15.8718442917
2001.09.04,15.9100489931,15.9100489931,15.7897199632,15.8813991547
2001.09.05,15.8813991147,15.9024088990,15.7515211105,15.7515211105
2001.09.06,15.7954524562,15.8241022997,15.6082761987,15.6101865768
2001.09.07,15.5089540482,15.6120925913,15.4230059908,15.5089540482
2001.09.10,15.4325599648,15.4382896423,15.3848107093,15.4382896423
2001.09.17,15.0696569976,15.0696569976,14.8404598236,14.8404598236
2001.09.18,14.8595669817,15.1403313439,14.8595669817,15.0543832779
2001.09.19,15.1269553211,15.1269553211,14.6227235742,14.8786602020
2001.09.20,14.6590181392,14.6590181392,14.4871205667,14.5386905670
2001.09.21,14.1337744215,14.3820710415,14.1242239911,14.1433248520
2001.09.24,14.5062154661,14.5730655537,14.3820686340,14.3820686340
2001.09.25,14.4202664086,14.5539636599,14.4202664086,14.5482339859
2001.09.26,14.6781167862,14.8595647812,14.6399179753,14.8595647812
2001.09.27,14.8595568323,14.8977556229,14.8022571894,14.8977556229
2001.09.28,15.0314551303,15.1422336797,14.9646065081,15.1384143829
2001.10.01,14.7093953077,14.8530417405,14.6710887155,14.8089895248
2001.10.02,14.8913508355,14.9296559767,14.6040578934,14.7093992233
2001.10.03,14.6615148951,14.6615148951,14.4086972019,14.4278497696
2001.10.04,14.7477071949,14.8051663789,14.6155519485,14.6155519485
2001.10.05,14.6615144878,14.6615144878,14.3876285393,14.5178680420
2001.10.08,14.5178680420,14.5983097010,14.4604088792,14.5178680420
2001.10.09,14.6040554465,14.6653445388,14.5523433685,14.5523433685
2001.10.10,14.6710901509,14.7496175766,14.6519375836,14.7496175766
2001.10.11,14.9392263410,14.9756172318,14.8434620696,14.8626146317
2001.10.12,14.8243076866,14.8817653656,14.8051551269,14.8817653656
2001.10.15,14.9009265900,14.9679613119,14.8434674219,14.9009265900
2001.10.16,14.8626272218,14.8722042416,14.7592015457,14.7668628693
2001.10.17,14.7764297556,14.7840910739,14.6710884555,14.6730041504
2001.10.18,14.6806691281,14.6806691281,14.5561752319,14.5561752319
2001.10.19,14.4795539826,14.5465886638,14.4125193013,14.4297561646
2001.10.22,14.4125238112,14.4125238112,14.1060784145,14.3052682877
2001.10.23,14.3454886562,14.3454886562,14.2018422440,14.3129291534
2001.10.24,14.2593001127,14.2841997597,14.0888398184,14.1060781479
2001.10.25,14.0677707920,14.2114171982,14.0581952417,14.2114171982
2001.10.26,14.2209980955,14.2209980955,14.1156567843,14.1635389328
2001.10.29,14.2114218225,14.2401514053,14.1233188401,14.2401514053
2001.10.30,14.2305691757,14.2497217348,14.1252279085,14.1769399643
2001.10.31,14.2114197311,14.3052697853,14.2114197311,14.2535562515
2001.11.01,14.3933720863,14.5772393351,14.3665582038,14.5312728882
2001.11.02,14.5561660424,14.5561660424,14.3895357209,14.4029426575
2001.11.05,14.4412557109,14.5082904239,14.4125261307,14.4125261307
2001.11.06,14.3837938310,14.6404428482,14.3837938310,14.6404428482
2001.11.07,14.6519336190,14.7611048307,14.6366109848,14.6366109848
2001.11.08,14.6710816105,14.6806586192,14.6174538686,14.6346921921
2001.11.09,14.6423525669,14.6423525669,14.4604010848,14.5829792023
2001.11.12,14.4987121372,14.6519355774,14.4221018783,14.6519355774
2001.11.13,14.7189715640,14.7936675958,14.7074803165,14.7400398254
2001.11.14,14.8243111131,14.9104983822,14.7860045236,14.9085826874
2001.11.15,14.9009227148,15.0139238651,14.8990070201,14.9488048553
2001.11.16,15.0349884853,15.0981932462,14.9488012377,15.0541410446
2001.11.19,15.0828783505,15.0867082798,14.9871140435,15.0177593231
2001.11.20,14.9737042255,15.0484002537,14.9545516600,15.0062637329
2001.11.21,14.9392290231,15.0062637329,14.9373133282,15.0062637329
2001.11.23,15.0254225262,15.1116112984,15.0254225262,15.0924587250
2001.11.26,15.0732952222,15.1690594903,15.0732952222,15.1001091003
2001.11.27,15.0924454154,15.1211735195,15.0349862846,15.0445632935
2001.11.28,15.1403363971,15.1594889648,15.0637246650,15.1020298004
2001.11.29,15.1211805344,15.1594871264,15.0158406940,15.1211805344
2001.11.30,15.1211800408,15.1882162094,15.0943661579,15.1882162094
2001.12.03,15.0828722311,15.1633138657,15.0828722311,15.1633138657
2001.12.04,15.1594913072,15.3031377792,15.1594913072,15.3031377792
2001.12.05,15.3031351596,15.4544429263,15.3031351596,15.3720855713
2001.12.06,15.3701669059,15.4850837494,15.3605898935,15.4046421051
2001.12.07,15.4180457922,15.4831647873,15.3816549059,15.4831647873
2001.12.10,15.4850835204,15.4850835204,15.2763180949,15.3395214081
2001.12.11,15.2973818730,15.4371968601,15.2973818730,15.4084672928
2001.12.12,15.4563532800,15.4563532800,15.2169425944,15.2935543060
2001.12.13,15.1882177582,15.2552524724,15.1518268585,15.1518268585
2001.12.14,15.2148324845,15.3003860109,15.1390014892,15.2245550156
2001.12.17,15.3606562288,15.4364871979,15.3139913595,15.4364871979
2001.12.18,15.4578684918,15.4773120549,15.4092588425,15.4092588425
2001.12.19,15.4092638612,15.4092638612,15.3217670573,15.4034309387
2001.12.20,15.3217629680,15.3995372248,15.2770414352,15.2770414352
2001.12.21,15.3295361305,15.3509244919,15.2439841686,15.3509244919
2001.12.24,15.3956520832,15.4675949164,15.3956520832,15.4578723907
2001.12.26,15.4578694774,15.5356452180,15.3995373011,15.4773130417
2001.12.27,15.5745412824,15.6328734921,15.4676008757,15.5162105560
2001.12.28,15.5453675032,15.6036996841,15.4656484382,15.6036996841
2001.12.31,15.4578783462,15.7300928528,15.3703815150,15.5162105560
2002.01.02,15.5550900278,15.6036996841,15.2867652589,15.6036996841
2002.01.03,15.5939819871,15.7184226271,15.5939819871,15.6523141861
2002.01.04,15.6911882045,15.6911882045,15.5764701881,15.6503562927
2002.01.07,15.6037022949,15.6698107265,15.5764810015,15.6095352173
2002.01.08,15.5162020003,15.6134213073,15.5162020003,15.5842552185
2002.01.09,15.6114794482,15.6134242500,15.5725908279,15.5725908279
2002.01.10,15.5648099225,15.5648099225,15.5259213139,15.5336990356
2002.01.11,15.4675906263,15.5356438369,15.4675906263,15.5336990356
2002.01.14,15.5161960455,15.5861940384,15.4209200931,15.5861940384
2002.01.15,15.6328648720,15.6328648720,15.5570339312,15.5842552185
2002.01.16,15.5939875987,15.6620423499,15.5551004410,15.5551004410
2002.01.17,15.5356424772,15.5939731598,15.5181422340,15.5939731598
2002.01.18,15.6037006185,15.6037006185,15.4773152078,15.5356473923
2002.01.22,15.4870419164,15.5725939311,15.4870419164,15.5628728867
2002.01.23,15.5550909593,15.5550909593,15.5162038253,15.5356473923
2002.01.24,15.5162038059,15.5162038059,15.4675941467,15.4675941467
2002.01.25,15.4695440867,15.4967653888,15.4209344067,15.4909324646
2002.01.28,15.5259274191,15.5259274191,15.4209303598,15.4967613220
2002.01.29,15.5162033386,15.5162033386,15.3917627335,15.3917627335
2002.01.30,15.4675927100,15.5453669708,15.3995380067,15.5434236526
2002.01.31,15.5064777514,15.5453648765,15.4500903815,15.5336990356
2002.02.01,15.5550860381,15.5939731598,15.4986986732,15.5939731598
2002.02.04,15.5550886224,15.6134207981,15.5162014942,15.5920324326
2002.02.05,15.5162132833,15.5842665510,15.4773246421,15.5551004410
2002.02.06,15.4967595267,15.5259256203,15.3820414373,15.4578723907
2002.02.07,15.5453684147,15.5453684147,15.4189844875,15.4675941467
2002.02.08,15.4481498650,15.4578723907,15.3800966355,15.4578723907
2002.02.11,15.5356464620,15.6036996841,15.4967578468,15.6036996841
2002.02.12,15.6231537087,15.6231537087,15.5551004410,15.5551004410
2002.02.13,15.5745281408,15.6134167423,15.5259185015,15.6017494202
2002.02.14,15.6328667492,15.7009199757,15.6309219475,15.6717538834
2002.02.15,15.6911940384,15.7767474950,15.6911940384,15.7592487335
2002.02.19,15.6814784331,15.7592541948,15.6717559066,15.6970338821
2002.02.20,15.7203601244,15.7592487335,15.6231408268,15.7592487335
2002.02.21,15.8078657279,15.8078657279,15.6523141861,15.6523141861
2002.02.22,15.6620320641,15.8370256424,15.6523095393,15.8370256424
2002.02.25,15.8564748950,15.8856395102,15.7981426979,15.8642511368
2002.02.26,15.8817455980,15.9050787650,15.8273030249,15.8798007965
2002.02.27,15.8642452072,15.8836902547,15.8273028807,15.8467464447
2002.02.28,15.8759232953,15.8837010228,15.7981475032,15.8409242630
2002.03.01,15.8759110684,16.0022964478,15.8486897846,16.0022964478
2002.03.04,16.0314645342,16.1753501892,15.9634113100,16.1753501892
2002.03.05,16.2259001485,16.4475600280,16.2259001485,16.3853397369
2002.03.06,16.4592291039,16.5156164804,16.3250659845,16.5000610352
2002.03.07,16.5272884971,16.5447872669,16.4417349995,16.5078449249
2002.03.08,16.5636417218,16.5636417218,16.4551887040,16.5143451691
2002.03.11,16.4394278473,16.4926675041,16.2954811385,16.3842144012
2002.03.12,16.3270150919,16.3841977560,16.2481403249,16.3230705261
2002.03.13,16.2678735970,16.4019603729,16.2501275480,16.4019603729
2002.03.14,16.3467449003,16.5636495338,16.3467449003,16.4946346283
2002.03.15,16.5044896803,16.6425209676,16.5025189008,16.5833644867
2002.03.18,16.5932199071,16.5951921904,16.5044852097,16.5735015869
2002.03.19,16.5754755657,16.6720979107,16.5636448722,16.6523780823
2002.03.20,16.5636405515,16.6326554195,16.5577252062,16.6227970123
2002.03.21,16.6228003691,16.6819553375,16.5656161799,16.6819553375
2002.03.22,16.7411097827,16.8002647439,16.7194191789,16.7588558197
2002.03.25,16.6622392931,16.7016759441,16.5833644867,16.5833644867
2002.03.26,16.7016694607,16.7805442365,16.7016694607,16.7233600616
2002.03.27,16.7805359034,16.8475799561,16.7805359034,16.8475799561
2002.03.28,16.8692826502,16.8890009724,16.7706895348,16.8002662659
2002.04.01,16.6918112049,16.8199825287,16.6839235768,16.8199825287
2002.04.02,16.8495578766,16.8988544198,16.8239242157,16.8495578766
2002.04.03,16.8673156219,16.8673156219,16.7706947599,16.8436527252
2002.04.04,16.8594168166,16.8988534471,16.8396985013,16.8791351318
2002.04.05,16.9856212752,17.0763267581,16.9856212752,17.0349178314
2002.04.08,17.0368804290,17.1946284164,17.0309650863,17.1887130737
2002.04.09,17.2143577004,17.3228092194,17.1946378748,17.3228092194
2002.04.10,17.3622447777,17.5791492876,17.3622447777,17.5199928284
2002.04.11,17.4312622272,17.5101370164,17.3543597214,17.4391498566
2002.04.12,17.4115346072,17.6264667511,17.4115346072,17.6264667511
2002.04.15,17.5890118609,17.5890118609,17.4115454499,17.5377445221
2002.04.16,17.5199948043,17.5199948043,17.2537937164,17.2537937164
2002.04.17,17.2045044641,17.2715470832,16.9284433466,17.0309810638
2002.04.18,17.1059055328,17.2301323167,17.0467490618,17.1059055328
2002.04.19,17.1749142475,17.1749142475,16.9106855150,17.0151939392
2002.04.22,16.9777326739,16.9777326739,16.7549127943,16.8160400391
2002.04.23,16.7115340914,16.7706905661,16.5044879345,16.5636444092
2002.04.24,16.6720925223,16.7509657927,16.6247667548,16.6701202393
2002.04.25,16.6326580699,16.7489987270,16.6326580699,16.7470264435
2002.04.26,16.7805438731,16.7805438731,16.6425141467,16.6898384094
2002.04.29,16.6720907086,16.6720907086,16.5636377170,16.5932159424
2002.04.30,16.6720915245,16.8594177870,16.6720915245,16.8495578766
2002.05.01,16.8988574283,16.9974505323,16.7608276844,16.9915351868
2002.05.02,16.9580212320,17.2045040987,16.9580212320,17.2025318146
2002.05.03,17.1650674418,17.2439407557,17.0290084180,17.2025318146
2002.05.06,17.2143668241,17.2143668241,17.0605602264,17.0605602264
2002.05.07,17.0763279629,17.0763279629,16.8988600473,16.9678764343
2002.05.08,17.0270295385,17.0270295385,16.7667437922,16.9087181091
2002.05.09,16.8495681180,16.8594280344,16.7115383148,16.7115383148
2002.05.10,16.7312524148,16.7312524148,16.4887141784,16.5636444092
2002.05.13,16.5735052884,16.7115350648,16.5735052884,16.6661815643
2002.05.14,16.6326612887,16.7509727478,16.5853370060,16.7509727478
2002.05.15,16.7903958096,16.8791289481,16.7726482793,16.8475799561
2002.05.16,16.8298471422,16.8653407295,16.7016757711,16.7766075134
2002.05.17,16.7608271033,16.8633632660,16.7608271033,16.8633632660
2002.05.20,16.8298449599,16.8357603063,16.7411117554,16.7411117554
2002.05.21,16.7608301332,16.7608301332,16.6228003691,16.6819553375
2002.05.22,16.6228043962,16.6799870949,16.5833662366,16.6030845642
2002.05.23,16.7016651746,16.9974443796,16.6365948928,16.9757537842
2002.05.24,16.8988598953,17.0368911637,16.8692831633,16.9875946045
2002.05.28,16.9974517317,17.0566082001,16.8830848663,17.0566082001
2002.05.29,17.0861868558,17.2143582041,16.9875937424,17.2044982910
2002.05.30,17.1552050839,17.2143615653,17.0368936256,17.1157684326
2002.05.31,17.1946393587,17.2597111783,17.1552027128,17.1749210358
2002.06.03,17.1354845425,17.2222454650,17.0566097457,17.1552028656
2002.06.04,17.0763279167,17.2025269887,17.0763279167,17.1749210358
2002.06.05,17.1749183014,17.2044965333,17.1453400695,17.1847782135
2002.06.06,17.1847833246,17.1847833246,17.0566119513,17.1157684326
2002.06.07,17.0171707321,17.0664672852,16.9343513795,17.0664672852
2002.06.10,17.0861879825,17.1887241653,17.0368914226,17.1552028656
2002.06.11,17.2044991195,17.2439357650,17.1197089777,17.1946392059
2002.06.12,17.1946394265,17.2537958999,17.0763279840,17.1571750641
2002.06.13,17.2143565954,17.2340749154,17.1256218990,17.1650600433
2002.06.14,17.1484454171,17.1884660437,17.0483961404,17.0944194794
2002.06.17,17.1084268841,17.2184817028,17.1084268841,17.1784610748
2002.06.18,17.2484985007,17.2665081684,17.1324424744,17.1324424744
2002.06.19,17.1684585272,17.2685078157,17.0624049989,17.1584529877
2002.06.20,17.1084341441,17.2885232299,17.1084341441,17.2224903107
2002.06.21,17.3685614242,17.3985749970,17.2885216682,17.3765640259
2002.06.24,17.3685689766,17.4185936551,17.2885291857,17.3125400543
2002.06.25,17.3185351099,17.4586035246,17.3185351099,17.4085788727
2002.06.26,17.3885733507,17.3985773674,17.1304459036,17.3485527039
2002.06.27,17.3085267862,17.4165802002,17.2484966029,17.4165802002
2002.06.28,17.3885663908,17.5026225169,17.3685568387,17.4485950470
2002.07.01,17.4786273324,17.4786273324,17.2104957122,17.3365573883
2002.07.02,17.2885173681,17.3085269205,16.9903709157,17.1584529877
2002.07.03,17.1284356480,17.1284356480,16.8142809842,16.9283370972
2002.07.05,17.0183917484,17.1684657444,16.8783217696,16.9983806610
2002.07.08,17.1484520699,17.1484520699,16.8483041234,16.8983287811
2002.07.09,16.8883294579,16.9383541296,16.7282498979,16.7302513123
2002.07.10,16.7682640542,16.8583078177,16.4881256962,16.5181407928
2002.07.11,16.4080839198,16.4881236588,15.9278470119,16.2179908752
2002.07.12,16.3480558684,16.3860750929,16.0579134938,16.1579627991
2002.07.15,16.0278978959,16.0679185328,15.6677213243,16.0359020233
2002.07.16,16.0579124161,16.3860739932,16.0479068756,16.0479068756
2002.07.17,16.3280499274,16.3460596002,15.8978375143,16.0679225922
2002.07.18,15.9278631052,15.9598796438,15.6497259140,15.6497259140
2002.07.19,15.4476154445,15.4476154445,15.2775318943,15.3655757904
2002.07.22,15.5276607917,15.6077005872,14.6472260943,15.1274633408
2002.07.23,15.1674829428,15.2575267523,14.5671868083,14.5972003937
2002.07.24,14.0069030947,14.8973413237,13.9568784408,14.6872386932
2002.07.25,14.5671773954,15.2275018007,14.5071472101,15.0774278641
2002.07.26,15.4075997426,15.6076984406,15.3475695226,15.6076984406
2002.07.29,15.8878296268,16.3580610457,15.8878296268,16.2980308533
2002.07.30,16.1679761383,16.7282516020,16.0479156928,16.5481624603
2002.07.31,16.4481157809,16.6342076698,16.2079979041,16.6262035370
2002.08.01,16.5281500693,16.5381556136,16.2400090186,16.3960857391
2002.08.02,16.2480060553,16.2680171370,15.9578636898,16.0359020233
2002.08.05,15.9578714957,15.9958907377,15.7277576829,15.7597742081
2002.08.06,15.7677706312,15.9058376300,15.7677706312,15.7997856140
2002.08.07,15.9998895484,16.1279525757,15.8298059834,16.1279525757
2002.08.08,16.1179397255,16.2319958444,16.0579095464,16.1319465637
2002.08.09,16.0278994300,16.0278994300,15.7877816926,15.9298515320
2002.08.12,15.7877748023,16.1159362793,15.7877748023,16.1159362793
2002.08.13,16.1879796153,16.2380042732,15.9198466549,15.9358549118
2002.08.14,15.8678275914,16.0519180298,15.7877878057,16.0519180298
2002.08.15,16.0519027884,16.1479492188,16.0278904175,16.1479492188
2002.08.16,16.0078837078,16.3480506260,16.0078837078,16.3280410767
2002.08.19,16.3280403121,16.3400472624,16.2379965811,16.3040294647
2002.08.20,16.3180482780,16.3180482780,16.1599701346,16.2380084991
2002.08.21,16.3080372137,16.3380523114,16.2259960483,16.3180427551
2002.08.22,16.3180503456,16.3880845885,16.2980392534,16.3660736084
2002.08.23,16.3660649641,16.4360991700,16.3080361859,16.3580608368
2002.08.26,16.4280983392,16.4981325591,16.2320025233,16.4721202850
2002.08.27,16.5881831177,16.5881831177,16.4821310472,16.5481624603
2002.08.28,16.4881267752,16.6862239838,16.4381021197,16.6862239838
2002.08.29,16.5281431661,16.6361965875,16.5281431661,16.6081829071
2002.08.30,16.6281952001,16.7362486393,16.6281952001,16.6862239838
2002.09.03,16.6682127306,16.6682127306,16.4541073058,16.5121345520
2002.09.04,16.5081415172,16.5881812965,16.4881319540,16.5541648865
2002.09.05,16.5481650196,16.5561691523,16.4481156506,16.4981403351
2002.09.06,16.5781750855,16.5781750855,16.4761243328,16.5021381378
2002.09.09,16.4681193674,16.5321508738,16.4341014369,16.5301494598
2002.09.10,16.4981353094,16.6081901924,16.4681217291,16.5021381378
2002.09.11,16.5081352808,16.5781694888,16.4981297397,16.5281448364
2002.09.12,16.4280886946,16.4981228735,16.3560531031,16.4080791473
2002.09.13,16.3500350822,16.5022700399,16.3398854655,16.4718227386
2002.09.16,16.4819685757,16.5042964904,16.3601809357,16.4515228271
2002.09.17,16.5022675078,16.5022675078,16.2911682129,16.2911682129
2002.09.18,16.3703349064,16.3703349064,16.2079503108,16.2891426086
2002.09.19,16.1978057102,16.2688484053,16.1064637749,16.1673583984
2002.09.20,16.2485548504,16.2688525472,16.1815710571,16.2384052277
2002.09.23,16.1775028899,16.2363672667,16.1064602106,16.1917114258
2002.09.24,16.0557176551,16.1084928886,15.9948245844,16.0130920410
2002.09.25,16.0354126325,16.0760079944,15.8730280877,15.9724893570
2002.09.26,16.0354170991,16.1592350006,15.9927914927,16.1592350006
2002.09.27,16.0760161361,16.1673580695,15.9765563650,16.0455703735
2002.09.30,15.9339271993,15.9339271993,15.7918418437,15.8628845215
2002.10.01,15.8933299497,15.8933299497,15.6903500093,15.8182268143
2002.10.02,15.8222843058,15.8425835369,15.6091563168,15.6396036148
2002.10.03,15.6294619389,15.7106542587,15.5888665533,15.7106542587
2002.10.04,15.7106485585,15.7106485585,15.3351359578,15.3737010956
2002.10.07,15.4061687180,15.4061687180,14.9190168381,14.9190168381
2002.10.08,14.9799202418,14.9799202418,14.5435130596,14.7363433838
2002.10.09,14.6551538936,14.6551538936,14.3608335429,14.3872203827
2002.10.10,14.3100858181,14.7972379854,14.0969562609,14.7363433838
2002.10.11,15.0408090033,15.1504183258,14.9819446514,15.0611066818
2002.10.14,15.0611106513,15.0712602676,14.7972376634,14.8723392487
2002.10.15,15.1017084158,15.3229558154,15.0712611139,15.1626014709
2002.10.16,15.1220067335,15.2214664784,14.9088771601,15.0814113617
2002.10.17,15.2945371945,15.3249844933,15.2234945297,15.2234945297
2002.10.18,15.3046887501,15.3737011907,15.1017087973,15.2742414474
2002.10.21,15.2031984329,15.2214658849,15.0692309237,15.2031984329
2002.10.22,15.1423094199,15.1423094199,14.9027929306,14.9027929306
2002.10.23,14.8885796866,14.9799215973,14.7160470311,14.9088773727
2002.10.24,15.0002190494,15.1118570960,14.9393244432,15.0915594101
2002.10.25,15.0408047915,15.3452745304,15.0408047915,15.3188877106
2002.10.28,15.4366314690,15.4447493072,15.1727568180,15.2133522034
2002.10.29,15.2133458158,15.2133458158,14.9088759072,15.1220054626
2002.10.30,15.1220082647,15.2214680197,15.0387857309,15.1159191132
2002.10.31,15.2336487779,15.2539464670,15.1524564726,15.2214689255
2002.11.01,15.0915598869,15.3534042241,15.0915598869,15.3107786179
2002.11.04,15.4061819869,15.5685650544,15.3351392981,15.5482673645
2002.11.05,15.5279632082,15.6152446320,15.4954856791,15.5563802719
2002.11.06,15.6193094521,15.7207994461,15.5888636928,15.7207994461
2002.11.07,15.6903484366,15.6964375864,15.5929173936,15.6477212906
2002.11.08,15.6193067392,15.6193067392,15.4670717747,15.5157880783
2002.11.11,15.4366209820,15.4772163398,15.3006232811,15.4163217545
2002.11.12,15.3655768596,15.5868257422,15.3655768596,15.5178117752
2002.11.13,15.5482622703,15.6132157857,15.3696404901,15.3716707230
2002.11.14,15.5076717658,15.6862936020,15.4772244571,15.6862936020
2002.11.15,15.6903541860,15.7370387175,15.6396091874,15.6984720230
2002.11.18,15.6396001681,15.6700459108,15.5543474427,15.5705862045
2002.11.19,15.5990130244,15.7005030266,15.5563874093,15.6294603348
2002.11.20,15.6700527271,15.6842612627,15.5685627442,15.6781721115
2002.11.21,15.6903467536,15.7593591757,15.6436606957,15.7410917282
2002.11.22,15.7309518789,15.8162031174,15.6294618667,15.8162031174
2002.11.25,15.8019932045,15.8344707489,15.7065923536,15.8344707489
2002.11.26,15.8324399233,15.8507073799,15.7410995432,15.8101119995
2002.11.27,15.8628782108,15.9339208603,15.8121332399,15.9339208603
2002.11.29,15.9034694198,15.9582748413,15.9034694198,15.9582748413
2002.12.02,15.8933363061,16.0557193941,15.8933363061,15.9948263168
2002.12.03,16.0354156494,16.0638327178,15.9988791974,16.0354156494
2002.12.04,15.9643770780,15.9968530722,15.8730351501,15.8933343887
2002.12.05,15.9339287909,15.9521962462,15.8730341760,15.9034814835
2002.12.06,15.8324307956,15.9237711231,15.8019835036,15.9217424393
2002.12.09,15.8324333335,15.9948178846,15.8243139511,15.9623403549
2002.12.10,16.0049714758,16.0049714758,15.8588256391,15.9034814835
2002.12.11,15.8852148640,15.9379885478,15.8649171742,15.8913040161
2002.12.12,15.8730343735,15.9116010666,15.7918436175,15.9116010666
2002.12.13,15.8954045106,15.9660038458,15.8331096749,15.8704862595
2002.12.16,15.8642564285,15.9203205109,15.7915801794,15.9203205109
2002.12.17,15.9473161104,15.9473161104,15.8227264409,15.8642568588
2002.12.18,15.8434969117,15.8434969117,15.6794552791,15.7998895645
2002.12.19,15.6773719892,15.7915786440,15.6773719892,15.7168254852
2002.12.20,15.7396685833,15.8227262497,15.6877567497,15.8227262497
2002.12.23,15.7811971346,15.8414150506,15.7604327184,15.8123445511
2002.12.24,15.8621790523,15.9473152161,15.8621790523,15.9473152161
2002.12.26,15.9473159782,15.9784618111,15.9057855606,15.9057855606
2002.12.27,15.8933221774,15.9265449166,15.7936507911,15.8953990936
2002.12.30,15.9057821062,15.9348526001,15.8331058715,15.9348526001
2002.12.31,15.9473085827,16.1238084189,15.9473085827,16.0511322021
2003.01.02,16.0594366976,16.0926610162,16.0096018038,16.0511322021
2003.01.03,16.1134270279,16.2587810601,16.0926626188,16.2546272278
2003.01.06,16.2587908685,16.4041434042,16.2380248626,16.3833789825
2003.01.07,16.1964855194,16.2587803282,16.0594375738,16.1964855194
2003.01.08,16.1238103549,16.1341917675,15.9514627457,15.9514627457
2003.01.09,16.0303778769,16.0781374736,15.9369371850,16.0179195404
2003.01.10,15.9888457029,16.0096101207,15.8663345287,15.9265508652
2003.01.13,15.9473161049,15.9473161049,15.8040389355,15.8248033524
2003.01.14,15.7811977336,15.8455679016,15.7604333166,15.7832746506
2003.01.15,15.7500491789,15.8538728407,15.6877559323,15.7811965942
2003.01.16,15.6981415413,15.7998883134,15.5943178517,15.6420774460
2003.01.17,15.4904932607,15.5507111873,15.4178169991,15.4344291687
2003.01.21,15.4697262015,15.4863383682,15.3908207858,15.4012022018
2003.01.22,15.3762835202,15.4593411746,15.3659005213,15.4178123474
2003.01.23,15.4904885988,15.4904885988,15.3762835319,15.4572658539
2003.01.24,15.4261147653,15.4261147653,15.2724562401,15.3160619736
2003.01.27,15.2828426357,15.2828426357,15.1208779774,15.1790189743
2003.01.28,15.1582516079,15.2496169191,15.1291811151,15.2350816727
2003.01.29,15.1686398703,15.3555212218,15.1686398703,15.3306045532
2003.01.30,15.3866697858,15.4074342059,15.2620816808,15.2932291031
2003.01.31,15.2724522070,15.4863285697,15.2724522070,15.4593334198
2003.02.03,15.5527886903,15.5714761936,15.4282005822,15.4697294235
2003.02.04,15.4074317223,15.4801095574,15.3451384719,15.4302730560
2003.02.05,15.5320210306,15.5943142796,15.4593431972,15.5050258636
2003.02.06,15.5320210306,15.5424024467,15.4655739479,15.5050258636
2003.02.07,15.5735511357,15.5735511357,15.3783621212,15.3866682053
2003.02.10,15.3866662983,15.4904899597,14.9983668187,15.4904899597
2003.02.11,15.5527856324,15.5527856324,15.3243738818,15.3638257980
2003.02.12,15.3243685741,15.4240383727,15.2433862686,15.2433862686
2003.02.13,15.3036058500,15.3036058500,15.1374889554,15.2371587753
2003.02.14,15.2620756566,15.3077583134,15.1499459311,15.2039346695
2003.02.18,15.3243766663,15.4572708574,15.2766170737,15.3845930099
2003.02.19,15.3866662983,15.5008729595,15.3659018829,15.4904899597
2003.02.20,15.5112511644,15.5382463247,15.4489579310,15.5008697510
2003.02.21,15.5527866331,15.6981391426,15.4925687123,15.6939868927
2003.02.24,15.6150725796,15.6150725796,15.4904845463,15.5403194427
2003.02.25,15.4697256088,15.6856790155,15.4012016118,15.6773729324
2003.02.26,15.6566148013,15.6669962211,15.5860138591,15.6047029495
2003.02.27,15.6669951570,15.7292900085,15.6067788072,15.7292900085
2003.02.28,15.7396704998,15.8144236760,15.7292874981,15.7583580017
2003.03.03,15.7811946741,15.8227235000,15.7230536840,15.7417411804
2003.03.04,15.6773714343,15.7396662591,15.6254596084,15.6462240219
2003.03.05,15.5943156503,15.6566104889,15.5340977287,15.6566104889
2003.03.06,15.6150709830,15.6358369733,15.5257826112,15.5652360916
2003.03.07,15.5507768725,15.6157475155,15.4879040684,15.6136512756
2003.03.10,15.5109620464,15.5507810200,15.3831185652,15.3852148056
2003.03.11,15.4983797133,15.5926913036,15.3411953284,15.3663454056
2003.03.12,15.3935978346,15.4208441650,15.2699468241,15.2992877960
2003.03.13,15.4774346380,15.5361166000,15.3873154538,15.5361166000
2003.03.14,15.5298233658,15.5507809727,15.4459913392,15.4627580643
2003.03.17,15.4564661203,15.7708349228,15.3977841997,15.7708349228
2003.03.18,15.8651525755,15.8651525755,15.7352144312,15.8253335953
2003.03.19,15.9070725263,16.0328198129,15.8274313523,16.0307235718
2003.03.20,15.9908949772,16.1669407528,15.8358052046,16.1648445129
2003.03.21,16.2109561425,16.4708339885,16.1983818981,16.4310150146
2003.03.24,16.3262312143,16.3262312143,15.9720416113,16.0307235718
2003.03.25,16.0391077920,16.2046756744,16.0391077920,16.2046756744
2003.03.26,16.2423949438,16.3031731296,16.1648500310,16.3010768890
2003.03.27,16.2843109807,16.2905997028,16.0747316805,16.2088623047
2003.03.28,16.2004771748,16.2549666303,16.1376027582,16.1501770020
2003.03.31,16.0118523277,16.1774200992,15.9615537638,16.0642471313
2003.04.01,16.1376045775,16.3471838577,16.1334136955,16.3367042542
2003.04.02,16.4938934405,16.6007793518,16.4540744532,16.5106601715
2003.04.03,16.4414977682,16.5001813236,16.3765286877,16.3891029358
2003.04.04,16.4624460743,16.5064575125,16.3576564789,16.3576564789
2003.04.07,16.5358094952,16.6217361892,16.4100622167,16.4938926697
2003.04.08,16.5358088247,16.5358088247,16.3723372094,16.4519767761
2003.04.09,16.4519693063,16.5567589197,16.3702335358,16.3702335358
2003.04.10,16.4519732526,16.4582603751,16.3199388837,16.4205360413
2003.04.11,16.4750259283,16.5358041062,16.2989785166,16.3304157257
2003.04.14,16.3367025561,16.5462818146,16.3367025561,16.5462818146
2003.04.15,16.5567583791,16.6175365448,16.4980764534,16.6175365448
2003.04.16,16.6615467072,16.6615467072,16.5798109456,16.6615467072
2003.04.17,16.7034659571,16.8187351868,16.6426893804,16.8166389465
2003.04.21,16.8396966537,16.8690376282,16.7768238223,16.8690376282
2003.04.22,16.8816102025,17.1016674684,16.8816102025,17.0995712280
2003.04.23,17.0367058155,17.1540697417,17.0094610753,17.1058673859
2003.04.24,17.0618562912,17.0911972734,16.9444907635,16.9654483795
2003.04.25,16.9235241816,16.9235241816,16.7663397465,16.8271179199
2003.04.28,16.8501798790,16.8920951089,16.7684440613,16.7684440613
2003.04.29,16.8082561493,17.0178354110,16.8082561493,16.8082561493
2003.04.30,16.7684359795,16.8417883960,16.6426887512,16.6426887512
2003.05.01,16.6615490748,16.8711283084,16.5567594579,16.7872962952
2003.05.02,16.8082584186,17.0283173127,16.8082584186,16.9361019135
2003.05.05,17.0387999885,17.1331100464,16.9570641786,17.1331100464
2003.05.06,17.1750202041,17.4789110991,17.1142436241,17.2295112610
2003.05.07,17.2693316534,17.2693316534,17.0618486300,17.1813087463
2003.05.08,17.0807147215,17.2923902841,17.0660442329,17.2462825775
2003.05.09,17.3426854079,17.4328045622,17.2714292202,17.3741226196
2003.05.12,17.4265172429,17.5417848861,17.3950800315,17.5103492737
2003.05.13,17.5208289568,17.5732237812,17.4495727631,17.5396919250
2003.05.14,17.5732157874,17.5732157874,17.4076480258,17.4642353058
2003.05.15,17.5208267919,17.5208267919,17.3552589754,17.4621448517
2003.05.16,17.4579553361,17.5774154663,17.3762195416,17.5774154663
2003.05.19,17.5732156339,17.5732156339,17.4600426738,17.4914798737
2003.05.20,17.5522615293,17.6717216334,17.5124409617,17.6549549103
2003.05.21,17.6046588545,17.7157356128,17.5229230663,17.6989688873
2003.05.22,17.7513720700,17.8771209717,17.6717324847,17.8771209717
2003.05.23,17.8666316611,17.9798046518,17.8121406066,17.9588470459
2003.05.27,17.9190261989,17.9504634068,17.8351941776,17.9357929230
2003.05.28,17.9609481075,17.9819073199,17.6570587158,17.6570587158
2003.05.29,17.7094569665,17.7094569665,17.0807188493,17.3196392059
2003.05.30,17.3531621621,17.6780090332,17.3531621621,17.6780090332
2003.06.02,17.7723218294,17.8351946478,17.7094474120,17.7681293488
2003.06.03,17.7408928064,17.8372991183,17.6591569854,17.7597541809
2003.06.04,17.8792121707,18.0950786252,17.8603507984,18.0573558807
2003.06.05,17.9190271406,18.0552539825,17.9190271406,18.0552539825
2003.06.06,18.1286068949,18.2962709509,18.0678287146,18.2333965302
2003.06.09,18.2019602925,18.2019602925,18.0447758312,18.1139373779
2003.06.10,18.1286069438,18.3172286075,18.1013622142,18.2857913971
2003.06.11,18.3172291545,18.4848916170,18.2124395159,18.4618377686
2003.06.12,18.5058502713,18.5058502713,18.1935760062,18.2857913971
2003.06.13,18.2845121309,18.2845121309,17.9315777461,18.0038661957
2003.06.16,18.0931707768,18.2398726831,18.0931707768,18.1930980682
2003.06.17,18.1994672432,18.2611245125,17.9911097612,18.0655231476
2003.06.18,17.9868643273,18.0336389394,17.7785067563,17.8380374908
2003.06.19,17.9230806306,17.9719801777,17.7997660493,17.8635482788
2003.06.20,17.9337044651,17.9337044651,17.8210211023,17.8592910767
2003.06.23,17.7955147183,17.7976412794,17.6169225111,17.6190490723
2003.06.24,17.6679385561,17.7508565510,17.5510037124,17.7487316132
2003.06.25,17.7742481793,17.9230765922,17.7338532630,17.8465366364
2003.06.26,17.8805493193,18.0676476664,17.8422793503,18.0633945465
2003.06.27,18.0910426433,18.1782138039,18.0357650324,18.0548992157
2003.06.30,18.1782159635,18.1782159635,17.9060745103,17.9868659973
2003.07.01,18.0506418286,18.1994686127,17.9188226612,18.1994686127
2003.07.02,18.2845193385,18.4524819782,18.2122324825,18.4439773560
2003.07.03,18.4716127128,18.5396480560,18.3738120083,18.5396480560
2003.07.07,18.6246889166,18.7033554255,18.5885455026,18.6884727478
2003.07.08,18.6778451452,18.7607631683,18.6246924831,18.7607631683
2003.07.09,18.7309872237,18.7309872237,18.5502685991,18.6459426880
2003.07.10,18.6459535718,18.6459535718,18.3142814730,18.3950729370
2003.07.11,18.4758661934,18.6204415033,18.4333430893,18.5545310974
2003.07.14,18.6459542714,18.7713954045,18.5779189249,18.7288722992
2003.07.15,18.7203684654,18.7501338267,18.6502065612,18.6927280426
2003.07.16,18.7947803149,18.7947803149,18.6417003994,18.7076091766
2003.07.17,18.6459518098,18.7309963872,18.3950711987,18.4737377167
2003.07.18,18.5821690179,18.6416997336,18.4779902655,18.5268898010
2003.07.21,18.5715356764,18.6565802412,18.4120777256,18.5183830261
2003.07.22,18.5821744139,18.6417051469,18.5162639977,18.5885524750
2003.07.23,18.6353244513,18.6353244513,18.4418479744,18.5587844849
2003.07.24,18.5821747516,18.6969847196,18.5651655070,18.6076869965
2003.07.25,18.6076886748,18.7586437067,18.6076886748,18.7522640228
2003.07.28,18.7947852511,18.8351801790,18.6480833565,18.6672191620
2003.07.29,18.6459558324,18.8139184628,18.6459558324,18.7905311584
2003.07.30,18.8585704612,19.0265331268,18.8373097133,19.0265331268
2003.07.31,19.0669246658,19.1307085147,18.9755020142,18.9755020142
2003.08.01,18.9818821000,18.9818821000,18.8160460217,18.9010906219
2003.08.04,18.8479326643,18.8479326643,18.6204393552,18.7650146484
2003.08.05,18.7947803149,18.7990318139,18.6523315799,18.7076091766
2003.08.06,18.7310032762,18.7628952072,18.5651671815,18.7522640228
2003.08.07,18.7501329196,18.8776989796,18.7224924982,18.8075370789
2003.08.08,18.8883299857,18.9010877281,18.8054119592,18.8670692444
2003.08.11,18.8266756415,18.8840798091,18.8139178981,18.8394317627
2003.08.12,18.8798281959,18.8798281959,18.7309997533,18.8330535889
2003.08.13,18.8585630495,18.8585630495,18.6565835910,18.7203674316
2003.08.14,18.7522604959,18.8564408924,18.6778470856,18.8330535889
2003.08.15,18.7480054087,18.8776980227,18.7480054087,18.7650146484
2003.08.18,18.7735255860,18.9202258670,18.7692724636,18.8691997528
2003.08.19,18.9117134100,18.9436053265,18.8436780786,18.9329757690
2003.08.20,18.8479325279,18.9861297607,18.8479325279,18.9861297607
2003.08.21,19.0180112274,19.0711638598,18.9478509854,19.0201377869
2003.08.22,19.0499149222,19.0499149222,18.8373042610,18.8777008057
2003.08.25,18.8479359582,18.8479359582,18.6034333667,18.6757202148
2003.08.26,18.6778497971,18.8691997528,18.5587883234,18.8691997528
2003.08.27,18.8054161372,19.0499187714,18.8054161372,19.0350360870
2003.08.28,19.0605516211,19.0605516211,18.9584977604,19.0265331268
2003.08.29,19.0456659815,19.1349620819,18.9882601869,19.1349620819
2003.09.02,19.1859863487,19.3645801544,19.0966902568,19.3645801544
2003.09.03,19.4113621523,19.5601890287,19.1881202157,19.5091629028
2003.09.04,19.5814442772,19.6367235109,19.5006527987,19.5984535217
2003.09.05,19.5495501776,19.5686859811,19.4113545418,19.5134067535
2003.09.08,19.3794582623,19.5814377017,19.3794582623,19.5665550232
2003.09.09,19.5027767008,19.5112796999,19.3624528856,19.4963970184
2003.09.10,19.4751335223,19.4751335223,19.1158226581,19.1562175751
2003.09.11,19.2625252251,19.3560744334,19.2051210614,19.3241825104
2003.09.12,19.2595340423,19.3909912109,19.1927268890,19.3909912109
2003.09.15,19.3952901936,19.3952901936,19.3090885750,19.3500347137
2003.09.16,19.3629671203,19.3909835957,19.2465951654,19.3435726166
2003.09.17,19.3521996688,19.3521996688,19.2013463514,19.2724628448
2003.09.18,19.3090981971,19.4233146999,19.2767723685,19.3802146912
2003.09.19,19.4168413570,19.5763132923,19.3952913621,19.5289039612
2003.09.22,19.4168516513,19.5052088146,19.3500461384,19.4599533081
2003.09.23,19.4599619853,19.6517599223,19.4599619853,19.5914192200
2003.09.24,19.6108059386,19.6517521035,19.4836597443,19.4836597443
2003.09.25,19.5246026821,19.5396878504,19.3780603420,19.4642620087
2003.09.26,19.4146970900,19.4858135941,19.2228992294,19.4836597443
2003.09.29,19.4944259920,19.5784721375,19.4642556652,19.5784721375
2003.09.30,19.6323581764,19.7702802122,19.4578009595,19.6991653442
2003.10.01,19.7508802495,19.8844912600,19.7508802495,19.8370819092
2003.10.02,19.8694123100,20.0353508444,19.8694123100,19.9879398346
2003.10.03,20.1818879899,20.3629100052,20.1517176541,20.2012825012
2003.10.06,20.1926596777,20.4404888153,20.1926596777,20.4404888153
2003.10.07,20.4297189754,20.4620431638,20.3392063156,20.3435173035
2003.10.08,20.3456673193,20.4016969935,20.2961008369,20.3564414978
2003.10.09,20.4857472836,20.5245379512,20.3650659375,20.3844604492
2003.10.10,20.5116079999,20.5116079999,20.3650656627,20.4189414978
2003.10.13,20.4943656921,20.5654821833,20.4534211788,20.4943656921
2003.10.14,20.5051415694,20.5180712427,20.4124750745,20.5094509125
2003.10.15,20.5482416059,20.6064284241,20.4254047770,20.4620399475
2003.10.16,20.4620464107,20.5396277634,20.4620464107,20.4879074097
2003.10.17,20.5417770706,20.5482419073,20.3047237396,20.3047237396
2003.10.20,20.4146326579,20.4189420014,20.2594699860,20.2594699860
2003.10.21,20.3435136529,20.3650636560,20.2594674900,20.2788619995
2003.10.22,20.3004123535,20.3004123535,20.0655145208,20.1366310120
2003.10.23,20.0655201531,20.0655201531,19.8112260950,19.9340629578
2003.10.24,19.9340617624,19.9340617624,19.6776122255,19.7724342346
2003.10.27,19.8694064859,20.1495614742,19.8672526364,20.0051746368
2003.10.28,20.0633609922,20.0633609922,19.6668356285,19.8694076538
2003.10.29,19.9125119456,20.1215504800,19.8974267753,20.0676746368
2003.10.30,20.1387756406,20.1689459604,20.0202498538,20.1172256470
2003.10.31,20.1711049883,20.2400659664,19.9900830375,20.0418033600
2003.11.03,20.1711075389,20.3435108279,20.1711075389,20.3176498413
2003.11.04,20.2874877817,20.4103246408,20.2120619285,20.3758449554
2003.11.05,20.3736876420,20.3736876420,20.2163694674,20.3435173035
2003.11.06,20.3542882033,20.4943656921,20.3176530330,20.4943656921
2003.11.07,20.5159158265,20.6840098006,20.5159158265,20.5870323181
2003.11.10,20.6495223764,20.6495223764,20.5072910793,20.5439262390
2003.11.11,20.5590189979,20.5590189979,20.3650656627,20.4189414978
2003.11.12,20.4728102674,20.7271041870,20.4189344509,20.7271041870
2003.11.13,20.7271157783,20.7874564634,20.6452250833,20.7723712921
2003.11.14,20.8607227165,20.9684743800,20.8305523822,20.8822727203
2003.11.17,20.5805669441,20.7960702629,20.5568614475,20.7314186096
2003.11.18,20.8176184613,20.8908904383,20.7077113179,20.7615871429
2003.11.19,20.8176159984,20.8585621467,20.6559885424,20.7206401825
2003.11.20,20.7206457656,20.7206457656,20.3801501054,20.4555759430
2003.11.21,20.6021103813,20.6128862015,20.2573055100,20.3004055023
2003.11.24,20.5590211354,20.6215173079,20.4555787979,20.5417804718
2003.11.25,20.6128952727,20.7960727870,20.6021194478,20.7745227814
2003.11.26,20.8607168856,20.9016613883,20.7529652522,20.8520965576
2003.11.28,20.9038190175,20.9921761551,20.9038190175,20.9124393463
2003.12.01,20.9469259305,21.1904457795,20.9469259305,21.1839809418
2003.12.02,21.1731987000,21.2162987012,21.1193228763,21.1731987000
2003.12.03,21.2162993690,21.2464696997,21.1214790344,21.1214790344
2003.12.04,21.1839744009,21.1839744009,21.0309656157,21.0331211090
2003.12.05,21.0654448322,21.0999261449,21.0115690142,21.0352745056
2003.12.08,21.0654534867,21.1990661621,21.0331276538,21.1990661621
2003.12.09,21.2378567818,21.2378567818,21.1257941139,21.1839809418
2003.12.10,21.2249243167,21.2249243167,21.0439022933,21.0999336243
2003.12.11,21.1085523405,21.3025056831,21.1085523405,21.3003501892
2003.12.12,21.3377711175,21.3684098348,21.2721157693,21.3268280029
2003.12.15,21.4909677768,21.4909677768,21.2152192820,21.2283496857
2003.12.16,21.2611790697,21.3793577211,21.1386225036,21.3706035614
2003.12.17,21.3706052510,21.4143743833,21.2940084347,21.3837356567
2003.12.18,21.4143674864,21.5084725932,21.3705983682,21.4406299591
2003.12.19,21.4690769864,21.5062808990,21.4253078738,21.5062808990
2003.12.22,21.4690875967,21.5982093811,21.4143753440,21.5982093811
2003.12.23,21.6332159680,21.6332159680,21.5259804619,21.5412998199
2003.12.24,21.5741250426,21.6485328674,21.5456736169,21.6485328674
2003.12.26,21.6660447007,21.7207569348,21.6441601410,21.6813640594
2003.12.29,21.7426447458,21.8192415511,21.6813673016,21.7886028290
2003.12.30,21.8542598445,21.9308566556,21.7973586408,21.8761444092
2003.12.31,21.9505439289,21.9921240818,21.6879242639,21.7251281738
2004.01.02,21.7426437310,21.7732824517,21.5566224499,21.6616706848
2004.01.05,21.8411155665,21.8848846680,21.5894390589,21.6704120636
2004.01.06,21.6769842576,21.7316964828,21.6332134757,21.7098102570
2004.01.07,21.7229517959,21.7492126068,21.5588150490,21.6135272980
2004.01.08,21.6551138983,21.6704332658,21.5850822657,21.6573028564
2004.01.09,21.6551118986,21.6966937506,21.5500652942,21.6769981384
2004.01.12,21.6660496527,21.7689089435,21.6200915659,21.6988773346
2004.01.13,21.7492062909,21.7623383622,21.5500546307,21.7207565308
2004.01.14,21.7535919744,21.8849010468,21.7120101281,21.8849010468
2004.01.15,21.8411321114,21.9024095677,21.7623463333,21.8586387634
2004.01.16,21.8958417563,21.9286677685,21.6988773346,21.6988773346
2004.01.20,21.8192347072,21.8192347072,21.6332134757,21.7098102570
2004.01.21,21.7426413421,21.7492065430,21.6135212720,21.7492065430
2004.01.22,21.7754571638,21.8608080684,21.7185560042,21.8498649597
2004.01.23,21.8192363001,22.0337089728,21.8192363001,21.9943161011
2004.01.26,22.0380822339,22.2831935883,21.9877479250,22.2831935883
2004.01.27,22.3444725217,22.5304937542,22.2788188530,22.4998550415
2004.01.28,22.5414403750,22.6968229190,22.3948119888,22.4166965485
2004.01.29,22.4867225822,22.4910988251,22.2613085013,22.4648380280
2004.01.30,22.4976735880,22.6092853546,22.4232640739,22.6092853546
2004.02.02,22.6837032723,22.9113064737,22.6333672586,22.8916091919
2004.02.03,22.9791349064,23.1104439148,22.8456369415,22.8543910980
2004.02.04,22.8697274293,22.8697274293,22.4714221954,22.4714221954
2004.02.05,22.4560859291,22.5633214233,22.3882433038,22.4998550415
2004.02.06,22.6508756527,23.0054116988,22.5633357027,23.0010337830
2004.02.09,22.9331820348,23.0097788346,22.8916001993,22.9747638702
2004.02.10,23.0010266136,23.1323356628,23.0010266136,23.1323356628
2004.02.11,23.1345275609,23.2855339050,23.0557417874,23.2855339050
2004.02.12,23.2198682122,23.2198682122,22.9178573280,22.9966430664
2004.02.13,23.0666817079,23.0666817079,22.7602928168,22.8587741852
2004.02.17,23.0119768315,23.0163530776,22.8697246219,22.8916091919
2004.02.18,22.8915989993,22.9638195509,22.8697144390,22.9025421143
2004.02.19,22.8697173015,22.9309947458,22.7996856981,22.8587741852
2004.02.20,22.8631515503,22.9069206752,22.7274645914,22.8631515503
2004.02.23,22.9134864494,22.9681986918,22.7821774015,22.8719062805
2004.02.24,22.8697129998,22.9266141886,22.7931162088,22.9178600311
2004.02.25,22.9572489392,23.0688623408,22.8915936042,23.0601081848
2004.02.26,23.1432751617,23.1432751617,22.9966467741,23.0032119751
2004.02.27,23.0119697330,23.0754361352,22.9835182981,23.0163459778
2004.03.01,23.1542271635,23.4168453217,23.1104563573,23.4168453217
2004.03.02,23.4168430893,23.5787908824,23.3752612449,23.5656604767
2004.03.03,23.5590869898,23.7341651271,23.5262593173,23.6794528961
2004.03.04,23.6947716649,23.7451076508,23.6575677494,23.7451076508
2004.03.05,23.7560619841,23.9311401997,23.7013497286,23.8873710632
2004.03.08,23.9530182412,23.9530182412,23.8107677515,23.8917407990
2004.03.09,23.8589199317,23.8676740931,23.7560622927,23.8545436859
2004.03.10,23.8764148319,23.9136187445,23.5262569233,23.5481414795
2004.03.11,23.3840063673,23.5043739391,23.2745819092,23.2745819092
2004.03.12,23.2658208235,23.5306277329,23.2658208235,23.5153083801
2004.03.15,23.5481550442,23.5481550442,23.3205518550,23.3643226624
2004.03.16,23.4277763367,23.4890537639,23.2920894122,23.4277763367
2004.03.17,23.4934333022,23.8107652660,23.4759249863,23.7669944763
2004.03.18,23.7779400733,23.9201922326,23.7188499185,23.8917407990
2004.03.19,23.9420771197,24.0449364005,23.8567261569,23.9880352020
2004.03.22,23.5043758302,23.9004918662,23.5043758302,23.8326492310
2004.03.23,23.8764123284,23.9530091019,23.8107586666,23.8654708862
2004.03.24,23.9530116382,23.9858393074,23.6466245114,23.7385406494
2004.03.25,23.7888909386,23.9617818875,23.7232372258,23.9530277252
2004.03.26,24.0155157277,24.0155157277,23.7384562438,23.7717037201
2004.03.29,23.8936090536,23.9357209425,23.7606191569,23.8271141052
2004.03.30,23.8049517831,24.1374231720,23.8049517831,24.1352062225
2004.03.31,24.1950696477,24.2925935096,24.0509982694,24.2593460083
2004.04.01,24.3147477544,24.5386123657,24.3147477544,24.5386123657
2004.04.02,24.5807209479,24.5807209479,24.1994867778,24.2526817322
2004.04.05,24.1152639867,24.1595928384,22.9405308145,23.2996006012
2004.04.06,23.0956784412,23.1111937050,22.2201711280,22.4085712433
2004.04.07,22.2755882263,23.0358397130,22.0761050085,22.7188835144
2004.04.08,22.6302210182,22.6745515556,22.2755851746,22.2755851746
2004.04.12,22.2534295237,22.2534295237,20.7573075416,21.1895198822
2004.04.13,21.0543132196,21.4200322397,20.5024109550,21.0122013092
2004.04.14,19.8285943182,21.1651290908,19.8285943182,20.8304424286
2004.04.15,20.7905474513,21.3003359631,20.7905474513,21.2781715393
2004.04.16,21.4089424674,21.6549714570,21.1895118006,21.4998188019
2004.04.19,21.4577121603,21.6416801474,21.0809117666,21.5774021149
2004.04.20,21.5774071521,21.5973563281,20.7240636913,20.7683925629
2004.04.21,20.7683777669,20.9900253490,20.6575539759,20.8681201935
2004.04.22,20.8703450721,21.4067320187,20.8681281219,21.1562690735
2004.04.23,21.1008581108,21.1008581108,20.8437476856,20.9457054138
2004.04.26,20.9013744922,21.2626595602,20.9013744922,21.1097221375
2004.04.27,21.0786883429,21.3202851283,21.0786883429,21.2781715393
2004.04.28,21.3003422864,21.3003422864,21.0011182485,21.0122013092
2004.04.29,21.0343604840,21.3889963548,20.5046227821,20.7018890381
2004.04.30,20.7351394197,20.9457040219,20.5245731266,20.6353969574
2004.05.03,20.6353983287,20.9457054138,20.5024100611,20.9457054138
2004.05.04,20.9013741609,21.2759575411,20.9013741609,20.9789505005
2004.05.05,21.0343594415,21.1341001939,20.8769898345,20.8814220428
2004.05.06,20.8371033222,20.9656577189,20.5467436494,20.8792152405
2004.05.07,20.6088066446,20.7196305094,20.1477789611,20.1810264587
2004.05.10,19.9261221203,20.0591103591,19.3941674743,19.9150390625
2004.05.11,19.8928690972,20.3361642303,19.8928690972,20.1034336090
2004.05.12,19.9039504055,20.1255979526,19.7731774734,20.0591030121
2004.05.13,20.0369553111,20.2807674780,19.9482958800,20.0790672302
2004.05.14,20.1477611442,20.4802324447,20.0147729623,20.3472442627
2004.05.17,20.2696765987,20.5977158596,20.0037000993,20.4447784424
2004.05.18,20.6354032564,20.8348865509,20.4824674731,20.8348865509
2004.05.19,20.9190936142,21.1008445242,20.3139967944,20.3472442627
2004.05.20,20.5689018828,20.8348783771,20.4602933205,20.8237953186
2004.05.21,20.9013721393,21.0520925950,20.6597753438,20.7905483246
2004.05.24,20.7905542140,21.0321493869,20.6752964670,20.9279747009
2004.05.25,21.0942033547,21.4333239389,21.0121948184,21.4111595154
2004.05.26,21.4133752778,21.7325483704,21.2382734667,21.7303314209
2004.05.27,21.8544561741,22.0317749561,21.7214679331,21.7968273163
2004.05.28,21.9320332239,22.0761045276,21.7968280287,22.0406417847
2004.06.01,22.0871859119,22.0871859119,21.6106431855,21.7879619598
2004.06.02,22.0317790363,22.1647673019,21.8322957924,22.0982723236
2004.06.03,22.0761129259,22.1647723535,21.9320415674,22.0317840576
2004.06.04,22.0982591143,22.2489795095,21.9453234612,22.0539302826
2004.06.07,22.1315243984,22.2534313202,21.9652886091,22.2534313202
2004.06.08,22.2534151806,22.3309914877,22.0428489856,22.2312507629
2004.06.09,22.1625451600,22.2977503442,22.0495060908,22.1093502045
2004.06.10,22.1758449365,22.1758449365,21.9010006717,22.0096092224
2004.06.14,21.8322969648,21.8322969648,21.5042576471,21.5663204193
2004.06.15,21.7436324113,22.0517224852,21.7436324113,21.9985275269
2004.06.16,22.0827518812,22.1603299014,21.8699703678,22.1093502045
2004.06.17,22.0761085158,22.3066223052,22.0007491166,22.2977561951
2004.06.18,22.2755798548,22.3930527914,22.2312510191,22.3309917450
2004.06.21,22.4639908783,22.5969791412,22.3864145324,22.5969791412
2004.06.22,22.4750689465,22.6302216037,22.4750689465,22.5637283325
2004.06.23,22.5859011280,22.7388368922,22.5460044741,22.6745605469
2004.06.24,22.7410485521,22.8540893271,22.6368738860,22.7166671753
2004.06.25,22.8987361916,22.8987361916,22.6742387779,22.7640380859
2004.06.28,22.8762838406,23.0334313248,22.8111793935,22.9211826324
2004.06.29,22.8964965730,22.8964965730,22.4272976810,22.4497470856
2004.06.30,22.4160622706,22.7752577235,22.3891236821,22.6809692383
2004.07.01,22.8089330654,22.9997554925,22.5372914459,22.7258701324
2004.07.02,22.7752652547,23.2085453948,22.7752652547,23.1793613434
2004.07.06,23.2018050503,23.2018050503,22.8650589633,23.0334320068
2004.07.07,23.1232236784,23.3634357393,23.1232236784,23.3252716064
2004.07.08,23.4262983570,23.4262983570,22.9615889065,22.9885292053
2004.07.09,22.9885395531,23.1456870853,22.7909806981,22.9773139954
2004.07.12,23.0558793757,23.1569042206,22.8830171532,23.1569042206
2004.07.13,23.1569146961,23.1569146961,22.9211916642,22.9234371185
2004.07.14,22.9324111469,23.1142535039,22.9324111469,23.0783348083
2004.07.15,23.1232236784,23.3477209956,23.1232236784,23.3252716064
2004.07.16,23.3252884019,23.5250910211,23.2803878784,23.2803878784
2004.07.19,23.3477337947,23.5026375767,23.2579344760,23.4801864624
2004.07.20,23.5161006394,23.5991652869,23.4397723520,23.4824256897
2004.07.21,23.4599824244,23.5385561856,23.2130355835,23.2130355835
2004.07.22,23.1232228046,23.1524068381,22.6248385050,22.7909660339
2004.07.23,22.6742408578,22.7864895749,22.5642375946,22.5642375946
2004.07.26,22.5440343306,22.5642399924,22.3419862757,22.3936214447
2004.07.27,22.4497360454,22.6181090657,22.3262618120,22.4250411987
2004.07.28,22.3981012858,22.6742337976,22.1533999808,22.5844345093
2004.07.29,22.7191338939,22.8089331874,22.5395370198,22.6023960114
2004.07.30,22.6742253717,22.8066779453,22.6517759862,22.7415752411
2004.08.02,22.7415858207,23.1007812947,22.6023968252,23.0895557404
2004.08.03,23.1007853747,23.3185481510,23.0446610184,23.1883392334
2004.08.04,22.8987391530,23.3814089973,22.8987391530,23.3724288940
2004.08.05,23.3993687470,23.3993687470,23.0222129822,23.0222129822
2004.08.06,22.9166901211,23.3118042278,22.8762805292,22.9885292053
2004.08.09,22.9885336354,23.1120061752,22.8762849376,22.9324092865
2004.08.10,23.1232361150,23.1816059284,23.0132328499,23.0985412598
2004.08.11,23.0648512577,23.0670967102,22.9660736141,23.0670967102
2004.08.12,23.0558829641,23.1973174264,22.8313855576,22.8358764648
2004.08.13,22.8426094055,22.8987337530,22.7550555605,22.8426094055
2004.08.16,22.9324128180,23.1479301453,22.9211872614,23.1479301453
2004.08.17,23.3724256785,23.3971205308,23.2669116209,23.3926296234
2004.08.18,23.4599815148,23.7293777466,23.3836532105,23.7293777466
2004.08.19,23.7630478384,23.7630478384,23.3701774150,23.3814029694
2004.08.20,23.4038439328,24.0481518116,23.4038439328,23.9987621307
2004.08.23,24.0212326050,24.0975609332,23.8461248283,24.0212326050
2004.08.24,24.0773480387,24.3130710123,24.0773480387,24.2793960571
2004.08.25,24.2659136955,24.3153033783,24.1446866540,24.1559104919
2004.08.26,24.1559225048,24.3085808218,24.1559225048,24.2457218170
2004.08.27,24.3085806099,24.3557248630,24.2457216057,24.2771511078
2004.08.30,24.4679660799,24.4814370858,24.2793891251,24.4298019409
2004.08.31,24.4612366108,24.6161403656,24.4387872133,24.6161403656
2004.09.01,24.6565457525,24.7283848401,24.4544977836,24.5330715179
2004.09.02,24.4926711781,24.6924737693,24.4926711781,24.6722698212
2004.09.03,24.6161499808,24.8294219100,24.6161499808,24.8069725037
2004.09.07,24.8047181403,25.0651359558,24.8047181403,25.0651359558
2004.09.08,25.0651402913,25.1100390956,24.9977903721,25.0247306824
2004.09.09,24.9192013507,24.9192013507,24.6026593223,24.6183757782
2004.09.10,24.4836936850,24.6475775928,24.4163454713,24.6385974884
2004.09.13,24.6273731632,24.6273731632,24.3804262748,24.4343051910
2004.09.14,24.4028609446,24.4118410441,24.1267301669,24.1334648132
2004.09.15,24.1357210506,24.3489929406,24.0908205335,24.2659282684
2004.09.16,24.3579661139,24.6947121893,24.3130673223,24.6924667358
2004.09.17,24.7171669597,24.7171669597,24.5173643819,24.5712432861
2004.09.20,24.5375682745,24.5622631273,24.3849099630,24.4410343170
2004.09.21,24.4141082432,24.5510518840,24.3467582940,24.4522724152
2004.09.22,24.4522588884,24.4589935370,24.3242954259,24.3691959381
2004.09.23,24.3467390251,24.3646992257,24.2300011466,24.2389812469
2004.09.24,24.2639602377,24.3547943160,24.1526894015,24.3139190674
2004.09.27,24.2526092529,24.3411720108,24.2003790902,24.2526092529
2004.09.28,24.3547897466,24.3706855774,24.1708520288,24.3706855774
2004.09.29,24.2298881087,24.4206397743,24.2298881087,24.3638687134
2004.09.30,24.4569983508,24.6591034039,24.4252066615,24.5160408020
2004.10.01,24.5977648243,25.1064330371,24.5705140917,25.0678291321
2004.10.04,25.1041858905,25.2041018674,24.9225176429,25.0474147797
2004.10.05,24.9225154396,25.1495998628,24.9225154396,25.1246204376
2004.10.06,25.0247041748,25.2018314903,25.0247041748,25.1677684784
2004.10.07,25.1518738716,25.1677697136,24.8771018982,24.8771018982
2004.10.08,24.8997944103,25.1836497918,24.8997944103,25.0950870514
2004.10.11,25.1382407558,25.1450547427,24.9633865415,24.9792823792
2004.10.12,24.9111619657,25.2313518524,24.8612048450,25.2313518524
2004.10.13,25.3085475306,25.3085475306,25.0610264460,25.1155261993
2004.10.14,25.1268737964,25.3108114932,25.0587478251,25.2744789124
2004.10.15,25.4311862128,25.5356448484,25.3108317356,25.4902286530
2004.10.18,25.5242840919,25.7445562128,25.4675129982,25.6491794586
2004.10.19,25.6718856558,25.8762601784,25.4130096436,25.4130096436
2004.10.20,25.3880210427,25.4334372019,24.9224976152,25.2744789124
2004.10.21,25.1722939939,25.5923995972,25.1722939939,25.5923995972
2004.10.22,25.6037605703,25.7400108344,25.3199051316,25.3426132202
2004.10.25,25.3267159145,25.3312585715,25.1586739897,25.2835693359
2004.10.26,25.3199039980,25.5924045140,25.2971959105,25.5696964264
2004.10.27,25.6559892392,25.8285720885,25.6378220764,25.7876968384
2004.10.28,25.8421955109,25.8876116805,25.7082148653,25.8421955109
2004.10.29,25.8739982946,25.9807282447,25.7332053363,25.7763519287
2004.11.01,25.7740817664,26.0806453880,25.7740817664,26.0238742828
2004.11.02,26.0806330000,26.1328631543,25.8308406022,25.8421955109
2004.11.03,26.2963657580,26.2963657580,26.0533855974,26.0919895172
2004.11.04,26.0919877898,26.5688644984,26.0919877898,26.5665931702
2004.11.05,26.0965366685,26.4553304065,25.7808895172,25.7967853546
2004.11.08,25.7945109307,25.9648241962,25.7354702461,25.9443874359
2004.11.09,25.9443965143,26.0284183783,25.8717295649,26.0193347931
2004.11.10,25.9784440863,26.2736526348,25.9421097670,26.1760063171
2004.11.11,26.1601127038,26.3826560974,26.1601127038,26.3826560974
2004.11.12,26.4553220227,27.0230327957,26.3871960370,26.9889698029
2004.11.15,27.0343978495,27.2978148462,26.9889799311,27.2773780823
2004.11.16,27.2955374768,27.3636634730,27.0230369568,27.0230369568
2004.11.17,27.2160636935,27.2501266984,26.3849357301,26.4666862488
2004.11.18,26.5052865233,26.7732461349,26.1601173292,26.5007438660
2004.11.19,26.5665907527,26.5665907527,26.1260484058,26.1374015808
2004.11.22,26.1601275092,26.3622325278,26.0761073730,26.3327121735
2004.11.23,26.3644901932,26.6369924269,26.2736561153,26.6142826080
2004.11.24,26.7618861254,27.0139498532,26.6188236310,26.9776172638
2004.11.26,27.0798003750,27.0798003750,26.8186531067,26.8186531067
2004.11.29,26.7959540506,26.9980589891,26.6597037833,26.7505378723
2004.11.30,26.7505295474,26.8913206958,26.6665077380,26.8708839417
2004.12.01,26.8708953019,27.5067305311,26.8708953019,27.4227104187
2004.12.02,27.3954542777,27.4022665306,27.0116811938,27.1729125977
2004.12.03,27.2160591282,27.6497910703,27.2160591282,27.6452484131
2004.12.06,27.6702337711,27.8859649904,27.5362548068,27.7724227905
2004.12.07,27.7746843563,27.7746843563,27.3409541789,27.3909130096
2004.12.08,27.3523024754,27.7042838236,27.3318657206,27.4454078674
2004.12.09,27.3977299739,27.6861263656,27.2523961136,27.6361675262
2004.12.10,27.6588727628,27.9313732724,27.5930180976,27.9291019440
2004.12.13,27.9200256458,27.9790680736,27.8178383612,27.8632545471
2004.12.14,27.7837691437,27.8518951400,27.5907477978,27.7951240540
2004.12.15,27.8178271680,27.9745158918,27.6361590323,27.9427242279
2004.12.16,27.8859566411,28.0312904749,27.6861213203,27.7042884827
2004.12.17,27.6475109295,27.9972209265,27.4590305624,27.9177417755
2004.12.20,27.8791392821,27.9858691824,27.7474317023,27.8973064423
2004.12.21,27.9767920992,28.1584602779,27.5907493852,28.1243972778
2004.12.22,28.1698091185,28.3333083651,28.1698091185,28.3106002808
2004.12.23,28.3849449089,28.3849449089,27.9030666351,27.9030666351
2004.12.27,28.1095884461,28.5455742497,27.5359233758,27.9696140289
2004.12.28,28.0820568175,28.1325396326,28.0361643041,28.0659942627
2004.12.29,28.1325411588,28.2472741992,27.9948618605,28.2013816833
2004.12.30,28.2013804565,28.3987214175,28.1922016036,28.3459434509
2004.12.31,28.3734767586,28.4859146303,28.2243234795,28.2702159882
2005.01.03,28.3620056282,28.4400250016,27.7929307605,27.9191360474
2005.01.04,28.0866495964,28.1417209674,27.4808592625,27.5359306335
2005.01.05,27.4211800370,27.4211800370,26.3426908111,26.5056114197
2005.01.06,26.5721834465,26.8934346871,26.5607094376,26.7328090668
2005.01.07,26.8475216944,27.0540414422,26.6410019466,26.7304935455
2005.01.10,26.8452368984,26.9048985709,26.6295399681,26.7144412994
2005.01.11,26.7144530162,26.8544275301,26.3863162994,26.3863162994
2005.01.12,26.4000704763,26.4000704763,25.9296643606,26.2853374481
2005.01.13,26.2394528238,26.8291807350,26.2394528238,26.4115524292
2005.01.14,26.4574373057,26.7442698794,26.4574373057,26.7190284729
2005.01.18,26.7075602805,27.0127506256,26.5262818444,27.0127506256
2005.01.19,27.8227568919,27.8227568919,26.9439015530,27.0563411713
2005.01.20,27.0540543019,27.0976516717,26.7718102207,26.8865432739
2005.01.21,26.9966846717,27.0999437075,26.7924600005,26.9507904053
2005.01.24,26.9622577126,27.0769907242,26.6639511823,26.6868991852
2005.01.25,26.7098347952,26.8130937642,26.1384651156,26.1407585144
2005.01.26,26.1017684390,26.2646891572,25.9939190937,26.1820812225
2005.01.27,26.1820739315,26.2279681884,25.8034546281,25.9067153931
2005.01.28,25.9755525048,26.0971709648,25.8608194960,26.0260353088
2005.01.31,26.0673347788,26.2279620140,25.7391983599,25.8608150482
2005.02.01,26.0145663892,26.2509161376,25.9319584722,26.2486209869
2005.02.02,26.2050276149,26.5492267609,26.1843765064,26.5492267609
2005.02.03,26.5492134241,26.6547693165,26.4230081844,26.4689006805
2005.02.04,26.6203689004,26.8911390310,26.6203689004,26.8475399017
2005.02.07,26.8062300228,26.9920970056,26.7672212056,26.7878723145
2005.02.08,26.7350804771,26.8566971602,26.7281967781,26.8498134613
2005.02.09,26.7557453846,27.0196317347,26.7557453846,27.0081577301
2005.02.10,27.0769994946,27.1573122785,26.9071950727,27.1045360565
2005.02.11,27.1458257167,27.2605587049,26.9347156878,27.2146644592
2005.02.14,27.3041620793,27.3523497349,27.1710731141,27.2674484253
2005.02.15,27.3041614398,27.3638230957,27.2261438327,27.3500556946
2005.02.16,27.3523568654,27.5129841766,27.1756687487,27.4900379181
2005.02.17,27.5244591161,27.5634696852,27.4510300311,27.4739780426
2005.02.18,27.3064635393,27.3064635393,27.0769974592,27.1917304993
2005.02.22,27.2376179685,27.2376179685,26.4574348411,26.4597282410
2005.02.23,26.7786928313,26.7947553881,26.4115474261,26.4757976532
2005.02.24,26.4735082167,26.5262844465,26.2050315124,26.3886051178
2005.02.25,26.4023645462,26.9048957825,26.4000711461,26.9048957825
2005.02.28,26.8934257895,26.8934257895,26.3886010779,26.7236213684
2005.03.01,26.7236150886,26.9852062369,26.7236150886,26.9530811310
2005.03.02,26.7305116735,26.9278527051,26.6892076959,26.8475399017
2005.03.03,26.8911252557,26.9875005705,26.7672133865,26.8957138062
2005.03.04,26.9737450894,27.4992210022,26.9737450894,27.4556236267
2005.03.07,27.4556132799,27.8411163146,27.3798890631,27.7194995880
2005.03.08,27.4923175880,27.6506496691,27.3775846018,27.4441299438
2005.03.09,26.9048850567,27.1917175200,26.5951063465,26.6409988403
2005.03.10,26.7328068252,26.9232641524,26.5721812184,26.8475399017
2005.03.11,26.6180603672,26.7901598954,26.4597282410,26.4597282410
2005.03.14,26.5262671810,26.8773498535,26.4597218361,26.8773498535
2005.03.15,27.0770070082,27.2422229243,26.7144500536,26.8177108765
2005.03.16,26.7373881649,26.7947546877,26.4459669995,26.4849758148
2005.03.17,26.5033331918,26.8681834318,26.5033331918,26.7672195435
2005.03.18,26.7901711448,26.7901711448,26.5125173328,26.5882415771
2005.03.21,26.5698835717,26.5698835717,26.2761672036,26.3886051178
2005.03.22,26.3656582308,26.6410168818,25.8608317031,25.9296722412
2005.03.23,25.7001996879,26.0902913043,25.5166261327,25.7919864655
2005.03.24,25.8128786761,26.2724972717,25.8128786761,25.8616275787
2005.03.28,25.9405449061,26.0519681601,25.7664472893,25.8476924896
2005.03.29,25.7200219779,26.0264337128,25.7200219779,25.8105525970
2005.03.30,25.8128699755,26.1424961090,25.8128699755,26.1424961090
2005.03.31,26.2469635392,26.4303466230,26.0450096130,26.0450096130
2005.04.01,26.2539170042,26.5858631566,25.9637543455,26.1146392822
2005.04.04,26.0450072651,26.0798271487,25.6968119714,25.9869747162
2005.04.05,25.9985828400,26.1123261440,25.9010885794,25.9985828400
2005.04.06,26.0450035746,26.2330302109,26.0148272910,26.2260665894
2005.04.07,26.1378615585,26.3978480339,26.1285761375,26.3235664368
2005.04.08,26.2655271531,26.3908776482,25.8198376846,25.8941192627
2005.04.11,25.9985772430,26.3212380153,25.9985772430,26.2074947357
2005.04.12,26.0914317453,26.6996116638,26.0821463258,26.6996116638
2005.04.13,26.7530065665,26.8087173207,26.5789089099,26.6462268829
2005.04.14,26.5440917470,26.6949767524,26.4048139616,26.4860591888
2005.04.15,26.4512446260,26.5812387868,26.1773308255,26.3607139587
2005.04.18,25.9080444326,26.5672931639,25.9080444326,26.4628353119
2005.04.19,26.5765936897,26.6949806213,26.5324901434,26.6949806213
2005.04.20,26.5324838205,26.6926524618,26.4396313819,26.5556964874
2005.04.21,26.6717613277,26.6833667755,26.4396311190,26.6833667755
2005.04.22,26.6253297560,26.8272836412,26.5928316739,26.6787204742
2005.04.25,26.8574711468,27.1128158569,26.7994385801,27.1128158569
2005.04.26,27.1569222172,27.2520964865,27.0431788707,27.0942478180
2005.04.27,27.0199525431,27.3356497206,26.8806747932,27.3124370575
2005.04.28,27.3217238466,27.3217238466,27.1336989512,27.1801242828
2005.04.29,27.3217199122,27.5422446332,27.0965551381,27.5097465515
2005.05.02,27.5074292492,27.6118871329,27.2636918260,27.4772529602
2005.05.03,27.4610018659,27.6118850708,27.3170805122,27.6118850708
2005.05.04,27.4354582997,27.7163355206,27.3449276984,27.6931228638
2005.05.05,27.7395588075,27.9647253841,27.7395588075,27.8602657318
2005.05.06,27.6490274368,27.8672303850,27.5004642549,27.6768836975
2005.05.09,27.6234919105,28.1457848248,27.6002792463,28.1364994049
2005.05.10,28.1365061558,28.1573987983,27.9252685585,28.0877590179
2005.05.11,28.2270268889,28.2270268889,27.8788316516,28.1713161469
2005.05.12,28.1922030494,28.2107738845,27.8277588230,27.9252548218
2005.05.13,27.9949067110,28.0181193809,27.6002860097,27.6467113495
2005.05.16,27.6583133648,27.9856160221,27.6583133648,27.9809741974
2005.05.17,27.9716842964,28.2130998755,27.8788318781,28.1481037140
2005.05.18,28.3779244975,28.5404149723,28.3663172760,28.4730987549
2005.05.19,28.4568288727,28.9466235385,28.4568288727,28.9443035126
2005.05.20,28.9443154041,28.9860989112,28.6866507387,28.9350299835
2005.05.23,28.9628725751,29.0859030191,28.9141254653,28.9443035126
2005.05.24,28.7841353520,28.8421678830,28.5078999380,28.6216449738
2005.05.25,28.5752318636,28.5821954874,28.1945384160,28.2827472687
2005.05.26,28.3175524242,28.5566461609,28.1109567621,28.1759529114
2005.05.27,28.1806055859,28.3222051444,28.1527493254,28.3198833466
2005.05.31,28.3756006415,28.6680852459,28.3454243472,28.5404129028
2005.06.01,28.5404075782,28.9350299835,28.5404075782,28.9350299835
2005.06.02,28.9164474669,28.9466237434,28.7864551733,28.8537731171
2005.06.03,29.0093055949,29.1578687516,28.7562828064,28.7562828064
2005.06.06,28.8073557453,29.0626985958,28.8073557453,29.0394859314
2005.06.07,29.0859055398,29.5269513630,29.0859055398,29.2483959198
2005.06.08,29.2948222783,29.6337338333,29.2948222783,29.4016036987
2005.06.09,29.7405245240,30.0840798215,29.2205532944,29.4341144562
2005.06.10,29.4805411444,29.5269664850,29.3366197548,29.4062595367
2005.06.13,29.3412588438,29.5733890533,29.2948317393,29.5733890533
2005.06.14,29.5966057962,29.8148087899,29.5083969419,29.7962379456
2005.06.15,29.8287352878,29.8380189388,29.6383885654,29.7173137665
2005.06.16,29.7590805679,29.8565747929,29.6198028506,29.8426475525
2005.06.17,29.7590803150,30.2094133090,29.7590803150,30.1954860687
2005.06.20,30.1922076515,30.2484764491,30.0796736337,30.1406288147
2005.06.21,30.1124935898,30.1687588052,29.8030223846,29.8030223846
2005.06.22,29.8264673042,30.0562252845,29.7233096379,29.8217773438
2005.06.23,29.8217775754,29.9202470707,29.6904873000,29.7045536041
2005.06.24,29.7045575229,29.8592940440,29.4560432434,29.4560432434
2005.06.27,29.4935634365,29.6576763451,29.4841853005,29.5826530457
2005.06.28,29.5638973843,29.7373884325,29.5404529381,29.7280120850
2005.06.29,29.7186269885,29.9155624367,29.7186269885,29.8124065399
2005.06.30,29.8780461374,29.9483794464,29.5310623981,29.8217773438
2005.07.01,29.8686721408,30.1265645536,29.7702044214,30.0796756744
2005.07.05,30.0796795958,30.5626419111,29.9859000365,30.4032154083
2005.07.06,30.4313520744,30.5016871921,30.2719255691,30.2906818390
2005.07.07,30.0328003356,30.4266713910,29.9859096466,30.4079151154
2005.07.08,30.3844699331,30.9705900817,30.3422674222,30.8299198151
2005.07.11,30.9471477330,31.2941299029,30.9237014932,31.2144184113
2005.07.12,31.2753732824,31.3785310127,31.1018839880,31.2659969330
2005.07.13,31.1815853074,31.1815853074,30.9846498377,30.9940261841
2005.07.14,30.9940258677,31.1581387574,30.4501083507,30.4782409668
2005.07.15,30.4782358095,30.6986174716,30.3469455199,30.6189060211
2005.07.18,30.7126875249,30.8768004069,30.5251284123,30.7455101013
2005.07.19,30.8158439267,31.0127793769,30.7595751221,30.9518241882
2005.07.20,30.9658862798,31.2753557197,30.8064598104,31.2519130707
2005.07.21,31.2237764160,31.2284663766,30.6751690689,30.7408142090
2005.07.22,30.8252171449,31.0362224579,30.7923945733,31.0362224579
2005.07.25,31.0409071937,31.2143999648,30.9987082798,31.1112422943
2005.07.26,31.1909584363,31.4535426128,31.1300032479,31.3925838470
2005.07.27,31.4160352937,31.5191929969,31.1909636160,31.4347915649
2005.07.28,31.5801324947,31.9552505784,31.5238672863,31.8614692688
2005.07.29,31.9318196197,31.9318196197,31.7255077947,31.7911529541
2005.08.01,31.7911490444,31.9318156927,31.6035899359,31.7301902771
2005.08.02,31.8145903699,32.0584182739,31.7208126082,32.0584182739
2005.08.03,31.9974716100,32.1006293333,31.7677135030,31.9552726746
2005.08.04,31.9083951987,31.9083951987,31.3082049193,31.5098304749
2005.08.05,31.0409147472,31.1909613288,30.1031227176,30.2906818390
2005.08.08,30.1500171998,30.1500171998,29.1325118495,29.2825584412
2005.08.09,29.3060048989,29.8686805507,29.2591160066,29.7280120850
2005.08.10,29.7327077340,30.0562454655,29.5779729194,29.6623725891
2005.08.11,29.6529804348,30.0796756744,29.6482904737,30.0796756744
2005.08.12,29.9858888269,30.1453134814,29.7561290821,30.0280895233
2005.08.15,29.9858999742,30.4501078077,29.8921204152,30.3375701904
2005.08.16,30.1265613366,30.5298120936,30.1265613366,30.4125881195
2005.08.17,30.2437860956,30.3610100728,30.0093381414,30.1265621185
2005.08.18,30.0327989428,30.0468652545,29.8217935352,29.9155731201
2005.08.19,29.8921190094,29.9390078923,29.7748950133,29.7842731476
2005.08.22,29.7514566896,29.9671484575,29.7514566896,29.9249477386
2005.08.23,30.0749955338,30.1453306642,29.8780600306,29.9624614716
2005.08.24,29.5169915074,30.3610036051,29.5169915074,30.0421543121
2005.08.25,30.0890502623,30.3047419557,30.0046506425,30.2109642029
2005.08.26,30.2390892035,30.2812916858,29.7748833622,29.9014854431
2005.08.29,29.5451292308,29.8452241028,29.4419733514,29.7139320374
2005.08.30,29.5404556040,29.9390165911,29.5404556040,29.8827495575
2005.08.31,30.1828418729,30.4970013870,29.8546124714,30.4266662598
2005.09.01,30.4688627318,31.0596690982,30.3797713497,30.6657981873
2005.09.02,30.6798710656,30.8064714348,30.4782456054,30.5720233917
2005.09.06,30.5720120607,31.2566032410,30.5720120607,31.2566032410
2005.09.07,31.2284689231,31.2753578017,30.9189994626,31.0690460205
2005.09.08,30.7126903514,31.0643623783,30.7126903514,30.9002494812
2005.09.09,30.9705835295,31.0924939189,30.9096247574,30.9940261841
2005.09.12,30.9705865688,31.0596743886,30.9236941003,30.9658966064
2005.09.13,30.8439841664,30.9658981512,30.7126938338,30.7642726898
2005.09.14,30.8486677921,30.9471355213,30.6423524105,30.7455101013
2005.09.15,30.7455045333,30.9002410414,30.6939256972,30.8767948151
2005.09.16,30.8064711518,30.8064711518,30.5720231109,30.6892471313
2005.09.19,30.4782405785,30.7548875066,30.4360416549,30.4641742706
2005.09.20,30.4547877674,30.6095242755,30.2156534302,30.2531623840
2005.09.21,30.1969104354,30.1969104354,29.5498332977,29.5498332977
2005.09.22,29.5404463382,29.8358513024,29.2122187989,29.7608280182
2005.09.23,29.7807361435,29.8944581298,29.5106484598,29.7096614838
2005.09.26,29.9370950083,29.9370950083,29.7996815085,29.8991870880
2005.09.27,29.8517927225,29.9181297504,29.5295827517,29.7570247650
2005.09.28,29.7712495959,29.9418297988,29.4822080569,29.5959281921
2005.09.29,29.5438063900,30.0745063918,29.4016553139,30.0697669983
2005.09.30,30.0839781249,30.4535694122,30.0839781249,30.4535694122
2005.10.03,30.3019485191,30.5720342988,30.1597974428,30.5056972504
2005.10.04,30.3730270730,30.4677968795,29.9702653370,29.9844799042
2005.10.05,29.8044337699,29.9750140623,29.4158864567,29.4253616333
2005.10.06,29.3779665071,29.5248569904,29.0415418406,29.2121238708
2005.10.07,29.3068920890,29.3779685423,28.8756993972,29.0984039307
2005.10.10,29.0225858517,29.0983998812,28.6672072494,28.8046207428
2005.10.11,28.6435213675,28.9041320325,28.4255562155,28.6008758545
2005.10.12,28.3402634392,28.4587229894,27.8427318824,28.0512218475
2005.10.13,27.9801432833,28.3023533801,27.7195326541,28.1933708191
2005.10.14,28.4302838735,28.9894129343,28.2502249029,28.7098484039
2005.10.17,28.7430194523,28.9515075684,28.6008683820,28.9515075684
2005.10.18,28.8093704495,28.8804469229,28.4729456650,28.5534973145
2005.10.19,28.3118238293,28.9088589842,28.1696727741,28.9041213989
2005.10.20,28.4634580106,28.9562501288,27.9517137398,28.4776725769
2005.10.21,29.4016534954,29.4016534954,28.5582222629,28.6814193726
2005.10.24,28.9515061165,29.3874380923,28.7145870753,29.1315650940
2005.10.25,29.2168576388,29.5011597803,29.0699671747,29.1552581787
2005.10.26,28.9609878309,29.2358148313,28.8756968175,28.8851737976
2005.10.27,28.8567463677,28.9372979921,28.5819193511,28.5913963318
2005.10.28,28.7856659982,29.4395631146,28.4350249915,29.4016551971
2005.10.31,29.6148905393,29.8233787180,29.4774770134,29.5201225281
2005.11.01,29.0936556203,29.3068812867,28.7335377070,29.0225791931
2005.11.02,29.0225783275,29.2974052429,28.8614733306,29.2974052429
2005.11.03,29.3779717542,29.6148908813,28.9278250513,29.0889301300
2005.11.04,29.1173554500,29.1742155234,28.7145919273,29.0604953766
2005.11.07,29.0699699747,29.3495345574,28.9846789625,29.2263374329
2005.11.08,28.7809360923,29.1552669359,28.7809360923,29.0557613373
2005.11.09,29.1031323509,29.6385698569,29.0462722906,29.3068828583
2005.11.10,29.2358120746,30.0650287763,29.2358120746,30.0602893829
2005.11.11,30.0650315417,30.3588106941,30.0176466413,30.3351173401
2005.11.14,30.3256390098,30.7047109435,30.1124114990,30.1124114990
2005.11.15,30.1598056791,30.4393685145,30.0602982717,30.1076831818
2005.11.16,30.1124151539,30.1645376415,29.9086645975,29.9939556122
2005.11.17,30.0176471630,30.4962247240,30.0129095766,30.4583168030
2005.11.18,30.3967235999,30.8847764052,30.3730302420,30.6999797821
2005.11.21,30.6099510322,30.8468701634,30.4772768971,30.8137016296
2005.11.22,30.6810159119,31.2354056021,30.6810159119,31.2164516449
2005.11.23,31.2733238407,31.4391665016,31.1359103173,31.3728294373
2005.11.25,31.3206970634,31.5481409375,31.2970073279,31.4818038940
2005.11.28,31.3917642577,31.4628406734,31.1122016018,31.1406307220
2005.11.29,31.2733122397,31.2970055890,31.1406381601,31.1974964142
2005.11.30,31.2496369747,31.2970237007,30.9132121882,30.9179515839
2005.12.01,31.1311748168,31.3680939665,31.0743165346,31.3444042206
2005.12.02,31.2401537846,31.3586133388,31.1169548359,31.3207054138
2005.12.05,31.2733112364,31.2733112364,30.9511012185,31.0363922119
2005.12.06,31.1548692340,31.1785625958,30.9463792184,31.0127162933
2005.12.07,31.2496369698,31.2496369698,30.6715572337,30.7710628510
2005.12.08,31.0126988634,31.2259281545,30.8279023135,31.0363922119
2005.12.09,30.9890176433,31.1927682050,30.9321557604,31.1074771881
2005.12.12,31.2496363322,31.2496363322,30.9511194865,31.0837936401
2005.12.13,31.0363998916,31.3159626745,31.0316604977,31.2970123291
2005.12.14,31.1785524808,31.4912837876,31.1074760336,31.4391613007
2005.12.15,31.3917863142,31.5765829558,31.1216986370,31.1548671722
2005.12.16,31.2685849314,31.3301862172,31.2117266554,31.2922782898
2005.12.19,31.3207051784,31.3207051784,30.8468669651,30.9084682465
2005.12.20,30.8231792450,30.9511139803,30.6715511514,30.8231792450
2005.12.21,30.9179435678,31.0932650090,30.8468671124,31.0269279480
2005.12.22,30.8055792735,31.2713088989,30.8007768798,31.2713088989
2005.12.23,31.2809221473,31.4393682155,31.2569138352,31.3529434204
2005.12.27,31.4009520294,31.5209862469,31.2617118975,31.2761154175
2005.12.28,31.3049244592,31.3769457269,31.0744607982,31.2088985443
2005.12.29,31.3049109135,31.3529275134,30.9736190864,31.0360355377
2005.12.30,31.0168413784,31.0216437728,30.7287599862,30.8007812500
2006.01.03,30.9208052112,31.6410102844,30.7095438841,31.6410102844
2006.01.04,31.5930109515,31.7850627899,31.4681743260,31.7850627899
2006.01.05,31.6890360780,32.1691729883,31.6890360780,32.0107269287
2006.01.06,32.0251269071,32.3564225107,31.9819163483,32.2892036438
2006.01.09,32.3612232403,32.6252963002,32.3324125394,32.6012916565
2006.01.10,32.4140428753,32.9902056852,32.4140428753,32.8173561096
2006.01.11,32.9133763970,33.0142046771,32.7117161736,32.8557586670
2006.01.12,32.8557691207,32.8557691207,32.6349065802,32.7693443298
2006.01.13,32.4716593544,32.5292771049,32.1691744064,32.2411956787
2006.01.17,32.0251160869,32.2315750122,31.9530985131,32.2315750122
2006.01.18,31.8810855161,32.3180081166,31.8666819977,32.1739692688
2006.01.19,32.0491459861,32.5869007656,32.0203389372,32.5532913208
2006.01.20,32.5052663855,32.5484806110,32.1115542775,32.1307601929
2006.01.23,32.2892164748,32.3948472115,32.1931905305,32.3132247925
2006.01.24,32.4572579713,32.6781205348,32.3420261259,32.6253051758
2006.01.25,32.6493029753,32.8077490013,32.4476463949,32.5052604675
2006.01.26,32.6397034822,32.7741412092,32.5244680050,32.6012916565
2006.01.27,32.8365581819,33.1966608117,32.7933476246,33.0910301208
2006.01.30,33.1294467306,33.1870644784,32.8461677125,32.9710006714
2006.01.31,32.8893674087,33.1918522428,32.7789343443,33.0478134155
2006.02.01,33.1294378176,33.3214932622,32.9613906773,33.2206649780
2006.02.02,33.2014621140,33.2254667573,32.9613937020,33.0718231201
2006.02.03,32.6973163852,32.8605648072,32.3852267226,32.6493034363
2006.02.06,32.5532858206,32.8269637284,32.5532858206,32.7309341431
2006.02.07,32.6973105149,32.9133742408,32.4764480591,32.4764480591
2006.02.08,32.5100610675,32.5100610675,32.1259538399,32.4044303894
2006.02.09,32.4812648400,32.6925226034,32.3180163749,32.5292778015
2006.02.10,32.5292770264,32.7165301362,32.2844061663,32.5148735046
2006.02.13,32.5196818760,32.6301113389,32.4764676395,32.5532913208
2006.02.14,32.5772977955,32.7933616638,32.2364009329,32.7933616638
2006.02.15,32.8317536272,33.0622209069,32.6877147826,33.0526161194
2006.02.16,33.1294365841,33.3454966618,33.0814236405,33.3358955383
2006.02.17,33.3839104327,33.5951717925,33.2110608952,33.5759658813
2006.02.21,33.5855691826,33.7920281623,33.4943456775,33.6143798828
2006.02.22,33.6095756964,34.0657041870,33.4751379797,34.0609054565
2006.02.23,34.0609194310,34.1377394450,33.7776367005,33.9696922302
2006.02.24,33.8736514669,33.9264668061,33.7104030561,33.7728195190
2006.02.27,33.8736640312,33.9360805173,33.6431966783,33.7920379639
2006.02.28,33.8736476181,33.8736476181,33.5231461949,33.6335792542
2006.03.01,33.8832616435,33.9312746019,33.5183565656,33.7968368530
2006.03.02,33.7296134802,33.7728240381,33.5615663165,33.7152099609
2006.03.03,33.6095753101,33.6815965613,33.4511292902,33.5759658813
2006.03.06,33.6816002474,34.2817713007,33.6095789883,34.1905441284
2006.03.07,34.0897111560,34.1185181904,33.6959991455,33.6959991455
2006.03.08,33.6095739953,33.8496423809,33.4415268579,33.7584152222
2006.03.09,33.8592548069,34.2913787780,33.8256453682,34.0993232727
2006.03.10,34.2097619852,34.5218517746,34.0177064485,34.4738388062
2006.03.13,34.5506515222,34.6850892706,34.1569394035,34.3441925049
2006.03.14,34.3393897384,34.6274748111,34.2529649492,34.6130676270
2006.03.15,34.7330974152,35.2900579106,34.6898868577,35.2180366516
2006.03.16,35.3380729101,35.8278145690,35.2948623501,35.5973472595
2006.03.17,35.9382360043,36.0198583749,35.4821075444,36.0006561279
2006.03.20,36.0006743631,36.0006743631,35.2900699816,35.4341125488
2006.03.21,35.3620621683,35.4292810009,34.8435137488,34.9155349731
2006.03.22,34.8963499002,35.1268172231,34.8003239859,35.0163841248
2006.03.23,35.0019806364,35.2372466910,34.9875771156,35.2228431702
2006.03.24,35.2663113733,35.2663113733,35.0151009141,35.1213798523
2006.03.27,35.0247816195,35.0682588895,34.7107655988,34.7735710144
2006.03.28,34.7397329737,35.3629289133,34.6624351819,35.1648597717
2006.03.29,35.4354007602,35.9426574707,35.4354007602,35.9426574707
2006.03.30,35.8508645139,35.9233302792,35.1986799972,35.3870887756
2006.03.31,35.3870794465,35.6044729995,35.0972201472,35.5078544617
2006.04.03,35.3387843761,35.5755024690,34.7349090576,34.7349090576
2006.04.04,34.7349043476,35.5948220949,34.4305488695,34.6189613342
2006.04.05,34.7735525034,34.9909461096,34.7638884358,34.9522972107
2006.04.06,34.7107483775,34.9426380936,34.6286222287,34.7493972778
2006.04.07,34.7445524922,34.7590449031,34.1793263544,34.2324676514
2006.04.10,34.1503504397,34.2034917506,33.7783612639,33.8218421936
2006.04.11,33.9377896180,34.0440722535,33.6962395140,33.7445487976
2006.04.12,33.6962340893,33.9136276737,33.5996155376,33.7058944702
2006.04.13,33.4402037530,33.6237805423,33.2131460196,33.3242607117
2006.04.17,33.3387478770,33.4063816143,33.1310146308,33.1744918823
2006.04.18,33.2373039625,34.1503632855,33.2373039625,33.9716148376
2006.04.19,34.0585676117,34.4933585737,33.9377925493,34.4450492859
2006.04.20,34.5175117964,34.5561607015,34.1213697342,34.4788665771
2006.04.21,34.6286428623,34.6866162473,34.3967530081,34.4837112427
2006.04.24,34.4547155094,34.4837003498,34.1600240122,34.3097839355
2006.04.25,34.3242912898,34.3242912898,33.9812866984,34.0682449341
2006.04.26,34.0585591377,34.2614603076,33.8701503820,33.9136276245
2006.04.27,33.8653264955,34.4015680633,33.6672573113,34.2518081665
2006.04.28,34.1551859829,34.5754845246,34.1406935652,34.3484268188
2006.05.01,34.3967392919,34.5223463998,33.8170204163,33.8170204163
2006.05.02,34.0102540102,34.0102540102,33.3967147067,33.5464782715
2006.05.03,33.4788487673,33.6962424053,33.3532416704,33.5802993774
2006.05.04,33.8170023355,34.1986518041,33.7445365933,33.9812545776
2006.05.05,34.2276558506,34.6576148269,34.1310372639,34.5899810791
2006.05.08,34.5368395618,34.7638972934,34.4981943388,34.7010955811
2006.05.09,34.8073766620,34.8315294646,34.4981927776,34.7107543945
2006.05.10,34.6141275747,34.8943265551,34.5078449486,34.7397346497
2006.05.11,34.7252290713,34.8025268458,33.9426093761,33.9812545776
2006.05.12,33.7204067573,33.8170253554,33.2469667806,33.4691925049
2006.05.15,33.2372903917,33.9716009669,33.1696566684,33.9136276245
2006.05.16,33.7976951952,34.1117111148,33.7832027765,33.8460044861
2006.05.17,33.3822323878,33.5658128738,33.0682164331,33.1406822205
2006.05.18,33.3290960391,33.5513217839,32.9377858889,33.0489006042
2006.05.19,32.8991169988,33.3194154245,32.6092576678,32.9812431335
2006.05.22,32.7541945983,32.8556451967,32.4401787354,32.7638549805
2006.05.23,32.9957451590,33.1503370757,32.4933205084,32.5416297913
2006.05.24,32.6092647557,32.8508148650,32.1648134392,32.5947723389
2006.05.25,32.6817291002,33.3532380799,32.6817291002,33.2131385803
2006.05.26,33.2566219776,33.6286112625,33.2566219776,33.5271606445
2006.05.30,33.4305360728,33.5271583350,33.2228028163,33.2614517212
2006.05.31,33.4305321949,33.5029979617,32.8411530500,33.2131385803
2006.06.01,33.2083083120,33.9136341957,33.2083083120,33.9088058472
2006.06.02,34.2131573134,34.3870736868,33.9426223706,34.2759590149
2006.06.05,34.1068748450,34.9523002312,34.1068748450,34.3242721558
2006.06.06,34.3967209012,34.4112169982,33.9136208678,33.9812545776
2006.06.07,34.0585732644,34.4064060917,33.8508399751,34.1165466309
2006.06.08,33.8363413002,34.1696816457,33.5078329891,33.9619483948
2006.06.09,34.2759590149,34.3725812700,34.0344089057,34.2759590149
2006.06.12,34.2518164533,34.2518164533,33.7155747558,33.7735481262
2006.06.13,33.8411724238,34.0102567664,33.3339157104,33.3339157104
2006.06.14,33.3097618140,33.5030026573,33.1165246565,33.2807769775
2006.06.15,33.5271636146,33.9329661223,33.4305413372,33.8605003357
2006.06.16,33.8943122860,33.9860988190,33.6914073979,33.9522819519
2006.06.19,34.0392555696,34.1068893344,33.6431133678,33.6479454041
2006.06.20,33.7445487952,33.7542128634,33.4015480897,33.4401969910
2006.06.21,33.4546876944,33.8894785965,33.4015463793,33.8653221130
2006.06.22,33.7209960563,33.8867712813,33.5649670635,33.6234779358
2006.06.23,33.5698532264,33.5991105307,33.3894511632,33.4967155457
2006.06.26,33.4967065036,33.8575179725,33.4967065036,33.8331375122
2006.06.27,33.7941385323,33.9842942655,33.7161277361,33.7648849487
2006.06.28,33.6673796935,33.9599267688,33.6673796935,33.8819122314
2006.06.29,34.1208267314,34.6181563549,34.0184317278,34.5742759705
2006.06.30,34.7302974993,35.0716017407,34.5742721718,34.7400474548
2006.07.03,34.9107039148,35.3982835888,34.9107039148,35.3690299988
2006.07.05,35.3495326733,35.4811775720,34.9253369420,35.3397827148
2006.07.06,35.3495223075,35.5006707987,35.2422541964,35.4470367432
2006.07.07,35.3007431030,35.6664275888,35.2324822966,35.3007431030
2006.07.10,35.2520010203,35.6664428711,35.2520010203,35.6664428711
2006.07.11,35.6664423637,35.7542068254,35.4421562326,35.6566886902
2006.07.12,35.7834562312,35.8370902693,35.6128041643,35.8127098083
2006.07.13,35.8370832742,35.8370832742,35.2519895251,35.2568626404
2006.07.14,35.4714169596,35.4714169596,34.7644280064,34.7839279175
2006.07.17,34.7644250246,34.9253234564,34.6425301314,34.7595481873
2006.07.18,34.9350754050,35.1739883423,34.7156623762,35.1739883423
2006.07.19,35.3007684144,36.0126342773,35.2227538826,36.0126342773
2006.07.20,36.0808877959,36.0808877959,35.5347973442,35.5689277649
2006.07.21,35.5348047853,35.5348047853,34.8375657128,34.9058265686
2006.07.24,35.0862131448,35.5201585128,34.8863075254,35.5152816772
2006.07.25,35.4957968945,35.7785902396,35.3934019035,35.7590866089
2006.07.26,35.7395804552,35.9248593344,35.6566891093,35.9102325439
2006.07.27,35.9833748974,36.2027842229,35.6371901181,35.6420669556
2006.07.28,35.9248601604,36.2125302994,35.8517224864,36.1735267639
2006.07.31,35.9833747177,36.1784035749,35.8517261471,36.0077514648
2006.08.01,35.7883361471,35.9784918551,35.5104159801,35.8370933533
2006.08.02,35.9589882286,35.9833686917,35.7493288942,35.8370933533
2006.08.03,35.8858589144,36.2320399946,35.6371922692,36.2222900391
2006.08.04,36.6172248551,36.8561378021,36.5489640131,36.7635002136
2006.08.07,36.7147319426,36.7147319426,36.2759097191,36.3636741638
2006.08.08,36.2515397000,36.3685577533,35.6908224596,35.7688369751
2006.08.09,35.8371015103,35.9102391962,35.4372863770,35.4372863770
2006.08.10,35.3251467211,35.5640634453,35.1154873076,35.5104293823
2006.08.11,35.7298289164,35.7298289164,35.0813472205,35.2178726196
2006.08.14,35.2520124142,35.8176029097,35.2520124142,35.5445594788
2006.08.15,35.8614775818,36.1052673581,35.8517239076,35.9589920044
2006.08.16,36.0565185547,36.1052795023,35.9833845731,36.0565185547
2006.08.17,35.9492255646,36.2027651789,35.9345950600,36.0954971313
2006.08.18,36.1296509507,36.1832850093,35.9248683926,36.1052742004
2006.08.21,36.0321253336,36.3392990755,36.0321253336,36.3149223328
2006.08.22,36.3246816949,36.6416091919,36.2320403767,36.6416091919
2006.08.23,36.6903703018,36.7001202585,36.1784101585,36.2320442200
2006.08.24,36.3246801806,36.4563250358,36.2417925414,36.4026947021
2006.08.25,36.4709422318,36.5343262174,36.3392937048,36.3636741638
2006.08.28,36.3734410608,36.8366439592,36.3636911046,36.8122634888
2006.08.29,36.8122634888,36.8268902830,36.5294663996,36.8122634888
2006.08.30,36.8512547027,37.0852907491,36.8366279148,37.0804176331
2006.08.31,37.0804176331,37.2364429039,37.0219067615,37.0804176331
2006.09.01,37.1048124543,37.1877001061,36.8707762939,36.8951530457
2006.09.05,37.2754675883,37.2754675883,36.8463987799,37.2072067261
2006.09.06,37.2023267048,37.2023267048,37.0121709495,37.0170440674
2006.09.07,36.8366404691,37.0170425414,36.6854882628,36.7781295776
2006.09.08,36.7878759718,37.1535606384,36.5099557740,37.1535606384
2006.09.11,37.0804386790,37.2900981045,36.7683879601,37.2072067261
2006.09.12,37.2267004234,37.8020444802,37.0560483133,37.6899032593
2006.09.13,37.9824432037,38.1189648664,37.6703926261,38.0312004089
2006.09.14,37.8654251671,38.0312004089,37.6411353270,38.0312004089
2006.09.15,38.0555929880,38.1823610181,38.0068320473,38.1287269592
2006.09.18,38.1287186931,38.1287186931,37.7971644558,37.9093093872
2006.09.19,37.9580627046,38.1530952454,37.8117910890,38.1530952454
2006.09.20,38.2262329499,38.3968850283,37.9385591150,38.0312004089
2006.09.21,38.0799700439,38.1043505145,37.5143795825,37.6411476135
2006.09.22,37.6167836549,37.8410699245,37.3973705051,37.8361930847
2006.09.25,37.9044433349,37.9532005590,37.5485122511,37.8118057251
2006.09.26,37.8157234192,37.9239798340,37.6927054486,37.8157234192
2006.09.27,37.7665262835,38.1601853881,37.7074762915,38.1454200745
2006.09.28,38.2093875134,38.3373272711,37.8550951102,38.0125579834
2006.09.29,38.1257368501,38.1798613114,37.9485906453,37.9633522034
2006.10.02,37.8895422788,38.2093898152,37.6631896196,37.9535102844
2006.10.03,38.0371718583,38.4209874656,37.9682820700,38.3225708008
2006.10.04,38.3570122709,38.7506713867,38.3324109226,38.7506713867
2006.10.05,38.7605057823,39.0213070689,38.7555877658,38.9868621826
2006.10.06,38.8737015600,38.9081464619,38.6079821368,38.7014770508
2006.10.09,38.7260687791,39.0163932404,38.3816198463,38.9622650146
2006.10.10,39.0704998439,39.2033575718,38.5735062979,38.9770050049
2006.10.11,38.8736877441,39.0951186410,38.6424133050,38.8736877441
2006.10.12,39.0705085920,39.2427330017,38.8736790863,39.2427330017
2006.10.13,39.2181441025,39.6216430664,39.1689376443,39.6216430664
2006.10.16,39.7200468450,39.7938583855,39.6216302064,39.7889366150
2006.10.17,39.6117815594,39.7840059458,39.5625751282,39.5920982361
2006.10.18,39.7348313824,39.8972161144,39.6610197992,39.8332443237
2006.10.19,39.9070419692,39.9414868621,39.6364045979,39.7348175049
2006.10.20,39.8086182582,39.8233798148,39.4297207853,39.6856002808
2006.10.23,39.6068735997,39.9070378153,39.4346491533,39.8725929260
2006.10.24,39.5133900735,39.9021237184,39.5133900735,39.7594261169
2006.10.25,39.6757561480,40.0546536153,39.6757561480,39.9611587524
2006.10.26,39.9759349025,40.4188005272,39.9759349025,40.3499107361
2006.10.27,40.3991153744,40.4089589180,40.0891113281,40.0891113281
2006.10.30,40.1629306170,40.4729347229,39.9907023595,40.4729347229
2006.10.31,40.6205470591,40.6205470591,40.2022828356,40.4237174988
2006.11.01,40.4827683646,40.5565799274,40.0005398286,40.0792694092
2006.11.02,39.9316583219,39.9316583219,39.1246602437,39.3067245483
2006.11.03,39.3903757471,39.4445039821,38.5784559769,38.9229049683
2006.11.06,39.2427305104,39.3411433799,38.8097086287,39.2574920654
2006.11.07,39.2575046326,39.2575046326,38.8638492744,38.8884506226
2006.11.08,38.6768409206,39.1049447181,38.5193781021,38.9770050049
2006.11.09,38.9967137449,39.2083048971,38.8343290516,39.0754470825
2006.11.10,39.0803483779,39.3165445356,38.9819355022,39.2427330017
2006.11.13,39.1246556375,39.4051365980,39.1246556375,39.3116416931
2006.11.14,39.2181390565,39.8479944047,39.2181390565,39.7200546265
2006.11.15,39.7938741486,39.9857819772,39.6708561172,39.8086357117
2006.11.16,39.9759243324,40.0989423204,39.8479883279,40.0054512024
2006.11.17,39.9119569333,40.0054518070,39.8332236178,39.9562416077
2006.11.20,40.6697414275,42.5937405164,40.6697414275,41.2208595276
2006.11.21,41.3586427450,41.9884941466,41.2651478870,41.9245223999
2006.11.22,42.0229344744,42.2296037393,41.8014999013,42.0426177979
2006.11.24,41.9245371821,42.2591463265,41.8950140604,42.2443847656
2006.11.27,42.2197937614,42.2197937614,41.0978660583,41.0978660583
2006.11.28,41.1864353889,41.2946918571,40.8469081753,41.2110404968
2006.11.29,41.3832416117,41.8949967834,41.3389569474,41.8261070251
2006.11.30,41.8556429530,42.4116867135,41.6784967334,42.2935867310
2006.12.01,42.3181931743,42.4608945088,41.9196160446,42.1951751709
2006.12.04,42.1951755411,42.8201053521,42.1705704385,42.7364540100
2006.12.05,42.9578913503,42.9578913503,42.3575628502,42.4264526367
2006.12.06,42.2886500278,42.3919846513,41.9195961924,42.3821411133
2006.12.07,42.4362776023,42.4362776023,41.8753159631,41.9245223999
2006.12.08,42.0623061927,42.1804023934,41.8753164745,41.9442062378
2006.12.11,42.0573921075,42.2640614350,41.9196125558,42.1705665588
2006.12.12,42.1705568643,42.3280197092,41.8654747141,41.9786491394
2006.12.13,42.1705807154,42.2443922869,41.5308891887,41.7473983765
2006.12.14,41.8851569983,41.9835698661,41.7572172669,41.8261070251
2006.12.15,41.9491282243,41.9884948761,41.4570563390,41.5800743103
2006.12.18,41.7769131299,41.8704042561,41.3881758033,41.4570655823
2006.12.19,41.2848454055,41.3291300876,40.7878515879,41.1372222900
2006.12.20,41.4293482190,41.6387375176,41.3396094048,41.4792022705
2006.12.21,41.5938836116,41.6886090030,41.0803794861,41.0803794861
2006.12.22,41.0305386388,41.1003351170,40.7264237824,40.7613220215
2006.12.26,40.8809726711,41.3196939353,40.8809726711,41.1701316833
2006.12.27,41.3047417779,41.5988873659,41.2249759971,41.5290908813
2006.12.28,41.5440434024,41.8182427688,41.3645656555,41.6537246704
2006.12.29,41.6786455842,41.9927335113,41.5540084839,41.5540084839
2007.01.03,41.8381651798,42.1472664416,41.4642540195,41.8132400513
2007.01.04,41.7783661778,41.8780743572,41.5540170687,41.8032913208
2007.01.05,41.6387707546,41.7584251381,41.0504833483,41.1551818848
2007.01.08,41.1302467919,41.2100163690,40.8859591184,41.1452026367
2007.01.09,41.1302471732,41.7733751309,41.1302471732,41.6287956238
2007.01.10,41.6188078798,42.3018165200,41.4542860511,42.2918472290
2007.01.11,42.3516862797,43.0097700346,42.3267611412,42.7754554749
2007.01.12,42.8103428902,43.0147457105,42.7405464341,42.9250068665
2007.01.16,42.9499499572,43.5831048185,42.9499499572,43.4185829163
2007.01.17,43.2739955921,43.6927743541,43.0496465665,43.5481948853
2007.01.18,43.5481980887,43.6728351776,43.2889546175,43.3986358643
2007.01.19,43.3737258750,43.8573185997,43.2291463324,43.7825355530
2007.01.22,43.8722486470,43.8722486470,43.5182798245,43.6479034424
2007.01.23,43.7226907953,43.9570091392,43.5930709569,43.7725486755
2007.01.24,43.8572920921,44.4206502701,43.7725397987,44.3707962036
2007.01.25,44.6200844389,45.0039650560,44.4755049379,44.6350402832
2007.01.26,44.6449895765,44.8045248367,44.3957154947,44.7696266174
2007.01.29,44.7845974885,44.9890003263,44.6051197850,44.8992614746
2007.01.30,44.9889925987,45.0637755962,44.6499796397,45.0538063049
2007.01.31,45.0587965378,45.5772872556,44.8843053836,45.5673179626
2007.02.01,45.3678901621,45.6470759613,45.0338637518,45.5423812866
2007.02.02,45.5922557149,45.8664588928,45.4277376118,45.8664588928
2007.02.05,45.7268589677,45.8913808494,45.7069165757,45.8365402222
2007.02.06,45.9212792147,46.4646949768,45.9212792147,46.4646949768
2007.02.07,46.3649882752,47.2873017973,46.1007583054,47.1477088928
2007.02.08,47.0081312917,47.3571136666,46.7738129242,46.7887687683
2007.02.09,46.8286415682,47.0131058069,45.2382712877,46.1256866455
2007.02.12,46.0459175677,46.0459175677,45.1784446609,45.3529357910
2007.02.13,45.3678898061,46.2004644534,44.9540938544,46.1605796814
2007.02.14,45.7667340105,46.4048752057,45.7418050748,45.8764114380
2007.02.15,45.9412297918,46.4647032609,45.8165927082,46.2553138733
2007.02.16,46.2403588951,46.2902129688,45.4925363793,46.0957794189
2007.02.20,46.0209995149,46.5394902840,45.6670306233,46.4846496582
2007.02.21,46.3350971328,46.3650088246,45.9661685176,46.2403717041
2007.02.22,46.3550363052,46.3550363052,45.9063419418,46.0060501099
2007.02.23,46.0259751808,46.0259751808,45.2482411129,45.3529357910
2007.02.26,45.3629222307,45.5872713145,44.3259443493,45.0588073730
2007.02.27,44.5153839476,44.7148040542,43.0945218687,43.5980529785
2007.02.28,43.9370460510,44.6200583697,43.6728161464,43.9370460510
2007.03.01,43.3737095234,44.1813592769,42.4214802817,43.6628684998
2007.03.02,43.2839715692,43.5781171006,42.7604942322,42.7604942322
2007.03.05,42.4015315756,42.4264567067,41.2399132021,41.2448997498
2007.03.06,41.6537114281,42.8601973851,41.6537114281,42.6657638550
2007.03.07,42.7355669826,42.8103499990,42.0475677961,42.0575408936
2007.03.08,42.3566870137,43.1194657346,42.3566870137,42.7305984497
2007.03.09,42.9798519149,43.3786921081,42.9050689032,43.2540550232
2007.03.12,43.1792888243,43.6429391130,42.9549435055,43.4734306335
2007.03.13,43.3537599966,43.3537599966,42.2370128622,42.3267517090
2007.03.14,42.2519733343,42.6707521292,41.6387571805,42.5261764526
2007.03.15,42.5461133158,43.0247230672,42.5461133158,42.8452453613
2007.03.16,42.9998108274,43.0297225222,42.5062488464,42.6059570312
2007.03.19,42.8701727985,43.1892434475,42.7405529623,43.0346946716
2007.03.20,42.9997605352,43.2639903392,42.7255576423,43.1742515564
2007.03.21,43.1194650377,43.8722744483,42.8402790538,43.7825355530
2007.03.22,43.7525832868,43.9520032920,43.5182650661,43.7475967407
2007.03.23,43.8013825522,44.0525948853,43.5602170259,43.7360687256
2007.03.26,43.3743149733,43.8365446676,42.9824244136,43.0577850342
2007.03.27,43.0075405296,43.0678328553,42.4850185399,42.7010612488
2007.03.28,42.4398068639,42.7714051089,41.9926492735,42.2036666870
2007.03.29,42.6759316324,42.8417287785,42.2388210053,42.4297409058
2007.03.30,42.4046254472,42.9673383926,42.4046254472,42.8266601562
2007.04.02,43.0075373759,43.3542115151,42.7965200013,43.3341140747
2007.04.03,43.4948871903,43.8214638698,43.4245480696,43.7109298706
2007.04.04,43.4245605469,43.6908449851,43.1884203595,43.4245605469
2007.04.05,43.3190423605,43.5803014221,43.3190423605,43.4597206116
2007.04.09,43.3542238531,43.5501691615,43.2637872621,43.4295883179
2007.04.10,43.4295813370,43.8315186957,43.3592422034,43.5401153564
2007.04.11,43.4747833611,43.5702452251,42.7462695036,42.9572868347
2007.04.12,42.7412746835,42.9020504552,42.4900623005,42.7312278748
2007.04.13,42.8517968505,43.1984710693,42.5151732707,43.1984710693
2007.04.16,43.3642633600,43.4396278121,43.0477372612,43.1884155273
2007.04.17,43.3793514501,43.8616825875,43.2035035527,43.8064155579
2007.04.18,43.6858195948,43.8214763901,43.5602134386,43.6506500244
2007.04.19,43.5601969293,43.5601969293,43.2085013585,43.2738151550
2007.04.20,43.6355825955,43.7611887652,43.4898789787,43.7461166382
2007.04.23,43.6607040272,44.2435146437,43.6406065807,44.1179084778
2007.04.24,44.1681477260,44.2384868622,43.5300663475,43.8164482117
2007.04.25,43.8466181051,44.5751364896,43.4095109076,43.8767662048
2007.04.26,43.9119118616,44.0475648202,43.5803097777,43.9370307922
2007.04.27,43.7109234263,43.9269660747,43.6405843159,43.7913131714
2007.04.30,43.7712249166,43.8767336042,42.9371983857,42.9522705078
2007.05.01,42.9472490425,43.0628045339,42.3041424462,42.7261810303
2007.05.02,42.6809687751,43.3140248524,42.6809687751,43.0778846741
2007.05.03,43.3441763463,43.4697825189,43.1834005987,43.2487182617
2007.05.04,43.3793394454,43.4094875289,42.7965288849,43.0326690674
2007.05.07,42.9573013783,43.3089970493,42.9472545734,43.0728607178
2007.05.08,43.0577998565,43.0577998565,42.7312268331,42.7915153503
2007.05.09,42.7613737982,43.5401337489,42.7312295377,43.2889213562
2007.05.10,43.1532478216,43.2788539694,42.6558485498,42.8568191528
2007.05.11,42.9572956914,43.3341140747,42.8568123225,43.3341140747
2007.05.14,43.2336384550,43.4647533115,42.8819389343,42.8819389343
2007.05.15,42.9472602058,43.2336420993,42.2237674927,42.3041534424
2007.05.16,42.3091855846,42.4498638941,41.5907180753,41.9122695923
2007.05.17,41.7816242672,41.7966963893,41.1435429903,41.1586151123
2007.05.18,41.2792007394,41.3043196657,40.5155133162,40.8018951416
2007.05.21,40.6863512829,41.4751578580,40.5707919227,41.0832633972
2007.05.22,41.1485686761,41.8670358882,41.0782295505,41.5103149414
2007.05.23,41.7213443875,42.0027009716,41.0983388800,41.1837501526
2007.05.24,41.1184306106,41.3847188891,40.0532928293,40.5557174683
2007.05.25,40.7968632863,41.2590966876,40.4903840691,40.8119392395
2007.05.29,41.2340032177,42.3041666627,41.2340032177,42.0579795837
2007.05.30,41.8770978901,43.1783798536,41.8770978901,43.1331596375
2007.05.31,43.2537488918,43.4748170288,42.7412772859,43.0176124573
2007.06.01,43.0376886277,43.2939223873,42.7663789118,42.9974937439
2007.06.04,42.8266779228,43.4597340821,42.7060970749,43.2688140869
2007.06.05,43.2336292582,43.2336292582,42.4799925169,42.5201835632
2007.06.06,42.2538909912,42.5704208143,42.0278015460,42.2538909912
2007.06.07,41.8318657132,42.0479084055,40.9375507001,40.9475975037
2007.06.08,40.8973533371,41.6208419800,40.6963827790,41.6208419800
2007.06.11,41.2993151396,41.5254085892,40.7416233304,41.0079116821
2007.06.12,40.7215154061,40.8722404864,40.1085567802,40.1437263489
2007.06.13,40.3698300687,41.1083951043,40.2894440976,41.0079116821
2007.06.14,40.9978376912,41.2289524970,40.5858497620,40.5858497620
2007.06.15,40.9023933127,41.4098394582,40.9023933127,41.1988220215
2007.06.18,41.1988082542,41.2239310120,40.5205359581,40.5858497620
2007.06.19,40.4853707824,40.6662439253,40.1587940613,40.6260490417
2007.06.20,40.6461512894,40.6963929832,39.7669082311,39.9025611877
2007.06.21,39.8322350125,39.8422856544,39.0384029587,39.7417984009
2007.06.22,39.5910644531,39.6915478511,39.2192674475,39.5910644531
2007.06.25,39.5759835807,39.9427552209,38.6565494869,38.6917190552
2007.06.26,38.9529739869,39.0685333177,38.5460113359,38.6364479065
2007.06.27,38.2395453065,39.7267220007,38.2395453065,39.4755096436
2007.06.28,39.6865221593,40.0365195765,39.3010219080,39.3213081360
2007.06.29,39.4633342651,39.9452114585,38.9459465019,39.2705802917
2007.07.02,39.4328883815,40.2698362563,39.3060782147,40.2596931458
2007.07.03,40.2241799491,40.4372200661,39.9502695687,40.0720062256
2007.07.05,40.4017264386,41.0611370905,40.4017264386,40.7162132263
2007.07.06,40.5792320257,40.8835754919,40.2596719667,40.6299552917
2007.07.09,40.6705643115,41.0611379941,40.3104238361,40.7821578979
2007.07.10,40.4067907114,40.4067907114,39.3923094446,39.5394058228
2007.07.11,39.4633228237,39.5394058228,39.0118789696,39.5394058228
2007.07.12,39.5343394679,40.0365066528,39.4278193905,40.0365066528
2007.07.13,40.0466475914,40.4879483481,39.8386809382,40.4169349670
2007.07.16,40.4676704147,40.8734646027,40.1886902966,40.1937599182
2007.07.17,40.1227313273,40.3915682304,39.8640375336,39.9350547791
2007.07.18,39.6155028031,39.7575295975,39.1082620402,39.7169532776
2007.07.19,39.8944810365,40.2038981670,39.8336107606,39.8488273621
2007.07.20,39.8995568556,39.9452066628,38.9560888077,39.2097091675
2007.07.23,39.3618808608,39.5039076496,38.5249328613,38.5249328613
2007.07.24,38.3321723431,38.5553594476,37.4850814621,37.5358047485
2007.07.25,38.0379841971,38.3017515643,37.0285761501,37.5865402222
2007.07.26,37.0032195028,37.0285830940,36.0141013654,36.7242393494
2007.07.27,36.6227704603,37.0742142931,35.6539429084,35.7097396851
2007.07.30,35.8111856081,36.2930665004,35.4713353347,36.1916160583
2007.07.31,36.6582771481,37.1046513613,35.7097396851,35.7097396851
2007.08.01,35.6640864392,36.3437908763,34.8322121393,36.2677040100
2007.08.02,36.2677077924,36.9778455022,36.2677077924,36.8003120422
2007.08.03,36.5061230453,36.5720629598,35.4104809982,35.4459877014
2007.08.06,35.6336659072,36.4655405028,34.6699076211,36.3691635132
2007.08.07,36.0698953368,37.0336536773,35.8061279409,36.5162658691
2007.08.08,36.7749444133,38.2307263646,36.7749444133,37.8401489258
2007.08.09,37.0285824653,38.2916111124,35.7604803261,37.7742271423
2007.08.10,37.2162490784,37.5510259058,36.5213279724,36.5213279724
2007.08.13,37.0488681920,37.1807518825,36.3438037954,36.3691635132
2007.08.14,36.2423333597,36.2626234447,34.8575689166,34.9995956421
2007.08.15,35.0199071186,35.9075785648,34.3706394800,34.6191864014
2007.08.16,34.1170090653,35.8771348361,33.8329516542,35.5119209290
2007.08.17,37.0285752952,38.2916036977,36.0496004785,36.4452476501
2007.08.20,36.5467103365,37.3938017557,36.4604764377,37.0539512634
2007.08.21,37.1198912690,37.6930721245,36.9220676166,37.6119155884
2007.08.22,37.8807378106,38.2865319419,37.5763941471,37.9162445068
2007.08.23,38.0430623908,38.2155224161,37.3329244522,37.6474151611
2007.08.24,37.5611741497,37.6524776275,37.0539334664,37.4090003967
2007.08.27,37.3126315351,37.4343721119,36.7495939447,36.9017677307
2007.08.28,36.4706165793,36.6735136860,35.6285949410,35.7351150513
2007.08.29,35.9887333270,36.6735115051,35.7300433045,36.6735115051
2007.08.30,35.9380013024,36.9879893522,35.9126415904,36.8510360718
2007.08.31,37.2771230434,37.9568276864,37.1148061520,37.5865402222
2007.09.04,37.4850743814,38.4386851449,37.3836239576,38.0937614441
2007.09.05,37.6474046777,37.9060985135,37.0285704160,37.1807441711
2007.09.06,37.2720471150,37.4495805802,36.7850926534,37.4090003967
2007.09.07,36.5264079109,36.9271285724,36.3945242308,36.7090148926
2007.09.10,36.9524938876,36.9524938876,35.8467087175,36.0140991211
2007.09.11,36.2879997506,36.7546602608,36.2879997506,36.6633567810
2007.09.12,36.5923442946,36.9778483155,36.4452440251,36.7293014526
2007.09.13,36.9778389911,37.6981196846,36.8611719551,37.4039192200
2007.09.14,37.1959551505,37.6372520078,36.9474044633,37.5814552307
2007.09.17,37.4648062702,37.6677033667,37.2061123754,37.5104560852
2007.09.18,37.5916175326,38.8039227845,37.5358207327,38.6771125793
2007.09.19,38.9155159357,39.7727541512,38.9155159357,39.4633369446
2007.09.20,39.3872355483,39.3872355483,38.6568078054,38.9814414978
2007.09.21,39.0930428197,39.1234760251,38.7886991564,38.9915962219
2007.09.24,39.0118872711,39.4176775422,38.9307268949,39.3263740540
2007.09.25,38.8544960312,39.2792761106,38.5883710576,38.6753730774
2007.09.26,38.9466318553,39.0489906570,38.6190914990,38.8954544067
2007.09.27,39.1871555485,39.3560445799,39.0182665171,39.2639236450
2007.09.28,39.2895224784,39.2997603102,38.9312764574,39.1359901428
2007.10.01,39.1615659292,40.1748962402,39.1615659292,40.1748962402
2007.10.02,40.0571966806,40.5638639408,39.9190171853,40.5433921814
2007.10.03,40.3796401995,40.5792350630,40.1749264178,40.5331726074
2007.10.04,40.6201568901,40.7481024472,40.1237275036,40.5485076904
2007.10.05,40.8658170920,41.4697203802,40.5945730897,41.3520126343
2007.10.08,41.1421715733,41.1933490134,40.8043973449,40.8913993835
2007.10.09,40.9937437327,41.1831045075,40.4563748927,41.1268081665
2007.10.10,41.0858713338,41.2598792992,40.7429782224,41.0705184937
2007.10.11,41.3519958335,41.4082921777,40.5843226725,40.7941513062
2007.10.12,40.8043983547,41.0193459512,40.4205616874,40.4973258972
2007.10.15,40.4563920190,40.7276360109,39.4737670442,39.6631278992
2007.10.16,39.5607899173,39.5607899173,38.9773581633,39.0029449463
2007.10.17,39.3509403368,39.4840048267,38.1431338086,38.8954544067
2007.10.18,38.6600322887,39.4021150020,38.2966673536,38.9978065491
2007.10.19,38.8954401485,39.0285045897,37.5852792035,37.7388114929
2007.10.22,37.4624687165,38.2813236495,37.0683980013,38.2045555115
2007.10.23,38.5269516562,38.7470180913,38.1482340368,38.5371894836
2007.10.24,38.3939123658,38.5986260984,37.6211237846,38.3836784363
2007.10.25,38.5372098217,38.7931009788,37.8360666455,38.2813186646
2007.10.26,38.8084594466,39.1820584035,38.1994371550,38.8442840576
2007.10.29,38.8954568397,39.0080495764,38.3324970611,38.5627975464
2007.10.30,38.3273775453,38.9568715154,38.3120247004,38.7368049622
2007.10.31,38.9875674548,39.6119423523,38.4143699954,39.4328193665
2007.11.01,38.6293204532,38.7777338485,37.8770000279,38.0254173279
2007.11.02,38.2403738501,38.2403738501,36.6436116781,37.2731056213
2007.11.05,36.4593667393,37.0939795465,36.3979553676,36.7408485413
2007.11.06,36.5924331531,37.1809835582,36.3467759398,37.1246871948
2007.11.07,37.1042162938,37.1042162938,35.6302846936,35.8708190918
2007.11.08,36.2648935798,36.2648935798,35.4050991717,36.0960044861
2007.11.09,35.8964145430,36.3314287696,35.4972249256,35.9731826782
2007.11.12,36.3723611375,36.6589579227,35.7275144662,35.9782905579
2007.11.13,36.1011269934,37.2833429579,36.1011269934,37.2679901123
2007.11.14,38.0254371125,38.0254371125,36.4696180158,36.7203903198
2007.11.15,36.5156517029,36.7817805789,35.9322204269,36.5156517029
2007.11.16,36.6999033617,36.6999033617,35.5381594139,35.8196372986
2007.11.19,35.5893514166,35.6405288798,34.9854479800,35.1338653564
2007.11.20,35.2464381713,35.6149180405,33.7008538876,34.3149948120
2007.11.21,33.7418061272,34.4429492617,33.4449714655,34.0591125488
2007.11.23,34.6425494408,35.0161483797,34.4122450344,34.7090797424
2007.11.26,34.5401911501,34.8728504724,33.1379085458,33.4040336609
2007.11.27,33.1378988694,33.8799815293,33.0406589978,33.6496810913
2007.11.28,33.8748664703,35.3129732624,33.8748664703,35.2259712219
2007.11.29,35.3846196590,35.5074462891,34.5401782800,35.5074462891
2007.11.30,36.2393037592,36.2495415918,35.4818681345,35.8349952698
2007.12.03,35.4716082399,35.8196201470,35.1747776552,35.5739669800
2007.12.04,35.0673317022,35.4051099929,34.5862588550,34.6425552368
2007.12.05,34.9905517664,35.7377533386,34.9342554099,35.6302795410
2007.12.06,35.7735794333,36.9660329922,35.3487992361,36.9097366333
2007.12.07,36.8892650444,37.3293980861,36.7050231244,36.7306098938
2007.12.10,36.8585645314,37.6518287659,36.6282640269,37.6518287659
2007.12.11,37.4778179056,37.9537755799,35.4050981195,35.4972190857
2007.12.12,36.5310116689,37.0735034507,35.1082577917,35.6098060608
2007.12.13,35.0212419066,35.4613747325,34.5708751588,34.9956512451
2007.12.14,34.4992506440,35.4204565461,33.9362869263,33.9362869263
2007.12.17,33.8902221807,33.9823431445,33.2709661092,33.3221435547
2007.12.18,33.7162200691,33.9106998626,32.7591895663,33.7520446777
2007.12.19,33.3989145895,34.0539953205,33.3886767567,34.0335235596
2007.12.20,34.3508370341,34.4736637202,33.5882784259,34.1614761353
2007.12.21,34.3354610420,34.7448883057,34.1614569930,34.7448883057
2007.12.24,34.7602562612,35.7326435068,34.6783731157,35.6916999817
2007.12.26,35.4102175970,35.5279253361,34.9240220828,35.0980300903
2007.12.27,34.9070222406,35.0675011317,34.2288654305,34.4152297974
2007.12.28,34.5239241803,34.6585175273,33.6386958615,33.9078865051
2007.12.31,33.5610516886,34.3220386631,33.5610516886,34.0114288330
2008.01.02,34.0269461179,34.4514415387,33.5506797840,33.7266921997
2008.01.03,33.9855423644,34.1149617915,32.6344032288,32.6344032288
2008.01.04,32.2616793612,32.6137004125,31.5835207528,31.5990524292
2008.01.07,31.9717773707,32.1322581861,31.0917267645,31.8941268921
2008.01.08,32.0442437004,32.8000525099,30.6516897155,30.7345180511
2008.01.09,30.7966506186,31.3712712698,29.6577591588,31.3402118683
2008.01.10,30.5999296113,32.3237953507,30.3825039472,31.7543506622
2008.01.11,31.4748076477,32.2513242935,30.9053628974,31.7025871277
2008.01.14,32.0028230222,32.2564858671,30.9157010577,31.6145648956
2008.01.15,31.0554632243,31.2780626545,30.6464976685,30.7914466858
2008.01.16,30.6154543497,31.8009365820,30.6154543497,31.1900768280
2008.01.17,31.3350254592,31.6042180564,30.6723987428,30.8121719360
2008.01.18,30.9157060804,31.2987863883,29.9062343924,30.5533313751
2008.01.22,29.5076177962,31.6922175001,29.3730225138,31.5835037231
2008.01.23,30.7759334844,34.4980346895,30.7759334844,34.1667213440
2008.01.24,34.1149464569,34.2443658259,32.9864094012,33.4989089966
2008.01.25,33.8664678579,34.1356624233,32.7948753771,33.0330085754
2008.01.28,32.8725341798,34.2599105835,32.5826339549,34.2599105835
2008.01.29,34.1667232666,34.4876848161,33.6335159445,34.0528335571
2008.01.30,34.1097881649,34.6015804697,33.1469071906,33.2556190491
2008.01.31,32.6965200168,34.2650846258,32.6499289497,34.0476570129
2008.02.01,34.0735524288,35.3729248047,33.7991838284,35.3729248047
2008.02.04,35.2952615200,35.2952615200,34.4255629301,34.8241729736
2008.02.05,34.2702564774,34.7879340915,33.6335152237,33.7215194702
2008.02.06,33.8871824046,34.0476612308,33.0744285583,33.0744285583
2008.02.07,32.9553572555,33.8716468811,32.7534632994,33.8716468811
2008.02.08,33.7991651852,33.8198727596,32.4169652032,32.8207550049
2008.02.11,32.6447629634,33.0019599365,32.0960237814,32.1633224487
2008.02.12,32.4066245581,33.2245563055,32.3445037845,33.1779632568
2008.02.13,33.3384450949,33.7008179097,32.7016997779,33.3332672119
2008.02.14,33.1469100614,33.3953971519,32.6654695325,33.0847892761
2008.02.15,32.4325174724,32.9501953125,32.2047379589,32.9501953125
2008.02.19,33.1313774643,33.3850384672,32.3703905063,32.3755683899
2008.02.20,32.2979054695,33.1313667297,32.1943695535,33.1313667297
2008.02.21,33.3591536729,33.4678655206,32.3186203457,32.3807411194
2008.02.22,32.3859241174,33.1417312622,32.0442568459,33.1417312622
2008.02.25,33.0174764487,34.1667213440,32.6965168920,34.1667213440
2008.02.26,33.6800969964,34.3996684078,33.6645673033,34.1460075378
2008.02.27,33.7888164382,34.4410913437,33.6956343088,33.9027061462
2008.02.28,33.7008058166,33.7008058166,33.1986579895,33.1986579895
2008.02.29,33.0174856938,33.1210216370,32.5412231199,32.6188735962
2008.03.03,32.5722745663,32.8518209522,32.1011880160,32.7948760986
2008.03.04,32.1995588759,32.7793574468,31.9407199814,32.5308723450
2008.03.05,32.5049909639,33.0330225801,32.2254444657,32.4998130798
2008.03.06,32.1736806261,32.3548670919,31.0089054108,31.0089054108
2008.03.07,30.7190014165,31.7336494532,30.5378149723,31.3195075989
2008.03.10,31.5886883599,31.5886883599,30.8121719360,30.8121719360
2008.03.11,31.6818680707,33.0019454956,31.4851500388,33.0019454956
2008.03.12,32.7327574497,33.4367973922,32.2357873815,32.2927322388
2008.03.13,31.7077611816,32.8880657822,31.1641999563,32.6965255737
2008.03.14,32.8311253137,33.0226675226,31.3350367792,32.1633224487
2008.03.17,31.5783378478,32.2461425156,31.2729079437,31.9458885193
2008.03.18,32.6965200255,33.6645766701,32.4428571102,33.5765724182
2008.03.19,33.9078748848,34.1667136244,33.2090110779,33.2090110779
2008.03.20,33.1313687405,34.6585161886,33.1313687405,34.5963973999
2008.03.24,35.1192380966,35.5851486152,34.7102763660,35.1865386963
2008.03.25,35.1917988681,35.6733753802,34.8567847797,35.4639930725
2008.03.26,35.3331116768,35.3854562287,34.5269927979,34.5269927979
2008.03.27,34.5741229045,35.1342182754,34.1553582935,34.3804435730
2008.03.28,34.3176228882,34.4275476846,33.7941691944,33.8517494202
2008.03.31,33.8674495589,34.7468518507,33.7836990516,34.0768318176
2008.04.01,34.7311474877,35.9246211229,34.5060622674,35.7518844604
2008.04.02,35.9612514653,36.1915722680,35.3854534523,35.9036712646
2008.04.03,35.6681282038,36.6365165710,35.5634390806,36.6365165710
2008.04.04,36.5370475113,36.5998593610,35.8984337489,36.0397644043
2008.04.07,36.2910379591,36.2962696195,35.6628912617,35.9560279846
2008.04.08,35.6210198083,35.9298555217,35.4011662567,35.5058593750
2008.04.09,35.5896316484,35.5896316484,34.6788229267,34.7835121155
2008.04.10,34.6735596772,35.2650647044,34.4327715398,34.7102012634
2008.04.11,34.4170820666,35.0609318990,34.3385632100,34.5845870972
2008.04.14,34.4484741603,34.8724742184,34.3176107831,34.3961296082
2008.04.15,34.7363812768,34.7887258382,34.2705078915,34.5741119385
2008.04.16,35.0242807997,36.3224434359,34.9248233419,36.0659523010
2008.04.17,35.9560415371,36.3381605612,35.6524373852,36.2753486633
2008.04.18,36.9139458269,37.2018469021,36.0711892116,36.3119773865
2008.04.21,36.0136215552,36.2544098140,35.8147065634,35.9508056641
2008.04.22,35.9193899266,36.0764236211,35.5843799191,35.7832908630
2008.04.23,35.8565812049,36.4690211225,35.6943118234,36.1968269348
2008.04.24,36.2753356801,37.1023893238,36.0764207583,37.0291061401
2008.04.25,37.2699073002,37.2699073002,36.7464535235,37.1547508240
2008.04.28,37.2856077814,37.2856077814,36.8930175173,37.2384948730
2008.04.29,37.0866800371,37.0866800371,36.5004146673,36.6993255615
2008.04.30,36.5998615396,37.0709704083,36.0554695129,36.0554695129
2008.05.01,36.1078253128,36.9924590397,35.9560233138,36.9034729004
2008.05.02,37.3327130968,37.5054537548,36.8144951162,36.9662971497
2008.05.05,36.7987778133,37.0605045289,36.5684570256,36.8772926331
2008.05.06,36.6731648927,37.1704483032,36.4899568967,37.1704483032
2008.05.07,37.1390417415,37.2175606023,35.9926807516,36.0764312744
2008.05.08,36.2229840441,36.3119741828,35.7257047693,36.0607147217
2008.05.09,35.7414100539,36.1549388642,35.5843763750,35.8042259216
2008.05.12,35.8670438193,36.6155827294,35.7675903374,36.5684738159
2008.05.13,36.6417347089,36.7830653570,36.2910219209,36.7621307373
2008.05.14,36.8197274500,37.1599731177,36.7673828842,37.0081710815
2008.05.15,37.0500389981,37.4688034058,36.7359676891,37.4688034058
2008.05.16,37.5106870282,37.5106870282,37.0134037102,37.2227859497
2008.05.19,37.4269399772,37.5630390589,37.0552883252,37.5054588318
2008.05.20,37.0605140814,37.1913774730,36.4009614698,36.7307357788
2008.05.21,36.6731604764,37.1023922984,35.8303998026,35.9350929260
2008.05.22,36.0031373066,36.0868917980,35.5896084910,35.6943016052
2008.05.23,35.6314981199,35.6524367500,35.3331296294,35.4639930725
2008.05.27,35.6681403853,36.1392495878,35.2650827304,35.9717445374
2008.05.28,36.0921385478,36.2648792633,35.8461186121,36.1183128357
2008.05.29,35.9350793879,36.5736932225,35.9350793879,36.4951744080
2008.05.30,36.5894095591,36.6888630332,36.2282252762,36.3486213684
2008.06.02,36.1183035267,36.1811194053,35.5163310025,35.8408737183
2008.06.03,35.8827380566,36.0973519092,35.5477281451,35.8670310974
2008.06.04,35.7309423308,36.4533068303,35.7204710228,36.0659523010
2008.06.05,36.3015146078,37.0291149576,36.1706511781,36.9715347290
2008.06.06,36.5213566642,36.6417527518,35.3959345960,35.5058593750
2008.06.09,35.6733632280,35.8513355330,34.6159847317,34.6840362549
2008.06.10,34.4013802451,34.9928815304,34.0716018347,34.8201408386
2008.06.11,34.8044342890,34.8306085707,34.0820696437,34.1030082703
2008.06.12,34.3908927584,34.8148928018,33.9250194710,34.3123779297
2008.06.13,34.5584090326,35.1656171979,34.1919930664,35.0295181274
2008.06.16,34.8096487343,35.5634228570,34.6892527032,35.5320129395
2008.06.17,35.5948457810,35.6576616524,34.4170751485,34.4851226807
2008.06.18,34.3019040587,34.4118288044,33.7365733723,33.9721298218
2008.06.19,33.9040949496,34.7520913953,33.7104196334,34.6735725403
2008.06.20,34.3385474739,34.4432405660,33.7261078611,33.8150939941
2008.06.23,33.9721397531,34.1448804012,33.0351573212,33.1136741638
2008.06.24,32.8676638226,33.5743256376,32.6687508241,33.1293907166
2008.06.25,33.4392305197,34.1900808108,33.3387634851,33.7141876221
2008.06.26,33.0003750850,33.4075262464,32.4821832479,32.5086212158
2008.06.27,32.5720545470,32.7676998383,31.9798359236,32.2547950745
2008.06.30,32.2336505294,32.7201174401,31.8529394875,32.1490478516
2008.07.01,31.7207367379,32.3341064453,31.3347350100,32.3341064453
2008.07.02,32.0168419737,32.4451439769,31.6467046641,31.6625690460
2008.07.03,31.9163855889,31.9163855889,31.3030157738,31.4087696075
2008.07.07,31.6202779842,31.8053477135,30.5627435900,30.7636756897
2008.07.08,30.7636677687,33.0638036771,30.4834218719,32.9897766113
2008.07.09,32.7994209949,32.7994209949,30.4569826929,30.5627365112
2008.07.10,30.5204542801,31.5515490730,30.2084814405,31.1179599762
2008.07.11,30.4093973325,31.9163848917,30.2983567172,31.1285209656
2008.07.14,31.5409679837,31.8582275340,29.9546661977,30.0445556641
2008.07.15,29.7167080932,30.7795289576,29.1720766696,29.7590084076
2008.07.16,29.8541906452,31.8846564350,29.3835882385,31.8476428986
2008.07.17,32.1543386421,32.5720632554,31.1708311902,32.3605575562
2008.07.18,32.4187172102,32.5403334220,31.8687988473,32.3711280823
2008.07.21,32.3023824361,32.7306845161,32.1384639079,32.4663009644
2008.07.22,32.2230732864,33.5925804510,31.9322517222,33.4974021912
2008.07.23,33.3546310746,34.8246030305,33.2594528311,34.2112312317
2008.07.24,34.5602221783,34.5655109795,31.8582216462,32.1067428589
2008.07.25,32.2600844283,33.0743863611,32.0009896423,32.5932083130
2008.07.28,32.5191710346,33.1113895196,31.6361310983,31.9005146027
2008.07.29,31.9375405239,33.6771831246,31.7789087461,33.4974021912
2008.07.30,33.7353352506,33.8833913868,32.3023771199,33.3334732056
2008.07.31,32.7571319739,33.2594612715,32.4557347988,32.9421997070
2008.08.01,33.1061137467,33.1061137467,32.1543332180,33.0215110779
2008.08.04,32.8575798792,32.9844848421,32.3023749525,32.5561828613
2008.08.05,32.7359745680,34.0578944759,32.6566586877,33.9468498230
2008.08.06,33.8146535866,33.9415585673,33.3017488975,33.7882156372
2008.08.07,33.3757942866,33.6137399955,32.5985076603,32.9686431885
2008.08.08,32.8100051880,34.4703359324,32.7306913162,34.0367469788
2008.08.11,34.1160365272,35.2687484601,33.8569418916,34.8721733093
2008.08.12,34.6183827429,34.7611480851,33.6507379800,34.1001892090
2008.08.13,33.7935101267,33.9151263351,33.1695646979,33.5502777100
2008.08.14,33.2277305475,34.1847998947,33.1801414194,34.1054840088
2008.08.15,34.2112323970,34.5866606171,33.7247675957,34.0526046753
2008.08.18,34.0684633302,34.1689303670,33.0056403635,33.3387641907
2008.08.19,32.9686420357,33.0162311758,32.2759581282,32.6513824463
2008.08.20,32.7465523727,32.8946065411,32.0115662984,32.7306900024
2008.08.21,32.3869847495,32.4398606525,31.9956962095,32.2812309265
2008.08.22,32.5086062634,33.3123326260,32.2812362127,33.0215110779
2008.08.25,32.9686225865,32.9897737512,32.1384585341,32.2918014526
2008.08.26,32.1754746046,32.6778037121,32.0221336911,32.5403251648
2008.08.27,32.3711345162,32.8575994604,32.3235453788,32.8311614990
2008.08.28,32.9527728101,34.0103072444,32.9474860254,33.9204177856
2008.08.29,33.6243098640,34.0420344630,33.3705018234,33.5397071838
2008.09.02,34.0103131642,34.5232180996,33.2964781037,33.9521484375
2008.09.03,33.8833867973,34.4280161051,33.6084277439,34.4174385071
2008.09.04,34.0737465668,34.2588142089,33.3123208004,33.3440475464
2008.09.05,33.0743793055,33.5555572510,32.6566528427,33.5555572510
2008.09.08,34.7400070887,35.2370496000,33.8411043676,35.0043907166
2008.09.09,34.6606946622,35.0678436675,33.3652124863,33.4709663391
2008.09.10,33.8622415696,34.0684603915,32.9950639507,33.6507339478
2008.09.11,33.2753209005,34.0631829189,32.9739237503,34.0367469788
2008.09.12,33.6718851601,34.4650357175,33.4392283894,34.3962974548
2008.09.15,33.0215056705,33.7564916139,32.1331767846,32.2812309265
2008.09.16,31.4034818812,33.3810719831,31.3083036293,33.2753181458
2008.09.17,32.6302158455,33.1536961393,31.3506004870,31.7260246277
2008.09.18,31.8582289035,34.4280382299,30.2507758739,34.4068870544
2008.09.19,35.5331611633,35.5331611633,33.7247779545,35.5331611633
2008.09.22,35.4115417222,35.6759253348,32.2918142862,32.4028549194
2008.09.23,33.1431374175,33.5978776579,32.4874650207,32.6090812683
2008.09.24,33.2035009126,33.2035009126,32.0681559696,32.3680572510
2008.09.25,33.0428709000,33.2999302633,32.1752952938,32.9678955078
2008.09.26,32.2395467631,33.9425661526,31.9396432709,33.6533737183
2008.09.29,32.9410938404,33.1445997937,31.3666055735,31.6397323608
2008.09.30,32.4805438755,33.4712933412,31.5861898551,33.1767463684
2008.10.01,32.7590134748,32.7590134748,32.1056554127,32.6679725647
2008.10.02,32.1324405852,32.3038134382,30.2366261004,30.5043964386
2008.10.03,31.0559965388,31.3612544805,28.8763446808,28.8763446808
2008.10.06,27.6392531201,28.3836542926,26.7930979172,28.3461666107
2008.10.07,28.5121826901,28.5175371972,25.9308750962,25.9522972107
2008.10.08,25.5988425974,26.7341882005,25.2186092271,25.5185127258
2008.10.09,26.2682691559,26.5521070970,23.4245495380,23.6923198700
2008.10.10,22.6855045231,27.8481165770,22.0803429562,25.5774230957
2008.10.13,26.7609716640,27.6339016068,25.4970951797,27.4893074036
2008.10.14,27.9498704692,28.0784011457,23.9440259815,25.7059555054
2008.10.15,24.9401263762,25.2186077422,21.8875444500,22.0642738342
2008.10.16,22.6694430156,23.5530841087,21.3948553412,23.4513320923
2008.10.17,22.5891094836,24.3028403289,22.2570747834,23.2103366852
2008.10.20,23.5423622416,23.6923149858,22.3052648705,23.4298992157
2008.10.21,22.8997180580,23.6762524350,22.5087736156,22.6212387085
2008.10.22,22.0857001191,22.3213372996,20.2005965457,20.9610633850
2008.10.23,20.8593123295,21.3627198920,18.7867702279,20.6343841553
2008.10.24,18.6207498506,20.2969927656,18.3476229574,19.3115978241
2008.10.27,19.0920264287,19.9863784010,18.0530761819,18.3047809601
2008.10.28,18.9313622248,21.3787829695,17.8763484742,21.2930965424
2008.10.29,20.9985534462,21.9303953002,20.1791767084,20.4469470978
2008.10.30,21.4216270756,21.5983564796,20.6718693108,21.4376926422
2008.10.31,21.4859011763,22.8461756058,21.1324442502,22.7872657776
2008.11.03,22.5837541376,22.8461700236,21.9303957629,21.9571723938
2008.11.04,22.2891986606,23.2960155363,22.1071147793,23.1781959534
2008.11.05,22.8247455877,22.8247455877,20.8057567686,20.9396419525
2008.11.06,20.6397352815,20.8593068465,19.8685555075,19.9917316437
2008.11.07,20.0560103198,21.3145308188,19.6061558101,21.1752910614
2008.11.10,21.4377013532,21.4859001154,19.1616525516,19.3598041534
2008.11.11,19.0438283680,19.5579469589,18.3369147948,19.1134471893
2008.11.12,18.5457758071,18.6100401218,17.5550242439,17.7049770355
2008.11.13,17.8334989538,19.8257103471,16.9552128255,19.6650485992
2008.11.14,19.0224020386,19.2473281062,17.4854011143,17.7263927460
2008.11.17,17.3140295657,17.7478161690,16.8641743329,17.5871543884
2008.11.18,17.0087710264,17.2979624439,15.8520033137,16.8802413940
2008.11.19,16.5856933206,16.6553141761,14.4810194549,14.8451862335
2008.11.20,14.4221069153,15.3003930746,13.1850085530,13.5491752625
2008.11.21,13.9829647927,14.7327213963,12.5905590882,14.6684560776
2008.11.24,14.9415841508,17.2551206509,14.3417791860,16.7891998291
2008.11.25,17.1962127223,17.5871572000,15.9644684623,17.2444114685
2008.11.26,16.7088719878,18.1869635747,16.6660287682,18.0316562653
2008.11.28,17.9031251209,18.0316537403,17.4532708674,17.8763484955
2008.12.01,17.1265938571,17.1855036696,14.0740120315,14.1918306351
2008.12.02,14.8612519621,16.2001034903,14.6845236013,16.1465492249
2008.12.03,15.4182156767,17.0301921211,15.1665109196,16.8802413940
2008.12.04,16.5000059547,17.8013708256,16.1304836682,16.6017589569
2008.12.05,16.1947560393,18.3369205742,16.0501597570,18.2030353546
2008.12.08,18.7921247482,19.9649582395,18.4118913110,19.9167594910
2008.12.09,19.4936750834,19.9542381989,18.1066251019,18.4868583679
2008.12.10,18.5618325668,19.7935752364,18.4547240644,19.7132453918
2008.12.11,19.2366183112,19.3276612799,16.6071149399,16.8695297241
2008.12.12,16.4143184745,18.5832584234,16.2643677667,18.4654388428
2008.12.15,18.3797520794,18.5350593340,17.2176300306,17.9406089783
2008.12.16,20.1256237030,20.2059535951,17.9084831346,20.1256237030
2008.12.17,19.6007903588,21.4858940176,19.2526901019,20.6343841553
2008.12.18,20.8004026123,20.9610644272,18.7599916389,19.0063419342
2008.12.19,19.1134464749,20.0559992325,18.9902723614,19.9488906860
2008.12.22,19.9435345260,20.0399299626,18.5725497388,19.5311679840
2008.12.23,19.5311700665,19.8881783722,19.1631745046,19.3828735352
2008.12.24,19.4817358122,19.5751065283,19.1466957691,19.5311679840
2008.12.26,19.6849583815,19.8277612866,19.2290836206,19.7893142700
2008.12.29,19.7343888865,19.7343888865,18.3557816546,18.6743450165
2008.12.30,18.8830533974,19.6355188477,18.7677102957,19.5201778412
2008.12.31,19.4817370437,20.6406452940,19.4103345476,20.4484081268
2009.01.02,20.5472728516,20.6076901883,19.7948071479,19.8881778717
2009.01.05,19.7508690740,20.0804176545,19.3554137108,19.4982166290
2009.01.06,19.7783196432,20.6845751032,19.2071062012,20.4648761749
2009.01.07,19.9925395657,20.3989801138,19.6574994331,19.7728404999
2009.01.08,19.4542733200,19.8277604030,19.2510530851,19.6849575043
2009.01.09,19.7124235005,19.7563641526,18.6633645282,18.7787055969
2009.01.12,18.5919589857,18.6523763248,17.3836195371,17.6857051849
2009.01.13,17.4550180395,18.2898701964,17.3341833890,18.2184677124
2009.01.14,17.6582416028,17.6747182955,17.0925184267,17.2737693787
2009.01.15,17.2188462960,18.2184718712,16.3839929010,17.7735843658
2009.01.16,18.2074824744,18.5205521268,17.3506590549,18.4271793365
2009.01.20,18.0536932630,18.1305872733,16.3070940078,16.4334201813
2009.01.21,16.7355093505,18.1525626429,16.2356960489,18.0701770782
2009.01.22,17.3286953301,18.0262373755,16.8728216011,17.1529369354
2009.01.23,16.5707339845,17.7241495497,16.4608844840,17.6966876984
2009.01.26,17.6802109895,18.1635475915,17.1913828546,17.5483932495
2009.01.27,17.6417642404,18.0866538337,17.4660058543,17.8669548035
2009.01.28,18.3667704074,19.4432932760,18.1360882825,19.2895030975
2009.01.29,18.8775706343,18.9764350096,17.6966938546,17.7790794373
2009.01.30,17.9658138894,18.2459301755,16.8398614040,17.2133483887
2009.02.02,16.7464919337,17.4879734250,16.5981954259,17.3232002258
2009.02.03,17.4330520941,17.5099461290,16.9936561118,17.2572937012
2009.02.04,17.2627871123,17.7900623163,16.8508529663,16.8508529663
2009.02.05,16.5487689828,17.1749096609,16.0709259115,16.5927085876
2009.02.06,16.6970582664,17.9218761811,16.6695964182,17.7296390533
2009.02.09,17.7735809881,18.0427100533,17.4055865384,17.9713096619
2009.02.10,17.8230126665,17.8504745159,16.2631557327,16.4279289246
2009.02.11,16.5652407157,16.8453559875,15.9665631627,16.8453559875
2009.02.12,16.2137230054,16.6421337085,15.3568995039,16.5981941223
2009.02.13,16.3071005719,16.3620253360,15.5436485497,15.6040658951
2009.02.17,14.8845520260,14.9944004883,14.4341709209,14.6209144592
2009.02.18,14.8241375129,14.9065241373,14.1430731454,14.6813335419
2009.02.19,14.9284871801,15.1207232415,13.9563227634,14.1156044006
2009.02.20,13.6816977375,15.0438255711,13.6048037454,15.0218563080
2009.02.23,15.2031172538,15.3019816221,13.8080330299,13.8794355392
2009.02.24,14.0441994828,15.0712884594,13.8135164587,15.0218563080
2009.02.25,14.8076536200,15.3294371035,14.1540524304,14.6428804398
2009.02.26,15.0493262603,15.1262213415,13.8739412436,14.0222377777
2009.02.27,13.5718516078,14.2364390022,13.5334046023,13.8080272675
2009.03.02,13.4345412346,13.5773451564,12.5667335927,12.8413562775
2009.03.03,13.0720380361,13.2093493644,12.2921096494,12.8907871246
2009.03.04,13.2148426438,13.4510183086,12.7754467889,13.2313203812
2009.03.05,12.7699562372,12.9676849271,12.1822637952,12.3799924850
2009.03.06,12.4404092508,12.5118117461,11.5231693061,12.1987409592
2009.03.09,11.8197616882,12.4843481435,11.7977913686,12.4568862915
2009.03.10,12.7699545486,14.1815149483,12.6601050582,14.1046209335
2009.03.11,14.2803788158,14.4012124132,13.6926864706,13.8629522324
2009.03.12,13.9178782407,15.0603086079,13.7311347247,14.9559516907
2009.03.13,14.9394825578,15.0328543630,14.1705377861,14.6373968124
2009.03.16,14.7252740559,14.8680780358,13.5169343798,13.5608739853
2009.03.17,13.5608700249,14.6264054099,13.2972314210,14.5714817047
2009.03.18,14.3023520778,15.3459182274,13.9618194365,15.3239479065
2009.03.19,15.5381520797,15.5601213499,14.3682588505,14.4506454468
2009.03.20,14.3078409966,14.3572731620,13.2752601960,13.3741245270
2009.03.23,13.7970455528,15.4722436820,13.7860603929,15.3788719177
2009.03.24,14.8296206914,15.4392832107,14.1375716001,14.2803754807
2009.03.25,14.5011049181,14.8268461980,13.3610109743,14.4786405563
2009.03.26,14.6302671909,14.9784736478,13.9731687559,14.8380680084
2009.03.27,14.3887750698,14.6471210160,14.1528934762,14.2427530289
2009.03.30,13.6137326770,13.7766037569,13.3048406532,13.4620943069
2009.03.31,13.6361982261,14.5010965436,13.5014089196,14.2989120483
2009.04.01,13.9001610984,14.4617837690,13.8945447431,14.1697397232
2009.04.02,14.6134204736,15.3828428444,14.4449330490,15.1076478958
2009.04.03,15.0402576896,16.5173250566,14.8549222243,16.4611625671
2009.04.06,16.0624095474,16.6408802469,15.7142029996,16.1971988678
2009.04.07,15.7816011263,15.9107741151,14.9391669139,14.9784803391
2009.04.08,15.1357397961,15.4277829327,14.8380792300,15.2929935455
2009.04.09,15.9556988487,17.3485227154,15.6805038883,17.1182575226
2009.04.13,16.7925152128,17.7528903979,16.7195047475,17.3372898102
2009.04.14,17.0733310543,17.2755155831,15.8939230879,15.9163885117
2009.04.15,15.8377665910,17.3766132456,15.7479070106,17.2193584442
2009.04.16,17.2305853048,18.6009439770,16.6015673840,17.9213809967
2009.04.17,17.8371367360,18.7020351203,17.4496167806,18.1010990143
2009.04.20,17.4103037516,17.6237199069,16.1073392551,16.1635017395
2009.04.21,15.8152975427,17.7135831562,15.7254379828,17.6405715942
2009.04.22,17.2474353218,17.9887772312,16.9441595730,17.0452518463
2009.04.23,17.1575726294,17.9719259526,16.8711460022,17.7528934479
2009.04.24,17.9045355844,19.2411974661,17.6461895934,18.6908073425
2009.04.27,18.1516474346,18.4493068119,17.1294941827,17.6349544525
2009.04.28,17.1912753284,18.2415094304,17.1912753284,17.8259086609
2009.04.29,17.9943948027,18.7582021440,17.8371400350,18.5335521698
2009.04.30,18.8087482810,19.1794192387,18.4043791845,18.5335521698
2009.05.01,18.4829993164,18.5279301519,17.7360413160,17.9045276642
2009.05.04,18.2078076912,19.4602282516,18.1572637028,19.4546108246
2009.05.05,19.1457194125,19.2973578103,18.5897119537,18.8031291962
2009.05.06,19.1850384857,19.5613269488,18.5560214275,19.4321517944
2009.05.07,19.6904964807,19.7017291940,17.8539896357,18.3089027405
2009.05.08,18.6177933780,19.6961079346,18.3538300232,19.5500869751
2009.05.11,18.9659992680,19.3085894656,18.7245013301,18.9772319794
2009.05.12,18.9828460539,19.0951710178,17.9382286031,18.6739540100
2009.05.13,18.1067153651,18.1347960694,17.2698966653,17.4046859741
2009.05.14,17.2586668301,18.1965779355,16.9890881675,17.9606952667
2009.05.15,17.8427617563,18.0280962196,17.0171753167,17.3709983826
2009.05.18,17.5787893614,18.8817538006,17.5394759454,18.6739540100
2009.05.19,18.6234121679,18.9266889974,18.1909623500,18.3762989044
2009.05.20,18.6908025984,19.1232523305,18.0898664863,18.1628780365
2009.05.21,17.8933040388,18.4380788796,17.7079685443,18.1965808868
2009.05.22,18.2415070187,18.4661569801,17.7416631043,17.8090572357
2009.05.26,17.6349504898,18.8929850612,17.5507073090,18.7301139832
2009.05.27,18.8312097690,18.8312097690,17.9438469547,18.1067180634
2009.05.28,18.3201297246,18.5616276286,17.8202859230,18.4493026733
2009.05.29,18.5897115940,18.9659999389,18.2471235267,18.9547672272
2009.06.01,19.2075027355,20.2970503407,19.1625718772,19.7522754669
2009.06.02,19.6006394086,19.7972065601,19.3142105395,19.4602336884
2009.06.03,19.2861216961,19.4658407709,19.1176353312,19.4152946472
2009.06.04,19.5332345378,20.1903341341,19.4096790151,19.9881496429
2009.06.05,20.2633488649,20.2633488649,19.6006338807,19.7354221344
2009.06.08,19.6118646049,19.9488395267,19.4096822228,19.6624107361
2009.06.09,19.8252850072,19.8365177206,19.4995448875,19.6848793030
2009.06.10,19.8252837737,19.8533644843,18.8424439053,19.3085918427
2009.06.11,19.2580440681,19.4265304599,18.8986058610,18.9491519928
2009.06.12,18.8929837018,19.5220004066,18.8087415982,19.4826869965
2009.06.15,19.2075017489,19.2355824627,18.3931481942,18.6065654755
2009.06.16,18.7188940840,18.8312169609,18.0730268300,18.3426055908
2009.06.17,18.3201299777,18.4324549345,17.8034381755,18.0842494965
2009.06.18,18.0674026275,18.2864372971,17.8539875276,18.1741123199
2009.06.19,18.2639685103,18.4043741703,18.0786320108,18.3706760406
2009.06.22,18.0730153798,18.2190363126,17.3709871321,17.4327659607
2009.06.23,17.4945482531,17.8652191783,17.3372945704,17.5844078064
2009.06.24,17.8449576091,18.0730090611,17.7024259954,17.8734645844
2009.06.25,17.8107536387,18.1642325851,17.5998074201,18.1585311890
2009.06.26,18.0730083777,18.4777976235,17.9874885427,18.3181629181
2009.06.29,18.4093825961,18.4720968501,18.0559037377,18.3637714386
2009.06.30,18.4150868583,18.6146324528,18.2896604981,18.4835014343
2009.07.01,18.5519136158,18.8426771235,18.4378879006,18.6659393311
2009.07.02,18.4207927782,18.4207927782,17.7822504540,17.8164577484
2009.07.06,17.6397118548,18.2611486562,17.4971802488,18.1870326996
2009.07.07,18.1642211132,18.1870255957,17.4401605769,17.5142765045
2009.07.08,17.5770059471,17.6796289261,16.8700489764,17.3432540894
2009.07.09,17.4800767805,17.5826997150,17.0353777603,17.0638847351
2009.07.10,16.8871474761,17.1494051452,16.6134859286,17.0353794098
2009.07.13,17.1037923753,17.8107489964,16.9042479135,17.7081260681
2009.07.14,17.7138332350,18.0331038255,17.4287699358,17.9133777618
2009.07.15,18.2155408367,18.7685620242,18.0787095294,18.5291099548
2009.07.16,18.3580671412,18.8996875566,18.1756258133,18.7685565948
2009.07.17,18.6488286259,18.6659338918,18.1870266800,18.3295593262
2009.07.20,18.5063065981,19.0080185522,18.5006062897,18.9224987030
2009.07.21,19.0707244264,19.0992303053,18.4834928814,18.8825817108
2009.07.22,18.5918256092,19.1733549032,18.5690200271,18.8996944427
2009.07.23,18.9395968941,19.8460978226,18.8369739834,19.5553321838
2009.07.24,19.4869216150,19.8061931998,19.2702729620,19.7263736725
2009.07.27,19.7605815791,20.1368649284,19.6123496672,20.0969562531
2009.07.28,19.9145202979,20.0798575171,19.7149768780,20.0171432495
2009.07.29,19.8232967893,19.9886339806,19.5382335663,19.7320766449
2009.07.30,20.0399466159,20.7069935527,20.0114385521,20.4219303131
2009.07.31,20.3649148307,20.5986665577,20.2109804483,20.4390296936
2009.08.03,20.8381180904,20.8723264550,20.4846403550,20.8438205719
2009.08.04,20.7183875975,22.0239772058,20.5644532521,21.8358345032
2009.08.05,21.8871554931,22.7993591774,21.6990148833,22.7195396423
2009.08.06,23.0217132530,23.5576314865,22.5314040176,22.5770130157
2009.08.07,23.0901251486,24.0935469142,22.6739330303,23.6260433197
2009.08.10,23.6032370424,23.6317429313,22.9190848344,23.1585369110
2009.08.11,22.9361855830,23.0331082052,22.2520334450,22.4743824005
2009.08.12,22.4458663843,23.0502008989,22.4458663843,22.6226062775
2009.08.13,22.8506661494,22.9646896845,22.4401744635,22.7309379578
2009.08.14,22.5884100603,22.6397215294,22.0353888650,22.5256958008
2009.08.17,21.6762039154,21.7788268316,21.2771150386,21.3968410492
2009.08.18,21.4823596390,21.8871487990,21.3512308480,21.6590995789
2009.08.19,21.2885197841,21.6191919640,21.1687937625,21.4994659424
2009.08.20,21.5165735401,22.3888663272,21.4937679597,22.3717632294
2009.08.21,22.6454259695,23.3295760506,22.5085946484,22.8677749634
2009.08.24,23.1357298362,23.1984419119,22.6739266796,22.7366409302
2009.08.25,22.9418845394,23.1870368611,22.7537418061,22.9874935150
2009.08.26,22.9361840245,23.0901184082,22.7252378727,23.0901184082
2009.08.27,23.0901141634,23.3181655436,22.5998052183,23.2725543976
2009.08.28,23.5006078149,23.5462167900,23.0445050150,23.4264907837
2009.08.31,23.0274034353,23.2497523687,22.8677687497,23.1357288361
2009.09.01,22.9703988498,23.1471366855,21.8985603442,21.9555721283
2009.09.02,21.7446210633,21.9213610344,21.5051690135,21.5222721100
2009.09.03,21.7446164328,21.9498622459,21.3569303802,21.9042510986
2009.09.04,21.9042517802,22.1836146290,21.5393712899,22.1665115356
2009.09.08,22.5142908501,22.8962744663,22.3375508960,22.8791713715
2009.09.09,22.8677710110,23.3979887545,22.6967335203,23.3409748077
2009.09.10,23.3181815451,23.6773597793,22.9647014457,23.6716594696
2009.09.11,23.7514724267,23.8769009660,23.3067744054,23.5975379944
2009.09.14,23.2839683790,24.2930926330,23.2497600030,24.2759895325
2009.09.15,24.4014161180,25.0399572506,23.9909264773,24.7035846710
2009.09.16,24.9202231339,25.7069981342,24.8290030016,25.6670894623
2009.09.17,25.6898867056,26.4880620605,25.1425639146,25.5416526794
2009.09.18,25.6157765833,25.8552286017,25.0969617018,25.5359592438
2009.09.21,25.1425747023,25.3934317235,24.9373310143,25.1311740875
2009.09.22,25.4136033815,25.9945833856,25.3560813909,25.9083003998
2009.09.23,26.0291053172,26.0406101575,24.9936938318,25.0397109985
2009.09.24,25.1605044276,25.3043116033,24.0100470219,24.2113761902
2009.09.25,24.0100530734,24.4529773552,23.7742093336,24.1941261292
2009.09.28,24.3897000081,25.1950189458,24.3091661394,25.1374969482
2009.09.29,25.2295398869,25.3906032766,24.6485574695,24.7175865173
2009.09.30,24.9016568867,24.9879398957,24.1998770032,24.5450134277
2009.10.01,24.4644800686,24.5335091043,23.4578296724,23.5038490295
2009.10.02,22.9688911216,23.9467807317,22.9401301142,23.2737617493
2009.10.05,23.4635820294,23.9985449604,23.3715455140,23.9007549286
2009.10.06,24.1941218653,24.4759827222,23.5671224439,23.9065074921
2009.10.07,23.8202231429,24.0445620109,23.5383600817,23.8317279816
2009.10.08,24.1941239491,24.5104993480,24.0158022324,24.2804069519
2009.10.09,24.1998752122,24.5277554496,23.9985460118,24.5162506104
2009.10.12,24.6600556889,24.7808553931,24.3609364781,24.4759826660
2009.10.13,24.3436833111,24.4299685112,23.9295178615,24.1078395844
2009.10.14,24.5795269500,25.0857289205,24.4127100673,24.9936923981
2009.10.15,24.7923624998,24.8786477048,24.6370526417,24.8038673401
2009.10.16,24.4012078247,24.5162540386,24.0618248950,24.1308517456
2009.10.19,24.2631555365,24.7348430659,24.1711189989,24.6888237000
2009.10.20,24.6543099357,24.6888222638,24.1366030704,24.2286396027
2009.10.21,24.0963346409,24.6543072921,23.9352712754,24.0388126373
2009.10.22,23.9870363423,24.6197870112,23.6476513341,24.5795211792
2009.10.23,24.6715606807,24.7175800339,24.1481026071,24.3091659546
2009.10.26,24.2689034355,24.8498857800,24.1078400661,24.1596107483
2009.10.27,24.1768583471,24.3149141822,23.7051710513,23.7914562225
2009.10.28,23.6418949892,23.9870334718,22.7560445977,22.7963104248
2009.10.29,23.1414562608,23.8777484831,23.0839342538,23.7799606323
2009.10.30,23.6303999446,23.7569487873,22.7733080748,23.3255271912
2009.11.02,23.4003122349,23.8777510891,22.6927809389,23.3600463867
2009.11.03,23.0494165740,23.7454428571,23.0091507357,23.6936721802
2009.11.04,24.0042975320,24.0733243735,23.2162346914,23.2680053711
2009.11.05,23.5556161508,23.7972111561,23.3025141136,23.7511940002
2009.11.06,23.3830585480,23.7627095810,23.1932319343,23.3830585480
2009.11.09,23.6994293547,24.5507678000,23.6131441484,24.4817409515
2009.11.10,24.3379296358,24.5277539856,24.0042959016,24.3609371185
2009.11.11,24.5392710857,24.9649415465,24.4759955394,24.8096294403
2009.11.12,24.7981136852,24.9764332071,24.4529750919,24.5162506104
2009.11.13,24.5220009758,24.9074031654,24.4932399787,24.8441276550
2009.11.16,25.0512090910,25.6436961357,24.9994384209,25.4078502655
2009.11.17,25.2813072924,25.5631681878,24.9994442027,25.0454635620
2009.11.18,25.0224485807,25.5401552911,24.9879340685,25.4596214294
2009.11.19,25.2237920494,25.2468017372,24.8211334844,24.9534358978
2009.11.20,24.7635955811,24.8958979213,24.6658077534,24.7635955811
2009.11.23,25.1835172512,25.4308658214,24.8441321567,25.0454635620
2009.11.24,25.0109482322,25.0512140731,24.6025363064,24.6773166656
2009.11.25,24.7866074539,24.9476708052,24.7118271004,24.7751026154
2009.11.27,24.0388156894,24.5162545240,23.9180181499,24.0733280182
2009.11.30,24.1481004514,25.0627141679,23.9755322810,24.9764289856
2009.12.01,25.1720100643,25.4481218055,24.9419198724,25.2985610962
2009.12.02,25.2410352290,25.8277687491,25.2007693967,25.6724567413
2009.12.03,25.8335274468,26.1383980338,25.3560886446,25.4538764954
2009.12.04,26.0521066048,26.3282160990,25.6436947818,26.1383895874
2009.12.07,26.0578669404,26.1268937892,25.4653819163,25.6839694977
2009.12.08,25.4481186170,25.9198059748,25.3963479463,25.5286502838
2009.12.09,25.5689171587,25.7357340148,25.4366148158,25.4941368103
2009.12.10,25.6321915908,25.7184745789,25.2755482179,25.4193553925
2009.12.11,25.4711360690,25.8220260640,25.4251188961,25.7875137329
2009.12.14,25.9313093567,26.3397211835,25.6436950232,26.2879505157
2009.12.15,26.1268936120,26.1901691374,25.9428205535,26.0463619232
2009.12.16,26.1786657329,26.3397313137,26.0578681930,26.2016754150
2009.12.17,25.9945890479,26.1959204473,25.8392770064,26.0348548889
2009.12.18,26.1153875564,26.2476899128,25.8047634878,26.2361850739
2009.12.21,26.3397305529,26.5755743025,26.2707015084,26.5525646210
2009.12.22,26.5985812473,26.8401762952,26.5640667286,26.8344249725
2009.12.23,26.8931418819,27.3699498416,26.8640686586,27.1373596191
2009.12.24,27.2943744568,27.4978915810,27.2187844735,27.4804458618
2009.12.28,27.5909239434,27.8758447774,27.4629990361,27.5792942047
2009.12.29,27.6490678013,27.7653629589,27.1838893890,27.1838893890
2009.12.30,27.1199244199,27.2420333258,26.9396690496,27.2304058075
2009.12.31,27.3001729212,27.4513550090,26.6954401338,26.7012538910
2010.01.04,27.0094605636,27.1315695388,26.4745034724,26.6373176575
2010.01.05,26.6372936888,26.7245133562,26.3349272951,26.7012538910
2010.01.06,26.7128934862,26.8815213442,26.5791548388,26.6896362305
2010.01.07,26.6721992281,27.0501580378,26.3814623647,26.9280490875
2010.01.08,26.8582628383,26.8815223130,26.5093795909,26.7477836609
2010.01.11,26.8931587570,27.0210836815,26.7070873496,26.8757152557
2010.01.12,26.6024148865,26.8291892158,26.2709751407,26.4221572876
2010.01.13,26.4454160847,26.9571134161,26.4105268741,26.9164104462
2010.01.14,26.8757160548,26.9280487784,26.6780149013,26.8233833313
2010.01.15,26.7477866660,26.8001193808,26.4919390704,26.5791587830
2010.01.19,26.5500851185,27.1780776861,26.5268256415,27.1082992554
2010.01.20,26.8815277421,26.8989712425,26.5617176643,26.8291950226
2010.01.21,26.8233722802,26.9919979038,26.0151244971,26.0674571991
2010.01.22,25.9976829626,26.2477167769,25.3929499133,25.4685420990
2010.01.25,25.7592789158,25.7709086534,25.1719915813,25.6546134949
2010.01.26,25.4336585999,25.8348746225,25.3696961430,25.4336585999
2010.01.27,25.5383158086,25.7011299017,25.0731374385,25.6662406921
2010.01.28,25.8232377781,25.8697567224,25.2126910531,25.4220218658
2010.01.29,25.6022860391,25.8348764040,25.1254777875,25.2534027100
2010.02.01,25.4510917220,25.7592719232,25.3987590258,25.7127552032
2010.02.02,25.7825326700,26.2593407180,25.5557583811,26.1372318268
2010.02.03,26.0383861575,26.0732753708,25.6546136841,25.8348712921
2010.02.04,25.5906451951,25.6371641352,24.8521758761,24.8696193695
2010.02.05,24.9510301698,25.4278383077,24.5788874493,25.3348026276
2010.02.08,25.4162112333,25.4918034245,24.7068149299,24.7591476440
2010.02.09,25.0556964287,25.1080291391,24.4916663513,24.6835536957
2010.02.10,24.7300830003,25.0208199355,24.2532746039,24.7010097504
2010.02.11,24.6602882752,24.9335814993,24.3986247860,24.9161357880
2010.02.12,24.6195942787,25.1603649473,24.5323723445,25.1429214478
2010.02.16,25.4278401255,25.8755750613,25.3813233912,25.8174285889
2010.02.17,25.8755798221,26.1663166740,25.8697660610,26.0616512299
2010.02.18,25.9686073754,26.4803046953,25.8813854599,26.4105262756
2010.02.19,26.2942240090,26.5617012015,26.1953723920,26.4047031403
2010.02.22,26.4628726506,26.6547600765,26.3523934230,26.5152053833
2010.02.23,26.3698245613,26.5791553938,26.2360859112,26.3058643341
2010.02.24,26.3116784580,26.5791557619,26.2826052238,26.5617122650
2010.02.25,26.2535402986,26.7070891068,26.1081718633,26.6954593658
2010.02.26,26.7187049812,26.9512930260,26.5210039231,26.6314830780
2010.03.01,26.7943002664,27.0152586020,26.7361515848,26.9047794342
2010.03.02,26.9861866492,27.0385193561,26.8524480025,26.9164104462
2010.03.03,26.9512986969,27.0327068588,26.8001165468,26.8582630157
2010.03.04,26.8640807599,26.9978194217,26.8059320690,26.9687461853
2010.03.05,27.0385159195,27.6839518157,27.0094426901,27.5851001740
2010.03.08,27.6490717005,28.0037709830,27.5967389831,27.9281787872
2010.03.09,27.8060613379,28.3584615816,27.7304691652,28.0212059021
2010.03.10,28.0793562190,28.2828710594,27.9107283694,28.1723918915
2010.03.11,27.9979584905,28.3177685699,27.9165503123,28.3119525909
2010.03.12,28.5154646216,28.6666467750,28.2712445669,28.5212783813
2010.03.15,28.4572990626,28.6317428061,28.1433052044,28.4398555756
2010.03.16,28.5445402949,29.2190496101,28.4631343425,29.1783466339
2010.03.17,29.2422985708,29.6318846942,29.1376331787,29.5330352783
2010.03.18,29.4865299899,29.6958608711,29.3934942892,29.4167537689
2010.03.19,29.1667079926,29.5795536073,29.1027455585,29.1667079926
2010.03.22,28.9631985991,29.5679294110,28.8759766785,29.4690799713
2010.03.23,29.4400070409,29.5039694876,29.1085672883,29.3876743317
2010.03.24,29.2597522946,29.6667842710,29.2306790573,29.4807128906
2010.03.25,29.6680034707,30.0379000535,29.5270919800,29.5270919800
2010.03.26,29.6151577225,29.8030411819,29.3039761628,29.4214038849
2010.03.29,29.6092879988,29.6503873665,29.3626895531,29.5505752563
2010.03.30,29.5681916154,29.6562607380,29.3979215095,29.4918632507
2010.03.31,29.3685614957,29.5564449549,29.1982914108,29.2276477814
2010.04.01,29.4272810680,29.4683804443,29.1454558138,29.3626956940
2010.04.05,29.5505813399,30.0026744772,29.4214105922,29.9733181000
2010.04.06,29.9087433958,30.6426642881,29.7854452235,30.5780811310
2010.04.07,30.4958723858,30.5722007664,29.7854376796,29.9204788208
2010.04.08,29.7795621492,30.0085450117,29.7325901571,29.9322166443
2010.04.09,30.0379002743,30.4312828550,29.9146021590,30.4077968597
2010.04.12,30.4723933242,30.5017497091,30.1670819945,30.2081813812
2010.04.13,30.1846878885,30.9831939005,30.1670745100,30.8951225281
2010.04.14,31.1710654914,31.1945514804,30.7483266491,30.9244670868
2010.04.15,30.7600785838,30.8716359439,30.1377153736,30.1553287506
2010.04.16,30.1024854200,30.3490816486,29.4390206185,29.5270919800
2010.04.19,29.3098536407,29.8617633961,29.2100415086,29.6386508942
2010.04.20,29.8324015407,30.1259697431,29.5153473445,30.1024837494
2010.04.21,30.0848719705,30.8364058920,30.0496429780,30.6661357880
2010.04.22,30.4723868151,31.2356638565,30.2903736844,31.1123657227
2010.04.23,31.2063106187,31.5585916764,30.9244830848,31.5174922943
2010.04.26,31.6172953241,31.9460925256,31.4822542163,31.7171096802
2010.04.27,31.4705025982,31.6877446267,30.6661265502,30.7130985260
2010.04.28,31.0184264987,31.0712666406,30.6602728277,30.8187999725
2010.04.29,31.2356615166,32.1339796239,31.1710761448,32.0928802490
2010.04.30,32.0400474642,32.2925164080,31.0360443098,31.0947570801
2010.05.03,31.3472243634,32.2338019302,31.3413539825,32.0576591492
2010.05.04,31.6231703325,31.6936260811,30.9890618758,31.3061161041
2010.05.05,30.7776894461,31.4294112176,30.4195381184,30.8657608032
2010.05.06,30.6426630919,30.8775186641,25.3408194897,29.6269168854
2010.05.07,29.7091058267,30.3314713193,28.6581332002,29.1278419495
2010.05.10,30.6778918802,31.0830153878,30.3960665394,31.0477886200
2010.05.11,30.6074230111,31.4352852956,30.5252242685,31.0830020905
2010.05.12,31.3354713661,31.7053679527,31.0830025162,31.5879402161
2010.05.13,31.6231634394,31.6760057992,31.0477700984,31.1710681915
2010.05.14,30.8775168103,30.8775168103,29.8324142800,30.2081813812
2010.05.17,30.2081753826,30.7189835445,29.3039845749,30.1612033844
2010.05.18,30.5780616498,30.6661307569,29.2687456412,29.3920459747
2010.05.19,29.1924397730,29.7854469019,28.4174194463,29.1454677582
2010.05.20,28.4056633496,28.7051019670,27.6952265111,27.7363281250
2010.05.21,27.3018508830,28.7051069463,27.1550667384,28.6346511841
2010.05.24,28.7227026536,28.8518733380,28.0063979921,28.0592403412
2010.05.25,27.2548781794,28.3645681648,26.9671825178,28.3528251648
2010.05.26,28.7520747034,29.1395846982,28.0416378466,28.2412643433
2010.05.27,28.9164742831,29.7854360842,28.6229060163,29.7736930847
2010.05.28,29.7502114372,29.9557105978,29.2276602041,29.3274745941
2010.06.01,28.9458179997,29.4801119220,28.7227055874,28.7579345703
2010.06.02,29.0045360801,29.4272727217,28.5054688474,29.3920459747
2010.06.03,29.5036011472,29.5799294986,29.0632488912,29.3157176971
2010.06.04,28.7109759945,28.9869286289,27.6012861185,27.7245864868
2010.06.07,27.8067879050,28.3293390862,27.5308330044,27.5836753845
2010.06.08,27.6658658682,28.1120907756,27.0082737433,28.0651187897
2010.06.09,28.3645531340,29.0280154860,28.0709850081,28.2060260773
2010.06.10,28.7990406492,29.5036047937,28.5583148091,29.3861770630
2010.06.11,29.0691191263,29.7795557979,29.0104063884,29.6914844513
2010.06.14,30.0848752667,30.3725708977,29.7502054009,30.0437736511
2010.06.15,30.1964398564,30.7542201545,30.0261696804,30.6955051422
2010.06.16,30.4606385944,30.7072348198,30.2903684923,30.4723815918
2010.06.17,30.5193519592,30.6543930720,30.1729413692,30.5193519592
2010.06.18,30.6074321153,30.6485314988,30.2786348073,30.4312915802
2010.06.21,30.8540098286,30.9362085461,30.0848627661,30.2140312195
2010.06.22,30.2668864512,30.3901845800,29.2687539426,29.3626956940
2010.06.23,29.2805013947,29.7384694623,28.8871209508,29.3803157806
2010.06.24,29.2725272885,29.3435908529,28.7099352779,28.7750778198
2010.06.25,28.9349801152,29.6160108251,28.7454757212,29.5094165802
2010.06.28,29.6396977685,29.6515420749,29.0474960059,29.1718578339
2010.06.29,28.6862439325,28.7691540520,28.0170577687,28.2361717224
2010.06.30,28.2539427248,28.6684843690,27.8749339962,27.9578418732
2010.07.01,27.9400643789,28.1295686607,27.2057335925,27.9045314789
2010.07.02,28.0289013386,28.0940416136,27.2412721677,27.3715572357
2010.07.06,27.8334682618,28.0703497464,26.5602342356,26.8385696411
2010.07.07,26.9155753756,28.1532773712,26.8681981418,28.1177444458
2010.07.08,28.4375288950,28.6744082445,27.9341560417,28.4197635651
2010.07.09,28.3605415786,28.8579911413,28.3131666131,28.7928485870
2010.07.12,28.7276998445,29.0001143090,28.4671319427,28.8994388580
2010.07.13,29.3199014597,29.6811448124,29.1718510534,29.5330944061
2010.07.14,29.3909606359,29.6219188560,28.9823401613,29.3613510132
2010.07.15,29.3672881796,29.4087421260,28.7336324165,29.2962245941
2010.07.16,29.1007916079,29.1481688289,28.1769583880,28.3960723877
2010.07.19,28.4493591067,28.8875869286,28.0052080051,28.7217712402
2010.07.20,28.2776268014,29.3139796161,28.1947189376,29.2133064270
2010.07.21,29.3199049790,29.4679554030,28.5145125700,28.6507186890
2010.07.22,28.9882624485,29.9061742764,28.9704948682,29.6811370850
2010.07.23,29.6515355972,30.0838425184,29.2014633499,30.0305442810
2010.07.26,30.0364810612,30.8774066740,29.8943516113,30.8063430786
2010.07.27,31.0669005329,31.1675759963,30.3740256307,30.8004093170
2010.07.28,30.6642053345,31.0846702863,30.5516878173,30.7530364990
2010.07.29,30.9839899258,31.0313671418,30.1608299997,30.4806194305
2010.07.30,30.1253116394,30.7885794296,30.0838576849,30.5872306824
2010.08.02,31.0550640552,31.6531891860,30.9603118500,31.5169830322
2010.08.03,31.4518240415,31.4991989898,31.0668921382,31.3511486053
2010.08.04,31.3866930777,31.4873662919,31.1438904480,31.4518356323
2010.08.05,31.2860190445,31.4399905031,30.9780738682,31.0609817505
2010.08.06,30.7174997604,31.0432102246,30.4746971679,30.9603023529
2010.08.09,31.1379666730,31.3866903043,30.9247736982,31.2682495117
2010.08.10,30.9958496444,31.3097159498,30.6819833389,31.0254592896
2010.08.11,30.4806130579,30.6464287611,30.0364619164,30.2792644501
2010.08.12,29.8824914869,30.2259694911,29.7877393235,29.9298686981
2010.08.13,29.8765675072,30.1489796676,29.8173459990,29.8647232056
2010.08.16,29.8114383476,30.1549142128,29.6160106716,29.8943462372
2010.08.17,30.1608197294,30.7352558530,30.0009250684,30.5457515717
2010.08.18,30.5753720342,30.7648763828,30.3325694464,30.5516834259
2010.08.19,30.4510179959,30.4806298957,29.7048446601,29.8588161469
2010.08.20,29.7226003527,29.8114315048,29.4679534594,29.7699775696
2010.08.23,29.8824984079,30.0009392043,29.6100861574,29.6278514862
2010.08.24,29.2310674573,29.6870628999,28.9882649239,29.4975585938
2010.08.25,29.3021310304,30.0246176100,29.2014578560,29.8824882507
2010.08.26,30.0660815386,30.2674302134,29.6693052122,29.7166824341
2010.08.27,29.9061921561,30.2319027080,29.2903017161,30.1904487610
2010.08.30,30.1016217715,30.3858783946,29.9121150970,29.9121150970
2010.08.31,29.8173609788,30.2733566550,29.7166877529,30.1904487610
2010.09.01,30.5812982619,31.2208772415,30.5398443198,31.1438903809
2010.09.02,31.1735083634,31.5762058453,31.0965214821,31.5347518921
2010.09.03,31.9492683411,32.0025665614,31.6472443397,31.9492683411
2010.09.07,31.7479276074,31.8130701437,31.4695921371,31.5051250458
2010.09.08,31.5939612952,31.7716236209,31.4518341455,31.5228977203
2010.09.09,31.8900602019,31.9611260315,31.1734966970,31.2860164642
2010.09.10,31.3748503041,31.5465893640,31.1735016068,31.4103832245
2010.09.13,31.6591005595,31.9374360657,31.6176466235,31.9019031525
2010.09.14,31.7716249498,32.0144275781,31.6294955351,31.8071556091
2010.09.15,31.6531878945,32.1506375163,31.5880453325,32.0558853149
2010.09.16,31.9907365027,32.0854886855,31.7716225035,31.8841400146
2010.09.17,31.9848200264,32.1032608449,31.7124077252,31.9788990021
2010.09.20,32.0854866469,32.8138944296,32.0262673835,32.6954536438
2010.09.21,32.7369132993,32.7369132993,32.1506348090,32.1802444458
2010.09.22,32.0677146792,32.2927496406,31.7656906251,31.8485984802
2010.09.23,31.6120603249,31.7016645851,31.0266520535,31.1341762543
2010.09.24,31.5284321876,32.0182636649,31.4866174722,31.9824237823
2010.09.27,32.1018830244,32.1257755106,31.5284200581,31.6658115387
2010.09.28,31.6956866849,31.8390507426,31.1998804787,31.7494487762
2010.09.29,31.7136060087,31.7195785615,31.4029808515,31.5164775848
2010.09.30,31.7673772649,32.0302129605,31.3731225822,31.5881710052
2010.10.01,31.7554128050,31.9047516542,31.3850530970,31.7434654236
2010.10.04,31.6897032357,32.0182482471,31.6538633704,32.0122756958
2010.10.05,32.2452465436,32.5678190297,32.0122782854,32.4304275513
2010.10.06,32.3527855124,32.4304423936,32.1437119231,32.3348655701
2010.10.07,32.4662745630,32.5976935185,32.2512284703,32.4065399170
2010.10.08,32.3706997609,32.5499082673,32.2273356902,32.4483566284
2010.10.11,32.4722481292,32.5678249262,32.3647239477,32.4005661011
2010.10.12,32.3288954341,32.7888596761,32.2392934309,32.6813354492
2010.10.13,32.8545635103,33.3025802854,32.7709340768,33.0039024353
2010.10.14,32.9142926714,33.1233684988,32.7052191228,32.9023475647
2010.10.15,33.0457047395,33.1890710563,32.8067616376,32.8844184875
2010.10.18,32.7948199439,33.3324385608,32.7171630859,32.7171630859
2010.10.19,32.8306665691,33.3264728613,32.7291172005,32.8784561157
2010.10.20,32.9083148946,33.7924007694,32.8903949586,33.5355377197
2010.10.21,33.6908565856,33.8521405915,33.2727072119,33.4698333740
2010.10.22,33.6012474856,33.6848768926,33.2786749629,33.4758033752
2010.10.25,33.6908619026,33.7446240059,33.5116533722,33.5415229797
2010.10.26,33.2607462256,33.4100850638,33.1412746993,33.3443756104
2010.10.27,33.1711549032,33.2547843205,32.7948225254,33.0098686218
2010.10.28,33.1173839754,33.2488028982,32.4841886826,32.8067588806
2010.10.29,32.7291200258,32.9501410013,32.6693830873,32.8306694031
2010.11.01,32.9381802191,33.3861968212,32.8784455837,33.0695991516
2010.11.02,33.2667386474,33.3921850783,33.1054523324,33.2547912598
2010.11.03,33.3443963341,33.3563437220,33.0039037537,33.2189521790
2010.11.04,33.5594296574,34.1448377301,33.5235875097,34.0791282654
2010.11.05,34.0910754710,34.6286962894,33.9656313729,34.4196205139
2010.11.08,34.3539297595,34.4315866486,33.9835698155,34.2523803711
2010.11.09,34.3778243165,34.4017190944,32.7649632720,33.0158538818
2010.11.10,33.0994738428,33.4220464150,33.0158444230,33.4100990295
2010.11.11,33.2189303296,33.4339786134,33.0456967367,33.1412734985
2010.11.12,32.9680609435,33.2368714698,32.6753579205,32.8306694031
2010.11.15,32.9142899085,33.0875235650,32.4722480774,32.4722480774
2010.11.16,32.3348572924,32.3468046771,31.2237755796,31.4507713318
2010.11.17,31.5523141660,31.8987814151,31.4388174527,31.7255477905
2010.11.18,32.1676037667,32.2572080339,31.8749007477,31.9465827942
2010.11.19,31.8510010384,32.1556536765,31.5941379430,32.0959167480
2010.11.22,31.9824186880,32.2631742645,31.9644964709,32.1616249084
2010.11.23,31.7793141927,31.9943625450,31.7494468724,31.9346256256
2010.11.24,32.1974564686,32.5678161728,32.1436943923,32.5498962402
2010.11.26,32.3169366527,32.5678271866,32.2810967756,32.4543304443
2010.11.29,32.2332966267,32.5080795620,31.9883810054,32.4363975525
2010.11.30,32.0959180978,32.5080926669,32.0899455441,32.3109664917
2010.12.01,32.6574270359,32.7291113431,32.2751198460,32.5558776855
2010.12.02,32.6634048437,33.0397395150,32.5618532054,32.9979248047
2010.12.03,32.8127469864,33.1233722068,32.7410649444,33.0457153320
2010.12.06,33.0039021218,33.1771358201,32.6992517203,33.0636367798
2010.12.07,33.4100817926,33.4459239306,33.1173766958,33.1711387634
2010.12.08,33.1831053870,33.2547874259,32.4603056086,32.6753540039
2010.12.09,32.7649521553,32.8784511721,32.3049903709,32.3229103088
2010.12.10,32.4125092566,32.8067638056,32.3886167679,32.6574249268
2010.12.13,32.8008006361,32.9083248419,32.6215943860,32.7410659790
2010.12.14,32.7291124741,33.0516850313,32.2691484083,32.4065399170
2010.12.15,32.3706849271,32.5976805935,32.0361673964,32.0481147766
2010.12.16,32.1377245664,32.2691435020,31.9346236108,32.1317520142
2010.12.17,32.1914910547,32.4125119758,32.0899417024,32.3826446533
2010.12.20,32.5737936992,32.8545515049,32.3766675751,32.7530021667
2010.12.21,32.8605329373,33.1412908189,32.8067708382,33.1114234924
2010.12.22,32.9918715107,33.5292570494,32.9918715107,33.3420791626
2010.12.23,33.3058406772,33.4386783426,33.1971557334,33.2394218445
2010.12.27,33.1609296943,33.5835931476,33.0824367969,33.5051002502
2010.12.28,33.6681177553,33.7224602199,33.4265974819,33.6379280090
2010.12.29,33.7285113250,33.8190805954,33.5654838743,33.7888908386
2010.12.30,33.7828545331,33.9639953811,33.7224727148,33.8311576843
2010.12.31,33.7768144752,33.9881473795,33.7285113250,33.7888908386
2011.01.03,33.9881464623,34.3745808670,33.9639937362,34.3142013550
2011.01.04,34.4168308517,34.4651362813,33.5473538489,33.7043418884
2011.01.05,33.5956677388,33.9156832508,33.5715150162,33.8432273865
2011.01.06,33.8975659312,33.9519083990,33.5835874846,33.6620826721
2011.01.07,33.7526608975,33.8734199134,33.3481108235,33.6500129700
2011.01.10,33.5232060519,33.7103861641,33.2997991655,33.6379280090
2011.01.11,33.7043587861,33.8371964808,33.3300007323,33.5775604248
2011.01.12,33.8009753341,33.8492807993,33.5775683160,33.7285194397
2011.01.13,33.7466314220,33.9277723021,33.6319094020,33.8251266479
2011.01.14,33.8069943835,34.0605910135,33.7345362292,34.0545539856
2011.01.18,34.0304045495,34.3806097823,33.9217196110,34.3745727539
2011.01.19,34.3745724736,34.3745724736,33.7828446481,33.9639854431
2011.01.20,33.8915290833,34.1994681999,33.7949205071,33.8915290833
2011.01.21,34.1209768732,34.1209768732,33.9156833378,34.0243682861
2011.01.24,34.0485026414,34.3564439301,33.9639704612,34.1934165955
2011.01.25,34.1028642740,34.5557174683,34.0122950171,34.5557174683
2011.01.26,34.6342150992,34.7610134497,34.4168451822,34.6523284912
2011.01.27,34.9300748108,35.2017871830,34.7489339971,35.1353683472
2011.01.28,35.1232924007,35.2802827969,34.4772220323,34.5859069824
2011.01.31,34.6644213040,35.1293511131,34.6281921995,34.9965133667
2011.02.01,35.2500983983,35.2500983983,34.7791294417,35.1595268250
2011.02.02,35.1172600383,35.3527433605,35.0749939191,35.1655654907
2011.02.03,35.0810188396,35.3104650526,34.9783732436,35.2561225891
2011.02.04,35.3044362364,35.3044362364,34.8153539508,34.9361152649
2011.02.07,34.9844107761,35.3587709984,34.9481840021,35.3285789490
2011.02.08,35.3285873723,35.5218068608,35.2863212570,35.4191589355
2011.02.09,35.4131271683,35.5157728054,35.3044421976,35.5036964417
2011.02.10,35.3648206223,35.6787991609,35.3346308654,35.6184196472
2011.02.11,35.5580234666,35.8901152646,35.4614149017,35.8418121338
2011.02.14,35.9082239757,35.9686034533,35.6123590075,35.8357658386
2011.02.15,35.6787939558,35.8418213831,35.5218058611,35.7150230408
2011.02.16,35.8418216383,36.0773049337,35.6727571807,35.8176689148
2011.02.17,35.7874830329,35.9927765979,35.7814436997,35.8659782410
2011.02.18,35.9444819057,36.0954330339,35.8599496425,36.0048637390
2011.02.22,35.7210686144,36.0712762760,35.6003072724,35.6788024902
2011.02.23,35.6365230516,35.8116268169,35.1655565273,35.3950004578
2011.02.24,35.3467000695,35.4795354334,34.8878075662,35.2017860413
2011.02.25,35.3829300634,35.8478596378,35.3044371650,35.8297462463
2011.02.28,36.1437171492,36.6086466258,36.0410692450,36.5784568787
2011.03.01,36.7052571531,36.7052571531,35.5882180230,35.5942573547
2011.03.02,35.5338774980,35.6787915245,35.1897092761,35.3104705811
2011.03.03,35.6727571807,35.8357823057,35.5519958667,35.8176689148
2011.03.04,35.8357877101,35.8659797706,35.3044415337,35.5097351074
2011.03.07,35.4795506085,35.7210733244,35.0387736098,35.2802963257
2011.03.08,35.2802773160,35.8840814770,35.2500875686,35.7210540771
2011.03.09,35.6606924115,35.9082521491,35.4433224363,35.7391853333
2011.03.10,35.4433060271,35.4734957756,35.0266796664,35.1836700439
2011.03.11,35.0266714772,35.6667045912,35.0266714772,35.5821723938
2011.03.14,35.3527402720,35.4735015891,35.1655624186,35.3406639099
2011.03.15,34.6281743492,35.3285872181,34.4711862507,35.0568771362
2011.03.16,35.0568845810,35.1474538597,34.3866613230,34.5979919434
2011.03.17,34.9904538505,35.1232892082,34.5617534213,34.8878059387
2011.03.18,35.1413972877,35.3527277906,35.0568650866,35.1957397461
2011.03.21,35.4191450260,35.7331234044,35.4191450260,35.5821723938
2011.03.22,35.5821882469,35.6244543644,35.2199065815,35.2621726990
2011.03.23,35.1957699863,35.2199227227,34.7489535778,34.9965133667
2011.03.24,35.1716031883,35.2621747616,34.7912058050,35.1595268250
2011.03.25,35.2953592070,35.5268048329,35.1552743691,35.3379936218
2011.03.28,35.4049912233,35.5268048329,35.2588144271,35.3379936218
2011.03.29,35.2953474765,35.5755170591,35.0212675268,35.4963378906
2011.03.30,35.6485898740,35.9531225121,35.5328683080,35.9104881287
2011.03.31,35.8069556028,36.1906651338,35.8069556028,36.1784858704
2011.04.01,36.2698377996,36.4830120466,36.0932083067,36.2637481689
2011.04.04,36.3002983150,36.4038406452,36.1663055017,36.2333030701
2011.04.05,36.2332991056,36.4160182480,36.1663015446,36.2942047119
2011.04.06,36.4160194693,36.4221091008,36.1602108027,36.2454795837
2011.04.07,36.1845770029,36.2942089659,35.7034147570,35.8678627014
2011.04.08,36.0140411002,36.1358546562,35.4841524801,35.5998764038
2011.04.11,35.6425031175,35.8617670063,35.4597839845,35.5633239746
2011.04.12,35.4658788302,35.6668715323,35.4110628499,35.4902420044
2011.04.13,35.6059611076,35.7216850153,35.3623363527,35.4476051331
2011.04.14,35.3197065217,36.0262223519,35.2892513905,35.9287719727
2011.04.15,35.9957578104,36.3551064254,35.9653050104,36.3246536255
2011.04.18,36.0323181700,36.0444997599,35.7582382054,35.9653205872
2011.04.19,36.0201260447,36.2698427565,35.9653100678,36.2454795837
2011.04.20,36.5804683688,36.6961899571,36.2942068903,36.6657371521
2011.04.21,36.7875466320,36.9398129635,36.4951932308,36.9276313782
2011.04.25,36.9824598026,37.2078133987,36.7875590185,37.1103630066
2011.04.26,37.1529868521,37.5671514816,37.0494468565,37.4575195312
2011.04.27,37.4575256174,37.6767895537,37.3174408410,37.6280632019
2011.04.28,37.6950579021,38.1701281790,37.6158787481,38.0483169556
2011.04.29,38.1214169821,38.1214169821,37.4331721858,37.8656082153
2011.05.02,37.9874078745,38.1335845910,37.5854248084,37.8595046997
2011.05.03,37.8412377030,38.0178649207,37.1773562582,37.6037025452
2011.05.04,37.5915224734,37.6219752830,37.2139001999,37.3966217041
2011.05.05,37.1347259469,37.6341594934,37.0859995894,37.3418083191
2011.05.06,37.6158822412,37.7011533583,36.9885455533,37.1408119202
2011.05.09,37.0859870042,37.3600668632,36.9519918902,37.2869796753
2011.05.10,37.4392416501,37.8838590036,37.3966072685,37.8046798706
2011.05.11,37.7803287051,37.7864206607,37.2930768152,37.3844375610
2011.05.12,37.2382645172,37.4818916480,36.9946397098,37.3783493042
2011.05.13,37.4027002158,37.4757874017,36.9580828228,37.0372619629
2011.05.16,36.8910902086,37.3478892476,36.8484558175,37.1225357056
2011.05.17,37.0129025300,37.1834400888,36.8423649712,37.0677185059
2011.05.18,37.1103537495,37.4879736342,36.9154530140,37.4818840027
2011.05.19,37.5306218646,37.7498858538,37.3052682417,37.5549850464
2011.05.20,37.4270618295,37.5549649804,37.1408004051,37.1712532043
2011.05.23,36.7814483643,36.9641674661,36.7205427715,36.7814483643
2011.05.24,36.8362782242,37.0189973949,36.7570990650,36.8910942078
2011.05.25,36.8180005077,37.2321651275,36.5865550264,37.0433540344
2011.05.26,37.0311808123,37.6037038519,36.8789144419,37.5245246887
2011.05.27,37.5915184021,37.6889687762,37.4027072858,37.5915184021
2011.05.31,37.8777792460,38.2493095398,37.7803288676,38.2493095398
2011.06.01,38.1640302589,38.1640302589,37.1164372363,37.1712532043
2011.06.02,37.2078007968,37.4757887033,36.9154497196,36.9580841064
2011.06.03,36.5926533094,37.2626243743,36.5439269583,37.0920867920
2011.06.06,36.9946368792,37.1651744636,36.5500170510,36.5621986389
2011.06.07,36.7936462471,37.3052613529,36.6961958614,37.0007286072
2011.06.08,36.8241004944,37.1773596085,36.7631948722,36.8241004944
2011.06.09,36.9093763095,36.9763739007,36.3185842274,36.4830322266
2011.06.10,36.3368462522,36.4038438264,35.5511512295,35.6181488037
2011.06.13,35.6790605134,35.9896829170,35.4841574027,35.6851501465
2011.06.14,36.0383972625,36.3307506882,35.9470388499,36.2454795837
2011.06.15,35.9957648152,36.1236703172,35.3927913602,35.6485977173
2011.06.16,35.6790652018,36.0566852364,35.3928036164,35.8983268738
2011.06.17,36.2576739674,36.3124899637,35.8922355414,36.2028579712
2011.06.20,36.1114927806,36.6840134940,36.0688583829,36.5865631104
2011.06.21,36.7936488074,36.9641864133,36.5865664329,36.9093704224
2011.06.22,36.8180147902,37.1651819851,36.7753803855,36.8301963806
2011.06.23,36.3185693307,36.3551117665,35.7947727311,36.1541213989
2011.06.24,36.2746046464,36.4282585110,35.9119814321,36.1148033142
2011.06.27,36.1393819441,36.4159593192,36.0840664690,36.3053283691
2011.06.28,36.3667891329,36.6126362108,36.1824049969,36.6064910889
2011.06.29,36.7232532526,37.0735836818,36.6003297602,37.0121231079
2011.06.30,37.0858873598,37.2702714812,36.9322335345,37.0613021851
2011.07.01,37.1043159680,37.8049768642,37.0981708481,37.7250785828
2011.07.05,37.7926931814,38.0446853430,37.5284084333,37.9586372375
2011.07.06,37.8172726147,38.2352111395,37.7742497382,38.1921882629
2011.07.07,38.4257366331,38.7207516021,38.3950063468,38.6715812683
2011.07.08,38.2905185422,38.5609506746,38.1061344894,38.5363655090
2011.07.11,38.0446696225,38.2106136101,37.7803849837,37.8111152649
2011.07.12,37.7312277238,38.4257435742,37.6513270893,37.9401969910
2011.07.13,38.0999993153,38.1184370220,37.5960126673,37.6205978394
2011.07.14,37.7373726826,37.7435178027,37.0920248732,37.2026557922
2011.07.15,37.3132842720,37.6205918394,37.1289002005,37.6082992554
2011.07.18,37.5714222924,37.5714222924,36.9998300531,37.2702598572
2011.07.19,37.4853787265,37.9524852051,37.4239158053,37.9156074524
2011.07.20,38.0385362819,38.2044826756,37.8357144748,38.1983375549
2011.07.21,38.3089619866,38.6469998375,38.3089619866,38.4441757202
2011.07.22,38.4933551588,38.6900318584,38.3397013408,38.6408615112
2011.07.25,38.2536495570,38.4564713457,38.1061408832,38.2044792175
2011.07.26,38.2659397973,38.3519878913,37.9279019196,38.2044792175
2011.07.27,38.0385376455,38.0569753528,37.1411999385,37.1780776978
2011.07.28,37.1842137158,37.4853761477,36.7908604251,37.1227531433
2011.07.29,36.8154443322,37.2026501455,36.2930201060,37.1411895752
2011.08.01,37.5529961968,37.5529961968,36.3975210499,36.6495132446
2011.08.02,36.3790654515,36.6494975850,35.5370434551,35.5739212036
2011.08.03,35.5616341996,35.6353873637,34.4676199446,35.3526649475
2011.08.04,34.9531560333,35.0699343893,33.3613030148,33.6440277100
2011.08.05,34.0496779018,34.1111384747,32.4270920481,32.9495162964
2011.08.08,31.8800961256,32.2980347325,30.1468811035,30.1468811035
2011.08.09,30.6508491782,32.9372177124,30.3312490991,32.9372177124
2011.08.10,32.1505263217,33.6563318905,31.9046792705,32.1628189087
2011.08.11,32.3472030674,34.3016798590,32.1628189511,33.6624794006
2011.08.12,34.1111471609,34.4184547930,33.4596541368,33.6133079529
2011.08.15,33.8775828836,34.8240906788,33.8038297298,34.8117980957
2011.08.16,34.4061543538,34.8978459839,34.1295770791,34.6827316284
2011.08.17,34.8671264691,35.1498489507,34.4491878682,34.7257652283
2011.08.18,33.6010068973,33.8898767489,32.8696157613,33.2322387695
2011.08.19,32.7159572195,33.4903734573,32.4946954373,32.5684509277
2011.08.22,33.2568248549,33.3428705974,32.1935409679,32.6299171448
2011.08.23,32.7221276523,33.4658117856,32.4639879437,33.4350814819
2011.08.24,33.4166327035,33.9083244672,33.0478644669,33.8099861145
2011.08.25,34.0127966431,34.3385418663,32.7958591368,33.0970191956
2011.08.26,32.9003477679,33.6747641590,32.2672949225,33.5887184143
2011.08.29,34.0619722428,34.6765874244,33.9697813722,34.6581497192
2011.08.30,34.5413771373,35.0146311559,34.0804157049,34.7933692932
2011.08.31,35.0637995582,35.3157917170,34.7073239322,35.1682853699
2011.09.01,35.0699449315,35.2666216123,34.4368896672,34.5782508850
2011.09.02,33.7854125736,34.3631502617,33.6747816032,33.7423896790
2011.09.06,32.6852339440,33.7976882122,32.6667962397,33.6686172485
2011.09.07,34.2094809437,34.8855567062,33.6932040969,34.7995109558
2011.09.08,34.5721048544,35.0453588378,34.4123059347,34.5475196838
2011.09.09,34.2033391016,34.4307460843,33.3121465332,33.5764312744
2011.09.12,33.0355627942,33.7177859545,32.9556621719,33.6809082031
2011.09.13,33.8038479134,33.9021862863,33.3736166529,33.7116546631
2011.09.14,33.9328985595,34.2586461516,33.3981840876,33.9021682739
2011.09.15,34.3324188410,34.5967036676,34.0988643174,34.5598258972
2011.09.16,34.6335600684,34.8794070470,34.1541610389,34.8425292969
2011.09.19,34.1664597609,34.4676222467,34.0373911289,34.1541671753
2011.09.20,34.1541702583,34.5598162414,34.0128090280,34.0558319092
2011.09.21,34.0435319681,34.1541628800,32.3779255142,32.4270935059
2011.09.22,31.4744317087,32.1873849723,31.1486865284,31.6096477509
2011.09.23,31.6028236653,31.9879983829,31.3294759298,31.8637485504
2011.09.26,32.0625412519,32.3358889355,31.6338795297,32.2675514221
2011.09.27,32.9385091964,33.1497332261,32.3918112895,32.6092491150
2011.09.28,32.6092501537,32.8266856163,31.7332921375,31.7954158783
2011.09.29,32.4166516667,32.4539273204,31.7767683503,32.2675514221
2011.09.30,31.7457047643,32.2613406521,31.3853829181,31.4164447784
2011.10.03,31.1741636044,31.6338848944,29.9316700447,29.9378814697
2011.10.04,29.5713563726,31.1120510244,29.0122354923,31.0685615540
2011.10.05,31.1555319533,31.1555319533,29.6210514027,30.8324832916
2011.10.06,30.7827815122,31.7208656001,30.4907970988,31.6835899353
2011.10.07,31.8637426743,31.9320801880,30.7206486923,30.7889862061
2011.10.10,31.4537201343,32.2737655640,31.3294703241,32.2737655640
2011.10.11,32.0190745595,32.1681725291,31.5407140311,31.6773891449
2011.10.12,31.9693743524,32.6216833162,31.6898126908,32.1930236816
2011.10.13,32.0252650167,32.2302775531,31.3667450703,31.9693527222
2011.10.14,32.3110524621,32.8266885624,32.2116530461,32.7086524963
2011.10.17,32.5719771153,32.5719771153,31.8451169663,31.9569416046
2011.10.18,31.9445086617,33.1559403707,31.8513230655,33.0130538940
2011.10.19,32.9571454942,33.2056451865,32.5036355702,32.6030349731
2011.10.20,32.6837866519,32.8515235319,32.0625400016,32.8018226624
2011.10.21,33.1869997526,33.7896098494,33.1186646018,33.7709732056
2011.10.24,33.8890257596,34.7028602400,33.6964406928,34.6655845642
2011.10.25,34.4543389814,34.4729779926,33.9884039893,34.1312904358
2011.10.26,34.4419063248,34.5537308884,33.8827858770,34.4481201172
2011.10.27,35.4545551587,36.1441394951,35.0010452730,35.9204902649
2011.10.28,35.4421293682,36.0820151819,35.4421293682,36.0323143005
2011.10.31,35.5042531024,36.0820127758,35.3675780575,35.5601654053
2011.11.01,34.6158713635,35.2246929239,34.3363098383,34.3611602783
2011.11.02,34.9140707647,35.3365187799,34.4978341748,35.0569572449
2011.11.03,35.4421341042,35.6098710465,34.5599646703,35.4545593262
2011.11.04,35.1749946704,35.2806078633,34.6717862574,35.1874198914
2011.11.07,35.1004466313,35.6222940743,34.7773979886,35.2743949890
2011.11.08,35.4048615792,35.7403331013,34.7090633507,35.6968460083
2011.11.09,34.8954390287,35.0942402272,34.0381199689,34.0940322876
2011.11.10,34.5413335502,34.6283101242,33.9076636719,34.1250991821
2011.11.11,34.5972365390,35.0755969022,34.3176773498,35.0072593689
2011.11.14,34.7214979133,34.8146859205,34.1499517538,34.3052635193
2011.11.15,34.1747851551,34.8395214061,34.0691743375,34.6034469604
2011.11.16,34.2182714347,34.8146677338,34.2058462155,34.2741813660
2011.11.17,34.2058586045,34.2679823528,33.4789984261,33.6591606140
2011.11.18,33.8206845257,33.9200839471,33.4976358137,33.9014472961
2011.11.21,33.2801836166,33.3671577705,32.8328852600,33.0068359375
2011.11.22,32.9757880715,33.1870097519,32.6838012570,32.9136619568
2011.11.23,32.5657543654,32.6527309034,31.9445075989,31.9445075989
2011.11.25,31.8264823606,32.6713786288,31.8264823606,32.0563430786
2011.11.28,33.1000300421,33.1870042183,32.5595459685,32.8391075134
2011.11.29,32.9820004060,32.9820004060,32.5595522938,32.7459259033
2011.11.30,33.5908164552,34.2990374737,33.4976284812,34.2555503845
2011.12.01,34.1623726060,34.2244963563,33.6715869211,33.9076614380
2011.12.02,34.1810036566,34.5164775409,33.9138673083,33.9635658264
2011.12.05,34.4481477465,34.6034595015,34.0008491335,34.2804107666
2011.12.06,34.1996380741,34.3922254477,33.9511407600,34.2555503845
2011.12.07,34.0132710138,34.6593684201,33.8765959244,34.5786056519
2011.12.08,34.3611638478,34.4729884695,33.6902161177,33.7523422241
2011.12.09,33.9449298606,34.5786019760,33.8703808970,34.4232902527
2011.12.12,34.1623710003,34.1623710003,33.5846111442,33.8082580566
2011.12.13,34.0070588085,34.3114684844,33.3236857472,33.5100593567
2011.12.14,33.3361161285,33.9697883948,33.2429281244,33.7026519775
2011.12.15,34.0567631727,34.2928377159,33.8517528781,34.1623764038
2011.12.16,34.3735711981,34.7587433782,34.2431076274,34.4481201172
2011.12.19,34.6407259992,34.6469397953,34.0194791011,34.1126670837
2011.12.20,34.5475322154,35.2060522550,34.5413184208,35.1439285278
2011.12.21,35.0880246425,35.3054624795,34.9140762688,35.1936378479
2011.12.22,35.3173082779,35.8383433191,35.2859211730,35.6751289368
2011.12.23,35.8634349834,35.8759902977,35.5809463995,35.8508796692
2011.12.27,35.8194996613,36.1961495846,35.6186193829,35.9324951172
2011.12.28,35.9889984311,36.0454937732,35.5181847566,35.5432929993
2011.12.29,35.6437217154,35.9199338484,35.5558369075,35.8383255005
2011.12.30,35.8132146803,36.0768714972,35.6437215254,35.6625556946
2012.01.03,36.2463639300,36.6041820072,35.6437208153,35.8822669983
2012.01.04,35.7692719458,35.8069378892,35.3361243726,35.4805068970
2012.01.05,35.3675186798,35.8069451972,35.1917490307,35.7378921509
2012.01.06,35.8446197822,35.9387834915,35.5119121598,35.6751289368
2012.01.09,35.7378817488,35.8069347751,35.4867802706,35.5746650696
2012.01.10,35.9450546146,36.1522137866,35.9136675144,35.9701652527
2012.01.11,35.8760016131,36.3405364136,35.8320591967,36.2903175354
2012.01.12,36.2777601824,36.3342579138,35.8571654272,36.0517692566
2012.01.13,35.8822660103,36.2212523040,35.7504388054,36.2149734497
2012.01.17,36.5476875896,36.6732359549,36.3028649246,36.4033050537
2012.01.18,36.4409743272,36.7611289353,36.3468130384,36.6355781555
2012.01.19,36.7360277968,36.9808505635,36.6355876260,36.8678550720
2012.01.20,36.8301854223,37.0687317021,36.6795263785,37.0436210632
2012.01.23,37.1126776009,37.3198367988,36.9431843647,37.1566200256
2012.01.24,36.9431710097,37.4014316648,36.9055074561,37.3637657166
2012.01.25,37.3198184518,37.8973485477,37.2068230166,37.8408508301
2012.01.26,38.0103408802,38.3053847586,37.9412878537,38.0605621338
2012.01.27,37.9538552759,38.2426203924,37.8157515737,38.1547355652
2012.01.30,37.8283132060,37.8973662703,37.6462670482,37.8220367432
2012.01.31,38.0040805760,38.0605783130,37.7404236717,38.0166358948
2012.02.01,38.2991180420,38.3681710903,38.1233483879,38.2991180420
2012.02.02,38.3367796374,38.4121091385,38.1986735565,38.3807220459
2012.02.03,38.7950413373,38.9457027475,38.5753292751,38.9331474304
2012.02.06,38.8452636003,38.9205931100,38.6067173591,38.7448234558
2012.02.07,38.6820490288,38.8075998151,38.5627770989,38.7134361267
2012.02.08,38.7134338294,38.8201528296,38.4183922530,38.7385444641
2012.02.09,38.6883436484,38.8076156269,38.2363615914,38.4560737610
2012.02.10,38.0731358315,38.3493456758,38.0229145536,38.1359100342
2012.02.13,38.4686058900,38.6255437436,38.3053915760,38.5690460205
2012.02.14,38.5376583335,38.5502136489,37.9601281909,38.1861190796
2012.02.15,38.2802837409,38.3116708350,37.8596914122,37.9977951050
2012.02.16,37.9538578363,38.3932843968,37.9538578363,38.3116760254
2012.02.17,38.4372172352,38.4999938109,38.1296203958,38.3744430542
2012.02.21,38.4434957385,38.4434957385,37.7592466354,37.8973503113
2012.02.22,37.7906286063,37.9915088300,37.5458059833,37.5897483826
2012.02.23,37.6274270598,38.3556187623,37.5583764008,38.0291900635
2012.02.24,38.1359100342,38.2300737329,37.8848084341,38.1359100342
2012.02.27,37.8596859415,38.1547274566,37.6023079759,38.0919532776
2012.02.28,38.1045086947,38.1735617286,37.7153035152,37.8031883240
2012.02.29,37.8596906404,38.0919580054,37.6525315134,37.7529716492
2012.03.01,37.8596923227,38.0103513357,37.7404180099,37.9538536072
2012.03.02,37.8094798023,38.1045238302,37.8094798023,37.9413070679
2012.03.05,37.8910869614,38.2677369636,37.7780914819,38.2489051819
2012.03.06,37.8785286875,38.0982407726,37.6713695262,37.7341461182
2012.03.07,37.8471314459,37.9412927165,37.5207004395,37.8973503113
2012.03.08,37.9726801929,38.0542861442,37.6901916066,37.8094635010
2012.03.09,37.7906357153,38.0982325680,37.7278591369,37.9852371216
2012.03.12,38.0103589034,38.3242347034,38.0103589034,38.2489051819
2012.03.13,38.4748891332,39.0147557941,38.3870043084,38.9331474304
2012.03.14,38.9770915423,39.1340294206,38.6318286890,38.8389854431
2012.03.15,38.9143096026,38.9456966931,38.6820398649,38.8138694763
2012.03.16,38.9143191437,39.0587017110,38.8201554545,39.0461463928
2012.03.19,39.0084709469,39.4290656229,38.8954755052,39.2784042358
2012.03.20,39.0775332658,39.3035242028,39.0210355316,39.1842498779
2012.03.21,39.2532971143,39.3035183794,39.0963592529,39.0963592529
2012.03.22,38.8640841822,38.8703606418,38.3744389182,38.6318168640
2012.03.23,38.5564951793,38.9582581425,38.4372232588,38.7887649536
2012.03.26,39.1009447401,39.2719127235,38.9489723941,39.1895942688
2012.03.27,39.1642635872,39.4175500153,39.1072742616,39.1705970764
2012.03.28,39.1642595394,39.1895886627,38.7463386670,39.0819435120
2012.03.29,38.8983140890,39.1579315847,38.6576922295,39.1199378967
2012.03.30,39.2592361139,39.5188535464,39.2275759227,39.4491996765
2012.04.02,39.4175413802,39.7468126984,39.3415564346,39.7024879456
2012.04.03,39.6391619226,39.7341449085,39.3668799395,39.5188522339
2012.04.04,39.2592456705,39.2782413067,38.9553034132,39.1199378967
2012.04.05,39.0122859676,39.1452602292,38.8349869522,38.9489631653
2012.04.09,38.4360654412,38.7336741863,38.3410824363,38.5753707886
2012.04.10,38.5183851537,38.6830196299,37.7648594100,37.8281822205
2012.04.11,38.1511163590,38.3094197464,37.9928129716,38.2777595520
2012.04.12,38.3664120955,38.8413222952,38.2081086956,38.8223266602
2012.04.13,38.7589914314,38.8539744071,38.5183720799,38.6196861267
2012.04.16,38.8349827831,39.2972283204,38.7336663102,39.0692710876
2012.04.17,39.3478873961,39.5695135754,38.9996204463,39.4048767090
2012.04.18,39.2592394246,39.4048782487,39.1705899156,39.1959190369
2012.04.19,39.2212465999,39.4048791100,38.9869582617,39.1769218445
2012.04.20,39.3732159177,39.7594765421,39.2719018536,39.5885086060
2012.04.23,39.3035747146,39.3162392786,38.9363120195,39.2212562561
2012.04.24,39.1769286310,39.7404884042,39.1769286310,39.7214927673
2012.04.25,39.9431149991,40.1900679163,39.9114523867,40.1584053040
2012.04.26,40.0444168616,40.3736857071,39.9874275584,40.3293609619
2012.04.27,40.4686721604,40.6016488229,40.1900591074,40.5256614685
2012.04.30,40.4560091465,40.5636542794,40.1900606424,40.4686737061
2012.05.01,40.4306937312,41.0765744098,40.4053670190,40.8232879639
2012.05.02,40.6206486113,40.8549345238,40.4180204765,40.7599563599
2012.05.03,40.8612668238,41.0195702006,40.6206474304,40.6206474304
2012.05.04,40.5256679211,40.5383300666,40.1963965794,40.3103752136
2012.05.07,40.2217257129,40.6523087124,40.1330762008,40.5383300781
2012.05.08,40.3103759195,40.5383307765,40.1077477695,40.5003395081
2012.05.09,40.1394102042,40.6396495340,40.0444296124,40.4053611755
2012.05.10,40.6649702686,40.6713037560,40.1837266733,40.3673591614
2012.05.11,40.1963965907,40.6586422007,40.1014160058,40.5383300781
2012.05.14,40.1520634585,40.3736871926,40.0000911726,40.0444183350
2012.05.15,40.0824061005,40.0824061005,39.7278081569,39.8481178284
2012.05.16,40.0000983571,40.0190964060,39.3542226689,39.3605537415
2012.05.17,39.3225694190,39.4112213652,38.2714347839,38.2714347839
2012.05.18,38.3980648133,38.5753638137,37.7711848245,37.8788299561
2012.05.21,37.9104884497,38.7526634949,37.9041573781,38.6576805115
2012.05.22,38.7210174851,38.9932995607,38.5817097026,38.7400131226
2012.05.23,38.5816985624,38.9426300625,38.1701088232,38.9046363831
2012.05.24,38.9932993635,39.2339188214,38.6133697082,39.0249595642
2012.05.25,39.0502702750,39.1705823702,38.7716572411,38.9109649658
2012.05.29,39.2085803501,39.4492021662,39.0249502634,39.4428710938
2012.05.30,39.1199430838,39.1769324155,38.5183919786,38.5247230530
2012.05.31,38.5690342136,39.0566088988,38.1891070796,38.7653312683
2012.06.01,38.1574477172,38.3220845940,37.7331957953,37.7838516235
2012.06.04,37.7965269923,37.8915100188,37.2836254126,37.5179138184
2012.06.05,37.3912641819,38.3474181111,37.3849331084,38.2587661743
2012.06.06,38.4930557554,39.0882756765,38.4107373101,39.0756111145
2012.06.07,39.4808628574,39.5505167326,38.7906600091,38.8856430054
2012.06.08,38.8413190604,39.3732185364,38.7590006230,39.3732185364
2012.06.11,39.7088202514,39.7658095662,38.5500407369,38.6006965637
2012.06.12,38.7336707016,39.0376153234,38.4297284952,38.9616279602
2012.06.13,38.8349930158,39.2402493518,38.6197002854,38.7780036926
2012.06.14,38.8793102743,39.4618655410,38.7716627221,39.3035621643
2012.06.15,39.4808717744,39.6011839189,39.2339188269,39.5505256653
2012.06.18,39.3225648555,40.0317658494,39.3225648555,39.8607978821
2012.06.19,40.0722332327,40.2894270078,39.7592201795,40.0466804504
2012.06.20,40.0850148932,40.1744472059,39.7719993621,39.9955825806
2012.06.21,40.0466921096,40.1233504785,39.3184546624,39.3695602417
2012.06.22,39.5611943244,39.6378502431,39.1523595094,39.4014930725
2012.06.25,38.9671094614,39.2801250194,38.9160038858,39.1843032837
2012.06.26,39.2992808335,39.5164746140,39.0629236842,39.3567733765
2012.06.27,39.4462137991,39.6378548363,39.2865125287,39.6059150696
2012.06.28,39.4142713417,39.9828074358,39.2162409026,39.9380912781
2012.06.29,40.5768874385,40.9026768645,40.4682893386,40.8451843262
2012.07.02,41.0623905264,41.3051395805,40.8196463460,41.2795867920
2012.07.03,41.4201148161,41.6437004702,41.2604135624,41.5095520020
2012.07.05,41.4712134245,41.5798090891,41.2029165330,41.3179016113
2012.07.06,41.0240493464,41.4456580244,40.9154536887,41.3753890991
2012.07.09,41.4073409317,41.4903838293,41.2029235216,41.4584465027
2012.07.10,41.5862174449,41.6373230304,40.7557711742,40.9665756226
2012.07.11,40.9665645121,41.1390445982,40.7429837280,41.0304489136
2012.07.12,40.7493871418,41.3818029694,40.6727287579,41.2093276978
2012.07.13,41.2604255327,41.7267554731,41.2348776135,41.6564865112
2012.07.16,41.5925927844,41.8864424914,41.5862033700,41.8161735535
2012.07.17,41.9247696012,42.2952776638,41.6373093061,42.1675186157
2012.07.18,42.0269822484,42.0972511895,41.6948009135,41.8417282104
2012.07.19,41.9503235318,41.9567129465,41.2093122600,41.4903831482
2012.07.20,41.2476499776,41.4520674388,41.1326648511,41.3498611450
2012.07.23,40.8771448634,41.1901604763,40.7877100906,41.1007232666
2012.07.24,41.1518265739,41.2348743625,40.6854991070,40.9346351624
2012.07.25,41.1007169588,41.1646013665,40.7110479027,40.9282417297
2012.07.26,41.3370610155,41.6053578813,41.0623747367,41.2604026794
2012.07.27,41.3945615558,41.9950348779,41.3945615558,41.7267379761
2012.07.30,41.7139691578,42.0078188779,41.6692530019,41.8417282104
2012.07.31,41.8672812707,41.9375502122,41.6628638608,41.7970123291
2012.08.01,41.9822725175,42.2250167042,41.6564805474,41.6756439209
2012.08.02,41.4903781938,41.7267377721,41.3370663754,41.7203483582
2012.08.03,42.0717013274,42.2186237608,41.9567162225,42.0269851685
2012.08.06,42.1355754967,42.2441711726,41.8864419467,41.9056053162
2012.08.07,41.9950457233,42.0014351389,41.4137356192,41.4712257385
2012.08.08,41.3115125286,41.3753920451,41.0687684163,41.2220802307
2012.08.09,41.1837710598,41.3626357318,41.0496225558,41.1007232666
2012.08.10,41.1007178314,41.2157029445,41.0112855072,41.1901550293
2012.08.13,41.1773757935,41.2731975323,40.9921217313,41.1773757935
2012.08.14,41.3242976067,41.3562349330,41.0943274135,41.1582069397
2012.08.15,41.1454419087,41.4009600688,41.1071102857,41.2732009888
2012.08.16,41.3179061419,41.5862030628,41.1262626992,41.5734291077
2012.08.17,41.5734274374,41.6436963720,41.4392789823,41.5542640686
2012.08.20,41.5798022572,41.6372972237,41.2603998559,41.5223121643
2012.08.21,41.5989704951,41.7011767292,41.4520432461,41.5223121643
2012.08.22,41.4456657317,41.5223240845,41.0943259137,41.4839973450
2012.08.23,41.4584368510,41.5414797292,41.2604040281,41.3753890991
2012.08.24,41.2987405053,41.6181429765,41.2220821577,41.5350952148
2012.08.27,41.6436979764,41.7203514544,41.4392805789,41.6245346069
2012.08.28,41.6181399045,41.8161678624,41.4456598535,41.7906150818
2012.08.29,41.8353430913,41.8928380825,41.6884206530,41.8034057617
2012.08.30,41.6437047709,41.7842426684,41.5606569912,41.7586898804
2012.08.31,41.8992213828,41.9375530003,41.5223287382,41.9247741699
2012.09.04,41.8481178486,42.1739048968,41.5734314975,42.1355781555
2012.09.05,42.1547358338,42.1930674436,41.8864389338,42.1100196838
2012.09.06,42.3080664716,42.4485995081,42.2505714748,42.4422149658
2012.09.07,42.4933147029,42.5955258621,42.3719450434,42.5188674927
2012.09.10,42.4805422454,42.4805422454,42.1675290882,42.2441825867
2012.09.11,42.2377840588,42.4294226151,42.1611257121,42.4102592468
2012.09.12,42.4805444713,42.5699768066,42.3144537599,42.5699768066
2012.09.13,42.6019102017,43.1512829328,42.5060884698,43.0873985291
2012.09.14,43.1512918994,43.6048429928,43.1512918994,43.3109931946
2012.09.17,43.3045953909,43.4579072399,43.0490723934,43.1065673828
2012.09.18,42.9915802670,43.0299070091,42.6146827668,42.7360572815
2012.09.19,42.7488394006,42.8127189408,42.5252585732,42.5380325317
2012.09.20,42.3208402235,42.3272296395,41.8800631204,42.0397644043
2012.09.21,42.1739076019,42.1802970171,42.0014323814,42.0269851685
2012.09.24,41.8225756226,42.1866943777,41.8097967898,41.9822769165
2012.09.25,42.0872344892,42.1065515891,41.3467145469,41.3660316467
2012.09.26,41.2952055755,41.5592190830,41.2436949386,41.3274040222
2012.09.27,41.4304129266,41.7395011830,41.3531445471,41.5527610779
2012.09.28,41.3917886033,41.6171629519,41.2050509101,41.4561805725
2012.10.01,41.5334457412,41.6042783673,40.8251243933,41.1599655151
2012.10.02,41.2372450383,41.5076942444,41.1728506156,41.5076942444
2012.10.03,41.5076910496,41.9133648276,41.4497397582,41.6300392151
2012.10.04,41.7523908268,41.8554219158,41.3789154111,41.4755058289
2012.10.05,41.6493668235,41.8167898955,41.4690673211,41.6558074951
2012.10.08,41.4433032104,41.5205765193,41.3402721317,41.4819374084
2012.10.09,41.5076891420,41.6751121640,41.2565570653,41.3016319275
2012.10.10,41.2823015500,41.4626009406,41.1792729759,41.3531341553
2012.10.11,41.4561702818,41.5913948574,41.3209457062,41.3595848083
2012.10.12,41.3402668556,41.5334476470,41.1148925409,41.1792869568
2012.10.15,41.1857313542,41.4690619140,40.8766454805,41.4561805725
2012.10.16,41.5785165934,41.7137411630,41.5398824057,41.6493492126
2012.10.17,41.5076917047,41.7588237968,41.3853435372,41.7137489319
2012.10.18,41.6557958645,42.1258615912,41.6364787679,42.1065444946
2012.10.19,42.1258633863,42.2160131162,41.6751147370,41.7137489319
2012.10.22,41.6751177752,41.7137519729,41.3080781589,41.5656509399
2012.10.23,41.2372368146,41.3273865320,40.8573183938,41.1470870972
2012.10.24,41.2436713723,41.3788959283,41.0118539875,41.1728363037
2012.10.25,41.3402622485,41.4948088295,40.6190645217,40.9925422668
2012.10.26,40.9732199541,41.0054159262,40.4773941237,40.7542839050
2012.10.31,40.9217180584,41.2308039148,40.7736145725,41.2114868164
2012.11.01,41.2243628404,41.4497420870,41.0505040437,41.2565612793
2012.11.02,41.4883762136,41.7974645228,41.4754997858,41.5334510803
2012.11.05,41.5141441457,41.5399019205,40.9668024849,41.2243728638
2012.11.06,41.3853495194,41.3982308614,41.0633872047,41.3145217896
2012.11.07,41.0247403358,41.3016301666,40.8701986597,41.1084518433
2012.11.08,41.0891336042,41.1342084632,40.6576996530,40.6898956299
2012.11.09,40.5160355939,40.8573198372,40.3679321306,40.5546722412
2012.11.12,40.6641567033,40.6899120213,40.3808260968,40.4902954102
2012.11.13,40.2777920734,40.5997568421,40.2262789878,40.3615036011
2012.11.14,40.4902859758,40.4902859758,39.4278013621,39.5759048462
2012.11.15,39.5372694411,39.8077186326,39.1766680627,39.4020423889
2012.11.16,39.4986339287,39.8914312999,39.3054555783,39.8527946472
2012.11.19,40.2520317107,40.4130140847,40.0459744685,40.2262763977
2012.11.20,40.2842272047,40.4774055481,40.0330926563,40.4774055481
2012.11.21,40.4258756950,40.6061775472,40.2262592087,40.4516334534
2012.11.23,40.6061909433,40.7929286121,40.4709638955,40.7800521851
2012.11.26,40.6448305164,41.0633856859,40.5224847922,40.8380088806
2012.11.27,40.5289235779,40.9474787534,40.2713532407,40.6190757751
2012.11.28,40.5031657940,40.6255115124,40.1812010498,40.5482406616
2012.11.29,40.7864828385,40.8444365750,40.4838352749,40.8122406006
2012.11.30,40.7993786172,41.0827067483,40.7993786172,40.9732398987
2012.12.03,41.1664088752,41.2887570397,40.9539109831,41.0891380310
2012.12.04,41.0505108749,41.3080836904,40.9603611264,41.0376319885
2012.12.05,41.1599588422,41.1921572717,40.7220891870,40.9281463623
2012.12.06,41.0118763804,41.2952045273,40.8895306376,41.2887687683
2012.12.07,41.3531544044,41.4626212433,41.2823217644,41.4561805725
2012.12.10,41.5012554422,41.6493613929,41.3853479326,41.4561805725
2012.12.11,41.6236017488,41.7008750561,41.4626193767,41.5076942444
2012.12.12,41.6171620146,41.7008759941,41.2951972630,41.4819374084
2012.12.13,41.5076851006,41.5076851006,41.0569340667,41.2050399780
2012.12.14,41.1985973471,41.2050380158,41.0440556868,41.1535224915
2012.12.17,41.3402658526,41.4304155763,41.1599664052,41.4110984802
2012.12.18,41.4432927967,42.0099488484,41.4046586083,41.8360900879
2012.12.19,41.9925412389,42.0512108355,41.7383179244,41.7774276733
2012.12.20,41.8230622970,42.2663193795,41.7317979275,42.2532844543
2012.12.21,41.7969893249,42.2402514004,41.7969893249,42.1229171753
2012.12.24,42.0903163879,42.2858750595,41.9273524860,42.1815757751
2012.12.26,42.2272037782,42.2272037782,41.8621662440,41.9729804993
2012.12.27,42.0120989556,42.1881027842,41.5949141814,42.0251388550
2012.12.28,41.9012851406,42.1424735488,41.7383212096,41.7709159851
2012.12.31,41.7513512343,42.1946132206,41.6405344943,42.1554985046
2013.01.02,42.7812771623,42.9507609947,42.5596486666,42.8399467468
2013.01.03,42.8203918764,43.0094305792,42.7421674215,42.8399467468
2013.01.04,42.9442362273,43.1137200407,42.7877923083,43.1006851196
2013.01.07,43.0485440899,43.1789132196,42.9507647560,43.1658782959
2013.01.08,43.0876738211,43.2050080816,42.9573046310,43.0811538696
2013.01.09,43.1723991218,43.3027682542,43.1072095824,43.2440986633
2013.01.10,43.4787577763,43.4787577763,43.1984597258,43.3483886719
2013.01.11,43.3484045626,43.4592188394,43.1919605853,43.3418846130
2013.01.14,43.4136015555,43.4657512206,43.2832323659,43.4070816040
2013.01.15,43.3418904840,43.6547834543,43.2636709714,43.6091537476
2013.01.16,43.5243923657,43.5765420027,43.4070581692,43.5635070801
2013.01.17,43.7134300629,43.7916545165,43.2375783131,43.6612854004
2013.01.18,43.9155240552,43.9546338091,43.6287059312,43.9220390320
2013.01.22,43.9415916541,44.1436653137,43.9024769334,44.1436653137
2013.01.23,44.1436799390,44.2349393621,44.0133057821,44.1501998901
2013.01.24,44.2023391724,44.3522681911,44.0784899551,44.2023391724
2013.01.25,44.3652908612,44.4174405032,44.1697371638,44.3848457336
2013.01.28,44.5217441675,44.5217441675,44.2479610069,44.4304847717
2013.01.29,44.3653182750,44.5282822769,44.3653182750,44.5152473450
2013.01.30,44.4109173424,44.5282515417,44.0328448988,44.1045494080
2013.01.31,44.0980310269,44.1045509753,43.7851381600,43.8503227234
2013.02.01,44.0849957193,44.2284047577,43.9350717051,44.1436653137
2013.02.04,43.9872179312,44.1892915751,43.8829186484,44.0524024963
2013.02.05,44.1632239574,44.2218885836,43.9415954051,43.9937400818
2013.02.06,43.8829141192,44.1306174304,43.7981746906,44.0719528198
2013.02.07,44.2023355951,44.2218904714,43.7721133981,43.8633728027
2013.02.08,43.9480996429,44.3131421298,43.9480996429,44.3001022339
2013.02.11,44.2349231944,44.3652923303,44.2349231944,44.3457374573
2013.02.12,44.4044135917,44.6064872742,44.3066342387,44.6064872742
2013.02.13,44.6847048445,44.7433694632,44.4630713471,44.5869255066
2013.02.14,44.5803992047,44.5803992047,44.3718056345,44.4109153748
2013.02.15,44.4565461531,44.4891409197,44.2935822670,44.4630661011
2013.02.19,44.6064910118,44.7759749063,44.5087116506,44.7694549561
2013.02.20,44.7498914635,44.8998154783,44.3913688660,44.3913688660
2013.02.21,44.3001064677,44.3783309309,43.9350689191,44.0458831787
2013.02.22,44.2218944068,44.4239730835,44.1893046012,44.4239730835
2013.02.25,44.5347732058,44.6260325895,43.6678040873,43.6743240356
2013.02.26,43.8894543226,44.1110829182,43.6743407047,44.0589332581
2013.02.27,44.0589242502,44.5999656733,43.9676648504,44.3978919983
2013.02.28,44.3913752307,44.6130087700,44.3066357742,44.4044151306
2013.03.01,44.2284001447,44.5412930116,44.0589163013,44.4891433716
2013.03.04,44.4044145939,44.9193812229,44.4044145939,44.8216018677
2013.03.05,45.0562656553,45.2518193722,44.8281121925,45.1670799255
2013.03.06,45.2583400071,45.3365644789,44.8607076449,44.9975967407
2013.03.07,45.0693013162,45.1279709135,44.7759682495,44.8346328735
2013.03.08,45.0236587587,45.0627684969,44.6129915880,44.8606948853
2013.03.11,44.9584817130,45.0367012024,44.7433681705,45.0367012024
2013.03.12,45.0301939167,45.0367088931,44.7694506365,44.8737449646
2013.03.13,44.8607125877,44.9780468218,44.6912286999,44.8867874146
2013.03.14,44.9454440790,45.1866324545,44.8867794590,45.1279678345
2013.03.15,45.0692975073,45.1670768457,44.8867787280,45.1475219727
2013.03.18,44.7498844302,45.0366974899,44.7498844302,45.0236625671
2013.03.19,45.0236658146,45.0692955074,44.4761095012,44.7042579651
2013.03.20,44.9650077820,44.9715227581,44.7433742608,44.9650077820
2013.03.21,44.7759651740,45.1214478649,44.7759651740,44.8150749207
2013.03.22,44.9715253280,45.1475291598,44.8802659239,45.0888595581
2013.03.25,45.3150007906,45.3610190150,44.9731518397,45.0586128235
2013.03.26,45.1177684412,45.4333255034,45.1177684412,45.3938827515
2013.03.27,45.2426887240,45.4990767081,45.1506522689,45.4662094116
2013.03.28,45.5319483757,45.7225967486,45.3807427642,45.6765785217
2013.04.01,45.6962861682,45.8211898804,45.4661951030,45.8211898804
2013.04.02,45.9921192836,46.0973066422,45.8343432612,45.9395256042
2013.04.03,46.0907393253,46.0907393253,45.5450910910,45.6962966919
2013.04.04,45.7488771711,46.4194340417,45.6765671317,46.3668403625
2013.04.05,45.9461270662,46.4917755127,45.8540905831,46.4917755127
2013.04.08,46.4983226439,46.9716506903,46.3273957014,46.9256324768
2013.04.09,46.9913879446,47.1031457724,46.6824062902,46.9453697205
2013.04.10,47.0505505321,47.2937925749,46.9650895517,47.2214775085
2013.04.11,47.2675185125,47.6816827157,47.2280707201,47.4515914917
2013.04.12,47.3858236782,47.7276725769,47.3200840841,47.7276725769
2013.04.15,47.3989734205,47.4975853274,46.5377731323,46.5377731323
2013.04.16,46.8073004836,47.3003549340,46.5443421225,47.2740631104
2013.04.17,47.0899965507,47.1097229466,46.3931476984,46.7021293640
2013.04.18,46.7284262096,46.7941658156,46.4325904589,46.7021293640
2013.04.19,46.9650977390,47.3200976677,46.6955588055,47.2412071228
2013.04.22,47.3135136362,47.4252714595,46.9913860800,47.3069381714
2013.04.23,47.4778826356,47.6619555927,47.2346405049,47.5830650330
2013.04.24,47.7145315510,47.7408283945,47.4712895108,47.7342529297
2013.04.25,47.6553694082,47.8525932553,47.3266663401,47.6750907898
2013.04.26,47.6027829301,47.7934263047,47.4252804564,47.4581527710
2013.04.29,47.6159203953,47.8394360447,47.4647147969,47.8262901306
2013.04.30,47.8262911551,48.3127702381,47.7079578629,48.2930488586
2013.05.01,48.2799049702,48.3193477307,47.8328686273,47.9643478394
2013.05.02,47.9511920198,48.3259132139,47.9446165558,48.1484107971
2013.05.03,48.3850773590,48.4968351678,48.0892466850,48.1878585815
2013.05.06,48.2207448783,48.4311146665,48.1878775769,48.3785209656
2013.05.07,48.5691612089,48.6809240586,48.3127732294,48.6611976624
2013.05.08,48.5822955580,48.8518293608,48.5099805099,48.7795143127
2013.05.09,48.7795251615,48.8123974690,48.3850825487,48.5297126770
2013.05.10,48.6480607864,48.6480607864,48.4179696101,48.5428733826
2013.05.13,48.5428697032,48.6677784818,48.4179659402,48.6151847839
2013.05.14,48.6677686889,48.9701748676,48.6677686889,48.8715629578
2013.05.15,48.8715751926,49.3120411647,48.6283381052,49.3054656982
2013.05.16,49.2660078426,49.4172084157,48.9570262164,49.1476745605
2013.05.17,49.2397160159,49.4632316739,49.1016613420,49.4566612244
2013.05.20,49.4566557287,49.5355412389,49.2594319219,49.4303588867
2013.05.21,49.5684173503,49.7590657074,49.5223991273,49.6604537964
2013.05.22,49.7262052306,50.1009265689,48.2075984933,48.4311141968
2013.05.23,48.0432236672,48.0432236672,47.3529454761,47.7539634705
2013.05.24,47.5962049893,47.6356477522,47.0768535428,47.5699081421
2013.05.28,48.0300805590,48.1352679261,46.8073050028,47.0965652466
2013.05.29,46.7481492027,46.7744460492,45.5253734285,46.1564826965
2013.05.30,46.1564756881,46.4786032310,45.6634211771,45.7160148621
2013.05.31,45.5253646815,46.0447160140,45.1374975560,45.1572189331
2013.06.03,45.1703662146,45.5845301940,44.7430513062,45.2689781189
2013.06.04,45.2755518787,45.4333279103,44.7364791730,44.7430496216
2013.06.05,44.7759367397,44.9074159736,44.1842701558,44.2631607056
2013.06.06,44.2302836441,45.1309318483,44.0593566459,45.0914840698
2013.06.07,45.2098144879,45.2492622638,44.4669474137,45.0651893616
2013.06.10,45.1177822319,45.2229696233,44.5589880079,44.6707458496
2013.06.11,44.2631623282,44.4801075862,43.9607560666,43.9870529175
2013.06.12,44.3157481279,44.3288940431,43.2375974969,43.3427848816
2013.06.13,43.2836162701,44.7825064277,43.2507489737,44.6641731262
2013.06.14,44.6378776254,45.3478774558,44.5326902361,44.7759323120
2013.06.17,44.9862885806,45.2558224073,44.5326768779,44.8350830078
2013.06.18,44.8679592838,45.2821232561,44.6181468106,44.9074020386
2013.06.19,45.0126013822,45.1440806103,43.4742683322,43.5597343445
2013.06.20,43.0535270176,43.2375999356,41.6664021586,41.8570480347
2013.06.21,42.2186260547,42.7905662264,41.6203865260,42.3501052856
2013.06.24,41.7387149289,43.0140818765,41.2259364590,42.0805664062
2013.06.25,42.5210105225,43.0798044911,42.1791616878,42.8562889099
2013.06.26,43.3048810209,43.6433004312,43.1920694882,43.4973182678
2013.06.27,43.8025708763,44.3533340738,43.6963964857,44.2737083435
2013.06.28,44.0945223138,44.3864967060,43.7428286483,44.0812530518
2013.07.01,44.1741529157,44.4860337312,43.7627349157,43.8490028381
2013.07.02,43.7826444873,44.5258446320,43.7428265776,44.3599510193
2013.07.03,44.2936032207,44.4594968657,43.5769414592,44.1675224304
2013.07.05,44.0679861987,44.0945247243,42.8801872032,43.7030181885
2013.07.08,43.8091878139,44.5258495143,43.8091878139,43.8755493164
2013.07.09,44.1741554095,44.6187491210,43.9286310155,44.4329490662
2013.07.10,44.3334118760,44.6121170209,44.1542489840,44.4329490662
2013.07.11,45.0832540219,45.6937413586,45.0301668458,45.6605606079
2013.07.12,45.7202961114,45.7468397059,45.2027086750,45.3619651794
2013.07.15,45.2823229001,45.6074780534,45.2425100498,45.5278472900
2013.07.16,45.4084030456,45.6804659568,45.3354094459,45.4548530579
2013.07.17,45.6406574795,45.7335575130,45.3619573790,45.6937446594
2013.07.18,45.6605584071,46.0255263967,45.6340148204,45.9790763855
2013.07.19,45.9392810553,46.0653568121,45.7534758771,45.9326438904
2013.07.22,45.9525393015,46.1051636813,45.8131892483,46.0653457642
2013.07.23,46.1847983835,46.1847983835,45.8331046005,46.0454483032
2013.07.24,46.0985281188,46.1383409746,44.8111917790,45.1496162415
2013.07.25,45.0766321116,45.1761693347,44.8112012041,45.0965385437
2013.07.26,44.9770780500,45.2425088581,44.8111844277,45.2159652710
2013.07.29,45.1429727375,45.2624163509,44.7846418975,44.8576354980
2013.07.30,44.9571707131,45.3221386997,44.6851027481,44.8045463562
2013.07.31,44.6784840545,44.9107341780,43.7959285222,44.1874351501
2013.08.01,44.3665855644,44.4263048313,43.9153547620,43.9418983459
2013.08.02,44.1675237471,44.3400545606,43.7428364082,43.7494735718
2013.08.05,43.7295604413,43.9219976533,43.5968425041,43.7229232788
2013.08.06,43.6565677346,43.8888178011,43.4641305186,43.5703048706
2013.08.07,43.5702964587,43.5702964587,43.1854221012,43.3911285400
2013.08.08,43.4973193078,43.5968514528,43.2119820125,43.4309577942
2013.08.09,43.3247892945,44.0679947215,43.2650649437,43.8423767090
2013.08.12,43.7494701383,43.7561073013,43.3513264222,43.4840393066
2013.08.13,43.5304821325,43.5636628795,42.7607384168,42.8868141174
2013.08.14,42.8005710334,43.0328211815,42.7143081392,42.7939338684
2013.08.15,42.3559662282,42.3692354921,41.8184699126,41.9843635559
2013.08.16,41.8118284578,41.9644528216,41.0022692828,41.0155410767
2013.08.19,40.9160068574,41.0619940692,40.4249605742,40.4581413269
2013.08.20,40.6638570397,41.6127690686,40.6373159753,41.4070625305
2013.08.21,41.1217288587,41.9445601470,40.8629351062,41.3208007812
2013.08.22,41.4535086880,41.5729523260,41.1018124065,41.5530433655
2013.08.23,41.6260333498,42.0440860464,41.4269614808,42.0374488831
2013.08.26,42.1104429963,42.1237147919,41.8118339236,41.8781929016
2013.08.27,41.5862196894,41.9710941791,41.4933196488,41.7521133423
2013.08.28,41.6592152069,41.7587524157,41.4402368914,41.5530433655
2013.08.29,41.4269627815,41.6525782484,41.2146191105,41.6194000244
2013.08.30,41.6392946414,41.8781818364,41.2146074198,41.3008728027
2013.09.03,41.6127748807,41.7123121127,40.6439562854,40.9558372498
2013.09.04,40.9491860427,41.4601387645,40.8231077859,41.2477951050
2013.09.05,41.2013504539,41.2942505007,40.8629284935,40.8961067200
2013.09.06,41.4468632122,41.9445440938,41.4004131991,41.6459350586
2013.09.09,41.8450174563,42.4687767029,41.6525802044,42.4687767029
2013.09.10,42.5484016931,42.6213952981,42.1502554469,42.4156837463
2013.09.11,42.3626091550,42.7076683044,42.3626091550,42.7076683044
2013.09.12,42.8403709974,42.9598146180,42.3758708411,42.4355926514
2013.09.13,42.5284919739,42.6479355996,42.3758726571,42.5284919739
2013.09.16,43.2716947513,43.5503948405,42.8403702917,42.9465446472
2013.09.17,43.0328118558,43.2716991171,42.8536489411,42.9133682251
2013.09.18,42.9001132648,44.4396066497,42.4555168177,44.4130630493
2013.09.19,44.4395872326,44.7912809247,44.2073371589,44.2405128479
2013.09.20,44.3068737978,44.3201481249,43.3911426727,43.4774055481
2013.09.23,43.4707756101,43.6764821262,43.1456203949,43.1987075806
2013.09.24,43.1745931242,43.2750624841,42.8798843645,42.9133758545
2013.09.25,42.9736630681,43.3286504071,42.7794210972,43.0607337952
2013.09.26,43.1210178724,43.3420494887,43.0004556371,43.3219566345
2013.09.27,43.2080788614,43.3889195971,42.9066708218,43.1611938477
2013.09.30,42.9133777958,43.2147807791,42.5784833210,42.7258377075
2013.10.01,42.7191386348,43.6970298936,42.6320679105,43.3755340576
2013.10.02,43.1277125531,43.4224213432,42.9535659853,43.4023284912
2013.10.03,43.2214819636,43.3018584806,42.4646222576,42.7325363159
2013.10.04,42.7660236710,42.8999845278,42.3574545554,42.5784835815
2013.10.07,42.3507570892,42.9133799371,42.3239649166,42.7660255432
2013.10.08,42.6521517463,42.8396917960,42.2167879965,42.2770690918
2013.10.09,42.3172676635,42.6052771273,42.1900086780,42.2636833191
2013.10.10,42.5382857160,43.3085464158,42.5382857160,43.2750549316
2013.10.11,43.2616533701,43.7238092478,43.1143041360,43.6903228760
2013.10.14,43.4760034830,43.7573136174,43.2884582833,43.6769371033
2013.10.15,43.6032556379,43.8309865173,43.4157155666,43.5362777710
2013.10.16,43.7305141626,44.3735108386,43.6836291481,44.3266258240
2013.10.17,44.1591742736,45.1571581205,44.1189885822,45.0098037720
2013.10.18,45.1973606738,45.2844313978,44.7419039826,44.9227447510
2013.10.21,44.8758564201,44.9294407587,44.5141697999,44.6883163452
2013.10.22,44.9160442056,45.3581073542,44.7485969724,45.1638679504
2013.10.23,45.0968815120,45.2844215600,44.8892435074,45.2576293945
2013.10.24,45.3648041469,45.3648041469,45.0031175301,45.2241439819
2013.10.25,45.3715014055,45.7130951960,45.2107534905,45.6662101746
2013.10.28,45.6595045396,45.6595045396,44.9964150109,45.3514022827
2013.10.29,45.1772603090,45.2040524788,44.7887866216,44.9696273804
2013.10.30,44.6883225558,44.9026548297,44.4404987880,44.6414375305
2013.10.31,44.6883131291,44.7820831598,44.1122943062,44.3199272156
2013.11.01,44.3869060175,44.7151062419,44.1122952389,44.6012382507
2013.11.04,44.7753886172,44.8624644479,44.3065384137,44.6615257263
2013.11.05,44.3467254006,44.3869111020,43.8979680342,43.9850387573
2013.11.06,44.2127690691,44.3333312819,43.9046667719,43.9783439636
2013.11.07,44.0654280599,44.0989144507,43.3487538857,43.4425239563
2013.11.08,43.0205335966,43.1343964575,42.2904612029,42.8597831726
2013.11.11,42.9401670169,43.1143135627,42.7727197910,42.8263015747
2013.11.12,42.7995211257,42.7995211257,42.3708539894,42.6789588928
2013.11.13,42.5115116494,42.9870612598,42.4713233868,42.9803619385
2013.11.14,43.2951644589,43.6032668135,43.0674386312,43.3219566345
2013.11.15,43.4157255777,43.5362878099,43.2348847844,43.4291191101
2013.11.18,43.5764734968,43.5764734968,43.1076232108,43.1277160645
2013.11.19,43.1411162549,43.1478104663,42.6923562514,42.7995223999
2013.11.20,42.8463985877,43.2683637731,42.2569836150,42.4244308472
2013.11.21,42.4713249180,42.7459383351,42.2904815621,42.6521682739
2013.11.22,42.7660242240,42.7660242240,42.3172668456,42.5249023438
2013.11.25,42.5315990822,42.6454619793,42.3172668188,42.3440589905
2013.11.26,42.4646237476,42.4646237476,42.2101032115,42.2234992981
2013.11.27,42.4110342530,42.7191365433,42.2100980878,42.6588554382
2013.11.29,42.6588589167,42.7660250506,42.2301943813,42.2636833191
2013.12.02,42.1900065147,42.3976394512,41.9019970657,42.0426521301
2013.12.03,41.9488844766,42.1297278076,41.8417183421,41.9957695007
2013.12.04,41.5269232700,42.3507635380,41.4867350051,42.0895462036
2013.12.05,41.9823662566,42.2368867407,41.7546379403,42.1364173889
2013.12.06,42.5114960652,42.5583810769,42.2435795225,42.4646110535
2013.12.09,42.5316108131,42.7861314043,42.3306745801,42.7392463684
2013.12.10,42.7727353147,42.9468819237,42.7057548670,42.7392463684
2013.12.11,42.7392356535,42.7392356535,41.7546450372,41.8149261475
2013.12.12,41.7881318118,41.8618090044,41.4599366600,41.5336112976
2013.12.13,41.7211528393,42.1833062787,41.6005906281,41.7010574341
2013.12.16,41.9622761244,41.9622761244,41.6139855855,41.7479438782
2013.12.17,41.7479384554,42.0828328660,41.6206769441,41.9689674377
2013.12.18,41.9957597354,42.8062035984,41.5403031311,42.7057342529
2013.12.19,42.5650948422,42.6655642246,41.9756797458,42.1833152771
2013.12.20,42.2971652782,42.5248935807,42.1297180721,42.5114974976
2013.12.23,42.7812521595,42.8353384201,42.5311096514,42.5716743469
2013.12.24,42.6257582328,42.7271686825,42.5175882900,42.6460418701
2013.12.26,42.8150585151,42.9570310847,42.5311107971,42.6933670044
2013.12.27,42.7339264029,42.7474479675,42.4026570950,42.7474479675
2013.12.30,42.7339258138,42.8826604441,42.6663205704,42.7812500000
2013.12.31,42.7880144365,42.9435085682,42.5851961161,42.6460418701
2014.01.02,42.6798444401,42.7406901940,42.3215294095,42.5784339905
2014.01.03,42.5581439944,42.9908236743,42.5378603614,42.8285675049
2014.01.06,42.9164751094,43.1801392433,42.7745025110,43.0043640137
2014.01.07,43.1936497314,43.3423843653,42.8758994059,43.1530876160
2014.01.08,43.0246301750,43.2206889786,42.7744876960,43.0854759216
2014.01.09,43.2139328677,43.2139328677,42.7271694062,43.0652008057
2014.01.10,43.4708426376,43.7412636470,43.2815407099,43.5790100098
2014.01.13,43.6128095224,43.6128095224,43.1666056308,43.2950592041
2014.01.14,43.3018228381,43.6871784139,43.2680176362,43.5654869080
2014.01.15,43.5587137170,43.9102640011,43.5519516467,43.7682914734
2014.01.16,43.7277326618,43.9170293797,43.7277326618,43.8697052002
2014.01.17,43.9305583082,43.9508393648,43.6128080010,43.7277374268
2014.01.21,43.8764756116,44.1874638725,43.7750651626,44.0319671631
2014.01.22,44.1063329041,44.3632400533,44.0387276599,44.1469001770
2014.01.23,44.0319690507,44.2077468259,43.6195703231,44.1266174316
2014.01.24,43.9846356560,43.9846356560,43.4235075600,43.4775886536
2014.01.27,43.5316785293,43.7615425383,43.0449125411,43.2139282227
2014.01.28,43.3018195564,43.7277372159,43.2815333420,43.6533699036
2014.01.29,43.3897183366,43.6466203889,43.2139405334,43.4505615234
2014.01.30,43.5992799695,44.1266080247,43.5992799695,43.9778785706
2014.01.31,43.6601297508,44.3497114250,43.4370278252,44.1130905151
2014.02.03,44.1401450607,44.1807071821,43.3085854675,43.4708442688
2014.02.04,43.5587268872,43.9981687436,43.3559059818,43.9238014221
2014.02.05,43.7412550144,43.9711190166,43.6601307908,43.9102706909
2014.02.06,43.9981774337,44.2686036416,43.9846532864,44.2347984314
2014.02.07,44.4376010905,44.5930926145,44.2077371031,44.5322494507
2014.02.10,44.5931070295,45.0393110070,44.4105723211,44.9379005432
2014.02.11,45.0257823540,45.2894464387,44.8162045323,45.0933876038
2014.02.12,45.2353569403,45.2353569403,44.9311256359,45.1204223633
2014.02.13,45.0731092628,45.5463563557,44.8838124889,45.2962112427
2014.02.14,45.2961984133,45.5733865809,45.2759173586,45.4787330627
2014.02.18,45.5801488955,45.7694456383,45.2962037814,45.7491645813
2014.02.19,45.6342462705,46.1345313780,45.6004410620,45.7356567383
2014.02.20,45.6748030017,46.0331154752,45.4652251756,45.6545219421
2014.02.21,45.7491705250,45.8911431005,45.4314201692,45.7288894653
2014.02.24,45.7829797418,46.2088975057,45.7762176687,45.8032608032
2014.02.25,45.8167624045,46.0669074358,45.7018329947,45.8235244751
2014.02.26,45.8708664453,46.1480547083,45.8235422489,45.9519958496
2014.02.27,45.9046516418,46.1480345909,45.7085928686,45.9046516418
2014.02.28,46.1210065123,46.4319947913,45.8708614115,46.2088928223
2014.03.03,45.9452217929,46.2832531527,45.8573354963,46.2426910400
2014.03.04,46.4793081316,46.8646636436,46.4793081316,46.8105773926
2014.03.05,46.8105914121,46.8714397522,46.3779115904,46.7497482300
2014.03.06,46.6956498892,46.7294550869,46.3576185435,46.5266342163
2014.03.07,46.2832584915,46.4117120735,45.7964924521,45.9993133545
2014.03.10,45.9181895096,46.0669241682,45.6274822652,45.8303031921
2014.03.11,45.8641030785,46.1886155288,45.8303030294,46.0804481506
2014.03.12,45.8911356277,46.2088859317,45.8911356277,46.1818428040
2014.03.13,46.2426907065,46.3035338750,45.9114214206,46.0331077576
2014.03.14,45.9114355967,46.2900291832,45.8776303873,46.0466461182
2014.03.17,46.3035292129,46.4387448370,46.0398651934,46.1209945679
2014.03.18,46.1480456023,46.3779044657,46.0263540988,46.3238182068
2014.03.19,46.3441085087,46.5469242605,45.3164901309,45.5057868958
2014.03.20,45.4043776980,45.5869123748,45.0595842442,45.5666313171
2014.03.21,45.6883327718,46.0736884248,45.6477654897,45.9384727478
2014.03.24,46.3035367125,46.3035367125,45.4111340809,45.6680412292
2014.03.25,45.9614007720,46.0502990898,45.6741860059,46.0024299622
2014.03.26,45.8930205946,46.0639825234,45.4690331328,45.4895477295
2014.03.27,45.4758683288,45.7494084299,45.3049064178,45.7083740234
2014.03.28,45.8519914760,46.1665607995,45.7904424685,46.0092735291
2014.03.31,46.2554558637,46.4332577183,45.8725028390,46.2759704590
2014.04.01,46.4264228126,46.5768701507,46.0366298081,46.5700302124
2014.04.02,46.4195902925,46.6247467349,46.3238520106,46.5768775940
2014.04.03,46.5700476208,46.6384313771,46.3033473189,46.4127655029
2014.04.04,46.6520982980,46.8709293879,46.4264272692,46.5973892212
2014.04.07,46.4469547558,46.9803553593,46.4401200323,46.6452713013
2014.04.08,46.6110674962,46.9598261098,46.5290038838,46.9051170349
2014.04.09,47.0213770716,47.0350517322,46.5905496104,46.8709297180
2014.04.10,46.9119540481,47.1102705193,46.3375244493,46.4537773132
2014.04.11,46.3580312156,46.5837021845,46.0981709959,46.1733894348
2014.04.14,46.2965102709,46.4743122223,46.0776791065,46.3443794250
2014.04.15,46.4195947541,46.8777768240,46.3717256086,46.8367424011
2014.04.16,46.9666676682,47.1854987581,46.8367349151,47.1171150208
2014.04.17,46.9803579348,47.1034507898,46.7615267722,46.9871978760
2014.04.21,47.0624120831,47.1855049133,46.9051247711,47.1855049133
2014.04.22,47.1513069167,47.3974925588,46.9324758146,47.3427886963
2014.04.23,47.3222619620,47.3906509105,47.0555617583,47.1991691589
2014.04.24,47.2538823569,47.3974897701,47.1513041425,47.3564605713
2014.04.25,47.1854970974,47.3632989821,47.0624042876,47.1923370361
2014.04.28,47.2607052538,47.5068907926,47.0418742434,47.4385070801
2014.04.29,47.3359447835,47.6368394802,47.3359447835,47.4658775330
2014.04.30,47.3838169275,47.6983863043,47.3633023273,47.6778717041
2014.05.01,47.6778636358,48.0744965636,47.4179981644,48.0471420288
2014.05.02,47.8351562455,48.2249493213,47.7872871035,48.0266380310
2014.05.05,47.8420012823,48.2044398560,47.6710392973,48.1976051331
2014.05.06,48.1497233937,48.1497233937,47.8419887706,48.0197906494
2014.05.07,48.1223667897,48.6078980534,48.0608177808,48.5805435181
2014.05.08,48.5600257680,48.8062113530,48.4164183797,48.6078948975
2014.05.09,48.5258352907,48.7378264218,48.3480334164,48.6010589600
2014.05.12,48.6420985903,48.7993859008,48.5805547845,48.7036476135
2014.05.13,48.5668659232,49.0524024271,48.3822293225,48.4164237976
2014.05.14,48.5190004466,48.6762877399,48.2933346326,48.5395202637
2014.05.15,48.5326745349,48.5395144731,48.0676578669,48.4574508667
2014.05.16,48.4711330258,48.8267368243,48.2933363438,48.8130569458
2014.05.19,48.7446630101,48.7583428857,48.4232537577,48.6352500916
2014.05.20,48.6557756530,48.8130577370,48.3480409895,48.4848136902
2014.05.21,48.5190007765,48.6557734710,48.1975966835,48.2933349609
2014.05.22,48.3138607376,48.4574681871,48.1702532882,48.2523117065
2014.05.23,48.3070014547,48.6215707729,48.2933267962,48.6147308350
2014.05.27,48.5873903062,48.9429888814,48.5805503671,48.9087944031
2014.05.28,48.8062180083,48.8062180083,48.4232597031,48.7104797363
2014.05.29,48.8198875636,48.8198875636,48.6010565052,48.7720184326
2014.05.30,48.7036383922,49.0660768709,48.6967984538,49.0113677979
2014.06.02,49.0113810044,49.1960228714,48.9019680461,49.1002845764
2014.06.03,49.0250483322,49.0729174674,48.8814409265,49.0387229919
2014.06.04,49.0524081808,49.2096902633,48.8609264018,49.0865974426
2014.06.05,49.0660712224,49.9072061676,49.0182020934,49.8524971008
2014.06.06,50.0097763030,50.0302961149,49.6336632294,49.7499160767
2014.06.09,49.6747066465,49.8798630853,49.1618207669,49.2165298462
2014.06.10,49.1002698403,49.2575518989,48.7446660937,48.9634971619
2014.06.11,48.8472537475,48.9566666941,48.5463590140,48.7651901245
2014.06.12,48.6968057136,48.7720293959,48.2864980391,48.6215820312
2014.06.13,48.7173125170,48.7993761257,48.2864903104,48.7446670532
2014.06.16,48.6626127965,48.8472494101,48.4164271669,48.4984855652
2014.06.17,48.4164284742,48.6352595713,48.2864957169,48.5531959534
2014.06.18,48.5121715103,48.9635084095,48.3548841983,48.8540954590
2014.06.19,48.8814393116,49.2301979065,48.8130503629,49.2301979065
2014.06.20,49.0318827738,49.4353556691,48.9498243810,49.4011611938
2014.06.23,49.4011649864,49.5721269412,49.2575575705,49.2849121094
2014.06.24,49.2731837882,49.4800712079,49.1697453397,49.3076667786
2014.06.25,49.3007691282,49.4042128381,49.1559500390,49.3076667786
2014.06.26,49.2594153536,49.3421714100,49.1145962008,49.2525177002
2014.06.27,49.1421583896,49.5835132932,49.1421583896,49.5490303040
2014.06.30,49.5973236138,49.7007673625,49.1835538801,49.5076751709
2014.07.01,49.4662871768,49.7766130827,49.3697358442,49.6317939758
2014.07.02,49.6386788873,49.6524689247,49.3076601128,49.5766105652
2014.07.03,49.3076686501,49.4386977050,49.1145765238,49.3421516418
2014.07.07,49.2938577253,49.5076374515,49.2731647822,49.3904037476
2014.07.08,49.3214482811,49.6731547291,49.3007605949,49.5421257019
2014.07.09,49.5076657776,49.7283432777,49.3214660128,49.6524848938
2014.07.10,49.4248990740,49.9559076470,49.3628360068,49.8110885620
2014.07.11,49.7903989284,49.8938426421,49.6317897940,49.8455696106
2014.07.14,49.9007233693,50.0938154300,49.7559043238,50.0731277466
2014.07.15,50.0110722178,50.1765842505,49.8317754079,50.0593452454
2014.07.16,50.1765760992,50.2662244896,49.9421033884,50.2455368042
2014.07.17,50.1903664119,50.2179517464,49.8869329944,49.9490013123
2014.07.18,50.0869283344,50.4386348112,49.9559045578,50.3903617859
2014.07.21,50.3144975092,50.3420828435,50.1283030795,50.2455368042
2014.07.22,50.4041532065,50.5489775478,50.3420901413,50.4593238831
2014.07.23,50.5076071065,50.6179484820,50.3903733412,50.5696754456
2014.07.24,50.6731095273,50.6937972159,50.3007153481,50.4386367798
2014.07.25,50.4386280683,50.4937987360,50.1076145849,50.1558876038
2014.07.28,50.1765833730,50.5903529246,50.1696857231,50.4593238831
2014.07.29,50.4869254953,50.5076131903,50.1903895898,50.2248725891
2014.07.30,50.0593471416,50.5351850460,49.9076356646,50.1765861511
2014.07.31,49.8317836544,50.0800464831,49.4524917603,49.4524917603
2014.08.01,49.3766409119,49.8317912543,49.3214702168,49.3559532166
2014.08.04,49.3490513580,49.7628262746,49.1697545063,49.6524848938
2014.08.05,49.4800749292,49.6386893311,49.1007830517,49.2111244202
2014.08.06,48.8870040049,49.5007634082,48.8525210113,49.3007736206
2014.08.07,49.4318148332,49.6180093646,49.2869956952,49.3766441345
2014.08.08,49.5766266051,49.7697187605,49.3214661076,49.7490310669
2014.08.11,49.8248858483,50.1627970958,49.7697151618,50.0248756409
2014.08.12,49.9766081847,50.1076372645,49.8042037162,49.8800621033
2014.08.13,49.9627957276,50.5007019043,49.9627957276,50.5007019043
2014.08.14,50.4800255659,50.6869130298,50.3903771377,50.4869232178
2014.08.15,50.6593219944,50.7696633657,50.3627861356,50.5351905823
2014.08.18,50.7420708598,51.0041236877,50.6731101431,51.0041236877
2014.08.19,51.1144791502,51.1903375379,50.9489670708,51.0455131531
2014.08.20,51.0868838549,51.3489367041,50.8110357044,51.2937660217
2014.08.21,51.3627262153,51.5075452942,51.2454872131,51.2454872131
2014.08.22,51.3075615644,51.3075615644,50.7627629115,50.9006843567
2014.08.25,51.1144853557,51.1627584027,50.6662326271,50.8800125122
2014.08.26,50.8800125122,51.0524170031,50.8248418124,50.8800125122
2014.08.27,50.9903386375,51.0868847026,50.8455195399,50.9627532959
2014.08.28,50.9558575000,51.0386135279,50.7834530545,50.9144821167
2014.08.29,51.0179204814,51.1696319580,50.8937890832,51.1696319580
2014.09.02,51.0661884451,51.2592805429,51.0317054585,51.1972122192
2014.09.03,51.1903184777,51.3558252340,51.0868747819,51.2110061646
2014.09.04,51.2041351379,51.4041249839,50.9282868929,51.1144866943
2014.09.05,51.2041090184,51.6385662311,51.1075629711,51.5971908569
2014.09.08,51.6041029897,51.6868537612,51.3903178867,51.5075569153
2014.09.09,51.3696185113,51.5006475516,51.1351510301,51.2316970825
2014.09.10,51.0454946178,51.0799776038,50.4731159840,50.5213890076
2014.09.11,50.4869042735,50.6662063241,50.3351875585,50.5834503174
2014.09.12,50.2524409042,50.3145039683,48.8663079309,49.1283607483
2014.09.15,49.1559541874,49.3490463227,48.7283945340,48.9283790588
2014.09.16,48.9352762763,49.4455919523,48.9076909341,49.2938804626
2014.09.17,49.4731754161,49.7214382245,49.2180202184,49.2593955994
2014.09.18,49.3628337412,49.4111067673,48.8111375045,48.9007911682
2014.09.19,49.0249251265,49.1559541874,48.7904576083,48.9283790588
2014.09.22,48.8801074692,48.8939027715,48.4939231873,48.4939231873
2014.09.23,48.4732352760,48.7146004511,48.1973871066,48.2180747986
2014.09.24,48.1971819999,48.6495100518,48.0162497173,48.1693458557
2014.09.25,48.1763233523,48.2041541971,47.7448709277,47.9327583313
2014.09.26,47.8631753056,48.5242720844,47.7309548880,48.4616394043
2014.09.29,48.0580111551,48.4477119446,47.9397114999,48.4477119446
2014.09.30,48.4129140522,48.5242586487,48.0858459366,48.1554336548
2014.10.01,48.1415141205,48.4685822082,47.9745025493,48.1832656860
2014.10.02,48.1136879655,48.4059596031,47.7796647537,48.1067276001
2014.10.03,48.1972079837,48.5242762177,48.0371513956,48.4338073730
2014.10.06,48.4268364060,48.7608649340,48.3920451965,48.4964294434
2014.10.07,48.4337853953,48.6773450412,48.1763103307,48.2111015320
2014.10.08,48.2041410429,49.1435937320,48.2041410429,49.1296730042
2014.10.09,48.9974708333,49.6376864434,48.9974708333,49.0670585632
2014.10.10,49.1923262830,49.6446492528,48.9765973846,48.9974784851
2014.10.13,49.0879085028,49.4706434705,48.8721850609,48.9139366150
2014.10.14,49.2340833424,50.0065195623,49.1296990650,49.6516151428
2014.10.15,49.5193787321,49.8325261205,48.8722028613,49.3036499023
2014.10.16,49.0670590034,49.6376868887,48.7887027720,49.4358787537
2014.10.17,49.9578010822,49.9578010822,49.2619130693,49.6864051819
2014.10.20,49.6724855305,50.4031700837,49.6028977896,50.3962097168
2014.10.21,50.5562426965,50.9459381113,50.3405138982,50.8763504028
2014.10.22,50.9250640903,51.2382114438,50.8137195055,50.8554763794
2014.10.23,50.9877001654,51.3634802396,50.9041970218,51.2382202148
2014.10.24,51.2242862908,51.4330546929,50.9459301909,51.2590827942
2014.10.27,51.2034367742,51.5792169053,51.1547248299,51.5652961731
2014.10.28,51.3774008267,51.7392601697,51.1825530797,51.7322998047
2014.10.29,51.6209517578,51.7114152509,50.9737759599,51.3495559692
2014.10.30,51.1895037621,51.8436399789,51.1895037621,51.7879676819
2014.10.31,51.9341235325,52.3099037186,51.8645357890,52.1776885986
2014.11.03,52.1776877982,52.6091349869,52.1359309054,52.5812988281
2014.11.04,52.5743369797,52.6787159253,52.1498449035,52.6439247131
2014.11.05,52.7065520805,52.8735690119,52.3238168918,52.6439247131
2014.11.06,52.6161010279,52.8874969692,52.2890327630,52.4212532043
2014.11.07,52.4908115955,52.5743200343,52.1289523126,52.3794670105
2014.11.10,52.0176172567,52.6647931754,52.0176172567,52.6160812378
2014.11.11,52.6369638430,52.7970204067,52.2542233487,52.4838676453
2014.11.12,52.4838592097,52.5186557251,52.0663275707,52.2124633789
2014.11.13,52.3307843511,52.5813044983,52.2472811748,52.4212532043
2014.11.14,52.4281904692,52.5256196572,51.9967433804,52.1011276245
2014.11.17,52.0593738912,52.3725266425,52.0593738912,52.2959785461
2014.11.18,52.3516495805,52.6369608616,52.2333446013,52.5464973450
2014.11.19,52.5116968259,52.5673691284,52.1915890502,52.2194252014
2014.11.20,52.0802458626,52.3655624390,51.9201946250,52.3655624390
2014.11.21,52.8109183617,52.8109183617,52.5464829408,52.7482910156
2014.11.24,52.9292300425,53.0405746508,52.8039700127,52.9013938904
2014.11.25,52.9988230038,53.1519138763,52.8248510354,53.0475349426
2014.11.26,53.1519064485,53.4789745529,53.0684033133,53.4441833496
2014.11.28,53.3467676563,54.0844071133,53.3189315038,53.5972824097
2014.12.01,53.5137837364,53.8199708203,53.0962520336,53.4024391174
2014.12.02,53.2911075899,53.6529670361,53.0057909439,53.5903396606
2014.12.03,53.6042380733,53.6807861585,53.4093903327,53.5416107178
2014.12.04,53.6390199079,53.6738111040,53.2562795869,53.6250991821
2014.12.05,53.3258748898,53.4720106761,52.9848913883,53.3467559814
2014.12.08,53.3258745798,53.8756265209,53.1936595220,53.5833549500
2014.12.09,53.3328564536,53.8756482498,53.2006360333,53.7643089294
2014.12.10,53.5694656000,53.8478165788,53.4163693762,53.6390533447
2014.12.11,53.6181754721,53.9104471740,53.6181754721,53.6877632141
2014.12.12,53.5972860962,53.8338907535,53.1867147654,53.2006301880
2014.12.15,53.3189291660,53.4859407640,52.4908209226,52.5743293762
2014.12.16,52.6439328421,52.8666168091,52.1359322218,52.3307800293
2014.12.17,52.5117030748,53.5137834028,52.4351549770,53.4998626709
2014.12.18,53.7294947759,53.9800148010,53.5137712633,53.9800148010
2014.12.19,53.8965089523,54.2653339526,53.8060454480,54.0913619995
2014.12.22,54.0704772284,54.9820938110,54.0356860257,54.9820938110
2014.12.23,54.9890542317,55.0656023181,54.5923983793,54.7037429810
2014.12.24,54.8232896742,55.0271989207,54.4435971495,54.4787559509
2014.12.26,54.5982842678,54.8232866369,54.5842186022,54.6896896362
2014.12.29,54.6334329567,55.1537552487,54.4787482001,54.9287528992
2014.12.30,54.7670227330,55.1326548556,54.7248364744,54.8724937439
2014.12.31,55.0271851473,55.2803134337,53.9724857419,54.0287322998
2015.01.02,54.4717215628,54.8021949748,54.1975000858,54.6967239380
2015.01.05,54.5561049262,54.9990822959,54.4506392329,54.8795509338
2015.01.06,55.0061167478,55.4983078792,54.9498648001,55.2803382874
2015.01.07,55.3014164027,56.1170479652,55.1889125378,55.9975166321
2015.01.08,56.1381206072,56.4404679281,55.8779649025,56.3139038086
2015.01.09,56.3561074736,56.5529838429,55.9764150338,56.3350143433
2015.01.12,56.4193801722,56.6936015633,56.2506297849,56.6443824768
2015.01.13,56.7287621324,56.9748575725,56.1732865021,56.4967269897
2015.01.14,56.2365807890,56.8834618741,56.1240769319,56.8693962097
2015.01.15,57.0733071724,57.1154988023,56.6584612566,56.9467430115
2015.01.16,56.8834647339,57.5092527184,56.7639334031,57.4319076538
2015.01.20,57.5865940738,57.6990925649,56.8201763103,56.9818992615
2015.01.21,56.9397021486,56.9889212349,56.7006341834,56.8975105286
2015.01.22,57.1365965403,58.0506663409,57.0592514710,58.0084800720
2015.01.23,57.9733037867,58.1912786273,57.7623671415,57.8889312744
2015.01.26,57.9170556341,58.4725312375,57.7482998852,58.4584655762
2015.01.27,58.2475180124,58.5920569435,58.1490798505,58.3811149597
2015.01.28,58.5077073012,58.7397425224,57.9522314829,57.9662971497
2015.01.29,58.1702026338,58.1702026338,57.5233161169,58.0647315979
2015.01.30,58.0577087717,58.0577087717,57.0733212076,57.1155128479
2015.02.02,57.1365797738,57.1436072402,55.9412506498,56.9326705933
2015.02.03,56.7568777622,57.5162624374,56.6303136496,57.4600105286
2015.02.04,57.2983139370,57.5162888425,56.9959664940,57.2912864685
2015.02.05,57.3475159529,57.9451831923,57.2561106098,57.8889312744
2015.02.06,57.7272339227,57.7483270601,56.1451842426,56.3631591797
2015.02.09,56.2928198100,56.6373588030,56.0748503217,56.0959434509
2015.02.10,56.1381374842,56.3982986316,55.6881327826,56.2928276062
2015.02.11,56.2998543967,56.5529826847,55.7865649892,56.1732902527
2015.02.12,56.6021975821,56.8201670612,56.1100067055,56.7779808044
2015.02.13,56.8060920277,56.9537492524,56.1803043477,56.4685859680
2015.02.17,56.3068962097,56.9397170307,56.2225183121,56.3068962097
2015.02.18,56.4404837022,56.8623677950,55.9553255788,56.7850227356
2015.02.19,56.3068967037,56.7076823331,55.6248567775,55.7022018433
2015.02.20,56.0326738905,56.3561144464,55.6389157387,56.2154846191
2015.02.23,56.4334601627,56.6865884902,56.1803318353,56.6584625244
2015.02.24,56.3068936630,56.3420470954,55.3928185891,55.5896949768
2015.02.25,55.5264200426,56.2295531208,55.5053269086,55.7092361450
2015.02.26,55.5193906129,55.7373601639,55.1045446463,55.2381362915
2015.02.27,55.2662457810,55.7092229486,55.0553091262,55.6318778992
2015.03.02,55.6459329028,56.4053176626,55.6459329028,55.8498420715
2015.03.03,55.6248567775,55.8428263094,55.3154765147,55.7022018433
2015.03.04,55.7162670286,55.7795517990,55.1537637502,55.2381362915
2015.03.05,55.3998434552,55.8920343538,55.3717174946,55.4209365845
2015.03.06,54.6404518811,54.7318572183,53.6701305015,53.7334098816
2015.03.09,54.0990645994,54.2748478814,53.9303087862,54.2115631104
2015.03.10,54.0146863239,54.2678146775,53.9021878137,53.9443740845
2015.03.11,54.0638766169,54.2185666800,53.8388743519,54.0216903687
2015.03.12,54.3170110200,54.9498316388,54.2607591063,54.9146728516
2015.03.13,54.8654674018,54.9568781255,54.4224955408,54.7107772827
2015.03.16,54.9498380608,55.5826587535,54.9498380608,55.3084373474
2015.03.17,55.2802995388,55.5053018075,54.9990453618,55.2592010498
2015.03.18,55.2451530383,56.5600135234,54.9920247592,56.3490715027
2015.03.19,56.2998453717,56.6373514898,56.1240621645,56.2646865845
2015.03.20,56.6303177923,57.6850170191,56.4615674181,57.6287651062
2015.03.23,57.5865870697,57.9451863600,57.4248641382,57.5443954468
2015.03.24,57.3405063315,57.5233170747,57.0522191861,57.0803451538
2015.03.25,57.2292134007,57.3851660783,56.0240861778,56.1375122070
2015.03.26,55.9744777175,56.1375263235,55.6696519478,55.8185195923
2015.03.27,55.9957296256,56.2225762755,55.7759734547,56.0099105835
2015.03.30,56.4777862239,56.7329894118,56.0737154112,56.6408348083
2015.03.31,56.2651146504,56.8534946088,56.1304225907,56.2296676636
2015.04.01,56.1375082192,56.5132224497,55.7972355640,56.2225723267
2015.04.02,56.0524378297,56.7684247042,56.0524378297,56.5982856750
2015.04.06,56.8605833994,57.2930106650,56.6833592875,57.1654090881
2015.04.07,57.3426320767,57.3426320767,56.2367553711,56.2367553711
2015.04.08,56.2863837111,56.4919643471,56.1587821236,56.3927192688
2015.04.09,56.3289252182,56.3289252182,55.2868463132,55.4002723694
2015.04.10,55.7476156706,55.9531962875,55.1946773122,55.3648109436
2015.04.13,55.4498669601,55.5774685047,55.1804829168,55.2088394165
2015.04.14,55.4144469405,55.5987615743,55.2017812017,55.3222923279
2015.04.15,55.5278499121,55.5278499121,54.9890871958,54.9961776733
2015.04.16,54.8473234449,55.3931713632,54.6984558309,55.2230377197
2015.04.17,54.9394787850,55.2797514850,54.6062965645,54.9323883057
2015.04.20,55.2159479383,55.2939269859,54.8473241381,55.0032768250
2015.04.21,55.1521424271,55.4144306353,54.9394713424,55.0458068848
2015.04.22,55.1521318255,55.3860634835,55.0174398038,55.2088394165
2015.04.23,55.1096191046,55.4286258135,55.0529114882,55.3081092834
2015.04.24,55.3931818888,55.7121832069,55.2088672517,55.4002723694
2015.04.27,55.5136614318,55.8114019556,55.1875698186,55.2513732910
2015.04.28,55.4215392186,55.4357147716,54.9182232560,55.2372245789
2015.04.29,54.5921016977,54.9819913900,54.0675145789,54.1525840759
2015.04.30,54.1171415983,54.1242320757,53.1813986873,53.5216712952
2015.05.01,53.4720319030,54.1454810203,53.4011433761,53.8052139282
2015.05.04,54.0604436954,54.3298223939,53.8335970524,53.9470176697
2015.05.05,53.8052315272,53.8052315272,52.6993495953,52.7631530762
2015.05.06,52.7773439884,52.9474830480,52.3803636661,52.6213912964
2015.05.07,52.8198681668,53.5783870394,52.6993516778,53.3160934448
2015.05.08,54.1171514400,54.7338932876,54.0108213011,54.1313323975
2015.05.11,53.9753769613,54.2305801240,53.2097674733,53.3444595337
2015.05.12,53.0538075783,53.6421929282,52.6497368192,53.5004158020
2015.05.13,53.8761326348,54.0320907262,52.9474799741,53.0538101196
2015.05.14,53.3657227667,54.0391776251,53.3231907113,54.0179061890
2015.05.15,54.2589236651,54.6275473629,54.0604335657,54.4645042419
2015.05.18,54.3368957960,54.4644973307,54.1029587478,54.3014488220
2015.05.19,53.9257460945,54.5495729467,53.9257460945,54.2305717468
2015.05.20,54.2660376594,54.5141503912,54.1100795398,54.1171646118
2015.05.21,54.1526011136,54.2376706374,53.6705512959,53.8690414429
2015.05.22,53.8477660624,54.1596821869,53.5571213714,53.8832130432
2015.05.26,54.1455127053,54.1455127053,53.3515520870,53.5571327209
2015.05.27,53.7130788281,54.0675270346,53.4791471223,53.9611968994
2015.05.28,54.0249919773,54.0887954634,53.6351022170,53.9257469177
2015.05.29,53.8548658590,53.9824674404,53.2735709682,53.3444595337
2015.06.01,53.4862113516,53.9966174354,53.2664552799,53.8619308472
2015.06.02,53.6776350768,53.7201671291,53.2735643541,53.4224319458
2015.06.03,53.3728080660,53.4507870989,52.6851777253,52.7773323059
2015.06.04,52.7064446979,52.9758287833,52.5717580636,52.7277107239
2015.06.05,51.8912222994,52.4937886588,51.8699562694,52.0897178650
2015.06.08,52.2031278770,52.2527504062,51.9195682494,51.9833717346
2015.06.09,51.9620988928,52.0967855067,51.5651133028,51.6076507568
2015.06.10,51.5367663104,52.4228868137,51.5155002837,51.9762840271
2015.06.11,52.3874549866,52.5150565791,52.2314968836,52.3874549866
2015.06.12,52.3094740377,52.5079641949,52.1960480003,52.2882080078
2015.06.15,52.2314545206,52.3094335088,51.9053630282,52.0187835693
2015.06.16,52.1605855014,52.5150336137,51.9904465134,52.4583206177
2015.06.17,52.4228775827,52.8978421992,52.1038764210,52.7844161987
2015.06.18,52.8127814849,53.7414340327,52.8056910066,53.5145874023
2015.06.19,53.4720428499,53.5216653697,53.0183496953,53.1672172546
2015.06.22,53.0254553269,53.3869886135,52.6355601256,52.6426506042
2015.06.23,52.4937905484,52.6213921410,52.2173213326,52.3874549866
2015.06.24,52.4146060973,52.5505081619,52.0498195045,52.0927391052
2015.06.25,52.0426942664,52.1070655111,51.5777708237,51.5992279053
2015.06.26,51.5348582605,51.9854733581,51.3918019506,51.8495712280
2015.06.29,51.8638762019,52.1428291666,50.9912518686,51.0198631287
2015.06.30,51.3917826235,51.4990734513,50.9554705924,50.9983901978
2015.07.01,50.9840971162,51.7923501980,50.8338920951,51.7780418396
2015.07.02,52.0641448456,52.4933027941,51.8352602426,51.8924827576
2015.07.06,51.7351246305,52.2429621832,51.5992225188,52.1285171509
2015.07.07,52.5362094779,53.0368982275,52.3502445162,52.9296073914
2015.07.08,52.6935603546,52.9152961696,52.5218983180,52.6506462097
2015.07.09,52.8294683847,52.9725191885,52.2715626101,52.4003105164
2015.07.10,52.5147607007,53.1298891041,52.4790007210,52.7651023865
2015.07.13,52.8652468695,53.4231527818,52.6363567956,52.8437843323
2015.07.14,52.9010093274,53.1799622967,52.7365014005,52.9868431091
2015.07.15,52.7865579141,53.2014074568,52.7650953807,53.0368995667
2015.07.16,53.3802196782,53.5089675836,53.1727921939,53.4159851074
2015.07.17,53.5733591306,53.5733591306,53.0583673658,53.2085723877
2015.07.20,53.2443271381,53.4159892062,52.9653742310,53.3015441895
2015.07.21,53.2515027294,53.5304557772,53.1084518433,53.1084518433
2015.07.22,53.2228688710,53.5089704925,53.1298809327,53.2586288452
2015.07.23,53.3373278729,53.3659391369,52.5648401164,52.8795585632
2015.07.24,52.9010025977,53.1298871961,52.7150321562,52.8938484192
2015.07.27,52.9653904300,53.2872575884,52.8580995583,53.0083045959
2015.07.28,52.8867213327,53.2729652736,52.8867213327,53.1084518433
2015.07.29,53.1370462440,53.4875246237,52.7865678644,53.3802337646
2015.07.30,53.1513432724,53.3873820448,53.0154466259,53.1799545288
2015.07.31,53.6377283051,53.9166812575,53.4303007713,53.5232887268
2015.08.03,53.5304298841,53.8308453309,53.4732128316,53.7879257202
2015.08.04,53.6949502493,54.0597369743,53.3873860414,53.5089797974
2015.08.05,53.6448770238,53.7092482568,53.0869711758,53.2800903320
2015.08.06,53.2729416108,53.3802269992,52.5290653279,53.2800903320
2015.08.07,53.2228655545,53.5590354845,52.8938388877,53.4660530090
2015.08.10,53.6520294467,53.7593202886,53.2443286129,53.4732131958
2015.08.11,53.4231326942,53.9881925731,53.2657735561,53.8308334351
2015.08.12,53.6377416006,53.9453058881,53.2944173236,53.9095458984
2015.08.13,53.8880710615,54.2457036184,53.4517643625,54.0168190002
2015.08.14,53.9166781025,54.3601444030,53.7164047594,54.3243789673
2015.08.17,54.3243776970,54.7535410874,54.1026472805,54.7320785522
2015.08.18,54.5461055207,54.8536696613,54.5103400911,54.7749900818
2015.08.19,54.5818680519,54.7320730405,54.1670185171,54.4745826721
2015.08.20,54.1741640710,54.3958999093,53.9524336897,54.0525703430
2015.08.21,53.7450146976,53.9524422142,52.9367671665,52.9939842224
2015.08.24,51.3345744559,52.1499817004,50.3475105703,50.5191726685
2015.08.25,51.6707465040,51.6779006826,49.1959300466,49.2459983826
2015.08.26,49.7323696983,50.6192966833,49.4605709895,50.4762458801
2015.08.27,51.0627550414,51.8924648516,50.5978318172,51.4919128418
2015.08.28,51.3560356745,51.5491548478,51.1271510638,51.4347152710
2015.08.31,51.4061100940,51.4561784380,50.4118919373,50.4118919373
2015.09.01,49.9111840180,50.1400685685,49.1315478937,49.4534149170
2015.09.02,49.9183519964,50.0971682715,49.5106511076,49.9827232361
2015.09.03,49.9326692388,50.4548153130,49.9040579717,50.0828742981
2015.09.04,49.7323736190,49.8110532040,48.8382923862,49.1315536499
2015.09.08,49.3175310906,50.0256475351,49.3175310906,49.8754425049
2015.09.09,50.2759863155,50.4762596775,49.1959344483,49.2674598694
2015.09.10,49.1387250768,49.8182304020,49.1387250768,49.3246955872
2015.09.11,49.4963565200,50.1544047426,49.2317118518,50.1329421997
2015.09.14,50.2831291377,50.2902778582,49.9898678831,50.1043128967
2015.09.15,50.1186205613,50.6765264130,49.8396676354,50.5263214111
2015.09.16,50.4977142809,51.2845047888,50.4905601020,51.1772193909
2015.09.17,51.1843713467,52.5576845541,50.9268754613,51.6779060364
2015.09.18,51.1342885792,52.1356605777,50.9840835980,51.5062294006
2015.09.21,51.5276940275,52.1785823749,51.5276940275,51.9568519592
2015.09.22,51.6707493469,51.7851943824,51.1271517994,51.2702026367
2015.09.23,51.5133781209,51.7780281109,51.1700540087,51.5062294006
2015.09.24,51.4418576322,51.6278280606,50.7623580631,51.0341567993
2015.09.25,51.2550886792,51.6666309497,50.9951666653,51.2911911011
2015.09.28,51.1107063997,51.1756841697,50.0349210858,50.3670425415
2015.09.29,50.3814631924,51.0023873806,50.2731614371,50.7208061218
2015.09.30,51.0962619466,51.2984278571,50.7713620874,51.2262229919
2015.10.01,51.3056356749,51.5294608055,50.9301957757,51.4644775391
2015.10.02,51.6522101644,51.9121322632,50.9374271470,51.9121322632
2015.10.05,51.9987414771,52.9156899209,51.9698661558,52.8434906006
2015.10.06,52.8579416153,53.0745451393,52.6052411762,52.7135429382
2015.10.07,53.0384468845,53.2550504255,52.7352063338,53.2261695862
2015.10.08,53.1612041223,53.7532477564,53.0095837962,53.6666107178
2015.10.09,53.8687668693,53.9337446431,53.3489226449,53.6088447571
2015.10.12,53.6377181522,54.0925790311,53.5077571141,53.8976402283
2015.10.13,53.6810390160,53.9265234357,53.3777984167,53.5005378723
2015.10.14,53.5944111913,53.6810482297,53.0240268185,53.1539878845
2015.10.15,53.2694814500,53.7893254769,53.1900605287,53.7604446411
2015.10.16,53.8398724630,54.2730740381,53.8182132105,54.1936531067
2015.10.19,54.1719922832,54.8651158850,54.0636905155,54.8362350464
2015.10.20,54.5546576491,54.9950808299,54.5546576491,54.9012222290
2015.10.21,54.9084571326,55.1178336386,54.6196541641,54.7062911987
2015.10.22,54.7928892384,55.4282508463,54.7062467657,55.3055114746
2015.10.23,55.5798871857,55.5943248463,54.4680000277,54.8001213074
2015.10.26,54.8434592518,54.9445394376,54.3813768286,54.7929191589
2015.10.27,54.6412935368,54.8145730515,54.3669338462,54.6557312012
2015.10.28,54.6846112064,55.1322559133,53.8976290617,54.8651123047
2015.10.29,54.6340841703,54.9156655103,54.4535830289,54.8073692322
2015.10.30,54.8145684727,54.9661887239,54.3452645474,54.4102478027
2015.11.02,54.4535847450,55.6232341615,54.4030446442,55.6160125732
2015.11.03,55.4138328771,55.4282705402,54.8795512100,55.0672683716
2015.11.04,55.0167156842,55.2188814794,54.6845944263,54.8289985657
2015.11.05,54.8362358511,55.0311801377,54.4824552125,54.9878616333
2015.11.06,54.1358914116,54.4030295096,53.0745440804,53.4138870239
2015.11.09,52.9879020242,53.2189432099,52.3308808902,52.6918830872
2015.11.10,52.7279801390,53.2839266085,52.6918832243,53.1756248474
2015.11.11,53.1900719337,53.4860964325,53.0601108991,53.2406120300
2015.11.12,53.1756205302,53.3344623657,52.7929591128,52.8579368591
2015.11.13,52.9879078135,53.1467496789,52.2947841807,52.3020057678
2015.11.16,52.2009237736,52.9301442998,52.2009237736,52.9157066345
2015.11.17,52.8435075251,53.3994485286,52.6774440776,52.9445877075
2015.11.18,53.1323098454,53.5510737879,52.7929723490,53.5077552795
2015.11.19,53.6304781455,53.8759624701,53.4427554864,53.6593589783
2015.11.20,53.7099182755,54.2730809457,53.7026966876,54.2081031799
2015.11.23,54.2081090019,54.5185712135,54.1214664632,54.3019676208
2015.11.24,54.3741482387,54.3741482387,53.6088253566,54.0348052979
2015.11.25,54.0853498303,54.3524879209,54.0348042364,54.2153053284
2015.11.27,54.0853739060,54.8073785951,54.0853739060,54.6485366821
2015.11.30,54.7279532174,54.9301136327,54.1431257207,54.3019676208
2015.12.01,54.5113405580,55.0239630996,54.2730777474,54.9734230042
2015.12.02,54.7351564722,54.9012199221,53.8759749086,53.9337310791
2015.12.03,53.8109791367,53.9048432203,52.9951162677,53.1395149231
2015.12.04,53.2766989292,54.1936419832,53.1395163470,54.0275840759
2015.12.07,53.9481848779,54.1503452856,53.6810411914,53.8832015991
2015.12.08,53.6449271699,53.9770485208,53.5005229901,53.7532234192
2015.12.09,53.4572144894,54.0420363788,53.1828547591,53.4211120605
2015.12.10,53.3633547228,53.6738113667,53.0601086493,53.1178703308
2015.12.11,52.9084838489,53.1611842982,52.5619248065,52.8723869324
2015.12.14,52.6557868415,53.2261710405,52.4247456287,53.0384483337
2015.12.15,53.3633591854,53.8759817573,53.2622734801,53.6232757568
2015.12.16,53.8398783995,54.7784865061,53.7893383019,54.6774063110
2015.12.17,54.8001308095,54.8001308095,54.2225251309,54.4102478027
2015.12.18,54.2586359098,54.4391370236,53.6954733161,53.7171325684
2015.12.21,54.0853687953,54.2297675161,53.6882640504,53.9915046692
2015.12.22,54.2514077501,54.5113297632,54.0636850722,54.2153053284
2015.12.23,54.2802738528,54.8506578095,54.2513930249,54.8289985657
2015.12.24,54.8217028107,55.0191374577,54.5584528954,54.8436393738
2015.12.28,54.6608402644,55.0776517998,54.5292152754,55.0045280457
2015.12.29,55.2019568661,55.6407049231,55.1434612164,55.5675811768
2015.12.30,55.6114511716,55.6699468121,55.2604494336,55.3189506531
2015.12.31,55.3993946493,55.4652043444,54.8290216427,54.9021453857
2016.01.04,54.6315741833,54.6315741833,53.7979513485,54.3683242798
2016.01.05,54.3536981335,55.4140061447,54.2878828725,55.2604446411
2016.01.06,54.8070765617,55.1653923678,54.7193303063,55.0776405334
2016.01.07,54.2805873824,54.5803964148,53.8345252790,53.8491477966
2016.01.08,54.2732497851,54.3463734993,53.1178761307,53.2129364014
2016.01.11,53.4250030518,53.7101894640,53.2202544049,53.4250030518
2016.01.12,53.7613961673,53.8418339619,52.7669031753,53.0520896912
2016.01.13,53.3007187531,53.6078418765,52.1453444366,52.2477188110
2016.01.14,52.2184430527,52.6498768657,51.7796896156,52.1745643616
2016.01.15,51.5456992941,51.7796985641,51.0923288467,51.5822639465
2016.01.19,51.6700301459,52.2623397426,51.5749642548,51.7358398438
2016.01.20,51.1873966218,51.3555862369,49.2349644039,50.3610877991
2016.01.21,50.5292933760,51.4214178472,50.2294842547,50.6974830627
2016.01.22,51.2970909649,52.3208401319,51.1362153785,52.1014633179
2016.01.25,51.9698388047,52.4524655682,51.5530273177,51.5895919800
2016.01.26,51.8674662228,52.7157117435,51.8528437048,52.6937751770
2016.01.27,52.6060312340,52.6060312340,51.4945301287,51.8747825623
2016.01.28,52.1233839298,52.3135100718,51.3263258690,51.5310745239
2016.01.29,51.7212152736,52.6572125771,51.4872159478,52.6498985291
2016.02.01,52.4305204524,53.0886452839,52.1526480031,52.6572113037
2016.02.02,52.3720273113,52.5913985463,51.8601499383,52.1014633179
2016.02.03,52.4451546489,52.5621515331,51.6261541435,52.3574028015
2016.02.04,52.0795199087,52.7083940752,51.8893937335,52.4158935547
2016.02.05,52.1453214323,52.2550098077,51.2093243763,51.2385749817
2016.02.08,50.6755349627,51.0119086807,49.0302254584,49.7322235107
2016.02.09,49.1033277842,49.4323873099,48.5110128274,48.9278297424
2016.02.10,49.1179539686,49.8784529784,49.0667668035,49.1837692261
2016.02.11,48.4598350525,48.7815861739,48.1746485873,48.4598350525
2016.02.12,48.9058948557,49.1983953547,48.6572730580,49.0887069702
2016.02.16,49.4104642327,50.0685890426,49.3080898822,50.0320243835
2016.02.17,50.2733384021,51.0045869607,50.1417134384,50.4854011536
2016.02.18,50.5000189903,51.1069565767,50.3464574767,50.9680175781
2016.02.19,50.7778926143,51.3336374025,50.5585158543,51.0777015686
2016.02.22,51.4140910095,51.9771555965,51.4067825398,51.6700325012
2016.02.23,51.4287184501,52.0575927300,51.4287184501,51.5457153320
2016.02.24,51.3409607582,51.6992709906,50.9972730421,51.5676460266
2016.02.25,51.8382080083,52.5328918824,51.7138970967,52.5036468506
2016.02.26,52.2842722135,52.7522708472,52.2842722135,52.3427734375
2016.02.29,52.2623456348,52.9131565334,52.1453431646,52.2550315857
2016.03.01,52.4743968832,53.6736440445,52.4670828356,53.6151428223
2016.03.02,53.2129678484,54.0246543884,53.2056593780,54.0246543884
2016.03.03,54.0465861338,54.3317726385,53.7979587114,54.2952079773
2016.03.04,54.1270187210,54.5365217293,54.0392724599,54.4414558411
2016.03.07,54.1782179358,54.6754673156,54.0831576054,54.5438423157
2016.03.08,54.8655685943,54.8655685943,53.9003208937,53.9807586670
2016.03.09,54.0685131455,54.4780104996,53.9953838360,54.2001380920
2016.03.10,54.5365233505,54.7120214570,53.4615869878,54.0612106323
2016.03.11,54.6388835251,55.3555038615,54.4780079780,55.3408813477
2016.03.14,55.1580690360,55.3335670962,54.9533203692,55.2677574158
2016.03.15,54.9825773028,55.3701381208,54.8875114258,55.2531356812
2016.03.16,55.1580771216,56.0282646620,54.9313918614,55.9551353455
2016.03.17,56.0794600324,56.8692043242,55.8454606905,56.7375793457
2016.03.18,56.9057569106,56.9861946903,56.4962595440,56.5181961060
2016.03.21,56.3061532720,56.6352129752,56.0575313771,56.1525917053
2016.03.22,55.9697673328,56.2988269642,55.8162057995,56.1672019958
2016.03.23,56.1857039405,56.2522982718,55.7639229057,55.7713241577
2016.03.24,55.5641354452,55.8527278528,55.2903511889,55.8157272339
2016.03.28,55.9267174703,56.3928947334,55.7713250493,56.2449035645
2016.03.29,56.5186929366,57.3844588547,56.1043131095,57.3622550964
2016.03.30,57.5694483868,57.6434439751,57.2290585188,57.2734603882
2016.03.31,57.2216565406,57.6878337759,57.1698590700,57.6138381958
2016.04.01,57.3548565787,57.7470382731,57.2068597583,57.6508445740
2016.04.04,57.6730224053,57.7914141745,57.3770345141,57.5694274902
2016.04.05,57.2586399334,57.4436316689,57.0736481980,57.2438430786
2016.04.06,57.1920407770,57.4436268061,56.9108553952,57.3844337463
2016.04.07,57.1846656453,57.3844599554,56.7924839234,57.0736694336
2016.04.08,57.3030715692,57.6212577455,57.2734721987,57.3992652893
2016.04.11,57.4732398712,57.7026334975,57.3030506099,57.3252487183
2016.04.12,57.4584427754,57.8284263018,57.3030503718,57.7174301147
2016.04.13,57.8654177610,57.9246164765,57.3770424714,57.5842323303
2016.04.14,57.4436634324,57.5546596641,57.1106803826,57.2142753601
2016.04.15,57.3474651698,57.7322456778,57.1698746003,57.5916557312
2016.04.18,57.5250326305,57.8654167709,57.4288389535,57.8358230591
2016.04.19,57.9394290278,57.9838252494,57.6582379029,57.8950271606
2016.04.20,57.6878312650,57.9098236410,57.0366622852,57.0810585022
2016.04.21,56.8738903119,57.1402790064,55.9563323893,56.1117248535
2016.04.22,56.3781108730,56.8220901276,56.2375152782,56.7110939026
2016.04.25,56.4816828652,57.0810543329,56.4816828652,57.0662574768
2016.04.26,57.1994647999,57.5694483868,57.0884685947,57.2734603882
2016.04.27,57.2438625030,57.3918536834,56.6962883609,57.2586593628
2016.04.28,56.8664704082,57.4806444551,56.8664704082,57.1254577637
2016.04.29,56.6666999386,56.9848861189,56.1043231826,56.6518974304
2016.05.02,56.4298904205,57.5472366331,56.3854885573,57.4066467285
2016.05.03,57.2660469550,57.3400425275,56.8738653395,57.2808494568
2016.05.04,56.8960532480,58.1687971915,56.8960532480,58.0503997803
2016.05.05,57.9098138705,58.3463916520,57.9024126204,58.2723960876
2016.05.06,58.1984181592,58.8643897311,57.9468263896,58.8421859741
2016.05.09,58.9531736461,59.4193565017,58.8939749271,59.3157615662
2016.05.10,59.5673648435,59.5895629582,59.1825843497,59.4267692566
2016.05.11,59.3527603495,59.3749584592,58.1836109779,58.3686027527
2016.05.12,58.4203953746,58.8495776114,58.0430162501,58.6571846008
2016.05.13,58.4500014393,58.4944033056,57.8580311285,58.1836128235
2016.05.16,58.1318083306,58.8421760051,58.0504115053,58.6423873901
2016.05.17,58.4352010349,58.4795972530,57.4214441059,57.7544326782
2016.05.18,57.4584397640,57.6064309086,56.2892905270,56.9478607178
2016.05.19,56.6074766566,56.6518728709,56.0377045390,56.3336868286
2016.05.20,56.3115089771,56.8590831845,56.3115089771,56.7850875854
2016.05.23,56.8812701488,57.0366625546,56.6888771318,56.8368682861
2016.05.24,57.1180487140,57.5398296352,57.1180487140,57.5176315308
2016.05.25,57.6952472293,57.7100440903,57.0662761976,57.6064491272
2016.05.26,57.4140465986,57.8210307761,57.3548535191,57.6434402466
2016.05.27,57.6730404071,58.1466189226,57.6434410442,57.8950271606
2016.05.31,57.9098251102,58.0874156282,57.5620396802,57.9024238586
2016.06.01,57.6952397218,58.0430251864,57.5398472974,57.9394302368
2016.06.02,57.9172401974,58.2576301358,57.6656540161,58.2502288818
2016.06.03,58.9013776985,59.0123738882,57.7174315144,58.4277992249
2016.06.06,58.5166156442,58.6202106149,57.8284458269,58.0652351379
2016.06.07,58.1540139090,58.6127955610,58.1540139090,58.4204025269
2016.06.08,58.2798169238,58.7607967220,58.2280194468,58.7311973572
2016.06.09,58.6201843936,58.8791717046,58.5091882188,58.8199729919
2016.06.10,58.6793764646,58.7533720243,58.4055866837,58.5313796997
2016.06.13,58.4870033264,58.9457849848,58.3834083786,58.4870033264
2016.06.14,58.4203940607,58.5757921032,58.0208168374,58.1688079834
2016.06.15,58.2428136415,58.9235820639,58.2132142780,58.7015953064
2016.06.16,58.5535891176,59.0345688168,58.3242011446,58.9975738525
2016.06.17,58.9457644878,59.0123587973,58.4943842384,58.9087638855
2016.06.20,59.1159767197,59.6709520968,58.9679855440,59.0197830200
2016.06.21,59.2101813488,59.4341760862,59.0459151234,59.2624473572
2016.06.22,59.3296420909,59.4043070009,59.0608438577,59.2325782776
2016.06.23,59.3744398131,59.7328393557,59.3744398131,59.6283073425
2016.06.24,58.7621587626,59.5461542953,58.1200304988,58.9040260315
2016.06.27,58.7099048646,58.8741710631,57.9931115683,58.7920379639
2016.06.28,59.2101774162,60.0763005972,58.9936451968,60.0688323975
2016.06.29,60.3451109560,60.9275053269,60.3451109560,60.8379096985
2016.06.30,60.9274906280,61.5173530579,60.5018944060,61.5173530579
2016.07.01,61.7637618572,61.9354905943,61.3008302636,61.4725646973
2016.07.05,61.4501506913,62.1221404666,61.4053471955,61.9429435730
2016.07.06,61.8235032863,61.9504342280,61.3755023450,61.7189712524
2016.07.07,61.5994892180,61.6218881208,60.9200254510,61.1738929749
2016.07.08,61.5173666085,62.1520269815,61.4352334864,62.0773620605
2016.07.11,62.2565390328,62.6149385136,61.8234803515,62.5253372192
2016.07.12,62.2042883690,62.6373528536,62.1146927491,62.6000175476
2016.07.13,62.7194836915,62.8688135169,62.4581536487,62.8613510132
2016.07.14,62.6597293116,62.7866601920,62.2714684726,62.3983993530
2016.07.15,62.0922859520,62.4954775833,62.0250835491,62.4506797791
2016.07.18,62.4432052717,62.6149396649,62.3685403733,62.6074714661
2016.07.19,62.6447941480,62.8911933899,62.3162618254,62.8911933899
2016.07.20,62.8837537537,62.9285515647,62.6672215060,62.8762855530
2016.07.21,62.7045285187,63.0255926450,62.5103952642,62.9658584595
2016.07.22,62.7866741923,63.6677337468,62.7866741923,63.4885368347
2016.07.25,63.5407988748,63.9066608756,63.1600004759,63.4287986755
2016.07.26,63.3392052647,63.4661361699,62.9658750520,63.1376037598
2016.07.27,62.9808449661,63.0629781198,62.1744498373,62.6896476746
2016.07.28,62.6448014292,63.3541264483,62.4208010566,63.1525306702
2016.07.29,63.2944126745,64.0634778305,63.0256201158,63.7648124695
2016.08.01,63.8394435928,64.0559757225,63.7050445363,63.9887733459
2016.08.02,63.7946741083,64.0186688375,62.9434816052,63.0181465149
2016.08.03,63.0181497475,63.1376124698,62.4432179504,62.7493515015
2016.08.04,62.6672199591,62.8762840009,62.4133524108,62.6000175476
2016.08.05,62.5701458439,62.8016087526,62.3685443393,62.6821403503
2016.08.08,62.6224043740,63.0106652419,62.5253348846,62.7418670654
2016.08.09,62.6896139605,62.9808110954,62.3834861223,62.9733428955
2016.08.10,62.8837251926,63.2645235032,62.7343897293,62.8911933899
2016.08.11,62.9210647889,62.9584000848,62.0325428517,62.2938728333
2016.08.12,62.6896166867,63.0032127385,62.3834888352,62.4656219482
2016.08.15,62.3536330482,62.7792293947,62.3536330482,62.4208297729
2016.08.16,62.2640167902,62.3386816987,61.6069576205,61.6890907288
2016.08.17,61.8160239400,61.9578912589,61.1888261531,61.8682899475
2016.08.18,61.9205536540,62.0773516707,61.3829571985,61.6890907288
2016.08.19,61.3381621942,61.6218911380,61.0768321544,61.2410926819
2016.08.22,61.3680261962,61.6069573200,61.2410895861,61.5546913147
2016.08.23,61.9429525569,61.9653514598,61.6517554262,61.6890907288
2016.08.24,61.7040226756,61.7637568822,61.1664262093,61.3904266357
2016.08.25,61.3082788193,62.0176038387,61.3082788193,61.6144065857
2016.08.26,61.6666817688,62.1221450838,60.6586913343,61.0394897461
2016.08.29,61.7040078741,61.8085398623,61.1664115367,61.6144065857
2016.08.30,61.6741424361,61.7562755286,61.0768175870,61.5098762512
2016.08.31,61.5098651299,61.7786632572,61.2858704882,61.6293334961
2016.09.01,61.5845526199,61.7040153223,61.1888178207,61.5248184204
2016.09.02,61.7264077566,62.6448024637,61.7040088583,62.0176048279
2016.09.06,62.0922945087,62.5029543961,61.8085598519,62.4581565857
2016.09.07,62.5477301594,62.8911989068,62.2490705999,62.8165283203
2016.09.08,62.5925491681,62.7120118822,62.0773516159,62.0997505188
2016.09.09,61.1216283264,61.3082934494,59.6283073425,59.6283073425
2016.09.12,59.3669741956,60.6213639841,59.3669741956,60.3525657654
2016.09.13,59.9866917371,60.0912294304,58.7397702792,58.8816375732
2016.09.14,59.0085707916,59.4341669938,58.8517727904,59.0608367920
2016.09.15,59.0309779072,59.4491116651,58.7472489650,59.3296432495
2016.09.16,59.1504614143,59.3595254984,58.9115302188,59.2699241638
2016.09.19,59.4715277652,59.8896559475,59.4341924504,59.8299217224
2016.09.20,60.2928330302,60.2928330302,59.7104387743,59.7328376770
2016.09.21,59.8299030018,60.5691009883,59.0832425120,60.4197654724
2016.09.22,61.0096238954,61.6368216275,60.9722942914,61.5920181274
2016.09.23,61.4875026177,62.9882921005,60.9573742465,61.7488327026
2016.09.26,61.5952025073,61.9792271253,61.3843583655,61.8210983276
2016.09.27,61.9792306184,62.0319402206,61.2036440096,61.3391838074
2016.09.28,61.4521379604,61.7683955910,61.1885899350,61.6780395508
2016.09.29,61.4973295138,61.6479325221,60.7819838952,61.0154113770
2016.09.30,61.3768431499,61.5726184124,60.6690234849,60.7217330933
2016.10.03,60.4130024099,60.4958268639,59.5470539860,59.6223526001
2016.10.04,59.6750692697,59.6750692697,58.4702740675,58.7639427185
2016.10.05,58.9220719843,59.1780884532,57.6043259655,57.6269149780
2016.10.06,57.4913669419,58.1163563432,56.9266187288,57.7248001099
2016.10.07,58.0937767119,58.5907522323,57.3332473870,57.6419792175
2016.10.10,57.6871434842,58.1916504702,57.6871434842,57.9808120728
2016.10.11,57.8528329224,57.9958986240,57.2730212933,57.4010353088
2016.10.12,57.5817325631,58.2293110168,57.2805323471,58.1766014099
2016.10.13,58.0109508274,58.6509978043,57.7775233493,58.5004005432
2016.10.14,58.3723782404,58.9521896773,58.2142494153,58.3046112061
2016.10.17,58.4326191235,58.7564083573,58.3573205040,58.3799095154
2016.10.18,58.7187791212,59.1103355038,58.5757076809,58.7790145874
2016.10.19,58.8091034857,59.0274734497,58.4928459151,59.0274734497
2016.10.20,58.9296077690,59.1856242562,58.4853360922,58.8015937805
2016.10.21,58.4476899683,58.8015941005,58.3046185512,58.7262954712
2016.10.24,58.9145276353,59.4265662072,58.6509796376,58.8844070435
2016.10.25,58.7639375311,58.8618251578,58.5305100970,58.7714691162
2016.10.26,58.4778008603,58.5907459130,57.7323290427,58.0862388611
2016.10.27,57.9732973969,57.9808289832,56.6028416689,56.7534446716
2016.10.28,56.7534489635,57.3181973405,56.6706187420,56.8663940430
2016.10.31,57.1901845874,57.7624645637,56.8739268682,57.7097549438
2016.11.01,57.4085434806,57.4612530902,56.2790469219,56.4371757507
2016.11.02,56.3844580209,56.4823513853,55.6389920081,55.7142906189
2016.11.03,55.7444088902,55.8347706663,55.3001430838,55.3904991150
2016.11.04,55.3829677395,55.8950062630,55.2398963779,55.6841621399
2016.11.07,56.2112797734,56.6706088326,56.1962166022,56.5953102112
2016.11.08,56.5802471113,57.0998173663,56.4221182826,56.9416885376
2016.11.09,55.6465226920,56.3618680999,55.0064758936,55.8874816895
2016.11.10,55.7444309558,55.8498501972,54.2986764356,54.8709564209
2016.11.11,54.8107019865,55.7368859186,54.7429292078,55.1646118164
2016.11.14,54.9688311071,56.3016344843,54.6073896899,56.0983276367
2016.11.15,56.3920027030,56.7534441614,55.5260541159,55.8950271606
2016.11.16,55.7971213271,56.0832640934,55.4281541095,55.7745323181
2016.11.17,55.7067666009,56.1510324403,55.2926156109,55.3152046204
2016.11.18,55.4507563219,55.6766579549,55.1872082466,55.4808769226
2016.11.21,55.7293738525,56.1058727867,55.4055845393,55.4884147644
2016.11.22,55.6615890330,56.4672963484,55.6164110090,56.4371757507
2016.11.23,55.7594812269,56.2263361178,55.7067716184,56.1284484863
2016.11.25,56.1435092840,56.7007317443,56.1435092840,56.4145889282
2016.11.28,56.3919968008,56.9943972535,56.3844652153,56.6103668213
2016.11.29,56.6781273593,57.3181799212,56.6254177566,57.0772209167
2016.11.30,56.6028364788,56.8287380898,56.1811595996,56.3618774414
2016.12.01,55.9401804881,56.2338490300,55.2624816434,55.4733200073
2016.12.02,55.7971171379,56.5802352769,55.7971171379,56.0606651306
2016.12.05,56.1736230462,56.5877740480,55.9703162103,56.5049438477
2016.12.06,56.6404981391,57.0922956917,56.4748376960,56.8663940430
2016.12.07,56.8889917158,58.0184885275,56.8438079368,57.9733047485
2016.12.08,57.5214902613,58.4552057426,57.5214902613,58.2669563293
2016.12.09,58.2669568909,58.7262859233,58.1389486674,58.2217788696
2016.12.12,58.1088103043,58.6283803695,57.9883337029,58.5832023621
2016.12.13,58.8241613099,58.8994599039,58.2142294850,58.5832023621
2016.12.14,58.6509907507,58.7865305673,57.3332447677,57.4989051819
2016.12.15,57.4913636932,57.7323226874,56.9040265040,57.0696868896
2016.12.16,57.2579432484,58.1690697354,57.2579432484,57.8302230835
2016.12.19,58.1314120699,58.6208616559,58.0787024680,58.4702644348
2016.12.20,58.4477134450,59.0350510323,58.2067542875,58.5757217407
2016.12.21,58.6184521249,58.9315142727,57.8167182563,57.8548927307
2016.12.22,57.6563624552,57.8243464277,57.2440397479,57.7479858398
2016.12.23,57.8930852770,57.9312655849,57.6487464522,57.9007225037
2016.12.27,58.0610429596,58.1297604922,57.7403494899,57.9694137573
2016.12.28,58.1068796449,58.1068796449,57.3891376409,57.6258392334
2016.12.29,57.7632615796,58.3511996710,57.5265542378,58.1984901428
2016.12.30,58.2824812418,58.8627821003,57.9999622110,58.7482528687
2017.01.03,58.9009857021,59.0384266599,58.5497489934,58.9849777222
2017.01.04,58.9696645950,59.9012016888,58.9696645950,59.7943038940
2017.01.05,59.4125481638,60.0386665662,59.1147604984,60.0004920959
2017.01.06,59.6263296194,60.1913675695,59.6263296194,59.8706741333
2017.01.09,60.0233848852,60.1073768572,59.4125352387,59.4736213684
2017.01.10,59.4507337422,59.5347257400,58.8933328320,58.9162445068
2017.01.11,58.9085881090,59.0842034468,58.6184319110,58.6642494202
2017.01.12,58.6795425382,58.9467871805,58.1908649565,58.9315185547
2017.01.13,58.8933205784,59.1529337426,58.6566190842,58.8704147339
2017.01.17,59.0689404746,59.3209164100,58.9544054290,59.2674674988
2017.01.18,59.2674653259,59.5652529385,59.1681989048,59.3667259216
2017.01.19,59.0460405218,59.1911128237,58.6337178116,58.7482528687
2017.01.20,58.7558835486,59.1682062538,58.6795287867,59.1223945618
2017.01.23,59.1376626877,59.6797948918,59.0613079264,59.5728912354
2017.01.24,59.5499842198,59.8477718610,59.3514630094,59.7103309631
2017.01.25,59.5957821116,59.8859324336,59.2216340083,59.3896179199
2017.01.26,59.4507283466,59.7103357158,59.2292954477,59.3285560608
2017.01.27,59.4354491292,59.5423527834,58.5649920516,58.7711563110
2017.01.30,58.6413559628,58.6795304321,58.2061273993,58.3664741516
2017.01.31,58.1297585662,59.0994819919,58.0915841023,58.8246002197
2017.02.01,58.7100673747,59.1223900485,58.1144921212,58.1297607422
2017.02.02,58.2137477424,58.8551404552,58.1908419000,58.7787857056
2017.02.03,59.1071209381,59.4430830275,58.9696800480,59.1758384705
2017.02.06,59.3209421698,59.3285735708,58.8857134676,58.9773368835
2017.02.07,59.1529389929,59.2598368272,58.8017024194,58.8933258057
2017.02.08,59.1376720342,59.4125538788,58.8780646396,59.3209304810
2017.02.09,59.3590875447,59.5805204004,59.2598269509,59.5041656494
2017.02.10,59.3972747624,59.9928500454,59.3590944697,59.9623069763
2017.02.13,60.0539526666,60.2601111575,59.7790707951,60.1608505249
2017.02.14,60.0081236674,60.0463039633,59.3896424874,59.8248710632
2017.02.15,59.5041521563,59.8172083121,59.1758215585,59.7713966370
2017.02.16,59.8248735004,60.4128174582,59.6568895125,60.0539436340
2017.02.17,60.1837298621,60.2677218317,59.7637700141,60.1531867981
2017.02.21,60.0615958162,60.9549590740,59.8325256255,60.9091415405
2017.02.22,60.9396536261,61.1305434127,60.4433448412,60.7564010620
2017.02.23,60.9702004009,61.1000040656,60.5426091169,61.0160179138
2017.02.24,60.9931147334,61.3748943830,60.7258701437,61.3214454651
2017.02.27,61.4436162055,61.8635703143,61.3214439245,61.6421432495
2017.02.28,61.6345019426,61.6421391660,61.2374478809,61.3978004456
2017.03.01,61.0847292955,61.5046891396,60.9091081355,61.2069015503
2017.03.02,61.0771149003,61.1763813508,60.7869644249,60.9549484253
2017.03.03,60.8480290722,60.9472896621,60.2295422141,60.8098487854
2017.03.06,60.6265987254,60.7716710051,60.2448191438,60.5273323059
2017.03.07,60.4433595520,60.4968084722,60.0157623645,60.2677383423
2017.03.08,60.0310230715,60.0539289142,59.2598266912,59.3438186646
2017.03.09,59.3056437814,59.5499825011,58.4046436602,58.5879020691
2017.03.10,58.8475069441,59.2750982293,58.1755769495,58.4428215027
2017.03.13,58.5497229673,58.8780536747,58.3893762254,58.5344543457
2017.03.14,58.5115458781,58.6260809358,58.1832151527,58.4810028076
2017.03.15,58.6260777929,59.8477714176,58.5573602572,59.5576210022
2017.03.16,59.4583549500,59.8324973139,59.3590885291,59.4583549500
2017.03.17,59.6110703579,59.8859521537,59.4049119238,59.7103309631
2017.03.20,59.7485136613,59.9164976350,59.5728924637,59.6874275208
2017.03.21,59.7943315684,60.0157644817,59.4354577374,59.4965438843
2017.03.22,59.6798111845,59.6798111845,59.0155123461,59.5270957947
2017.03.23,59.5500105998,60.3593877239,59.4507499506,59.9699707031
2017.03.24,60.1279680323,60.2744354775,59.8196183020,59.9275398254
2017.03.27,59.7656720455,60.0123507133,59.2954399160,59.5189933777
2017.03.28,59.3956236951,59.8350200097,59.1566496424,59.7810592651
2017.03.29,59.8812848415,60.0662923130,59.5960603337,60.0431671143
2017.03.30,60.0431750417,60.2667284615,59.6269037649,60.2204780579
2017.03.31,60.2436094829,60.6752956451,60.1356879424,60.5057029724
2017.04.03,60.5904897971,60.6598712801,60.3361008280,60.5596542358
2017.04.04,60.5365385385,60.8680135219,60.3746562277,60.5057029724
2017.04.05,60.6059106726,60.9296752442,60.5134039887,60.5211143494
2017.04.06,60.5673684967,60.9836397779,60.2513142662,60.9373893738
2017.04.07,60.9990492831,61.2303130462,60.8294625223,61.0067596436
2017.04.10,61.0992806139,61.4538808207,60.7909308181,61.4307556152
2017.04.11,61.4924365677,61.8393323821,61.3691001467,61.7699508667
2017.04.12,61.7313815943,61.9086787184,61.5386637491,61.6311645508
2017.04.13,61.6388783039,61.7853457564,61.4769960108,61.5078315735
2017.04.17,61.7390920493,62.2941204383,61.5772097494,62.2787055969
2017.04.18,62.2787186679,62.4560158464,62.1707971120,62.4251861572
2017.04.19,62.4020294964,62.5870428432,62.2324427503,62.3249435425
2017.04.20,62.1553449042,62.4174441796,61.9780478155,62.3634834290
2017.04.21,62.2401614820,62.3712141030,62.0320287707,62.1168251038
2017.04.24,62.4097636512,62.4868496345,61.1224094985,61.5772209167
2017.04.25,61.6080339113,61.8547124962,61.4924020381,61.7545013428
2017.04.26,61.6697271806,61.8161946647,61.2226202470,61.3459625244
2017.04.27,61.4153366089,61.7699368256,61.2997046971,61.4153366089
2017.04.28,61.3074161837,61.4461733042,60.6675913570,60.8448944092
2017.05.01,60.9219698696,61.3228263179,60.6984164429,61.2149047852
2017.05.02,61.2919899507,61.3922011208,60.9065542300,61.0607261658
2017.05.03,60.9374003523,61.1609479335,60.1896539836,60.3284111023
2017.05.04,59.9660958881,60.1588137670,59.5035741552,60.0663070679
2017.05.05,60.1896398420,60.6752867029,60.1356790797,60.6444511414
2017.05.08,60.6675804608,60.8371731200,60.0046305466,60.2975654602
2017.05.09,60.2821291943,60.3515106649,59.7579365108,59.9737854004
2017.05.10,59.9429653007,60.5134085241,59.8042082052,60.2975654602
2017.05.11,60.0817069045,60.0971217417,59.5960542546,59.9737854004
2017.05.12,60.0817184152,60.0971332554,59.7271182792,59.8119087219
2017.05.15,59.8273275342,60.4440269831,59.8273275342,60.0277557373
2017.05.16,59.9815009407,60.1125535467,59.6037756066,59.6885719299
2017.05.17,59.6654819477,60.2667610455,59.6500612173,60.0046615601
2017.05.18,59.9738013021,60.3052762616,59.5344048098,60.1665191650
2017.05.19,60.1973438965,60.8063329990,59.9352504474,60.5211143494
2017.05.22,60.6753000871,60.9065639087,60.4440421467,60.6984252930
2017.05.23,60.8602948483,61.0915586214,60.6829977193,60.8371696472
2017.05.24,60.9142715874,61.3228384780,60.8911463803,61.2457466125
2017.05.25,61.3228245136,61.6465891021,61.1609363380,61.3767852783
2017.05.26,61.4923919705,61.5232275238,60.8602778327,60.9990348816
2017.05.30,61.0376002457,61.1301069348,60.7600860596,60.7600860596
2017.05.31,60.8911484308,61.0838663384,60.5827986024,60.7755165100
2017.06.01,60.6444550375,61.2071937789,60.5056979425,61.0221862793
2017.06.02,61.5540773811,61.8007559829,61.3382343397,61.6234588623
2017.06.05,61.4770060262,61.6003482970,61.1840769548,61.4307556152
2017.06.06,61.3921868833,61.3921868833,61.0452971677,61.1223831177
2017.06.07,61.1069755732,61.4692860858,61.0915607324,61.3767852783
2017.06.08,61.3844756123,61.4769822797,60.7292362251,61.2765541077
2017.06.09,61.3922054869,61.8007664389,61.0607305083,61.6697196960
2017.06.12,61.5232567582,62.0782852173,61.4384604168,62.0782852173
2017.06.13,62.0320153310,62.2478583570,61.8315871434,62.2093124390
2017.06.14,62.5793407270,62.7643482170,62.1630694637,62.4097480774
2017.06.15,62.3712271803,62.7797882082,61.9857913605,62.6256103516
2017.06.16,62.6564269952,62.7335129596,62.3018268539,62.5870513916
2017.06.19,62.6333171116,62.7104030949,62.3712235922,62.6949882507
2017.06.20,62.7335409074,62.8491728462,62.1091366718,62.4868621826
2017.06.21,62.4482890073,62.5716253637,61.9549318194,62.2401504517
2017.06.22,62.2170160138,62.5022404850,62.0320085662,62.3634834290
2017.06.23,62.4251876142,62.8799990560,62.3558061088,62.6101951599
2017.06.26,62.7797665916,63.1652022787,62.6101739483,63.0110244751
2017.06.27,62.9106859150,63.2451106195,62.5840401852,62.6384811401
2017.06.28,62.5607333160,62.9340411702,62.5218443616,62.7240562439
2017.06.29,62.3585381193,62.6774050829,61.8841212302,62.0396652222
2017.06.30,62.3040971288,62.4751990801,61.8919002099,62.0396652222
2017.07.03,62.2807383997,62.7940380915,62.1251885434,62.7007141113
2017.07.05,62.7862665950,62.7862665950,61.8296542394,61.9929771423
2017.07.06,61.6663537509,61.7907877506,60.8264020016,60.9119529724
2017.07.07,60.9041513179,61.3630159843,60.8263793553,61.2074661255
2017.07.10,61.2930241903,61.4330161127,60.6941734819,60.7563934326
2017.07.11,60.8263818349,60.8341608115,60.2897451841,60.6863899231
2017.07.12,61.1841650320,61.6974709164,61.0752830445,61.4485969543
2017.07.13,61.4796722863,61.6507682177,61.3552324086,61.4718933105
2017.07.14,61.9152145588,62.1874194383,61.7830016079,62.0940895081
2017.07.17,62.2107338789,62.4596076930,61.9540870229,62.3429527283
2017.07.18,62.3818451439,62.4440650903,62.1096402959,62.1874122620
2017.07.19,62.1718618543,62.6851615906,62.0552009354,62.6851615906
2017.07.20,62.8173967464,62.9262846606,62.4051998295,62.4363098145
2017.07.21,62.4207355599,62.5685005188,62.2340757166,62.5685005188
2017.07.24,62.5062869693,62.5996109581,62.1718621646,62.4051780701
2017.07.25,62.2340744508,62.5140582765,62.0940825380,62.4829483032
2017.07.26,62.3818474104,63.0040350288,62.3507374361,62.8173751831
2017.07.27,62.7396170170,63.0740418971,62.2885311911,62.8718299866
2017.07.28,62.7784939023,63.0118098154,62.6073920058,62.7396049500
2017.07.31,62.8407048982,62.8640358928,62.3040682873,62.7318229675
2017.08.01,63.0117988586,63.2451206648,62.5996021435,63.0117988586
2017.08.02,62.8018157859,62.8951456978,62.4051710774,62.6151618958
2017.08.03,62.5451992638,62.7863001926,62.2963252880,62.3974342346
2017.08.04,62.4129736764,62.7862875316,62.3818636940,62.6074066162
2017.08.07,62.5840597419,62.7084937064,62.3429648565,62.6540527344
2017.08.08,62.2262967501,62.5607215205,62.1251878612,62.3118476868
2017.08.09,62.4518539324,62.4518539324,62.0396511732,62.2029800415
2017.08.10,62.0240972837,62.2185301905,61.7130034460,61.7285614014
2017.08.11,61.7285633708,61.8529973496,61.1841476541,61.4330215454
2017.08.14,61.6352190607,62.4596125209,61.6041090898,62.3740615845
2017.08.15,62.0474005144,62.2418333342,61.8374156798,62.1951713562
2017.08.16,62.2418453266,62.6307110412,62.2340663509,62.4673881531
2017.08.17,62.3196491545,62.5996330869,62.0163342167,62.0396652222
2017.08.18,61.8140903639,61.8763043624,61.4174457136,61.5807685852
2017.08.21,61.6663539068,62.2729837493,61.4952519648,62.1329917908
2017.08.22,62.2418369653,62.3740498664,61.9229702076,62.0785140991
2017.08.23,62.0474194006,62.7162689791,61.9618684591,62.5918350220
2017.08.24,62.7784911662,63.0584749967,62.5062863126,62.5296173096
2017.08.25,62.7629372140,63.0429210623,62.5374002735,62.8251571655
2017.08.28,62.9495895242,62.9495895242,62.3351809270,62.5062828064
2017.08.29,62.4518566396,62.7007305413,62.3585267013,62.4129676819
2017.08.30,62.2885070469,62.7629236913,62.1251841595,62.7473716736
2017.08.31,62.8562586043,63.3384542629,62.8407065854,63.1517944336
2017.09.01,63.1907016553,63.4551275895,63.0662617332,63.1595916748
2017.09.05,63.2684653535,63.4317882797,62.7240555994,63.0273704529
2017.09.06,63.1751313625,63.5095561396,63.0973534668,63.1517944336
2017.09.07,63.2917959963,63.6417787793,63.1829140461,63.5640068054
2017.09.08,63.4473363751,63.7506511815,63.3462274839,63.5251083374
2017.09.11,63.7584450714,64.1084219503,63.5562331753,64.0617599487
2017.09.12,63.9995278917,64.0617478377,63.1984653705,63.4162292480
2017.09.13,63.4084614426,63.4317924430,62.9884856331,63.1829185486
2017.09.14,63.1518015808,63.5951083416,62.8951546703,63.5717773438
2017.09.15,63.6028941018,63.8439890173,63.2684692512,63.8362159729
2017.09.18,63.7195499858,63.8750939317,63.3073531887,63.4940071106
2017.09.19,63.5095857272,63.5329167333,62.8951768536,63.0040588379
2017.09.20,63.0895925110,63.2218054651,62.5374037609,62.8484916687
2017.09.21,62.8018223170,63.1362471190,62.6462783813,62.6462783813
2017.09.22,62.6229336265,62.9106963986,62.2262948600,62.2729568481
2017.09.25,62.3740847150,62.8096185350,62.3429806662,62.6074066162
2017.09.26,62.6795497219,62.8050468915,62.5383616658,62.6246376038
2017.09.27,62.3422577435,62.5775671440,61.9422239830,62.1226272583
2017.09.28,62.0128210671,62.6403248318,61.9971361659,62.5854187012
2017.09.29,62.5775922493,62.7344712302,62.3893434565,62.6560287476
2017.10.02,62.7580143614,62.8442963224,62.4756381226,62.5305442810
2017.10.03,62.5383794985,62.6560312585,62.4128763087,62.5775947571
2017.10.04,62.5775890851,63.0246836856,62.4207160964,62.9776229858
2017.10.05,63.0168347198,63.4325594868,62.8129010428,63.1737136841
2017.10.06,62.9462394714,62.9854607060,62.4128629973,62.9462394714
2017.10.09,62.9697968545,63.1894214998,62.8992057833,63.0717697144
2017.10.10,63.1344934853,63.5502122748,63.0325266451,63.1580238342
2017.10.11,63.2364605613,63.5658973852,62.9854602216,63.4247093201
2017.10.12,63.4168745759,63.8482842878,63.4011896702,63.8404388428
2017.10.13,64.0757367060,64.1463277389,63.7227635885,63.9816093445
2017.10.16,63.9580952572,64.0208468475,63.6286583845,63.6600341797
2017.10.17,63.6600291616,63.8169021407,63.5502108951,63.7149353027
2017.10.18,63.5345168047,63.8482687018,63.4717652284,63.6443290710
2017.10.19,63.6364976653,63.7776857509,63.3541214940,63.5972824097
2017.10.20,63.5188365969,63.6286488714,63.1815543298,63.3933334351
2017.10.23,63.5031607268,63.5423819703,63.0325357272,63.0952873230
2017.10.24,63.0560591940,63.2050927216,62.5540584513,62.7815284729
2017.10.25,62.4756128307,62.7579889552,62.1697063598,62.5383644104
2017.10.26,62.6246394602,62.9854580464,62.0049870680,62.1540145874
2017.10.27,62.2952247010,62.5619160134,61.7775389530,62.4364128113
2017.10.30,62.2952209816,62.8207521445,62.2952209816,62.5697517395
2017.10.31,62.5697468928,62.7187804288,62.1304977142,62.6874046326
2017.11.01,62.7893650598,62.9932987185,62.6168012068,62.7344589233
2017.11.02,62.8756476108,63.4560847713,62.7736747961,63.1266479492
2017.11.03,62.7579922123,63.2364625602,62.6011132548,63.0874290466
2017.11.06,63.3384431529,63.9973169647,63.1737247000,63.8169136047
2017.11.07,63.8561165909,64.4208628461,63.8561165909,64.2718353271
2017.11.08,64.2012387763,64.7816759227,64.1384871972,64.7032394409
2017.11.09,64.3738191007,65.0091625454,64.3502887486,64.6797256470
2017.11.10,64.3502826284,64.8601288185,64.1698733054,64.7189407349
2017.11.13,64.8287569486,65.0640664461,64.6561930599,64.9542541504
2017.11.14,64.8130584260,65.1032800214,64.6718703504,64.8522796631
2017.11.15,64.8209184514,65.0013278047,64.2718569142,64.2953872681
2017.11.16,64.2639739217,64.8130351381,64.2639739217,64.7267532349
2017.11.17,64.5150005053,64.7503159708,64.3502820732,64.4287185669
2017.11.20,64.4836360831,64.5306967907,64.2091053145,64.2953872681
2017.11.21,64.4600871568,64.9150271476,64.3894901313,64.7581481934
2017.11.22,64.5463677401,64.7816771900,64.4444009102,64.5777435303
2017.11.24,64.6562068166,64.8209252951,64.6405219071,64.7111129761
2017.11.27,64.8757852358,64.9150064579,64.4443817139,64.4443817139
2017.11.28,64.4444183876,64.5542306909,64.0208540817,64.3032302856
2017.11.29,64.1777165235,64.3738107449,63.9031858105,64.2247772217
2017.11.30,64.2796963760,64.4522602832,64.1071384531,64.2953872681
2017.12.01,64.3424202575,64.5934205642,63.8168893006,64.4130172729
2017.12.04,64.4914475184,64.7659781423,63.8874741617,63.9188499451
2017.12.05,63.9110087328,64.0208209793,63.5345053273,63.5423507690
2017.12.06,63.6364963532,63.7698449755,63.2599987888,63.5188446045
2017.12.07,63.6757049905,63.8796446217,63.3854834378,63.7776718140
2017.12.08,63.9816031053,64.1071062417,63.7698240428,63.9894485474
2017.12.11,63.9894827887,64.0757647452,63.8090734296,64.0600738525
2017.12.12,64.2247736866,64.4836194808,63.8796519454,64.3189010620
2017.12.13,64.3737958873,64.7346084532,64.3188897573,64.4522323608
2017.12.14,64.4522325177,64.6561721369,64.1855473100,64.4130172729
2017.12.15,64.4993222911,64.8287591895,64.4914768457,64.6797256470
2017.12.18,64.7032450569,65.3150580460,64.7032450569,65.0405273438
2017.12.19,65.1277329177,65.2149236817,63.6929528641,63.7880783081
2017.12.20,63.7246450938,63.8990386728,63.1063449848,63.1221961975
2017.12.21,63.3362428594,63.3520940762,62.8447704717,62.8923301697
2017.12.22,63.1142858359,63.3837988391,62.8923264801,63.2886734009
2017.12.26,63.2569693265,63.7642928880,63.2014810009,63.5978279114
2017.12.27,63.7008584781,63.9703714004,63.6057330684,63.8276863098
2017.12.28,63.8752778717,64.2319877185,63.6850269755,64.2002792358
2017.12.29,64.3270944923,64.4301424953,64.0972125952,64.2161178589
2018.01.02,64.2636764642,64.3588018831,63.7880614652,63.8911094666
2018.01.03,63.9703945161,64.0813711769,63.6295359014,63.7880783081
2018.01.04,63.8435487082,63.8514773383,62.7734134666,62.7892646790
2018.01.05,62.9874519668,62.9874519668,62.6941530680,62.8526954651
2018.01.08,62.9319471703,63.3362226174,62.8685302281,63.2093887329
2018.01.09,63.2490355236,63.3520835347,62.4801216125,62.4801216125
2018.01.10,62.2264549498,62.3136517399,61.4179100433,61.7191314697
2018.01.11,61.8856035575,61.9965802036,61.3465715417,61.5051078796
2018.01.12,61.3941403650,61.4892658105,60.8947453833,61.0057220459
2018.01.16,61.2514598065,62.1709877058,61.1484117686,61.1721916199
2018.01.17,61.3861972313,61.7270557374,61.1880238219,61.6081504822
2018.01.18,61.4337774792,61.5447541418,60.9026740157,61.0057220459
2018.01.19,61.0612066776,61.4179225410,60.8868130618,61.4020652771
2018.01.22,61.4575407654,61.9569416603,61.3941238188,61.9014472961
2018.01.23,62.0679172873,62.7734141756,62.0679172873,62.7575569153
2018.01.24,62.5435311996,62.8289014020,62.2977920516,62.5356025696
2018.01.25,62.4642718241,62.5831710520,62.1154846282,62.4167060852
2018.01.26,62.5276760683,62.6148728579,62.0362098512,62.4404792786
2018.01.29,62.2105870760,62.3770519813,61.6160669650,61.6398468018
2018.01.30,61.3941196964,61.5843705234,61.1483866045,61.3069229126
2018.01.31,61.5526654159,62.3215792525,61.3148548929,62.2740135193
2018.02.01,62.1471986490,62.5752540510,61.1801111906,61.2355995178
2018.02.02,60.7916896061,61.0453513808,60.2209491010,60.6093673706
2018.02.05,60.4111924384,60.8947361295,58.6593399048,58.6593399048
2018.02.06,58.1520034690,59.2379958873,57.6526086740,58.8654289246
2018.02.07,58.7306670011,59.7215340193,58.6038391676,58.6355476379
2018.02.08,58.5087247019,59.0477567025,56.8837061167,56.9074859619
2018.02.09,57.2721340421,58.5880088136,56.4952913622,58.0886077881
2018.02.12,58.3977455266,58.5721391145,56.8440665445,58.2629890442
2018.02.13,58.2233464932,58.8812836778,57.8904166099,58.7068901062
2018.02.14,58.3264122901,58.7465390439,57.5654269544,58.4215316772
2018.02.15,58.5800792030,59.1428911346,58.3660484677,59.0002059937
2018.02.16,59.0715326830,59.7136187014,59.0556814698,59.4995880127
2018.02.20,59.2221501548,59.7453309400,58.7386064768,58.7623863220
2018.02.21,58.7465467632,59.1904534221,57.7715305828,57.7873878479
2018.02.22,58.0172658922,58.8020311249,57.9062892350,58.3264160156
2018.02.23,58.6514063204,59.3410520301,58.4294530477,59.3172721863
2018.02.26,59.6105694492,59.6502065571,59.1666628706,59.5233726501
2018.02.27,59.5709175791,59.6264058820,58.2629720980,58.2709007263
2018.02.28,58.5880025403,58.9526409681,58.1282386780,58.1282386780
2018.03.01,58.0568880477,58.7227539367,57.6684698070,57.9459114075
2018.03.02,57.7477395613,57.9221331572,57.2800531429,57.8428649902
2018.03.05,57.5495703750,58.8099566992,57.5495703750,58.4928779602
2018.03.06,58.5166418023,59.0160365973,58.2154204090,58.8654289246
2018.03.07,58.5959274038,59.2459361130,58.4453196862,59.1666679382
2018.03.08,59.2142374925,59.5313162920,59.0557011167,59.4678993225
2018.03.09,59.5630086802,59.8404502869,59.1745904310,59.8404502869
2018.03.12,59.8166780995,60.2685133589,59.7215526589,60.1416854858
2018.03.13,60.4270558437,60.5697409810,60.0307089122,60.2368049622
2018.03.14,60.3398625688,60.5221787812,59.9910753133,60.2843742371
2018.03.15,60.3477732622,60.5538753314,59.9672836474,60.2685050964
2018.03.16,60.1971772608,60.7124234624,60.0544921156,60.6252326965
2018.03.19,60.5459675459,60.6014558858,59.7136424470,60.0624237061
2018.03.20,60.0703160347,60.4587341794,59.7690946639,60.0148277283
2018.03.21,59.9593559275,60.1892378452,59.2380077459,59.5550804138
2018.03.22,59.4096101522,60.1689125463,59.1938043111,59.2097930908
2018.03.23,59.1618547197,59.3696662477,58.1467863557,58.2666778564
2018.03.26,58.7462066448,59.1058748585,58.3865384310,59.0019721985
2018.03.27,59.0978940790,59.9371220504,58.4984429146,59.1618309021
2018.03.28,59.4336022599,60.4806419751,59.1618478168,60.3048019409
2018.03.29,60.4246958590,60.6085302924,60.0969989532,60.3207931519
2018.04.02,60.2888122699,60.4806349677,59.1378638872,59.4895439148
2018.04.03,59.6573970617,60.1129798376,59.2657572257,59.8811912537
2018.04.04,59.6254086413,60.6724541675,59.3936201233,60.5525627136
2018.04.05,60.5605755069,60.7204328761,60.1129870691,60.6085357666
2018.04.06,60.5126137109,60.8642937808,59.8811909027,60.0650253296
2018.04.09,59.9451417321,60.4566731204,59.8572217031,59.9611244202
2018.04.10,60.2408594260,60.3447621192,59.5614764311,59.7293281555
2018.04.11,59.5694647650,60.3527503735,59.5694647650,59.8651962280
2018.04.12,60.0330472940,60.0330472940,59.1298762381,59.2977218628
2018.04.13,59.1138725455,59.6094210013,59.1138725455,59.5055122375
2018.04.16,59.5055405772,60.0730266088,59.4735752017,59.7932777405
2018.04.17,59.9451180432,60.8962492008,59.8092439058,60.5685462952
2018.04.18,60.5605613162,60.8083386559,60.4326815488,60.4646530151
2018.04.19,60.1769223186,60.2488535521,59.2098082261,59.6014480591
2018.04.20,59.5455028419,59.7932741239,59.0339714932,59.0899200439
2018.04.23,59.1538484417,59.3616538086,58.8501225858,59.1298713684
2018.04.24,59.2577615216,59.5774701164,59.0099902571,59.2737503052
2018.04.25,59.0819196428,59.3376852911,58.5623939546,59.1458625793
2018.04.26,59.3376762288,60.1769103737,59.2577506193,59.8651962280
2018.04.27,59.7692895792,60.8323180076,59.6893639593,60.6404953003
2018.04.30,60.6005374277,60.9602058135,60.4406861669,60.4566688538
2018.05.01,60.5046223743,60.9602051706,60.2808281723,60.8802795410
2018.05.02,60.7444051444,60.9681993456,60.2568508785,60.6724739075
2018.05.03,60.5525731006,60.9362185014,60.4246872351,60.6964416504
2018.05.04,60.7044308267,61.5036992042,60.6964425335,61.3358535767
2018.05.07,61.4397621902,61.7754534442,61.3358533988,61.6715507507
2018.05.08,61.5116931052,61.6395789715,61.1600130705,61.3678245544
2018.05.09,61.2639284571,61.7594709978,61.1520313609,61.7434883118
2018.05.10,62.0232179759,62.3988750472,61.9432923666,62.3109550476
2018.05.11,62.3189510456,62.5507395870,61.9752654287,62.0551910400
2018.05.14,61.9912568235,62.1191426980,61.2958971995,61.5996170044
2018.05.15,61.1600076000,61.3118705282,60.5046078382,60.6884422302
2018.05.16,60.8402951918,60.9601805388,60.4086896490,60.5125923157
2018.05.17,60.4167008357,60.6405011300,60.0810095412,60.2009010315
2018.05.18,60.3127882148,60.5205996906,60.0570225898,60.3367652893
2018.05.21,60.4326719707,61.0800772922,60.1209578457,60.9841690063
2018.05.22,60.9601933864,61.0960736381,60.7443936184,61.0641021729
2018.05.23,61.1919913019,61.7275058042,61.0081629711,61.5836372375
2018.05.24,61.6395856458,61.7834542121,61.0960828507,61.4317741394
2018.05.25,61.3917948294,61.8473775065,61.3358462935,61.6395721436
2018.05.29,61.7194959117,62.0631815069,61.2878903203,61.8233985901
2018.05.30,61.7114954521,62.8384665130,61.6555469234,62.6066780090
2018.05.31,62.3909108107,62.6866424157,62.1990880361,62.4948196411
2018.06.01,62.4868114176,62.8384915080,62.2070686629,62.7106056213
2018.06.04,62.8624584061,63.2620925903,62.6466525317,63.2620925903
2018.06.05,63.3739974071,63.5018771907,62.9583743899,63.1821746826
2018.06.06,63.0622704844,63.2540931702,62.7985104802,63.2540931702
2018.06.07,63.2620806636,63.3979547971,62.8864236255,63.2940521240
2018.06.08,63.2620940480,63.5178596879,63.1581852550,63.4778938293
2018.06.11,63.4059650265,63.5738106624,63.3420220896,63.4938850403
2018.06.12,63.3340311464,63.9574595703,63.2301284417,63.8135910034
2018.06.13,63.8375595900,63.9334678808,62.4548227853,62.5267601013
2018.06.14,62.8145101065,63.3500246497,62.7106073940,63.1502075195
2018.06.15,63.1581628048,63.5338197889,62.9903172350,63.2141113281
2018.06.18,62.9104166073,63.1581878662,62.7265882856,63.1581878662
2018.06.19,63.0143272366,63.3979788096,62.9503903894,63.1502075195
2018.06.20,63.1741605975,63.8375546811,63.1182120662,63.7656173706
2018.06.21,63.7896045103,64.1332901417,63.6377476717,64.0933303833
2018.06.22,64.1253102555,64.5329327734,63.8775328900,64.5009613037
2018.06.25,64.6927912892,64.6927912892,63.9494713753,64.2771682739
2018.06.26,64.3861112133,64.7734958961,64.1762775869,64.5313796997
2018.06.27,64.7573585150,64.8461340528,64.1843566895,64.1843566895
2018.06.28,64.2408437084,64.9510479448,64.2247055017,64.8703384399
2018.06.29,64.7250494081,65.2899849766,64.3699535598,65.0317306519
2018.07.02,64.9994731753,65.0640383207,63.9664554776,64.6443710327
2018.07.03,64.7977002787,65.5805355964,64.5878666718,65.1285858154
2018.07.05,65.2900177371,65.9760055542,65.0801840688,65.9760055542
2018.07.06,66.1212573538,66.3149466063,65.9759888752,66.2503814697
2018.07.09,66.2342644286,66.2665470072,65.3868636727,65.6612625122
2018.07.10,65.7177381051,65.9679203266,65.4110629254,65.8630065918
2018.07.11,65.7500380641,65.9840821410,65.5966973550,65.6612625122
2018.07.12,65.4998387346,65.9517824030,65.4998387346,65.8549346924
2018.07.13,65.9759895720,66.1373962579,65.6128214501,65.6289596558
2018.07.16,65.5563231157,65.6208820904,64.9671770617,65.3303451538
2018.07.17,65.3303597382,65.4998447867,64.8542056375,64.9833297729
2018.07.18,64.7976861734,65.0559404961,64.3618808495,64.6766281128
2018.07.19,64.5475160185,65.5643891392,64.4183857545,65.3303451538
2018.07.20,65.1205420549,65.2335279994,64.5394679645,64.7815780640
2018.07.23,64.6443657227,64.7573516393,64.2489150147,64.6201553345
2018.07.24,64.7170227483,64.8622912791,64.1359486248,64.3054275513
2018.07.25,64.3376957437,64.9510523099,64.3376957437,64.8299942017
2018.07.26,65.0559586166,65.3626337860,64.7492834472,65.0075378418
2018.07.27,65.1447413729,65.1931621531,64.3134851406,64.3780441284
2018.07.30,64.4426169996,64.5717473053,63.9583906676,64.4668273926
2018.07.31,64.8622659805,65.7742254169,64.7573460975,65.5724639893
2018.08.01,64.9994808113,65.9114405078,64.6847333870,65.7903823853
2018.08.02,65.7419428496,65.9921250496,65.5321092408,65.5724639893
2018.08.03,65.7822918890,66.3875761194,65.6289512470,66.3472213745
2018.08.06,66.2342245800,66.5570440145,66.0889561423,66.3068618774
2018.08.07,66.2584549042,66.3230200420,65.7984390726,66.0728378296
2018.08.08,66.0566882515,66.0728326133,65.5966724562,65.6773757935
2018.08.09,65.6773700414,65.9517687527,65.6289492747,65.7580795288
2018.08.10,65.6128152634,65.8468530887,65.1689376831,65.1689376831
2018.08.13,65.2254255946,65.3787662300,65.0155920132,65.1366500854
2018.08.14,65.2173767070,65.6208996539,65.1770281067,65.4917755127
2018.08.15,65.4917562226,66.0647578996,65.3626259622,65.9840545654
2018.08.16,66.0728293332,66.5167007446,65.9759816389,66.5167007446
2018.08.17,66.4360080943,67.1219957731,66.4360080943,67.1139297485
2018.08.20,67.2027048172,67.4851757888,67.0574363187,67.2188491821
2018.08.21,67.2269149504,67.2672635445,66.5974140792,66.7668991089
2018.08.22,66.6538918529,66.7749499220,66.1293171489,66.3956375122
2018.08.23,66.3068805822,66.4924976533,66.1858224904,66.2503814697
2018.08.24,66.1051291854,66.5893554688,66.0809126375,66.5893554688
2018.08.27,66.6135683719,66.6942717293,66.1535524618,66.4682998657
2018.08.28,66.4521472442,67.1946340489,66.3230231199,67.1784896851
2018.08.29,67.2349816892,67.3802501753,67.0977853849,67.1139297485
2018.08.30,67.1946301591,67.3318264574,66.7588247198,66.8798828125
2018.08.31,66.9041016962,67.2349872905,66.8314643685,67.1300735474
2018.09.04,66.7830289270,67.1139206059,66.2826583970,66.4198608398
2018.09.05,66.0970600574,66.9767371278,66.0163566993,66.7265548706
2018.09.06,66.9444246183,67.1139095989,66.8233727139,66.9847793579
2018.09.07,66.5974186652,66.6700559911,66.1293367669,66.1696853638
2018.09.10,66.4602251760,66.8718202876,66.4198765774,66.5893554688
2018.09.11,66.3472346998,66.7184750301,66.2342487800,66.4521484375
2018.09.12,66.5974058334,66.6458327605,66.2745924919,66.5086364746
2018.09.13,66.7507578374,67.0251566130,66.5570685681,66.9040985107
2018.09.14,66.6781354747,66.7265562591,65.9598651055,66.3633880615
2018.09.17,66.2261490453,66.7184472727,66.1696561089,66.5973892212
2018.09.18,66.4763739966,66.6539189252,66.1696926094,66.3633880615
2018.09.19,66.2826773276,66.3391702941,65.4514210385,65.4837036133
2018.09.20,65.4837002229,66.1535497607,65.3222935147,66.1374053955
2018.09.21,65.9921257325,66.4279311596,65.9194945733,66.1051177979
2018.09.24,65.9195103495,65.9356485585,64.6928032722,64.9429855347
2018.09.25,64.9106957975,65.2738639550,64.7573551208,64.8380584717
2018.09.26,65.0027043216,65.0027043216,64.1388226520,64.2447738647
2018.09.27,64.3506937903,64.7500314658,64.2610456688,64.4158935547
2018.09.28,64.4892463549,65.3042248535,64.4892463549,65.2145767212
2018.10.01,65.2227078199,65.4020040283,64.6766738892,64.6766738892
2018.10.02,64.8233806074,65.0515735572,64.5870361328,64.5870361328
2018.10.03,64.5625938510,64.8967317825,63.6579672734,64.1388015747
2018.10.04,63.8535470000,63.8779953536,63.1282168282,63.4949607849
2018.10.05,63.4786900833,63.8698825929,63.4053449853,63.4134902954
2018.10.08,63.6009050249,64.5462765862,63.5275537473,64.2528839111
2018.10.09,64.2692161936,64.6522571501,64.0165748043,64.3914642334
2018.10.10,64.3018014552,64.5788911458,63.4216232300,63.4216232300
2018.10.11,63.5927798238,63.5927798238,61.6123815565,61.6938781738
2018.10.12,62.4518083693,62.5088566231,61.2456435138,61.5716362000
2018.10.15,61.5064240231,62.5414439088,61.5064240231,61.9057617188
2018.10.16,62.1258163290,63.3564294375,61.8242720333,63.2504844666
2018.10.17,63.1363737025,63.3238152408,62.5821881763,62.9407806396
2018.10.18,62.9652389257,63.4786731283,62.7125913696,62.8674392700
2018.10.19,62.8511596145,63.6335384207,62.8511596145,63.3482971191
2018.10.22,63.5194206788,63.7965103598,62.5169944763,62.5169944763
2018.10.23,62.3295605571,63.2178841680,62.0932160378,62.9163398743
2018.10.24,62.9733673578,63.9594965232,62.8755739461,63.3727111816
2018.10.25,63.4786719744,64.5462917710,63.2260306406,64.1551055908
2018.10.26,63.8861411530,63.9513409019,62.2561847389,62.6473770142
2018.10.29,63.1119183874,63.8698484172,63.0141187579,63.3727111816
2018.10.30,63.6498070260,64.7581780643,63.3727173753,64.3262405396
2018.10.31,64.1876999983,64.4321897856,63.4542182007,63.6579627991
2018.11.01,63.7150137486,63.9921034295,63.3564212505,63.8943099976
2018.11.02,63.9839795106,63.9839795106,62.6555602496,63.3482971191
2018.11.05,63.5031256733,64.4729521153,63.3482839804,64.2773590088
2018.11.06,64.2202978326,64.5951871355,64.1713949025,64.5544357300
2018.11.07,64.9538200526,65.3694610596,64.4974338288,65.3694610596
2018.11.08,65.1982744104,65.4183158507,64.8722817948,65.3938674927
2018.11.09,65.2390306912,65.5894716910,65.0597344283,65.4835205078
2018.11.12,65.4835394979,66.0540283377,65.3449946065,65.4101943970
2018.11.13,65.5324162561,65.7932090959,65.0841756481,65.4672164917
2018.11.14,65.7443127157,65.8665607316,65.0271338892,65.3531265259
2018.11.15,65.1086108360,65.2064104628,64.2447358948,64.9456176758
2018.11.16,64.8233704751,65.7279968262,64.7092740180,65.7279968262
2018.11.19,65.7116937793,66.1517827785,65.2716047800,65.7279968262
2018.11.20,65.5976048485,65.8583976686,65.0271224976,65.0271224976
2018.11.21,65.0189682482,65.5813052689,64.7663269631,65.1167678833
2018.11.23,65.0189765206,65.2145695979,64.5544390759,64.8967285156
2018.11.26,65.1982687739,65.3449651273,64.7663312381,65.1249237061
2018.11.27,64.9374819319,65.3368196239,64.7663372067,65.3286743164
2018.11.28,65.2879175558,65.9806479250,65.0923244885,65.9073028564
2018.11.29,65.8747230943,66.2659093484,65.5079789860,65.9969711304
2018.11.30,66.0214103280,66.6489410400,65.8747139486,66.6489410400
2018.12.03,67.0075225059,67.0075225059,66.3147921357,66.9586257935
2018.12.04,66.9586174963,67.0808592623,65.7605984473,65.9235916138
2018.12.06,65.6139083499,67.6350511652,65.0108198973,67.5780029297
2018.12.07,67.3172192752,67.5209638893,66.4451925753,66.6244888306
2018.12.10,66.6652440491,66.7304376038,65.4509216025,66.2496032715
2018.12.11,66.4696295026,66.9015670155,66.2903332781,66.2984848022
2018.12.12,66.6978265848,66.7630263465,65.1982693738,65.2064208984
2018.12.13,65.2553134442,66.1273399926,65.2471619200,65.5976028442
2018.12.14,65.3938652023,65.7606092137,65.1412238875,65.4672164917
2018.12.17,65.5590285168,65.7475779257,62.9028936025,63.0504570007
2018.12.18,63.5095596633,64.0588211583,63.3455968073,63.6161308289
2018.12.19,63.6325089327,64.2473553642,62.7553282740,62.9192848206
2018.12.20,62.8947055955,63.0586621776,61.5666347640,62.0011253357
2018.12.21,62.1896812997,63.3128032811,61.1321444533,61.2305221558
2018.12.24,60.9927708737,61.2141128502,59.0006680673,59.0252609253
2018.12.26,59.1892228356,61.0173692510,58.5415900014,60.9599838257
2018.12.27,60.5090820687,61.1321281756,59.3531740822,61.0583496094
2018.12.28,61.6240190454,61.9027527352,60.8124233463,61.2469139099
2018.12.31,61.3616857411,61.5420417337,60.3943268984,61.4354705811
2019.01.02,60.7304606643,60.8124389749,59.7876944561,60.1074142456
2019.01.03,60.1074052315,61.4026836101,59.9926343630,60.4927101135
2019.01.04,60.8862018842,61.7223966985,60.5828815877,61.1403427124
2019.01.07,61.4026795147,62.2142752465,61.1567383817,61.7551918030
2019.01.08,62.1240857368,63.0504584124,61.9191369155,62.8782958984
2019.01.09,62.9684743148,63.1078442678,62.2306635564,62.7963180542
2019.01.10,62.6405694714,63.8046774375,62.5093992053,63.6653137207
2019.01.11,63.6161275221,63.9194540990,63.2964077876,63.8866615295
2019.01.14,63.7227053800,64.0506185682,63.4111790949,63.6817131042
2019.01.15,63.7554587287,64.4276904241,63.7308658777,64.3129196167
2019.01.16,64.2555708982,64.9278029774,64.1653928902,64.7146606445
2019.01.17,64.6490547016,65.0589523315,64.5834695797,65.0589523315
2019.01.18,65.2557091486,65.3049011230,64.7884260454,65.3049011230
2019.01.22,65.1819257620,65.3376826152,64.5752727395,65.1163406372
2019.01.23,65.1327337911,65.2639040407,64.6900498351,65.1163406372
2019.01.24,65.0343814369,65.4688720707,64.6982622646,65.3459014893
2019.01.25,65.5508381442,66.1492915264,65.3130967323,66.1082992554
2019.01.28,65.9607472901,66.7887425229,65.7885909802,66.7067642212
2019.01.29,66.6903549736,67.2642155100,66.5345980996,67.2396163940
2019.01.30,67.3133928281,68.0102175847,67.1412365650,67.7724761963
2019.01.31,67.7397084022,68.5021185629,67.1658539821,68.4857254028
2019.02.01,68.4529309031,68.6988720788,67.1084666528,68.0184402466
2019.02.04,68.3709526299,68.5103163775,67.4691787428,68.4775238037
2019.02.05,68.5513096061,68.9202151204,68.1496052630,68.8956222534
2019.02.06,68.7644404584,68.7808398700,68.2233787109,68.4201278687
2019.02.07,68.2233684323,69.0431637631,68.0266193042,68.9447860718
2019.02.08,68.7644262689,69.2071164735,68.5758768559,68.9611816406
2019.02.11,68.9365802446,69.2563061494,68.8382088165,69.1579284668
2019.02.12,69.0923383651,69.2317020479,68.5102845244,68.7562255859
2019.02.13,68.4283267299,69.1333513123,68.4119273184,69.0759658813
2019.02.14,69.2071090153,69.5186351930,68.8791896856,69.2972869873
2019.02.15,69.3628903122,69.7317957458,69.2891054727,69.7236022949
2019.02.19,69.5350413967,69.8383679281,69.4448634078,69.7399902344
2019.02.20,69.5678352318,69.6088275019,68.7562395711,69.2481155396
2019.02.21,68.9038058506,69.3628892730,68.6332718676,69.3055038452
2019.02.22,69.3874960213,69.9531569618,69.2235394104,69.6744232178
2019.02.25,69.7071763205,69.8957319454,69.1087294003,69.1661148071
2019.02.26,69.2481111641,69.5022457100,68.8628063659,68.9775772095
2019.02.27,68.7562375238,69.0431646423,68.2725550201,68.7808303833
2019.02.28,68.7152524460,69.7317970243,68.5348964513,68.9857864380
2019.03.01,68.7726488021,69.0677757031,68.0758238293,68.8382339478
2019.03.04,68.9693818376,69.1825303839,68.3463418632,69.1251449585
2019.03.05,68.9283972915,69.5268444184,68.8628121598,69.3382949829
2019.03.06,69.4038709358,69.4776495083,68.9037953180,69.0021667480
2019.03.07,69.0021667090,69.4694497650,68.6660538990,68.8791961670
2019.03.08,68.6496592523,69.1825274683,68.6414658023,68.9447860718
2019.03.11,69.1251381607,69.9859257115,68.8873967775,69.9613265991
2019.03.12,70.1007199356,70.4286394098,69.9613499372,70.2482833862
2019.03.13,70.2072887584,70.7647499696,70.2072887584,70.5680007935
2019.03.14,70.6335440298,70.7073225816,70.3630101640,70.6745300293
2019.03.15,70.7483692428,70.8303475594,70.3384714054,70.5106277466
2019.03.18,70.5515864861,70.6745570407,69.8055759630,70.1170959473
2019.03.19,70.1662897401,70.2646674459,69.7154059941,69.9121551514
2019.03.20,69.9063709428,70.5255959261,69.4192503127,70.1458053589
2019.03.21,70.0136973179,71.3759870477,70.0136973179,71.3347091675
2019.03.22,71.4007652313,71.8218336476,70.8063082918,70.9053802490
2019.03.25,70.9962171324,71.1613475984,70.5008383324,70.9219131470
2019.03.26,71.0787557928,71.4750624816,70.9383996672,71.4502944946
2019.03.27,71.5163632126,71.6484612734,70.7980599287,71.3016967773
2019.03.28,71.3842659630,71.9209289551,71.1943738007,71.9209289551
2019.03.29,71.8796385578,72.0365109124,71.5906681406,71.8631286621
2019.04.01,71.8631163775,71.9539365358,71.0705092405,71.8383483887
2019.04.02,72.0364949610,72.3997755759,71.3264499222,72.3006973267
2019.04.03,72.2346464499,72.5236168083,71.7640357809,72.2263946533
2019.04.04,72.2924389128,72.3832590662,71.7888021713,72.1190567017
2019.04.05,72.2016394701,72.6557403671,72.0200054104,72.6144561768
2019.04.08,72.5153665442,72.6061867015,72.0282396735,72.1851119995
2019.04.09,72.2098808188,72.3750112426,71.7392701344,71.8383483887
2019.04.10,72.0695486274,72.5236432708,71.9539604419,72.4906234741
2019.04.11,72.4327988443,72.7960731460,72.1355704071,72.4162826538
2019.04.12,72.3667701969,72.8126129976,71.8879013037,72.7960968018
2019.04.15,72.8290884482,72.8456046362,72.2428897558,72.4245300293
2019.04.16,72.3997946844,72.4823567644,70.5833974294,70.8723678589
2019.04.17,71.0952882028,71.1861083751,70.0137105311,70.2283706665
2019.04.18,70.4595143166,70.8888469865,70.0136780580,70.7072067261
2019.04.22,70.5421225447,70.7402728049,69.4027443755,70.0137176514
2019.04.23,70.1788493368,71.0209927573,70.0054670532,70.8476104736
2019.04.24,71.0457417719,71.6236825117,70.9301536239,71.3099441528
2019.04.25,71.1943757354,71.4255520954,70.7155068187,71.1696014404
2019.04.26,71.4172902463,71.8301069530,71.2191399909,71.7062606812
2019.04.29,71.6236882820,71.9044005785,70.9714372236,71.0209732056
2019.04.30,71.0209700201,71.8878874598,70.6907217564,71.8300933838
2019.05.01,71.8465939604,72.5814132593,71.6814698500,71.7805480957
2019.05.02,71.6402055432,72.5071231111,71.6402055432,71.8053359985
2019.05.03,72.0117346054,72.4493192293,71.8218361822,72.3750152588
2019.05.06,71.9869677278,72.3502420878,71.6897392429,72.1355819702
2019.05.07,71.9209163577,72.0034784268,70.4100059260,70.8228225708
2019.05.08,70.9549453076,71.4833502459,70.7733049290,70.8145828247
2019.05.09,70.6907125796,71.1200390461,70.1870758542,70.9796829224
2019.05.10,70.8888673412,71.9456768336,70.8063052807,71.7310104370
2019.05.13,71.1778420561,71.7970669964,71.1117898840,71.6484527588
2019.05.14,71.8300829462,72.1933635424,71.6897268247,71.9456710815
2019.05.15,71.9043878344,72.6226909408,71.6732115608,72.4162826538
2019.05.16,72.3419900280,73.0850549383,72.2676797575,72.8456268311
2019.05.17,72.5153749354,72.7960872365,72.2759405203,72.6392211914
2019.05.20,72.2924347071,72.5071010842,71.2769094867,71.5658798218
2019.05.21,71.7145087855,72.3337337591,71.7145087855,72.1686096191
2019.05.22,72.1520696190,72.4327881233,72.0447395933,72.4245300293
2019.05.23,72.0860587472,72.5979537841,71.9787286601,72.5236434937
2019.05.24,72.8621397886,73.1180840996,72.6722413552,72.7630615234
2019.05.28,73.0024744631,73.1593467619,71.9621813313,71.9952011108
2019.05.29,71.8796233630,72.4080280996,70.8310719854,71.1365585327
2019.05.30,71.1696093143,71.6897624809,71.0870472193,71.4255599976
2019.05.31,71.1365793410,72.1438468342,70.9466808805,71.7227783203
2019.06.03,71.9539430218,72.1520932492,71.4750741983,72.0034790039
2019.06.04,71.9952189325,72.0365031158,71.0705136975,71.7723007202
2019.06.05,72.1438283434,73.2749481201,71.9374200389,73.2749481201
2019.06.06,73.3574952000,73.4813414172,72.8125806627,73.3822631836
2019.06.07,73.7951091296,74.0097755719,73.4896288109,73.6052169800
2019.06.10,73.5804196508,73.8198539911,73.0767829866,73.3822631836
2019.06.11,73.5226425961,73.7455607995,73.0024896231,73.5061264038
2019.06.12,73.5391513853,74.0015039774,73.4813573113,73.7455596924
2019.06.13,73.8942048516,74.0180511475,73.6134924601,74.0180511475
2019.06.14,74.0097566316,74.4555992979,73.8776586003,74.1418609619
2019.06.17,74.3041177970,74.9697042108,74.2042842781,74.9364242554
2019.06.18,75.2359486281,75.6020218446,74.4455701989,74.8033218384
2019.06.19,74.6867984568,75.4189444942,74.3290470105,75.2691879272
2019.06.20,75.6186418076,75.8016783751,75.4189684374,75.6020050049
2019.06.21,75.2775396176,75.3357779532,74.3623567046,74.6452331543
2019.06.24,75.0112933660,75.0196085928,74.1293905610,74.1793136597
2019.06.25,74.3207324544,74.5204057630,73.2225197359,73.2308349609
2019.06.26,73.2308681878,73.3639880190,71.7000282148,71.8497848511
2019.06.27,72.2740791589,72.7732657117,72.2241560604,72.6817474365
2019.06.28,72.7982301657,73.3972566181,72.6401519775,72.6401519775
2019.07.01,73.4222141607,73.4222141607,72.1160061853,72.8897476196
2019.07.02,73.1393457897,74.0961174624,73.0145475527,74.0295639038
2019.07.03,74.2125929681,75.0778526908,74.2042777405,75.0112991333
2019.07.05,74.2958005235,74.9863389506,73.6385357035,74.6701889038
2019.07.08,74.6618644011,75.1610510044,74.5786676918,74.9114608765
2019.07.09,74.9031321780,75.4106403082,74.7117803995,75.2775268555
2019.07.10,75.6436075560,75.8932040537,75.2442607767,75.6768875122
2019.07.11,75.5853683235,75.6935297667,74.5370719321,74.8282699585
2019.07.12,74.8947950766,74.9863133334,74.4288885674,74.6951217651
2019.07.15,74.8448783356,75.1693498470,74.5786451378,74.6951217651
2019.07.16,74.4705071367,74.7949787225,74.2541906304,74.5204238892
2019.07.17,74.6701942746,74.8948260494,73.8382143941,74.2209243774
2019.07.18,74.0961150748,74.4621881988,73.6884467715,74.2375564575
2019.07.19,74.3706705700,74.4705104268,73.0145458403,73.1476593018
2019.07.22,73.2807901955,73.3307069577,72.7899187600,73.0145568848
2019.07.23,73.2391675852,73.8381939489,73.0228510989,73.7549972534
2019.07.24,73.9463390324,74.0877803779,73.6052307226,73.9629821777
2019.07.25,73.8548405243,73.9879603327,73.2724572311,73.6218872070
2019.07.26,73.6468523680,74.0129255274,73.3473454664,73.8714904785
2019.07.29,74.0378683468,74.5786563967,73.9546716501,74.0877914429
2019.07.30,74.0129217327,74.8948182834,73.9546834010,74.6202697754
2019.07.31,74.6951304235,75.2026385074,73.9047523113,74.3706588745
2019.08.01,74.5453817338,74.9946515448,73.8798017655,74.2957916260
2019.08.02,74.3623449301,75.0695327686,74.1543500005,74.6285781860
2019.08.05,74.4039491816,74.4205859836,72.3239998098,73.2890930176
2019.08.06,73.3473464927,74.4289164873,73.2391850500,74.0628433228
2019.08.07,74.4372240423,75.2692037341,73.0894146564,74.8365707397
2019.08.08,75.2359268879,76.1095081394,74.4039471618,76.0928649902
2019.08.09,75.8599095938,76.2925362466,75.3024847161,76.0845413208
2019.08.12,75.9847159944,76.1261510357,75.4106479062,75.7933578491
2019.08.13,75.8931919163,76.1594251757,75.2941654956,75.8765487671
2019.08.14,75.6020112513,75.6685648152,74.4954765274,74.6452331543
2019.08.15,74.8532164837,75.5687195513,74.7200966816,75.4688796997
2019.08.16,75.6436173911,76.3092039065,75.5021823195,76.1261672974
2019.08.19,76.4256633490,76.8832547685,76.1427869222,76.7002182007
2019.08.20,76.8915873468,77.0912671099,76.1012089138,76.1261672974
2019.08.21,76.4007042427,76.6170144139,76.0845478658,76.4090194702
2019.08.22,76.4256675379,76.8749374069,76.0179991993,76.8333358765
2019.08.23,76.7334652312,77.2742467799,75.5021328882,75.7766876221
2019.08.26,76.1677435630,76.4090120886,75.8183072673,76.3341369629
2019.08.27,76.7251612642,76.9747513407,76.0096582861,76.0429382324
2019.08.28,75.9847057018,76.3507724447,75.8349491055,76.2176589966
2019.08.29,76.5587865261,76.8832645222,76.3840715112,76.8250198364
2019.08.30,76.9830811600,77.1078793853,76.5338113572,76.9248428345
2019.09.03,76.7334873938,77.6736221313,76.6336475488,77.6736221313
2019.09.04,77.8732918429,78.3724783498,77.8566550433,78.2809600830
2019.09.05,78.2060899378,78.2726498356,77.5155452798,77.7901000977
2019.09.06,77.9065699075,78.1644815546,77.6902534324,77.9398498535
2019.09.09,77.8566692527,78.0729794251,77.2659643713,77.4323577881
2019.09.10,77.1993854612,77.2243438328,76.0013328430,76.6086807251
2019.09.11,76.8666074196,76.8666074196,76.1011875847,76.6835708618
2019.09.12,77.1328356349,77.5238671014,76.6253275206,77.0579605103
2019.09.13,76.6419735859,77.3325119249,76.0179888001,76.1594238281
2019.09.16,76.2509605784,77.0163805778,76.1261623215,76.9415054321
2019.09.17,77.2409883812,77.8067348024,77.1161965105,77.7817764282
2019.09.18,77.9648100226,78.1811265028,76.9081986901,77.5072250366
2019.09.19,77.7485101284,78.1478632272,77.6070750852,77.8816299438
2019.09.20,77.9897702826,78.2144083418,77.6237035545,77.8483352661
2019.09.23,77.9148888595,78.2975987042,77.7152155378,77.9648056030
2019.09.24,78.2195459600,78.3703712666,77.5575908028,77.8676223755
2019.09.25,77.8089540620,78.1524966236,77.5994748634,77.9262619019
2019.09.26,78.2530711189,78.7558200596,78.0854902696,78.5631027222
2019.09.27,78.7390385239,78.7976924410,77.5827093101,78.0854644775
2019.09.30,78.1608858531,78.6217426960,78.0770954433,78.3787460327
2019.10.01,78.1441374987,78.4876801282,77.4821823330,77.5492172241
2019.10.02,77.5827432163,77.6497781203,76.7364515264,77.2475814819
2019.10.03,77.1721501026,78.1525114035,77.0464612811,78.0016860962
2019.10.04,78.1525134910,78.4625450734,78.0352056259,78.4206466675
2019.10.07,78.0435906567,78.6468919334,77.9598002333,78.2027969360
2019.10.08,78.1608874085,78.4541570449,77.4989322903,77.8005828857
2019.10.09,78.1525326647,78.3871548453,77.8843994224,78.0519866943
2019.10.10,77.9765557609,78.3703777828,77.7251844908,78.2027969360
2019.10.11,78.3619959707,78.7893354358,78.1022437433,78.1441421509
2019.10.14,78.4122586491,78.5966013750,77.9095098286,78.1608810425
2019.10.15,78.2279334238,78.3619968226,77.7419400184,78.2027969360
2019.10.16,78.1525031786,78.2614364624,77.7251701803,78.2614364624
2019.10.17,78.3619907532,78.8228476352,78.2865812959,78.6971588135
2019.10.18,78.6384928698,79.4345176904,78.6049754296,79.3255844116
2019.10.21,79.2418303421,79.9121666677,79.1999319245,79.9037857056
2019.10.22,80.0629402680,80.4400002119,79.4763947641,79.6439819336
2019.10.23,79.7864547628,79.7864547628,79.0909821446,79.7529373169
2019.10.24,79.9288883643,79.9288883643,79.3507236881,79.6523742676
2019.10.25,79.3591103990,79.4764182559,78.6887807015,78.8395996094
2019.10.28,78.7725741359,78.8479835928,78.2614442858,78.4122695923
2019.10.29,78.5128098205,79.0323205923,78.3200925163,78.6803970337
2019.10.30,78.7306707505,79.1161117554,78.2781948597,79.1161117554
2019.10.31,79.3088580940,79.3591310764,78.6971757727,78.9820709229
2019.11.01,79.0742185442,79.3758691334,78.2614381449,78.9233932495
2019.11.04,78.8060884769,78.9150153745,78.1860253565,78.3117141724
2019.11.05,78.0519724032,78.3117246361,76.7531984532,77.0380935669
2019.11.06,77.1972854840,77.5827265098,77.0632220977,77.2643203735
2019.11.07,76.9208073049,77.1386611905,76.2672264698,76.5269851685
2019.11.08,76.4096350774,76.8453490008,76.2085304424,76.3844985962
2019.11.11,76.3342370416,76.7699574594,76.3342370416,76.5604782104
2019.11.12,76.5772145646,77.0296903962,75.9487769751,76.0241928101
2019.11.13,76.1163648760,76.8202183661,76.0828538271,76.6442565918
2019.11.14,76.8621200957,77.2559356689,76.6945328799,77.2559356689
2019.11.15,77.3229549777,77.6832594281,77.1553741885,77.6665039062
2019.11.18,77.7335499097,78.4122669625,77.6832769402,78.0687179565
2019.11.19,78.2530408806,78.4122471008,78.0016633109,78.1692504883
2019.11.20,78.2027833268,78.4290180698,77.8340978568,78.1525039673
2019.11.21,77.9514210593,78.0435924450,77.0799865723,77.0799865723
2019.11.22,77.2978370888,77.3062180481,76.4347836704,76.8286056519
2019.11.25,76.9961944904,77.5157053445,76.9626770425,77.1302642822
2019.11.26,77.2559274870,78.1692601361,77.2056545240,78.0603332520
2019.11.27,78.1106159026,78.5044378758,77.8843747554,78.3117141724
2019.11.29,78.3871328569,78.7390564399,78.0687203260,78.0938568115
2019.12.02,78.0100399336,78.0686938442,76.9207521090,76.9375076294
2019.12.03,76.8788758221,77.5156944582,76.8286028537,77.4067611694
2019.12.04,77.2475768755,77.9933225578,77.1721610148,77.7084274292
2019.12.05,77.5575838534,77.8089614729,77.3313491102,77.7754440308
2019.12.06,77.7168069040,78.3117272464,77.7000513758,77.9095306396
2019.12.09,77.9933085022,78.2111622988,77.7084134250,78.0687179565
2019.12.10,78.1525168373,78.2614501402,77.4402886562,77.5994949341
2019.12.11,77.5743421207,77.7000309245,76.6107364819,76.8453521729
2019.12.12,76.8788818895,77.1302595373,75.7225587740,75.8398666382
2019.12.13,75.9655625731,76.2336957725,75.3454993553,75.9152832031
2019.12.16,76.0895860670,76.6311484517,75.6411053224,76.4026794434
2019.12.17,76.6226894597,76.7326920974,75.6918730795,75.7511062622
2019.12.18,75.8103287520,76.8596113498,75.8103287520,76.7326812744
2019.12.19,76.6311431168,77.4011809122,76.5549889380,77.3673324585
2019.12.20,77.6042815406,78.1289229993,77.4604304241,77.8496780396
2019.12.23,78.1204432441,78.2050611508,77.3673328992,77.4096450806
2019.12.24,77.6634986574,77.7735077463,77.3504117576,77.6211929321
2019.12.26,77.7142705434,78.0358276367,77.5958041793,78.0358276367
2019.12.27,78.1035320127,78.3827704942,77.9850656373,78.2473831177
2019.12.30,78.0273803965,78.4758612204,77.8750655453,78.3066253662
2019.12.31,78.2473797680,78.8481753478,78.0781374847,78.7635574341
2020.01.02,79.0681972438,79.1528151683,77.5112003173,77.8919906616
2020.01.03,77.6804385055,78.6450969972,77.4688904773,78.4504699707
2020.01.06,78.3320022938,78.8058678030,78.1373752705,78.5181655884
2020.01.07,78.3404632237,78.3404632237,77.3334925967,77.7227401733
2020.01.08,77.7735100366,78.1289091282,77.5281135812,77.9088973999
2020.01.09,77.9258264657,78.1881504036,77.7396696289,77.9512176514
2020.01.10,78.1035388216,78.6704860184,77.9342965163,78.6281738281
2020.01.13,78.7974116935,79.4828252374,78.6620178569,79.4659042358
2020.01.14,79.4743494138,79.4743494138,78.7720085192,79.1612625122
2020.01.15,79.3982151102,80.0582439886,79.3728303774,79.8636169434
2020.01.16,80.0243729125,80.4897810701,79.8720581024,80.4559326172
2020.01.17,80.3882403133,80.8367210421,80.3882403133,80.5490188599
2020.01.21,80.6674863486,81.3867482702,80.4728593445,81.3698272705
2020.01.22,81.5306222931,81.7590978168,80.6928937702,80.9044418335
2020.01.23,80.9467322549,81.4544461790,80.5828694258,81.3867492676
2020.01.24,81.5136854379,81.6829212732,80.9213471024,81.2005920410
2020.01.27,80.7520995233,81.0313444213,80.5574725306,80.8113327026
2020.01.28,80.8959631085,81.3782923451,80.7944241887,81.1582870483
2020.01.29,81.3444589645,81.4967738283,80.7775117043,80.9044418335
2020.01.30,80.5913426226,81.1075203766,80.5321094274,81.0059814453
2020.01.31,80.8452217137,80.9806091390,79.7959449578,80.0244140625
2020.02.03,80.1428681487,80.8705940085,80.0159380185,80.2697982788
2020.02.04,80.4813245066,81.4205981766,80.3205459550,81.0905838013
2020.02.05,81.1667466179,81.4290705652,80.9382775861,81.1075134277
2020.02.06,81.3613704333,81.6236879143,81.2259766005,81.4121398926
2020.02.07,81.4798336396,81.5813790102,81.1921249842,81.3782882690
2020.02.10,81.7421446029,82.2667859586,81.5559813329,82.1990890503
2020.02.11,82.4614016290,83.3499057447,82.4614016290,82.8675765991
2020.02.12,83.0706587406,83.7391511282,82.7914138593,83.5276031494
2020.02.13,83.4514725856,84.1622708964,83.3414634737,84.0945739746
2020.02.14,84.1876551929,84.8815324977,84.0776525376,84.8561477661
2020.02.18,84.9238279769,84.9576764309,84.3230324433,84.7968978882
2020.02.19,84.8138365664,85.2538536154,83.6883995300,83.7307052612
2020.02.20,83.8660998301,84.6699797454,83.5107006963,84.6361312866
2020.02.21,84.4414988046,84.9492127034,84.4414988046,84.7968978882
2020.02.24,83.7730122850,84.4245773178,83.2906830786,83.6630096436
2020.02.25,83.8322234002,84.0183866337,81.2005663219,81.4205780029
2020.02.26,81.5813828726,82.2160269430,80.5067152980,80.5659484863
2020.02.27,79.5251365639,79.5251365639,76.3180677235,76.3434524536
2020.02.28,74.8287683048,75.2180158995,72.1971103347,73.9571914673
2020.03.02,74.8795318307,77.8158192432,74.4310510824,77.5196533203
2020.03.03,77.7650776597,79.6774741637,76.9104215851,77.5281448364
2020.03.04,78.7551104775,80.6336582584,78.6620288158,80.4898071289
2020.03.05,79.2035838764,79.8043795276,77.8835261895,78.7381820679
2020.03.06,76.8088382313,77.6888786084,74.9641395756,77.4011764526
2020.03.09,72.0532643459,73.9487329933,71.1647599878,71.6640167236
2020.03.10,73.4410099963,74.6172164486,70.5724194164,74.4310531616
2020.03.11,72.6371172264,72.8740564063,69.4469762689,70.0985412598
2020.03.12,66.0198875530,67.6615018640,62.0766367543,63.2697639465
2020.03.13,66.3499230922,68.6854085496,62.9482273665,68.6684875488
2020.03.16,61.6451009988,62.8890045762,56.5679477560,57.0841255188
2020.03.17,57.7610769291,60.9427547076,55.8994503589,59.7665481567
2020.03.18,56.1025270218,57.8964497650,51.6430919767,53.8855018616
2020.03.19,53.3185725218,55.2055808615,51.4569521447,53.9109077454
2020.03.20,54.4778501014,56.1194649928,51.1946267746,51.5500259399
2020.03.23,51.3300178067,51.3300178067,47.6152346315,48.9437561035
2020.03.24,51.5415498519,52.9800767652,50.1707198418,52.8616104126
2020.03.25,53.2947680734,58.6686688578,52.6967177741,55.7638549805
2020.03.26,56.4986169349,60.1808994423,56.0458088410,59.8989601135
2020.03.27,58.0450110270,61.5307822945,57.7630716800,59.9758529663
2020.03.30,60.4798979063,61.3598840655,58.5148753331,61.1719245911
2020.03.31,60.8472813211,60.8472813211,58.0022721279,59.4375915527
2020.04.01,56.6694898789,59.5657590000,54.4310726464,55.5161094666
2020.04.02,54.7386386628,56.8318101676,54.6617464222,55.7553253174
2020.04.03,55.2854216807,56.0030847034,53.8330146282,54.8838729858
2020.04.06,57.2162669005,59.3094381225,57.1479168029,59.0018692017
2020.04.07,61.2830162774,62.4705717108,59.5657572802,59.5743026733
2020.04.08,60.5311729691,64.2561688304,59.8904054221,63.8375358582
2020.04.09,65.2215955254,68.4510697316,65.2215955254,67.3916625977
2020.04.13,67.0755542550,67.2805980621,64.1878240967,64.6491775513
2020.04.14,66.0845009665,67.0584672529,65.5889724297,66.3578948975
2020.04.15,64.4441471310,65.0849148647,63.1028069359,63.8460998535
2020.04.16,63.6495645545,64.3501366822,62.6755985848,63.1284065247
2020.04.17,65.0251016518,65.3497549146,63.0771690385,65.0080108643
2020.04.20,63.7948173761,64.0767566699,62.5645480805,62.6499824524
2020.04.21,61.0608757712,62.0519261761,60.6507816779,61.5051383972
2020.04.22,62.6414362998,63.0173553536,61.9066889775,62.4876518250
2020.04.23,62.5303792092,63.1540560522,61.6589315821,61.9152412415
2020.04.24,62.1971869339,62.4193150419,61.3513688825,62.1715507507
2020.04.27,62.6670415717,64.3842997864,62.5303479351,64.1365356445
2020.04.28,65.5548173070,66.2981037461,64.6491944294,64.7175445557
2020.04.29,66.0844848773,66.5116631978,64.7260609469,65.7085723877
2020.04.30,64.6577244360,65.1874280113,63.8973473872,64.9738388062
2020.05.01,63.5726819995,63.5812208729,62.1800764764,62.7695846558
2020.05.04,62.0775595790,62.6585158646,61.1633916727,62.5816268921
2020.05.05,63.1113486611,63.8717258060,62.8379547046,62.8806686401
2020.05.06,63.2651215212,63.4616199284,61.7956268316,61.8383407593
2020.05.07,62.3936636460,63.5555891843,62.3082292867,62.6585121155
2020.05.08,63.6666501228,64.3159629554,63.3249127019,64.1536331177
2020.05.11,63.3847203614,64.2390769900,62.9233669998,63.2480201721
2020.05.12,63.4787062097,63.5470497927,60.2748685447,60.3432121277
2020.05.13,59.9416749198,60.2065234363,58.5832442478,58.9164428711
2020.05.14,58.0620876875,59.2240134638,56.7634682119,59.1898384094
2020.05.15,58.7882880502,59.0104226385,57.9510220545,58.9164428711
2020.05.18,60.9754709741,62.8635994572,60.9412959066,62.3509864807
2020.05.19,62.1288206648,62.5218239672,61.6332922113,61.6503829956
2020.05.20,62.3936674162,62.4620175151,61.7614452969,62.2484283447
2020.05.21,61.9408826274,62.5816503787,61.5307883985,62.1630172729
2020.05.22,62.0690395939,63.0600903602,61.9067096722,63.0088310242
2020.05.26,64.8798513644,65.6914876406,64.6918918432,65.3070297241
2020.05.27,66.7936236325,66.9303173489,64.9653003625,66.5629501343
2020.05.28,67.3489700601,67.3831451255,66.2981079856,66.8363571167
2020.05.29,66.3664599279,66.8107227528,65.7427763756,66.1443252563
2020.06.01,66.0930628695,68.1520600005,65.9563626108,67.6736221313
2020.06.02,68.2203848027,68.4510647741,67.5539875844,68.2801895142
2020.06.03,68.9722336513,70.6382269566,68.8611630854,70.3306579590
2020.06.04,70.0572582208,70.0828878821,69.0747465884,69.7326049805
2020.06.05,72.0479067268,73.5686607081,71.9624723549,72.2700347900
2020.06.08,73.2012886214,74.2094298749,73.1842043539,74.1752548218
2020.06.09,72.9107987633,73.4063272213,72.0308123918,72.9791488647
2020.06.10,72.6032388679,72.9706125280,70.5527813816,71.1166534424
2020.06.11,67.9897267565,68.9807774161,66.4775113246,66.6227569580
2020.06.12,68.8867763901,69.2199749721,67.0926286755,69.0063858032
2020.06.15,66.9535056239,70.1872285412,66.6352979085,69.8002166748
2020.06.16,72.3028864078,72.4318925137,70.0152048127,71.1762466431
2020.06.17,71.5632860154,71.6320901733,70.1614357458,70.2130355835
2020.06.18,69.5851855905,69.8345890724,69.0863655036,69.4647750854
2020.06.19,70.4968427866,70.5054449461,68.1489519169,68.5875701904
2020.06.22,68.3381531541,68.5961654210,67.3061172092,68.4585571289
2020.06.23,69.1379990048,69.2498008464,68.0371586639,68.2521667480
2020.06.24,67.3749212612,67.5813337192,64.7948245898,66.2998809814
2020.06.25,65.7838603237,67.1513149168,65.7064605762,67.1169128418
2020.06.26,66.8588917180,67.1771059481,65.7408539567,65.7838516235
2020.06.29,66.5234994852,67.0739196521,65.5086610722,67.0137176514
2020.06.30,67.0910921679,68.1489277590,66.8244778098,67.7791137695
2020.07.01,67.9597369977,69.5937993804,67.8651394987,69.3013916016
2020.07.02,70.4882299624,70.6344338443,68.8197655927,69.0863800049
2020.07.06,70.5312447676,70.5312447676,69.0003884536,69.0949859619
2020.07.07,68.3983378041,68.7509540421,67.7103162024,67.7791137695
2020.07.08,67.9425405737,68.1575486135,67.0997061707,67.7103347778
2020.07.09,67.6071344911,67.6415365679,66.2740819028,67.3319244385
2020.07.10,67.2545265642,67.8307532205,67.0309228794,67.5211410522
2020.07.13,67.8823492717,68.0715574264,66.4718968336,66.6869049072
2020.07.14,66.5320835919,67.3749113730,66.4202817813,67.1943054199
2020.07.15,68.3209385107,68.5445420879,67.4179023610,67.8909225464
2020.07.16,67.5641178749,67.7877280521,66.9276959751,67.1513061523
2020.07.17,67.4523151565,68.2951494677,67.0222991238,67.9941329956
2020.07.20,67.8909562496,68.2779681850,66.9535175700,67.1857299805
2020.07.21,67.6845369509,68.0543510890,67.1943188200,67.3577270508
2020.07.22,67.0911263661,68.4155769903,66.9277181177,68.3897705078
2020.07.23,68.1833667120,68.6391828281,67.2545301577,68.0371627808
2020.07.24,67.9253573031,68.2435650705,67.4781368105,67.5211410522
2020.07.27,67.5383285700,68.3209610326,66.7729004261,68.3037567139
2020.07.28,68.2005427129,69.9120046181,68.0801387534,69.5249862671
2020.07.29,70.0324096363,71.1332496032,70.0152118825,71.0816497803
2020.07.30,70.1958387559,70.7290545831,69.7744182042,70.7204589844
2020.07.31,70.6516479497,70.6946456237,69.5078035262,70.5742416382
2020.08.03,70.6602573716,70.6774551307,69.3616067531,69.6540145874
2020.08.04,69.4906117156,70.7634558314,69.4820095555,70.5312500000
2020.08.05,70.7290437077,71.0816600464,69.9292135285,70.2646255493
2020.08.06,70.0582234526,70.5140394767,69.8518175582,70.2732315063
2020.08.07,70.0582303040,71.2622768352,69.9464284673,71.2278747559
2020.08.10,71.3826740689,71.8126901777,71.0386598695,71.3998718262
2020.08.11,72.1996787815,72.1996787815,70.1270052169,70.3678131104
2020.08.12,70.8236386680,71.1762549613,70.6172328113,71.0472488403
2020.08.13,71.0042433002,71.4342593213,70.0668115238,70.2388153076
2020.08.14,70.0668153134,70.8924453311,69.9980111716,70.2474212646
2020.08.17,70.3850332129,70.8064537219,69.9980213414,70.7978515625
2020.08.18,70.8236447821,70.8838467689,70.0410189537,70.4624328613
2020.08.19,70.5312412924,70.6000388804,69.0949825574,69.1981887817
2020.08.20,68.8713754559,70.2646233255,68.6735651763,69.8260116577
2020.08.21,69.7400215655,70.2474440746,69.1638014538,69.9292297363
2020.08.24,70.0668177740,70.5140315887,69.1895813383,70.4796295166
2020.08.25,70.6430244301,70.8150281969,69.9635983966,70.6516265869
2020.08.26,70.5226403556,70.5742401879,69.5594019301,69.9894180298
2020.08.27,70.0840165548,71.2020609503,70.0840165548,70.9870529175
2020.08.28,71.1848751262,71.4600852173,70.4366511769,71.4256896973
2020.08.31,71.3568799364,71.3912820153,70.4882454889,70.7376556396
2020.09.01,70.5140382600,70.8752567709,70.0066224114,70.8150482178
2020.09.02,70.8322509562,72.2169032926,70.3248285574,72.1050949097
2020.09.03,72.1394770957,72.6984991716,70.6774254156,71.2106475830
2020.09.04,71.3826703326,71.8814905675,69.6798037436,70.8838500977
2020.09.08,70.5828384835,70.5828384835,69.4819983783,69.9980163574
2020.09.09,70.2904299530,71.5030718629,70.2044214894,70.6344375610
2020.09.10,70.5398379361,70.7892480607,69.6540058227,69.6884078979
2020.09.11,69.8690094035,70.0840174391,68.7251716410,69.3013916016
2020.09.14,69.8088074162,71.3310679826,69.6195992951,71.1590576172
2020.09.15,71.4170624331,72.6297042152,71.3654626096,71.9846801758
2020.09.16,72.4147170384,73.0769455839,72.0277051280,72.3717193604
2020.09.17,71.6922894292,72.1739053932,70.5742448711,71.0128631592
2020.09.18,71.0386428407,71.0386428407,69.3529808855,69.4819869995
2020.09.21,68.4069605883,68.6391663905,67.1599099867,67.5469284058
2020.09.22,67.6673335893,68.8627778194,67.4953297744,68.3381576538
2020.09.23,68.3718974413,68.3718974413,66.2953074195,66.3731765747
2020.09.24,66.3731630617,67.5931657223,66.0703276286,66.6673507690
2020.09.25,66.4423996656,68.1123286941,66.3126111356,68.0171508789
2020.09.28,69.0035153686,69.6611055766,68.7958577350,69.3755722046
2020.09.29,69.3236493535,69.4015184793,68.3545695355,68.8564147949
2020.09.30,69.2198408606,69.8168641005,68.3892035624,69.0813980103
2020.10.01,69.3236791860,70.4744541260,69.0554477898,70.4138870239
2020.10.02,69.4447905594,71.7636549370,69.1333008221,71.5386886597
2020.10.05,71.7290565123,72.1789825426,70.6388422449,71.9367141724
2020.10.06,72.1011188178,72.4818234562,71.2012600882,71.4867935181
2020.10.07,71.9194292910,71.9540400094,71.2358824538,71.5646743774
2020.10.08,71.9626794699,72.9577160578,71.7896324986,72.6894912720
2020.10.09,72.9663595796,73.1740172346,72.1616787400,72.3779907227
2020.10.12,72.4731845588,72.9577213948,72.0751712148,72.8106307983
2020.10.13,72.7154302063,72.7154302063,71.2272028461,71.6425247192
2020.10.14,71.5560147914,71.7550247577,70.6994210260,70.8032531738
2020.10.15,70.1110602124,71.6598552742,70.1110602124,71.0974426270
2020.10.16,71.1147465333,71.2185720850,70.5436795939,70.6561660767
2020.10.19,70.8205569598,71.0109126015,69.4102049075,69.5140304565
2020.10.20,70.0072391043,70.5090780725,69.8168834330,70.0331954956
2020.10.21,69.7735963054,70.1196968163,69.5053715451,69.7562942505
2020.10.22,69.7130343296,69.9812591097,69.4275008921,69.6697692871
2020.10.23,69.8860780975,70.3533128100,69.5572862338,70.0937423706
2020.10.26,69.4966957008,69.5745714272,68.5622265910,69.2025146484
2020.10.27,69.2890500149,69.6437982038,68.1642251596,68.1815338135
2020.10.28,67.0221050576,67.7229537810,66.2866456243,66.5116119385
2020.10.29,66.5981562307,67.9998541155,66.0443979007,67.5239715576
2020.10.30,67.1000098949,67.5758925104,66.2953286928,67.0653991699
2020.11.02,67.8008527659,68.7699331733,67.3855307052,68.7526245117
2020.11.03,69.2890741414,70.3879363985,69.1246748788,70.0764465332
2020.11.04,70.4225369815,71.3310500580,69.7389902423,70.2235336304
2020.11.05,70.7772847731,71.1320329991,70.1802615767,70.4484863281
2020.11.06,70.4831000667,71.0109018657,69.7822513113,70.0504760742
2020.11.09,73.5460760459,76.7994101994,71.9021036140,72.0751571655
2020.11.10,72.0751561863,73.1047967480,71.7809684534,72.8798370361
2020.11.11,73.4162902097,73.7018236291,72.6635286876,73.3470687866
2020.11.12,72.9750011239,73.3643666205,72.0059277484,72.4645080566
2020.11.13,72.7933396968,74.4805779028,72.7933396968,74.3594436646
2020.11.16,75.6226936265,75.9774419541,74.1690763937,74.9651031494
2020.11.17,74.4026704353,75.3111834363,74.0133114928,75.0256500244
2020.11.18,75.2333231231,75.5967323589,73.5633939491,73.6758804321
2020.11.19,73.5893458419,73.8748726680,72.7067891756,73.8229598999
2020.11.20,73.7883421990,73.9267850360,73.0874934902,73.4768524170
2020.11.23,73.8575916301,74.1777358612,73.2778768832,73.4163131714
2020.11.24,74.2988461103,74.6449400198,73.5287759394,73.6239471436
2020.11.25,73.7537469973,73.8229684303,73.0528981411,73.6845321655
2020.11.27,73.8575698678,73.9181369637,73.1394124429,73.4595565796
2020.11.30,73.3297680541,73.3903351501,72.4731743818,72.8192749023
2020.12.01,73.7018227392,73.9700474989,73.3557222291,73.6499099731
2020.12.02,73.4422432267,73.9181322372,72.8798373433,72.9923171997
2020.12.03,73.0529005939,73.8835380146,72.9317663826,73.5374374390
2020.12.04,73.8921904178,74.6363043256,73.8489253715,74.6189956665
2020.12.07,74.3680526823,74.6968511018,73.7537274794,74.0392608643
2020.12.08,73.6931824903,74.1258065603,73.5980046669,73.6758804321
2020.12.09,73.7537384041,73.8662248700,72.6462220093,73.1134567261
2020.12.10,72.8019711431,73.2692058871,72.4472228717,72.6894912720
2020.12.11,72.3693509434,72.8106293252,72.0059483238,72.7241058350
2020.12.14,73.2652899496,73.8143197058,72.3240903827,72.3850936890
2020.12.15,72.6814061008,73.7968990190,72.2369496056,73.7794723511
2020.12.16,73.9799002284,74.3633533671,73.4918737964,73.8927536011
2020.12.17,74.2936238153,74.6770769045,73.9450307022,74.6160736084
2020.12.18,74.6683835730,74.7903902033,72.8034174817,73.2740173340
2020.12.21,72.2630935950,72.9254200146,71.9580770362,72.8034133911
2020.12.22,72.9515550523,73.4395814909,72.6116785470,73.3785781860
2020.12.23,73.6923276531,74.0844975412,72.8121378674,72.8818511963
2020.12.24,73.1432752077,73.4831516832,72.9254053312,73.4570083618
2020.12.28,73.7794576476,74.2762006965,73.4308645179,74.1280441284
2020.12.29,74.4679262769,74.7293728063,73.3698668106,73.5267333984
2020.12.30,73.4570150859,74.3546379954,73.4570150859,73.8578948975
2020.12.31,73.8491624689,74.8426484526,73.2739895225,74.6422119141
2021.01.04,74.8252508667,74.9385408391,72.0800883611,72.1062316895
2021.01.05,72.0887870052,72.7598233106,72.0190670479,72.0975036621
2021.01.06,72.0365016362,72.5593880281,71.5920452112,72.0626449585
2021.01.07,72.0713512249,72.3327977316,71.6269014718,72.0539245605
2021.01.08,72.2020851057,72.9777014348,72.1672251231,72.7511215210
2021.01.11,72.4025313879,72.6639712953,71.5223350740,71.7227783203
2021.01.12,71.5746257585,71.8360723295,70.9907359520,71.6966323853
2021.01.13,71.6269032669,72.7075360008,71.6269032669,72.5768127441
2021.01.14,72.7685573348,73.3524471572,72.4548241006,72.8905639648
2021.01.15,72.8034029091,73.9798989800,72.5593896972,73.7184524536
2021.01.19,74.2064826207,74.2064826207,73.2391398194,73.5180130005
2021.01.20,73.5441727062,75.2784154795,73.3263027772,74.9995422363
2021.01.21,74.7119535384,74.8862468094,74.0844871248,74.7729568481
2021.01.22,74.4853646186,75.0866876876,74.2674947123,74.9211044312
2021.01.25,74.9559648699,76.0017377668,74.5463683798,75.4788513184
2021.01.26,75.6095713265,76.2544643634,75.4875647154,76.0278778076
2021.01.27,75.5485694280,76.0888825303,74.3546399702,74.7642364502
2021.01.28,74.6857911269,75.9407237452,74.4069179504,75.0866775513
2021.01.29,74.8252382008,75.4352712548,73.9188986285,74.3197784424
2021.02.01,74.7642539199,76.1673369501,73.9624940881,76.1150436401
2021.02.02,76.5769133524,76.7860665906,75.9320136738,76.5246200562
2021.02.03,76.2631964348,76.4636330582,75.2697100302,76.3154830933
2021.02.04,76.3416241601,77.1869605746,76.1498975528,76.7512207031
2021.02.05,76.8906430191,77.1346562274,76.6466231620,76.8993530273
2021.02.08,76.8993910444,77.1259776994,76.5159443771,77.1085510254
2021.02.09,77.1695215682,77.5704013880,76.9516516672,77.4483947754
2021.02.10,77.8579913663,78.4244544877,77.5181148232,77.9451446533
2021.02.11,77.9799895199,78.3372926618,77.5529597726,77.9276962280
2021.02.12,77.9102657453,78.0671323154,77.3525194179,78.0322723389
2021.02.16,78.0758504660,78.1020004378,76.8209244228,77.2653808594
2021.02.17,77.0910771622,77.3089470411,76.7337740181,77.1607971191
2021.02.18,76.8296230610,77.1694994772,76.7424698065,76.9516296387
2021.02.19,77.3350956550,77.7795521001,76.9516491631,77.3089523315
2021.02.22,77.0562153274,78.0497014194,76.8209187893,77.7708282471
2021.02.23,78.0235711890,78.3895910425,77.7098379863,78.2065811157
2021.02.24,78.1194258276,78.8514721023,77.8492692965,78.6248855591
2021.02.25,78.5638890001,79.1739220740,76.8122131039,77.3002395630
2021.02.26,77.5006649683,77.5965282363,76.0714392536,76.1237258911
2021.03.01,76.9168062614,77.6314194059,76.2544797754,76.3154830933
2021.03.02,76.3067647324,76.3067647324,75.2087050353,75.6967315674
2021.03.03,75.6095576705,75.8274275294,74.9298047748,75.0343780518
2021.03.04,75.2609753511,75.7490017771,73.5441595536,74.2936325073
2021.03.05,74.9908119436,75.5485582791,73.2478529829,75.2348251343
2021.03.08,75.4875720502,76.6030649734,75.0256822361,75.8535919189
2021.03.09,76.2457619846,76.9603751185,76.1760486572,76.3329086304
2021.03.10,76.4984707623,77.4483868911,76.2806008836,77.0649337769
2021.03.11,77.1869336768,78.3634295901,77.0387837678,77.8928298950
2021.03.12,77.7795535129,79.1913528442,77.7795535129,79.1913528442
2021.03.15,79.2174870120,80.4811296136,78.9298971845,80.2806930542
2021.03.16,80.2719751350,80.5857082785,79.7055121453,80.1063919067
2021.03.17,79.9582331090,80.1412429810,79.2436202834,80.1412429810
2021.03.18,79.6270826901,79.8013759270,79.0170430631,79.4353561401
2021.03.19,79.2785092223,79.7491090573,78.3547428697,78.4680328369
2021.03.22,78.3024514778,79.3220811541,78.1630181801,79.1652145386
2021.03.23,79.1739349365,79.7926847688,78.8253417024,79.1739349365
2021.03.24,79.0606293537,79.7752423505,78.7643228361,78.8078994751
2021.03.25,78.6800076874,79.6346105816,77.8392603763,79.4594573975
2021.03.26,79.8010366038,81.2635868781,79.6959406503,81.2197952271
2021.03.29,80.9658213102,81.2986218343,80.0988013775,80.9132766724
2021.03.30,80.7643902403,81.0796714092,80.5454453553,80.8519668579
2021.03.31,80.7643745642,81.3511451384,80.1162997013,80.5191574097
2021.04.01,80.9658092594,81.9904763165,80.5804708365,81.9554443359
2021.04.05,82.4458802208,82.4458802208,81.4562518077,82.2794799805
2021.04.06,82.3232827261,82.4984359741,81.8678802722,82.4984359741
2021.04.07,82.6385639179,82.7173808750,81.8328482863,82.4984359741
2021.04.08,82.5597268998,82.9100400207,82.1831414640,82.2969970703
2021.04.09,82.4371270755,82.4371270755,81.9992372981,82.2882461548
2021.04.12,82.4196126315,82.7436534651,81.7802906305,82.7348937988
2021.04.13,82.6998590496,83.3216616973,82.5509781371,83.2340850830
2021.04.14,83.2778662831,83.6281794062,82.6385510142,82.7261276245
2021.04.15,83.2515987403,84.1886825562,83.0852051756,84.1886825562
2021.04.16,84.4251436132,84.6090565031,84.0660708175,84.3550796509
2021.04.19,84.4076309525,84.5827908722,83.9434688583,84.5565185547
2021.04.20,84.3638576691,85.5636715472,84.3638576691,85.4410629272
2021.04.21,85.5373907673,86.0015528800,85.2308692478,85.8351593018
2021.04.22,85.7826098818,86.1854743811,85.2659031206,85.4848480225
2021.04.23,85.6599876795,86.1241497288,85.3972578479,86.0015411377
2021.04.26,86.4219500104,86.5883503087,85.9139961282,86.1417007446
2021.04.27,86.4219150708,86.4219150708,85.9052017288,86.1679382324
2021.04.28,86.2117414602,86.3255903968,85.6512430800,85.8088836670
2021.04.29,86.3168488729,86.7722580785,85.8964783402,86.5095214844
2021.04.30,86.2555187778,87.0262089935,86.0628462239,86.8685684204
2021.05.03,87.2364237206,87.2451833892,86.4131885958,86.7284698486
2021.05.04,86.4832169643,86.9123470054,85.6249502003,85.9402313232
2021.05.05,85.9139653233,85.9139653233,84.4076235544,84.6966323853
2021.05.06,84.7579414081,85.2658951365,84.4601795767,85.1520462036
2021.05.07,85.4235294468,86.3430938721,85.1695526013,86.3430938721
2021.05.10,86.5270232846,87.3590111947,86.3781356812,86.3781356812
2021.05.11,85.7388160503,85.7388160503,84.7053959530,85.3972625732
2021.05.12,85.2221162207,85.3359718522,83.2078270201,83.2866439819
2021.05.13,83.4442691662,84.8455150211,83.4442691662,84.3025360107
2021.05.14,84.7579426049,85.4936008912,84.5740297038,85.2396240234
2021.05.17,85.4235468899,85.4848511975,84.8893207750,85.3184509277
2021.05.18,85.2746561685,85.9139714907,84.7842150829,85.4322967529
2021.05.19,84.7491970481,85.1958465576,83.9785133319,85.1958465576
2021.05.20,85.2133450950,86.4657100042,84.9944002275,86.2467651367
2021.05.21,86.3606140159,86.5795588833,85.8964519662,86.0978775024
2021.05.24,86.5270206598,87.4203128449,86.4131650441,87.0699996948
2021.05.25,87.1838509511,87.4816127707,86.7109292245,87.1488189697
2021.05.26,87.3239791266,87.8757178440,87.1050342366,87.4378280640
2021.05.27,87.6217264803,87.6567517744,87.0086769274,87.1400451660
2021.05.28,87.6042186972,87.9895637995,87.3852738313,87.7443466187
2021.06.01,88.1296790304,89.1981309725,87.8231575753,89.1280670166
2021.06.02,89.5221783230,90.2841021842,89.1455928844,90.1965255737
2021.06.03,90.1615140946,90.1615140946,89.4871666906,90.0213928223
2021.06.04,90.3104005900,90.3892175519,89.5747422040,90.0301513672
2021.06.07,90.1177169364,91.1686497226,90.1177169364,90.9146728516
2021.06.08,90.9584638629,91.6678431546,90.9584638629,91.5014495850
2021.06.09,91.7729371956,91.9656097601,91.5277199977,91.7028732300
2021.06.10,91.6711934997,92.6129904045,91.4159392544,92.3929443359
2021.06.11,92.3753261558,92.3929335998,91.5127494279,91.9352340698
2021.06.14,91.8824340926,92.3489306746,91.7680125566,92.3401336670
2021.06.15,92.3401411169,92.3401411169,91.3191240726,91.3719329834
2021.06.16,91.5743615841,91.9088291502,90.5181365540,90.5533447266
2021.06.17,90.4125246662,90.8262123264,90.0780503629,90.6941833496
2021.06.18,90.4477538624,90.6413955114,89.2330950519,89.2595062256
2021.06.21,89.5147475207,91.3015274282,89.3035051527,91.0726776123
2021.06.22,91.1078609649,91.1342654143,90.5973525590,90.6325607300
2021.06.23,90.5885619598,90.8790243757,90.3421114427,90.3949203491
2021.06.24,90.6589823896,90.6853868440,89.7347861937,90.0956649780
2021.06.25,90.1748627759,90.8614120483,90.0340368049,90.8614120483
2021.06.28,91.0462583237,91.0726627759,89.8492072412,90.5005416870
2021.06.29,90.5621589395,91.0110547971,90.2100838886,90.2364883423
2021.06.30,90.2805039906,90.7558043217,89.6203657612,89.7259902954
2021.07.01,89.7787816943,90.7469828990,89.4355104192,90.0780410767
2021.07.02,90.4213388678,90.7998183970,90.0252518915,90.3773269653
2021.07.06,90.3773305631,91.2839193815,89.7435967480,91.0638732910
2021.07.07,91.0286625080,91.8472342100,90.6941948775,91.3983383179
2021.07.08,90.8174216140,91.6712015090,90.6237799823,91.4335479736
2021.07.09,91.8472196175,92.8066238842,91.5655609430,92.7714157104
2021.07.12,92.7097986189,93.5899827735,92.5865733745,93.4491500854
2021.07.13,93.2379087755,93.3699377432,91.8736206350,92.1024703979
2021.07.14,92.2609023158,93.1234857373,91.9880473782,92.8506240845
2021.07.15,92.6922004153,93.1851081574,92.6481952323,93.0882873535
2021.07.16,93.4931715834,93.7748302732,93.0354720154,93.1058883667
2021.07.19,92.2697138367,92.3225227413,90.8086048012,91.4775466919
2021.07.20,91.9968630935,93.8716600117,91.8736378247,93.5371856689
2021.07.21,93.7572337979,94.0124880647,93.2467319797,93.3875579834
2021.07.22,92.9914658391,93.0882866422,92.2697150345,92.6921997070
2021.07.23,93.0178874469,93.6604250122,92.8066450717,93.5195922852
2021.07.26,93.4227614875,93.7132239195,92.8506403469,93.4579696655
2021.07.27,93.4315688263,94.2589375377,93.0970944801,94.1445159912
2021.07.28,94.0212806340,94.1709103438,93.3699461740,93.6956100464
2021.07.29,93.9332635527,94.6198061883,93.6163966878,93.6956100464
2021.07.30,93.8804567791,95.0510967461,93.7396240736,93.9332656860
2021.08.02,94.2589292311,95.0070912247,93.6252022044,93.7220230103
2021.08.03,93.9948697975,94.0916905949,93.2907197643,93.9068527222
2021.08.04,93.7572317512,94.1973239156,93.1763135861,93.5371856689
2021.08.05,94.0300842599,94.5141815642,93.6692054970,94.4789733887
2021.08.06,94.6550366294,94.8838864668,94.0829153934,94.2501525879
2021.08.09,94.1357272406,94.1357272406,93.5988141718,93.7396469116
2021.08.10,93.9156751950,93.9244789195,92.7186238431,92.7978439331
2021.08.11,93.2467067584,93.4667527859,92.8330191523,93.3259201050
2021.08.12,93.5635728585,93.6867980957,93.1322778129,93.6867980957
2021.08.13,93.9156621174,94.2413327259,93.5547900464,94.2237319946
2021.08.16,94.1445148308,94.5846069943,93.8804635618,94.1005096436
2021.08.17,93.7220146032,94.1621066939,93.3611358654,94.1092910767
2021.08.18,93.9684597662,93.9684597662,93.1498882552,93.1938934326
2021.08.19,92.9650628216,93.8364433481,92.6305885092,93.7044143677
2021.08.20,93.6868017904,94.5581822067,93.0178599653,94.1797027588
2021.08.23,94.3557365358,94.5229736703,93.7396103278,93.9684600830
2021.08.24,94.1268918440,94.1708970208,93.1762913837,93.5459671021
2021.08.25,93.5283886607,93.9772778334,93.1147009517,93.5371856689
2021.08.26,93.6164016280,93.8012395231,93.0970894049,93.4227600098
2021.08.27,93.7660283129,94.6110043982,93.7132194061,94.3293457031
2021.08.30,94.4613821850,95.3503702401,94.1621227357,95.3063583374
2021.08.31,95.0862995115,95.9136748211,94.8662534581,95.7552413940
2021.09.01,96.0104940841,97.4804000854,95.9752859103,97.4804000854
2021.09.02,97.6036266275,97.9292972031,96.8202632169,97.9116897583
2021.09.03,97.6740514651,98.0877391547,96.8466760859,97.9381027222
2021.09.07,97.7796729181,97.8676967224,96.0721199031,96.8466796875
2021.09.08,96.6002196382,97.6740454776,96.3097572294,97.3835830688
2021.09.09,96.8378688865,96.9258926843,95.4471828657,95.4911880493
2021.09.10,95.6496262628,95.6760307173,94.2061245481,94.2237319946
2021.09.13,95.0158843137,95.4999883231,94.4261624951,94.6022033691
2021.09.14,95.0599094279,95.1655339670,94.0124879066,94.3645629883
2021.09.15,94.5581803592,95.2095147283,94.1444927480,94.7166137695
2021.09.16,94.6109805361,95.3151304539,94.1356803489,94.8926391602
2021.09.17,94.6726042527,95.0774881526,93.8804438964,93.9948654175
2021.09.20,93.0970701552,94.0300698762,92.4193313468,93.5019607544
2021.09.21,93.9860579847,94.6285953383,93.4931570330,93.5019607544
2021.09.22,94.1356997164,94.9278668581,93.7044113286,94.4173583984
2021.09.23,94.6109955057,94.9102616184,94.0036729886,94.0916900635
2021.09.24,93.8092602724,94.1887692592,92.8560739709,93.0149383545
2021.09.27,93.0502602463,93.6592416231,91.6734398120,91.7528686523
2021.09.28,91.2586263764,91.6204800922,90.5790371001,91.0997619629
2021.09.29,91.5675247614,92.2382863463,91.4704405820,91.7969970703
2021.09.30,92.1941397961,92.2206160710,90.3583750893,90.3672027588
2021.10.01,90.7996765462,92.1411996797,90.3230833330,91.6381301880
2021.10.04,91.4086576869,91.9470311266,90.9497198161,91.4527893066
2021.10.05,91.6116571324,91.6293057408,90.5790351007,90.9320678711
2021.10.06,90.5084304905,91.9117271140,89.6346729020,91.8322982788
2021.10.07,92.3618604920,93.1032233534,91.8764395231,92.0000000000
2021.10.08,91.8499522701,92.0441206345,91.0909341550,91.1968460083
2021.10.11,91.1615372367,91.7969948561,90.7555519206,91.4439620972
2021.10.12,91.6116374260,93.0325891393,91.3733374955,92.6883773804
2021.10.13,92.5472000655,93.4209510652,91.9823502542,93.3415222168
2021.10.14,93.9328303711,94.6300681967,93.6857094675,94.6035919189
2021.10.15,95.2037388192,95.3714241441,94.1181643744,94.5859298706
2021.10.18,94.1005208394,95.1419637248,94.0122576037,94.8065795898
2021.10.19,95.1772674035,95.5038238904,94.8860216001,95.0184097290
2021.10.20,95.0978313415,96.4305267334,95.0978313415,96.4305267334
2021.10.21,96.3687418370,96.6423389982,96.1657458335,96.5805587769
2021.10.22,96.7570675458,97.3748764658,96.6776387219,97.1012725830
2021.10.25,97.2954472587,97.6661353282,96.5717331929,97.4101867676
2021.10.26,97.5867061209,98.0368230489,97.3925377703,97.7014389038
2021.10.27,98.0544910443,98.1250989555,96.6864981159,96.8100585938
2021.10.28,96.7570696603,97.9750321881,96.7305933851,97.9309005737
2021.10.29,97.5867215991,97.8779741712,96.4217180440,96.9424362183
2021.11.01,97.0836535648,97.3484298588,95.6362250867,97.1189575195
2021.11.02,97.5337475500,97.9044288873,96.7659018653,97.4984436035
2021.11.03,97.5425682389,97.9662088616,96.9688976279,97.6926116943
2021.11.04,97.7985092887,98.1427143222,96.5187733160,96.8365020752
2021.11.05,97.5867008133,98.3810227802,97.0218511332,97.2954483032
2021.11.08,97.5337408471,97.5337408471,96.4305178473,97.1012725830
2021.11.09,97.3042826809,97.4984510344,97.0218578214,97.3131103516
2021.11.10,97.1454233751,97.6308442842,96.8276945498,96.8718261719
2021.11.11,96.9953773814,97.1365864383,96.3863960687,97.0748062134
2021.11.12,97.3307745146,97.3749061415,96.7570970332,97.1189575195
2021.11.15,97.1454106262,97.7190879707,96.8629857889,97.6926116943
2021.11.16,97.7985401317,97.8691480413,96.8718365696,97.1189575195
2021.11.17,96.8541459220,97.5513836242,95.6273625583,97.4631271362
2021.11.18,97.6131823275,97.6131823275,96.9600761124,97.4190139771
2021.11.19,97.4719783700,97.7102716186,96.5893998096,96.9777297974
2021.11.22,97.0130333045,97.2072016643,96.2275389280,96.3246231079
2021.11.23,96.4128625085,97.3660487964,96.1657416340,97.1012725830
2021.11.24,97.1277679413,98.4428080388,96.8982956428,98.2751159668
2021.11.26,96.8718171254,97.0306815232,95.3273047650,95.5567703247
2021.11.29,96.3510883100,97.3042746574,95.6979821387,96.5629119873
2021.11.30,96.1392766292,96.2893133587,94.3652919523,94.6035919189
2021.12.01,95.6009061033,96.6511767088,93.1208625887,93.1473388672
2021.12.02,93.6768699447,96.4746418300,93.5621371779,95.9804000854
2021.12.03,96.2010569523,96.5364343598,94.8154089701,95.5479507446
2021.12.06,96.2628351618,97.7896989048,96.2187035441,97.0836334229
2021.12.07,97.9220775121,98.7870073662,97.5955277911,98.5398864746
2021.12.08,98.7164031696,99.4224686579,98.3015902002,99.1488647461
2021.12.09,98.8840910163,98.9017396227,97.8249928290,97.8867797852
2021.12.10,98.1780288483,98.4869299716,97.7543949461,98.1250762939
2021.12.13,97.8994698112,99.6382772233,97.7567949450,99.2013473511
2021.12.14,99.0765196075,99.0765196075,97.4179615485,97.9886474609
2021.12.15,98.0867430643,99.4956270065,98.0421554598,99.3351211548
2021.12.16,99.5758676982,100.1911412089,98.8268449922,99.3618621826
2021.12.17,99.1835253225,100.2981473032,98.9160133259,99.1656875610
2021.12.20,98.2115721034,98.7911768981,97.4090429111,98.3720779419
2021.12.21,99.1121879473,99.8522985757,98.9784319489,99.3618621826
2021.12.22,99.6828668322,100.4051396482,99.5936984406,100.3248901367
2021.12.23,100.7172360957,100.7172360957,99.7274512656,100.2357254028
2021.12.27,100.3159925432,101.9478009880,100.1911554079,101.9121322632
2021.12.28,101.9745371088,102.4203859045,101.6267755923,102.2598800659
2021.12.29,102.4293090368,103.2050816196,102.0280410221,102.9286575317
2021.12.30,102.9286618210,103.7668598037,102.6254810770,103.3923416138
2021.12.31,103.3655777710,104.2305254780,103.3299090528,103.5617523193
2022.01.03,103.8827722304,104.1056966343,101.2790168253,102.7770690918
2022.01.04,103.0623966684,103.5617450816,102.4471232284,102.5808792114
2022.01.05,102.3223060456,102.4649809360,99.4688762671,99.5402069092
2022.01.06,99.6382952616,99.9860568070,98.5415109425,99.5223770142
2022.01.07,99.2459486815,99.5402037283,98.5771754608,98.8535995483
2022.01.10,98.3096451937,98.3809826235,97.0612673862,98.3542327881
2022.01.11,98.3364079878,98.6752574220,97.0880300158,98.6039199829
2022.01.12,98.5325863847,99.3261967172,98.5325863847,98.7020111084
2022.01.13,99.0497843063,99.4064647547,98.2829237234,98.3899230957
2022.01.14,97.8994773264,98.0332333229,96.3925062515,97.4536285400
2022.01.18,96.8205274827,97.0256141219,95.9109921168,96.5797653198
2022.01.19,96.9988660787,97.5249712125,95.3581457223,95.3670578003
2022.01.20,95.5899836590,96.6511060206,94.1454378456,94.1811065674
2022.01.21,94.7250591907,95.1887390480,93.7441861796,93.9581985474
2022.01.24,93.3072424750,94.3326961432,90.7124058254,94.1097717285
2022.01.25,93.0397240777,94.4218580754,92.0231893606,93.6817474365
2022.01.26,94.3237851786,95.3135702072,91.6308610163,92.1658782959
2022.01.27,92.8168067722,93.5925861906,90.4181446772,90.7837371826
2022.01.28,90.9442394141,93.7352573511,89.8831238601,93.6104202271
2022.01.31,93.3250670044,95.0995431889,93.0308051859,95.0371246338
2022.02.01,95.0460416618,95.1887165399,93.9492574496,94.5110244751
2022.02.02,95.0282128017,96.0447475197,94.8498760032,95.8218231201
2022.02.03,95.2243890124,95.5810694186,94.6180343628,94.6180343628
2022.02.04,94.1276014028,94.8677120822,92.9238109404,93.7441711426
2022.02.07,93.8690145638,94.2613637316,93.3875037890,93.5836715698
2022.02.08,93.4766614429,93.8600916847,92.8703068002,93.0932312012
2022.02.09,94.1008472346,95.2957255638,94.0919283537,95.2243881226
2022.02.10,93.8957318725,95.1441026960,92.3441736150,92.8435287476
2022.02.11,93.3339806046,93.6193235475,91.3454988847,91.8805160522
2022.02.14,91.9696876117,92.5671233560,90.6499790066,91.0244903564
2022.02.15,91.8983532798,92.3263711249,91.4525044759,91.7200164795
2022.02.16,91.8805176576,92.2728667621,91.0869073712,92.0231857300
2022.02.17,91.7289258783,91.9875189742,90.8639781997,90.9888153076
2022.02.18,90.8907390915,91.7021803918,90.3557218777,90.5162277222
2022.02.22,90.2665483265,90.7926466292,89.5710185049,90.0525360107
2022.02.23,90.4716207380,91.1314749335,88.4207207239,88.4653015137
2022.02.24,86.7800085746,90.3646298677,86.5392532203,90.0347061157
2022.02.25,90.4983923142,92.3174563310,89.9187874829,92.2015380859
2022.02.28,91.2206633522,91.7200118102,89.8385294093,90.6767272949
2022.03.01,91.0512321961,91.5594994986,89.9276914422,90.4448776245
2022.03.02,90.8729104463,92.4601311691,90.7659042796,92.0053634644
2022.03.03,92.5671158656,93.0843020515,91.5862499702,92.7632904053
2022.03.04,91.9964503120,93.3161659048,91.7646138077,93.2180786133
2022.03.07,93.0218718159,93.2002085733,91.3098144531,91.3098144531
2022.03.08,91.1760784321,92.5314557734,90.6232234781,90.8015670776
2022.03.09,92.4422910851,93.2269893486,92.0945295559,92.2550354004
2022.03.10,91.2295957125,92.7008983781,91.0155901548,92.4779739380
2022.03.11,93.0397176295,93.5747415935,91.6665094110,91.7021713257
2022.03.14,92.2817792057,92.3977042433,90.6499778302,91.0512390137
2022.03.15,91.9875297886,92.3442033943,90.8729077631,91.6843490601
2022.03.16,92.3976877901,93.2537164847,90.8282984484,92.8346176147
2022.03.17,92.5225549894,94.1900253296,92.4244676984,94.1900253296
2022.03.18,94.1900188177,94.6537053981,93.7620077623,94.3683624268
2022.03.21,94.3861895363,94.8498760977,93.4053235376,93.8690032959
2022.03.22,94.3237609042,94.5912728767,93.8957499119,94.1275863647
2022.03.23,93.8244295802,94.1543533629,92.9148941504,93.1110687256
2022.03.24,93.1406065000,93.7315807681,92.8003529354,93.7047195435
2022.03.25,94.1165976226,94.8418779371,93.7226148190,94.7971115112
2022.03.28,95.0209676508,95.8805609375,94.7612977780,95.8716049194
2022.03.29,96.8834293503,98.7996075899,96.7670284254,98.6026229858
2022.03.30,98.2623583443,98.3608540578,97.4923046739,97.9310607910
2022.03.31,98.3698095141,98.5847061463,96.6327107561,96.9013366699
2022.04.01,97.1251877286,98.5936605487,96.7849273325,98.5220260620
2022.04.04,98.5936565778,98.8175092161,97.3311244185,98.1638565063
2022.04.05,97.8594113637,99.1667098338,97.4922897908,97.8414993286
2022.04.06,97.3132201703,99.1309025185,96.9371493737,98.9876403809
2022.04.07,98.4682984364,98.6026113840,97.4743921878,98.2444458008
2022.04.08,98.2712925396,98.7458589641,97.6086907487,98.3608322144
2022.04.11,98.1638584470,98.6026145455,97.0266900276,97.2684478760
2022.04.12,97.2863823233,97.9310791760,96.6685467009,97.0535736084
2022.04.13,97.0535551894,97.7430251827,96.7670240683,97.6266174316
2022.04.14,97.7877945637,98.3698128423,97.0893753619,97.1520538330
2022.04.18,96.9550440673,97.4654277591,96.3193034568,96.8028259277
2022.04.19,97.3848579140,99.0771833867,97.3490406706,98.8354187012
2022.04.20,99.0503258097,100.8232350219,99.0413697907,100.6262435913
2022.04.21,100.9127765001,101.2978033489,99.7577027850,99.8293304443
2022.04.22,99.5696538360,99.6681495464,97.9937361327,98.1011810303
2022.04.25,97.8773347361,98.1996831125,96.2029212137,97.7698898315
2022.04.26,97.4385813029,98.1190952723,96.0954654018,96.1760559082
2022.04.27,96.2477013000,97.0714843964,95.5134647453,95.6030044556
2022.04.28,96.1223325038,97.6713959436,95.0926088836,97.3848648071
2022.04.29,96.8923719749,96.8923719749,92.6302159682,92.8988418579
2022.05.02,93.1853700400,93.4450399036,88.9053089624,90.6065902710
2022.05.03,91.1886111772,92.5048658371,90.5528704783,91.9676208496
2022.05.04,91.8959851726,93.1764225726,90.3558847167,92.9794311523
2022.05.05,92.4511524286,93.0958492093,89.8813213255,90.5528793335
2022.05.06,89.9439899084,90.1499373474,88.5381955730,89.3888397217
2022.05.09,88.6993694678,88.6993694678,85.2699521538,85.6012496948
2022.05.10,86.5682935187,87.1861289933,83.3269048208,83.9447402954
2022.05.11,84.1596391599,85.6818412566,83.6223941740,83.7656631470
2022.05.12,83.6134066476,84.5088168972,83.1746575381,84.3655548096
2022.05.13,85.2341364610,86.7205144918,84.6431621911,86.6488800049
2022.05.16,86.5593434801,86.8458746069,85.9325587752,86.0758209229
2022.05.17,86.9354169404,87.1234591891,85.8430216832,87.0339126587
2022.05.18,86.7652817205,86.9622731301,84.2670855221,84.5177993774
2022.05.19,83.8999718658,85.3057662577,83.8999718658,84.3118667603
2022.05.20,85.0998119231,85.2341248599,83.6582005193,84.9565429688
2022.05.23,85.7445177628,86.2728067180,84.5357148643,85.9952316284
2022.05.24,85.6549782337,86.9443648066,84.3924460535,86.8190078735
2022.05.25,86.4876964722,87.6965061061,86.2101214047,87.4368362427
2022.05.26,87.8129050040,88.4038791965,87.3831049702,87.5174179077
2022.05.27,88.0367649790,89.9171257672,87.9740865138,89.8634033203
2022.05.31,89.0754315594,89.3798678230,88.3232832545,88.7709884644
2022.06.01,89.0664780451,89.1022952827,86.9264476283,87.9830322266
2022.06.02,87.5353301256,89.3082390441,86.6041024100,89.2545166016
2022.06.03,88.4307507672,89.0217181974,87.8576885427,88.0636291504
2022.06.06,88.7262393746,88.9142816256,87.5980268571,87.7592010498
2022.06.07,87.5084752011,88.9769479423,86.9801794295,88.9321746826
2022.06.08,88.4128509815,88.6008864095,86.6847080499,86.8906555176
2022.06.09,86.5266983149,87.1287621729,84.9181941325,84.9631271362
2022.06.10,84.0195869253,84.0465439846,83.0311225679,83.0940246582
2022.06.13,81.3237913255,81.3237913255,78.6549321044,78.9964065552
2022.06.14,79.2929401715,79.4187443816,77.8192278343,78.3763656616
2022.06.15,79.0682835316,81.2698707722,78.8975531755,80.1466140747
2022.06.16,78.4931715182,79.0053762645,77.7922604817,78.1337280273
2022.06.17,78.3493981871,79.7332511698,78.0079237859,78.7717437744
2022.06.21,79.6164299437,80.7486745660,79.5265707829,80.0028305054
2022.06.22,79.3109162862,82.1415247303,79.1671361283,81.1530532837
2022.06.23,81.4945302842,82.9592546965,81.3507501217,82.7435913086
2022.06.24,83.3186784014,84.7654333767,83.0670700328,84.5048370361
2022.06.27,84.3610653739,85.2596706982,83.8848056490,84.3161392212
2022.06.28,84.8193644641,85.3675143150,83.1839028851,83.3186950684
2022.06.29,82.7885039166,82.9861981797,81.8629415534,82.8154678345
2022.06.30,82.2762976113,83.6871076330,81.6652457439,82.6537170410
2022.07.01,82.4829922293,84.4329643430,82.4200901242,84.2083129883
2022.07.05,83.4354959281,83.9387195291,81.9797598137,83.8578414917
2022.07.06,84.1723678225,84.9541570040,83.5972609037,83.8488693237
2022.07.07,84.2352656977,84.7384893682,83.7410368563,83.9926452637
2022.07.08,83.6511602489,84.1813409166,83.1749005586,83.5792770386
2022.07.11,83.3276747133,83.7500134567,82.7974940071,83.4175338745
2022.07.12,82.9682287900,83.8758152046,82.4021030647,82.9951858521
2022.07.13,82.1774510242,83.2378055406,81.5574180361,82.6447296143
2022.07.14,81.3327589266,82.1954190997,81.2339118057,81.8359756470
2022.07.15,83.1928910202,83.6332057543,82.4111018406,83.2288360596
2022.07.18,83.8308884741,83.8668335085,82.2493412413,82.5548706055
2022.07.19,83.1749054847,84.7564527535,83.1479484223,84.6845626831
2022.07.20,84.5767330192,85.5022953781,84.0824973635,84.4329528809
2022.07.21,84.5408016258,85.2147557073,83.7769883713,85.1698226929
2022.07.22,85.3675115811,86.2301719281,85.0619890410,85.6820220947
2022.07.25,85.7988496924,86.2481524086,85.3495469763,85.8078308105
2022.07.26,85.7359435356,86.3380075014,85.5741942912,85.8617477417
2022.07.27,86.0594346729,86.7962908141,85.5472298779,86.5806274414
2022.07.28,87.2186293373,89.5370326863,87.1826843021,89.4561614990
2022.07.29,89.4651511548,90.2738973835,89.1146955984,89.9773559570
2022.08.01,89.5639788000,89.7526850697,88.8181348373,89.2225112915
2022.08.02,89.1057166337,89.3842821197,87.9914409780,88.0723190308
2022.08.03,88.5575428027,89.2225087130,88.3059275946,88.3508605957
2022.08.04,88.5395856650,88.6204637130,87.7578033839,88.3059463501
2022.08.05,87.4253115407,88.5755252420,87.3444334977,88.5575561523
2022.08.08,89.2764287679,90.0402418468,88.7911811181,89.2674407959
2022.08.09,89.5280535770,89.8066259131,89.0068676552,89.7976379395
2022.08.10,90.7591383102,91.2623551010,90.4266518701,91.1365509033
2022.08.11,91.4690413352,91.8913869556,90.5434789020,90.8220443726
2022.08.12,91.3791960086,92.3766486677,91.2713608799,92.2778015137
2022.08.15,92.1339985216,92.8528854899,92.0081943305,92.7270812988
2022.08.16,92.3227027642,92.8798404952,92.0800823599,92.3856048584
2022.08.17,91.6397851131,92.4844695585,91.3702007407,91.9992218018
2022.08.18,92.0621231139,92.1969152989,90.8669831083,91.2893218994
2022.08.19,91.0107518589,91.1365560638,90.1121464783,90.4536209106
2022.08.22,89.7527101316,89.7527101316,88.4677040603,88.5665512085
2022.08.23,88.3598615273,88.5845128542,87.0478986012,87.3893661499
2022.08.24,87.5241600438,88.4407344590,87.4073369639,87.9105606079
2022.08.25,88.1981052277,89.2674407959,88.0004109790,89.2674407959
2022.08.26,89.2674520070,89.3393420802,87.0029695459,87.0748596191
2022.08.29,86.5446681268,87.1916649939,86.1223225687,86.3020477295
2022.08.30,86.5626437562,86.6794599684,84.8193474100,85.0439987183
2022.08.31,85.5472064461,85.9515828719,84.4239500229,84.7025222778
2022.09.01,84.2622105234,84.9541403990,83.4085382859,84.8552932739
2022.09.02,85.6011307754,85.8167940974,83.5702811630,83.7589874268
2022.09.06,84.1903385176,85.1159009431,83.8398829751,84.7205123901
2022.09.07,84.7384782255,86.5177127898,84.5677410333,86.3739395142
2022.09.08,85.9516029346,86.8861533195,85.6370924339,86.6255569458
2022.09.09,86.8411883044,87.7487812913,86.4637758426,87.4522399902
2022.09.12,87.5960404572,88.4047796760,87.5960404572,88.2070922852
2022.09.13,86.4997656723,86.7693432036,84.6666096652,84.9451751709
2022.09.14,84.6396560676,84.7115392988,83.3097168823,83.8309097290
2022.09.15,84.1364178914,84.1364178914,82.1954338672,82.2942810059
2022.09.16,81.8539571944,82.2852907745,81.2518932616,82.2313766479
2022.09.19,81.5034953255,82.1594801898,80.9373764729,82.1235351562
2022.09.20,81.4944935248,81.4944935248,79.7242404936,80.1196289062
2022.09.21,80.6498444276,81.2249514049,78.9065475464,78.9065475464
2022.09.22,78.7627725639,78.7627725639,77.8192340572,78.1247634888
2022.09.23,77.3968610346,77.7203594451,76.2466475108,77.1003265381
2022.09.26,76.7126252345,76.7126252345,74.2063870585,75.0145568848
2022.09.27,75.6592417023,76.1223523004,73.7432425814,73.9430160522
2022.09.28,74.6422314640,75.6864976838,73.8885499359,75.3777618408
2022.09.29,74.6694754053,74.6785509805,72.7262284765,73.2256622314
2022.09.30,73.8340579516,74.5332652052,73.4435934528,73.9339447021
2022.10.03,75.0599314597,75.7500492079,73.8158919279,75.3141860962
2022.10.04,76.0951341077,77.3664076092,76.0497285136,76.7761764526
2022.10.05,75.8136349887,75.8681230895,74.0429275908,75.2415618896
2022.10.06,75.1507584106,75.3596075275,73.0077445012,73.1167068481
2022.10.07,72.5264540095,72.8442723062,70.9282730955,71.4004592896
2022.10.10,71.5548490411,72.0724409261,70.5105827670,70.6013870239
2022.10.11,70.6104473680,71.8635623468,69.7750304542,71.3822937012
2022.10.12,71.3459812751,71.3550637777,70.1382647662,70.5741348267
2022.10.13,69.0032094269,72.0996853245,68.7035560561,71.7273788452
2022.10.14,72.6808137162,72.8079410206,69.8567585884,69.8930816650
2022.10.17,71.2007038484,72.7807200046,71.1189751719,72.4719772339
2022.10.18,73.7432508647,74.3244063391,72.6445035794,73.2892227173
2022.10.19,72.6444956001,72.7897879167,71.0735553344,71.4640197754
2022.10.20,71.5548393280,72.2903627152,70.9555188436,71.1280517578
2022.10.21,71.2733271643,71.6547160226,70.1382569467,71.6183929443
2022.10.24,72.2086382476,72.4992160039,71.0463272225,71.5639190674
2022.10.25,71.8454056212,74.5514090889,71.7455188897,74.4151992798
2022.10.26,74.4969450596,75.2233859952,74.0519993803,74.5605087280
2022.10.27,74.8964898114,75.5321264769,74.4061385575,74.6967163086
2022.10.28,74.2426859045,76.5582253401,74.1337166532,76.3584518433
2022.10.31,75.6592734361,76.6672167871,75.4413417983,76.2676696777
2022.11.01,77.0667473237,77.3028369940,75.9589174337,76.1223678589
2022.11.02,75.7046683905,76.6308829171,73.9702772534,74.0792465210
2022.11.03,73.4889998409,74.6240702654,72.6535896712,74.0247497559
2022.11.04,74.8601817648,75.4958185579,73.5979837556,75.0508728027
2022.11.07,75.4867245924,75.8590310347,74.6149912965,75.0962600708
2022.11.08,75.2687970172,76.1859359524,74.9146555633,75.4413299561
2022.11.09,75.2778718107,76.0860413974,74.5332658906,74.6967163086
2022.11.10,77.4935238254,80.3085039889,77.3209978338,80.1359710693
2022.11.11,80.2994310683,80.9259922273,79.7909216801,79.9452896118
2022.11.14,79.6274671283,79.7364294614,78.0292859407,78.1110076904
2022.11.15,79.1915953807,79.4730906391,78.0746899226,79.0099868774
2022.11.16,78.7557131164,79.0553663814,78.0655885010,78.2926025391
2022.11.17,77.2937467009,77.8476615404,76.9668459127,77.6660461426
2022.11.18,78.8646900279,78.9010131121,77.7750252148,78.6285934448
2022.11.21,78.3380088836,79.1552608863,78.1473179043,79.0553741455
2022.11.22,79.3550464106,79.5184968359,78.8828601418,79.4549331665
2022.11.23,79.3731899637,79.9361803327,78.9373199713,79.5638809204
2022.11.25,79.8817194584,80.0996510459,79.6092997780,80.0905685425
2022.11.28,79.6456267044,79.9816100694,77.7387096334,77.8839950562
2022.11.29,78.0020337706,79.2279083305,77.7568547019,79.1825027466
2022.11.30,78.9645710216,81.0167800956,78.4288211571,80.9713745117
2022.12.01,81.7614041123,82.1518686654,80.2086284042,80.8715057373
2022.12.02,79.8272287677,81.0167802458,79.5729671967,80.6172332764
2022.12.05,80.0633226951,80.2540136877,79.0099809846,79.1734313965
2022.12.06,79.4004453454,79.4004453454,78.0928420523,78.4288253784
2022.12.07,78.1927188509,79.4004352428,78.1563957720,78.5831832886
2022.12.08,79.0099767689,79.8544693641,78.7193990442,79.1825027466
2022.12.09,79.0190626737,79.8272392208,78.7738905008,79.0826263428
2022.12.12,79.2733157363,79.7000963669,78.3925000393,79.6637802124
2022.12.13,82.2329248258,82.4253352874,80.2629982090,81.1517562866
2022.12.14,81.1517578192,82.0863239346,80.2171917038,80.6020126343
2022.12.15,79.5116847384,80.2446830253,79.0535625567,79.4475479126
2022.12.16,78.7237148955,78.7237148955,76.6438432434,77.4409713745
2022.12.19,77.1935883350,77.4043276163,76.0757690827,76.5247268677
2022.12.20,76.1857140906,76.7812742770,75.4527158626,76.3139877319
2022.12.21,76.8545693529,77.8990872955,76.7812751217,77.1019592285
2022.12.22,76.4514298595,76.8545726151,75.3885830712,76.7904357910
2022.12.23,76.7812873757,77.4684707103,76.2498639193,77.4501419067
2022.12.27,77.4776231292,77.6608762008,76.7263030115,77.3951644897
2022.12.28,77.6242133986,77.9357330859,76.0207859731,76.0849227905
2022.12.29,76.7079792920,77.9540721866,76.4422675876,77.7799835205
2022.12.30,77.2485556834,77.5784041948,76.2681745495,77.1386108398
2023.01.03,77.8441130930,78.4396732723,76.4330960647,77.2760391235
2023.01.04,77.9723964626,79.6857759944,77.6700341351,78.9344558716
2023.01.05,78.3480641602,78.3480641602,76.7079857709,76.8270950317
2023.01.06,77.4959348944,79.2459576539,76.8912103766,78.9894104004
2023.01.09,79.2551220531,79.8873327780,78.6778907327,78.9894104004
2023.01.10,78.9069506749,79.2001485306,78.1739525405,79.1634979248
2023.01.11,79.8598606838,82.0496841151,79.8415318823,82.0405197144
2023.01.12,82.4528321364,83.0758786120,81.5182659180,82.9292831421
2023.01.13,82.2604063799,82.7826653147,81.8664210788,82.4711456299
2023.01.17,82.5627685256,83.0483768514,82.3245430674,82.5536041260
2023.01.18,82.9842513532,83.0758743911,81.2892006863,81.4083099365
2023.01.19,81.0693085626,81.8939229402,80.7669462293,80.9685211182
2023.01.20,81.0051702035,82.0130376385,80.0614326061,81.9763870239
2023.01.23,82.0130358514,82.7460271561,81.4449618231,82.2787475586
2023.01.24,82.1687959288,82.8284929981,81.0143260576,82.5261306763
2023.01.25,82.0038732935,82.6818921880,81.7015109657,82.4345092773
2023.01.26,82.9017959877,83.3965618097,82.4711600033,83.3507537842
2023.01.27,83.2041479851,84.5327064996,83.1491755605,84.2028579712
2023.01.30,83.5889774264,84.4502423856,83.1491770505,83.1949920654
2023.01.31,83.1583382894,84.9083613446,83.1308520777,84.8350601196
2023.02.01,84.5052252337,85.9528860926,83.5431658045,85.3848190308
2023.02.02,86.1178094262,87.9777844446,86.0994876139,87.2631149292
2023.02.03,86.1178127325,86.1178127325,84.5143849667,85.4947662354
2023.02.06,84.4868952488,85.0458048918,84.0471018516,84.9725036621
2023.02.07,84.4410838912,85.2015614002,83.6714349909,84.8259048462
2023.02.08,84.4868810743,84.8991951792,84.1295463776,84.4685592651
2023.02.09,84.9175286807,85.3023496393,83.2682860149,83.4881896973
2023.02.10,83.1308446161,83.9554588561,82.6910442964,83.7538909912
2023.02.13,84.0654170157,84.6426484253,83.9463077697,84.5510253906
2023.02.14,84.2853200478,84.8717159022,83.3049388235,83.8088760376
2023.02.15,83.2133174605,84.1845343032,83.0850438017,84.1753768921
2023.02.16,83.2408064172,84.1204002455,82.3612125890,83.4515457153
2023.02.17,83.1216609434,83.3232357519,82.2695537013,83.0666885376
2023.02.21,82.5627937410,82.5811155555,81.0876395138,81.4174880981
2023.02.22,81.7839639233,81.7839639233,80.2355088999,80.5836791992
2023.02.23,81.0509744813,81.4083092191,80.2996543928,81.0784606934
2023.02.24,80.1805393831,80.2904842235,79.3192675178,79.6949310303
2023.02.27,80.6936420296,81.0143261636,79.4750353301,79.8598632812
2023.02.28,79.8964987667,80.7577706306,79.5758146654,79.7773895264
2023.03.01,79.1818379304,79.3925772143,78.1098336795,78.6870651245
2023.03.02,78.1373095859,79.7682232546,78.0456865577,79.6216278076
2023.03.03,80.1622296181,81.0784741212,80.0247915446,80.9227142334
2023.03.06,81.2525452520,81.3441682844,80.4554101901,80.6020126343
2023.03.07,80.6294948479,80.6569810573,78.6045958730,78.7053833008
2023.03.08,78.9252787270,80.1072346422,78.6595670570,79.6307907104
2023.03.09,79.6766090749,79.8323689391,77.6333880572,77.7799835205
2023.03.10,77.6333905595,77.8716090688,74.8754929770,75.2236633301
2023.03.13,74.7746975323,77.2852049452,74.5914514693,76.2681732178
2023.03.14,77.4776137438,77.8807634622,76.2131991594,77.0286560059
2023.03.15,76.1124213868,77.2210762626,75.7642510343,76.8912277222
2023.03.16,76.3781225466,77.2210655934,75.5443369095,76.9095458984
2023.03.17,76.4514179238,76.6621501742,75.0495654229,75.1869964600
2023.03.20,75.4618920589,76.2956708579,75.0495848602,76.0391235352
2023.03.21,76.5613773448,76.6621647848,74.9854359094,75.6084823608
2023.03.22,75.2603131358,75.2603131358,72.9238871606,72.9788665771
2023.03.23,73.3299484559,74.2790532016,72.2518395913,72.5467071533
2023.03.24,72.1873267100,74.3896272664,71.9753943957,74.3527679443
2023.03.27,74.9056332369,75.0807132348,74.1776775453,74.2513961792
2023.03.28,73.7261593990,74.4172557379,73.4865773664,74.0118103027
2023.03.29,75.0069870957,75.7902281692,74.8042643879,75.6704406738
2023.03.30,76.4813395473,76.8499257223,76.2786167996,76.6195602417
2023.03.31,77.0526465923,78.4256228546,76.9144259013,78.2321166992
2023.04.03,78.1399714630,78.7020637810,77.2000763937,77.6147384644
2023.04.04,77.7805965139,77.9280267512,77.0342076504,77.5594406128
2023.04.05,77.2922058859,77.8727312638,77.0710570434,77.1355590820
2023.04.06,77.4304573699,77.6792560681,76.7946462857,77.6055374146
2023.04.10,77.2000884464,78.0294056869,76.8315022250,77.9833297729
2023.04.11,78.2136755277,78.9877071001,77.8727391590,78.3979721069
2023.04.12,79.1443730568,79.1812323815,77.9372600492,78.0109786987
2023.04.13,78.1676129258,78.1676129258,77.0618544522,77.7898101807
2023.04.14,77.9280460298,78.2781990812,76.0298364383,76.5366363525
2023.04.17,76.6379861998,78.1952590942,76.6195600546,78.1952590942
2023.04.18,78.2966196978,78.2966196978,77.6055232646,78.0478210449
2023.04.19,77.6331705305,78.6559938738,77.3475195711,78.4348449707
2023.04.20,78.0386012601,78.0754605753,77.3382883311,77.6331558228
2023.04.21,77.6423799356,78.1307536070,77.1263565026,77.7898101807
2023.04.24,77.8451135949,78.1215479794,76.8960018205,77.5686721802
2023.04.25,77.1079276022,77.3935785250,76.6840559964,76.7485580444
2023.04.26,76.6840543441,77.3659341274,76.0206007040,76.1496047974
2023.04.27,76.3707471178,78.2228871991,76.2970355209,78.0201644897
2023.04.28,78.2228806186,79.2917795305,77.9925152010,78.9508361816
2023.05.01,78.6559794977,79.1443531249,78.1399631414,78.2505340576
2023.05.02,78.0478229522,78.2229029692,76.3984122779,76.9144287109
2023.05.03,77.3198767368,78.0662586777,76.4813429755,76.5458450317
2023.05.04,76.5550617458,77.6515967037,76.0758975871,77.1724395752
2023.05.05,77.7713825200,78.6006996014,77.6239452477,78.4532623291
2023.05.08,78.2136944396,78.4993524490,77.6884613646,78.0109786987
2023.05.09,77.5963029776,77.9741057176,76.8499211150,77.6515884399
2023.05.10,78.5085430243,78.6836230170,77.6239405345,78.3979721069
2023.05.11,77.8450997209,77.9096017689,77.0895012896,77.5410156250
2023.05.12,77.6976612935,77.7898060705,76.9512794602,77.5594406128
2023.05.15,77.7621773206,77.9003980261,77.2461608522,77.4304504395
2023.05.16,77.3567245584,77.3843743211,75.5322339129,75.5414505005
2023.05.17,76.0205982625,76.6564091522,75.3110757720,76.5181884766
2023.05.18,76.1680441659,76.5366233024,75.5598759363,76.1772537231
2023.05.19,76.6103391582,76.8591377995,75.7073104643,76.0758895874
2023.05.22,76.2509696071,77.0249942021,75.7718125289,76.5550537109
2023.05.23,76.3891996262,77.1079388465,75.6704604059,75.7349624634
2023.05.24,75.4953714487,75.5875162299,74.1131786408,74.1868972778
2023.05.25,74.6292171783,74.7397951666,73.6616861439,74.1961288452
2023.05.26,74.3711902206,75.2373666692,74.0118206366,75.0530700684
2023.05.30,75.6059529421,76.2048975628,75.1636481296,75.3755874634
2023.05.31,75.4400932003,75.9192503263,74.9425028983,75.7718200684
2023.06.01,75.6427987247,76.1772482767,74.9701355215,75.8178787231
2023.06.02,76.6840647949,77.7529570039,76.4168399851,77.5133819580
2023.06.05,77.5133837150,77.8727533221,76.8683561157,76.9973602295
2023.06.06,77.4949413319,77.7990254341,76.8314876652,77.6608047485
2023.06.07,78.0274355490,79.1013808776,77.5367563109,78.8791809082
2023.06.08,78.5366235657,78.6847497938,77.6293248144,78.4718170166
2023.06.09,78.5829059719,78.6291993890,77.6848744257,77.9903869629
2023.06.12,78.3977417139,78.3977417139,77.3515769466,78.0829620361
2023.06.13,78.1385299902,78.7680823987,77.8052371231,78.6569824219
2023.06.14,78.9902776726,79.5457634467,78.3792454401,79.0550842285
2023.06.15,78.7032688350,79.6475938320,78.2773962236,79.4716873169
2023.06.16,79.7679637947,80.1568031321,79.3050578035,79.4439239502
2023.06.20,79.1013664042,79.2494926267,78.1014879151,78.6106872559
2023.06.21,78.1940912937,78.5181241250,77.6108321973,78.2681579590
2023.06.22,78.3792294145,78.3792294145,76.7035052740,77.1201248169
2023.06.23,76.8609109333,77.3608502726,76.1202655540,76.1387786865
2023.06.26,76.1943235843,77.9533605756,76.0832236114,77.8700408936
2023.06.27,78.1570497178,78.9995420538,77.6478573404,78.8051223755
2023.06.28,78.8421411387,79.1106203615,78.2496150519,78.9254608154
2023.06.29,78.6662394125,79.7216644287,78.3422066555,79.7216644287
2023.06.30,80.4900924245,80.5826722059,79.1198876437,80.1197662354
2023.07.03,80.0271919123,81.1937099521,79.6938990257,80.8048706055
2023.07.05,80.6567460302,81.5455247251,79.9809001451,81.0826187134
2023.07.06,80.0271949302,80.5363873137,78.9439894761,80.4345474243
2023.07.07,80.0642094497,80.7307880281,79.8327564943,80.2215957642
2023.07.10,80.0179360662,80.6289683485,79.7864830528,80.5549087524
2023.07.11,80.8233952341,81.6751406296,80.5641619255,81.6381072998
2023.07.12,82.6102092091,82.8231420171,82.0084299867,82.0824966431
2023.07.13,82.1009931977,82.6657389779,81.6010539629,82.6564788818
2023.07.14,82.5824191698,82.7490655953,81.9713869849,82.5361328125
2023.07.17,82.2491387624,82.6102119586,81.8510463635,81.9806594849
2023.07.18,82.2583872900,82.2583872900,80.7956027681,81.4992218018
2023.07.19,82.1195161662,82.7675887615,81.9065833757,82.3972625732
2023.07.20,82.0732416886,82.1565613847,81.1011361865,82.1473083496
2023.07.21,82.3509794357,82.7490789017,82.1287865203,82.5268859863
2023.07.24,82.6287127286,83.2675252049,82.4898395298,83.1934585571
2023.07.25,83.0916334026,83.4619596438,82.5731809029,82.6102142334
2023.07.26,82.5454001836,83.1656925199,82.4991067589,83.0360794067
2023.07.27,83.3693782778,83.6378575577,81.1289077393,81.2122344971
2023.07.28,82.2676592412,82.3417259004,80.8882012659,81.0548477173
2023.07.31,81.2122263294,81.9899049860,81.0270596992,81.5177459717
2023.08.01,81.3140575780,81.6751236393,80.9807647424,81.3603439331
2023.08.02,80.8604185587,81.1196518579,80.4252928418,80.8881988525
2023.08.03,80.1197731860,80.3049327649,78.9162147327,79.9994201660
2023.08.04,79.7031469997,80.5548993577,79.1384082112,79.3883743286
2023.08.07,79.4902137899,80.3882525025,79.4902137899,80.3512191772
2023.08.08,79.6475930848,80.0456924667,79.1106205115,79.8142395020
2023.08.09,79.6013064898,80.2771451892,79.3050469784,79.8512725830
2023.08.10,80.1938414035,80.6660004580,79.3328359242,79.5457687378
2023.08.11,79.1754429348,79.7864822745,79.0087964842,79.7031555176
2023.08.14,79.4994723530,79.5550188081,78.9162063211,79.1476593018
2023.08.15,78.5458845331,78.8328910483,78.1200118724,78.2033386230
2023.08.16,78.2959260950,78.4070260857,77.3053074675,77.3145675659
2023.08.17,77.4997201059,77.9348528672,76.7220414320,76.7775878906
2023.08.18,76.2683866967,77.1571653304,76.0276806729,76.9627456665
2023.08.21,76.8423968039,76.8886902297,75.6851317918,76.2869110107
2023.08.22,76.6294602855,76.8609132980,76.2961744458,76.5368804932
2023.08.23,77.0553316423,77.8793037121,76.9164584373,77.7682037354
2023.08.24,77.9811463778,78.8328917063,77.4256535377,77.4349136353
2023.08.25,77.6385827925,78.0829685278,77.2219702827,77.5737762451
2023.08.28,77.9904021598,78.6662480386,77.9163425668,78.2218551636
2023.08.29,78.2866427736,79.2124545644,77.9626100594,79.1661682129
2023.08.30,79.1476607582,79.6753732814,79.1013743993,79.4624404907
2023.08.31,79.4809551386,79.5735349216,78.7773360731,79.0087890625
2023.09.01,79.3606038764,79.7124098852,78.8051181024,79.0550842285
2023.09.05,78.7958550247,79.0087878160,78.0737228394,78.0737228394
2023.09.06,78.0644546527,78.2496141968,77.3330624460,77.9163284302
2023.09.07,77.8422780666,78.7680901072,77.7034048479,78.4255371094
2023.09.08,78.6384592433,78.6754925642,77.8978069526,78.0274200439
2023.09.11,78.1292599105,78.3144194515,77.6941272195,78.0274200439
2023.09.12,77.9811518490,78.2218578956,77.5274988602,78.1200180054
2023.09.13,78.0644676307,78.1570474181,77.0738490723,77.2867889404
2023.09.14,77.9811487580,78.8514072448,77.8515285782,78.7217941284
2023.09.15,78.2959080556,78.6106877583,78.0644550925,78.3051681519
2023.09.18,78.3329423904,78.3699757126,77.5274835258,77.6941299438
2023.09.19,77.6385828146,77.9533554553,77.1201304355,77.3423233032
2023.09.20,77.8792891474,78.3699682586,77.4256362915,77.4256362915
2023.09.21,76.9720080546,77.0090413817,74.6945114136,74.6945114136
2023.09.22,74.7685571290,75.2314629930,74.1852912198,74.2408447266
2023.09.25,73.8983023774,74.2038219864,73.6298160904,74.1019821167
2023.09.26,73.5870058238,73.8398217914,72.5383089024,72.7349395752
2023.09.27,73.1375462472,73.3903550017,71.8641227834,72.2105712891
2023.09.28,72.5289341398,73.2031004415,72.3510271591,72.9221954346
2023.09.29,74.1862643200,74.2049879877,72.7630226951,73.1656494141
2023.10.02,72.9315616391,73.2124666492,71.3585092990,71.8173141479
2023.10.03,71.4334298030,71.6956040448,70.2349149013,70.4221801758
2023.10.04,70.9371631148,71.2742462893,69.9446372595,71.1899719238
2023.10.05,71.2929662999,71.8079564411,70.8528851145,71.7330474854
2023.10.06,71.1150593389,72.3884830123,70.4221693573,71.8828582764
2023.10.09,71.5176869787,72.9877413224,71.4708742385,72.8004760742
2023.10.10,72.7349324741,73.6806384073,72.3791256454,73.0345611572
2023.10.11,73.6806334455,74.4016124600,73.5027264712,74.3828887939
2023.10.12,74.3548029437,74.3548029437,72.8941068979,73.2218246460
2023.10.13,73.7180951911,73.8398168918,72.8004783021,73.1469268799
2023.10.16,73.7368076254,74.1675233587,72.8566453500,73.9896163940
2023.10.17,73.2780208247,74.7387099439,73.2780208247,73.7836456299
2023.10.18,73.2780237699,73.4933781263,72.1263215879,72.1731414795
2023.10.19,71.6019582916,72.1731265611,70.3285346559,70.4502563477
2023.10.20,70.5719733969,71.0401435629,69.9633507524,69.9914398193
2023.10.23,69.4577319835,70.2910743779,69.1393725290,69.3266448975
2023.10.24,69.5701006099,70.3472577800,69.3921936325,70.1506271362
2023.10.25,69.4764598978,69.7011867537,68.5120303583,68.6150283813
2023.10.26,68.9334014765,70.4502687631,68.9146706630,69.9727401733
2023.10.27,70.2910863558,70.2910863558,68.6805794312,68.9333953857
2023.10.30,69.4764515578,69.7948109935,68.2404825736,69.2517318726
2023.10.31,69.8510064960,70.5813510123,69.2330254221,70.5345382690
2023.11.01,70.5532496351,71.0307852523,70.1693537753,71.0120544434
2023.11.02,71.9577841764,73.4933824129,71.7705188866,73.2499389648
2023.11.03,74.4765435470,75.9465982276,74.4297236523,74.9353485107
2023.11.06,74.9353286976,74.9353286976,73.5027288828,73.9428100586
2023.11.07,73.8117278348,73.9428149413,73.1656505644,73.2967376709
2023.11.08,73.6150952651,73.8679040657,73.3248248422,73.6525497437
2023.11.09,73.9147272701,73.9521817503,72.3416748184,72.4914855957
2023.11.10,73.0532800703,73.3248196629,72.3416664591,73.2124633789
2023.11.13,72.6787485020,72.8660137350,72.1543929908,72.6132049561
2023.11.14,74.9446861905,77.1638155018,74.4952396569,76.5177383423
2023.11.15,76.3679286687,77.3791781202,76.2368415706,76.7331008911
2023.11.16,76.9671712487,77.1076237251,76.4334575534,76.6488189697
2023.11.17,77.2949109462,77.3323582796,76.2555724222,76.4990158081
2023.11.20,76.4053918140,77.1263780792,75.8623125495,77.0982818604
2023.11.21,76.7799330356,76.9578400445,76.4709389077,76.7237548828
2023.11.22,77.2293766814,77.5758181352,76.6769320065,77.0140151978
2023.11.24,76.8454600592,77.2949066162,76.4802878571,77.2949066162
2023.11.27,77.3417281555,77.9597163487,76.9578322440,77.5758132935
2023.11.28,77.3510899921,78.1188889235,76.9484632877,78.0346145630
2023.11.29,78.6057739258,79.2986709670,78.5121413143,78.6057739258
2023.11.30,78.5308808144,79.2518598608,78.2780648773,79.2050399780
2023.12.01,79.1488551502,81.0589904785,78.9147700435,81.0589904785
2023.12.04,80.5440067577,81.5458908081,80.4878286136,81.5458908081
2023.12.05,81.1432842503,81.2556405564,80.6282940347,81.0496444702
2023.12.06,81.3960878405,81.9391670977,80.6844669913,80.6938323975
2023.12.07,80.7500010949,81.1994476691,80.4129179502,80.9653625488
2023.12.08,80.6282800206,81.0028176447,79.9728445363,80.7968215942
2023.12.11,80.5159224343,81.1339106304,80.3567462542,80.9840927124
2023.12.12,80.9466281854,81.2556222451,80.5252778448,81.0402679443
2023.12.13,81.0870883235,84.3174674324,80.8810922642,84.0646514893
2023.12.14,85.4129847712,86.9392172720,85.4129847712,86.3867797852
2023.12.15,86.2837849795,86.2837849795,84.6077345015,85.3099899292
2023.12.18,85.6751610249,85.7781590578,84.9916292746,85.1789016724
2023.12.19,85.4972451105,85.9466916745,85.3287035420,85.7500610352
2023.12.20,85.7189060691,86.3232247330,84.5763658702,84.6330184937
2023.12.21,85.3695260499,85.5961437145,84.4630409836,85.4356231689
2023.12.22,85.7094580830,86.3421102369,85.2845490161,85.7189025879
2023.12.26,85.7755562762,86.5687290027,85.6055984106,86.3704376221
2023.12.27,86.5309546272,86.8331139382,86.0777192628,86.8236694336
2023.12.28,86.6253765773,87.3146813209,86.5687239588,87.3052368164
2023.12.29,86.7953357421,87.0880577277,86.2287879828,86.3137741089
2024.01.02,85.9266513395,87.1730596202,85.6528182894,87.0786361694
2024.01.03,86.2948898174,86.3515424353,84.8218641217,85.0012664795
2024.01.04,85.0484882198,85.3978628655,84.4819403866,84.8501968384
2024.01.05,84.1892220603,85.3317621840,83.7359794902,84.6613464355
2024.01.08,84.5102671773,85.9077585641,84.3969547284,85.8794250488
2024.01.09,85.1240253416,85.6339205257,84.6424564672,85.2845458984
2024.01.10,85.4734043614,85.7566819035,85.0673770600,85.3506546021
2024.01.11,85.0673774268,85.1618080772,84.1325730605,84.5952529907
2024.01.12,85.4922808122,85.6811276765,84.6896708332,85.1429061890
2024.01.16,84.6991030801,85.0579221864,84.2364232475,84.5480270386
2024.01.17,83.4243773240,84.4347232190,82.1401984215,83.0372390747
2024.01.18,83.0844363550,83.3865956336,81.9418963577,82.4801177979
2024.01.19,82.6689811302,83.6982088120,82.0740998057,83.3960494995
2024.01.22,83.6321071968,84.6802238317,83.4621421423,83.8303985596
2024.01.23,84.1136912927,84.3780798243,82.9994773349,83.3205184937
2024.01.24,84.2175548007,84.2175548007,82.0741059389,82.1024322510
2024.01.25,83.2260788414,83.5565644417,82.7256281891,83.1788635254
2024.01.26,83.2638644163,83.5188084377,82.6878720378,82.9144897461
2024.01.29,82.9522493989,83.5754570179,82.6406455894,83.4904708862
2024.01.30,83.0277963515,83.3488374820,82.4895748296,82.6878662109
2024.01.31,83.0466775051,83.5376909060,81.7152904684,81.9135818481
2024.02.01,82.0268985209,83.4243827562,81.4225798456,83.3866119385
2024.02.02,82.4990162146,82.8861544576,80.9976569499,82.2535095215
2024.02.05,81.2903703913,81.3470302144,80.4027814764,80.5821838379
2024.02.06,80.7143835473,81.8852499400,80.4688768636,81.6963958740
2024.02.07,82.0457772056,82.0929925270,81.1581810332,81.6775207520
2024.02.08,81.4131280281,82.4329184027,81.4131280281,82.2440643311
2024.02.09,82.1685104657,82.4517879290,81.4036714007,82.2912673950
2024.02.12,82.4895856403,82.9144947696,82.0835583194,82.2346343994
2024.02.13,80.4972039637,80.6671690227,79.5435107325,80.5633010864
2024.02.14,81.0070899208,81.7341581879,80.6482780389,81.2998046875
2024.02.15,81.9607940335,83.2355283998,81.9607940335,83.1316604614
2024.02.16,82.0929882778,82.7539595184,81.6303012054,82.2440643311
2024.02.20,81.9513416402,82.5084448888,81.4603283053,82.1118621826
2024.02.21,82.4801319508,82.7539649696,82.0457783635,82.7161941528
2024.02.22,82.9050366456,83.2638485490,82.6217591611,82.7728424072
2024.02.23,83.0277922412,83.2827362319,82.5934386840,82.8767089844
2024.02.26,82.6028959640,83.0466868904,81.7813968373,81.9419174194
2024.02.27,82.4140360914,82.7539662439,81.8097174212,82.1024322510
2024.02.28,81.5830882667,83.3205023986,81.4886648385,82.9239196777
2024.02.29,83.5565782178,84.0287026400,83.2166480575,83.6604461670
2024.03.01,83.6321131556,84.5669174194,82.5839964460,84.5669174194
2024.03.04,84.3214140100,85.4356277934,83.7359772071,85.3884124756
2024.03.05,84.9823788979,85.5489266497,83.9625886221,84.3969421387
2024.03.06,84.8879634309,85.0673657933,84.2836448117,84.6519012451
2024.03.07,85.1523547870,85.4072987864,84.3591820702,84.8313064575
2024.03.08,85.2184482332,85.9927319068,85.1240248006,85.7849960327
2024.03.11,85.4922797247,86.1154801320,85.0012663574,85.3789672852
2024.03.12,85.2090125780,85.4922901092,84.4441733294,85.1712417603
2024.03.13,85.0484889029,85.5772659243,84.4630520550,84.7368850708
2024.03.14,84.3969518288,84.5669168943,82.7350791931,83.4149322510
2024.03.15,82.7539706110,83.5943515312,82.6501026587,83.3205184937
2024.03.18,83.4621533142,83.7643126509,83.1505494721,83.2544174194
2024.03.19,83.2543991773,83.5943292571,82.7633930642,83.3299407959
2024.03.20,82.6689848906,84.0570245680,82.4612490031,83.8398513794
2024.03.21,84.2066519238,84.7469311935,83.8559534621,84.4246597290
2024.03.22,84.3488428958,84.5573702455,83.2493449132,83.3062133789
2024.03.25,83.4673350394,83.7516917953,82.9270629883,82.9270629883
2024.03.26,83.0692408588,83.1545507777,82.4815736082,82.5289688110
2024.03.27,83.3061997241,84.6331858151,83.2303702946,84.6047515869
2024.03.28,84.9744032241,85.4293652967,84.8701395759,85.2113647461
2024.04.01,85.3440767524,85.3440767524,83.6284773633,83.8085632324
2024.04.02,83.1450701034,83.2682875064,82.5005343959,82.7659301758
2024.04.03,82.6901080023,82.9744647809,82.2446190907,82.8702011108
2024.04.04,83.5810837213,83.9223089544,82.0266164292,82.2825317383
2024.04.05,82.2067070543,82.9175917297,81.8180866272,82.6427154541
2024.04.08,82.9744689102,83.6190047063,82.8512514902,83.5716094971
2024.04.09,83.9981376692,84.6331929241,83.7232613876,84.5763244629
2024.04.10,82.3962677375,82.6237487931,80.6711879996,81.1451110840
2024.04.11,81.7233022789,81.8465196842,80.5764092200,81.2398986816
2024.04.12,80.9460791009,81.0503427771,80.1214501796,80.3773727417
2024.04.15,80.9555708879,81.0313931100,78.5669937217,79.0693511963
2024.04.16,78.6901844903,78.7944481457,77.6949503679,77.8939971924
2024.04.17,77.7044326105,78.1309604967,77.3347659493,77.3726806641
2024.04.18,77.6380831403,77.8371299679,77.0125011979,77.3442459106
2024.04.19,77.6570445022,78.0740991714,77.3916487060,77.7139129639
2024.04.22,77.9698257512,78.5385319907,77.4864221934,78.3394851685
2024.04.23,78.4816719973,79.3536888073,78.3394936142,79.0029830933
2024.04.24,78.7660241693,79.3631719520,78.2352325683,79.2494277954
2024.04.25,78.4437603136,78.9650714297,77.9508761973,78.7755050659
2024.04.26,78.9271540180,79.6664801671,78.7281071734,78.8987197876
2024.04.29,79.1735932055,79.9413463258,79.1735932055,79.7328262329
2024.04.30,79.1641235300,79.5243097692,78.2636723951,78.2921066284
2024.05.01,78.2162644358,79.8465610400,78.0835665476,78.4058380127
2024.05.02,79.1830676769,79.7138592030,78.3110509606,79.4484634399
2024.05.03,81.0124262973,81.3726052963,79.9508358134,80.0550994873
2024.05.06,80.7470268763,80.8512905456,79.9034442659,80.2541427612
2024.05.07,80.7185844251,81.2019807719,80.5953597932,80.9650192261
2024.05.08,80.5195276967,80.5574424105,80.0550851071,80.3489151001
2024.05.09,81.0219040472,81.9602698495,80.9365941208,81.8939208984
2024.05.10,82.1593108163,82.1782645589,81.4673798924,81.7422561646
2024.05.13,82.0645263999,82.4341858424,81.5621690669,81.9223480225
2024.05.14,82.5289688110,82.9270624817,82.1213946535,82.5289688110
2024.05.15,83.8749145097,84.1118760775,83.5052550425,83.7896118164
2024.05.16,83.9507400418,84.1023989093,83.5526463620,83.7232589722
2024.05.17,83.6569124757,83.9223082700,83.3820361940,83.7327346802
2024.05.20,83.5905618247,83.7801281793,83.1166387070,83.1450729370
2024.05.21,83.0408021779,83.3346321717,82.8512358396,83.1735000610
2024.05.22,82.8986309503,83.2209024310,82.2161805032,82.4057540894
2024.05.23,82.4341978754,82.4721125971,80.5953736500,80.6427688599
2024.05.24,81.1640671225,81.2683307825,80.5669266226,80.6522293091
2024.05.28,81.2778217370,81.3915658985,80.0930138400,80.1593627930
2024.05.29,79.4010724918,79.5148166384,79.0408935414,79.4105529785
2024.05.30,79.9318698458,80.6048397637,79.8465599295,80.5669250488
2024.05.31,81.2588631116,82.1687946540,80.6996300574,82.1498336792
2024.06.03,82.3014879518,82.4436663293,81.4579054055,81.9223480225
2024.06.04,81.5432127710,82.9270674459,81.5432127710,82.6521911621
2024.06.05,82.5479234340,82.6995822996,82.0076513805,82.4531402588
2024.06.06,82.2635816747,82.6995901072,81.7801780344,82.5858459473
2024.06.07,81.5432080931,82.1498290875,81.2967660542,81.9223480225
2024.06.10,81.7612204727,82.5289736298,81.1261579821,82.1498336792
2024.06.11,81.8407808533,82.3272417763,81.6118503607,81.9170837402
2024.06.12,83.9678798652,84.1968030967,82.5084824384,82.6229476929
2024.06.13,82.9090967879,83.2715664413,82.3463256821,83.1094055176
2024.06.14,82.8041692518,83.2906374513,82.3463228219,83.0426330566
2024.06.17,82.5466547220,83.1189665587,82.1841922567,82.7469635010
2024.06.18,82.8995538692,83.3192451830,82.7660074542,82.9853973389
2024.06.20,82.7946435007,83.0617218221,82.5275579019,82.7660217285
2024.06.21,82.9090967879,83.1761750941,82.4226358488,83.1094055176
2024.06.24,83.1666503854,84.5020420550,82.9377198615,83.6054229736
2024.06.25,83.5386518538,83.5481851675,82.1746384358,82.5943298340
2024.06.26,82.1651049357,82.6134181455,81.9171004899,82.3558731079
2024.06.27,82.6420269669,83.1571097293,82.2700239625,83.0521850586
2024.06.28,83.4814043526,84.1300261832,83.0807869130,83.6912536621
2024.07.01,83.4432711316,83.8152741444,82.3940244007,82.9186477661
2024.07.02,83.1571035274,83.4241818412,82.8137150447,83.2334136963
2024.07.03,83.5481808921,83.8629548826,83.1857185037,83.1952590942
2024.07.05,83.3860277742,83.6244915969,82.9091001288,83.4337234497
2024.07.08,83.4909672872,83.8725109269,83.3383541978,83.7294311523
2024.07.09,83.5100260582,83.9964869728,82.8900187198,83.7103347778
2024.07.10,84.1395730970,84.3875775066,83.5100323985,84.3589630127
2024.07.11,85.7038934689,87.0202183824,85.5608137248,86.6863632202
2024.07.12,87.2586952088,87.9454649839,87.0202313587,87.4113082886
2024.07.15,87.5543824266,87.9931550091,87.2014533313,87.8119201660
2024.07.16,88.3842359903,88.8897781372,87.9073083381,88.8897781372
2024.07.17,88.7943977865,90.0153388403,88.7943977865,89.4716415405
2024.07.18,88.9374637167,90.5017857840,88.5177723447,88.8039245605
2024.07.19,88.9088634432,89.1377867080,88.1934718733,88.6227111816
2024.07.22,88.7943860471,89.5479326046,88.2220743248,89.4811630249
2024.07.23,89.2617821812,89.9008634961,88.8993125038,89.3667068481
2024.07.24,89.2236196293,89.8054719053,87.9073020237,87.9454498291
2024.07.25,88.5750058420,89.3476263246,87.4685301746,87.6497650146
2024.07.26,88.0599219257,89.4143947193,88.0026929358,89.1282424927
2024.07.29,89.3953204871,89.9485583114,88.4510057713,89.7005538940
2024.07.30,89.9867053120,90.4827141422,89.6814719077,90.3110198975
2024.07.31,90.0725555420,91.0931804136,89.7768627301,90.0725555420
2024.08.01,90.8070178895,91.4937948414,90.2060916952,91.1122512817
2024.08.02,90.8070130997,92.0374871941,90.3205521822,91.1980972290
2024.08.05,89.5860883875,91.0359525247,88.4033098485,88.6131591797
2024.08.06,88.5273056348,91.3221018782,88.2220722383,90.4636306763
2024.08.07,90.7593304616,91.8371842976,89.6433215414,89.6719360352
2024.08.08,89.8722393361,90.7783988775,89.4716218932,90.6257858276
2024.08.09,90.9977946228,91.2457990317,90.0725538423,91.0359497070
2024.08.12,90.7593431174,90.7593431174,89.7959471220,90.4159545898
2024.08.13,91.0550222949,91.2648716165,90.5590207614,91.1122512817
2024.08.14,91.3316516843,91.8562750488,90.9119529928,91.4747314453
2024.08.15,91.5414856869,91.6654842443,90.8928638528,91.1980972290
2024.08.16,91.1313386402,91.5224155393,90.8070240455,91.2267227173
2024.08.19,91.2744127955,91.9421085713,91.2076432180,91.9230346680
2024.08.20,92.0851807373,92.1710242112,91.4842545887,91.9039459229
2024.08.21,91.8562684988,92.3331961498,91.4651843318,92.2282714844
2024.08.22,92.2854916007,92.6288800587,92.0374872084,92.5811843872
2024.08.23,92.9436499304,94.6510515550,92.8577991811,94.5652008057
2024.08.26,94.9372171363,95.0993707912,94.2885952392,94.4221343994
2024.08.27,93.7162807059,94.6987504741,93.6685850312,94.6319808960
2024.08.28,94.6319740872,94.8895190681,93.7735029466,94.2981262207
2024.08.29,94.1932096181,94.3458299572,93.5541283222,93.9833602905
2024.08.30,94.4412161539,94.9372177124,93.7162840816,94.9372177124
2024.09.03,94.2409074123,95.3759902811,94.2409074123,94.9372177124
2024.09.04,95.1947589843,96.0818446777,94.6701356742,95.2042922974
2024.09.05,95.8529184239,95.9483024998,94.6987543678,94.8990631104
2024.09.06,95.0135259005,95.1756795530,94.0692112022,94.8132171631
2024.09.09,94.7655245974,96.1199974054,94.7273695113,95.9673843384
2024.09.10,96.2630751689,97.4840087891,96.0436925252,97.4840087891
2024.09.11,96.5110766755,97.2550826230,95.3950677543,97.1406173706
2024.09.12,97.3218551346,97.5603189597,96.4538505954,97.4840087891
2024.09.13,98.0467826091,98.3901710834,97.8178593854,98.3806304932
2024.09.16,98.8194083839,99.1341823819,98.3901764065,98.8289489746
2024.09.17,98.9147922562,99.1437227692,97.7606282100,98.0181732178
2024.09.18,98.1803330940,99.2391131322,97.6938648197,97.8369445801
2024.09.19,98.6954057460,98.6954057460,97.1978532664,97.7320098877
2024.09.20,97.3599978663,97.6556906431,97.0261500090,97.5507659912
2024.09.23,98.0277123811,98.4951067483,97.8750993073,98.4092559814
2024.09.24,97.9227907417,98.7717213951,97.6175500527,98.4378662109
2024.09.25,98.6328444446,98.8057331550,97.6243257455,97.8644485474
2024.09.26,97.9605054575,98.0565531217,96.6830576000,96.9615936279
2024.09.27,97.7395790673,97.9412813245,97.0096037595,97.1536788940
2024.09.30,96.9039531648,97.9508923464,96.6734373368,97.8452377319
2024.10.01,98.1237819015,98.2774566789,96.8175133180,97.2593383789
2024.10.02,96.4237182031,96.9711979350,96.2028093143,96.9327774048
2024.10.03,96.5485756849,96.7983054577,95.6937390723,95.9722824097
2024.10.04,95.4824452216,95.7321676876,94.5987876418,95.4344177246
2024.10.07,94.9637752188,94.9637752188,94.1761726645,94.6083908081
2024.10.08,95.0214105263,95.2519264009,94.5027443126,94.8293151855
2024.10.09,94.6468003963,94.9637642399,94.3106299538,94.8965301514
2024.10.10,94.4643045674,95.1270458159,93.8784043708,94.1377410889
2024.10.11,94.6468028460,95.1942825317,94.4547002110,95.1942825317
2024.10.14,94.8485129105,95.9146588064,94.6660172243,95.8186111450
2024.10.15,96.1835922962,97.7299837805,96.1835922962,96.9519882202
2024.10.16,97.1825013145,98.0661514726,96.9039579831,97.9508972168
2024.10.17,97.4994573957,97.6819457288,96.8847436541,97.1921005249
2024.10.18,97.4802501478,97.9412891496,97.0576390014,97.9124755859
2024.10.21,97.3745944554,97.8068198888,95.8378100131,95.9530715942
2024.10.22,95.7225606103,96.4717426059,95.5112513648,96.0587310791
2024.10.23,95.8858397264,97.0864537449,95.7321576147,96.9231719971
2024.10.24,97.0576449355,97.7107792867,96.9808038759,97.1632995605
2024.10.25,97.7395821245,98.1429866514,96.1931907765,96.2412109375
2024.10.28,97.0000030661,97.4514350971,96.3276621654,96.4909439087
2024.10.29,96.2220151846,96.5773995906,95.3383649798,95.5976943970
2024.10.30,95.6553191886,96.7502859452,95.5976920590,96.0587310791
2024.10.31,95.2999385759,95.8282043421,94.3586539703,94.4258880615
2024.11.01,95.0213942024,95.1846759468,93.3213280118,93.3597412109
2024.11.04,93.8207835372,94.6371996163,93.6959223155,94.3682632446
2024.11.05,93.8592127685,95.6649338083,93.6190899390,95.6553268433
2024.11.06,95.3863907488,95.3863907488,92.2647939554,93.2444992065
2024.11.07,93.7727511068,94.6756151595,93.4942077858,94.3970718384
2024.11.08,94.8388998317,96.2028029164,94.6852250489,95.9434661865
2024.11.11,95.7225589439,96.4045068339,95.2615199319,95.3095474243
2024.11.12,95.0117885981,95.4055935110,94.0224838257,94.0224838257
2024.11.13,95.0982487502,95.4824467483,94.5411620194,94.6660232544
2024.11.14,94.6467993171,94.6467993171,93.7055147607,93.8303833008
2024.11.15,93.4173766556,94.1185311316,93.1292263629,93.9360427856
2024.11.18,93.5422361689,94.7236435539,93.3405338989,94.7044296265
2024.11.19,94.4162854688,95.3959832433,94.0224805695,95.2038879395
2024.11.20,94.6371982845,95.1558644202,94.2530003327,95.0021896362
2024.11.21,95.1366557492,95.9818853624,94.7332438783,95.6841354370
2024.11.22,96.0299210434,96.5581868486,95.9818935483,96.3949050903
2024.11.25,96.9519909590,98.1910255744,96.9519909590,97.7395935059
2024.11.26,97.6723526820,98.2486459376,97.2017067168,98.0469436646
2024.11.27,98.6904711446,99.3724190196,98.5848165260,98.8057327271
2024.11.29,98.8441687165,99.1899388621,98.1910343030,98.2678680420
2024.12.02,97.8260314391,97.9028724971,96.5966038229,96.9519882202
2024.12.03,96.9519917894,97.2401347755,96.2796434991,96.3949050903
2024.12.04,96.3660845584,96.4141047220,95.5784820618,96.0779342651
2024.12.05,95.6841342321,95.9050431004,95.2711227306,95.7801818848
2024.12.06,96.0683298284,96.3949006579,95.2711276749,95.7513732910
2024.12.09,95.8762266802,96.2604246073,95.6553104905,96.0203018188
2024.12.10,95.9818886935,95.9818886935,94.2241879878,94.5027313232
2024.12.11,94.5603574542,95.0021898630,94.0320916812,94.3298416138
2024.12.12,94.1473388672,95.1750640999,94.0897117434,94.1473388672
2024.12.13,93.9264363795,94.3010273655,93.6863135768,93.7535476685
2024.12.16,93.8880160619,94.6083844716,93.4269770554,93.4846115112
2024.12.17,93.1630761114,93.8603477398,92.7369714184,93.0274963379
2024.12.18,92.8144661766,93.2405783769,89.2409591675,89.2409591675
2024.12.19,89.4830495664,90.1706348718,87.8173466232,87.8754501343
2024.12.20,88.1272544039,90.4321183977,88.1272544039,89.4733734131
2024.12.23,89.2990487378,89.9672686951,88.8438848474,89.8607406616
2024.12.24,89.6186360949,90.5483292844,89.5121080576,90.4611740112
2024.12.26,90.1319122763,90.7226560357,89.7348592348,90.6451797485
2024.12.27,90.1609554922,90.8001237176,89.5411600311,89.7445297241
2024.12.30,89.5411544723,89.5992579842,88.4952469258,89.3668365479
2024.12.31,90.1415880348,90.3159059660,89.2990501359,90.1222152710
2025.01.02,90.2577945230,90.3352708005,89.0472553937,89.3765258789
2025.01.03,89.5024197245,90.6451689637,89.2603118975,90.4805374146
2025.01.06,90.6354838959,90.8582263510,89.2312614342,89.3571548462
2025.01.07,89.9091541302,90.1125311956,88.3596656005,88.5920944214
2025.01.08,88.5436779498,88.8923138242,87.7205127863,88.8245239258
2025.01.10,87.3621887266,87.6333483148,86.6358652347,86.6649169922
2025.01.13,86.5293320327,87.8076610067,86.3743868723,87.7495574951
2025.01.14,88.0400982049,88.7373625755,87.8464075004,88.5727310181
2025.01.15,90.9453871221,91.0422287746,88.9213618588,88.9407272339
2025.01.16,89.1925221053,91.0034913135,88.9213625209,90.9938049316
2025.01.17,91.2649586113,91.4586492937,90.8679056422,90.8969573975
2025.01.21,91.3811852841,92.6692007882,91.3230817658,92.6304626465
2025.01.22,92.4754998910,92.4754998910,90.9066459625,91.0325393677
2025.01.23,91.3036965810,91.6910705566,90.2965271997,91.6910705566
2025.01.24,91.4392826741,92.5142420211,91.3133892635,91.9428710938
2025.01.27,91.8169743761,93.1243626158,91.8169743761,93.0081481934
2025.01.28,92.7079356698,92.7466664215,91.7007661869,92.0300292969
2025.01.29,92.0784522040,92.2333973740,90.3933763778,90.8194885254
2025.01.30,92.1365573356,92.7273010457,91.2068641334,92.0300292969
2025.01.31,91.8363465385,92.6982498475,91.5264488026,91.8266601562
2025.02.03,90.8679023328,91.9719133226,90.1512579167,91.5264358521
2025.02.04,90.9550644140,91.8750785669,90.7129565930,91.6523361206
2025.02.05,92.6401403133,93.1921458505,91.7491779154,93.0371932983
2025.02.06,93.4826761719,93.4923625541,92.6110864873,93.2599411011
2025.02.07,93.4826715758,93.5117233325,92.4367640056,92.9113006592
2025.02.10,92.9500380291,93.2211976069,92.2140281834,93.0371932983
2025.02.11,92.6304472457,93.4536123012,92.4561293313,93.4245605469
2025.02.12,91.5167590553,92.7854017107,91.4005446379,92.4561386108
2025.02.13,92.3883475098,93.4826722191,92.0590770257,93.2986679077
2025.02.14,93.5698389480,93.9281538160,92.8919325753,92.9016189575
2025.02.18,92.8241435359,93.6473087067,92.6498255971,93.2889938354
2025.02.19,92.9984501806,93.6182455790,92.7563423722,93.3277206421
2025.02.20,93.3083558322,94.0637310766,92.8919300707,93.9184722900
2025.02.21,93.8894143362,94.0927914171,92.6110852782,93.2308807373
2025.02.24,93.3374076926,94.0637311805,92.8144538946,93.5601501465
2025.02.25,93.9087901089,95.0515394086,93.8216274445,94.6254272461
2025.02.26,94.8965810436,95.0127954595,93.9184707500,94.1702575684
2025.02.27,94.1412096236,95.0902755873,94.0153162094,94.5673217773
2025.02.28,95.0127895111,95.4195288585,94.2574143263,95.3033218384
2025.03.03,95.3614443666,96.4073520872,95.2549163179,95.7778701782
2025.03.04,95.8843864523,96.4751301449,94.5963710317,94.7125854492
2025.03.05,93.8991035699,96.0005978431,93.8216272880,95.8553390503
2025.03.06,94.9450055511,95.1774269943,93.1340363599,93.2986679077
2025.03.07,93.5310953486,94.3445740821,92.8144508774,93.9087829590
2025.03.10,93.9184713051,94.9159543681,92.5626659990,93.0178298950
2025.03.11,93.3180425487,93.5214122391,91.3908662914,91.8944473267
2025.03.12,92.0590772421,92.3786613452,91.2262257310,91.5554962158
2025.03.13,91.4780276873,92.2237239909,89.6864311038,89.8123245239
2025.03.14,90.5580160542,91.7104443167,90.1319039032,91.6426544189
2025.03.17,91.5167557358,93.4729836656,91.5167557358,93.0856170654
2025.03.18,93.1332550928,93.6387314709,92.3750479418,92.7249908447
2025.03.19,92.8124624567,93.5123407120,92.0542480351,92.8610610962
2025.03.20,92.9193900858,93.3082163150,92.3750378148,92.6569366455
2025.03.21,92.3944776590,92.4430762996,91.2377217363,91.7820739746
2025.03.24,92.2972617657,93.2207248936,91.9181582700,93.0457534790
2025.03.25,92.8999533112,93.0554867714,91.4515831907,92.0153808594
2025.03.26,92.3653100562,92.8707863513,92.0639732679,92.5208435059
2025.03.27,92.5500150033,93.3373827895,91.9765020272,92.2292327881
2025.03.28,92.5986083035,92.7249736666,91.5487797892,92.0931320190
2025.03.31,92.1417421831,93.6095576298,92.1417421831,93.0749206543
2025.04.01,93.2304594976,93.5317963105,91.9667760731,93.1332473755
2025.04.02,92.9679940384,93.6970404204,92.4819631170,93.5317916870
2025.04.03,92.5791670110,93.4054180868,90.5669993109,90.6253280640
2025.04.04,89.8282449000,89.9448875831,86.5329481935,86.6204376221
2025.04.07,85.0748472555,87.7771853457,82.4988893645,84.2485961914
2025.04.08,86.4746140654,86.5037747319,81.2546396969,82.1197814941
2025.04.09,80.8658341598,87.3689234148,79.2522077996,86.9217758179
2025.04.10,86.1052474954,86.8537319180,82.8391188190,84.8804473877
2025.04.11,84.6568565766,86.2704826858,83.4709474386,86.1246719360
2025.04.14,86.9995378591,88.4479079771,86.6107116256,87.9327163696
2025.04.15,88.2632096286,88.7686784740,87.7285727010,88.1757202148
2025.04.16,88.5159369629,89.2547059392,87.4855539232,88.0590667725
2025.04.17,88.2048850233,90.1004099694,88.2048850233,89.3616409302
2025.04.21,88.6034326271,88.7978420163,86.4648922638,87.5536041260
2025.04.22,88.7006484196,89.6727103201,88.3507055421,89.3033294678
2025.04.23,90.3045446218,91.1794017437,88.9047732269,89.4296875000
2025.04.24,89.5366182274,90.4309133558,89.0311419087,89.7504730225
2025.04.25,89.8087904010,89.9643238511,88.9825393424,89.5852203369
2025.04.28,89.5463408829,90.3434313085,89.3033254188,90.1587371826
2025.04.29,90.0420824975,91.1307943910,89.8962791594,90.7614135742
2025.04.30,90.2073523314,91.3738237101,89.4880211454,91.0724868774
2025.05.01,91.4321456096,92.1028707354,90.6933838595,91.3252182007
2025.05.02,92.3167219023,92.6958254585,91.9667790172,92.3069992065
2025.05.05,92.0736897809,92.7346920649,91.6945862932,92.2097778320
2025.05.06,91.7237520449,92.2389436123,91.0919103916,91.5293426514
2025.05.07,91.8501202652,92.2875525386,91.3640893501,91.5196228027
2025.05.08,91.9862052687,92.0639719924,90.8586174395,91.1210708618
2025.05.09,91.3252107346,91.9862131102,91.0141512294,91.7334823608
2025.05.12,92.8513472509,92.8513472509,91.5293499208,92.0153808594
2025.05.13,92.0348201940,92.1514702908,90.5572893819,90.8877868652
2025.05.14,90.5669940235,90.5669940235,89.6532609957,90.0809631348
2025.05.15,90.4309206101,91.7140420674,90.3239932040,91.6654434204
2025.05.16,91.9764926593,92.8999484276,91.5390603878,92.8221817017
2025.05.19,91.9667760999,93.0068820266,91.8987320642,92.9291152954
2025.05.20,92.3653132063,92.7833000961,92.1806264989,92.4333572388
2025.05.21,91.8306750150,92.1222890913,89.8476681485,89.9351501465
2025.05.22,90.0712646406,90.1101405926,88.8464644963,89.5657882690
2025.05.23,89.4394101825,89.9157183980,89.0603066658,89.6338195801
2025.05.27,90.4211806450,91.3154830906,90.0615225442,91.1113510132
2025.05.28,91.2085647759,91.2085647759,90.4309123327,91.0044326782
2025.05.29,91.1016431706,92.2292311270,90.8975110599,91.8015289307
2025.05.30,91.4515874520,92.1028671602,90.9655564907,91.8987350464
2025.06.02,91.3154923918,92.0056554141,90.3337078486,91.9473266602
2025.06.03,91.6168311432,91.8598466104,90.9461060804,91.7626419067
2025.06.04,91.8695653189,92.3458735374,91.2668843165,92.0056533813
2025.06.05,92.2097781307,92.4333481800,91.4807318188,91.9278793335
2025.06.06,92.4625326738,92.7541468006,91.8306909414,92.3069992065
2025.06.09,92.1806276190,92.9485573755,91.7043119697,92.4041976929
2025.06.10,92.6861014093,93.2596217912,92.4819692986,93.2304611206
2025.06.11,93.4248632282,93.7067620493,92.3750346702,92.7444229126
2025.06.12,92.6180450408,93.3179307078,92.5500010130,93.2207260132
2025.06.13,92.6083297928,93.0749227470,91.7820786981,92.4041976929
2025.06.16,92.8488018673,93.5621247409,92.1257128601,92.4286270142
2025.06.17,92.3993118821,92.6729127196,91.7446230985,92.0866241455
2025.06.18,92.2625149652,93.0637777864,91.8618872821,92.3895492554
2025.06.20,92.7217767265,93.1614913100,92.2038883421,92.3895492554
2025.06.23,92.4774844267,93.7575486660,92.3895444966,93.6793823242
2025.06.24,93.7868700793,94.3536114727,93.2982950283,94.0506973267
2025.06.25,93.5425898421,93.5523559762,91.8228034410,91.9205169678
2025.06.26,92.1354801080,92.1354801080,90.7479288112,91.8130187988
2025.06.27,91.9302882007,92.9172044878,91.6176004499,91.9791412354
2025.06.30,92.0768529770,92.6729076519,90.9922158193,92.6045074463
2025.07.01,92.4677044578,93.9529766750,92.3113643299,93.2592010498
2025.07.02,93.0930847218,93.6500599685,92.7119967875,93.5230331421
2025.07.03,93.5328110032,93.9334386771,93.2103496732,93.6109848022
2025.07.07,93.0833220545,94.0604721696,92.3406858795,92.8488006592
2025.07.08,92.5067958552,93.2396584118,92.3309085434,92.7510833740
2025.07.09,92.8878875584,93.0735484659,92.4286258115,92.8488006592
2025.07.10,92.8878833544,93.9432072202,92.5947428062,93.3471450806
2025.07.11,92.8585715471,93.5328074926,92.3699965038,93.3080596924
2025.07.14,93.3471476517,93.9236700861,93.1321734374,93.8650360107
2025.07.15,94.0018427998,94.0018427998,92.3700038150,92.5361175537
2025.07.16,93.3569221004,93.5914360387,92.5751990330,93.4546356201
2025.07.17,93.5719013705,93.7282415194,92.9074389637,93.3276138306
2025.07.18,93.4937241036,93.8650384667,93.1712627737,93.6109848022
2025.07.21,94.0604778132,94.4904188202,93.6793898418,93.8748168945
2025.07.22,94.1777262220,95.6336852737,94.1190996002,95.5555114746
2025.07.23,95.7802434277,95.9170512916,95.3698422010,95.7704772949
2025.07.24,95.7118451529,95.9268193584,95.3893912998,95.5261917114
2025.07.25,95.6629927914,95.7411665857,94.5294951383,95.5066452026
2025.07.28,95.4871153141,95.4871153141,93.8552763278,93.8943557739
2025.07.29,94.5685904250,95.5750538878,93.9334413358,95.4871139526
2025.07.30,95.2916722936,95.5457334012,93.5328066268,94.1093215942
2025.07.31,93.4839551456,94.0604776235,92.5947523659,92.7120056152
2025.08.01,93.8357194560,93.8454930441,91.9693667104,92.5849685669
2025.08.04,92.9171974094,93.7770942500,92.7510836853,93.5230331421
2025.08.05,93.5914317499,94.0311537508,93.2103438221,93.7575454712
2025.08.06,93.9236697872,94.0213833057,93.0833201094,93.0930862427
2025.08.07,93.5328094179,93.5816624502,92.8585734586,93.4546356201
2025.08.08,93.4546296685,93.6598302833,92.4774796239,92.6338272095
2025.08.11,92.3406731547,92.7510743573,91.9595852587,92.0084457397
2025.08.12,92.3015957517,92.4383961666,91.5003329835,92.3504562378
2025.08.13,92.5654348293,93.2885238360,92.1647996987,93.2103500366
2025.08.14,92.5751900306,92.7413111985,91.9302748995,92.5165634155
2025.08.15,92.6435898382,93.3569126240,92.4774761261,93.1126251221
2025.08.18,93.1321775918,93.2103513923,92.2038879395,92.2038879395
2025.08.19,92.6924593774,93.8748101076,92.6142855800,93.8552703857
2025.08.20,94.1581860208,94.9105883319,93.8943513140,94.2070465088
2025.08.21,93.6305323725,94.1875076913,93.4546450373,93.7966461182
2025.08.22,94.4904166237,95.9366021275,94.2461290860,95.4871139526
2025.08.25,95.3698442156,95.5945920092,94.8128689804,94.9399032593
2025.08.26,94.9594479468,95.1548749866,94.4122462710,94.6174468994
2025.08.27,94.9008169395,95.4773318991,94.8030959690,95.1157836914
2025.08.28,95.2037403335,95.2721405465,94.3633906000,94.8812789917
2025.08.29,94.9985342925,95.4480224456,94.8617338743,95.4089355469
2025.09.02,94.6565362215,94.6760759440,93.4644118645,93.7770996094
2025.09.03,93.6012099380,94.0800114045,93.4546359304,93.8357238770
2025.09.04,94.2265898839,94.6174514375,93.6207541031,94.5001907349
2025.09.05,95.1548699183,96.0147667402,94.9105824039,95.5261917114
2025.09.08,94.3927005722,95.0083099221,94.2265868401,94.9692230225
2025.09.09,94.8128823140,94.8519692165,94.4122546103,94.7933425903
2025.09.10,94.8812802819,95.3698553683,94.5197394892,94.6565399170
2025.09.11,94.8421933458,96.3470055059,94.8031064443,96.2102050781
2025.09.12,96.0734074003,96.2590683239,95.6434589265,95.7509460449
2025.09.15,96.0245378409,96.1808854366,95.3209960253,95.5945968628
2025.09.16,95.5995191378,95.7765191625,94.8718557038,95.1373519897
2025.09.17,95.4323444024,96.5238431886,94.9111723000,95.0291748047
2025.09.18,95.0291854197,95.5011879889,94.7931878861,95.0685195923
2025.09.19,95.1373478357,95.3045124345,94.4785173567,94.5276794434
2025.09.22,94.3506836605,94.7538533015,93.9475215217,94.5571899414
2025.09.23,94.6850208576,95.3733501235,94.5571904231,95.1963500977
2025.09.24,95.0881738094,95.1176800627,94.2228446013,94.2425079346
2025.09.25,94.3211837617,94.6456850538,93.9180216278,93.9868545532
2025.09.26,94.3408472550,95.0980093756,94.1343484949,94.9505081177
2025.09.29,95.0980065948,95.2061736806,94.5965053335,95.0390090942
2025.09.30,95.1963416317,95.4618453979,94.7243466063,95.4618453979
2025.10.01,95.3930218289,95.8748523194,95.1963509638,95.5110168457
2025.10.02,95.1275088604,95.2750101194,94.4490150725,95.0095138550
2025.10.03,95.2061816794,96.1206805256,95.1766829266,95.4225158691
2025.10.06,95.5208542639,95.5208542639,94.3998565674,94.3998565674
2025.10.07,94.5965132677,94.5965132677,93.7508473454,94.1343536377
2025.10.08,93.5443515991,94.0556883373,93.4755186731,93.7213516235
2025.10.09,93.9770171699,93.9770171699,92.9936853977,93.2296829224
2025.10.10,93.4951875086,93.6623521108,92.0693519252,92.1283569336
2025.10.13,92.2561820436,92.7675112391,92.0103491126,92.6888504028
2025.10.14,92.6298532462,93.7606863251,92.4921873934,93.6525192261
2025.10.15,94.0163553804,95.2455201484,93.8590186890,94.9996871948
2025.10.16,95.2061815705,95.5405182731,94.5375156675,94.7145156860
2025.10.17,94.7243539787,95.4421819906,94.3605185124,95.3340148926
2025.10.20,95.8453473671,96.3468486628,95.5700156760,96.3370132446
2025.10.21,96.2190210133,96.6221906770,95.8650209435,95.9928588867
2025.10.22,96.3566825506,96.5631813317,95.8945153967,96.4156875610
2025.10.23,96.5533433042,96.7500066460,95.4913432536,96.3075103760
2025.10.24,96.9270103481,97.0941749452,96.5336761475,96.5336761475
2025.10.27,96.6713417522,96.8581771851,96.1796758782,96.8581771851
2025.10.28,96.5140171286,96.6713463145,94.7931864882,94.8226852417
2025.10.29,93.9376792421,94.3506767693,92.1283524546,92.4233474731
2025.10.30,92.3938566852,93.4951910217,92.1971933225,92.8068542480
2025.10.31,92.3938471354,93.4263484380,92.0693458685,93.0821838379
2025.11.03,92.1480256393,93.1018587225,91.7645268227,92.9838562012
2025.11.04,93.2395153521,93.3280191099,92.7380140637,93.1903457642
2025.11.05,93.4165166243,93.5541824697,92.6691823907,93.1805191040
2025.11.06,93.1116833442,93.4755112807,92.6888504028,92.6888504028
2025.11.07,93.0526819673,94.0950187369,92.8265198632,94.0753479004
2025.11.10,93.9180167834,94.3015155626,93.3575179905,93.8983459473
2025.11.11,94.4096809033,95.0488480242,94.2818429778,95.0095138550
2025.11.12,94.4391876831,94.8816839955,94.2031901499,94.2326889038
2025.11.13,93.8295105405,94.1343484739,92.9641813312,93.0821838379
2025.11.14,93.4361888076,93.5050217368,92.8068570257,93.2985229492
2025.11.17,93.6525135717,93.6525135717,92.4233488867,92.6691818237
2025.11.18,92.6691764429,93.3181789599,92.4135156049,93.1018447876
2025.11.19,93.0723546933,93.1411876179,92.0693520741,92.3840179443
2025.11.20,92.9543512923,93.4755159316,92.0398524435,92.0693511963
2025.11.21,92.5413539586,93.8196882672,92.2365235091,93.4853515625
2025.11.24,93.5541769374,93.7606756933,92.9445085852,93.6131744385
2025.11.25,93.9180231671,94.8620208034,93.8590181570,94.4883499146
2025.11.26,94.2425126891,95.4126798893,94.2130139365,94.9111785889
2025.11.28,94.8030130114,95.5601751211,94.8030130114,95.2848434448
2025.12.01,94.3703517654,94.7538505580,94.1343542397,94.1933517456
2025.12.02,94.3998472363,94.5571839161,93.5541813380,93.8983459473
2025.12.03,93.8885235465,94.3605186092,93.7115235225,94.1736831665
2025.12.04,94.0065160295,94.5965135931,93.8295160102,93.9376831055
2025.12.05,93.8098520740,94.3310167101,93.6820141428,93.8786849976
2025.12.08,93.8491825137,93.8491825137,93.0330153790,93.0723495483
2025.12.09,93.3771759840,93.8491784942,92.5413455515,92.5905151367
2025.12.10,92.9740189232,93.5443456302,92.7478493223,92.9346847534
2025.12.11,93.1805191821,93.6721850594,92.9936837479,93.3083496094
2025.12.12,93.7508458196,94.0556837648,92.9346861655,93.1805191040
2025.12.15,93.5541833571,93.7016846221,92.8068491164,93.4951858521
2025.12.16,93.6063304938,93.7849498909,92.5941513866,92.7033081055
2025.12.17,92.7628482751,93.4674004251,92.6040721209,93.1300048828
2025.12.18,93.5467818302,93.7353266225,92.5346103352,92.6139984131
2025.12.19,92.4353811184,92.9315452601,92.2766049590,92.3063735962
2025.12.22,92.2071368055,93.0109278156,91.9689801515,92.8918457031
2025.12.23,92.9910816850,92.9910816850,92.4849921452,92.8223876953
2025.12.24,92.8918486528,93.6261694424,92.8918486528,93.4971694946
2025.12.26,93.4376288216,93.6559346704,93.1597705605,93.5963973999
2025.12.29,93.9834048024,94.0627928770,93.5170093276,93.7750167847
2025.12.30,93.8643239534,94.0231001047,93.6460181016,93.9834060669
2025.12.31,93.9834095008,93.9834095008,93.1498573883,93.1697006226
2026.01.02,93.1498616048,93.5765630829,92.5246899214,93.2689361572
2026.01.05,93.0109345404,93.7948672321,92.5743076674,93.4078598022
2026.01.06,93.1399319532,94.2910288086,92.9811557961,94.0627975464
2026.01.07,94.4795689028,94.7375763598,93.0506138436,93.0605392456
2026.01.08,92.7231546581,94.2314902759,92.5544531007,93.8544082642
2026.01.09,93.9437132899,94.5986535667,93.9437132899,94.0131759644
2026.01.12,94.1620254517,94.5688836613,93.8941001599,94.1620254517
2026.01.13,94.2116448915,94.7772716816,93.3284733695,94.6978836060
2026.01.14,94.6978844195,95.6405932209,94.6482649791,95.6108245850
2026.01.15,96.1069946163,96.6726214461,95.7696066274,96.2856140137
2026.01.16,96.0176894238,97.7046445229,95.9879207858,97.5557937622
2026.01.20,96.7123121488,96.9703196185,95.5909839308,95.6703720093
2026.01.21,96.3352326585,96.5039266516,95.2039790083,95.9085311890
2026.01.22,96.0375239314,96.2856059864,94.9856584407,95.0253524780
2026.01.23,94.9658118508,95.4024387097,94.5986552384,95.3032073975
2026.01.26,95.5512928829,95.8489868303,95.0650541359,95.2039794922
2026.01.27,95.3429009965,95.4520577107,94.8368114643,95.2932815552
2026.01.28,95.2337422048,95.5115929001,94.1223318528,94.3505706787
2026.01.29,94.8566496222,95.6505152158,94.3009482493,95.5314331055
2026.01.30,95.2833561480,95.5612144201,94.3803413686,95.4719009399
2026.02.02,95.7100542406,95.9085244280,94.4597261285,94.4994201660
2026.02.03,94.3307241029,94.8566568812,93.6857167760,94.2711868286
2026.02.04,94.7871907634,96.0573772783,94.4795714297,95.6207504272
2026.02.05,95.4123683351,95.9978384028,94.8368160994,95.4024429321
2026.02.06,96.0871475845,97.0199310042,95.9184535967,96.9107818604
2026.02.09,96.7520073260,97.3970222223,96.2062237435,97.3077087402
2026.02.10,97.2481714073,98.8061265035,97.2481714073,98.5580444336
2026.02.11,98.8755879277,98.9649014086,98.0321104149,98.1710357666
2026.02.12,99.4114435455,100.0564584167,98.0023392594,98.1114959717
2026.02.13,98.4984995615,99.8579843545,98.0916413642,99.4511337280
2026.02.17,99.8579881476,100.4930776160,99.2427494836,100.4335403442
2026.02.18,100.1358490294,100.3740056936,99.0442818793,99.2427520752
2026.02.19,99.0244386513,99.6793713705,98.6076625962,99.0641326904
2026.02.20,99.1236619226,99.7786021595,98.9847365821,99.7686767578
2026.02.23,99.5702129335,100.5823919878,99.3618249095,99.7389144897
2026.02.24,99.5007532040,100.1358502677,99.2824473421,99.9869995117
2026.02.25,99.8381398612,100.1755278120,99.2129758267,99.5999832153
2026.02.26,100.1556905286,100.4335412271,99.6694518062,100.2747726440
2026.02.27,100.0465358857,101.0090955190,99.9076105336,100.5030059814
2026.03.02,99.6992183148,101.0190166755,99.3419795469,100.7610092163
2026.03.03,99.2625897828,100.5526194860,98.3992690841,100.1854553223
2026.03.04,99.9473028848,100.3839297390,99.2328253311,100.2846908569
2026.03.05,99.2725202666,99.5206023322,98.5778859405,99.4114456177
2026.03.06,98.5778825598,98.6076587662,97.7443304821,98.2603378296
2026.03.09,97.2084811665,98.7763617266,96.1466901686,98.4687423706
2026.03.10,97.9725735734,99.2129839128,97.7046407005,98.3595809937
2026.03.11,97.8534902288,97.9527215406,96.9802440864,97.2580947876
2026.03.12,96.4046931567,97.3176333501,96.2558424017,96.5733871460
2026.03.13,97.5359467742,97.9824914683,96.6627006203,96.7520065308
2026.03.16,97.5855522425,98.2206492602,97.3672463965,97.4962463379
2026.03.17,98.1480444242,98.6456011877,97.8097094693,97.8893203735
2026.03.18,97.5509783038,97.6007370172,96.3170396502,96.3667907715
2026.03.19,96.0384092732,96.5459117091,95.5010470539,95.9986038208
2026.03.20,96.0085551206,96.0185007894,92.5356034922,92.9933547974
2026.03.23,94.4462327493,94.9139297507,93.6103334011,93.6501388550
2026.03.24,93.0331649780,93.9884730885,92.7545343948,93.0331649780
2026.03.25,93.3715075377,93.7396946975,92.5754136496,93.0331649780
2026.03.26,92.8440980128,93.6998962801,92.4759032631,92.8838958740
2026.03.27,92.7346307335,93.2222342293,91.9982412674,92.1574630737
2026.03.30,93.1525782352,93.8690611922,92.2669278001,92.6052627563
2026.03.31,93.5506306190,94.8044682747,92.9734629153,94.0979385376
2026.04.01,94.1476968791,94.7945222278,93.8889652213,94.4163742065
2026.04.02,93.8790078367,95.8891414416,93.7794980010,95.7796783447
2026.04.06,95.4114825319,96.2274753229,95.2721672450,95.8990936279
2026.04.07,95.6602657866,96.3767487795,95.2323666432,95.9886550903
2026.04.08,97.3320570579,97.8395671107,97.0633797312,97.7102050781
2026.04.09,97.4017127034,99.2227723437,97.2026930279,98.4167327881
2026.04.10,98.3669729604,98.8645297357,98.1181945727,98.5361404419
2026.04.13,98.2177074773,98.9739959252,97.9092246964,98.9640426636
2026.04.14,98.8545739713,100.0288082350,98.6257021121,99.9292984009
2026.04.15,99.8894931466,100.0288084331,99.3023798097,99.9790573120
2026.04.16,100.2875402776,100.9741710424,100.1979837042,100.8647079468
2026.04.17,101.2627592383,102.5962077809,100.9841286528,102.4767990112
2026.04.20,102.0190409845,102.7554305008,102.0190409845,102.7255783081
2026.04.21,102.5265506839,102.8151345324,100.9045182856,100.9542694092
2026.04.22,101.3025637856,101.7304629215,99.7004303412,100.1382751465
2026.04.23,100.5263665042,101.2030440153,100.1084206394,101.1632461548
2026.04.24,101.1134865273,101.7105531277,100.8249026922,100.9144668579
2026.04.27,100.5562293619,101.3025645400,100.2079335385,100.3373031616
2026.04.28,100.8448043157,101.3025632334,99.9492081873,101.2428512573
2026.04.29,100.7054890459,101.4518242145,100.0089125920,100.4069595337
2026.04.30,100.3572009707,102.2280193217,100.2477378718,102.1285018921
2026.05.01,102.2976775324,102.4867439471,101.5612880279,101.8598251343
2026.05.04,101.3921163466,102.0687938466,100.7950497507,101.1333847046
2026.05.05,101.3523151037,101.6608054716,100.6955440985,101.4418792725
2026.05.06,102.0090954718,103.0838123710,101.9891889486,102.7753295898
2026.05.07,102.4966979212,102.8151339606,101.5413898031,102.0588455200
2026.05.08,102.3673320634,102.8449823086,102.2081102536,102.2678146362
2026.05.11,102.2976731485,103.0141485073,102.0190349848,102.3374710083
2026.05.12,102.5464546340,102.6161122790,101.6608041795,102.3474273682
2026.05.13,101.9195282533,101.9593337064,101.0338777987,101.5115356445
2026.05.14,101.8896797298,101.9593373773,100.7751497774,100.8348617554
2026.05.15,100.6258816937,100.6258816937,99.2028690589,99.3123321533
2026.05.18,99.5312578147,100.6557410291,99.5113588835,100.4169158936
2026.05.19,100.3074464431,101.0139761354,99.8695940622,100.7651977539
2026.05.20,100.8249063094,101.9394362377,100.6159333714,101.9095840454
2026.05.21,101.6210007110,102.1583629509,100.8647122704,102.0588455200
2026.05.22,102.3872308330,102.6957135989,101.5314325870,102.2180633545
2026.05.26,102.7255748530,102.9544467173,102.2180648179,102.6161117554
2026.05.27,102.4966926549,103.1335647009,102.2777664656,102.2877197266
2026.05.28,102.0488989446,102.5265492034,101.5811943552,101.8100662231
2026.05.29,101.6408940048,101.6408940048,100.5462706546,100.9343643188
2026.06.01,100.1880362639,100.4467679223,99.1133117676,99.1133117676
2026.06.02,99.1033568619,99.6606256241,98.6953642458,99.5014038086
2026.06.03,99.2625741577,100.4368084214,99.1232588715,99.5113525391
2026.06.04,100.7851001271,101.3523145526,100.0984693414,101.2926101685
2026.06.05,100.9443246325,102.8051821801,100.8348615306,102.0389480591
2026.06.08,102.0289941122,102.3474301540,100.4268606415,100.5860824585
2026.06.09,101.1731923568,103.4121978343,101.0438303290,102.9842987061
2026.06.10,103.2629309172,103.7206898364,102.9843003348,103.0141525269
2026.06.11,103.2529865252,103.6808856656,102.5066513450,102.9444961548
2026.06.12,103.1733698534,104.2281877531,103.1733698534,103.8600006104
2026.06.15,103.9000015259,104.5699996948,102.8399963379,103.0800018311
2026.06.16,103.8300018311,104.1100006104,102.9899978638,103.3399963379
2026.06.17,103.0899963379,103.1999969482,100.3899993896,100.6200027466
2026.06.18,101.5400009155,101.5400009155,100.3700027466,100.4499969482
2026.06.22,100.9199981689,102.0500030518,100.4400024414,101.6100006104
2026.06.23,101.7600021362,103.1900024414,101.7600021362,102.9899978638
2026.06.24,103.4700012207,103.5299987793,102.3499984741,102.8499984741
2026.06.25,103.3700027466,103.4599990845,102.0299987793,103.0999984741
2026.06.26,103.9899978638,104.7699966431,103.5699996948,104.6399993896
2026.06.29,104.3700027466,104.4899978638,103.1800003052,104.0899963379
2026.06.30,102.9199981689,103.1699981689,102.1699981689,102.2500000000
2026.07.01,102.1699981689,103.4700012207,102.1699981689,102.7099990845
2026.07.02,103.2600021362,104.0299987793,103.0299987793,104.0100021362
2026.07.06,104.0800018311,104.1299972534,102.8899993896,103.2300033569
2026.07.07,103.7900009155,105.1600036621,103.6699981689,104.5100021362
2026.07.08,104.3700027466,104.3700027466,102.7099990845,102.7900009155
2026.07.09,102.9199981689,103.5999984741,102.6699981689,103.0000000000
2026.07.10,103.5899963379,103.7399978638,102.4300003052,103.3199996948
2026.07.13,103.6600036621,104.4700012207,103.4400024414,103.9100036621
2026.07.14,103.9700012207,104.2500000000,103.3899993896,103.5899963379
2026.07.15,103.9400024414,104.9599990845,103.4499969482,103.8300018311
2026.07.16,104.3000030518,106.3099975586,104.0800018311,106.2500000000
2026.07.17,106.6200027466,107.3700027466,105.6100006104,106.0899963379
2026.07.20,105.7699966431,106.2500000000,105.1399993896,105.5500030518
2026.07.21,105.6699981689,105.8600006104,105.0899963379,105.5199966431
2026.07.22,105.8499984741,105.8600006104,104.7799987793,104.9499969482
2026.07.23,104.6399993896,105.4300003052,104.4199981689,104.7099990845
2026.07.24,105.5100021362,107.3199996948,105.5100021362,107.0000000000
2026.07.27,106.7399978638,107.3099975586,106.4300003052,106.6399993896
2026.07.28,107.8399963379,108.1699981689,107.2200012207,107.2600021362
2026.07.29,107.2099990845,107.6299972534,106.4899978638,107.0100021362
2026.07.30,107.1500015259,107.2200012207,104.6800003052,105.6699981689
2026.07.31,105.5500030518,105.7500000000,104.4499969482,105.0899963379
