Date,Open,High,Low,Close
2002.07.30,36.3877441479,36.4545113301,36.2853673491,36.2853673491
2002.07.31,36.4767669715,36.8551132280,36.4545135067,36.7349316136
2002.08.01,36.7393550550,36.9530058093,36.7393550550,36.9441051095
2002.08.02,37.0153662430,37.4337675261,36.8907325332,37.3224899749
2002.08.05,37.4070506042,37.5850953110,37.3224786044,37.4871705525
2002.08.06,37.3313852626,37.3447380223,37.0420630188,37.1666933033
2002.08.07,37.2111997144,37.4515595503,37.1043742527,37.2557100405
2002.08.08,37.2022990076,37.2868676083,37.1043742527,37.2557100405
2002.08.09,37.3892501864,37.7809458706,37.3892501864,37.7809458706
2002.08.12,37.9678999061,38.5910514445,37.8966806469,38.0124102451
2002.08.13,38.1815387223,38.4886657369,37.9990453716,38.4797616344
2002.08.14,38.9293145288,39.1251639870,38.6132868823,38.6266396370
2002.08.15,38.4486035596,38.5020179862,38.2126957846,38.2883636755
2002.08.16,38.4753369767,38.5109432212,37.7542570390,37.8610825644
2002.08.19,37.8566229758,37.9857019423,37.7052837454,37.9768012327
2002.08.20,38.1103560923,38.4085792642,38.1014519820,38.3996751539
2002.08.21,38.1370611657,38.3240067283,38.1148042862,38.1949242981
2002.08.22,38.0791890653,38.0791890653,37.8610825644,37.8610825644
2002.08.23,37.9234190040,38.2572519298,37.9234190040,38.2349984389
2002.08.26,38.1459428420,38.3729499952,38.1325900794,38.2705765508
2002.08.27,38.0124002848,38.1370305598,37.9233762341,38.0302050949
2002.08.28,38.2972670807,38.3595822128,38.2082430379,38.2215991913
2002.08.29,38.6177437167,38.6622540365,38.4352469906,38.5287196811
2002.08.30,38.6133123155,38.7824529798,38.4797778886,38.7601995059
2002.09.03,38.9269228251,39.3560662505,38.8911600203,39.3560662505
2002.09.04,39.3515917464,39.4722903496,39.2666559448,39.3471205435
2002.09.05,39.5929971049,39.6287599171,39.0610363577,39.5617054968
2002.09.06,39.3247788922,39.4231249106,38.9805678277,39.0967952504
2002.09.09,39.1146918082,39.2622108930,39.0074067514,39.0386983684
2002.09.10,38.9672092364,39.3382411934,38.8912157253,39.2264848264
2002.09.11,38.8911616146,39.0252704327,38.7794054031,39.0207992293
2002.09.12,39.1057689424,39.4008038232,39.1012977351,39.3248103520
2002.09.13,39.4857352133,39.7584208476,39.4186807538,39.6868951813
2002.09.16,39.8746214102,39.8835638185,39.7405159808,39.7539261827
2002.09.17,39.6242834517,39.9282604940,39.4991170362,39.8299144787
2002.09.18,39.8567531838,40.0355604669,39.7941665422,39.8388717734
2002.09.19,40.0981344844,40.1294260928,39.9014458362,40.1070768928
2002.09.20,39.9863762049,40.0176678117,39.8120367656,39.9193251979
2002.09.23,40.2322778132,40.3395629324,40.1294604915,40.2769796620
2002.09.24,40.3663553666,40.6524510689,40.3261213466,40.5362236241
2002.09.25,40.2769548113,40.3931822749,39.9014554204,40.0445032947
2002.09.26,39.8075641816,40.0221341993,39.6108721566,39.9506119969
2002.09.27,40.0221549323,40.2501386784,39.9998057246,40.2501386784
2002.09.30,40.5272651913,40.6345501756,40.2679900195,40.4110378021
2002.10.01,40.0085671075,40.0713887175,39.8470248465,39.9098464565
2002.10.02,40.0444634560,40.1521605809,39.8649716713,40.1386958727
2002.10.03,40.0713485130,40.1655808334,39.8469848672,40.0399377395
2002.10.04,39.6675070540,40.2598271479,39.6675070540,40.1655947947
2002.10.07,40.3405975280,40.3675200788,40.1431563589,40.2329039010
2002.10.08,40.1610786604,40.6187788326,40.0982571353,40.2463379117
2002.10.09,40.5200903748,40.5559859692,40.3630330275,40.4527805722
2002.10.10,40.4617651985,40.4617651985,40.0623979249,40.1341959812
2002.10.11,39.9816205645,40.0354690983,39.5149435420,39.6585362087
2002.10.14,39.7123739696,39.7348117085,39.5194210552,39.6001921223
2002.10.15,39.0392822969,39.1739018812,38.6578647063,38.6623529387
2002.10.16,38.8598133467,38.8598133467,38.5412171297,38.6803216041
2002.10.17,38.2046425908,38.3931072378,38.1732318163,38.2091308225
2002.10.18,38.1507891914,38.3168195060,37.8187319859,38.3078464674
2002.10.21,38.3662073266,38.4110793990,37.9174797555,37.9354292692
2002.10.22,38.0745118093,38.0745118093,37.7918148347,37.8277138413
2002.10.23,38.0296473023,38.2315732637,37.7738728202,37.8411826152
2002.10.24,37.7648805819,38.2539915580,37.7289815864,38.1732205298
2002.10.25,38.2988966675,38.3931290445,38.2091525246,38.3123579465
2002.10.28,38.3930989598,38.4289979583,38.2315568905,38.2584828511
2002.10.29,38.5098134235,38.9899519549,38.4873756678,38.7566150430
2002.10.30,38.7565955196,38.8956999495,38.6219758998,38.7431308188
2002.10.31,38.6129858861,38.9764539069,38.5995211912,38.9181205898
2002.11.01,38.8996494992,39.1836202000,38.4263615590,38.7554099218
2002.11.04,38.5300289451,38.6517296711,38.4263551541,38.5841166282
2002.11.05,38.5841210289,38.5841210289,38.3542380324,38.4353730054
2002.11.06,38.3362481020,38.8230549707,38.2731434443,38.5886667331
2002.11.07,39.2377292932,39.5442389653,39.1475773667,39.5442389653
2002.11.08,39.8462223291,39.9589096075,39.6433831647,39.8642527064
2002.11.11,39.9138509923,40.0806260286,39.8462379110,40.0806260286
2002.11.12,40.1842910197,40.1842910197,39.8327072014,39.8507375817
2002.11.13,39.8687576548,39.9769399179,39.6478915524,39.9363707095
2002.11.14,39.5081627509,39.5081627509,39.1069962920,39.1069962920
2002.11.15,39.0078321308,39.3188501470,38.8816229182,39.2647590106
2002.11.18,39.2241987647,39.4991560861,39.1971549098,39.4405599208
2002.11.19,39.6433959553,39.7696086365,39.4450686198,39.5847997896
2002.11.20,39.7560766493,39.7650935588,39.1295355587,39.1971486241
2002.11.21,38.9898232644,38.9898232644,38.7013439223,38.8185397297
2002.11.22,38.9131771576,38.9402210077,38.7103379652,38.7824594840
2002.11.25,38.7644287570,38.9357122041,38.6742802982,38.7103376183
2002.11.26,38.8545782814,39.2241924747,38.8320428855,39.1971486241
2002.11.27,38.8771271579,38.9131879273,38.2956601477,38.3136905324
2002.11.29,38.3857943992,38.5976435842,38.3767774916,38.5615862703
2002.12.02,38.1989258941,38.6698471556,38.1038365223,38.5973961363
2002.12.03,38.8056453178,38.8056453178,38.5430192959,38.6516922517
2002.12.04,38.8962190704,38.9414991925,38.7377369158,38.8509389483
2002.12.05,38.6154775162,39.0682856549,38.6064228734,38.9505545715
2002.12.06,39.3943172227,39.4350683065,38.8328359676,39.0184855512
2002.12.09,39.0320703149,39.3263963724,39.0184866199,39.2358361030
2002.12.10,39.2177103992,39.3626088552,39.1679012311,39.3399670680
2002.12.11,39.4622175410,39.6886215390,39.3761829163,39.6025869143
2002.12.12,39.4214691730,39.6659859436,39.4214691730,39.5663676162
2002.12.13,39.4576991402,39.4667572371,39.1814859117,39.1814859117
2002.12.16,39.3490166245,39.3490166245,38.8690377864,38.8871505213
2002.12.17,39.0773325104,39.0999708380,38.7965903015,38.8871505213
2002.12.18,39.1588356251,39.2539248863,39.0546882696,39.1905320455
2002.12.19,39.3037281325,39.6161632426,39.2358062548,39.5391867266
2002.12.20,39.4984491699,39.6478732063,39.4622236954,39.5663676162
2002.12.23,39.5573087398,39.5754214750,39.0546915633,39.5754214750
2002.12.24,39.8471313223,39.8833568163,39.7746803344,39.7973221318
2002.12.26,39.8018439999,39.8742915200,39.7248674301,39.8742915200
2002.12.27,40.0961581522,40.3135041030,39.9738980321,40.3135041030
2002.12.30,40.2546550965,40.4086082470,40.1323949314,40.4086082470
2002.12.31,40.4795664699,40.6524999543,40.1928658901,40.3066364574
2003.01.02,39.9107319547,40.0017505335,39.2326600342,39.2645156688
2003.01.03,39.2053628646,39.3828447836,39.0597365857,39.3555409413
2003.01.06,39.2144772162,39.2690883926,39.0506471589,39.2508846671
2003.01.07,39.2235519318,39.4783969567,39.2144483397,39.3919301924
2003.01.08,39.5375562616,39.6558786535,39.4920487176,39.5876156015
2003.01.09,39.2144437776,39.2144437776,38.6910984005,38.8276244892
2003.01.10,39.1006722786,39.1006722786,38.7366085042,38.9277422462
2003.01.13,38.9277594765,39.0779375426,38.8640482010,38.9914707521
2003.01.14,39.1371165132,39.2645391277,39.1189127865,39.1280163859
2003.01.15,39.2645289367,39.4556628089,39.2281214929,39.3191401025
2003.01.16,39.3100030861,39.4101217356,38.9641430797,39.3737143227
2003.01.17,39.6377053244,39.7014166292,39.5603420931,39.5694422201
2003.01.21,39.5375775411,39.7969745007,39.5011735695,39.7969745007
2003.01.22,39.9016447735,40.0017635067,39.8288298868,39.9926599098
2003.01.23,39.7378150088,39.9107451579,39.7287148840,39.7969745007
2003.01.24,39.9289326386,40.2474924324,39.9289326386,40.0336031284
2003.01.27,40.0017084720,40.0654196742,39.8196749777,39.8879379720
2003.01.28,39.8879379720,39.9470973821,39.6376414834,39.8879379720
2003.01.29,39.9698889970,39.9926410344,39.5830696420,39.6695329391
2003.01.30,39.6831722624,40.0017319322,39.6376647301,39.9653245176
2003.01.31,40.0017504063,40.1428248631,39.8379204369,40.0745617972
2003.02.03,40.0371117088,40.1467173543,39.8727067247,40.1330140355
2003.02.04,40.3568071298,40.3705069704,40.2380693710,40.3111363489
2003.02.05,40.2928676691,40.5075042877,39.9275223685,39.9640575954
2003.02.06,40.1147448747,40.3065530048,40.0919129792,40.2882853979
2003.02.07,40.0827733292,40.4252830836,40.0188384537,40.3796158132
2003.02.10,40.2425959844,40.3704656780,40.0462236737,40.0964586939
2003.02.11,40.0051328403,40.1467058876,39.9274981434,40.0873353088
2003.02.12,40.0964759692,40.2471776106,40.0371053828,40.2289100059
2003.02.13,40.3110823616,40.7266622185,40.2654151260,40.4480875523
2003.02.14,40.3248463136,40.3568137750,40.0097359915,40.1010705999
2003.02.18,39.9869020680,40.1787103274,39.8864319045,40.1513071565
2003.02.19,40.3659235630,40.5074931731,40.3019886755,40.4252906772
2003.02.20,40.3430804564,40.5988234413,40.3430804564,40.5622882315
2003.02.21,40.4435633953,40.5166338382,40.2837261565,40.3248291517
2003.02.24,40.5897035065,40.5988390546,40.4709692550,40.5166365428
2003.02.25,40.8271645320,40.9413344533,40.6444919612,40.7038590660
2003.02.26,40.8180356945,40.9870084601,40.7130013009,40.9870084601
2003.02.27,40.8546054835,41.0966454036,40.7861027647,41.0555458628
2003.02.28,40.9550360209,41.3477808453,40.9093687473,41.3158134054
2003.03.03,41.2562313154,41.4625110730,41.2149767628,41.3662469530
2003.03.04,41.3158250608,41.4625137528,41.2654004950,41.3937561607
2003.03.05,41.5404297185,41.5450112248,41.2745554681,41.5312597113
2003.03.06,41.5083578659,41.5679489463,41.2837380682,41.3708356835
2003.03.07,41.5862779104,41.6183659475,41.2791490559,41.5129318272
2003.03.10,41.6275136128,41.7283626829,41.5679225701,41.7283626829
2003.03.11,41.7100301538,41.7879612137,41.5908480571,41.6550241083
2003.03.12,41.6779687042,41.8796669923,41.6596321783,41.8063208885
2003.03.13,41.3250019099,41.4350175728,41.0362059859,41.0362059859
2003.03.14,41.2103792111,41.3112283054,41.0820270901,41.2378822377
2003.03.17,41.4946086199,41.4946086199,40.7336619977,40.7428285123
2003.03.18,40.7794909163,40.8895065504,40.3440098876,40.3577614046
2003.03.19,40.3577380760,40.3714895851,40.0322728694,40.0597758877
2003.03.20,40.2568923740,40.3164834177,39.7709870246,39.9956031865
2003.03.21,39.8443545333,39.9039491117,39.4455464958,39.4455464958
2003.03.24,39.9268577807,40.1560590348,39.8122571536,40.0689649364
2003.03.25,40.1789477631,40.2568752866,39.8351461624,40.0230892188
2003.03.26,39.9956012678,40.1789628900,39.9956012678,40.1056168422
2003.03.27,40.2248322182,40.2798417948,40.0323039461,40.1331530879
2003.03.28,40.3027819630,40.3761281054,40.2111027823,40.2248543097
2003.03.31,40.4769228160,40.7657149940,40.4769228160,40.7519634852
2003.04.01,40.6958312197,40.8753713675,40.4656511828,40.6359821623
2003.04.02,40.3505183969,40.3735342689,40.1801840858,40.2124091163
2003.04.03,40.1664074345,40.3183270678,40.1157675568,40.1894268380
2003.04.04,40.0789388392,40.1894277635,39.9960739021,40.0743377682
2003.04.07,39.6922555393,39.9868857755,39.5541460795,39.9822811902
2003.04.08,40.0743628113,40.3229542657,40.0467388068,40.3045429457
2003.04.09,40.2354749244,40.4472401567,40.1295905521,40.4242207460
2003.04.10,40.3965939593,40.4426292614,40.2124492388,40.2354686460
2003.04.11,39.9684544565,40.1986344530,39.8625701127,40.1710139773
2003.04.14,40.0973316717,40.1019362524,39.9177916584,40.0605020504
2003.04.15,40.2032196357,40.2952901850,40.0697148806,40.2768753726
2003.04.16,40.2952954258,40.4656298276,40.2676749599,40.4426104312
2003.04.17,40.6221511970,40.6958104571,40.4195952562,40.5070612373
2003.04.21,40.2722706916,40.4333958946,40.1709909892,40.4195856646
2003.04.22,40.5807636705,40.6314035876,40.3367732583,40.3966188366
2003.04.23,40.4104277538,40.5163121713,40.3275627569,40.4794825033
2003.04.24,40.6958435827,40.9674544228,40.6958435827,40.8431587106
2003.04.25,40.8569317910,41.0180570168,40.8247067459,40.9351921132
2003.04.28,41.0134400889,41.0134400889,40.8707297194,40.8707297194
2003.04.29,40.7557012011,40.8661867016,40.6590259492,40.8017365336
2003.04.30,40.8753548210,41.2114155719,40.8477343516,41.1791905202
2003.05.01,41.2824113783,41.4675350118,41.0972912757,41.1991059197
2003.05.02,41.2175665526,41.2221956086,40.8519488094,40.8750905585
2003.05.05,40.8705122154,41.1296867087,40.8196031291,41.0926612767
2003.05.06,41.1158016053,41.3749761118,40.9677034006,41.2962997129
2003.05.07,41.6526540137,41.8053812592,41.5693485645,41.7776104222
2003.05.08,41.9303638606,42.0692075397,41.7822655839,41.8794547470
2003.05.09,41.7914769215,41.9395750324,41.7451933930,41.9210623271
2003.05.12,42.1802620950,42.2034038751,41.9905129153,42.1848911572
2003.05.13,42.0691726039,42.2866925395,42.0367762431,42.2774344188
2003.05.14,42.4995944413,43.0318235330,42.4024053338,42.9253763023
2003.05.15,42.8559218614,43.3048451574,42.8559218614,43.0595580446
2003.05.16,43.2632035046,43.3927889104,43.0179128083,43.3742762052
2003.05.19,43.5547624173,43.6149260498,43.1012100520,43.2261699060
2003.05.20,43.1104903554,43.8648648022,43.0966067047,43.8648648022
2003.05.21,43.6195907762,44.2721508052,43.5594270945,43.8602490337
2003.05.22,44.0129645052,44.2906481221,43.9204044766,44.2489971685
2003.05.23,44.3230360259,44.5266722872,44.2628723718,44.3600614426
2003.05.27,44.2536080134,44.2952589499,43.5593974915,43.5593974915
2003.05.28,43.4576195135,43.5686923109,43.1845612866,43.4853868301
2003.05.29,43.6427193289,43.8741229233,43.5362721218,43.8648648022
2003.05.30,43.7121081644,43.8463225826,43.4899628406,43.7815299022
2003.06.02,43.6319039586,43.6319039586,43.2647411435,43.4599440961
2003.06.03,43.5761325531,43.9572376575,43.5528930100,43.8085138008
2003.06.04,43.9014965951,44.0176873029,43.7109456782,43.9386784726
2003.06.05,44.2454127303,44.3290701678,43.5947477118,43.5947477118
2003.06.06,43.5482455465,43.7573908025,43.3995216859,43.7527421845
2003.06.09,44.0130108997,44.0966682983,43.8131628667,44.0455441355
2003.06.10,44.1896475760,44.5846952442,44.1849989552,44.5707529276
2003.06.11,44.7333815839,44.8960477168,44.4777608422,44.5149426857
2003.06.12,44.6683245773,44.9564786065,44.6218490360,44.8635239781
2003.06.13,45.0494363491,45.2121025405,44.9704275626,45.1656269923
2003.06.16,45.3143570018,45.3887207256,44.7380523261,44.7380523261
2003.06.17,44.6032710978,44.6311557215,44.3383565350,44.3848320898
2003.06.18,44.1803135259,44.1803135259,43.7806175700,43.8177994138
2003.06.19,43.6690581801,43.9107365224,43.4552679823,43.7341246078
2003.06.20,43.6412217613,43.7109368811,43.2368769031,43.5715066415
2003.06.23,43.6040260574,43.8875315210,43.4692444808,43.8317587337
2003.06.24,43.7573531627,44.2360575664,43.6922867513,44.2360575664
2003.06.25,44.3476823557,44.3802156222,43.4320987249,43.5297020703
2003.06.26,43.3390836051,43.3390836051,42.8139034932,42.9440363672
2003.06.27,43.0137606207,43.0137606207,42.5489982306,42.7906731133
2003.06.30,42.7209785169,42.9998353754,42.6094364827,42.9905416834
2003.07.01,42.9919605818,43.1505835760,42.6933731908,42.7773511170
2003.07.02,42.5487492165,42.9546431849,42.5067620263,42.8846609752
2003.07.03,42.7820060656,42.7866724938,42.2688093049,42.2688093049
2003.07.07,42.1195232205,42.2641504862,41.9982209812,41.9982209812
2003.07.08,42.1894934662,42.2128220454,41.8162575554,42.0355333860
2003.07.09,42.2361432925,42.3107918918,42.0401960586,42.1708275479
2003.07.10,42.3108051672,42.3387966210,42.0448756779,42.1568450525
2003.07.11,42.1288308681,42.3574359227,42.0868401507,42.3574359227
2003.07.14,42.3061207542,42.3947650661,41.8162491646,41.8722356078
2003.07.15,41.7742415584,41.9235351078,40.7758402794,40.8924759761
2003.07.16,40.7805035310,41.3916733952,40.6592014193,41.1257441698
2003.07.17,40.7432009085,41.0744460103,40.6732187469,40.9997974220
2003.07.18,40.8925001809,41.0371273913,40.7945265648,40.9158251983
2003.07.21,40.8225161523,40.8691697446,39.9594122369,40.0480529944
2003.07.22,40.1086916094,40.2906430462,39.8614244547,40.2439894705
2003.07.23,40.4959309618,40.6125667036,40.3093130631,40.3792952201
2003.07.24,40.0760508331,40.1600287290,39.9127614689,40.0247308102
2003.07.25,40.1133833765,40.4119707209,39.8427874832,39.9174325396
2003.07.28,39.7681189057,39.7914474763,39.3762245476,39.3808909737
2003.07.29,39.2735756834,39.8194299417,38.8443571328,38.8443571328
2003.07.30,39.0682845523,39.5254979627,38.9889731479,39.2828937664
2003.07.31,39.0449831000,39.0543123935,38.3638307770,38.6997387323
2003.08.01,38.4785398679,38.8019294775,38.4223006842,38.6706999477
2003.08.04,38.6566349358,39.0034562999,38.5957043940,39.0034562999
2003.08.05,38.9987697796,39.0362649488,38.3379344080,38.4457285496
2003.08.06,38.6660005822,39.2612210785,38.6050736262,39.2049819116
2003.08.07,39.2753023816,39.3924721339,38.9659725193,39.3690367531
2003.08.08,39.5283536520,39.7392611794,39.2049678311,39.2096556186
2003.08.11,39.1581081350,39.1674801360,38.8581540430,39.0128153016
2003.08.12,39.0971853720,39.2049830714,38.8066067990,38.8300385940
2003.08.13,38.5253797514,38.5956822570,38.0520169367,38.0801365087
2003.08.14,38.1691894335,38.4785154753,37.9207903274,38.4550836888
2003.08.15,38.5253605583,38.6659654995,38.3847591928,38.4316263146
2003.08.18,38.5723033568,38.7129049851,38.4363859464,38.6097949789
2003.08.19,38.6894359523,39.2049819116,38.6660005822,39.2049819116
2003.08.20,39.2893440506,39.3080916314,38.7784823072,38.9940741227
2003.08.21,38.9284685053,39.1112529913,38.6285142937,38.9003489154
2003.08.22,38.8768956797,39.2987072134,38.8534638908,39.0737434459
2003.08.25,39.0503170113,39.1534269182,38.5488308443,38.7691104498
2003.08.26,38.6425563360,39.0737434459,38.5816293940,39.0737434459
2003.08.27,39.0268737717,39.0268737717,38.7175476891,38.8956443079
2003.08.28,39.0081056179,39.3596144252,39.0081056179,39.2986839435
2003.08.29,39.3408991912,39.3643309855,39.0784366345,39.2049819116
2003.09.02,39.3706923447,39.3801098035,38.6221659941,38.6315798612
2003.09.03,38.8293144185,38.8293144185,38.5468480667,38.6927899729
2003.09.04,38.8340002422,38.9375707074,38.6786481360,38.9093255230
2003.09.05,39.2624265971,39.5872571745,39.1541473434,39.5778433050
2003.09.08,39.3706772160,39.7567102707,39.1682450293,39.1682450293
2003.09.09,39.3189030684,39.5166301749,39.0364403913,39.4507223367
2003.09.10,39.4978012311,39.8744169594,39.4601385807,39.8508804967
2003.09.11,39.6672979135,39.7237883235,39.4507429615,39.5919725780
2003.09.12,40.0250512825,40.1945295636,39.7567112693,39.8649904568
2003.09.15,39.7802441650,39.9638450046,39.5966433254,39.8037842077
2003.09.16,39.7190530905,39.7802521855,39.4977895747,39.7425895462
2003.09.17,39.8838339846,40.2792810337,39.7708496265,40.2369132463
2003.09.18,40.3215961621,40.3215961621,39.9355635181,40.2651022660
2003.09.19,40.3216662300,40.5005584909,40.2463409043,40.3122487684
2003.09.22,40.0156592101,40.1003983968,39.6531659952,39.9921191503
2003.09.23,39.9590999477,40.2698109886,39.8461157472,40.2651022660
2003.09.24,40.2698595918,40.7170918026,40.1757029847,40.6135213306
2003.09.25,40.6276909020,40.8254146005,40.5570742692,40.8159971339
2003.09.26,40.9289284191,41.1878509247,40.8724344728,41.1831457897
2003.09.29,40.9665951410,41.1690273301,40.7971204539,40.8536108190
2003.09.30,40.9571759215,41.5456410928,40.9383446050,41.5315185034
2003.10.01,41.3646386405,41.5679164376,41.2937271101,41.3740918281
2003.10.02,41.0526530479,41.3410241266,40.8446503404,41.1850229976
2003.10.03,40.6791986708,40.7501066464,40.2300943875,40.3199159655
2003.10.06,40.2395412905,40.5562755259,40.2206312995,40.4948207600
2003.10.07,40.3955135165,40.4522434492,40.0078679935,40.0267779711
2003.10.08,39.9228110574,40.1733657819,39.8755378741,40.0173610308
2003.10.09,39.6722357058,39.7715104122,39.5445978281,39.7336940526
2003.10.10,39.9464332280,40.0551647515,39.8518868997,39.9700716134
2003.10.13,39.8755249835,39.9464365389,39.8140702257,39.8140702257
2003.10.14,39.5918874249,39.7573453376,39.4973410768,39.5398858514
2003.10.15,39.3129551823,39.3791383170,39.1664037209,39.3460467497
2003.10.16,39.4642386080,39.6013296930,39.1191376796,39.1900492245
2003.10.17,39.2751524025,39.5635234474,39.2420608206,39.4926118843
2003.10.20,39.4500596662,39.7809790594,39.4358780763,39.6249743572
2003.10.21,39.7242392969,39.8896971494,39.6391461719,39.7715124538
2003.10.22,39.9937249775,40.1828213286,39.8991786053,40.1591829322
2003.10.23,40.1827594515,40.1827594515,39.7194742850,39.8660256250
2003.10.24,40.1827839295,40.4664263888,40.0220545250,40.3104217739
2003.10.27,40.2537342114,40.3388273918,40.0882762513,40.2300958142
2003.10.28,40.1118919157,40.5089944372,39.9795256107,40.4428112847
2003.10.29,40.3151645731,40.3482561451,39.9984304405,40.0787951715
2003.10.30,39.7100740073,39.9700818869,39.6155276547,39.8991703191
2003.10.31,40.0551978287,40.2868390489,39.5871833791,40.2726574486
2003.11.03,40.1387438032,40.1482393850,39.8919130010,40.0817847989
2003.11.04,40.1815147637,40.3334116595,40.1530316059,40.3096762983
2003.11.05,40.2621840283,40.2621840283,39.9963655322,40.0343370162
2003.11.06,39.7637657177,39.8349681264,39.6356042794,39.6593396228
2003.11.07,39.4552624527,39.6783582164,39.4220351158,39.6356389068
2003.11.10,39.6830881932,39.7970099225,39.4932162301,39.6023937859
2003.11.11,39.6118734660,39.6356088121,39.5691541889,39.6071292940
2003.11.12,39.8064890030,39.9441460286,39.7732616948,39.8966789629
2003.11.13,40.1577466684,40.5232506526,40.1292671553,40.5137550672
2003.11.14,40.4900222647,40.8033077642,40.4425515823,40.7843202155
2003.11.17,40.8887749309,41.1023786466,40.7985849249,40.8460556364
2003.11.18,40.8080861299,41.1118798934,40.7178961115,41.0976401266
2003.11.19,41.0216629357,41.1166006879,40.6134396551,40.6419227915
2003.11.20,40.9409936921,41.0549154432,40.7273899562,41.0359278811
2003.11.21,41.0976462167,41.2637828898,41.0596710852,41.0596710852
2003.11.24,40.9077397783,40.9694465989,40.7036281454,40.7226156951
2003.11.25,40.7985842388,41.0691506308,40.7985842388,40.9457369233
2003.11.26,40.8697710559,41.0121758905,40.5042706253,40.7795847074
2003.11.28,40.5137680154,40.5375033649,40.4093382723,40.4093382723
2003.12.01,40.2605141912,40.3416067691,39.9743027381,40.1841891961
2003.12.02,40.2605202035,40.3559228224,40.0697113265,40.3559228224
2003.12.03,40.3129964304,40.4417903415,40.0458625223,40.1937413262
2003.12.04,40.1937026738,40.3892789641,40.1603114223,40.2843339910
2003.12.05,40.6898336271,41.1334626580,40.6039698263,40.9283437805
2003.12.08,40.9187845955,40.9187845955,40.5896395539,40.6421120573
2003.12.09,40.7613894115,40.8806445047,40.2414389519,40.3559228224
2003.12.10,40.5801242207,40.5944342501,40.3320752205,40.4227066194
2003.12.11,40.3130015719,40.7280070581,40.2462189962,40.7136970261
2003.12.12,40.7470220363,40.9664506623,40.7470220363,40.7899557019
2003.12.15,40.7852319436,40.9664983310,40.6325856071,40.7661506966
2003.12.16,40.7375292931,40.9569581672,40.6755143326,40.8997144281
2003.12.17,41.1334485049,41.3337960914,41.1191348436,41.1763785709
2003.12.18,41.1668380856,41.5484520006,41.1668380856,41.5484520006
2003.12.19,41.4864206127,41.5341218741,41.3146931604,41.5341218741
2003.12.22,41.5580141913,41.6629556112,41.3338140446,41.4196778531
2003.12.23,41.2765574313,41.3576499921,40.9521835489,40.9521835489
2003.12.24,41.2002430614,41.3385793799,41.1048368214,41.3385793799
2003.12.26,41.4530655607,41.5198481127,41.4530655607,41.4912280588
2003.12.29,41.3576570453,41.3910483195,41.1048368778,41.1191469040
2003.12.30,40.9283347225,41.0905198440,40.8329284986,40.9521835489
2003.12.31,40.9138653674,41.0097145879,40.8803177746,40.9522028617
2004.01.02,40.7796497717,40.7796497717,40.2956067110,40.4681381417
2004.01.05,40.2620434925,40.4393647533,40.2093253727,40.3626861786
2004.01.06,40.5160816434,40.9234462898,40.4969110692,40.8084265011
2004.01.07,40.7844411796,41.0719923301,40.6837984597,40.9713496103
2004.01.08,40.8803176635,41.0432620691,40.8228059375,40.9569963084
2004.01.09,41.6375216332,41.7285809220,41.2205736399,41.6710692149
2004.01.12,41.5033324830,41.8771494489,41.5033324830,41.6375228137
2004.01.13,41.5416792400,41.9202898136,41.4841675235,41.9202898136
2004.01.14,41.9298583896,42.1359373969,41.7669140686,42.1263539424
2004.01.15,42.1502935762,42.3228249229,41.9825557826,42.2844874675
2004.01.16,42.5001756900,42.5576873927,41.9873748909,41.9873748909
2004.01.20,41.9346338111,42.1407127292,41.9346338111,41.9777648222
2004.01.21,42.0544785232,42.0832325521,41.9059111651,42.0784426516
2004.01.22,42.1503208523,42.4043281400,42.0353010989,42.3851575717
2004.01.23,42.4426443021,42.6055922226,41.8196175990,41.8771256186
2004.01.26,41.8387969744,41.8675509902,41.5368651821,41.6231308861
2004.01.27,41.5656791566,41.8867782901,41.5656791566,41.8819847289
2004.01.28,41.8148562695,42.1024075584,41.1486943819,41.5129279646
2004.01.29,41.3212096411,41.4937410779,41.2253568116,41.4266459254
2004.01.30,41.6471073482,41.8004682390,41.5033299134,41.7142025094
2004.02.02,41.6025788489,41.8095091234,41.5688926959,41.6266419602
2004.02.03,41.8287341808,41.8624203139,41.6747399050,41.8383608883
2004.02.04,41.7661900011,41.7998761461,41.6170090264,41.7565632903
2004.02.05,41.7902484286,41.9057469271,41.5015095255,41.5929449189
2004.02.06,41.9345812328,42.0837620670,41.8816453875,42.0500759538
2004.02.09,42.1367352395,42.1752347377,42.0549265593,42.1752347377
2004.02.10,42.0982287483,42.1319148829,41.8864852330,41.9394211118
2004.02.11,41.8768627578,42.4447174204,41.8239305451,42.2522273014
2004.02.12,42.2762758397,42.3484614514,41.9923504173,42.0741590639
2004.02.13,42.2522273014,42.3965948906,42.1415421786,42.2522273014
2004.02.17,42.2810845117,42.2955208981,42.1222769177,42.2233352944
2004.02.18,42.3965831817,42.4350826634,42.1992797628,42.2810884079
2004.02.19,42.1222672233,42.3243839302,42.0933944571,42.3243839302
2004.02.20,42.2281319100,42.2666313729,41.9634526915,42.0308249159
2004.02.23,42.0549417405,42.2907448274,42.0212555853,42.2907448274
2004.02.24,42.3725198431,42.5361371183,42.2810845003,42.3677064905
2004.02.25,42.4543464579,42.5217187375,42.3629110763,42.4350967106
2004.02.26,42.2762879321,42.3292238178,42.1271069842,42.3003510334
2004.02.27,42.4543194006,42.7238083474,42.3291979589,42.6660628140
2004.03.01,42.7414508812,42.8284221030,42.5385192591,42.6496469009
2004.03.02,42.5771610672,42.6158120647,42.2292762852,42.3790585772
2004.03.03,42.2244553439,42.3452485000,42.0891675989,42.3017647332
2004.03.04,42.2292941311,42.4950369006,42.2003012628,42.4902078278
2004.03.05,43.3743900976,43.4855213853,43.2535969826,43.3115790049
2004.03.08,43.5145411217,43.6401670816,43.4855519333,43.5676904245
2004.03.09,43.6063395232,43.8962424282,43.5773503386,43.8575877245
2004.03.10,43.7367912978,43.9348938748,43.7174676338,43.8285952907
2004.03.11,43.9928817553,43.9928817553,43.5580255292,43.8914122306
2004.03.12,43.7802601275,43.8768931521,43.5918231491,43.6208123192
2004.03.15,43.6884915433,43.7947901682,43.5966912014,43.6933243043
2004.03.16,43.6256485280,44.0556717883,43.5096881520,44.0556717883
2004.03.17,44.1957994204,44.2006321787,43.9203911790,43.9832022915
2004.03.18,43.8286458770,43.9977557803,43.6788633463,43.7513400724
2004.03.19,43.7126516621,43.7754628103,43.5870256794,43.6933243043
2004.03.22,43.7706127748,43.9590535177,43.7706127748,43.9590535177
2004.03.23,43.9155465162,44.0363396365,43.8479026638,44.0363396365
2004.03.24,44.0460203495,44.0798422874,43.9300562599,44.0121947253
2004.03.25,43.8334103666,43.9397089078,43.7995884386,43.8430721948
2004.03.26,43.7175054886,43.7754839037,43.2923107840,43.3792820930
2004.03.29,43.0265311797,43.1135024147,42.9540545362,43.0893423048
2004.03.30,43.1473133587,43.2101244677,43.0361820420,43.0603421458
2004.03.31,43.1231641055,43.3067684071,43.1038367549,43.2681173922
2004.04.01,43.1604193218,43.1992211105,42.9518444423,43.1264654438
2004.04.02,42.2630849554,42.2630849554,41.9138464465,42.0593615667
2004.04.05,41.8702002844,41.9041541914,41.6713284579,41.7295330409
2004.04.06,41.9089697426,41.9574747537,41.8119560199,41.9574747537
2004.04.07,41.8604740889,42.1030028989,41.8362197276,41.8604740889
2004.04.08,41.7973939781,41.9186583244,41.7052355915,41.7391894604
2004.04.12,41.6228044916,41.6519104732,41.5209428078,41.5888505970
2004.04.13,41.1959147478,41.2832252058,41.1183038070,41.1377065422
2004.04.14,40.7351596229,41.1135041515,40.7351596229,41.1038009222
2004.04.15,41.0698530690,41.1329129669,40.8321757252,40.8612780161
2004.04.16,41.0746687710,41.1668308792,40.9437048758,41.0164605394
2004.04.19,41.1571558659,41.1862618520,40.8903762816,40.9291780952
2004.04.20,40.8758194665,40.9534304913,40.5556832406,40.5556832406
2004.04.21,40.6089901125,40.9000236977,40.6089901125,40.7545050548
2004.04.22,40.8661142140,41.0310320677,40.8127575670,40.9970781743
2004.04.23,40.7982042049,40.9097654056,40.6235831336,40.7642503133
2004.04.26,40.7885164331,40.8855302321,40.7739652884,40.8321735678
2004.04.27,40.9388433685,41.0116027152,40.7836251558,40.9873483660
2004.04.28,40.8903520641,40.9534082120,40.5556611776,40.6041661914
2004.04.29,40.6235996419,40.8321746895,40.2646578275,40.4053250644
2004.04.30,40.4683833995,40.6478561665,40.3907723541,40.5702451211
2004.05.03,40.4655038841,40.6943707502,40.4655038841,40.6213275801
2004.05.04,40.7236380420,40.8551166576,40.2659074460,40.3438175349
2004.05.05,40.5434429307,40.5434429307,40.1733600283,40.2317953440
2004.05.06,40.2026041585,40.2464316049,40.1100861540,40.1246940645
2004.05.07,39.6620457736,39.6863947411,39.4916141466,39.5987436593
2004.05.10,39.6766434050,39.7399454970,39.4964707684,39.5062081229
2004.05.11,39.4965022181,39.6961497226,39.4965022181,39.6864123604
2004.05.12,39.6377272282,39.6572056723,39.4137306939,39.4234680584
2004.05.13,39.3893432564,39.4039511464,39.2043037909,39.2724764210
2004.05.14,39.4624251450,39.6328568877,39.3114718465,39.5938999993
2004.05.17,39.8665682290,39.9639566706,39.7740466089,39.9444782393
2004.05.18,39.7837724068,39.8860350704,39.7204703096,39.7886429420
2004.05.19,39.6377251797,39.6620704472,39.5159876968,39.6572036228
2004.05.20,39.8032821295,39.9785843834,39.7448505216,39.9639764815
2004.05.21,40.1100511983,40.1149180208,39.7302272825,39.8032704862
2004.05.24,39.8958106970,39.9688539346,39.7740732060,39.9298970459
2004.05.25,39.9444961476,40.0857120518,39.9347587851,40.0467551717
2004.05.26,40.1246279549,40.2853221351,40.0856711145,40.2609731811
2004.05.27,40.4314434900,40.6116162632,40.3340550108,40.5775299240
2004.05.28,40.4265393000,40.6602766568,40.2950645910,40.4654961453
2004.06.01,40.2660699394,40.2807346584,39.9385417199,40.0949716053
2004.06.02,40.0949922697,40.1487654202,39.9678954864,39.9923354541
2004.06.03,39.9874041231,40.1096150113,39.8847436949,40.0753961118
2004.06.04,40.1047521608,40.1487463196,39.8114465802,39.8407760194
2004.06.07,39.8016608198,39.8847633697,39.7038935528,39.8505444533
2004.06.08,39.6941411444,39.9287879636,39.6354822368,39.9238984781
2004.06.09,39.8163737785,39.8505927363,39.5963952964,39.7528253509
2004.06.10,39.7723565381,39.8896780786,39.6696997240,39.8310191731
2004.06.14,39.6940961414,39.7234292915,39.4790075081,39.5132264086
2004.06.15,39.9923325512,40.3882987878,39.9923325512,40.3491903667
2004.06.16,40.1096653459,40.2514268721,40.0803321598,40.1927679591
2004.06.17,40.1292266402,40.4616409121,40.0705677114,40.4567551544
2004.06.18,40.4567347634,40.5007289378,40.2660858816,40.3687426849
2004.06.21,40.3931469185,40.4518094954,40.3247091101,40.3980363989
2004.06.22,40.2953982684,40.3736113442,40.2611793484,40.2758440670
2004.06.23,40.2269798722,40.4176287654,40.1732067249,40.3540803775
2004.06.24,40.7011527350,40.7402574207,40.5251685955,40.5984959419
2004.06.25,40.5349514908,40.6473872738,40.5105115238,40.6376083033
2004.06.28,40.4665185136,40.5105164269,40.1732127668,40.2220964363
2004.06.29,40.2807305775,40.4958193172,40.1682948605,40.4762688469
2004.06.30,40.5887230817,40.9406914136,40.5300641795,40.8918077518
2004.07.01,40.9094453616,41.0125161022,40.7033038804,40.9683445325
2004.07.02,41.5524392414,41.5671631063,41.3561123057,41.4002839003
2004.07.06,41.5082665610,41.5180812233,41.2972157468,41.3315726820
2004.07.07,41.3266830246,41.4346630845,41.2923260732,41.3463161032
2004.07.08,41.3757448866,41.4935395488,41.3413879541,41.3708356835
2004.07.09,41.3511879192,41.4346256193,41.2726556759,41.4149925584
2004.07.12,41.5278905724,41.5524328398,41.4444528545,41.4739005797
2004.07.13,41.3266445396,41.3610014590,41.2039407212,41.3511868012
2004.07.14,41.3855555632,41.4100978317,41.3021178415,41.3659224973
2004.07.15,41.3708402702,41.4150118692,41.3119410603,41.4101064102
2004.07.16,41.6457091882,41.9647401252,41.6457091882,41.9598309200
2004.07.19,41.9205421099,41.9990706211,41.8959998438,41.9892559614
2004.07.20,41.8714739754,41.9058309146,41.5229953792,41.6113423292
2004.07.21,41.4297333356,41.5033526563,41.3217533390,41.4984471980
2004.07.22,41.5131604627,41.6456789509,41.5131604627,41.5573320439
2004.07.23,41.6113129310,41.7045690192,41.6113129310,41.6947506180
2004.07.26,41.6407803812,41.6407803812,41.4542718609,41.4984471980
2004.07.27,41.4247983912,41.4591553011,40.9388924532,40.9388924532
2004.07.28,40.8456517977,40.9978033496,40.7573048897,40.9438133645
2004.07.29,40.8701997307,41.0567119931,40.8701997307,41.0370789263
2004.07.30,41.2628889327,41.5377446142,41.2285319725,41.5181115306
2004.08.02,41.6363192534,41.6905206798,41.5476263519,41.5722647310
2004.08.03,41.6314122877,41.7989450809,41.5870676937,41.7398151964
2004.08.04,41.7250305270,41.9418363280,41.6363375865,41.7595220172
2004.08.05,41.8235653691,41.9270398121,41.8137122714,41.8777668048
2004.08.06,42.5774401653,42.7991704897,42.4345458695,42.5823648326
2004.08.09,42.4493490668,42.5429666635,42.4099291528,42.4345675389
2004.08.10,42.5035215786,42.5922144451,42.2817875327,42.2817875327
2004.08.11,42.2867419281,42.5084723510,42.2423973473,42.4641277701
2004.08.12,42.3754611376,42.5528470896,42.3212596656,42.5528470896
2004.08.13,42.7055956848,42.8189270633,42.6316842431,42.6908141483
2004.08.16,42.6070404148,42.6366034814,42.3853061375,42.5429820915
2004.08.17,42.5725230166,42.7942533996,42.5528130644,42.7844003032
2004.08.18,42.8829503984,42.8977319241,42.5725270806,42.5774555090
2004.08.19,42.6218308331,42.7450153153,42.5429909601,42.6809607379
2004.08.20,42.6612377456,42.7450022657,42.5725447952,42.6415277834
2004.08.23,42.4296453872,42.4592084475,42.3606624071,42.3951538972
2004.08.24,42.3508179419,42.4444393391,42.2621249760,42.4198009422
2004.08.25,42.5331183349,42.6907942493,42.4986268461,42.5676098237
2004.08.26,42.6513945345,42.8090705237,42.5922683882,42.8090705237
2004.08.27,42.7844155466,42.8829615832,42.6907941803,42.7794871170
2004.08.30,42.8681950849,42.9815264502,42.8287751527,42.9815264502
2004.08.31,43.0160119585,43.3609269190,42.9864451339,43.2475955695
2004.09.01,43.3861195641,43.3861195641,43.1140309896,43.2921271135
2004.09.02,43.2228613279,43.2228613279,42.8666691345,42.8666691345
2004.09.03,42.7776016032,42.8715977710,42.5450871509,42.8715977710
2004.09.07,42.6638378734,42.8320414274,42.6391046099,42.8270932649
2004.09.08,42.6737514321,43.1981436326,42.6341736653,43.1882510781
2004.09.09,43.1486386161,43.3267346493,42.9705425828,43.0249610249
2004.09.10,43.2277717043,43.3019789819,43.0694646067,43.0892534657
2004.09.13,43.1387726831,43.3020281243,43.0991986945,43.2772948532
2004.09.14,43.2179144580,43.3762216849,43.1288664070,43.3218032218
2004.09.15,43.2871629579,43.2871629579,43.1288557701,43.2228519603
2004.09.16,43.3168594238,43.7719960495,43.2871779953,43.7126294181
2004.09.17,43.5988315667,43.7274573434,43.4801021129,43.4949428228
2004.09.20,43.6631365185,43.8164955191,43.6285069450,43.7818659456
2004.09.21,43.7126161038,43.9896527507,43.5839903286,43.9105010406
2004.09.22,43.9303103962,44.4299654712,43.8561030384,44.3656544408
2004.09.23,44.3606916430,44.4645803998,44.1875437150,44.1875437150
2004.09.24,44.2023741065,44.2716332615,44.0786965047,44.2419518449
2004.09.27,44.3260617753,44.4695282789,44.3112210636,44.4348986935
2004.09.28,44.3656480823,44.4992182876,44.1380816524,44.2568111431
2004.09.29,43.8808391459,43.9649428364,43.8115799474,43.8264206650
2004.09.30,43.6037680870,43.7175531234,43.5147200768,43.6581865251
2004.10.01,43.4649484399,43.5295235703,43.3606330184,43.4401098105
2004.10.04,43.2166265415,43.5146714839,43.2166265415,43.5047382947
2004.10.05,43.4798996371,43.5643450093,43.4252576222,43.5047382947
2004.10.06,43.4401318576,43.4500688303,43.2265324224,43.3060130447
2004.10.07,43.2165576237,43.3059713428,43.0874036317,43.1172107313
2004.10.08,43.6984098850,43.8176269462,43.5891259998,43.6884729191
2004.10.11,43.6884926673,43.7630047854,43.5792125225,43.7332014541
2004.10.12,43.8822279116,43.9070665510,43.7928179054,43.8325544227
2004.10.13,43.7133553030,43.9915299876,43.6885166534,43.9915299876
2004.10.14,43.9616976920,44.2150373501,43.9169926999,44.2001356860
2004.10.15,44.1156864587,44.2051002324,43.8027401456,44.0461428335
2004.10.18,44.0362008351,44.1057444463,43.8971136127,44.0660041571
2004.10.19,43.8772841837,44.2051323993,43.8474770442,44.1802975379
2004.10.20,44.3392293240,44.5130884125,44.3094222018,44.4832850801
2004.10.21,44.4286279302,44.6571289098,44.4286279302,44.5130732029
2004.10.22,44.4584591414,44.6174166091,44.3938839729,44.6174166091
2004.10.25,44.7415741626,44.7515073400,44.6074554231,44.6521604063
2004.10.26,44.6819974134,44.7118045479,44.5180752282,44.5180752282
2004.10.27,44.6422623141,44.7316761407,44.0710075215,44.0809407067
2004.10.28,44.0809278067,44.2895625342,43.9716438518,44.2249835846
2004.10.29,44.2647231292,44.4534839091,44.1703408444,44.4286490588
2004.11.01,44.2670389849,44.3917348694,44.0924655078,44.1523170968
2004.11.02,44.1323657406,44.2570616155,44.0475696535,44.2171580223
2004.11.03,43.9079475988,44.2670726278,43.8929846901,44.2371468105
2004.11.04,44.3219218716,44.4416288994,44.2670553577,44.2820182605
2004.11.05,43.7632512984,43.8580213553,43.6535183495,43.7981659817
2004.11.08,43.6435744312,43.6934520409,43.5936968215,43.6435744312
2004.11.09,43.5936660459,43.7582654666,43.5936660459,43.6186029305
2004.11.10,43.5487735793,43.6285807429,43.3492632813,43.4540073294
2004.11.11,43.6186282252,43.6186282252,43.3592624042,43.3592624042
2004.11.12,43.5637424705,43.9478078384,43.5587573761,43.8281008820
2004.11.15,43.8679934821,43.8929341714,43.7632494368,43.8679934821
2004.11.16,43.7981641186,43.8679934821,43.7432976464,43.8679934821
2004.11.17,43.8381081352,44.2720514137,43.8381081352,44.2421217979
2004.11.18,44.1672865876,44.4216634681,44.0974571923,44.3767747734
2004.11.19,44.3418719618,44.4067124732,43.9378545746,44.0226506963
2004.11.22,44.0675474367,44.3269171406,44.0426105303,44.2520988104
2004.11.23,44.1423400783,44.4914870088,44.1323660827,44.3069395479
2004.11.24,44.3468431415,44.3468431415,44.2570619586,44.3069395479
2004.11.26,44.0375811482,44.0625180317,44.0076553658,44.0176293581
2004.11.29,43.6285903363,43.6934308168,43.4789537744,43.5487831552
2004.11.30,43.3642258038,43.4739587500,43.2096003771,43.3642258038
2004.12.01,43.4218806285,43.4469236114,43.1614511826,43.2966733558
2004.12.02,43.1564015296,43.2215116961,43.0762709369,43.1213436789
2004.12.03,43.6472163437,43.9026400177,43.5370334325,43.7924571065
2004.12.06,43.8174999613,43.9977985911,43.7974663557,43.9427071308
2004.12.07,43.9427113322,44.0178364053,43.8225135079,43.9978027977
2004.12.08,44.2782945149,44.6839647894,44.2532515361,44.6839647894
2004.12.09,44.5687577304,44.7089891953,44.3584105331,44.3884590410
2004.12.10,44.5486512992,44.5987371585,44.4084200635,44.4985692609
2004.12.13,44.4836063531,44.7189964608,44.4735914601,44.5937892819
2004.12.14,44.4435178842,44.7941001100,44.4234842866,44.7690571578
2004.12.15,45.0495239343,45.1997740190,44.9944324914,45.1747310646
2004.12.16,45.0194746511,45.0194746511,44.4986125399,44.5086312499
2004.12.17,44.3133192329,44.5136476298,44.2882762728,44.4485412829
2004.12.20,44.5086289285,44.6238173405,44.4835859758,44.5286625265
2004.12.21,44.6038133663,44.6939627065,44.5236827422,44.6639142001
2004.12.22,44.6789386035,44.6789386035,44.4235148353,44.5136641758
2004.12.23,44.4435489901,44.4685919598,44.3584090066,44.3684239019
2004.12.27,44.2382158460,44.2582494597,43.9226912064,44.0228592749
2004.12.28,44.0027843624,44.0278273113,43.7724037525,43.9877601215
2004.12.29,44.0078173044,44.0729236570,43.8575671726,43.9427071308
2004.12.30,43.9727550053,44.2982905562,43.9427026894,44.2381935664
2004.12.31,44.4267367839,44.5675021079,44.3915454529,44.5172293258
2005.01.03,44.3311969237,44.6630002124,44.3211439058,44.6127274518
2005.01.04,44.6026582616,44.6177397008,44.1451674839,44.1451674839
2005.01.05,44.2357010579,44.5172355810,44.2105665811,44.3814948313
2005.01.06,44.3865115653,44.5121954227,44.3513202386,44.4116460354
2005.01.07,44.6227871942,44.6780883852,44.4166638760,44.5121848123
2005.01.10,44.5624547885,44.6026745313,44.4769907117,44.5825646599
2005.01.11,44.6931495741,44.8841875245,44.6127101199,44.8439677974
2005.01.12,44.6780795209,44.9646384374,44.6428882096,44.9043088313
2005.01.13,45.1205044204,45.3366808067,45.1104513996,45.3366808067
2005.01.14,45.1958917622,45.4472593428,45.1506436032,45.3316285680
2005.01.18,45.1456186178,45.4925032679,45.1104273103,45.4824502524
2005.01.19,45.6483547171,45.6684607485,45.3819018566,45.6131634088
2005.01.20,45.4573280217,45.7589684552,45.4221367017,45.7036710972
2005.01.21,45.5477729532,45.7740059187,45.5075532479,45.7538960661
2005.01.24,45.7941673577,46.0002907201,45.7489230112,45.9500179454
2005.01.25,45.9298808901,45.9499907551,45.5025568050,45.5176382449
2005.01.26,45.6734724228,45.7086637182,45.5628701129,45.6030898320
2005.01.27,45.5075813946,45.5980738697,45.4170889195,45.5176382449
2005.01.28,45.8595169720,46.0505550147,45.8343786715,45.9751439489
2005.01.31,45.9147998260,46.1259476577,45.8946899608,46.1058377925
2005.02.01,46.1437472368,46.1740240533,45.9469402292,46.0327271094
2005.02.02,46.0225520607,46.1537577871,45.9670420938,46.1386194053
2005.02.03,45.9519143102,46.1436774584,45.9519143102,46.1133968376
2005.02.04,46.6634707809,46.9006491949,46.6584233667,46.7543049852
2005.02.07,46.7997398089,47.1428909636,46.7795539939,47.1025193336
2005.02.08,47.1176697465,47.4961451805,47.0974839281,47.3699867025
2005.02.09,47.1529870029,47.5566917629,47.1227063547,47.4961381664
2005.02.10,47.1782224463,47.2741041197,46.8047944366,46.8552570568
2005.02.11,46.6584097945,46.9208213528,46.6281330186,46.8249397623
2005.02.14,46.8804852470,47.0369205079,46.7946984169,46.9713194936
2005.02.15,46.7290524810,46.8602582442,46.7139140949,46.7340998931
2005.02.16,46.6836772031,46.7139540012,46.3253876419,46.5575187442
2005.02.17,46.3052043032,46.4969637850,46.2244610372,46.2648326702
2005.02.18,45.6945427678,45.8963929897,45.6491237729,45.8509778448
2005.02.22,45.7349686919,45.7955261455,45.6189050516,45.6491818534
2005.02.23,45.9922726396,46.0074110206,45.6339835055,45.8005133967
2005.02.24,46.0024102911,46.0881970967,45.6996269887,45.6996269887
2005.02.25,45.8661451092,45.9923035023,45.7298957386,45.9216551102
2005.02.28,45.9721594089,45.9721594089,45.3615526940,45.4271537320
2005.03.01,45.3268985370,45.4888886370,45.2813367696,45.4129549328
2005.03.02,45.2812916217,45.4179729254,45.2661056684,45.3521619784
2005.03.03,45.3673915456,45.4585112072,45.2813312981,45.3268930599
2005.03.04,45.5546857216,45.8989150907,45.4939418614,45.8179219897
2005.03.07,45.9900506957,46.0609211320,45.9394295072,46.0001772507
2005.03.08,45.6255440417,45.6964144346,45.5293650011,45.5648001976
2005.03.09,45.1446411337,45.2560100070,44.7700399015,44.8206610634
2005.03.10,44.9219176589,45.2205891743,44.7447416051,45.0940342984
2005.03.11,44.8763936298,44.9877626225,44.7498386584,44.7650246370
2005.03.14,44.7346046863,45.0535214817,44.6991694868,45.0332722446
2005.03.15,45.2003411815,45.2054044581,44.7498061199,44.7498061199
2005.03.16,44.8207214731,45.2358217391,44.8207214731,45.0232102555
2005.03.17,45.2306969168,45.3471290635,45.1142686323,45.1699530682
2005.03.18,45.0029075226,45.0434060034,44.8864753559,44.8864753559
2005.03.21,44.8864344372,44.8864344372,44.7396304748,44.7598796967
2005.03.22,45.0231518449,45.0788362844,44.3144439569,44.3802510844
2005.03.23,44.3093307613,44.6282510758,44.3093307613,44.5928120523
2005.03.24,44.7093236701,44.7801941190,44.6384532212,44.6840111403
2005.03.28,44.5422405709,44.5473038459,44.4055630425,44.4106263175
2005.03.29,44.5877962341,44.6890385478,44.5422344895,44.6738525870
2005.03.30,44.6485603867,44.9269826692,44.6283150045,44.8966107337
2005.03.31,45.1547494660,45.2509323464,44.9826367980,45.2205604314
2005.04.01,45.4898566357,45.5559116291,44.9665181185,45.3729966690
2005.04.04,45.3628921917,45.5559715014,45.3070012206,45.3628921917
2005.04.05,45.3425350113,45.4035079927,45.1850263213,45.2459993028
2005.04.06,45.4288980106,45.4441402814,45.3221943623,45.4034916417
2005.04.07,45.3729822251,45.5152485095,45.0223946838,45.0376369462
2005.04.08,44.9969952657,45.2205588194,44.8852134888,45.1951524605
2005.04.11,45.2053227746,45.5355861036,45.1900805077,45.4390465782
2005.04.12,45.3374194718,45.9318910147,45.2815285873,45.8607578665
2005.04.13,45.9065147185,45.9522454160,45.6270639894,45.7490060553
2005.04.14,45.7693189148,45.7896432335,45.5559193839,45.6778614192
2005.04.15,46.0030685523,46.2977655230,45.8404777886,46.2825193681
2005.04.18,46.4248091500,46.4349693810,46.2063273562,46.2469721568
2005.04.19,46.4094931796,46.7651627546,46.3993329639,46.6940296149
2005.04.20,46.3485566855,46.6280073945,46.3282323633,46.5771985271
2005.04.21,46.3891735436,46.4501425922,46.0843127952,46.0893948414
2005.04.22,46.3739566255,46.5314691452,46.2824991186,46.4755782312
2005.04.25,46.5721434385,46.6534368913,46.4959281613,46.6127882266
2005.04.26,46.7397815416,46.7702699582,46.4095181431,46.5416242778
2005.04.27,46.7702856842,46.8464970601,46.6432615556,46.7042306564
2005.04.28,46.7702712240,47.0751282630,46.7194584871,47.0497218946
2005.04.29,47.0345239744,47.2225211993,46.8566908570,46.9684727812
2005.05.02,46.9888732813,47.0449644876,46.7645084564,46.9582756022
2005.05.03,46.9480220781,47.1876835070,46.8715338086,47.0856978509
2005.05.04,46.6318869276,46.7695666337,46.4279233324,46.6726812027
2005.05.05,46.5554024372,46.8307540681,46.5095079051,46.7797631694
2005.05.06,46.3667249647,46.5044007598,46.3055335612,46.4330127342
2005.05.09,46.4075621612,46.5248409302,46.4024619002,46.4789502529
2005.05.10,46.5859824249,46.8103469812,46.5757819139,46.8103469812
2005.05.11,46.9837050936,47.1774719593,46.9072168420,46.9531113491
2005.05.12,46.9123730534,47.1520347121,46.7695968883,47.1367378216
2005.05.13,47.2743770663,47.4324499993,47.2029890391,47.3202715925
2005.05.16,47.4426765872,47.4579734742,47.2591061620,47.2642064211
2005.05.17,47.4018738683,47.5191564654,47.3712800997,47.3967736101
2005.05.18,47.7792009769,47.8301957674,47.5956306239,47.7129131957
2005.05.19,47.7792138187,47.7792138187,47.5650496461,47.5905470482
2005.05.20,47.5497537958,47.6823332871,47.5293566518,47.6466392576
2005.05.23,47.7281878767,48.0494377902,47.7128910028,48.0188401520
2005.05.24,48.2024175378,48.2636089328,48.0239474986,48.1514266538
2005.05.25,48.2330515709,48.2636492392,47.7945264900,47.8149197483
2005.05.26,47.7230970792,47.9678587813,47.7230970792,47.7995853542
2005.05.27,47.7995958015,47.9219786245,47.6976140061,47.8505866993
2005.05.31,48.0443198426,48.4675513532,48.0443198426,48.4420539792
2005.06.01,48.7230783472,49.0506281518,48.7179631880,49.0352748648
2005.06.02,48.9943461907,49.2297724270,48.9943461907,49.1530020684
2005.06.03,49.5931343766,49.6443133001,48.7230770585,48.7486684726
2005.06.06,48.8766220411,49.0711035294,48.7998516968,49.0045713135
2005.06.07,49.3730595400,49.4293575250,49.1581057270,49.3935318895
2005.06.08,49.2911921702,49.3628434732,49.1581276958,49.1581276958
2005.06.09,48.9636398844,49.1376529724,48.8408096429,49.1171806147
2005.06.10,48.9022119319,48.9022119319,48.5490707017,48.5644239892
2005.06.13,48.3546084460,48.3801959670,48.1959486349,48.2727190074
2005.06.14,48.1344986091,48.1907965789,47.8888343862,47.9553665756
2005.06.15,47.7967297699,48.0423940904,47.7660231941,48.0423940904
2005.06.16,48.0065493050,48.3238608743,47.8888343036,48.2829161864
2005.06.17,48.1652100583,48.3494572680,48.1191463035,48.2778060092
2005.06.20,48.0167875660,48.2112689926,47.9041916172,48.1959157096
2005.06.21,48.3034021280,48.5490664197,48.2726955558,48.5490664197
2005.06.22,48.8714924329,49.1785698393,48.7537813143,49.1376290486
2005.06.23,49.0301713362,49.1222949846,48.8971029762,49.0864693383
2005.06.24,49.2553158713,49.3627927153,49.1427199667,49.3320861612
2005.06.27,49.3832661317,49.5470409316,49.3116149008,49.4651554840
2005.06.28,49.2963337023,49.3219251385,49.0864987635,49.1274395948
2005.06.29,49.3730787718,49.3781978374,48.9278137817,49.0506440221
2005.06.30,49.0608567377,49.5010024342,49.0352653279,49.4907643084
2005.07.01,49.3223194264,49.4353032912,48.7830796781,48.8909268441
2005.07.05,48.4543496746,48.6546376143,48.4132639644,48.4286740444
2005.07.06,48.5981852201,48.7008995791,48.4954747793,48.6957628816
2005.07.07,49.0090610697,49.0706897181,48.7676870944,48.7984994596
2005.07.08,48.9165875637,48.9165875637,48.4389766308,48.5981789691
2005.07.11,48.3311295063,48.6084523627,48.2489580297,48.5981789691
2005.07.12,48.4543699141,48.5468108416,48.3054370909,48.3259799546
2005.07.13,48.3003084072,48.3259840504,48.2027307759,48.2540859804
2005.07.14,48.3260138075,48.3465566856,48.0692337087,48.1308623429
2005.07.15,48.0178378921,48.2900239399,48.0178378921,48.2592116079
2005.07.18,48.1976074913,48.2592361048,47.8124374731,47.8997417369
2005.07.19,47.8792203030,48.1308637099,47.8227283662,48.0692350739
2005.07.20,48.0230434545,48.3979404253,47.8535675491,48.3311789709
2005.07.21,48.0076080144,48.0384203718,47.5967582974,47.6737931091
2005.07.22,47.8124330699,48.0794864521,47.7764840283,48.0435374104
2005.07.25,47.9665038230,48.1257061660,47.8329771286,47.8689261711
2005.07.26,47.8997812335,47.9716833009,47.8484259724,47.9460037113
2005.07.27,47.7970280860,47.8997385167,47.7662157404,47.8689261711
2005.07.28,47.9562322151,48.3619450923,47.9562322151,48.2951837017
2005.07.29,48.1719387791,48.1719387791,47.6840543349,47.8175810575
2005.08.01,47.6810179182,47.7325641780,47.4335903651,47.6397793372
2005.08.02,47.5623969590,47.6603374800,47.4026025787,47.4850796348
2005.08.03,47.5521305836,47.7634752739,47.5521305836,47.7170809063
2005.08.04,47.7273628218,47.8304591758,47.5263298473,47.6191145996
2005.08.05,47.2685951121,47.3562279966,47.1912777620,47.2479797739
2005.08.08,47.2583134816,47.3459424817,47.1346017206,47.1603728739
2005.08.09,47.2686116624,47.3459329722,47.0521151410,47.3356252995
2005.08.10,47.4283909756,47.4747813832,47.1861194711,47.2840600196
2005.08.11,47.4387154950,47.6552120060,47.2686094080,47.6139773844
2005.08.12,47.7428493142,48.1655347030,47.7170742322,48.0985210629
2005.08.15,48.0727281143,48.0933473840,47.9644798979,47.9747875664
2005.08.16,48.2892537648,48.4026578504,48.1964689613,48.3098730470
2005.08.17,48.2016327789,48.3150368833,47.9284341268,47.9902880509
2005.08.18,48.1706913696,48.3562609668,48.0779065710,48.3459532927
2005.08.19,48.1242848343,48.3717082593,48.1139732308,48.3407813144
2005.08.22,48.2170737103,48.3510970377,48.0418118310,48.2892392099
2005.08.23,48.3150231290,48.5727582266,48.2737845695,48.5109003874
2005.08.24,48.5933725821,48.6243034674,48.3768760484,48.5572898265
2005.08.25,48.5985352296,48.7686413584,48.4851311438,48.7119393155
2005.08.26,48.7892622634,48.9078182241,48.5572982802,48.6964774566
2005.08.29,48.8820405730,48.9078117237,48.7119344612,48.7583248920
2005.08.30,48.8820388376,49.1500816048,48.8253368023,49.0676084198
2005.08.31,49.1294793258,49.4851551368,49.1243274537,49.4799993320
2005.09.01,49.3010030192,49.5234292797,49.1044418376,49.1820331279
2005.09.02,49.0785739082,49.2906564927,49.0371953094,49.2234128165
2005.09.06,49.1457993602,49.2285604669,48.8716470280,48.8768168840
2005.09.07,48.7164936325,48.7164936325,48.2923323479,48.4164760553
2005.09.08,48.5664900088,48.6130463706,48.4164812043,48.4682074256
2005.09.09,48.6026832275,48.7889007221,48.5613006850,48.6233744987
2005.09.12,48.4475136813,48.4733748153,48.2043961318,48.2871572858
2005.09.13,48.4992442390,48.6854617852,48.4371704081,48.5406228465
2005.09.14,48.5302551254,48.5612900522,48.3026551381,48.3543852781
2005.09.15,48.2871373856,48.2871373856,47.7957326303,47.9560850132
2005.09.16,47.7440043165,47.8371130388,47.5267480003,47.6405479882
2005.09.19,47.6819407811,47.8164320637,47.6405582409,47.7440145915
2005.09.20,47.7388361916,48.0026449271,47.5267536532,47.8681536576
2005.09.21,48.2509472161,48.3181948450,48.1733559232,48.3130210397
2005.09.22,48.2974889355,48.3388675256,48.1733413259,48.2664500599
2005.09.23,48.1319613660,48.1578224908,47.9043613680,47.9043613680
2005.09.26,47.6457480016,47.7854091886,47.6405741957,47.6871305557
2005.09.27,47.7284857526,47.8784944778,47.5577897071,47.7543508229
2005.09.28,47.7905713568,48.1164500114,47.7233276827,48.0750714138
2005.09.29,47.8992231677,47.9043969751,47.7750794158,47.8578406016
2005.09.30,47.8889064863,47.9458065601,47.5888886325,47.6923411596
2005.10.03,47.6673577915,47.8802723507,47.3090334324,47.3194218276
2005.10.04,47.4492515711,47.5375331257,47.3661602525,47.4752146367
2005.10.05,47.6102290324,47.7660232510,47.5531047497,47.6829319445
2005.10.06,47.6206215006,47.6413943307,47.4856040478,47.5011826799
2005.10.07,47.3038406195,47.7504465416,47.2363318962,47.6933222519
2005.10.10,47.6985298386,47.7608483435,47.5790909898,47.6621783678
2005.10.11,47.6933092110,47.7348548580,47.4907791345,47.5634820357
2005.10.12,47.4856173217,47.4856173217,47.0753627268,47.1013258002
2005.10.13,46.8676483219,46.9974756026,46.7793667219,46.9299668429
2005.10.14,47.0493919252,47.1013220298,46.6443315622,46.8572501418
2005.10.17,46.9559026237,47.0545725675,46.8001123546,46.8468482468
2005.10.18,46.9766621138,46.9870505060,46.8572233376,46.8987650204
2005.10.19,47.0805611754,47.1896156023,46.9195726730,46.9195726730
2005.10.20,46.8832177566,47.0493964848,46.8053206111,47.0442022852
2005.10.21,47.1687753792,47.5011323851,47.1272297630,47.4803595770
2005.10.24,47.4233162874,47.4700561759,46.9922886977,47.1117315578
2005.10.25,47.1636390774,47.2830818801,46.7014544249,46.7066486238
2005.10.26,46.4522316834,46.5820590542,46.3016354199,46.3639500222
2005.10.27,46.5300713375,46.6287412851,46.3742810625,46.5300713375
2005.10.28,46.5923985164,46.6754858862,46.2808139462,46.5352742163
2005.10.31,46.6183744532,46.7585901237,46.5197084219,46.6235686533
2005.11.01,46.6481221623,46.7628783267,46.4707706410,46.5698789611
2005.11.02,46.4655154140,46.6272149655,46.3351115230,46.3507593532
2005.11.03,46.3664189799,46.4081491907,46.0273679810,46.0378025235
2005.11.04,46.1212591388,46.2360152293,45.8291556209,45.9647768169
2005.11.07,46.1629564438,46.1994693575,46.0847133488,46.1212262625
2005.11.08,46.3664490259,46.5907440801,46.3664490259,46.5698789611
2005.11.09,46.3090752017,46.3873184100,46.0899974020,46.0899974020
2005.11.10,46.2777311510,46.6741600741,46.2307836832,46.6532949750
2005.11.11,46.7367530623,46.7889138220,46.6532966426,46.6793750327
2005.11.14,46.6219738799,46.6584867915,46.2255491189,46.3298705866
2005.11.15,46.2933823264,46.7628371403,46.2933823264,46.6324332464
2005.11.16,46.8410710229,47.1749046069,46.8149886574,47.1227398760
2005.11.17,47.0340862750,47.4148674835,46.9714949385,47.2375160777
2005.11.18,47.1383774685,47.1801036692,46.9766740146,47.0184041950
2005.11.21,47.1227203906,47.2896410932,47.1175071033,47.1592372790
2005.11.22,47.1383622482,47.2948444044,47.1279277167,47.2218186023
2005.11.23,47.2531571592,47.3053219049,46.8723799847,47.0392968241
2005.11.25,47.1592636734,47.2270722621,47.1227467646,47.2114244323
2005.11.28,47.2166251725,47.5400281594,47.2166251725,47.4461372264
2005.11.29,47.5087624041,47.5244102395,46.9610642870,46.9975772295
2005.11.30,47.1018956787,47.1018956787,46.8515184110,46.9454093889
2005.12.01,47.1497063815,47.1549463569,46.7201203277,46.8720476390
2005.12.02,46.7672766776,46.9139680373,46.7044129490,46.8877721524
2005.12.05,46.8091605769,46.8091605769,46.5472178719,46.6781892244
2005.12.06,46.8406269028,47.2125853062,46.7934751068,47.1549575539
2005.12.07,47.0449429474,47.1025707009,46.8982515769,46.9768352404
2005.12.08,47.1392059477,47.3382809435,47.0449064241,47.2806532348
2005.12.09,47.1392608616,47.1549768010,46.8720779004,46.9087497581
2005.12.12,47.0187502462,47.0187502462,46.6991795905,46.8196750824
2005.12.13,47.0030358459,47.0554236279,46.8249125908,46.9925558913
2005.12.14,47.2544920516,47.5793026487,47.2230601863,47.4745270996
2005.12.15,47.3802239845,47.3802239845,47.1444730214,47.3592680769
2005.12.16,47.5845436657,47.6369314414,47.4430922748,47.5164359601
2005.12.19,47.4640429020,47.7259857480,47.4430869947,47.5635824625
2005.12.20,47.4535806165,47.5688361415,47.3592810049,47.5059684014
2005.12.21,47.4273481658,47.4535440365,47.3016167795,47.4221081922
2005.12.22,47.6316640655,47.8359790709,47.6264280888,47.7993072493
2005.12.23,47.7731027759,48.2184044907,47.7259510195,48.0926731352
2005.12.27,48.1817498829,48.5065563336,48.0926903075,48.4856044309
2005.12.28,48.4135433682,48.5292777893,48.2662464734,48.3504184210
2005.12.29,48.4135179153,48.4661233481,48.2346586410,48.4556038670
2005.12.30,48.6818257051,48.7081264228,48.2399311047,48.3451460160
2006.01.03,48.1820746112,48.5292778754,48.1242114141,48.2820277958
2006.01.04,48.1557428404,48.4345552138,48.0926139203,48.3977310138
2006.01.05,48.3346157253,48.4713930840,48.2399243252,48.3398774735
2006.01.06,48.2767945314,48.3451852827,48.1294975495,48.2504937924
2006.01.09,48.2399418219,48.2820277958,48.1557738877,48.2820277958
2006.01.10,48.2031411178,48.2294458677,47.8875041868,47.8927659395
2006.01.11,48.0032249993,48.0242679905,47.7401936294,47.8138420919
2006.01.12,47.9400649281,48.1452289425,47.8716782612,48.1347094604
2006.01.13,48.1820639869,48.5555719057,48.1768062515,48.4135327786
2006.01.17,48.3977574689,48.6607887595,48.3609332487,48.6292262889
2006.01.18,48.7975726874,48.8028304242,48.4608929115,48.6134515621
2006.01.19,48.4346084293,48.6292531366,48.3767411923,48.4714326697
2006.01.20,48.5661066335,48.6502785891,48.4240714754,48.5976691101
2006.01.23,48.2925507589,48.6607929923,48.2557265355,48.5818827956
2006.01.24,48.3977514649,48.4977046272,48.2714975848,48.3451460160
2006.01.25,48.1399859413,48.1715484106,47.7612202563,47.8190874590
2006.01.26,47.6349856138,47.6612863443,47.3719542278,47.6139426213
2006.01.27,47.7665013068,47.7665013068,47.4298214538,47.6139426213
2006.01.30,47.5034510137,47.6086619208,47.4718845307,47.5665759525
2006.01.31,47.5297873007,47.7296937928,47.4508770546,47.6981272862
2006.02.01,47.5930568360,47.7567144198,47.4346756707,47.5349840106
2006.02.02,47.5349524847,47.7302885887,47.4399246541,47.6246998726
2006.02.03,47.5138523070,48.0417839993,47.4188244413,47.9625934399
2006.02.06,48.0312609092,48.1526830282,47.9837449290,48.0576550957
2006.02.07,48.1051595368,48.1051595368,47.7778402860,47.8306326741
2006.02.08,47.9784586681,47.9784586681,47.6669807217,47.7197731161
2006.02.09,47.5877789929,47.9890083466,47.5455434761,47.9362159645
2006.02.10,48.1473874300,48.2424153326,47.6405732918,47.6722519446
2006.02.13,47.6405615619,47.7039148240,47.5983300816,47.6775166245
2006.02.14,47.4610251249,47.6194020997,47.3659973289,47.5085370090
2006.02.15,47.5877448289,47.7619631896,47.4504815119,47.6246998726
2006.02.16,47.6194767241,47.6722731596,47.5138919088,47.6353180714
2006.02.17,47.9361850580,48.0787248004,47.9361850580,48.0153715661
2006.02.21,47.9890083466,48.0418007286,47.9256550714,47.9362159645
2006.02.22,48.1051489665,48.2793634063,48.0893076285,48.2635260961
2006.02.23,48.2054323155,48.2054323155,48.0048197608,48.1420831024
2006.02.24,48.2741240523,48.2741240523,48.0154343614,48.0682308063
2006.02.27,48.2265306998,48.2265306998,47.8992158224,47.9889631902
2006.02.28,48.0417744845,48.2740656720,47.9995389908,48.2265497347
2006.03.01,48.0888156337,48.1417976239,47.8821988061,47.9351807963
2006.03.02,47.7127099438,47.7339019506,47.3630519367,47.6014549396
2006.03.03,47.4054069459,47.4424919246,47.2729600159,47.3259379795
2006.03.06,47.1405100314,47.1458049980,46.8862101639,46.9127011649
2006.03.07,46.8332004811,47.0186252371,46.7855175199,46.9444553347
2006.03.08,46.9232618634,47.0874946360,46.8596859311,46.9285608683
2006.03.09,46.9179643516,46.9762412809,46.7643255418,46.9444553347
2006.03.10,46.7908236355,46.8702925549,46.6265908327,46.7696316541
2006.03.13,46.6954699027,46.7643408225,46.6265989828,46.7325548660
2006.03.14,46.8596966047,47.1457823021,46.8596966047,47.0451254389
2006.03.15,46.8544092458,46.9073871890,46.7007703810,46.7908332887
2006.03.16,46.8914829085,47.3259084056,46.8490989474,47.2146535390
2006.03.17,47.0716226539,47.1510915942,47.0186447077,47.0716226539
2006.03.20,47.2729281074,47.2782230708,47.1404812668,47.1457762303
2006.03.21,47.2305720929,47.2305720929,46.8120393441,46.9021022789
2006.03.22,47.0186537782,47.1405067157,46.9550778053,47.0027607954
2006.03.23,47.0557018097,47.0821927881,46.8014021597,46.8543841165
2006.03.24,46.9021139569,47.3047538224,46.8862209694,47.1987938357
2006.03.27,47.1775936141,47.1775936141,46.9391867376,47.0239547049
2006.03.28,46.8332253604,46.8491183419,46.5365415513,46.5842245379
2006.03.29,46.5312687244,46.6319256693,46.2875667938,46.3617367708
2006.03.30,46.1657036509,46.2451726208,45.8743187752,46.0385557242
2006.03.31,46.0809614358,46.1657254129,45.9855994353,46.0226844332
2006.04.03,45.8301476226,46.1013645303,45.7769688710,46.0375475940
2006.04.04,46.1066587817,46.2130202942,45.9258502962,45.9896672037
2006.04.05,46.1066710156,46.1492156319,46.0003135321,46.0534922738
2006.04.06,45.8886671119,45.8886671119,45.6068159438,45.7025393648
2006.04.07,45.4312688701,45.5376262983,45.1494180336,45.2557754619
2006.04.10,45.2823738809,45.3621439932,45.1813314683,45.3408716928
2006.04.11,45.5110609626,45.5748738275,45.3781120844,45.5004227803
2006.04.12,45.5216941475,45.5908301594,45.2026176579,45.2238899648
2006.04.13,44.9367521830,45.0112032821,44.8144373445,44.9048457283
2006.04.17,44.9579464153,45.1866184104,44.8569040745,45.0696228700
2006.04.18,45.1760301763,45.3462045894,45.0643535981,45.1494428333
2006.04.19,44.9101316807,44.9845827316,44.7027317449,44.8729061552
2006.04.20,44.8941726908,44.9420363929,44.7346364838,44.8356748644
2006.04.21,44.9526451313,45.1281385114,44.8037431327,45.0962320995
2006.04.24,45.1707161715,45.4100225507,45.1228524613,45.2770736606
2006.04.25,45.2238885485,45.2557949793,44.7027271878,44.7399527095
2006.04.26,44.5910699526,44.7133847525,44.5272570634,44.6655210283
2006.04.27,44.5378803858,44.8303695814,44.4847016386,44.7240080297
2006.04.28,44.6548626849,44.7824924514,44.5431861320,44.7559051144
2006.05.01,44.6704889031,44.6758289333,44.3768524151,44.4195604368
2006.05.02,44.4515778670,44.6010660633,44.4515778670,44.5369979478
2006.05.03,44.5370206222,44.5423606529,44.2807561762,44.4409204367
2006.05.04,44.5156486561,44.5263287136,44.3661604372,44.3661604372
2006.05.05,44.8466433055,44.8893553720,44.5743589735,44.6330870466
2006.05.08,44.7078524707,44.7238684849,44.5957362977,44.6598044279
2006.05.09,44.6063950600,44.6757991130,44.4889389139,44.6330870466
2006.05.10,44.7398773180,44.8573294174,44.4996249450,44.7131812522
2006.05.11,44.5583769972,44.5583769972,44.3608365940,44.4943088486
2006.05.12,44.2113558984,44.3181361643,44.0778836209,44.1259357589
2006.05.15,44.1259077532,44.4355642181,44.1259077532,44.3020920253
2006.05.16,44.3554667612,44.6544430798,44.3554667612,44.6330870466
2006.05.17,44.2647203230,44.3554804372,44.1632801522,44.3554804372
2006.05.18,44.6063989165,44.9694433661,44.5957188623,44.9587633120
2006.05.19,44.9107505886,45.3058273648,44.8893945367,45.0762548989
2006.05.22,45.2951090627,45.4606173065,45.1029129047,45.1723169597
2006.05.23,44.8733578332,45.1456382040,44.8626777756,45.1456382040
2006.05.24,45.2791298679,45.3805700928,45.1296415829,45.1670136542
2006.05.25,45.2310595772,45.2363996057,44.9480991662,44.9908071743
2006.05.26,44.9747793200,45.1135915113,44.9587633120,44.9587633120
2006.05.30,44.9481220002,45.0068501236,44.8520218049,44.9374419378
2006.05.31,45.0282007029,45.0762528357,44.6224479560,44.6704960156
2006.06.01,44.7037297214,44.9395739516,44.6769272889,44.8698933524
2006.06.02,45.4112438690,45.5023655427,45.2933197786,45.4487647987
2006.06.05,45.4594987336,45.4648600367,45.2986964471,45.3898181517
2006.06.06,45.3790728670,45.6577991195,45.3415478572,45.6041983890
2006.06.07,45.4166092852,45.6149324649,45.3737270504,45.6149324649
2006.06.08,45.6899899306,45.9794389805,45.6203093423,45.7060697518
2006.06.09,45.7489289725,46.0008569496,45.7489289725,45.9472562094
2006.06.12,45.9258421551,45.9848042309,45.8454389528,45.9848042309
2006.06.13,46.0169755580,46.0652191274,45.8561732020,46.0169755580
2006.06.14,45.8293628172,45.8615224649,45.5131153759,45.5559935430
2006.06.15,45.3951832528,45.4755823581,45.2450994705,45.2933389336
2006.06.16,45.4005482222,45.4327119592,45.1218217343,45.1915023339
2006.06.19,45.1378743301,45.1807565606,45.0145930291,45.1271558172
2006.06.20,45.0949919912,45.1271557088,44.9609880881,45.0521138502
2006.06.21,45.1593386749,45.1593386749,45.0628556512,45.0628556512
2006.06.22,44.9395739947,44.9717377316,44.7894901873,44.8055700110
2006.06.23,44.8216421993,44.8806042638,44.6769156447,44.7144365867
2006.06.26,44.7144673543,44.7412697982,44.5536649590,44.6287068947
2006.06.27,44.6930186745,44.8859847878,44.6930186745,44.8484638263
2006.06.28,44.8269991695,44.8269991695,44.5911550021,44.6125961245
2006.06.29,44.8001894029,44.9288320150,44.6822653045,44.7626684706
2006.06.30,44.7573153739,45.2397303694,44.7573153739,45.1968481277
2006.07.03,45.1467992195,45.1790840548,45.0553227825,45.1521813939
2006.07.05,44.8777515542,44.8885117983,44.6356029539,44.7916531793
2006.07.06,44.8400788481,45.0876054863,44.8400788481,45.0660808953
2006.07.07,45.3082382252,45.4481460536,45.2436685393,45.3566695950
2006.07.10,45.2975040822,45.4158873817,45.2275521803,45.3997449510
2006.07.11,45.5180861842,45.6633761508,45.5127081153,45.5449929500
2006.07.12,45.3782254453,45.6418947569,45.3459364747,45.5558004146
2006.07.13,45.5772969302,45.7656361591,45.5665366826,45.7333472055
2006.07.14,45.6418590447,45.8248160502,45.6418590447,45.7602422650
2006.07.17,45.7225552318,45.8409384003,45.6579814749,45.8301740547
2006.07.18,45.5773087690,45.6042155530,45.4158803807,45.4374049869
2006.07.19,45.3781861118,45.9001462086,45.3297547506,45.8678572660
2006.07.20,45.7225866322,46.0777322760,45.7225866322,46.0023982272
2006.07.21,46.0615642563,46.0992312598,45.8463224769,45.9162784158
2006.07.24,45.9593470500,46.0131564912,45.8517240620,45.8893910814
2006.07.25,45.8625156605,45.9432278176,45.6849407039,45.7548926086
2006.07.26,45.6902827143,45.9378093579,45.6687581228,45.9216628353
2006.07.27,45.9969978262,45.9969978262,45.8032806217,45.8517078701
2006.07.28,46.0884679550,46.2176113719,46.0615611948,46.1153706098
2006.07.31,46.0723817555,46.1746185370,46.0347147086,46.1746185370
2006.08.01,46.0946453572,46.1918916097,45.9433743249,46.1702808734
2006.08.02,46.1216473207,46.3431500946,46.0298006858,46.3431500946
2006.08.03,46.2621147793,46.4836216937,46.2026862960,46.3539614219
2006.08.04,46.6781228999,46.7213443725,46.6186944054,46.6349014272
2006.08.07,46.6402784644,46.6726924894,46.5592392800,46.6618891883
2006.08.08,46.6673064386,46.7699563858,46.5106317219,46.5592568997
2006.08.09,46.3269595077,46.4728268377,46.3053487696,46.4079987452
2006.08.10,46.3809407600,46.3809407600,46.1648377035,46.3377193243
2006.08.11,46.1756800964,46.2080941368,46.1162516078,46.1378623420
2006.08.14,46.1108117764,46.1216191960,46.0243730291,46.0567870441
2006.08.15,46.3431324831,46.5106104282,46.3431324831,46.4457823833
2006.08.16,46.7699249051,46.8077426304,46.7104964622,46.7591216072
2006.08.17,46.8779975460,46.8779975460,46.6889088258,46.7429335856
2006.08.18,46.8509856753,46.9536356007,46.8131679325,46.8779959934
2006.08.21,46.9427923224,47.0454421695,46.9319890278,47.0454421695
2006.08.22,47.0022750862,47.1265357879,46.9860680646,47.0617035798
2006.08.23,47.0347010354,47.1319473113,46.9266514497,47.0833262343
2006.08.24,47.2237762203,47.2399832399,47.1319295730,47.1697473259
2006.08.25,47.1319151744,47.3210038814,47.1103044476,47.2399688083
2006.08.28,47.2237588740,47.2831832167,47.1319122604,47.2831832167
2006.08.29,47.1372900740,47.3479893790,46.9914229097,47.3479893790
2006.08.30,47.4506760800,47.4722868103,47.3588335674,47.4722868103
2006.08.31,47.4020567070,47.6505739536,47.4020567070,47.5857458765
2006.09.01,47.5260777640,47.6779522600,47.4447152444,47.6020150120
2006.09.05,47.4663758779,47.5368878005,47.2765329031,47.3036509634
2006.09.06,47.1301092859,47.2385898716,47.0379003742,47.2385898716
2006.09.07,47.1518004209,47.3633404338,47.0487409804,47.3307970898
2006.09.08,47.4555807193,47.5152463150,47.3687970316,47.3687970316
2006.09.11,47.4555593116,47.4555593116,47.1626567387,47.3253817697
2006.09.12,47.2711433859,47.5748923753,47.1897808671,47.5640459706
2006.09.13,47.7484667859,47.7484667859,47.5477772504,47.5857458765
2006.09.14,47.5423294381,47.6616605314,47.4175730756,47.4772386222
2006.09.15,47.6020216807,47.7050770241,47.4338713466,47.4392966189
2006.09.18,47.1734923104,47.3958787014,47.1734923104,47.3633353608
2006.09.19,47.6562358871,47.8948980769,47.6453853485,47.8948980769
2006.09.20,47.9383372290,47.9925817014,47.8081595997,47.9654594652
2006.09.21,47.9220268564,48.4264694187,47.9220268564,48.4047724749
2006.09.22,48.4481990889,48.6543139864,48.4481990889,48.6434675763
2006.09.25,48.7301856767,48.9851194221,48.7139140144,48.9851194221
2006.09.26,48.8170007307,48.8712410150,48.7193665637,48.7790321179
2006.09.27,48.9526209099,48.9688925872,48.6163244067,48.6380213558
2006.09.28,48.5077911732,48.5945747371,48.4210034711,48.5566061520
2006.09.29,48.6488773909,48.6705743424,48.3234272563,48.4970028685
2006.10.02,48.5209592169,48.7115569945,48.4501669437,48.6298752003
2006.10.03,48.6843183011,48.7061014920,48.5481764737,48.5645128282
2006.10.04,48.6461795426,48.9293526037,48.6461795426,48.9184630899
2006.10.05,48.7605564489,48.7605564489,48.4392595821,48.5754014068
2006.10.06,48.5154903235,48.5209371588,48.0417195139,48.0689453813
2006.10.09,47.9763685456,48.2486521403,47.9273594928,48.1996430875
2006.10.10,47.8947085635,47.9818413552,47.7204471348,47.8184694481
2006.10.11,47.8946835440,47.9382499171,47.6060635930,47.6768599880
2006.10.12,47.7204235800,47.7966626578,47.6387418215,47.7040872283
2006.10.13,47.5352650666,47.5733845993,47.4372428174,47.4644728357
2006.10.16,47.5951740771,47.6823026686,47.5788377258,47.6768599880
2006.10.17,47.8565757725,47.9491553767,47.6550885181,47.7149912571
2006.10.18,47.7531127609,47.8565777333,47.6768736635,47.8130155024
2006.10.19,47.6986343662,47.7912139387,47.5733862492,47.7258643855
2006.10.20,47.7095326904,47.7585417441,47.6768599880,47.6768599880
2006.10.23,47.4590395718,47.4917122793,47.3120040787,47.4862654431
2006.10.24,47.4699290894,47.5134954692,47.4590395718,47.4862654431
2006.10.25,47.5244096885,47.9056094778,47.5026306420,47.8620430753
2006.10.26,48.0036013383,48.2050885509,48.0036013383,48.1724158472
2006.10.27,48.4773694703,48.4937099759,48.3031081355,48.3956877155
2006.10.30,48.4065947652,48.5318470925,48.3793647339,48.5318470925
2006.10.31,48.6026297516,48.9402629610,48.5427270184,48.9075860990
2006.11.01,48.9868609993,49.2656625124,48.8993922224,49.1781937355
2006.11.02,48.9977859770,49.0743190612,48.9157892230,48.9759187857
2006.11.03,48.4729739816,48.5659063938,48.2707098104,48.3964409162
2006.11.06,48.2980523405,48.5385872733,48.2980523405,48.5385872733
2006.11.07,48.8064510122,48.9321863138,48.7189864217,48.7627166316
2006.11.08,48.7845861579,48.9376523266,48.7025852330,48.9376523266
2006.11.09,48.9103207970,48.9759181994,48.8611185744,48.9103207970
2006.11.10,49.0087464420,49.2219464518,49.0087464420,49.1235461264
2006.11.13,49.1125764339,49.1125764339,48.9103122508,49.1125764339
2006.11.14,49.3859093293,49.4132443557,49.2656460573,49.3039125918
2006.11.15,49.2274049966,49.2274049966,49.0579352528,49.1180690053
2006.11.16,49.2000371135,49.2273721357,48.8064361493,48.8939048839
2006.11.17,48.9595013409,49.3203036083,48.9321704899,49.1727011641
2006.11.20,49.2000553416,49.2656569169,49.1235222559,49.2492533950
2006.11.21,49.2765897288,49.4132565528,49.1781894487,49.3695221682
2006.11.22,49.3968470104,49.4788479220,49.3476447951,49.4515128946
2006.11.24,49.6100691818,49.6920701303,49.5390039175,49.5390039175
2006.11.27,49.3258004036,49.7193974208,49.2656666571,49.7193974208
2006.11.28,49.8779277693,49.8833956106,49.6155297773,49.8232618685
2006.11.29,49.9107154000,49.9435140963,49.6975155326,49.7084470411
2006.11.30,49.8943485957,50.0911492597,49.8232833112,50.0364833354
2006.12.01,50.0869541089,50.3722896751,50.0156223106,50.1637742568
2006.12.04,50.0978993229,50.2734887200,50.0540009270,50.2515395221
2006.12.05,50.1308440841,50.2186367299,49.9333053982,50.0156138817
2006.12.06,49.9497658795,50.0320743624,49.8729457451,49.9168441608
2006.12.07,49.9278173654,49.9826882926,49.7961263027,49.8784347868
2006.12.08,49.8509829838,49.9168305895,49.4888316183,49.5162649809
2006.12.11,49.7302898619,49.7906491514,49.6644464090,49.7302898619
2006.12.12,49.7851695599,49.9168606643,49.6315250540,49.8345521542
2006.12.13,49.5546992943,49.5766485070,49.2858287656,49.3900864791
2006.12.14,49.2858255848,49.3297240073,49.1651070162,49.2090054387
2006.12.15,49.7028465681,49.7467449856,49.1651014201,49.2364373951
2006.12.18,49.2309543105,49.2967977574,49.1596183279,49.2529035216
2006.12.19,49.1157111009,49.2803238609,49.1157111009,49.1870428783
2006.12.20,49.1925347286,49.2089955872,49.1376638047,49.1815580320
2006.12.21,49.2254341585,49.4888203349,49.1650749136,49.4284610900
2006.12.22,49.2913086196,49.3022811308,48.9511021618,49.0498715085
2006.12.26,49.0827550918,49.2144502426,49.0333725500,49.1979893954
2006.12.27,49.1555961246,49.1831267009,48.8362599222,48.8362599222
2006.12.28,48.9464127678,48.9794461223,48.4839248015,48.7261806029
2006.12.29,48.6435733334,48.7536914716,48.5664927370,48.6876205887
2007.01.03,49.1226317217,49.2547694320,48.8143089974,49.0345371144
2007.01.04,49.1225898433,49.3593386478,49.1225898433,49.3318080563
2007.01.05,48.8913683816,49.2217146138,48.8638377787,49.1171033634
2007.01.08,49.0675484844,49.2051930843,49.0290081644,49.2051930843
2007.01.09,49.2657570443,49.2657570443,49.1226054842,49.2051930843
2007.01.10,49.0399948554,49.0730281997,48.9353836645,48.9849378814
2007.01.11,48.8858315136,48.8913384709,48.5940257836,48.6986327695
2007.01.12,48.5334682450,48.9133643393,48.3958236976,48.4729043081
2007.01.16,48.5775065063,48.5830092627,48.4673883684,48.5775065063
2007.01.17,48.5664807605,48.5995140936,48.3517556948,48.4288362722
2007.01.18,48.4178383568,48.6050328903,48.3297438466,48.5775065063
2007.01.19,48.5334664482,48.5334664482,48.3793052330,48.4453719249
2007.01.22,48.5334637798,48.6325680128,48.5169471078,48.5609901664
2007.01.23,48.4618802440,48.4784011147,48.2141217908,48.2416523747
2007.01.24,48.2636826659,48.2857020954,48.1755881456,48.2361520782
2007.01.25,48.1480850161,48.1590989378,47.8342554596,47.8893166665
2007.01.26,47.7791633658,47.9443384640,47.7075897302,47.8507412020
2007.01.29,47.9333258076,47.9553494347,47.6800603975,47.7461312786
2007.01.30,47.8397170200,47.8507309312,47.7681433998,47.8011767321
2007.01.31,47.7350940033,48.2361218221,47.7350940033,48.2030884980
2007.02.01,48.4546391258,48.5154496196,48.0953055397,48.1450572795
2007.02.02,48.1395338912,48.3109066250,48.1395338912,48.2058695468
2007.02.05,48.3164550610,48.3496229018,48.1837794797,48.2722284613
2007.02.06,48.2058800595,48.5541591980,48.1837709812,48.5375752805
2007.02.07,48.5928640357,48.7144850734,48.5596919777,48.6813130155
2007.02.08,48.6426253531,48.8195275652,48.5984029633,48.7200198073
2007.02.09,48.5873488356,48.6039327606,48.3993920626,48.4436144565
2007.02.12,48.3662085706,48.4546617731,48.2777595859,48.3330407285
2007.02.13,48.3662302631,48.3662302631,48.2059119251,48.2280252356
2007.02.14,48.3827839299,48.7531763775,48.3827839299,48.6868364874
2007.02.15,48.9411248821,48.9687675527,48.8305626348,48.8305626348
2007.02.16,48.9743291142,49.0461984243,48.9135227853,49.0019718054
2007.02.20,48.9245463604,49.1180324234,48.9245463604,49.1125030451
2007.02.21,48.9411205506,49.0350988743,48.9134821001,49.0295737148
2007.02.22,48.8748127266,48.8969218126,48.6979062975,48.7642462084
2007.02.23,48.9411302776,49.1677883926,48.9190169822,49.1125030451
2007.02.26,49.2838617509,49.4441799201,49.2617484636,49.4386505438
2007.02.27,49.6100125724,50.4503004358,49.5326181926,50.0633243190
2007.02.28,49.8422368461,50.0136096402,49.6929731333,49.8367074670
2007.03.01,50.0991781119,50.1824186221,49.7495730495,49.8050653117
2007.03.02,49.9216173105,50.2101839463,49.7606867317,50.0547996319
2007.03.05,50.2102088172,50.2213055854,49.9771343471,50.1380650056
2007.03.06,49.9770770734,50.1435580422,49.9382320786,49.9881780627
2007.03.07,49.9882592454,50.2213295931,49.9327669103,50.1824845352
2007.03.08,50.1047704673,50.1769100450,50.0048826183,50.1380650056
2007.03.09,49.5997930244,49.8883598746,49.4943588820,49.6108940291
2007.03.12,49.7939685528,49.9327013252,49.7662203048,49.8050653117
2007.03.13,50.0714442535,50.1324827906,49.9327114529,50.1047387708
2007.03.14,50.0270015187,50.2434241446,49.8549701294,49.8771678646
2007.03.15,49.8106209406,49.9216054765,49.7606749358,49.8716637055
2007.03.16,49.7607018937,49.8994347556,49.7496051276,49.8605897236
2007.03.19,49.7107422445,49.7773312847,49.6774434906,49.7551377605
2007.03.20,49.8938675055,49.9160610283,49.7717819609,49.7828787223
2007.03.21,49.5997392843,49.9937398500,49.2168397113,49.8050653117
2007.03.22,49.6552079442,49.6552079442,49.2945020913,49.4110370467
2007.03.23,49.4943249213,49.4998711860,49.2668010518,49.2723515504
2007.03.26,49.1779962263,49.5386980588,49.1114029693,49.3333762588
2007.03.27,49.1890758710,49.2834131102,49.1446803818,49.2501186102
2007.03.28,49.3389190810,49.4499035916,49.0614535707,49.1502403324
2007.03.29,49.1336111258,49.2057506609,49.0115255790,49.0836651141
2007.03.30,49.1946557058,49.3444852790,48.9560351011,48.9893296210
2007.04.02,49.0762116052,49.1374806234,49.0205136567,49.0706405355
2007.04.03,49.0260930368,49.1096421057,49.0038172513,49.0093840730
2007.04.04,49.1096432331,49.2043301969,48.9592583052,49.0595163403
2007.04.05,49.0706727122,49.0818148589,48.8534475960,48.8757276399
2007.04.09,48.6139469846,48.6306559568,48.5303978746,48.5526779205
2007.04.10,48.6751978241,48.7643179746,48.6306377488,48.6974778617
2007.04.11,48.7197414255,48.7810104459,48.6139123448,48.6640434749
2007.04.12,48.7364289385,48.7754179117,48.6138909516,48.6751599450
2007.04.13,48.6863288177,48.7197467418,48.4635327417,48.5248017688
2007.04.16,48.6807612021,48.8367171915,48.6807612021,48.7921571233
2007.04.17,48.9536632515,49.1040523552,48.9258121584,49.0650591250
2007.04.18,49.2210617509,49.3268866472,49.2154906776,49.3101776767
2007.04.19,49.3825557746,49.4104026235,49.1263375672,49.2265955724
2007.04.20,49.2655641094,49.2655641094,49.0483392298,49.0984703364
2007.04.23,49.0929284806,49.3435714140,49.0372305231,49.2767355648
2007.04.24,49.2655828070,49.4716698796,49.2655828070,49.4605319903
2007.04.25,49.3324159474,49.4549539599,49.0762020347,49.2878558975
2007.04.26,49.2544568029,49.2544568029,48.9314026919,48.9314026919
2007.04.27,49.0205094572,49.0427894846,48.8924003621,48.9202514587
2007.04.30,49.1987604794,49.4326944643,49.1542004110,49.4326944643
2007.05.01,49.5187805229,49.5523208918,49.2560362600,49.4684657046
2007.05.02,49.4405084389,49.4628701027,49.3566532659,49.4405084389
2007.05.03,49.4014099751,49.4014099751,49.2001591299,49.3287334524
2007.05.04,49.4852460271,49.5523310436,49.4740673235,49.5299693714
2007.05.07,49.5858835120,49.6697387368,49.5691133200,49.6641472512
2007.05.08,49.7591759186,49.7591759186,49.5523336389,49.5523336389
2007.05.09,49.5578834052,49.5634748850,49.3398626048,49.3566327795
2007.05.10,49.4181952466,49.5244079225,49.3678803874,49.4740973284
2007.05.11,49.5523336857,49.5858740633,49.2672276816,49.3007723242
2007.05.14,49.3231237777,49.3510726648,49.1721835800,49.1721835800
2007.05.15,49.3007416518,49.3119203490,49.0044571278,49.1553929978
2007.05.16,49.1162744268,49.1945381235,49.0995042440,49.1218659095
2007.05.17,48.9709250880,49.0380100836,48.8647125096,48.9206145401
2007.05.18,48.8311817540,48.9150369560,48.5684374445,48.5963906002
2007.05.21,48.5963979964,48.7696956460,48.5404959415,48.7417467511
2007.05.22,48.7361596178,48.7473383238,48.4566450534,48.4901854363
2007.05.23,48.5460777237,48.5460777237,48.2497930275,48.3504184210
2007.05.24,48.3335955515,48.4062677090,48.0540813480,48.3950890175
2007.05.25,48.3000880746,48.4174836082,48.2609562301,48.2833178934
2007.05.29,48.3616032794,48.3951436569,47.9814633629,48.2777480707
2007.05.30,48.5180825941,48.5180825941,48.2944703477,48.3783254733
2007.05.31,48.3895556090,48.4007385790,48.0988623652,48.2889302044
2007.06.01,48.2092271346,48.7367757096,48.0071857972,48.0352444774
2007.06.04,48.1699207255,48.2765505150,48.0801227113,48.2541052933
2007.06.05,48.2036093205,48.2316722800,47.9173834048,47.9510598125
2007.06.06,47.9061533357,48.0071739795,47.8500317073,47.9286028434
2007.06.07,47.4964508675,47.5413498768,46.9913519986,47.0699231241
2007.06.08,46.9240105794,47.2102364550,46.7837043653,47.0306446723
2007.06.11,46.8566674978,47.0811583227,46.7275881636,46.8959530710
2007.06.12,46.5311833649,46.8174051339,46.1327097051,46.2168943414
2007.06.13,46.4133223397,47.0082239635,46.3852636488,46.7668969562
2007.06.14,46.6602340004,46.9801319958,46.6097258188,46.6490113873
2007.06.15,46.8173953940,46.9913780813,46.6939251906,46.9689285642
2007.06.18,46.9352582496,46.9464851505,46.1551556254,46.8735231399
2007.06.19,47.0418588674,47.3954289221,46.9857372482,47.3112486342
2007.06.20,47.1541095869,47.1877859893,46.9127827323,46.9296230744
2007.06.21,46.8847146526,46.9745083833,46.6995094633,46.7051229096
2007.06.22,46.6097301217,47.0138084570,46.5536042057,47.0081992909
2007.06.25,47.2270568655,47.3393000868,47.1204228079,47.2663424211
2007.06.26,47.3056454500,47.3224815112,47.1260536604,47.2775824934
2007.06.27,47.4852444595,47.5582021633,47.2551401695,47.3224887065
2007.06.28,47.3224712453,47.4683908808,47.2439001220,47.3112486342
2007.06.29,47.6199509973,47.8725048726,47.5020942348,47.7995428660
2007.07.02,47.7803663991,48.0958628481,47.7803663991,48.0507913127
2007.07.03,48.0282209522,48.0789231692,47.7239947553,47.7577962333
2007.07.05,47.4986582336,47.5606304972,47.1662654543,47.2226027035
2007.07.06,47.0648942470,47.0705292659,46.9184138435,47.0310927301
2007.07.09,47.2507634177,47.2845649004,47.1437196581,47.2000568954
2007.07.10,47.5944602701,48.0000912480,47.5662894821,48.0000912480
2007.07.11,47.8592400338,47.9381130725,47.5043113598,47.5043113598
2007.07.12,47.6339009392,47.6508016941,47.2508014004,47.3409401928
2007.07.13,47.5775495544,47.6338911236,47.2902281832,47.4705100291
2007.07.16,47.6169839514,47.9493811421,47.6169839514,47.9268453751
2007.07.17,47.8085251858,47.9381004445,47.6057076260,47.8254259327
2007.07.18,47.8479883359,48.1916513759,47.7803810123,48.0057344595
2007.07.19,47.8310900616,48.0339077448,47.7747527714,47.9944712119
2007.07.20,48.1014831862,48.4958525877,48.0676816911,48.4282452993
2007.07.23,48.2761298040,48.4338758307,48.2761298040,48.3493678026
2007.07.24,48.4564614308,48.5409695459,48.2930802213,48.5296995048
2007.07.25,48.4902152502,48.6704970457,48.4507787417,48.6254255222
2007.07.26,48.8676797541,49.2733148698,48.8169775137,49.0310608034
2007.07.27,49.0423071049,49.3296282577,48.9296283505,49.1718822997
2007.07.30,49.1212038506,49.2169776145,48.9634578163,49.0310608034
2007.07.31,49.0874042248,49.4367021291,48.9859954331,49.3859998823
2007.08.01,49.3526355271,49.5109976330,49.2564834070,49.2791071814
2007.08.02,49.3243664560,49.4601048198,49.1999378246,49.4035475278
2007.08.03,49.3639281286,49.7315567842,49.3639281286,49.7315567842
2007.08.06,49.6015165883,49.6128306395,49.3017589582,49.3696303201
2007.08.07,49.4488145172,49.6071767230,49.1603666052,49.3300428628
2007.08.08,49.1433515121,49.1433515121,48.5608035500,48.7304796409
2007.08.09,49.0641688097,49.1263830865,48.4816208675,48.7983449569
2007.08.10,48.9170962975,49.0358677820,48.6286531131,48.6852103464
2007.08.13,48.5947670657,48.8662481157,48.5834573330,48.8266575787
2007.08.14,48.6513073673,49.0811504151,48.6456546605,48.9567218238
2007.08.15,49.0076604775,49.0642177906,48.7814269100,48.7814269100
2007.08.16,49.1320800076,49.5449522000,49.0698656802,49.2847851561
2007.08.17,48.8662636095,49.1547115076,48.6683108619,49.0868401448
2007.08.20,49.1829584250,49.3582872796,49.1094343958,49.1150871030
2007.08.21,49.2621360696,49.4374692271,49.2338595903,49.3526311592
2007.08.22,49.2338387006,49.3808866864,49.0980961237,49.2734292068
2007.08.23,49.2565035935,49.5901990093,49.2225700755,49.4431465727
2007.08.24,49.6410708488,49.8164039932,49.5222992887,49.6863183903
2007.08.27,49.9295535080,50.0426724409,49.8560294378,49.9465202691
2007.08.28,50.0143600570,50.1896888985,49.9295219896,50.0313268075
2007.08.29,50.0482973938,50.2066594971,49.8616588094,49.8955923129
2007.08.30,50.1161572894,50.3141098733,50.0369762559,50.2292718188
2007.08.31,50.1048401979,50.4498451010,50.0765637248,50.2688592760
2007.09.04,50.4460754922,50.6164412629,50.0882991416,50.2927415326
2007.09.05,50.4062895778,50.7413450706,50.3835732903,50.6959124955
2007.09.06,50.7186137954,50.8208348928,50.5141716005,50.5652843156
2007.09.07,50.9685084682,51.3944291518,50.9344361999,51.2808520359
2007.09.10,51.3944364869,51.8317132114,51.3944364869,51.6783836498
2007.09.11,51.6102683974,51.8317469822,51.5080471788,51.6386648653
2007.09.12,51.6216098891,51.6443261886,51.3490186282,51.4455596514
2007.09.13,51.2808507043,51.2978868380,50.8719661655,50.9855432784
2007.09.14,51.4398527113,51.4455285333,50.8946748519,51.0593646739
2007.09.17,51.0082377919,51.3319371915,50.9741655391,51.3035407590
2007.09.18,50.9969317850,51.2468024382,50.5426144167,50.9174268955
2007.09.19,50.3779596964,50.5483299118,50.1848774962,50.4461086491
2007.09.20,50.0768957245,50.1393644144,49.4635691324,49.4919655670
2007.09.21,49.7361940972,50.0485334270,49.7361940972,49.9122399800
2007.09.24,49.9917746524,50.1337483413,49.9236300546,50.0542434221
2007.09.25,50.2586526016,50.3268014869,49.8781644070,49.8781644070
2007.09.26,49.7589522407,50.0485755175,49.6510508243,49.9236422802
2007.09.27,50.1109967323,50.4176602043,50.0598883200,50.2700064586
2007.09.28,50.6335144983,50.7300555974,50.0996918727,50.3836393403
2007.10.01,50.5631597300,50.7284924869,50.4149296118,50.6714778917
2007.10.02,50.5973778229,50.9508483944,50.5574702059,50.8311255434
2007.10.03,50.9280669636,50.9850772499,50.5860008957,50.6829188175
2007.10.04,50.7456231293,50.9223562930,50.6886128523,50.8767463316
2007.10.05,50.3465578928,50.4206751903,50.0044917763,50.3294552394
2007.10.08,50.0387120491,50.4548955875,50.0387120491,50.2895626393
2007.10.09,50.2610287338,50.3750492867,50.0443835938,50.2268190882
2007.10.10,50.1583915161,50.4149398481,50.0500689828,50.2553093882
2007.10.11,49.8961652899,50.2211287278,49.8562576519,50.2040260757
2007.10.12,49.8961601435,50.2724358482,49.8733595095,49.9588727609
2007.10.15,49.8733455823,50.0101710961,49.8277356279,49.9702634733
2007.10.16,49.9703067514,50.1584447142,49.9075940971,49.9874094117
2007.10.17,50.0386482161,50.7113794731,50.0386482161,50.5346464279
2007.10.18,50.8026333654,50.9337565676,50.7513210714,50.8140336810
2007.10.19,51.0991198309,51.6521289811,51.0877195085,51.5723136759
2007.10.22,51.6406655951,51.6805731990,51.3499077100,51.5779530248
2007.10.23,51.4582853329,51.6065112491,51.3670653694,51.5095933001
2007.10.24,51.7147870580,52.1024628527,51.6292695070,51.8915201402
2007.10.25,51.9143496735,51.9827646166,51.7091091939,51.7148115266
2007.10.26,51.5209551661,51.8801236873,51.5038481750,51.5950680627
2007.10.29,51.5950586957,51.8744119392,51.5836583866,51.7945967268
2007.10.30,51.7262026704,51.8858331462,51.5494652011,51.7661102894
2007.10.31,51.5950797130,51.7091002488,51.1674961795,51.2986237103
2007.11.01,51.5127982428,52.1140498647,51.5127982428,51.9651677202
2007.11.02,51.7933836359,52.4175405795,51.6559563076,52.1312310970
2007.11.05,52.1999239857,52.3316238433,51.9937808995,52.1083028946
2007.11.06,51.8792644628,52.1942065628,51.8105530001,51.8563591857
2007.11.07,51.8449154425,51.9708922988,51.7189385862,51.9479870187
2007.11.08,51.9078971515,52.0739571343,51.7819203115,51.8563591857
2007.11.09,52.1312305888,52.4461683952,52.0682421538,52.2972906113
2007.11.12,52.6751967037,52.6751967037,52.3087210594,52.4862358396
2007.11.13,52.3488041106,52.3888872476,52.2056494257,52.2915431104
2007.11.14,52.0796587924,52.4003281722,52.0624809338,52.3487902276
2007.11.15,52.4576332057,53.0016195732,52.3889173448,52.8412869331
2007.11.16,52.8355209460,53.0817471405,52.8011652250,52.9156915763
2007.11.19,52.9901470196,53.4940500170,52.9157081445,53.2592785686
2007.11.20,53.3050406229,53.4195669153,53.1389851443,53.2019735129
2007.11.21,53.4825900998,53.5856616456,53.3909690063,53.5112184150
2007.11.23,53.5054474462,53.7115903533,53.4310042822,53.6715072529
2007.11.26,53.9521395913,55.1775433729,53.8948785898,54.7309014447
2007.11.27,54.3758700936,54.5419300374,53.8204292672,54.2098101498
2007.11.28,54.1468052438,54.2212484466,53.7345192151,53.8433181306
2007.11.29,54.2957234404,54.6392939036,54.2041066889,54.3071738960
2007.11.30,53.7574489735,54.0494857717,53.6772826946,54.0437583607
2007.12.03,54.4783695792,54.6738365034,54.2024113723,54.4726192620
2007.12.04,54.5588554278,54.6508385709,54.1276737533,54.4668678986
2007.12.05,54.1679096280,54.3116368328,53.7884677021,53.8172148975
2007.12.06,53.6505088870,53.6620051374,53.2020805589,53.3458078121
2007.12.07,52.9951243233,53.0928578237,52.5351952601,52.7479132194
2007.12.10,52.6846810205,52.7134282362,52.1730121612,52.4317195579
2007.12.11,52.7363874691,53.5987506906,52.6501502697,53.4607694171
2007.12.12,52.5754527417,53.2653465205,52.4719688942,52.9089011822
2007.12.13,52.6674100787,52.7881404337,52.2592252442,52.3339618298
2007.12.14,52.1960158798,52.2707525098,52.0292916565,52.0925320304
2007.12.17,52.3569781444,52.6271861572,52.2764912112,52.5581954775
2007.12.18,52.6559140252,53.0641032814,52.6329215247,52.8973791425
2007.12.19,53.1216263129,53.7885188968,52.8226709862,53.5988021395
2007.12.20,53.6160019772,53.9666967357,53.4780206915,53.4837710083
2007.12.21,53.4090383349,53.4205345831,52.6961525184,52.7018984494
2007.12.24,52.4431978614,52.5869251064,52.3627109551,52.4546941111
2007.12.26,52.3282376443,52.6789326353,51.9028060304,51.9947936151
2007.12.27,52.4576833094,52.6193083969,52.2441150075,52.5615829494
2007.12.28,52.9021690707,53.4389833922,52.8155852633,53.3812623218
2007.12.31,53.5544884882,53.8430985831,53.4505886780,53.7045669706
2008.01.02,53.8257468864,54.6800341366,53.7968841345,54.4780036815
2008.01.03,54.2586221054,54.4779638860,54.0681386517,54.4029269514
2008.01.04,54.5472461853,54.7146403793,54.3740785629,54.4144837542
2008.01.07,54.3625373702,54.7088682193,54.2759535569,54.6511471450
2008.01.08,54.5126327265,54.6684801160,54.2182494311,54.5876697061
2008.01.09,54.7146195924,55.0090026772,54.6164933654,54.6915302912
2008.01.10,54.7607906888,54.8069648809,53.8603256830,53.9526828749
2008.01.11,53.9816101615,54.4202985758,53.9123465829,54.3741199209
2008.01.14,54.3741056173,54.5761360786,54.2586634142,54.5761360786
2008.01.15,54.9282581989,55.1995479041,54.8763061081,55.1880054416
2008.01.16,55.2283545453,55.3495700957,54.6799978553,54.7896665510
2008.01.17,54.8127526535,55.5804554978,54.7954367765,55.4996451357
2008.01.18,55.1533316941,55.2803163003,54.9628481790,55.1186955252
2008.01.22,55.6497186417,55.7709341745,55.0090048224,55.7074396948
2008.01.23,56.5559482045,56.6598478533,55.3437841675,55.5804461912
2008.01.24,55.1533083856,55.2687504893,54.4548691254,54.4664159781
2008.01.25,54.3683015091,55.4130673064,54.3336653474,55.3842045723
2008.01.28,55.2283736568,55.4130837599,55.0436635538,55.1764216008
2008.01.29,54.9974720029,55.0205613108,54.5934201236,54.8012194912
2008.01.30,54.6569486899,54.7031229307,54.0220033355,54.4433757613
2008.01.31,55.0090448933,55.0840818768,54.6223043072,54.8301037731
2008.02.01,55.0264226591,55.2581137436,54.7715620242,55.1596464689
2008.02.04,54.6730947238,54.8294880839,54.5224948560,54.5920035071
2008.02.05,55.2639211000,55.3797644617,54.8932126203,55.0090604012
2008.02.06,54.8121413056,54.9395717014,54.6557522685,54.8411043662
2008.02.07,54.7541998896,54.7541998896,53.3177227549,53.6594637666
2008.02.08,54.0127807825,54.2908109819,53.9201025763,54.2734305038
2008.02.11,54.6093986664,54.8526724015,54.2908271807,54.4993443685
2008.02.12,54.0533483580,54.2444939216,53.8448267285,54.1749852387
2008.02.13,53.8274732534,54.1112927608,53.5204841754,53.6015754632
2008.02.14,53.1729185463,53.3466835967,52.5126016326,52.8137970381
2008.02.15,53.0628386913,53.3292818422,52.9759539984,53.2192276032
2008.02.19,52.7906236340,53.1149885731,52.5010108187,52.6805693501
2008.02.20,52.4894484651,53.0455047545,52.4546919088,53.0455047545
2008.02.21,53.3351285385,53.7811305923,53.3177524664,53.6073654523
2008.02.22,53.5725821673,53.7811037666,53.2134650722,53.3003453893
2008.02.25,53.2598247619,53.3698791074,52.5068336723,52.7559010096
2008.02.26,52.6863553603,52.9064594778,52.5531359589,52.7732400764
2008.02.27,52.9585999422,53.0396911775,52.4836350986,52.8195870273
2008.02.28,53.4857069683,53.7753198614,53.3988266357,53.7579437949
2008.02.29,54.2444678228,54.7136390538,54.1691656811,54.5804196663
2008.03.03,54.4572086035,54.7653355881,54.2130330047,54.4397681230
2008.03.04,54.6141689934,54.7188162877,53.7944311151,53.9107083508
2008.03.05,54.1025278398,54.1025278398,53.1955880852,53.2653543877
2008.03.06,53.3816394648,53.7420921243,53.2944326754,53.5502380747
2008.03.07,54.2362730181,54.2711539693,53.3351433379,53.6200192244
2008.03.10,53.8990726493,54.7246209744,53.8409362554,54.4106791250
2008.03.11,54.0676634903,54.0851039624,53.6083785048,53.9455757502
2008.03.12,54.1432699516,55.0443999434,54.0502525711,54.9862635261
2008.03.13,55.2478470336,55.3408687948,54.2188193051,54.5560121005
2008.03.14,55.0094925198,55.7013230927,55.0094925198,55.2304125733
2008.03.17,55.5734352322,55.9920244438,55.4106515245,55.6548315216
2008.03.18,55.4047939820,55.9047746233,55.2013100845,55.4396749082
2008.03.19,55.3001915961,56.6664170178,55.3001915961,56.3582900919
2008.03.20,56.3931240654,56.8291533752,56.3175472485,56.4977712772
2008.03.24,56.0908155854,56.0908155854,55.3466551281,55.4047959211
2008.03.25,55.4513297552,55.7071351775,55.3931933690,55.6373688526
2008.03.26,55.6838522115,55.9280275745,55.3641000273,55.4047959211
2008.03.27,55.0211250062,55.4397141590,54.9629886095,55.0153100359
2008.03.28,55.2827744402,55.5560205489,55.0851096849,55.5502100106
2008.03.31,55.8756945618,55.9977822179,55.6198893192,55.7477919405
2008.04.01,55.3543417285,55.3776960625,54.7529821053,54.8405597441
2008.04.02,54.8755602315,55.3835067067,54.8755602315,54.9572981303
2008.04.03,55.1733326492,55.2725851944,54.9514732326,55.0799153447
2008.04.04,55.5645036265,55.7922027220,55.4594113937,55.5820182563
2008.04.07,55.2433927753,55.3368056206,54.8230238355,55.2900969707
2008.04.08,55.5703254453,55.6053546936,55.0331895187,55.0974127767
2008.04.09,55.2083755361,55.8389291339,55.2025402939,55.6696135685
2008.04.10,55.6462415313,55.7571734588,55.2141976648,55.4827657145
2008.04.11,55.8155615645,56.0023917209,55.7396633447,55.8564305220
2008.04.14,55.6637885229,55.8739731109,55.4594436331,55.5295066472
2008.04.15,55.1266425402,55.2200598761,54.8230451072,54.8405597441
2008.04.16,54.7646458342,54.9164422801,53.9647768282,54.3034078924
2008.04.17,54.2858672936,54.4026344198,53.8538191268,54.2099646526
2008.04.18,53.7136694825,54.2274508044,53.6085773423,54.1632275823
2008.04.21,53.9530839546,54.4610259278,53.8888606895,54.3792880366
2008.04.22,54.2450085556,54.6887272823,54.2450085556,54.5661204404
2008.04.23,54.3500906722,54.6653672849,54.0231391276,54.3851243765
2008.04.24,53.8655424470,53.9823096685,53.6028095171,53.9239260577
2008.04.25,53.7954741710,53.8596974728,53.4218137535,53.6086439622
2008.04.28,53.4393087794,53.9180612920,53.3692502609,53.7721001058
2008.04.29,53.9355802972,54.2158277574,53.8012984895,53.9764492545
2008.04.30,53.9589247585,54.4143229004,53.6261334659,54.3617790168
2008.05.01,54.7520252820,54.8750761690,54.1309055331,54.3652900909
2008.05.02,53.7793542749,54.1485115666,53.6387252673,53.6797422475
2008.05.05,53.8262321009,53.8320929468,53.4043406077,53.6797422475
2008.05.06,53.9141069866,53.9551239516,53.1992360508,53.2929871976
2008.05.07,53.1640964996,53.5742662772,53.0996406101,53.5215276084
2008.05.08,53.5801011510,54.0254268450,53.5683794656,54.0019924153
2008.05.09,54.3359923667,54.4180262877,54.0312911141,54.2012197991
2008.05.12,54.3536060485,54.5879907494,54.1133605006,54.1192213476
2008.05.13,53.8086457032,53.9375574696,53.5039443518,53.5273832612
2008.05.14,53.9082140896,53.9140749299,53.1581874785,53.5507788342
2008.05.15,53.4219021131,54.1016169681,53.3750243016,54.0371610950
2008.05.16,53.8379654704,54.4297859075,53.7793704055,53.8145265504
2008.05.19,54.0605993896,54.0605993896,53.4980790697,53.8848098338
2008.05.20,54.1660820199,54.2012381493,53.8496634446,54.1660820199
2008.05.21,53.9375254324,54.3008171358,53.8261917966,54.1777662875
2008.05.22,53.8672380658,53.8672380658,53.2285401108,53.5391022918
2008.05.23,53.8086435030,54.0840450888,53.7324659329,53.7734829051
2008.05.27,53.5449301162,53.6504029117,53.3105501001,53.4101620540
2008.05.28,53.0527551665,53.1230718913,52.8183705541,52.9355606250
2008.05.29,52.7421911768,52.7949253613,52.2324050409,52.5546844034
2008.05.30,52.8125048900,52.9941552951,52.7714879219,52.9003996705
2008.06.02,52.9162515085,53.3043879251,52.7045391043,53.1044398138
2008.06.03,52.9633496461,53.7572742211,52.8163272414,53.4867490481
2008.06.04,53.7454942348,53.7454942348,52.8692422145,53.0103824256
2008.06.05,52.8221940865,52.9456923323,52.6045993753,52.6928136900
2008.06.06,53.1867857075,53.5690400767,53.0515232249,53.3749740615
2008.06.09,53.2103098126,53.7454686215,53.0397634157,53.3749740615
2008.06.10,53.3103270886,53.3456110315,52.7516392351,53.0280420855
2008.06.11,52.9574436757,53.3514624330,52.7574909790,52.9045133052
2008.06.12,52.6693052162,52.7163534629,52.2341201513,52.3752604046
2008.06.13,52.3222895699,52.6575001879,52.1517431872,52.2634815554
2008.06.16,52.4046234025,52.4457894626,52.1164609814,52.2752430743
2008.06.17,52.4281642802,52.4987321278,52.0988312069,52.3811160574
2008.06.18,52.5105037299,52.9104047064,52.3928831563,52.8221903979
2008.06.19,52.6457933859,52.7810560050,52.3576306596,52.5105352536
2008.06.20,52.8927622009,52.9692122079,52.7457398506,52.8163077072
2008.06.23,52.9751193572,53.1809498475,52.8280969375,52.9280711061
2008.06.24,53.1515092716,53.4043878498,53.0103690960,53.2808896353
2008.06.25,53.3103141373,53.3750043413,52.8163166236,53.3044319860
2008.06.26,53.5161532951,53.7749141534,53.3926550182,53.6631756942
2008.06.27,53.9454329070,54.3629757673,53.7807641358,54.2924034368
2008.06.30,54.3453277839,54.5864420346,54.1512572616,54.3041572306
2008.07.01,54.7067173652,54.7539308733,54.1106023587,54.1755259982
2008.07.02,54.2758657146,54.5237535402,54.2227488247,54.4588298950
2008.07.03,54.1282440016,54.4764707928,54.0279092239,54.3407202972
2008.07.07,54.3407554024,54.9781847011,54.0515531199,54.5886430731
2008.07.08,54.5945408105,54.9722756515,54.5473228296,54.9427632877
2008.07.09,54.8542286139,55.2673746395,54.8424218686,55.1847454344
2008.07.10,55.0844274048,55.3382184702,54.8542453343,55.1788588811
2008.07.11,55.1965562813,55.3264034818,54.2168079094,54.3938730925
2008.07.14,54.5237660074,55.0431552880,54.4706491053,54.8719933208
2008.07.15,54.9309861488,55.1434626569,54.7126062647,54.8542602721
2008.07.16,54.3467204927,54.4411520685,53.8332344462,53.8627468466
2008.07.17,53.8626870595,54.0692601237,53.4495364281,53.5852870148
2008.07.18,53.5675952394,53.8272852288,53.2960984986,53.3846266184
2008.07.21,53.3846268472,53.6502247164,53.2665863518,53.5912044687
2008.07.22,53.4967723280,53.5675993321,53.1367429371,53.3256104452
2008.07.23,53.2488713006,53.3374039080,52.9714712322,53.2193589305
2008.07.24,53.3255846752,53.8567756922,53.3255846752,53.7387352453
2008.07.25,53.4436417447,53.6147990806,53.1190236876,53.2016529198
2008.07.28,53.6797105188,53.9866228855,53.5321577087,53.7387352453
2008.07.29,53.5086167939,53.7033833124,53.3020390120,53.5204190514
2008.07.30,53.1721621057,53.8804187438,53.1367508499,53.5735061831
2008.07.31,54.1341950162,54.3289658757,53.8685971614,54.1046826424
2008.08.01,53.8867094557,54.2361978674,53.8037798489,54.2243527176
2008.08.04,53.9577628400,54.2835607917,53.9103777447,54.0999316840
2008.08.05,54.1118066240,54.2598958619,53.6793885802,53.6971585656
2008.08.06,53.5549671009,53.5549671009,53.2054743260,53.4779578438
2008.08.07,53.6853396830,54.4376359738,53.5668700325,54.3487814762
2008.08.08,54.4316509325,54.5442001396,54.2243270137,54.4968105240
2008.08.11,54.3665218381,54.3665218381,53.6675404346,53.9755685890
2008.08.12,54.3842596215,54.5145788005,54.3191000321,54.4790388496
2008.08.13,54.6745627093,54.7041778530,54.1769803900,54.2895296864
2008.08.14,54.6508297212,54.8522288274,54.5382805034,54.6389800565
2008.08.15,54.8937240861,55.2076725844,54.8344892879,55.1128978110
2008.08.18,55.1365579530,55.4090414691,55.0654735282,55.3320367317
2008.08.19,55.3498263532,55.4031363012,55.0240282730,55.1188075397
2008.08.20,55.3142342553,55.5097129352,55.1779948258,55.2727694916
2008.08.21,55.4623839508,55.4623839508,54.9411114209,55.1721302880
2008.08.22,55.1543182868,55.1898582333,54.8759099875,55.1365483135
2008.08.25,55.7525795640,55.8769738514,55.5926408237,55.6874200060
2008.08.26,55.6578630059,55.8000274200,55.5097737563,55.7348677887
2008.08.27,55.3794510584,55.8533384352,55.3498359219,55.8296436145
2008.08.28,55.6282293666,55.9244077672,55.4979101473,55.8355533432
2008.08.29,55.6933665474,55.7763006306,55.3912679298,55.5867421767
2008.09.02,55.2775862517,56.1277364169,55.1943506119,56.1039554535
2008.09.03,56.0445606835,56.4131592068,56.0386188381,56.3418162403
2008.09.04,56.4785461338,56.8114708491,56.3655875901,56.7936362444
2008.09.05,57.0849030139,57.2573116237,56.7222557386,56.7638712971
2008.09.08,56.4190601261,57.0016780080,56.2169241518,57.0016780080
2008.09.09,56.9719979398,57.5962318530,56.7995891822,57.5665090204
2008.09.10,57.0611500063,57.4654175418,56.9660260987,57.2097777100
2008.09.11,57.5426761453,57.5842917020,57.0730122709,57.1800243503
2008.09.12,57.1978956186,57.2692385626,56.3299102114,56.4428687387
2008.09.15,57.2394985239,58.3631235618,57.1146518014,58.2739460355
2008.09.16,59.8731807383,59.9623582634,58.2085532583,58.2620570519
2008.09.17,58.8090117593,59.0824862040,58.1015469373,58.5533719143
2008.09.18,58.2323050675,58.5533413006,57.6199599424,57.6972492148
2008.09.19,55.8007869514,56.4904171567,55.7056630413,55.8661835057
2008.09.22,55.2478706417,55.8602158385,55.0516810537,55.8602158385
2008.09.23,55.6521914152,55.9435006207,55.3668240556,55.6462450334
2008.09.24,55.8661689140,56.3298865152,55.6461983311,55.8899498853
2008.09.25,56.2347252475,56.2347252475,55.3786335280,55.7769543273
2008.09.26,55.9256134139,56.3536617828,55.9256134139,56.1812531600
2008.09.29,56.5795751737,58.2204257711,56.5736333332,57.8161583641
2008.09.30,57.6912924120,57.8399200188,56.2406855179,56.4071477118
2008.10.01,57.2718613894,57.7847084873,56.6218556050,57.1168134285
2008.10.02,57.5879665143,57.7549392840,57.2897995540,57.5760418377
2008.10.03,58.0709317315,58.3154305540,56.9438622241,58.0828609446
2008.10.06,58.8820189752,59.5499147054,58.8104618056,59.1384427819
2008.10.07,58.6315201624,59.4365696233,58.4287689195,58.9595054667
2008.10.08,59.4424894639,59.5975373591,57.6534899871,58.1126645176
2008.10.09,58.0649843247,58.2617708873,57.3792000103,57.6236943365
2008.10.10,57.6117804057,57.7906822775,56.9558144588,57.2181981078
2008.10.13,56.7173087944,57.2182270089,56.2104259680,56.4847389735
2008.10.14,56.2044448214,56.8067430637,55.9957289601,56.1209584769
2008.10.15,56.1269333304,56.6755592801,55.7094969820,56.6576699958
2008.10.16,56.6457171743,56.8126898242,56.1626885013,56.3654397049
2008.10.17,56.4668477261,56.5920772754,55.4709668445,55.9778542030
2008.10.20,55.7214231072,56.6159236688,55.6737153186,56.4250970643
2008.10.21,56.7053471208,57.2420481504,56.4966313176,56.7232409466
2008.10.22,57.3195607831,58.1365345258,57.1585482377,57.8741509568
2008.10.23,58.4108464456,58.9714012181,57.7369914368,58.3035062668
2008.10.24,58.9297104245,59.0668692108,57.5163975729,57.6833748713
2008.10.27,58.3035303367,58.5659185598,57.4209592130,57.7250906034
2008.10.28,57.3553483056,57.7847090943,56.7411256132,56.8842443596
2008.10.29,57.1108591398,57.2539824602,56.3117744078,56.5980164989
2008.10.30,56.3535161809,56.5324180522,55.9360845476,56.0851679238
2008.10.31,56.4370275350,56.6040002624,55.2503246086,55.3576648690
2008.11.03,55.5132853578,55.7467856503,55.2917574482,55.5072968825
2008.11.04,55.6570284471,56.7047887821,55.4355003319,56.5491202533
2008.11.05,56.8125591421,57.2795601651,56.5191875245,57.2196890589
2008.11.06,56.6388540323,56.9082805017,56.1658651606,56.8064947326
2008.11.07,56.5909812441,56.5909812441,56.0102270008,56.4353174187
2008.11.10,56.1599587935,56.9382923434,56.0881107223,56.7107803029
2008.11.11,57.0041193337,57.3633503488,56.8544393634,56.8783887068
2008.11.12,57.2256761046,57.5190477148,56.9742147244,57.2436369792
2008.11.13,56.8244808169,57.0280432933,55.8306040640,55.8725142543
2008.11.14,56.9442224777,57.1537734276,56.7526323852,56.9801441926
2008.11.17,57.2855076853,57.4950586909,57.0520073408,57.2316205308
2008.11.18,57.7046310350,58.0758390735,57.4531697353,57.9680692925
2008.11.19,58.3572282090,59.4947969097,58.2015597591,59.4528867002
2008.11.20,60.9616375852,62.5302847899,60.5305586851,62.5242963141
2008.11.21,61.8178332735,62.2549008358,60.7401355636,61.6202545987
2008.11.24,61.1592120160,61.2430324000,60.4706835178,60.6562851441
2008.11.25,62.2369269180,62.5482637997,61.4765547143,62.4404940434
2008.11.26,62.6979255693,63.2367741945,62.3207292478,62.5242963141
2008.11.28,63.0152563433,63.4463353124,62.8296546747,63.2966553686
2008.12.01,64.7294007101,66.3273630575,64.3569421836,65.7206175076
2008.12.02,65.2159830874,66.3033197711,64.9937134131,65.9729127103
2008.12.03,66.2432530743,66.5676515363,65.2159935699,66.1591502786
2008.12.04,66.7598705547,67.5768728668,66.3033139440,67.4627360058
2008.12.05,67.2525080448,67.8832837537,66.3333811308,66.3694284689
2008.12.08,66.3694267206,66.8319922005,65.8948439338,66.2252465386
2008.12.09,66.4295190999,67.6009547788,66.2312747287,67.5348733218
2008.12.10,66.9040714176,67.3726454748,66.7538871898,67.3726454748
2008.12.11,67.3906964648,67.5408807585,66.6037322323,67.5048379947
2008.12.12,67.6069622144,67.6189749413,66.2853376796,67.5048379947
2008.12.15,67.4927689017,68.4479426603,67.3125506375,68.2737284632
2008.12.16,69.9618405386,70.2261663233,68.4660064766,69.9618405386
2008.12.17,72.5510441554,72.7673099574,71.6439341017,71.8601999037
2008.12.18,72.5329832611,73.9807616143,72.3587689831,73.3680073148
2008.12.19,72.9535042685,73.8846438879,72.8573841465,73.4461084354
2008.12.22,73.5242516754,73.5242516754,72.5270299522,72.8814628262
2008.12.23,72.1725613251,72.9895642213,72.0283856914,72.7853157889
2008.12.24,72.5269893445,72.8814220201,72.4609078993,72.6291135476
2008.12.26,73.0436523138,73.2719354405,72.8093651135,72.8694425153
2008.12.29,73.1918560100,73.5414517475,72.6976017117,72.7819862555
2008.12.30,72.6253066019,73.4872388157,72.3721528436,73.4751858457
2008.12.31,73.1797978088,73.5354177034,71.6367564086,71.9381310713
2009.01.02,72.3600846621,72.6011808010,70.1299085881,70.1299085881
2009.01.05,69.6778652207,70.0154081837,67.8696160994,68.3216783797
2009.01.06,67.2788998531,68.2674086506,66.9051935131,67.6345198455
2009.01.07,67.4838328520,67.9178132239,67.1462946067,67.8997314748
2009.01.08,67.8936757163,68.0624447720,67.5018877809,67.8454546723
2009.01.09,67.1824649845,68.3216612779,67.0679410973,67.9479594962
2009.01.12,67.2487641783,68.7435850205,67.2487641783,68.6531716722
2009.01.13,68.4120743719,68.7616702169,68.0865890610,68.7255021166
2009.01.14,69.1052191579,69.9430404503,69.1052191579,69.8586559028
2009.01.15,70.0394761122,70.4734564015,69.6657744397,69.9731733125
2009.01.16,68.3638276267,69.9731672275,68.3276641386,68.8942499780
2009.01.20,67.6827591442,69.0931911261,67.6465956365,68.8822296671
2009.01.21,67.4657876937,68.1348403634,66.5435812028,66.7063216312
2009.01.22,66.6640975687,66.7665638859,65.0246180998,65.4224349997
2009.01.23,65.0487260957,65.2898268198,64.3073467727,64.9100962835
2009.01.26,64.7533387665,64.9884105577,64.0722339099,64.3434691770
2009.01.27,64.9763733798,66.0552905302,64.8739025086,65.8563867653
2009.01.28,65.8865170793,66.1878916953,63.7226495437,64.2108749501
2009.01.29,63.6262512877,64.0783135231,62.4810306369,62.7341843850
2009.01.30,63.0174674876,63.2103471602,62.3484151171,62.5352660066
2009.02.02,62.8706560255,63.8739777195,62.4898798104,63.6986984617
2009.02.03,63.0399599141,63.3602964512,62.1031226429,62.1816942767
2009.02.04,62.1031128165,62.1756436595,61.4201313381,61.9640965204
2009.02.05,62.3992734819,62.7860954285,61.7767320557,62.0184969251
2009.02.06,61.8008555653,62.1695456349,61.5893132167,61.8250324925
2009.02.09,61.4623792453,62.0546977389,61.0815984595,62.0244800426
2009.02.10,62.9251151122,63.4388626054,62.5262023644,63.3723771474
2009.02.11,63.8921306707,64.3696147513,63.7833367712,64.1943354348
2009.02.12,64.0553653996,64.1762455392,63.3058937781,63.5899671785
2009.02.13,62.8283775766,62.8283775766,61.7887969133,61.8975908283
2009.02.17,63.1910336698,63.8619287811,63.0701489674,63.8256610648
2009.02.18,64.1037167055,64.4059216753,63.0399585322,63.2817188189
2009.02.19,62.0668044291,62.8948423781,61.7887766509,62.2058160125
2009.02.20,63.0218078907,63.5597368557,62.4355342575,62.8102653827
2009.02.23,62.6168412213,63.3904848652,62.3569448774,63.3904848652
2009.02.24,63.8861152455,64.4784388898,63.3240139362,63.3240139362
2009.02.25,63.6080918171,63.7591942808,62.2723465916,62.5926830768
2009.02.26,62.1755979894,62.4113172916,61.6376739806,61.9338333018
2009.02.27,61.9943434246,62.2602853428,61.1723453244,61.5772989824
2009.03.02,61.9542566882,62.5967078724,61.8754623643,62.5967078724
2009.03.03,61.9603088890,62.7724636800,61.7057486998,62.1784960705
2009.03.04,61.5118551889,61.9724832540,61.3118497108,61.8936934974
2009.03.05,63.0452456160,63.9058937339,62.6937182359,63.6149695798
2009.03.06,63.1906394705,64.2270478096,63.0876011539,63.1906394705
2009.03.09,63.3421963743,63.3664404255,62.4997352462,62.8209608329
2009.03.10,62.0815633995,62.2755112789,61.5239638244,61.6148779044
2009.03.11,61.3906305216,62.2815802796,61.1724385554,62.2815802796
2009.03.12,62.2209297229,63.0149026736,62.0087954506,62.5785190407
2009.03.13,62.2755073040,62.9603846977,62.0209515956,62.2633875853
2009.03.16,61.1057568802,61.4875904363,60.9118090166,61.2815228542
2009.03.17,61.6511964781,62.0209100745,60.8450993171,60.9481330409
2009.03.18,61.2875693756,65.4998756311,61.1542293864,63.2573537413
2009.03.19,64.0149893770,64.0392334417,63.1664656080,63.3361694370
2009.03.20,63.4088702287,63.6391817934,62.8997543698,62.9846062423
2009.03.23,63.2088486103,63.2876382991,62.4088135145,62.4391151067
2009.03.24,61.9360383278,63.7361176413,61.7784543970,63.0330544300
2009.03.25,62.6027698243,62.8633875984,62.0088021214,62.1845680271
2009.03.26,62.0875737579,63.0694320547,61.9178700831,62.9057905466
2009.03.27,63.1240226954,63.5967702703,62.7664286169,63.3725161999
2009.03.30,63.9058937339,64.1665116509,62.9967621104,63.6149695798
2009.03.31,63.6634159656,64.1240436476,63.6391719167,64.0694933814
2009.04.01,64.5022760882,64.7697154597,64.1436575638,64.6542320682
2009.04.02,64.3625015272,64.4719100642,63.7242842884,63.8640858891
2009.04.03,63.7668092233,63.9187652023,62.3992054130,62.5572362922
2009.04.06,62.9341034281,62.9644918486,62.1317758582,62.2898114115
2009.04.07,62.3262545639,62.7942768611,62.2897866189,62.4478174720
2009.04.08,62.6484213111,63.1286028415,62.5754807596,63.0009603543
2009.04.09,62.2837199544,62.7152743959,61.9858875219,62.2107794121
2009.04.13,62.5815589921,62.9158640497,62.5633250139,62.7821420267
2009.04.14,62.7578093458,63.3413196559,62.5633059091,63.1103482740
2009.04.15,63.2927132858,63.3960468932,62.5329332638,63.0009603543
2009.04.16,62.5147083617,62.8794018978,62.4721608598,62.5025539201
2009.04.17,62.2837626439,62.4296391912,61.6151567782,61.8157352918
2009.04.20,62.3809706358,62.8489976766,62.2715621388,62.7517436182
2009.04.21,63.2380454747,63.3413745005,62.1318053511,62.1318053511
2009.04.22,62.2715219101,62.3383828727,61.4570405650,61.7548728112
2009.04.23,61.6029553082,61.8460858114,61.3537499046,61.7488317552
2009.04.24,61.2625691323,61.3780571529,60.8431691731,61.1288471373
2009.04.27,61.4327514046,61.5056919301,60.8188480669,61.3902039240
2009.04.28,61.6940943943,61.7427213945,60.2292373163,60.3872727481
2009.04.29,60.5818215751,60.8310316600,59.6579310652,59.8524345745
2009.04.30,59.5545532862,59.7855245651,59.1959349814,59.6153347136
2009.05.01,59.2112087101,59.3148515929,58.8758880288,59.2051107019
2009.05.04,59.3575013648,59.6379491474,59.0099894765,59.4001781002
2009.05.05,59.4184802874,59.6440600238,58.9917128417,59.3270287915
2009.05.06,59.2111508626,59.7476587771,59.1379887896,59.1867635049
2009.05.07,58.4917856258,58.9551318280,57.5102158096,57.7418889107
2009.05.08,57.9308276865,58.1564072078,57.6991548157,57.8820576331
2009.05.11,58.5588319514,58.8026963410,58.4003163770,58.7051515154
2009.05.12,58.6380413107,59.1501617079,58.4063684621,58.9184888593
2009.05.13,59.3574555069,59.7049671268,59.2842934522,59.5586476688
2009.05.14,59.5038058073,59.9000923358,59.3209075529,59.7903515225
2009.05.15,59.7476826218,59.7781679939,59.4184601390,59.7720699892
2009.05.18,59.7537393280,59.8147053787,58.7538812126,58.8453279629
2009.05.19,58.6441281223,58.8148348888,58.3514846287,58.5343873936
2009.05.20,58.4856468798,59.2355430725,58.4246808064,59.1501849880
2009.05.21,59.4733150434,59.5281831151,57.5223680990,57.6625942566
2009.05.22,57.1992441833,57.6077220025,56.9126985142,57.0224393098
2009.05.26,57.3394688948,57.3699496059,56.1628055362,56.1628055362
2009.05.27,56.2359667336,56.4432569790,55.1019800156,55.1690440963
2009.05.28,55.9494634274,56.0774983341,55.0105748887,55.9677574508
2009.05.29,55.9067800091,57.4492501991,55.8702012695,57.4126668081
2009.06.01,56.4798521974,56.5043187979,55.3972319597,55.7152884326
2009.06.02,56.0333879393,56.1312497416,55.5257161319,56.0150391430
2009.06.03,56.2474720229,56.6450464357,55.8621332534,56.5410667995
2009.06.04,55.9232855822,56.1006650415,55.1954189503,55.3727984096
2009.06.05,54.9935634180,55.5990968191,54.7733686056,54.9507433528
2009.06.08,55.2993681161,55.4950962458,54.7305325101,54.8100454586
2009.06.09,55.1647881058,55.2381832165,54.5898348505,54.8039117010
2009.06.10,54.3574664049,54.6999897259,53.5561998268,53.9415432294
2009.06.11,53.6784917237,54.7549940969,53.6356763415,54.5409171856
2009.06.12,54.6938366361,55.4461694928,54.6938366361,55.0302465855
2009.06.15,55.3788993138,55.7520069131,55.3422017357,55.5256942928
2009.06.16,55.6357846737,56.5349125564,55.5379229222,56.4920971651
2009.06.17,56.5471610012,57.0854171335,56.1740533336,56.1740533336
2009.06.18,55.8131748018,56.0150208279,55.1158927721,55.3238519506
2009.06.19,55.2504292284,56.0883880098,55.1770294373,56.0822748605
2009.06.22,56.5410266622,56.8285034131,56.3085962680,56.6266574391
2009.06.23,56.7428919952,57.3790099403,56.6266814154,57.2933791271
2009.06.24,57.2811267694,57.5380191129,56.6755934837,56.7184088743
2009.06.25,57.0181339350,57.8010468386,56.6817238592,57.7582314350
2009.06.26,57.8744198645,58.0456813996,57.6236407121,57.8560664145
2009.06.29,58.1496780182,58.3331752405,57.8499702440,57.9417188551
2009.06.30,57.6114579788,58.1741762554,57.3790274153,57.8438838757
2009.07.01,57.3241372495,57.7352597901,57.2136859286,57.7291269868
2009.07.02,57.8824812748,58.0542932517,57.6799865813,57.8640735175
2009.07.06,57.7107128532,57.8579797044,57.3057231606,57.7536658799
2009.07.07,57.4468229908,58.2199770100,57.4406855102,58.1402084885
2009.07.08,58.3672778287,59.4042878568,58.2261437933,59.2140679966
2009.07.09,58.5084039001,58.7415814515,57.9561474383,58.5084039001
2009.07.10,58.6740686218,59.1097361998,58.5574798751,59.0483754263
2009.07.13,59.1036254858,59.2754376021,58.6372749691,58.7170482242
2009.07.14,58.1463336543,58.3733688912,57.4958966139,57.7413442887
2009.07.15,56.8577616732,57.0663892362,56.2502773848,56.2564148665
2009.07.16,56.9498023732,57.1768423888,56.7595825675,56.8638963525
2009.07.17,56.3914186815,56.6736820170,55.9864291034,55.9864291034
2009.07.20,55.7471090935,56.7534406997,55.7164310493,56.2809576222
2009.07.21,56.1153062896,57.4959453641,56.0171299453,57.4039065043
2009.07.22,57.3118286102,57.3915971347,56.6736663698,56.8884313830
2009.07.23,56.9191364969,56.9436817483,55.5753132431,55.8453063268
2009.07.24,55.8391277819,56.1152534642,55.6979938606,56.1152534642
2009.07.27,55.3666865241,55.6305421288,55.1887369598,55.4710003330
2009.07.28,55.6673565578,56.3423345831,55.4894069971,55.9618902103
2009.07.29,56.5571064425,56.6307422052,55.8023597715,56.2687055572
2009.07.30,56.1705148480,57.1584388406,55.9802950283,57.0663953312
2009.07.31,57.5879317835,58.2076860197,57.2381704188,58.1770033092
2009.08.03,57.7571298732,57.7940739892,57.0183133143,57.2953683495
2009.08.04,57.6462971249,57.7017109409,56.4395611119,56.8397553038
2009.08.05,56.2179559530,57.1045400729,55.9470589032,55.9901564814
2009.08.06,55.9654834754,56.5750072175,55.6699541080,56.1809711925
2009.08.07,55.6700007771,55.9840001124,55.5468661776,55.7130983567
2009.08.10,55.7254085842,56.4211279208,55.6638412911,56.4088163411
2009.08.11,56.8828835129,57.1784130639,56.6366096699,57.0614319316
2009.08.12,57.2276164144,57.3014999150,56.0824479911,56.4518607965
2009.08.13,56.5196419125,57.3508121500,56.3349353276,57.2523007187
2009.08.14,57.4431419839,57.9972521177,57.3877281521,57.4739232706
2009.08.17,57.8433439438,58.3358916094,57.7940929351,58.3235800316
2009.08.18,58.2804937601,58.3482144974,57.8802992914,57.9849641640
2009.08.19,58.5944628529,58.7176020882,58.1265478508,58.4651701789
2009.08.20,58.7237534507,59.0254410435,58.3543451526,58.9453993691
2009.08.21,58.8838496757,58.9392635205,57.7202106057,57.7325221838
2009.08.24,57.5600870368,58.7791390013,57.5416173354,58.7791390013
2009.08.25,58.7176234353,59.1609107516,58.4344101372,59.1116597369
2009.08.26,59.2163557227,59.4441599875,59.0501234789,59.3825879665
2009.08.27,59.2163499693,59.4872518041,58.9392946908,59.1486245106
2009.08.28,58.7606958885,59.4194754889,58.6806542164,59.4194754889
2009.08.31,59.3271486204,59.6349897799,58.9577401686,59.4749110617
2009.09.01,59.1827813865,59.6521932048,58.7627823306,59.3310149614
2009.09.02,59.5903616046,60.3191825253,59.4421234865,60.1956507603
2009.09.03,59.8127552279,59.9856998316,59.6336422777,59.8251107700
2009.09.04,59.5656932345,59.6645139973,58.7133400052,58.8059877100
2009.09.08,58.3551490512,58.9048531706,58.2810298946,58.3922062734
2009.09.09,57.9907000123,58.3242289429,57.7621696212,58.3242289429
2009.09.10,58.6330747325,59.7324827290,58.6207238986,59.3989536662
2009.09.11,59.8003712849,60.3315462071,59.6644886706,59.7262522101
2009.09.14,59.3062685817,59.7077387589,59.0777429561,59.1333287422
2009.09.15,58.7936277772,59.1518582881,58.7195086824,58.8306849684
2009.09.16,58.8862722800,59.2630361085,58.4292162975,58.9356850111
2009.09.17,59.1024323908,59.7447835479,58.7812544561,59.6768422430
2009.09.18,59.4174456856,59.6212696617,59.0900945975,59.1456850965
2009.09.21,59.3556575449,59.5965386124,58.8986017646,59.2815431932
2009.09.22,59.0777171703,59.5224221133,58.9912472883,59.4050681110
2009.09.23,59.2568859564,59.6521785339,58.7998250850,59.5842371803
2009.09.24,59.6028031464,59.9672118053,59.3989789580,59.7572145535
2009.09.25,60.1339049312,60.5662544554,59.7694920074,60.5168464471
2009.09.28,60.7268803527,61.1036443294,60.5971754166,61.0480538069
2009.09.29,60.7268684144,61.2518658274,60.6218698742,60.9924560062
2009.09.30,60.8751208047,61.2271784461,60.7515936265,60.9368891061
2009.10.01,61.3129489025,61.9944783171,61.2138196718,61.7714316393
2009.10.02,62.1307665124,62.1493529421,61.2633635509,61.3439110491
2009.10.05,61.6289444104,61.7466648262,61.1952403522,61.3501336458
2009.10.06,61.1890468736,61.2138303673,60.7057805630,60.7429534401
2009.10.07,61.1333005345,61.5422212093,61.0899305897,61.4554813196
2009.10.08,61.7776332471,61.8086137929,60.5199006102,60.8111007236
2009.10.09,60.4827160794,60.5384753788,59.1692196586,59.4170497963
2009.10.12,59.4975543154,59.6834279808,59.2311379159,59.5099484141
2009.10.13,59.8631503513,60.0056495070,59.6401036731,59.8197804265
2009.10.14,59.1754332298,59.5409791215,58.7974932279,58.9338000780
2009.10.15,58.5930420583,59.1196783754,58.4691292991,58.6611954940
2009.10.16,58.9771640533,59.1878166353,58.6921609986,59.1382496535
2009.10.19,59.2250150571,59.6091522410,59.0949052190,59.6029551838
2009.10.20,60.1109313798,60.2534351572,59.8135391799,59.9250624366
2009.10.21,59.5781604921,59.6091363156,59.1754369714,59.5657663812
2009.10.22,59.0948597922,59.3736704253,59.0638839843,59.2745364953
2009.10.23,58.7851056432,59.1196757505,58.7789133144,58.8284755797
2009.10.26,58.5125037994,58.5558737412,57.9610839421,58.0664102684
2009.10.27,58.2213128439,58.9276261379,58.1903322832,58.8594726861
2009.10.28,58.9461835079,59.3551040170,58.8346601624,59.1382496535
2009.10.29,58.7479108387,58.8966070331,58.2088806347,58.4938883704
2009.10.30,58.9213894138,59.4852030942,58.7788902756,59.3426992290
2009.11.02,59.3663495962,59.4098594513,58.9250339966,59.0804270138
2009.11.03,59.2233844506,59.2731113530,58.4277729815,58.4899292384
2009.11.04,58.1853253606,58.4712477644,57.6818538171,57.9553421317
2009.11.05,57.7253636450,57.9553421317,57.6818538171,57.9553421317
2009.11.06,58.0423826262,58.0858924697,57.4705376132,58.0113068763
2009.11.09,57.9802321232,58.2412912103,57.8869953800,58.0796859139
2009.11.10,58.4588672588,58.4899430235,57.7502753308,57.9740369598
2009.11.11,58.1977619521,58.5271989671,58.1045299823,58.2164130883
2009.11.12,57.9553672842,58.1729165182,57.4643248747,58.1107602717
2009.11.13,58.3220760204,58.4650348614,58.0858757302,58.3780151994
2009.11.16,58.8317806581,59.3290353275,58.7509732770,59.0617592237
2009.11.17,59.0430954190,59.5465717289,58.9312123215,59.3787447116
2009.11.18,59.3227972496,59.3787364194,58.8876942679,59.0306578278
2009.11.19,59.1984977775,59.5590105650,58.9933826846,59.1363415450
2009.11.20,59.0493291935,59.2793124986,58.7944824439,59.1239195270
2009.11.23,58.7634338876,59.1115127874,58.6391166075,59.0493565185
2009.11.24,59.1177338305,59.4844591616,59.0431434574,59.4223028885
2009.11.25,59.3538716426,59.8138380479,59.0306564924,59.6957379246
2009.11.27,59.9195389647,60.0189880141,59.7268484289,59.9195389647
2009.11.30,59.7952241753,60.1246613170,59.6709116729,60.0625003236
2009.12.01,59.7114241773,59.8174270234,59.3559992316,59.3934108814
2009.12.02,59.4183609807,59.8361403141,59.2312931934,59.4433036695
2009.12.03,58.8821064639,59.1377607048,58.7636298786,58.8259842234
2009.12.04,58.1712480786,58.3957274934,57.9342996995,58.2024228678
2009.12.07,58.1587642582,58.4518348187,58.0465245703,58.2772408058
2009.12.08,58.6451519465,58.8446886835,58.2211357857,58.3645502881
2009.12.09,58.4206492867,58.6451286212,57.7908597783,58.0963992447
2009.12.10,57.7971671102,57.8657583659,57.3357341614,57.4292681244
2009.12.11,57.2670993552,57.5289952039,56.9366170603,57.4229875892
2009.12.14,57.5851439111,57.6786778536,57.3980807832,57.4916099685
2009.12.15,57.0987448803,57.3668728458,57.0488595012,57.2359272939
2009.12.16,57.3232395482,57.5227763600,56.9678144537,57.1673512654
2009.12.17,57.6786646439,58.1338605230,57.4853646956,58.1089178269
2009.12.18,58.1151468084,58.3022146406,57.7721954590,57.8594925121
2009.12.21,57.4042801491,57.4915771771,56.8306126059,56.8306126059
2009.12.22,56.6185956779,56.6622441833,56.3816425712,56.5125880872
2009.12.23,56.7183640334,56.9864919367,56.4315303065,56.5250641812
2009.12.24,56.3255745177,56.3442803568,55.9140270285,55.9389697331
2009.12.28,55.7830262838,55.8890291055,55.6832603215,55.7830262838
2009.12.29,55.8568393141,56.2510769851,55.8192894591,56.1509551783
2009.12.30,56.2699316528,56.6203704238,56.2323865172,56.5202436966
2009.12.31,56.1697853864,56.3888065396,55.7254839687,56.2511347364
2010.01.04,56.2198368274,56.3825402810,56.0571381482,56.2010642702
2010.01.05,56.3512561553,56.7142034148,56.3199653759,56.5640181773
2010.01.06,56.4263378905,56.4826603300,55.7692745913,55.8068197014
2010.01.07,55.8318365070,56.0946617567,55.7692597486,55.9006723735
2010.01.08,56.0133185448,56.0446045402,55.5439856445,55.8756467968
2010.01.11,55.6879693362,55.9195088586,55.5502974458,55.5690747916
2010.01.12,56.4201217436,56.5640479462,56.2198682891,56.5202436966
2010.01.13,56.2761706937,56.4951918636,55.8318692422,55.8631552526
2010.01.14,56.1259493178,56.6453406795,56.0320817984,56.6453406795
2010.01.15,56.9645354273,57.1522706212,56.9332494112,56.9958262178
2010.01.19,56.7705194596,57.0208313434,56.5827843531,56.8330962369
2010.01.20,57.1459635585,57.4275613388,57.1146727944,57.4087887900
2010.01.21,57.2899580484,57.8156090954,57.2336355652,57.6716828786
2010.01.22,57.6278016461,57.7654733500,57.4275531970,57.5714840077
2010.01.25,57.2836586791,57.5214523513,57.2523679022,57.3086903458
2010.01.26,57.5840402913,57.6403627458,57.1397388636,57.3274740130
2010.01.27,57.4150864684,57.6278485299,57.1772927337,57.2961872139
2010.01.28,57.0270865230,57.3837794111,56.9832823007,57.2648849646
2010.01.29,57.2023012145,57.7967876975,57.1021745620,57.7654969250
2010.02.01,57.5928059472,57.6053683962,57.1783361640,57.2411340353
2010.02.02,57.2599653787,57.4295200878,57.1720474122,57.4044047756
2010.02.03,57.0276154715,57.1280958984,56.6885012177,56.7387414311
2010.02.04,57.1406424472,57.6618737800,57.0841258114,57.6367536782
2010.02.05,57.3792873096,58.0386720881,57.2788068913,57.7623605200
2010.02.08,57.6933000089,57.8691360064,57.5551417847,57.8377346678
2010.02.09,57.6116397970,57.9130762603,57.2348478113,57.2599679158
2010.02.10,57.3478770689,57.5237129825,56.6445286234,56.7136077025
2010.02.11,56.6445028630,56.6947430415,56.1295530112,56.4058692019
2010.02.12,56.7135735700,56.7826526075,56.4874975911,56.6382181045
2010.02.16,56.3493833992,56.7952544471,56.3493833992,56.7450142412
2010.02.17,56.4686916123,56.5754484447,55.9411838818,56.0981809146
2010.02.18,56.1798409681,56.2049610787,55.5832539122,55.8721279975
2010.02.19,56.0416819395,56.2112414859,55.8281681891,56.1735589250
2010.02.22,55.9662914913,56.0918871730,55.8406910184,55.9411713967
2010.02.23,56.1044779386,56.8580668474,56.0793626204,56.8141078537
2010.02.24,56.8643269108,57.0715593518,56.6319695786,56.9522448654
2010.02.25,57.2599867757,57.3290658881,57.0841507772,57.2725444365
2010.02.26,57.4357985725,57.8125905237,57.4044020381,57.5676755159
2010.03.01,57.5361797727,57.6621740806,57.3030850161,57.5424761236
2010.03.02,57.2526741727,57.5046675455,57.1392773952,57.4668702218
2010.03.03,57.3345760289,57.3786745096,57.1392786374,57.3219737165
2010.03.04,57.3030901116,57.7566773505,57.2211942849,57.6243818735
2010.03.05,57.2211617502,57.2463615610,56.7738759236,56.8683692060
2010.03.08,56.6353121331,56.6794106258,56.5093130064,56.5723149729
2010.03.09,56.6856714103,56.6982689108,56.3202814127,56.5848721808
2010.03.10,56.3770094249,56.5093048841,56.1880179715,56.4400065760
2010.03.11,56.3140046553,56.7864904343,56.3014071494,56.6478938368
2010.03.12,56.5534137314,57.1078002980,56.5282187114,57.0007046409
2010.03.15,56.9187512359,56.9943506448,56.7297599232,56.9250523882
2010.03.16,57.0511179328,57.3850073285,57.0385204187,57.3787109747
2010.03.17,57.5235825732,57.6243818735,57.3723884290,57.6243818735
2010.03.18,57.5928778630,57.6306800018,57.3345880805,57.4353825692
2010.03.19,57.4921507280,57.6937447479,57.2464581664,57.4921507280
2010.03.22,57.5487437656,57.6369406910,57.4668479938,57.5550449192
2010.03.23,57.3724218775,57.5299172714,57.2716273248,57.2842248415
2010.03.24,56.5975199138,56.8558145640,56.1061352495,56.2384307509
2010.03.25,56.1502432068,56.2195415487,55.6714607799,55.8793509993
2010.03.26,55.7785303962,56.1439206088,55.7470294168,56.0368201628
2010.03.29,55.9297480515,55.9738465573,55.6336560238,55.8226523668
2010.03.30,55.7659417169,56.0368338641,55.6084463943,55.9990365247
2010.03.31,56.2069101556,56.3959015871,56.0368125802,56.3833040809
2010.04.01,56.1316339106,56.2960401884,55.9166451679,56.2454528992
2010.04.05,55.6321257884,55.7332955892,55.2716996289,55.3096377012
2010.04.06,55.5182882005,55.5499016421,55.2337382807,55.3981445794
2010.04.07,55.2970060851,56.2265277464,55.2021608742,56.1063888712
2010.04.08,56.2075271523,56.3592842289,55.9482756809,56.1316462019
2010.04.09,56.0304978601,56.3150430906,55.9040343853,56.2644605952
2010.04.12,56.3845572730,56.6311642414,56.3339699912,56.5616079350
2010.04.13,56.8398565023,56.8777945671,56.6058938461,56.7450065160
2010.04.14,56.7576384024,56.8271947161,56.3466251372,56.3466251372
2010.04.15,56.1822404919,56.5932539154,56.0747460836,56.4098785472
2010.04.16,56.5300092254,56.9030796712,56.4288346354,56.8208789350
2010.04.19,56.8272251914,56.9283949956,56.6059068977,56.6817878691
2010.04.20,56.8145991411,56.9031245650,56.6818110053,56.8841555205
2010.04.21,57.0801661316,57.4342725940,57.0738463340,57.3520669821
2010.04.22,57.4785398860,57.5986787661,57.1181135973,57.1813453485
2010.04.23,57.0422055558,57.1370555498,56.8272167387,56.9789738345
2010.04.26,57.2319350555,57.3204604758,56.8715087519,57.0422349697
2010.04.27,57.4469244940,58.1235143972,57.3520744502,57.8452937129
2010.04.28,57.6239678325,57.7630805687,57.2129590702,57.3520669821
2010.04.29,57.4532484340,57.6808866066,57.2382546824,57.5923611866
2010.04.30,57.7188246834,58.2815954922,57.6113302197,58.2563018259
2010.05.03,58.0087867021,58.3895040965,57.9199528047,58.1801126763
2010.05.04,58.8907920824,59.3095846636,58.7321594091,59.2270925752
2010.05.05,59.6839600892,60.1852399567,59.2334438430,59.5760910249
2010.05.06,59.7474421328,63.4531009017,59.5063172510,61.4162569437
2010.05.07,60.8388120568,62.2411245599,60.4517478770,60.6484557192
2010.05.10,59.1128765193,59.6078096420,59.0684547272,59.3920667079
2010.05.11,59.6331918511,59.6585688166,59.0050030301,59.2397811103
2010.05.12,59.1002047371,59.1763501842,58.7639041512,58.7892859669
2010.05.13,59.1763500222,59.3603645545,58.5037440111,59.1763500222
2010.05.14,59.7220436525,60.5976944579,59.7030036611,60.2042835993
2010.05.17,60.1027560737,60.7309401885,59.9441233792,59.9821936767
2010.05.18,60.2169821166,61.0228342127,60.1344900031,60.9022766361
2010.05.19,60.8768964495,61.5177691766,60.8705497849,61.1053279621
2010.05.20,62.1268998988,62.5456876215,61.8857751472,62.3934016170
2010.05.21,63.2056179224,63.2944518535,62.0951889425,62.4568713308
2010.05.24,62.6535813966,62.7360735141,62.1205777500,62.2411353323
2010.05.25,63.2310127310,63.3832988098,62.4378490110,62.5457181151
2010.05.26,62.3236423286,62.4378581146,61.8033270460,62.3680593098
2010.05.27,61.4416533816,61.5431758498,60.8388458749,60.9530616774
2010.05.28,61.2259323081,61.4099469917,60.9277017810,61.2322789775
2010.06.01,61.9045381211,61.9427374529,61.2805881769,61.6625960668
2010.06.02,61.7517846789,61.8791239910,61.0068679184,61.0769033257
2010.06.03,60.6185038920,61.0641842893,60.5484684704,60.6312402546
2010.06.04,61.7199378144,62.3629829618,61.5671306787,62.2611163955
2010.06.07,62.0891852340,62.7704343269,61.9682190375,62.7386031626
2010.06.08,62.3502316067,62.7195081142,62.2419968964,62.4266351502
2010.06.09,62.1401324940,62.4712096957,61.8918270214,62.3566067963
2010.06.10,61.8854554726,61.9427593480,61.1787384407,61.2424104928
2010.06.11,61.8154223474,62.2738339369,61.5098178593,62.0191651494
2010.06.14,61.3251753443,61.7835869021,61.2615081518,61.7008200376
2010.06.15,61.8281651596,61.9173002160,61.1532840587,61.4461570809
2010.06.16,61.8790666787,61.8981663435,61.3697196169,61.7962949881
2010.06.17,61.8535996607,62.5412167461,61.8026639824,62.2992747026
2010.06.18,62.3247647616,62.4648354983,62.1210268330,62.1974303778
2010.06.21,61.4143146353,62.1083001965,61.3824834656,62.0191651494
2010.06.22,62.1910879605,62.7768341405,62.0255493070,62.7577344608
2010.06.23,62.7831433136,63.3943567780,62.7576754787,63.1842507834
2010.06.24,63.2543494173,63.4071517220,62.6176674808,62.8086740048
2010.06.25,62.5985379195,63.2415877285,62.4966713842,63.0633176486
2010.06.28,63.4134339845,63.6681073856,63.2988311969,63.6553759014
2010.06.29,63.8718986012,64.3876091483,63.7700320700,64.3494098063
2010.06.30,64.5658994258,64.8078367452,64.1775231647,64.7823688919
2010.07.01,64.8653834930,65.5614898783,64.7440427303,64.8845415350
2010.07.02,64.5715728151,64.7823208829,63.9648791473,64.3672123812
2010.07.06,64.3928103377,64.9803464532,64.3353313305,64.8973266344
2010.07.07,64.7951403271,64.8270736484,64.0798758309,64.1373548348
2010.07.08,63.7478068607,63.9649427784,63.5753795525,63.7286488123
2010.07.09,63.4795394296,63.6328085808,63.3390406776,63.3645863482
2010.07.12,63.4348498430,63.7605462526,63.2496473444,63.3390547751
2010.07.13,63.1283245402,63.1538702237,62.7004453039,62.7962403991
2010.07.14,63.0453092713,63.5370503156,62.8345610213,63.4284848071
2010.07.15,63.6966886558,64.2395209129,63.6711429778,64.0607060397
2010.07.16,64.0606934050,64.5843675185,64.0351477321,64.3736242437
2010.07.19,64.2203567539,64.3416974944,63.8499566400,63.9776801451
2010.07.20,64.2906531315,64.4375396549,63.9777269046,64.0735220396
2010.07.21,64.1500993484,65.3187882766,64.1245585484,65.1591314789
2010.07.22,64.8271146137,64.8334973841,64.3864598367,64.4056178927
2010.07.23,64.3736356808,64.4822011557,63.6647589672,63.7222330872
2010.07.26,63.6264382970,63.7413914098,63.2241048385,63.6136678944
2010.07.27,63.0836016146,63.3390534997,62.9494904711,63.0005818226
2010.07.28,62.8983801022,63.3454219842,62.7578813643,63.2049232462
2010.07.29,62.6493577562,63.2368938961,62.5344046095,63.1858073982
2010.07.30,63.9904707603,64.2523103626,63.7669521195,64.1692905453
2010.08.02,63.5824047119,63.6400696535,63.2684663489,63.2684663489
2010.08.03,63.5567871606,63.8515104440,63.3838020830,63.6336721330
2010.08.04,63.7489986611,63.7554069643,63.1467452502,63.1467452502
2010.08.05,63.6464614923,63.7425664519,63.3261148855,63.4414398594
2010.08.06,63.9347862029,64.2038762208,63.7425762540,64.1333995654
2010.08.09,63.9027842355,64.0565542333,63.8194958195,63.8963808184
2010.08.10,64.1077670805,64.7164286203,63.7297603972,64.0308870164
2010.08.11,64.2679810734,64.9599314166,64.2679810734,64.8894547212
2010.08.12,65.0816380547,65.3122880743,64.6267463181,64.7292547223
2010.08.13,65.1072411047,65.6390127160,65.0175444528,65.5365043516
2010.08.16,66.7666694101,67.2023411880,66.6769727106,67.1767128613
2010.08.17,67.1766864629,67.1830947641,66.6320981766,66.7922714895
2010.08.18,67.2728455162,67.6892974423,66.9460903265,66.9717186637
2010.08.19,67.1382280408,68.3042892439,67.0421231017,68.0159793149
2010.08.20,68.1761569789,68.4452469151,67.8109572093,67.9390987657
2010.08.23,67.6892100268,68.0351848007,67.4329318734,67.9518915902
2010.08.24,68.5798202381,69.2781736786,68.3427619269,69.0411202555
2010.08.25,69.7073992594,70.0533691724,68.5989982361,68.8168363944
2010.08.26,68.9129590081,69.5088038795,68.7399739949,69.4639555510
2010.08.27,69.0475358693,69.4063275508,67.4009537812,67.4970587831
2010.08.30,68.0480517116,68.8104784922,67.7981816536,68.7912584706
2010.08.31,69.3358187588,69.6113170298,68.9514038171,69.5536521001
2010.09.01,68.7710057348,68.7902878407,67.5307883342,68.1155563124
2010.09.02,67.6014757321,67.6657396140,67.0873989954,67.3958440569
2010.09.03,66.0077890298,66.7917608194,65.9949343006,66.5604247208
2010.09.07,67.5307817266,67.9741769677,67.3508546441,67.9227678291
2010.09.08,67.5307845828,67.6078982940,67.0616896552,67.3829894313
2010.09.09,66.6375457028,66.7275092129,65.9563920111,66.0527828870
2010.09.10,65.7057946709,65.9949624663,65.4487539068,65.7507764369
2010.09.13,65.4166691864,66.2199190296,65.3973870720,66.0721189013
2010.09.14,66.2070490878,66.7147034605,66.1684946731,66.7082760905
2010.09.15,66.0270819872,66.3548090224,65.6350959988,65.7186321478
2010.09.16,65.2430967866,65.4294511452,64.8061291291,65.0695971576
2010.09.17,65.4359043488,65.6479633478,65.1081772507,65.3330860817
2010.09.20,65.6415493881,65.8343263244,65.3459541637,65.7122357356
2010.09.21,65.9756788111,66.8431870152,65.7122156082,66.6247055739
2010.09.22,67.1837676674,67.5179171905,66.7339451563,67.2223220617
2010.09.23,67.7363947456,67.7685217691,66.9845498366,67.4150950947
2010.09.24,66.8046244917,66.9010153699,66.5090293938,66.5090293938
2010.09.27,67.1708866889,67.7620767155,67.1387596738,67.6656907675
2010.09.28,67.7171168510,68.3211618010,67.6914122891,68.1283800374
2010.09.29,68.2247557995,68.2890147389,67.6978246523,67.8456246253
2010.09.30,67.7300011610,67.8520917554,66.8496379136,67.8006875116
2010.10.01,67.2278984116,67.8148418912,67.0666495000,67.4729949858
2010.10.04,67.4794473893,67.6793944682,67.3439988919,67.6471427170
2010.10.05,67.5504550069,67.6020509636,67.0344560722,67.2408546619
2010.10.06,67.6600273775,68.4340199913,67.6342269676,68.0857218388
2010.10.07,67.8341871493,67.9696356369,67.5116893441,67.5181406781
2010.10.08,67.6406895153,68.0212345526,67.2214413962,67.2214413962
2010.10.11,67.1505255752,67.3569240726,67.0408774499,67.2343732732
2010.10.12,67.3439704016,67.5697178018,66.5506239142,66.5699729883
2010.10.13,66.0153038945,66.5119533015,65.8153568174,66.4668038028
2010.10.14,66.6216051322,66.8538039733,65.4477131781,65.4735135961
2010.10.15,64.8865491151,65.1768000551,64.4286028808,64.6736994099
2010.10.18,65.2735466439,65.4347955288,65.0026496983,65.1961503286
2010.10.19,64.8736690341,65.8476090033,64.8543199504,65.5896146586
2010.10.20,65.3832040183,65.9701474400,65.2800023630,65.7315022237
2010.10.21,65.5896509459,65.7315508665,64.9446548856,64.9511013031
2010.10.22,64.7834182591,65.4477635409,64.7640691609,65.3897113254
2010.10.25,65.8669259122,65.9765739390,65.4992787651,65.5766750565
2010.10.26,65.0542662549,65.1832634257,64.5318213162,64.5640681484
2010.10.27,64.2931262716,64.6091725641,63.9964290492,63.9964290492
2010.10.28,64.2286211803,64.3898699752,63.9577243858,64.1705690552
2010.10.29,64.3834872349,64.7962841961,64.2544900299,64.7704837709
2010.11.01,65.2227580243,65.2292249814,64.3751176592,64.4915870639
2010.11.02,65.0028043127,65.4104450509,64.9769216559,65.3392739153
2010.11.03,65.8245070348,66.1739102658,63.6892365450,64.0062901847
2010.11.04,64.1680534822,64.6209921936,64.1098212554,64.5045228034
2010.11.05,63.6374650720,63.9286409849,63.3980593606,63.3980593606
2010.11.08,63.7927899518,64.0063180811,63.2945625865,63.6827924075
2010.11.09,63.7280293546,63.7474400879,62.2398155362,62.2786370029
2010.11.10,62.3434031900,62.5957528483,61.4698847623,62.3628139427
2010.11.11,62.4080963469,62.5245657792,62.2075120222,62.3304533498
2010.11.12,62.2527794331,62.5957156915,61.9939580320,61.9939580320
2010.11.15,61.6833987795,61.9357483799,60.6998780842,60.6998780842
2010.11.16,61.4116451572,62.2786915848,60.8163541715,62.2075155423
2010.11.17,61.9874878307,62.6086561989,61.6898400262,61.8645465609
2010.11.18,61.9098204690,62.1168765266,61.3404175447,62.1168765266
2010.11.19,62.1751387595,62.4986643143,61.9810263885,62.4986643143
2010.11.22,63.0033599885,63.1651227445,62.2721891719,62.7639493324
2010.11.23,63.1975057112,63.3786793037,62.9192734264,63.0745693086
2010.11.24,62.6410177931,62.7574871930,61.8451476744,61.9486732873
2010.11.26,62.5827826317,62.8416040567,62.4727851304,62.8092495274
2010.11.29,63.1263010207,63.3786505440,62.8221862270,63.3463009523
2010.11.30,64.1939022897,64.2327237537,63.4821474745,63.6762646680
2010.12.01,62.7542761588,63.0529508523,62.2608112526,62.2608112526
2010.12.02,62.3062685046,62.6828603154,62.0270718109,62.0984945666
2010.12.03,62.5140593985,62.5465260976,61.5855682773,61.6115406458
2010.12.06,62.0205846250,62.4945716075,61.8842334269,62.4815879021
2010.12.07,61.5011446668,61.6310015195,60.4882473453,61.1440308913
2010.12.08,60.8518408488,60.9037855631,59.8064770030,60.5531661720
2010.12.09,60.7739684480,61.2089946045,60.2090853640,60.8518855768
2010.12.10,60.5726867564,60.9427844370,60.4752915870,60.4817859193
2010.12.13,60.4168364667,61.0531421052,60.0986786937,60.7090169195
2010.12.14,59.9948210033,60.3973804781,59.3714987925,59.8260030232
2010.12.15,59.7870060148,59.8908905019,58.7416420458,59.0468110863
2010.12.16,59.1052299476,59.4623436165,58.8065553125,59.4558492897
2010.12.17,59.6571703006,60.8843363741,59.6441865917,60.5402111196
2010.12.20,60.8713163534,61.1829796728,60.1505995715,60.4752465920
2010.12.21,60.4687842898,60.8973209617,60.0532362797,60.8973209617
2010.12.22,60.6895552022,60.7414999490,60.3389355923,60.4623031274
2010.12.23,60.5012175933,60.5336842761,60.0791754852,60.3388940866
2010.12.27,60.2285629423,60.9557696570,59.9298880483,60.8778574826
2010.12.28,60.5455635574,60.6367756732,59.4901026844,59.6855600585
2010.12.29,59.7832640294,60.9299315734,59.5943233047,60.6953897804
2010.12.30,60.5129894358,60.7735976273,60.2067801543,60.6498076180
2010.12.31,60.9234329751,61.6987358039,60.8778269264,61.3208592445
2011.01.03,60.7214819959,61.4446674496,60.5586024788,60.8583051645
2011.01.04,60.8583126864,61.0928546470,60.5325536119,60.9299751097
2011.01.05,60.2588568873,60.3891633799,59.4118870536,59.5877946053
2011.01.06,59.6399243365,60.0178057542,59.3923494270,59.8484097789
2011.01.07,59.6203785934,60.3500751441,59.3076479498,60.1676510064
2011.01.10,60.3175393336,60.5846591363,60.0569311321,60.4934470114
2011.01.11,60.2588627989,60.3305301341,59.7376516895,60.1546225653
2011.01.12,59.7702556029,60.0504085215,59.5813148001,59.6855600585
2011.01.13,59.6920677984,60.4413093568,59.5813059851,60.2197956715
2011.01.14,60.4478524706,60.5260364372,59.7833061523,59.8354238260
2011.01.18,59.4770723932,59.7507087307,59.1122239433,59.5552563342
2011.01.19,59.5552727757,59.9852721433,59.5226948820,59.9852721433
2011.01.20,59.6138934568,59.6855608302,58.8907081221,59.1578328722
2011.01.21,59.0861662796,59.6269224169,58.9688928462,59.6269224169
2011.01.24,59.8549687375,59.8745134849,59.5357212944,59.6529947495
2011.01.25,59.9005533136,60.5260098594,59.4966104532,60.2197956715
2011.01.26,60.0829852667,60.1090465808,59.2164652129,59.3076773269
2011.01.27,59.3337490452,59.7116307099,59.0731408292,59.5748125149
2011.01.28,59.1643750575,60.1221077509,59.1383137291,59.8875607660
2011.01.31,59.7181227284,59.9266082214,59.3206964808,59.4314533116
2011.02.01,59.2026150560,59.3922159429,58.9345500294,59.1372299356
2011.02.02,59.4314709318,59.4968510892,58.7776593813,59.1503317656
2011.02.03,58.8168883029,59.2157137601,58.6534354102,58.6599749226
2011.02.04,58.5161553389,58.6142281053,58.0388705363,58.0650236065
2011.02.07,57.9930369670,58.3853275796,57.9080433279,58.3657090584
2011.02.08,58.3919210466,58.5422999316,57.7708019299,57.8296425882
2011.02.09,57.9865433397,58.6207412907,57.6269450206,58.3330626355
2011.02.10,58.1238371843,58.2807505310,57.6530921562,57.6596316672
2011.02.11,58.2088441356,58.5357499254,58.0192381789,58.4899833143
2011.02.14,58.3918731819,58.7972378974,58.3918731819,58.5291729271
2011.02.15,58.5553503273,58.8234154090,58.4311295470,58.7907228421
2011.02.16,58.7580548151,59.0522680625,58.4115304503,58.6011364275
2011.02.17,58.8560934902,58.9607056969,58.6207260015,58.6926406583
2011.02.18,58.4638308221,58.5488295207,58.2415372771,58.5095974335
2011.02.22,58.7841957986,59.4576208620,58.6534305025,59.3857011961
2011.02.23,59.5622360071,59.8564542212,59.3268634311,59.6014680952
2011.02.24,59.9087714432,60.1768366666,59.7845505973,59.9806911379
2011.02.25,59.9806978730,60.3337568715,59.9153176855,60.3337568715
2011.02.28,60.3468370221,60.4906714421,60.2029976140,60.4122172109
2011.03.01,60.0297869414,60.6069996552,59.9969939491,60.5873228589
2011.03.02,60.2396519775,60.3380409156,59.6493283574,59.6558839502
2011.03.03,59.3804249450,59.5444049123,59.0196720196,59.0721418059
2011.03.04,59.0983951199,59.5903351542,59.0328041162,59.5640977519
2011.03.07,59.0459104101,59.5968857584,58.9344052221,59.1836580004
2011.03.08,59.1049399136,59.2557986814,58.8032173738,58.8228941692
2011.03.09,59.0918377429,59.5706616043,58.9344183245,59.3935653842
2011.03.10,59.6034462854,60.4102250030,59.4525824985,60.3905482056
2011.03.11,60.3708362993,60.3970736820,59.9051340169,60.0494371193
2011.03.14,60.0035373560,60.2921386259,59.8985878002,60.0232141466
2011.03.15,60.8693668922,61.0333468623,60.5807605435,60.9218366794
2011.03.16,61.2432075968,62.2730010466,61.0529903348,61.6105209279
2011.03.17,61.1579601836,61.4006523088,60.8431214849,61.1382833904
2011.03.18,60.8365547121,61.3153783150,60.7972011299,61.3022571181
2011.03.21,61.0857836539,61.1185816319,60.7184703207,60.9414855617
2011.03.22,60.8759586685,61.1908026001,60.8300444498,61.1448883813
2011.03.23,61.5581132906,61.5777900970,60.9546678731,61.0661731124
2011.03.24,60.8431691159,60.9218763500,60.6004768006,60.6070374049
2011.03.25,60.9087170372,60.9743080207,60.3577417667,60.4561307440
2011.03.28,60.4233581541,60.7841111871,60.3446459448,60.5414239659
2011.03.29,60.3315159509,60.6725921046,60.0625863838,60.0757025803
2011.03.30,60.1609633389,60.5545142081,60.0560137715,60.5545142081
2011.03.31,60.7841051717,60.8169031734,60.0888315734,60.4299077713
2011.04.01,60.2692078234,60.7763891098,60.2165122280,60.7236985397
2011.04.04,60.7302676704,60.9805691781,60.6841602914,60.7895514579
2011.04.05,60.7038985239,60.8488037769,60.3811419858,60.5458118429
2011.04.06,60.4470301078,60.4602065152,59.6368569413,59.6368569413
2011.04.07,59.6302775007,59.7817760557,59.3668045932,59.5183031482
2011.04.08,59.2350454706,59.4919300642,59.1823499065,59.2021094867
2011.04.11,59.1691915451,59.4260761952,59.0506290124,59.2548180867
2011.04.12,59.6829558892,60.0979222067,59.6500199007,59.8937331493
2011.04.13,59.6368544821,60.2691863258,59.5709875240,60.2691863258
2011.04.14,60.2955185467,60.4470120087,60.0847413199,60.2230634039
2011.04.15,60.7697590260,61.0661627272,60.6446083398,61.0398149499
2011.04.18,60.5919437388,61.3230786023,60.2362561005,61.1781682654
2011.04.19,61.1649743996,61.4416185638,61.0991074594,61.4416185638
2011.04.20,61.3033006804,61.4284513931,61.0003087144,61.0464160782
2011.04.21,61.1847444682,61.4086981337,60.9673790054,60.9937267910
2011.04.25,61.0134714904,61.2374251013,60.9278449769,61.2242486991
2011.04.26,61.4350556073,61.8302674617,61.3757768444,61.8170910531
2011.04.27,61.5470103437,61.6326368644,61.0925199082,61.1847346306
2011.04.28,61.4021332674,61.6524297884,61.2374633133,61.6524297884
2011.04.29,61.5667510574,61.8631547134,61.4877077373,61.8433951397
2011.05.02,61.7309570595,61.9690966040,61.6317314081,61.9426360938
2011.05.03,62.1543390129,62.2932529594,61.9029716402,62.2932529594
2011.05.04,62.3858765476,62.6570931578,62.3594160212,62.5710951854
2011.05.05,62.7893599613,63.2590227189,62.7165948112,63.1664134454
2011.05.06,62.5181610890,63.1664261337,62.4123190141,62.8885982574
2011.05.09,62.7761471363,62.9745934637,62.7364538334,62.8224517841
2011.05.10,62.6437742544,62.7694603201,62.3725630638,62.3725630638
2011.05.11,62.3924583304,62.9018093018,62.2998490629,62.7298235460
2011.05.12,62.8092111351,62.9150532006,62.1212578967,62.3329369809
2011.05.13,62.6107398067,63.1663952880,62.5313582893,62.8951839355
2011.05.16,62.8621385700,63.3648783386,62.6835363748,63.2458085262
2011.05.17,63.5236453650,63.9006989830,63.4905734966,63.8940825905
2011.05.18,63.6823558246,63.7617373336,63.0274747773,63.0473188929
2011.05.19,62.4851025963,63.0539912993,62.4851025963,63.0209143795
2011.05.20,62.8555265762,63.1135153935,62.6570802396,63.0539779597
2011.05.23,63.3251605759,63.6294488332,63.2325462789,63.3582324242
2011.05.24,63.2655995003,63.5963481405,63.1465297879,63.5963481405
2011.05.25,63.6030179665,63.6890108684,63.1995038827,63.2987295675
2011.05.26,63.4839751357,63.8676452550,63.4310540751,63.8411847247
2011.05.27,63.5897987485,63.8411712098,63.4244242541,63.8147106851
2011.05.31,63.6228522189,64.0065221157,63.5633147986,63.9602174762
2011.06.01,64.3466060298,64.8777397707,64.3266894009,64.8246253835
2011.06.02,64.0610830222,64.3399308501,63.5897045239,63.5897045239
2011.06.03,64.1209199795,64.1341960524,63.4503643269,63.9549412086
2011.06.06,63.3839243697,63.7291577150,63.2113051644,63.4702314397
2011.06.07,63.2245767577,63.7756219142,63.1515457613,63.7623458536
2011.06.08,63.9084456162,64.2935123840,63.8486906450,64.2603196803
2011.06.09,64.4661347075,64.6188373607,63.6893555031,64.0013963113
2011.06.10,64.3399903173,64.6586666076,64.2669592788,64.4926878957
2011.06.13,64.2271014231,64.5922565044,64.1607109715,64.1673515363
2011.06.14,63.5631901861,63.6694189664,63.1582018251,63.1980401504
2011.06.15,63.3241156113,64.3598248975,63.3174801183,64.3465437810
2011.06.16,64.4661277631,64.7516113373,64.2669563571,64.6387470340
2011.06.17,64.3067688820,64.4993047248,64.1607068589,64.3333260740
2011.06.20,64.6188511267,64.6387677671,64.1275503571,64.4130340228
2011.06.21,64.2005710969,64.4196642374,63.9150874771,64.1275400501
2011.06.22,64.3731634556,64.4395539071,64.0080134395,64.1673515363
2011.06.23,64.5590626298,64.8910199727,64.4993127394,64.6586508458
2011.06.24,64.6387608679,64.8578540202,64.3864750067,64.3864750067
2011.06.27,64.3001491411,64.3134302740,63.4370629165,63.5034533852
2011.06.28,63.3905527655,63.5233336270,62.8859763744,62.9922000505
2011.06.29,63.0386994801,63.2046781570,62.4212585992,62.5739612107
2011.06.30,62.5607041183,62.6138134614,61.8370342334,62.4743919383
2011.07.01,62.7075186686,62.7741407316,62.1945623287,62.3744286840
2011.07.05,62.6475583309,62.7341598881,62.4143963827,62.5143193015
2011.07.06,62.7474804266,62.9206835247,62.5143134178,62.8340819757
2011.07.07,62.5076614078,62.7141755510,62.3211318485,62.6475585773
2011.07.08,63.1805248302,63.6934864069,63.1738666880,63.5336045894
2011.07.11,63.9799544241,64.4862528578,63.7867615338,64.4862528578
2011.07.12,64.8193105934,64.8259687334,64.3263337754,64.7060561402
2011.07.13,64.4262739102,64.9059243734,64.0265668850,64.8859397846
2011.07.14,64.3663445374,65.2190545363,63.9599741344,63.9599741344
2011.07.15,63.4803248265,64.0865462893,63.4470137767,64.0665616925
2011.07.18,63.9932773191,64.0665575580,63.4203618606,63.4470096822
2011.07.19,63.5002567252,64.7993052693,63.4003287412,64.7659993297
2011.07.20,64.4329349952,64.5128733480,63.8666829714,63.9999169479
2011.07.21,63.4469747226,63.8600081064,63.2204759874,63.5069335588
2011.07.22,63.7467774265,64.0132454089,63.6401861675,63.9866026767
2011.07.25,63.2671225120,63.9865982125,63.1738577081,63.2871071010
2011.07.26,63.4870159974,63.8667387528,63.4470417035,63.7201782011
2011.07.27,63.5136161049,63.8467061958,63.3537342843,63.7267986423
2011.07.28,64.0265611445,64.1597951135,63.7600881241,63.9666023007
2011.07.29,64.5461627330,65.6386972376,64.4728825458,65.2323271384
2011.08.01,65.0953367823,66.1313566129,65.0686002274,65.8907327181
2011.08.02,66.3185321219,67.8892683381,66.0979592861,67.8692171893
2011.08.03,67.8892509379,69.1257874253,67.7488878328,68.0028774849
2011.08.04,68.4306974532,70.5495264582,68.3571731448,70.4225289984
2011.08.05,69.1391718879,70.5160717519,68.3638268503,68.3905634136
2011.08.08,68.9653695912,70.7098903917,68.8116356653,70.5494761512
2011.08.09,70.1885081234,73.1027251697,68.8450260893,70.7633310793
2011.08.10,71.9397583400,72.9022542081,71.4785666527,72.8688322296
2011.08.11,71.7459082390,72.0600564186,68.9787382515,69.1926256143
2011.08.12,69.8075444043,70.6229914303,69.5602351113,70.5628329106
2011.08.15,70.1416902710,70.5026258159,69.8275423838,69.8475935086
2011.08.16,69.9546217525,71.2780485378,69.9345655047,71.0040076780
2011.08.17,71.0641654759,72.2539146121,70.6965440689,72.2472291958
2011.08.18,73.5840246780,74.9542443180,73.0426232580,73.7310732364
2011.08.19,73.9582464508,74.4662304049,73.6775204891,74.3258623246
2011.08.22,73.8312891534,74.3660099313,73.7845014678,74.1387518159
2011.08.23,73.3633843515,74.3058231167,73.0893386549,73.1160751935
2011.08.24,73.0492767387,73.1294863989,70.9505057399,71.0373957139
2011.08.25,71.3114639589,72.1202258309,71.0908911484,71.8060776038
2011.08.26,72.6482867187,73.0359542512,71.7392636985,72.5146038631
2011.08.29,71.3181223283,71.7860043670,71.2512834940,71.5119585172
2011.08.30,72.4744778062,72.9557257297,72.3541658254,72.6616286433
2011.08.31,72.7284673624,72.8287281962,71.5387183868,71.5387183868
2011.09.01,72.0495470797,73.0618758111,71.1176700412,73.0551702247
2011.09.02,74.6775729155,75.4753688988,74.1881725253,75.4284400241
2011.09.06,76.7089564324,77.0508698415,76.0184291404,76.2128502901
2011.09.07,75.2742161250,75.3345561514,74.6239125774,74.7579986833
2011.09.08,75.2876534003,75.5088866007,74.6440500987,75.4284400241
2011.09.09,75.4485661319,76.5480472177,75.2273277742,76.2329510928
2011.09.12,76.1391297230,76.5950127166,75.8240334475,76.3134392804
2011.09.13,76.0251277463,76.1525032283,75.1602910348,75.2273315698
2011.09.14,75.0663883224,75.9915594269,74.9658250227,75.8641840212
2011.09.15,75.0731012221,75.4150093136,74.7043707922,74.7043707922
2011.09.16,74.6239764133,75.4821077655,74.5837531046,75.2474632731
2011.09.19,76.5614309576,77.2251458371,76.5078016169,76.6821059252
2011.09.20,76.6754251740,77.0106329354,76.4608924114,77.0039273480
2011.09.21,76.8497506851,79.6386824825,76.5614717263,79.5515302819
2011.09.22,81.3951571644,83.0443788600,81.2744821566,82.5415671803
2011.09.23,82.5415173608,82.7024155691,81.0062660117,81.0062660117
2011.09.26,80.5303219582,80.8320069257,79.4978813429,79.7057085377
2011.09.27,78.2710368948,78.6397675942,77.9425346175,78.4855697249
2011.09.28,78.3715727055,78.5123593462,77.6072994473,78.4587248788
2011.09.29,78.8475859970,79.6587883299,78.4989669903,79.0017787341
2011.09.30,80.4632446865,81.0599190286,79.7727177233,80.9861729340
2011.10.03,81.9177406666,83.2149286224,81.4002120586,83.2149286224
2011.10.04,83.5913206800,84.0349159104,82.1193805632,82.1597060038
2011.10.05,81.7698529370,81.8505037902,81.0977351459,81.5682155485
2011.10.06,81.0843353112,81.3330208792,80.0627179530,80.0627179530
2011.10.07,79.1418680481,80.0156232072,78.5369610247,79.4712043222
2011.10.10,78.5168257021,78.5773189895,77.8312675883,78.3487961997
2011.10.11,78.8327416622,78.8797897295,77.8984978056,78.0866900748
2011.10.12,77.0919689975,77.3742625881,76.2719889572,76.9508247661
2011.10.13,77.3137416164,78.3353639655,77.2666935561,77.7170114372
2011.10.14,76.5407803255,77.0314286213,76.3593107589,76.5878283707
2011.10.17,76.8230887396,77.9455245585,76.7693180694,77.9119166077
2011.10.18,78.0597834960,78.5168239375,76.8230888471,77.4279909401
2011.10.19,76.9844309008,77.7909708118,76.7290277922,77.4011460940
2011.10.20,76.9306291309,77.7438913322,76.6685035093,76.8499731212
2011.10.21,76.5273578829,76.7558755475,76.0367094739,76.0367094739
2011.10.24,76.5744216252,76.6752403741,75.9829594947,76.1644291403
2011.10.25,76.2047361026,78.2009273597,76.1845733833,78.1001086353
2011.10.26,77.5557032271,78.1068398361,76.6685075851,76.7357183661
2011.10.27,75.6267323107,75.8485325319,73.8120153490,74.1346343186
2011.10.28,74.5379167631,75.2503604845,74.4438206160,74.9143013513
2011.10.31,76.3593199360,77.8850254108,76.2585012189,77.8850254108
2011.11.01,79.9935519241,80.5191594831,78.9558116819,80.4922045902
2011.11.02,78.5919377030,79.7577125401,78.4504283541,79.4881687200
2011.11.03,78.3964525610,79.0770489771,78.1606038448,78.3964525610
2011.11.04,77.9787517348,78.8749829955,77.8507172286,78.4908846182
2011.11.07,78.5986345257,79.7509287111,78.3830006163,78.9894725931
2011.11.08,78.6727642093,79.2051115819,77.8304433934,77.9786926796
2011.11.09,79.6902970660,80.2765491215,78.8884059249,79.5959575366
2011.11.10,78.6930056544,79.2523080988,77.6350505580,78.4099869985
2011.11.11,78.0527941935,78.2819029199,77.8304203302,77.9314998264
2011.11.14,78.4301587557,79.2455245156,78.3088643783,79.1848798974
2011.11.15,79.3129399225,79.8250725082,78.6525631657,79.0770910808
2011.11.16,79.4881200301,79.8048334391,78.9625127304,79.7980934340
2011.11.17,79.5420829771,80.9706617053,79.5420829771,80.4383140444
2011.11.18,80.3102366221,80.5595654361,79.7307194855,80.4180510138
2011.11.21,81.1189380833,81.3547922458,80.8022294780,80.8965690865
2011.11.22,81.0986865064,81.8129784010,80.7617580164,81.7994983824
2011.11.23,81.6444844007,82.9180732173,81.5568797349,82.6013597296
2011.11.25,82.0757890414,82.1229588282,81.3614970872,81.4019320054
2011.11.28,79.9396295008,81.6377514981,79.9059397458,81.3614677452
2011.11.29,80.8830272857,81.4827593998,80.2428654106,80.6943482127
2011.11.30,79.7441820456,79.8924313099,79.0164208753,79.4342086480
2011.12.01,78.5560590388,79.1977996508,78.2250563661,79.0356766290
2011.12.02,78.7789776249,80.1705442323,78.7384430061,80.1435228710
2011.12.05,79.0356913739,80.2718918861,78.9546272709,79.9814186262
2011.12.06,79.5828477567,79.9070989652,78.8803077665,79.2180670798
2011.12.07,79.2586087197,79.8733280444,78.9343574825,79.5017958591
2011.12.08,79.5220670493,80.6096526351,79.3126578888,80.4948156860
2011.12.09,80.4339676935,80.4744971442,78.7857013120,78.8397440155
2011.12.12,79.6504252028,80.0422221950,79.4477674987,79.7179760529
2011.12.13,79.2248484093,80.8123166461,79.1437894473,80.4610491184
2011.12.14,80.9203441329,82.0011724670,80.7176865654,81.9809077410
2011.12.15,81.5080980381,81.9539377506,81.3121969745,81.6769777323
2011.12.16,81.9944360892,82.8320827646,81.9336418963,82.6294251471
2011.12.19,82.6294341412,83.7778136885,82.5889046748,83.6764900225
2011.12.20,82.8591213202,82.8658727961,81.4743060055,81.5891429408
2011.12.21,81.4877856382,81.6228924153,80.4339785459,80.4542432740
2011.12.22,81.0622488039,81.3459654378,80.6231605921,80.7920402771
2011.12.23,80.0894616181,80.1907904111,79.5355367241,79.8935606593
2011.12.27,79.9274522250,80.2730733946,79.7105897544,80.2730733946
2011.12.28,80.4696489200,82.0351307275,80.2731163928,81.7572727914
2011.12.29,81.6488374974,82.0622274077,81.3642011742,81.9063601828
2011.12.30,82.0758217774,82.5163255271,81.9267277233,82.1706988718
2012.01.03,80.9304557924,81.4590578498,80.5983861972,80.9372342002
2012.01.04,80.8220731779,80.8356248308,79.7513116374,79.9749526877
2012.01.05,80.0833226110,80.7135799997,79.6767061084,79.8325784391
2012.01.06,79.7987430210,80.6187549615,79.7716345473,80.4628877007
2012.01.09,80.2866780916,81.0118128951,80.1714709664,80.3205598029
2012.01.10,79.7851686094,80.5577417932,79.7512817343,80.1850068491
2012.01.11,80.6729696207,81.3642175842,80.6323094965,81.2286803899
2012.01.12,81.2896340568,81.4522848213,80.8084705117,81.1134368174
2012.01.13,82.0689653573,82.4349217321,81.8724329428,81.9198714449
2012.01.17,81.9673018030,82.4281351362,81.8859816192,82.2993764550
2012.01.18,82.3604481989,82.4146651555,81.2625832662,81.3032433984
2012.01.19,80.8694813962,81.0253486125,79.9139273597,80.1850068491
2012.01.20,79.7716092569,79.9410332860,79.2701155783,79.2768939872
2012.01.23,78.7008543690,79.0464808634,78.3077945199,78.7754013613
2012.01.24,79.0939394809,79.0939394809,78.4636816758,78.9177369842
2012.01.25,78.6533834416,80.3272931194,78.5381763811,78.7279304032
2012.01.26,79.0532554185,79.7716116692,79.0125901344,79.7716116692
2012.01.27,79.8528992650,80.1917471731,79.2971889025,80.0223232191
2012.01.30,81.2151246564,81.5878597012,80.8762764958,80.9643803266
2012.01.31,80.8220660031,81.9402659850,80.7746274666,81.8996006892
2012.02.01,81.3486185733,81.4505176707,80.7100557335,80.9614061494
2012.02.02,80.8120095010,81.1652592533,80.5946270315,80.9274928042
2012.02.03,79.1136537247,79.3446253574,78.7807881775,79.1883793838
2012.02.06,79.2699340396,80.0239804303,79.0321676487,79.9764281886
2012.02.07,79.2223798680,79.3989995139,78.6449531416,78.9846134829
2012.02.08,78.9370641300,79.3378660424,78.7876179279,79.0457579309
2012.02.09,78.7060737099,78.8283516075,77.8637177394,78.4547232586
2012.02.10,79.3447015906,79.7047409219,79.1544873410,79.4737690673
2012.02.13,79.2087834968,79.7318632781,79.0933002349,79.5756172546
2012.02.14,79.7794554961,80.3500826169,79.6367987159,79.9968379968
2012.02.15,79.9288495091,80.3432302303,79.8133610895,79.8541238423
2012.02.16,79.6639518164,79.8881289352,78.8895264813,79.2156027616
2012.02.17,78.7061197030,79.2156103768,78.6381886497,79.1952315791
2012.02.21,78.6449477525,78.7468468845,78.0879050383,78.3188767496
2012.02.22,78.7264948114,79.3175058311,78.6721478982,79.3039165114
2012.02.23,78.8963250281,79.6299928078,78.7536682680,79.3039165114
2012.02.24,79.6367652941,79.8745264946,79.4465511509,79.8201795966
2012.02.27,80.4994929734,80.7372541524,80.2413530052,80.5266664200
2012.02.28,80.7508523471,80.9342666531,80.1190838976,80.2617406207
2012.02.29,80.4111477928,80.4451106990,79.4533036580,79.7725850363
2012.03.01,79.0964896548,79.4437340323,78.6675443848,79.0215937068
2012.03.02,79.3892907871,79.9884585783,79.3552504683,79.7637706566
2012.03.05,79.6343825509,79.9612017306,79.1305412938,79.1305412938
2012.03.06,79.9680413710,80.4174172887,79.9612364229,80.0905979672
2012.03.07,79.9748432872,80.0769746393,79.5322775579,79.6003685890
2012.03.08,79.1986732830,79.3688905146,78.7356822054,78.8037680591
2012.03.09,78.6335295503,78.9739639212,78.2318194860,78.9603488320
2012.03.12,79.1986294760,79.3348011081,78.8922407066,78.9467062426
2012.03.13,78.4837422575,78.5790686661,77.5441452079,77.5577654925
2012.03.14,76.7338852159,76.7679307220,75.5423652268,75.6036460989
2012.03.15,75.5083473250,76.0802745961,75.4947270407,75.7194149806
2012.03.16,75.2359742292,75.8759923238,75.0317115879,75.8691821839
2012.03.19,75.8215534239,75.9032595537,74.6845037230,74.9636572425
2012.03.20,75.1883420162,75.4879259513,74.7934368643,75.2632379999
2012.03.21,75.4810927355,76.1823865561,75.4470472279,76.1143007356
2012.03.22,76.4547327469,76.5092034795,76.1687691927,76.3594115621
2012.03.23,76.7271137308,77.2037198564,76.7066884961,77.0811632535
2012.03.26,76.8223770336,76.9449335442,76.1210834655,76.6862002471
2012.03.27,76.7883298072,77.4147274272,76.7338590939,77.2377054007
2012.03.28,76.8836525183,77.5781411414,76.8359919418,77.1287655388
2012.03.29,77.6326753215,77.7484269908,77.3330965162,77.7075713215
2012.03.30,77.7620114636,77.8028619222,76.3866590130,76.3934639597
2012.04.02,77.1374850468,77.3422769134,76.5913768748,76.8166468863
2012.04.03,77.1443344185,77.4378667317,75.4787087149,75.4855365012
2012.04.04,76.2978911121,76.5368168379,76.0521480139,76.5231612608
2012.04.05,77.1375609606,77.1853450821,76.6801979111,77.0761264651
2012.04.09,78.8713874050,79.0283900187,78.6665954997,78.8782151906
2012.04.10,79.1513014734,80.0660324849,79.0352551027,79.7725000598
2012.04.11,78.9874895691,79.2264101554,78.7417411923,78.8168312634
2012.04.12,78.9601519307,79.0147638166,78.3799149659,78.4891387376
2012.04.13,79.2878441223,79.7998190023,79.2673659604,79.7588574704
2012.04.16,79.6632886456,80.2776595386,79.5745482086,79.6428104838
2012.04.17,79.5472695659,79.7520616699,79.3561330465,79.5950536957
2012.04.18,79.9022145587,79.9499986722,79.6837721528,79.8271244934
2012.04.19,80.0387837889,80.1889640032,79.8817757807,79.9022591620
2012.04.20,79.5677187590,79.9568194484,79.4107160501,79.9158631257
2012.04.23,80.6257922832,80.8305842874,80.4073499092,80.4960903334
2012.04.24,80.2844933561,80.3868893806,79.9226985831,79.9295211654
2012.04.25,79.4653432230,80.0865368043,78.9738464244,79.5199499277
2012.04.26,80.1547676906,80.1820736363,79.5881810360,79.9977650131
2012.04.27,79.8817181938,80.1138161419,79.7247155070,80.0660320361
2012.04.30,80.2572083456,80.3800825655,79.9978095294,80.0865499962
2012.05.01,80.3554455201,80.4854611106,79.4248191498,79.6711617314
2012.05.02,80.2117261051,80.2801534224,79.9243282400,80.2322537782
2012.05.03,79.8149038292,80.3144335620,79.7601598436,80.2117898941
2012.05.04,80.3896250116,80.8754656528,80.3348810806,80.8412493907
2012.05.07,80.9644596508,81.0602589659,80.7591724209,80.8549769566
2012.05.08,81.2176430886,81.7787555764,81.1971154106,81.2860704221
2012.05.09,81.7376758119,81.8197917252,81.0465531189,81.3407952825
2012.05.10,80.7591895547,81.1697641016,80.3623088311,81.1013315300
2012.05.11,81.7650598992,81.8403315257,81.4023903644,81.7719041982
2012.05.14,82.7093629242,83.0036050893,82.5246034235,82.9146448776
2012.05.15,82.8599307474,83.2978772242,82.6751764008,83.2499775625
2012.05.16,82.7846300606,83.6057682709,82.6067148675,83.4894413149
2012.05.17,83.5031402334,85.0427785798,83.4962959345,84.9675069541
2012.05.18,84.3516409283,85.1522567445,84.2421582620,84.9880249142
2012.05.21,84.7827430702,85.1590959355,84.5911444885,84.8101150419
2012.05.22,83.9958564441,84.0848114798,83.5236988391,83.8658408205
2012.05.23,84.5432655920,85.2070164928,84.4132499994,84.4474662777
2012.05.24,84.3243195954,84.7075169647,83.9958609784,84.1258766090
2012.05.25,84.4611572132,84.5364288556,84.2627142670,84.4406295327
2012.05.29,84.4337961353,84.7211941412,84.1669258126,84.1806091945
2012.05.30,85.7544153518,86.4386989104,85.7407319778,86.3155276610
2012.05.31,86.9245624721,88.3273462244,86.6782199086,87.3146039942
2012.06.01,88.3658046391,89.4012142224,88.1326700762,89.3874973473
2012.06.04,88.6675099530,89.2640632139,88.4138053180,88.6812268276
2012.06.05,88.1326691289,88.2080962469,87.4881120221,87.4949704596
2012.06.06,87.4675206070,87.4949491188,85.7464246486,85.7464246486
2012.06.07,85.4720964340,86.2195033410,85.2938138236,85.8766549841
2012.06.08,86.9121034119,87.0492407330,85.4172835937,85.8561292989
2012.06.11,85.5681131948,86.5418014965,85.5543963278,86.2469516326
2012.06.12,85.6915558471,86.1441131516,85.3692774166,85.4584161442
2012.06.13,85.6092601852,86.5898069988,85.2869817928,86.3018155454
2012.06.14,86.3635661073,86.5898474542,85.8424399666,86.1921417957
2012.06.15,86.7955224056,86.9806582829,86.4938140693,86.6720967436
2012.06.18,87.1863767835,87.3166556594,86.5761068567,87.1383782016
2012.06.19,86.5898101723,86.6515256183,85.9384001611,86.0001103757
2012.06.20,85.4172418264,86.7474951626,85.0881050927,86.4252168610
2012.06.21,86.3635457748,87.2549540780,86.3224056238,86.8846770243
2012.06.22,86.3292694332,86.5486923048,85.7189994080,85.7258526126
2012.06.25,86.6447010781,87.0972585227,86.5829856080,86.9738328139
2012.06.26,86.4732684313,87.0492515290,86.3567011708,86.6309758470
2012.06.27,86.7817854621,86.9394980282,86.4183669946,86.7680738280
2012.06.28,87.2892286171,87.4126542841,86.9395216886,86.9806618337
2012.06.29,85.7326558466,86.1440728120,85.4583761258,85.8492230277
2012.07.02,86.2058915764,87.4153180970,86.1509216948,86.7350179728
2012.07.03,86.5494971613,86.5838579322,86.0409902573,86.0684778255
2012.07.05,86.1371493297,86.8037080933,86.0684330664,86.5082234427
2012.07.06,87.0442352267,87.4153094147,87.0030065090,87.3122323776
2012.07.09,87.5321443443,88.1368550388,87.3466098362,88.0818799095
2012.07.10,87.8620388750,88.4667551495,87.7658349664,88.2606009209
2012.07.11,88.3636588779,88.9683750572,88.1368903107,88.3705373252
2012.07.12,88.6797467448,89.0302014728,88.5766644234,88.9958406989
2012.07.13,88.8034072458,88.8102856898,88.3704951743,88.7621785233
2012.07.16,89.5386777222,89.7516997548,89.0645264960,89.1744767339
2012.07.17,88.8240375982,89.2088635433,88.3979934087,88.4735829086
2012.07.18,88.8240580874,88.8790332351,88.5010856481,88.5217105032
2012.07.19,88.2743093328,88.7140999380,88.0337944221,88.2949236983
2012.07.20,89.0576835904,89.5387029098,88.9339869166,89.3737775065
2012.07.23,90.2327500637,90.3220859735,89.6830091700,89.8754169100
2012.07.24,89.5730558312,90.7343700558,89.5249486608,90.5832015562
2012.07.25,90.4526625697,90.8512245082,90.3495802404,90.8168637318
2012.07.26,90.3839151387,90.5557084862,89.9509925477,89.9853533143
2012.07.27,89.2569420492,89.3393994922,87.2435240134,88.2880251522
2012.07.30,88.2262096964,88.9752263327,88.1300058209,88.9477440049
2012.07.31,89.2019927217,89.2500999009,88.3567722302,89.1264032152
2012.08.01,88.5087311371,89.3419697579,88.2470509821,88.6808869217
2012.08.02,89.2386448647,89.9961343067,88.9218841944,89.1835537682
2012.08.03,88.0335892256,88.1644293175,87.2967625961,87.7443687363
2012.08.06,87.9164989916,88.2401526489,87.7099152395,87.7787764902
2012.08.07,86.7389348260,86.8559994513,86.3739655508,86.6494157456
2012.08.08,86.8766703961,87.0350507261,86.1054108318,86.1880474738
2012.08.09,85.9195028527,86.2844775130,85.2171095944,86.1260918866
2012.08.10,86.9042005705,86.9868372029,86.4910279160,86.5598891494
2012.08.13,86.8422071168,87.0281329298,86.4152591613,86.4152591613
2012.08.14,85.3616566976,85.6715400193,85.2170465824,85.2445921168
2012.08.15,84.7143677889,84.8383200932,83.9431136768,84.0464081393
2012.08.16,84.1566025356,84.3563038037,82.9928281734,83.3302571713
2012.08.17,83.5988535950,84.0946631162,83.5437624807,83.7365761270
2012.08.20,83.7021007413,84.1428188988,83.6676675009,83.9086844224
2012.08.21,83.6470175192,84.3218649627,83.0892346980,84.2805492734
2012.08.22,85.0586582584,85.7403983912,84.8451869411,85.6715371844
2012.08.23,85.8988344139,86.1742846739,85.8368608637,86.0296744695
2012.08.24,86.4015091179,86.4634826521,85.8506087410,85.9470155189
2012.08.27,86.3120009692,86.6287721603,86.2637975712,86.4497287162
2012.08.28,86.5942944269,87.0143546452,86.4841122859,86.6562679408
2012.08.29,86.4979487039,86.5117188543,86.0434549324,86.2775895202
2012.08.30,86.9524177311,87.0694876257,86.5805659608,86.7251761501
2012.08.31,86.6150008240,87.9509311364,86.5805728260,87.9509311364
2012.09.04,87.5865792063,88.0765444753,87.4761670932,87.8626173865
2012.09.05,87.5175428763,87.7728790324,87.3312201918,87.4485346696
2012.09.06,86.6272998980,86.6272998980,85.9510122806,85.9924161406
2012.09.07,87.0482411206,87.0758454440,85.5162353930,85.5921459661
2012.09.10,85.3575132495,85.7991718743,85.2332964322,85.7991718743
2012.09.11,85.5852775866,85.6404862554,85.0815129625,85.2609385036
2012.09.12,84.3430794498,84.4741986680,83.9704289861,84.1981607025
2012.09.13,84.4604099607,84.9434725435,82.9974121505,83.8669300646
2012.09.14,82.6455161152,82.7076219407,81.4654580460,81.6379812479
2012.09.17,82.0313215003,82.7421161420,81.9830152217,82.6178992449
2012.09.18,83.3010945355,83.4322138417,82.7835249772,83.0319587864
2012.09.19,83.7358477052,83.7634520457,83.2320829705,83.5771293288
2012.09.20,84.2879121760,84.4121290582,83.4874074747,83.7841475118
2012.09.21,83.3286818685,83.9428638644,83.2734731966,83.8807580573
2012.09.24,84.3638439396,84.6743835904,84.3155376547,84.5363671378
2012.09.25,84.7433570092,85.3920403477,84.2809910552,85.3713384161
2012.09.26,85.9579766400,86.3237250631,85.8820659939,86.2892235744
2012.09.27,85.9510516404,86.1235748230,85.4127748884,85.6750134954
2012.09.28,86.0890437941,86.4271876623,85.4403551260,85.7232955927
2012.10.01,85.7302411401,86.0760112469,85.3222296704,86.0414321258
2012.10.02,85.6887113540,86.1105458382,85.6195531434,85.9238323870
2012.10.03,85.6541337250,85.9584129739,85.4881656238,85.9514960975
2012.10.04,85.3775199602,85.6126462822,84.7620498385,84.8796103615
2012.10.05,84.0705296660,84.1465994990,83.6210275462,83.7800840905
2012.10.08,84.3540925936,84.5546346483,84.1535452628,84.4854816698
2012.10.09,84.0013987446,84.4923917108,83.9391573758,84.3333351247
2012.10.10,83.9944535028,85.0317635736,83.8561476037,84.9280315113
2012.10.11,84.3402387936,85.5158602524,84.2918311926,85.5158602524
2012.10.12,85.7994011866,86.2903941457,85.5988538750,85.7302482147
2012.10.15,85.5988615142,85.8478164560,85.3568234530,85.5366254168
2012.10.16,84.9903084073,85.0179706539,84.3264303174,84.3540925640
2012.10.17,83.7939027192,83.8561440644,83.3789797636,83.5726101245
2012.10.18,83.7593308810,84.0428595516,82.8949058378,83.0608739688
2012.10.19,83.2198994218,84.2364638016,83.1784087209,84.1880562252
2012.10.22,83.9737196958,84.2572484106,83.6348665033,83.6486949847
2012.10.23,84.4370751830,84.8727489776,84.3817506891,84.8450867307
2012.10.24,84.2710601562,84.5684225508,84.0082768702,84.0082768702
2012.10.25,83.3720754241,84.0497870651,83.2130241506,83.5795395711
2012.10.26,83.9806397566,84.8174027274,83.8630739182,84.8104858485
2012.10.31,84.8381311295,85.5434996390,84.8035520176,85.3083785612
2012.11.01,84.9003404331,84.9764102346,84.4231815503,84.6098949782
2012.11.02,83.8699575929,84.5822428403,83.8422953639,84.5476690112
2012.11.05,84.9349446075,85.2323070256,84.9141992512,85.0248429103
2012.11.06,84.7482600773,84.9626358673,84.2157711281,84.2226880080
2012.11.07,85.7163801931,86.1174746561,85.5849911818,85.7509593032
2012.11.08,85.6057661460,87.0372542184,85.3568112398,87.0234204591
2012.11.09,86.8782039881,87.1202473084,86.5670129707,87.1202473084
2012.11.12,87.0234133988,87.3968457277,86.9888395555,87.2654566817
2012.11.13,87.6873316040,87.7011600916,87.1271802490,87.5559372295
2012.11.14,86.9404480001,87.6803959155,86.8574612641,87.6389051855
2012.11.15,87.2032125654,87.8394282423,87.1340596050,87.4660012012
2012.11.16,87.3829531161,87.9569323084,87.3276286763,87.3898699901
2012.11.19,86.7606032906,87.0026412230,86.6499596399,86.8989144491
2012.11.20,86.7744376657,86.9058266721,86.0137394786,86.0275732326
2012.11.21,85.8823677903,86.0414190607,85.7648019620,85.9791829834
2012.11.23,85.9584022791,86.0621290320,85.8270080242,85.8961609514
2012.11.26,86.5531961960,86.8021458780,86.2696621087,86.3042412380
2012.11.27,86.4010430949,86.7122341063,86.2350696312,86.6430811344
2012.11.28,87.1132766482,87.2723278608,86.5047181973,86.5185519490
2012.11.29,86.3457050451,86.7467996053,86.2073991231,86.5324185673
2012.11.30,86.7744607351,86.8159514559,86.2419718626,86.2972963411
2012.12.03,85.7256376021,86.4670408124,85.6563486200,86.3769656642
2012.12.04,86.6264334480,86.8966695541,86.5017111246,86.8758780949
2012.12.05,86.8896960806,87.1737824462,86.7303266904,86.8342627895
2012.12.06,87.2084671397,87.3609061127,86.9659529948,87.0213810233
2012.12.07,86.2661221219,86.5848557540,86.1552554917,86.2176192928
2012.12.10,86.5848315373,86.6679814867,86.2938146441,86.5986925054
2012.12.11,86.0998418149,86.1344836778,85.8018943046,85.9404723290
2012.12.12,85.8018788817,86.1552543663,84.9288226830,84.9426783684
2012.12.13,84.7347740816,85.3514548948,84.6239075016,85.0050047621
2012.12.14,85.3584042520,85.7187101436,85.2821847830,85.6424906746
2012.12.17,85.5732351356,85.5870908234,84.3329422673,84.3606589293
2012.12.18,84.1180727625,84.3813728961,83.0787226179,83.5013920996
2012.12.19,83.8202041182,84.2913768370,83.6469789316,83.7786317650
2012.12.20,84.0418656261,84.2843796381,83.5776237624,83.7924211320
2012.12.21,84.7486572466,84.8318072085,84.4992126472,84.7070849088
2012.12.24,84.5338045773,84.5892378491,84.4437294756,84.5545907326
2012.12.26,84.6851770427,84.8657291336,84.5879579087,84.8587833960
2012.12.27,84.6365604268,85.6157027212,84.6018423379,85.1434932675
2012.12.28,85.5115695162,85.6504525195,85.2615758718,85.6296205988
2012.12.31,85.3240384417,85.3934799120,83.9629654907,84.1504579904
2013.01.02,83.1643965723,83.2616157152,82.9213487151,83.0255082982
2013.01.03,82.9005122485,82.9768994755,81.8727655006,81.9005431557
2013.01.04,81.7060887885,82.2477397109,81.4977590654,82.2199620613
2013.01.07,82.1991674199,82.4491610817,81.9422280179,82.2547174462
2013.01.08,82.6643996310,82.8380059797,82.5116251965,82.7963421514
2013.01.09,82.8102758075,83.0116599232,82.5463959135,82.7200023617
2013.01.10,82.3797024067,82.8449715592,82.1922098364,82.4908130396
2013.01.11,82.3033229525,83.2338560474,82.1852718675,83.2269103076
2013.01.14,83.3588484345,83.5255090926,82.8935845609,82.9977441609
2013.01.15,83.7546885728,83.8171843460,83.3102565249,83.3796980390
2013.01.16,83.7685520601,83.8032754567,83.3380116105,83.5532818353
2013.01.17,82.8658311425,83.0186056646,82.4630629110,82.7200023617
2013.01.18,83.0324747202,83.4769067121,82.9560874749,83.3588556232
2013.01.22,83.0185600547,83.5393791133,82.9005037083,83.5185419006
2013.01.23,83.5671555684,83.7338214899,83.2963300685,83.3935492071
2013.01.24,83.2408368774,83.3102784097,82.8172366426,83.1019485146
2013.01.25,82.2338805203,82.3588773436,81.7825028084,81.9630549527
2013.01.28,81.2616871394,81.7477882727,81.2478009576,81.6644552875
2013.01.29,81.6782904307,81.9977253732,81.1574715530,81.2130215401
2013.01.30,81.0186300864,81.2200141377,80.6644768598,81.0741854036
2013.01.31,81.2686295593,81.4838998064,80.9353082283,81.4700136252
2013.02.01,81.9363049934,82.0198177450,80.3912553721,80.4121335600
2013.02.04,81.1428750001,81.6230944324,81.0245617605,81.4421413360
2013.02.05,80.9202071822,81.0315646248,80.6348630274,80.7183811095
2013.02.06,81.0941720182,81.4073607384,80.7670715870,81.3795213871
2013.02.07,81.2681789980,81.8388725314,81.1637880485,81.1985832617
2013.02.08,81.2890507479,81.5395996102,80.8923492675,81.5117602578
2013.02.11,81.4630935492,81.6927590581,81.3726142698,81.4491712094
2013.02.12,81.2125104764,81.4421758891,81.0524354945,81.2473056918
2013.02.13,80.5931034061,80.9202039338,80.4191113912,80.5861422387
2013.02.14,80.9340991442,81.4560750138,80.7253066724,81.3168782627
2013.02.15,81.1915992973,81.2472726812,80.7809755686,81.0802419099
2013.02.19,81.3307762102,81.3586155521,80.6208862668,80.6765649506
2013.02.20,80.5165351689,80.9897935951,80.4330171020,80.9201925511
2013.02.21,81.3586854822,81.6440296895,81.2473280189,81.3934807071
2013.02.22,81.4143759795,81.6649196883,81.3447749000,81.4491712094
2013.02.25,80.9758710688,83.0637749484,80.9341146903,83.0498579255
2013.02.26,82.6323111259,83.2865176581,82.5348706877,82.5696712235
2013.02.27,83.1611873730,83.1959878854,82.1241968822,82.3260281727
2013.02.28,82.4234462250,82.5835211154,82.1102629170,82.4791249095
2013.03.01,82.8864592647,83.1445223624,82.6772236612,82.9283106424
2013.03.04,82.8515962466,82.9771397477,82.4819418604,82.4889126562
2013.03.05,82.3494571907,82.4401254662,82.0774470432,82.2518127953
2013.03.06,81.6798840806,81.9518941973,81.4985422290,81.5055183482
2013.03.07,81.1916197283,81.2613649206,80.8428884459,80.8777583814
2013.03.08,80.1175233658,80.4592785183,79.9431577319,80.0338259459
2013.03.11,80.2918782671,80.3685995614,80.0268391334,80.1105365421
2013.03.12,80.3825652277,80.7591956730,80.3686183170,80.6894504767
2013.03.13,80.3755615995,80.7242927826,80.2290951411,80.6057254574
2013.03.14,80.2710225447,80.6546293635,80.1943065022,80.3616961498
2013.03.15,80.4384180731,80.8220195733,80.4174950321,80.7383274095
2013.03.18,81.4846013747,81.5194713311,81.0103263347,81.3520817055
2013.03.19,81.4496865923,82.2238705517,81.3938883038,81.9030383745
2013.03.20,81.4008715815,81.5961602873,80.9614719935,80.9893711402
2013.03.21,81.5055337023,81.7775438703,81.2753696151,81.7705677497
2013.03.22,81.8123805451,81.9518709630,81.4427208276,81.8333035757
2013.03.25,81.4427546027,82.1471937437,81.3730093649,81.7566161549
2013.03.26,81.5124910870,82.2378531419,81.4497166589,81.8542464182
2013.03.27,82.5098564903,82.8376595569,82.4261590335,82.5517025582
2013.03.28,82.3843422783,82.6145010543,82.0774568152,82.1332551397
2013.04.01,82.1436800852,82.7727597272,82.1227116526,82.7517912946
2013.04.02,82.5281220789,82.5770502010,82.3044499018,82.4162886567
2013.04.03,82.6958948831,83.3808940908,82.6539580063,83.1572218597
2013.04.04,83.5905718387,84.1637375151,83.5066980970,84.1497550030
2013.04.05,85.8902174383,86.2746565884,85.7154733397,85.8482805611
2013.04.08,85.7434187800,85.8832172353,85.1213303190,85.1912268802
2013.04.09,85.2960729872,85.4428573633,84.8417373473,84.9815358003
2013.04.10,84.2895589081,84.3384923741,83.8072688333,83.8142600903
2013.04.11,83.9960426887,84.2197150565,83.8003300335,83.9750742375
2013.04.12,84.8067983922,85.2331743751,84.5062383606,85.2261831187
2013.04.15,85.3660037896,85.9950837486,85.1842737269,85.9671240468
2013.04.16,85.2192048703,85.6385896608,85.1912451732,85.2611470823
2013.04.17,85.4848329820,86.3445711399,85.4848329820,85.8273299935
2013.04.18,85.8412622471,86.1278450382,85.6944778904,86.0369747226
2013.04.19,85.9321519068,85.9601116000,85.7154656177,85.8552640837
2013.04.22,85.8622273156,86.1767697814,85.7434026505,85.9181466872
2013.04.23,86.1558383135,86.5262949771,85.5407356275,85.6176234632
2013.04.24,85.6036345900,85.8482752464,85.4848098901,85.8342980657
2013.04.25,85.4498465606,85.5337256304,85.3449990565,85.4638237391
2013.04.26,86.1138663422,86.3305525921,85.9810644895,86.2466735277
2013.04.29,86.3795045513,86.4843520776,85.8063441182,85.9321600832
2013.04.30,86.1558739014,86.4564341110,85.7434748545,85.9811297176
2013.05.01,86.4791264609,87.0394987725,86.4581134344,86.8643830931
2013.05.02,86.5701696048,86.8363488113,86.5141366587,86.7522913760
2013.05.03,85.5684548110,85.5894678194,84.6368389124,84.7068840553
2013.05.06,84.8610502857,84.9310954812,84.2796650093,84.4968067186
2013.05.07,84.1885976379,84.4057393235,84.0905333060,84.1675846159
2013.05.08,84.2446581207,84.6369209204,84.1746129099,84.3006964270
2013.05.09,84.4127456782,84.9801186489,84.0415013717,84.0835274158
2013.05.10,83.8874336440,83.9084466748,82.5495470157,83.1799646588
2013.05.13,82.5704978809,82.7876448381,82.3953822977,82.5424787463
2013.05.14,82.8996965336,82.9627409077,81.6318617194,81.6458686113
2013.05.15,82.3253802488,82.4584698718,81.5478662245,82.1922906257
2013.05.16,82.6335747489,83.3130243340,82.6055556033,83.0468451226
2013.05.17,82.6195295783,82.7596252506,81.9400856082,81.9961185330
2013.05.20,82.3954221433,82.4234412915,81.8070360643,81.8980942877
2013.05.21,81.9050608023,82.5634971053,81.5478235161,82.5424787463
2013.05.22,82.6686014685,83.0398511705,81.1135788395,81.3167083097
2013.05.23,82.0592370533,82.1222761547,81.0925947457,81.7019994464
2013.05.24,81.9400973632,82.2482971983,81.7509695146,81.8140139122
2013.05.28,81.3167372354,81.4428207738,79.7266887698,79.7406956767
2013.05.29,80.2870281477,80.6792855083,80.1749515623,80.6372594608
2013.05.30,80.7282794741,80.8123368734,80.2239457668,80.4410873681
2013.05.31,80.5321778072,80.5671977272,79.2713431175,80.1679342994
2013.06.03,79.8906204551,81.0912962267,79.8344471734,80.5927704051
2013.06.04,80.0169679973,80.3891064292,79.8063263309,79.8484535927
2013.06.05,80.2487114504,80.9719249789,80.1363648968,80.9508613393
2013.06.06,80.6629725679,82.0040813482,80.3329666394,80.9017063017
2013.06.07,80.1995443798,80.6278561509,79.4552673676,79.4552673676
2013.06.10,79.1322933608,79.4272003967,78.9076056020,79.0761254388
2013.06.11,78.8303655756,80.0170006006,78.7250473780,80.0170006006
2013.06.12,79.3429066471,79.9256921143,78.8303350701,78.8724676898
2013.06.13,79.3920825941,80.1644463506,79.2656954080,80.1082730774
2013.06.14,80.1152761252,80.5084835824,79.9186750751,79.9186750751
2013.06.17,80.0591402152,80.1012728577,79.3429495761,79.4974234324
2013.06.18,79.2376085004,79.8203941542,79.1463309496,79.5395331464
2013.06.19,79.8624743412,79.8975839553,78.3739209841,78.7179727035
2013.06.20,77.7630628977,78.0860510489,76.7309021990,77.4260287556
2013.06.21,77.3417958733,77.5243563079,76.0919701780,76.1130338134
2013.06.24,75.7128168447,76.8081688565,75.6636665713,76.4290073085
2013.06.25,76.4640775570,76.5483320641,75.7338414730,75.7478821052
2013.06.26,76.5343031147,76.5694127360,75.8602401705,76.2394015810
2013.06.27,76.9134515694,77.2153760479,76.4991806074,77.0187750586
2013.06.28,76.5413463611,77.5735073590,76.3377222891,77.5454207259
2013.07.01,77.2230768400,77.7649660965,77.0119480875,77.7016306923
2013.07.02,77.7649632065,77.9760919512,77.5819853191,77.6523597776
2013.07.03,77.6312966105,77.8705763623,77.4201731029,77.4201731029
2013.07.05,75.4989332301,75.6537603896,74.7177637398,74.7811045638
2013.07.08,75.3511192032,75.6959579773,75.2666665901,75.5059463093
2013.07.09,75.6466721310,75.7381637762,75.3510961294,75.5833367175
2013.07.10,75.5763045358,75.5763045358,74.8092135996,74.9921861681
2013.07.11,75.6185258483,75.9141072370,75.2596144114,75.8718782562
2013.07.12,76.2449192107,76.3364109231,75.5411632407,75.8085939456
2013.07.15,75.8648596767,76.2308102448,75.7944798177,76.2096984348
2013.07.16,76.3082465479,76.5404872656,76.1956430354,76.4701127549
2013.07.17,76.8430047204,76.9626417733,76.4700154559,76.6107642982
2013.07.18,76.4348895054,76.4771131195,75.6396476794,75.6537204277
2013.07.19,76.2237930829,76.8571744108,76.1815694508,76.8501353490
2013.07.22,76.9626982995,77.1949388922,76.8008321796,76.9626982995
2013.07.23,76.4771257804,76.7093664353,76.2308123749,76.6389919436
2013.07.24,75.7592872840,75.9281871154,75.1540570715,75.6677956247
2013.07.25,75.2807361026,75.7241001901,75.1681326313,75.6396529558
2013.07.26,76.0337831210,76.2026830226,75.7522797055,76.1041576326
2013.07.29,75.7592620205,75.8788991374,75.3510826422,75.5481332747
2013.07.30,75.8015248567,75.8367147889,75.3370488925,75.5200215063
2013.07.31,74.6403136978,75.9492994816,74.4925256730,75.7944723978
2013.08.01,75.1312759839,75.1312759839,74.0800463570,74.3340355180
2013.08.02,74.7926075331,75.2159208949,74.7714426724,75.1524209302
2013.08.05,74.9196272107,74.9619569462,74.4610353387,74.5739164278
2013.08.06,74.4539533726,74.7926072907,74.3199020784,74.7926072907
2013.08.07,74.9055382728,75.4487951768,74.9055382728,75.3500221730
2013.08.08,75.4769810532,75.9144026110,75.3429297332,75.5545837629
2013.08.09,75.2088756804,75.6815755839,75.1242162247,75.6745242178
2013.08.12,75.9214802397,75.9355883591,75.1171828636,75.1595126046
2013.08.13,74.3128377745,74.3340026314,73.9389109481,74.0729568362
2013.08.14,74.0376694397,74.3339881444,73.9882829889,74.1858287921
2013.08.15,73.4450814928,73.8190085255,73.1558193172,73.1840409363
2013.08.16,73.3463107114,73.3533674620,72.4361836548,72.9300539290
2013.08.19,72.6195881909,72.6760314048,72.1116100311,72.2950477850
2013.08.20,72.5913858701,72.9229831115,72.5631642556,72.8524317667
2013.08.21,72.5066940479,72.8100695620,72.0410510395,72.0551591501
2013.08.22,72.2880096112,72.8312662650,72.1327934244,72.7889311523
2013.08.23,72.6760649612,73.6496866286,72.4855703719,73.5791352699
2013.08.26,73.7696439991,74.0024683886,73.6073763696,73.9460251336
2013.08.27,74.2846524127,74.9619550785,74.1082713419,74.8772902268
2013.08.28,74.3692977792,74.4821788359,74.0377005918,74.2705194533
2013.08.29,73.9953868692,75.0042868366,73.9318922657,74.8631841292
2013.08.30,74.7996815105,75.2653301172,74.6021355741,74.7785166434
2013.09.03,73.9855256183,74.0421178138,73.2215525666,73.7237961587
2013.09.04,73.8865561911,74.0280368028,73.5328627571,73.5611588795
2013.09.05,73.1932850666,73.2852433725,72.5283400019,72.5354153783
2013.09.06,73.0376775676,73.4408877751,72.7264256892,72.8962023849
2013.09.09,73.4267030982,73.4337730757,72.9173840779,72.9315294299
2013.09.10,72.6698550379,73.1013560605,72.4081199549,72.4222653176
2013.09.11,72.8042349528,73.0801153230,72.2878457048,73.0659699642
2013.09.12,73.4620944428,73.5682035080,72.9032584031,72.9669260010
2013.09.13,73.2215938782,73.4479573910,73.0235264791,73.2498899919
2013.09.16,73.8016128338,73.8582050322,72.7546787514,72.7617541254
2013.09.17,73.1225543759,73.3842839624,72.8395986581,73.3630632280
2013.09.18,73.3064419220,74.6646277492,72.8466451345,74.2684877427
2013.09.19,74.3109315113,74.3392222134,73.6813581484,73.8299086209
2013.09.20,74.0562660880,74.4028838293,73.8864895072,74.2189618985
2013.09.23,74.4241364727,74.7919804920,74.3533988988,74.7636843831
2013.09.24,74.9758807456,75.5771580880,74.8697717095,75.5700881100
2013.09.25,75.3649347279,75.8883990626,75.2588257068,75.7257032409
2013.09.26,75.3225015904,75.4215352486,75.1173588995,75.1951718304
2013.09.27,75.1881076134,75.5630215743,75.1598115073,75.3790995832
2013.09.30,75.4498018883,75.6195730363,75.1102541952,75.2658799963
2013.10.01,75.1084710385,75.2006702340,74.8460504514,75.0375481642
2013.10.02,75.1297077450,75.5197914646,75.0091383811,75.1509840550
2013.10.03,75.0020630903,75.4701636701,74.9665989576,75.0304333144
2013.10.04,74.9453528587,75.0233696534,74.7183963861,74.9737230941
2013.10.07,75.3212486437,75.4347295850,75.1652204660,75.2786959962
2013.10.08,75.1651729001,75.5410688109,75.0587859378,75.2999246688
2013.10.09,75.0871775506,75.1368240923,74.6829113073,74.6970937145
2013.10.10,74.3282884177,74.8460301296,74.1226083503,74.8176599053
2013.10.11,75.2928245924,75.3424711124,74.7608952735,74.7963539814
2013.10.14,74.7467443765,74.9240542370,73.9949522993,74.1935384774
2013.10.15,74.5765488173,74.6829358450,74.1368182950,74.1439122064
2013.10.16,74.0942350159,75.0800772696,73.9523839007,75.0729833611
2013.10.17,75.5481812772,75.9737292617,75.3850592394,75.7538613601
2013.10.18,75.9666550545,76.2290756581,75.8744558532,75.9170084982
2013.10.21,75.8247747777,75.8318632746,75.5056138519,75.6758297657
2013.10.22,76.3141285570,76.6829359312,76.2857583428,76.5198085520
2013.10.23,76.6475124407,77.1156131073,76.6262361215,76.8177284053
2013.10.24,77.0304615864,77.0730142022,76.5056261504,76.5198085520
2013.10.25,76.6900101446,76.9169664053,76.6545514417,76.8034909805
2013.10.28,76.6049565670,76.8673717075,76.5340337023,76.5411222011
2013.10.29,76.3283132211,76.6474686489,76.2502964879,76.6403747429
2013.10.30,76.5482335808,76.7468198117,76.0375801808,76.1794313536
2013.10.31,76.5340220735,76.6049449274,75.9879047351,76.3425244158
2013.11.01,76.0708643077,76.0921977007,75.4806151169,75.5161743888
2013.11.04,75.7152745631,75.8575007646,75.5374890984,75.5872688115
2013.11.05,75.2316977553,75.2601440807,74.6627820991,74.6841154867
2013.11.06,74.6272509448,74.7694771893,74.4494654264,74.7196974611
2013.11.07,74.7054583391,75.4166002350,74.6485656853,75.3525946431
2013.11.08,73.9374418671,74.0370013228,73.5249781645,73.5392040442
2013.11.11,73.6245790313,73.6601383251,73.2192280406,73.2618948526
2013.11.12,73.3969672304,73.6671992448,73.3756338379,73.6031990673
2013.11.13,73.8663708672,73.9872637858,73.7739188730,73.8734783855
2013.11.14,74.1792346493,74.7552634702,74.0654547286,74.3285738471
2013.11.15,74.4281287170,74.4850159569,74.1792246618,74.4779084429
2013.11.18,74.4210174701,74.9614869535,74.4210174701,74.9259276804
2013.11.19,74.6343395252,74.7694582211,74.2503276774,74.3569946209
2013.11.20,74.2574574268,74.5561358093,72.9987382861,73.0911848067
2013.11.21,72.8991843175,73.3827612032,72.6502856467,73.2120831784
2013.11.22,73.5961235611,74.0512542513,73.5890160437,73.8948074848
2013.11.25,73.8450202018,74.2574840736,73.8450202018,74.1081448288
2013.11.26,74.3072588324,74.6201631865,74.3001513156,74.3854849209
2013.11.27,74.4423314798,74.4565519300,73.9303084632,74.2574330737
2013.11.29,74.0156739586,74.3854654778,73.9232220096,74.2787930735
2013.12.02,74.0362937186,74.1147526517,73.6226021516,73.7010610847
2013.12.03,73.9649633518,74.1504122336,73.7937826988,73.9720974662
2013.12.04,73.2873783533,73.5013582770,73.0234705063,73.2659814493
2013.12.05,73.0948060815,73.3587085059,72.9093571636,73.0591409444
2013.12.06,73.1518523634,73.4585539975,73.0092027186,73.4086260776
2013.12.09,73.3943507715,73.6297275430,73.3444228601,73.5797996316
2013.12.10,74.0648357157,74.1432946662,73.7866650518,74.1076349698
2013.12.11,73.8579877158,74.0149001589,73.4799557924,73.5370178308
2013.12.12,73.4870318799,73.5797589796,73.2017273547,73.2587893481
2013.12.13,73.5655541060,73.6796781911,73.3159144722,73.6154820328
2013.12.16,73.8793278054,73.9577866874,73.2730590779,73.3443838502
2013.12.17,73.1875157595,73.7509910944,73.1732475303,73.6725321590
2013.12.18,73.3444244653,73.9792245416,73.0805166756,73.3016252248
2013.12.19,73.3657967790,73.4727866817,73.0733580742,73.2302758727
2013.12.20,73.9791847279,74.3857419224,73.6796174143,74.3572109247
2013.12.23,74.2146165982,74.4713903271,73.9364459655,73.9364459655
2013.12.24,73.6296883813,73.7152759314,73.3229869627,73.3443838502
2013.12.26,73.2406340867,73.2477915152,72.9973361116,73.0617365899
2013.12.27,73.0402944366,73.2120345629,72.7683721151,72.8542394485
2013.12.30,73.0975782713,73.4052824367,73.0474871495,73.3551913149
2013.12.31,73.1977573290,73.3838123989,72.3962939550,72.8900531770
2014.01.02,72.7898592110,73.2693034875,72.7683923717,73.1118727198
2014.01.03,72.8542597289,73.3122371661,72.8184834832,73.1118727198
2014.01.06,73.2621032932,73.7057710651,73.2549513240,73.4195339690
2014.01.07,73.5769773239,73.6986263364,73.3909223605,73.6056015844
2014.01.08,73.3122199655,73.4839655587,73.0617644663,73.4052501934
2014.01.09,73.6843321992,73.8560723382,73.3551613247,73.8346055033
2014.01.10,74.2568245031,74.8078322508,74.1995814118,74.7148074503
2014.01.13,74.7863035255,75.2371232064,74.7576792738,75.0868499794
2014.01.14,74.8865195004,75.0153259616,74.7004645098,74.7433981771
2014.01.15,74.4500129637,74.7863412669,74.3712975965,74.6646867707
2014.01.16,75.0296361178,75.1870668453,74.9366113514,75.1656000115
2014.01.17,75.0368238908,75.5091108046,74.9867327717,75.4804919876
2014.01.21,75.4589426756,75.6664643740,75.4231664611,75.5376579909
2014.01.22,75.4017432735,75.6736655910,75.3087130510,75.3516521766
2014.01.23,75.7666857088,76.6325491648,75.7666857088,76.4178753881
2014.01.24,76.7040979369,76.9187716726,76.5609766535,76.9116197031
2014.01.27,76.7256000112,76.9975223851,76.3534899630,76.3749622600
2014.01.28,76.5037404657,76.5609835246,76.2461275920,76.5609835246
2014.01.29,76.8329183169,77.3910777745,76.5609905589,77.1907134010
2014.01.30,76.9044933493,77.0476092310,76.6468803947,76.9688938582
2014.01.31,77.4268655178,77.5771442798,77.1764100136,77.4841140500
2014.02.03,77.3305989638,78.4425951915,77.2014633177,78.4282492190
2014.02.04,77.8543171008,77.9619310588,77.4597398861,77.5960512644
2014.02.05,77.2588413313,77.3234064036,76.7709962715,76.8786101988
2014.02.06,76.7423218042,76.7781894750,76.4194799260,76.5486155826
2014.02.07,76.3764172591,76.9216571687,76.3620712891,76.6131668154
2014.02.10,76.4840541494,76.8499394395,76.4553567273,76.8284122678
2014.02.11,76.4840217094,76.5414165293,76.1611854261,76.3835835113
2014.02.12,76.1683769692,76.1970743872,75.7737997875,75.9890222120
2014.02.13,76.4696936056,76.5701373078,76.2616468986,76.4194744912
2014.02.14,76.4553586728,76.5055777944,76.2401307382,76.4625343969
2014.02.18,76.5198894346,76.9072907578,76.4911920267,76.6346735928
2014.02.19,76.8929943610,76.8929943610,76.2616674002,76.3118865281
2014.02.20,76.2760127870,76.4984109982,75.8240406398,76.1253554046
2014.02.21,76.0105277130,76.5342459008,76.0105277130,76.5270701794
2014.02.24,76.5485847637,76.5772821729,76.1683536705,76.3333624050
2014.02.25,76.6992749990,77.0221113894,76.6849235525,77.0149356662
2014.02.26,76.9862089156,77.4238348171,76.9359898190,77.4238348171
2014.02.27,77.6821171413,77.8829935563,77.5529815212,77.8471258956
2014.02.28,77.6821567341,78.0121689375,77.3234471035,77.8902089767
2014.03.03,78.3022430848,78.5179935668,78.1296459913,78.4101183258
2014.03.04,77.9211081869,77.9211081869,77.2091401967,77.2307141530
2014.03.05,77.1947704355,77.5112031597,77.0940882936,77.3961402061
2014.03.06,76.7776516356,76.9286748299,76.6050489962,76.6338161028
2014.03.07,75.9721705146,76.3533249813,75.9434034151,76.1519607715
2014.03.10,76.1879504320,76.3102065371,76.0728819895,76.2598654652
2014.03.11,76.2166704391,76.4755633012,76.0728349749,76.4611824982
2014.03.12,76.8927312870,77.1372490025,76.7920491356,76.9934134385
2014.03.13,76.7344986687,78.0505649956,76.6985439003,78.0289910373
2014.03.14,78.3669623034,78.3741554486,77.8995066321,78.0433366140
2014.03.17,77.7988525563,77.8851538685,77.4320788376,77.4608459417
2014.03.18,77.4393068406,77.7773136074,77.3817726066,77.7413533394
2014.03.19,77.6118602837,77.6550136783,76.8135910681,77.1372168372
2014.03.20,77.0149399931,77.4032875468,76.9430249987,77.0005591889
2014.03.21,77.2451077851,77.8995416296,77.2163406785,77.8348197547
2014.03.24,77.7053719589,78.4532947988,77.6334514476,78.3885729227
2014.03.25,77.9642607618,78.2591139721,77.7916581401,78.0937044979
2014.03.26,78.0648955460,78.7337152111,78.0145545169,78.7049481249
2014.03.27,78.8488392515,79.3882101906,78.6906228981,79.1005445924
2014.03.28,79.0070604415,79.0286344025,78.4029620995,78.6546729426
2014.03.31,78.2015492393,79.8771953355,77.9138838021,78.4604475841
2014.04.01,78.0567207260,78.1288207889,77.7538916602,77.7899444421
2014.04.02,77.4294219291,77.5447864057,77.2707985244,77.3428985718
2014.04.03,77.5231228470,77.8259517358,77.4654461309,77.6817461933
2014.04.04,77.7755120620,78.3667412688,77.7610887516,78.2009062043
2014.04.07,78.3162344489,78.7993106076,78.3018111452,78.6695283783
2014.04.08,78.6119168932,78.9291638504,78.3884049920,78.8570637694
2014.04.09,78.5037255833,78.8426018488,78.3306843736,78.4676783110
2014.04.10,78.5325973610,79.4699148229,78.5181795466,79.1959268413
2014.04.11,79.7006366899,79.8808896210,79.4050192424,79.8376306778
2014.04.14,79.6573446499,79.8159625426,79.5275623733,79.6285035328
2014.04.15,79.7511094775,80.4000211475,79.5636448837,80.1260331641
2014.04.16,79.6213302621,80.2269775106,79.5852774731,80.2269775106
2014.04.17,80.2990747190,80.3567514741,79.0949810037,79.3473394985
2014.04.21,79.5780658064,79.7583187370,79.1959249727,79.2824483597
2014.04.22,79.0661439580,79.6645794754,79.0300911734,79.5492204664
2014.04.23,79.7438398826,80.0682982323,79.6933693172,80.0034043620
2014.04.24,79.6357264297,80.1836967681,79.6357264297,80.1548556449
2014.04.25,80.3855740790,80.7460798446,80.2630034389,80.2702150944
2014.04.28,80.1115762368,80.2341468533,79.7078116174,79.8808528113
2014.04.29,79.4338015980,79.8375716056,79.3400721235,79.7726777379
2014.04.30,79.8304280038,80.2197750390,79.5852811294,80.1044105096
2014.05.01,80.1397685489,81.0070853913,80.1108574360,80.9637159649
2014.05.02,80.6167981228,81.7443040151,80.4433369504,81.4624275420
2014.05.05,81.4985959634,81.5347307332,80.8697914140,80.9709775924
2014.05.06,81.0288205918,81.4552473794,80.9782274897,81.2962444256
2014.05.07,81.1733246220,81.3612441151,80.9059064543,81.0070926012
2014.05.08,81.1950218884,81.4985859004,80.5589937722,80.6601799381
2014.05.09,80.6095834033,80.8119557265,80.2120679155,80.3999819217
2014.05.12,80.2337853607,80.3205132437,79.8940864477,80.0747768896
2014.05.13,80.5445401989,80.7685944907,80.4650359959,80.7685944907
2014.05.14,81.4045904977,81.8382516212,81.3539974352,81.6431030128
2014.05.15,82.2357912684,82.6911344798,82.1056939957,82.2936135038
2014.05.16,82.1129160179,82.3947924985,81.9755895992,82.0623229448
2014.05.19,82.3442034554,82.3658854143,81.3973878212,81.4552045403
2014.05.20,81.3829377830,82.0189713851,81.3757086245,81.6359031864
2014.05.21,81.1083036604,81.2384009626,80.8553382157,81.1372147847
2014.05.22,81.1372372098,81.2384234156,80.7975382982,81.0215926806
2014.05.23,81.3251072725,81.6069892811,81.2745141970,81.4552045403
2014.05.27,81.5636218087,81.9611427791,81.2383813887,81.9322316618
2014.05.28,82.4670679622,83.0019098109,82.4598388048,82.9440930944
2014.05.29,83.0236242749,83.2549077588,82.4887767381,82.5032350576
2014.05.30,82.3658875443,82.6839043212,82.2574722326,82.4670736980
2014.06.02,81.9120326404,82.3757945873,81.5569661092,81.8540610150
2014.06.03,81.4555101615,81.5497098968,80.8033432631,80.8468192135
2014.06.04,80.9844843896,81.0279603314,80.6294124367,80.8250652317
2014.06.05,80.5280291989,81.1367205125,80.4483195563,80.8613579186
2014.06.06,81.2526582927,81.4555590828,80.7888961149,80.8613579186
2014.06.09,80.7599015066,80.8975827885,80.5787442528,80.7454113588
2014.06.10,80.4627828665,80.6294443950,80.3106114814,80.4482871945
2014.06.11,80.6221733676,80.8250684754,80.3250730108,80.5931875624
2014.06.12,80.6511500759,81.4120066443,80.4337593257,81.3105591018
2014.06.13,80.8468038948,81.6076660535,80.8178180905,81.2670897640
2014.06.16,81.3105789896,81.6149216914,81.2308693970,81.4699981749
2014.06.17,81.2091174601,81.2236075979,80.7815892899,80.8250652317
2014.06.18,81.0134835683,81.7091263942,80.8395687155,81.4482596434
2014.06.19,81.5279634718,81.5641915839,80.2453677832,80.4047869561
2014.06.20,80.4120842183,81.0135276391,80.3613604074,81.0135276391
2014.06.23,81.2164002369,81.2888620139,80.7309002497,80.7598805377
2014.06.24,81.2671156979,81.6294300742,81.0279868828,81.5787062826
2014.06.25,81.9554914480,82.1438964271,81.6583966044,81.7888299702
2014.06.26,82.0351790923,82.4627127158,82.0351790923,82.1801080869
2014.06.27,82.3757768684,82.4772244269,82.0062147461,82.0569385253
2014.06.30,82.2888482032,82.4627631029,81.9482717684,82.2598623865
2014.07.01,81.7309195396,81.9052772826,81.5129682037,81.5710892990
2014.07.02,81.0989322151,81.1279927868,80.6194466392,80.6993618257
2014.07.03,80.1907907619,80.5395119951,80.1617301972,80.4087422255
2014.07.07,80.8373586716,81.2296679105,80.8083036549,80.9971889774
2014.07.08,81.5420378173,81.9924680415,81.5420378173,81.9052863889
2014.07.09,81.8471841824,82.1958997642,81.6437602932,81.9706873867
2014.07.10,82.4864828020,82.5736644508,81.9634039942,81.9924645439
2014.07.11,82.3484675567,82.5882129951,82.2976129676,82.5155643740
2014.07.14,82.2976264095,82.3920746210,82.0433534225,82.1595901268
2014.07.15,81.9706705173,82.4356282258,81.7309251400,81.9924645439
2014.07.16,82.0942058069,82.5155756271,82.0506177368,82.4283939442
2014.07.17,82.9877925448,83.5835201344,82.7771076537,83.4672779010
2014.07.18,83.4599980742,83.5181191817,82.9005976574,83.1984586333
2014.07.21,83.5544643986,84.0048892224,83.5544643986,83.6125799759
2014.07.22,83.6125729402,83.8813789409,83.2929178921,83.7869362858
2014.07.23,83.9177187279,84.0048948712,83.6707067224,83.6779732485
2014.07.24,83.1984769918,83.2420706033,83.0023251392,83.0531797338
2014.07.25,83.7942020389,84.0412140212,83.6634378364,84.0339474957
2014.07.28,83.9758847980,84.2011029032,83.6344354604,83.9177691818
2014.07.29,84.1792621621,84.3245594361,83.8523349815,84.2228502358
2014.07.30,83.6561738856,83.8232651780,82.9442040189,83.0531797338
2014.07.31,82.4792337035,83.2420580497,82.4356456412,82.8061607987
2014.08.01,82.7333262236,83.6729816634,82.3472673999,83.4471693731
2014.08.04,83.4253411776,83.6292964202,83.2286716386,83.2286716386
2014.08.05,83.0902679731,83.6220131709,82.8061866732,83.4981784432
2014.08.06,84.1100623263,84.1100623263,83.4763394159,83.5491797883
2014.08.07,83.6511121597,84.3285378156,83.4544427049,84.3285378156
2014.08.08,84.4451633065,84.8020851518,84.0445327760,84.1465104461
2014.08.11,84.2412033077,84.3650325348,83.9789734399,84.1392256432
2014.08.12,84.0662972118,84.0881487516,83.5709752644,83.5928268043
2014.08.13,83.6730404466,84.1465057926,83.6074802010,84.1392256432
2014.08.14,84.4451034346,84.8602995276,84.0517588901,84.8165964307
2014.08.15,85.0132897980,86.2151753176,84.9987239474,85.7417045908
2014.08.18,85.3774809436,85.4430411523,84.7801811495,84.8894444591
2014.08.19,85.2827578924,85.3337466772,84.4815031769,84.6271838316
2014.08.20,84.5252496146,84.5762384256,84.1828937874,84.4888266535
2014.08.21,84.5470655700,85.0496733223,84.5106426243,84.9622615870
2014.08.22,85.0351203365,85.5377281977,84.6490614809,85.4357505965
2014.08.25,85.5522902703,85.7926684157,85.3774723270,85.7562510211
2014.08.26,85.9092114257,85.9456288178,85.3774663737,85.4794439633
2014.08.27,85.7344302825,86.2516097446,85.5159091501,86.2079010723
2014.08.28,86.7760173022,86.9508407833,86.4409472994,86.6594738721
2014.08.29,86.6230625656,86.9945555663,86.4992334179,86.7177600200
2014.09.02,85.6233803693,85.6963869132,85.1999346163,85.2218415925
2014.09.03,84.9808863572,85.6963580450,84.9151765907,85.6963580450
2014.09.04,85.1415465701,85.3313625013,84.6377918658,84.6523909490
2014.09.05,85.0101003459,85.1269096770,84.2800239240,84.4917467548
2014.09.08,84.9881997352,85.1488118707,84.2873214621,84.5282480203
2014.09.09,84.3165348230,84.6085665419,84.2873310941,84.4625534674
2014.09.10,83.9368986892,84.0464112816,83.8054846923,83.9295963644
2014.09.11,84.1486080238,84.3530285260,83.6448535218,83.6521558455
2014.09.12,83.0023601666,83.1702745637,82.6592234812,82.7760327700
2014.09.15,83.1192107631,83.2798284888,82.7614748276,82.9001911489
2014.09.16,82.9440070251,83.1265261841,82.5570672994,82.5643640554
2014.09.17,82.8855707288,83.1045958713,82.3015129654,82.3526180893
2014.09.18,82.6300417280,82.8490668616,82.3891151950,82.6154426518
2014.09.19,82.9220655437,83.7251483409,82.6446329914,83.6667409014
2014.09.22,83.7105580198,83.9879850311,83.5499403296,83.7689598953
2014.09.23,83.8930801455,84.3019211391,83.7908643271,84.2873164921
2014.09.24,84.1704929989,84.3603143868,83.6959423141,83.8200539420
2014.09.25,84.1851225336,84.8202911173,84.1851225336,84.8129887924
2014.09.26,84.7034912969,84.9006151135,84.4114650901,84.6888922146
2014.09.29,85.4189363283,85.5430479759,85.1707130331,85.3678312045
2014.09.30,85.1707417821,85.4481688945,84.7837964919,84.8860067738
2014.10.01,85.5512586045,86.5539573801,85.5073466644,86.5320014100
2014.10.02,86.2392728267,86.5100706656,85.7342630001,85.7781749558
2014.10.03,85.6317975924,86.1953548290,85.5073766625,86.1441223530
2014.10.06,86.0855987084,86.5027791526,85.8953042089,86.1953786275
2014.10.07,86.5906154536,87.4103409978,86.4954709821,87.3591085003
2014.10.08,87.4249443928,87.4761768715,86.7369661905,87.3810324350
2014.10.09,87.2932074768,87.5859669064,86.9345801071,87.0004536311
2014.10.10,87.4761680415,87.8860334138,87.3224706208,87.8640774372
2014.10.13,87.9445914955,88.6838021447,87.8640825204,88.3983632636
2014.10.14,88.7862643178,89.1302561853,88.3251720435,88.9765587605
2014.10.15,91.1795714981,93.4484471472,89.1741731750,89.6791830162
2014.10.16,90.8429138268,90.8502287648,88.8814327489,89.1083186729
2014.10.17,88.6984872536,89.0790707562,88.1788417096,88.6106577142
2014.10.20,89.1302352474,89.1814677103,88.5154456928,88.9326259146
2014.10.21,88.4422512594,88.7350105819,88.2153654369,88.2226859555
2014.10.22,88.1714672833,88.4495856120,87.9884933762,88.3178441755
2014.10.23,87.8567598999,87.9592248505,87.1394996618,87.5347240072
2014.10.24,87.7761943243,88.1275064883,87.4395231918,87.6224969976
2014.10.27,87.7470076677,88.0251261270,87.5786747211,87.7836046999
2014.10.28,87.4468992607,87.5713201875,87.1541398687,87.2346488411
2014.10.29,87.0663407379,87.6957716958,86.6711162585,87.4322887095
2014.10.30,88.0616880239,88.1641529724,87.4688543097,87.5054457434
2014.10.31,87.3444573654,87.6152608690,86.9711944626,87.2785894122
2014.11.03,87.2345317885,87.4252901092,86.7282909211,87.2785507865
2014.11.04,87.6160946626,87.9756020175,87.3666460628,87.5500661265
2014.11.05,87.2419006180,87.5793927817,87.1758665004,87.4253206372
2014.11.06,87.0144149189,87.2565305734,86.8016471254,86.8603428472
2014.11.07,87.1024859685,87.8581754336,87.0731380983,87.8581754336
2014.11.10,87.7335154095,87.7335154095,86.9851581659,87.0511923215
2014.11.11,86.9263829797,87.1684930535,86.8236626606,87.1098029251
2014.11.12,87.4546889328,87.6968047736,86.9044287115,87.0364913885
2014.11.13,87.0877710172,87.4399397073,86.8970183411,87.2418486674
2014.11.14,87.1905332407,87.7407932705,87.0731473450,87.6674263861
2014.11.17,87.8802058674,87.8875442361,87.2198926250,87.4473372736
2014.11.18,87.5426938171,87.7334521767,87.4253079326,87.6894275722
2014.11.19,87.2198420942,87.7334212508,87.1318041112,87.1318041112
2014.11.20,87.9681921006,88.0048727250,87.3518982773,87.5866755439
2014.11.21,87.7261094706,88.1589835423,87.6894232349,88.1149589400
2014.11.24,87.7995135441,88.2397205714,87.7114754971,88.1883631782
2014.11.25,88.3130230862,88.9733303051,88.2689985001,88.9219729526
2014.11.26,89.2448148317,89.4135636570,89.1200906030,89.1641096020
2014.11.28,89.6043390324,90.0005269158,89.6043390324,89.8684642880
2014.12.01,90.2118173529,90.3074098574,89.3146986129,89.3441129859
2014.12.02,88.8588014608,88.8661564580,88.4543663771,88.4764257585
2014.12.03,88.4617319600,88.8294033221,88.3367194331,88.8220483240
2014.12.04,88.7926460979,89.5647583081,88.6970535504,89.5647583081
2014.12.05,89.3956297811,89.4176891689,88.6235175468,89.0426627456
2014.12.08,89.2853420329,90.3295277034,89.0794468990,90.1309875701
2014.12.09,90.8883480487,91.1604268418,90.4177292138,90.5942098744
2014.12.10,90.5794930078,91.4766117914,90.5059598769,91.2560067885
2014.12.11,90.9913042260,91.6310543954,90.6604022547,91.6310543954
2014.12.12,92.2487587660,92.9105684564,91.9325611144,92.8738046799
2014.12.15,92.3885001337,93.1679619696,92.2340787668,92.6826384750
2014.12.16,93.6532631480,93.9179870152,92.9179203190,93.8297438561
2014.12.17,93.3223513181,93.5282463910,92.4325816515,92.9840887153
2014.12.18,91.8663526539,91.9913595514,91.3295500791,91.3295500791
2014.12.19,91.6090065539,92.6164225904,91.5060590116,92.5575994307
2014.12.22,92.2487831593,92.7929410543,92.1531905827,92.6826384750
2014.12.23,92.2487433104,92.3590458420,90.8074722317,90.8442416123
2014.12.24,90.6828718317,91.4197715036,90.5870768983,91.3387120899
2014.12.26,91.7808720109,91.8103430554,91.3903103958,91.6777064891
2014.12.29,92.0461494988,92.5988243055,91.9724550269,92.3630109908
2014.12.30,92.8346015111,93.0040852478,92.5029933628,92.6135294122
2014.12.31,92.6283084260,92.9746522532,92.5914668069,92.7904272917
2015.01.02,93.0630439910,94.0725983892,92.9598785047,93.8220496210
2015.01.05,94.3304878787,95.5242725494,94.2936462821,95.2958355351
2015.01.06,96.3127871614,97.6318439022,95.9369723676,97.0128396175
2015.01.07,96.3127859518,97.2486516940,95.9222300208,96.8212485302
2015.01.08,96.0622575041,96.0696224541,95.3695698993,95.5390537034
2015.01.09,95.2074592886,96.6149407142,95.0895526128,96.5854696674
2015.01.12,96.5338550254,97.4991917765,96.4749017035,97.1381181410
2015.01.13,96.8212454417,97.7202639224,96.6370205275,97.1381181410
2015.01.14,98.5382240235,98.8329793916,97.7865832174,97.8750188232
2015.01.15,97.8970832619,99.5035184496,97.7718004773,99.4150941256
2015.01.16,98.9877037749,99.2456118341,98.0297322478,98.1476388575
2015.01.20,98.8403382343,99.5624966303,98.7961260613,99.4519661977
2015.01.21,99.6288570980,99.9162475886,97.9782086365,98.3024351241
2015.01.22,98.7444996307,98.8771360987,97.4770320195,97.9486470903
2015.01.23,98.9656275478,99.5698794279,98.8550858512,99.3119712909
2015.01.26,99.3635654414,99.6214848668,98.7814195521,99.0098566889
2015.01.27,100.0194485354,100.3142153252,98.8551450152,99.1646529555
2015.01.28,99.2972245382,101.2573802406,99.2603773080,100.7857649301
2015.01.29,100.3067173184,100.7120141345,99.8203723832,100.1224925150
2015.01.30,101.4784279935,102.0605736103,101.0878609411,101.8984548321
2015.02.02,100.9378618620,101.8386981271,100.9083312338,101.5138048817
2015.02.03,100.1626024367,100.2659765895,99.2174641055,99.3651511242
2015.02.04,98.5675918957,99.6751758478,98.2943801927,99.5348800778
2015.02.05,98.9441662658,99.1139926502,98.2870002390,98.4420669496
2015.02.06,97.5042955621,97.7258145743,96.4262423788,96.6994540428
2015.02.09,97.4452776976,97.4526575376,96.5444414724,96.5444414724
2015.02.10,96.0940032531,96.3376731254,95.5771328878,95.7765011955
2015.02.11,95.7691184256,96.1900058599,95.2227173920,95.9537158055
2015.02.12,95.7395481471,96.3893229936,95.5844814547,95.6361741078
2015.02.13,95.6288075774,95.6435785202,94.5802959766,94.6541394237
2015.02.17,94.3661731839,94.4621617836,92.9779974240,93.2290527643
2015.02.18,93.6425410478,94.3218579261,93.3841058912,93.7828368329
2015.02.19,93.6129803779,94.1076997820,93.1625625224,93.1625625224
2015.02.20,93.8123885162,94.5212361289,93.0370772855,93.4358082927
2015.02.23,93.9158112801,94.6394302127,93.8936604849,94.5065198081
2015.02.24,94.2554540651,95.8356020686,93.9084099763,95.7469989027
2015.02.25,95.5918810753,96.2785776970,95.3112895437,96.1604327083
2015.02.26,95.7690723223,96.2121103275,94.8091641557,94.8460858672
2015.02.27,95.2670079575,95.7100348579,94.7132158818,95.6435825128
2015.03.02,95.4378910107,95.4896844323,93.7880707213,93.8620580981
2015.03.03,93.8769193290,94.2320398005,93.4996048863,93.5218045019
2015.03.04,93.9138578254,93.9878395672,93.3367923374,93.5513376952
2015.03.05,93.6105614461,93.8695004644,93.1444712132,93.4330040685
2015.03.06,92.2344538986,92.3528292143,90.9767472133,91.3688555689
2015.03.09,92.2418951631,92.3824645025,91.8349868882,92.2123013209
2015.03.10,93.1962505032,93.5439710007,93.0408871064,93.4255956635
2015.03.11,93.4107988528,94.2985912785,93.3072232580,94.1062341833
2015.03.12,94.8460542342,94.8460542342,93.7511107210,94.0396435147
2015.03.13,93.7806648936,94.3947182762,93.5809080320,93.7510710754
2015.03.16,94.6536759156,94.8090336048,94.1579864479,94.6536759156
2015.03.17,95.1050032209,95.5193055807,94.9052462657,95.4379239537
2015.03.18,96.1111827484,97.3097020492,95.1494028442,97.2801138580
2015.03.19,97.0655268737,97.3762535849,96.3774915752,96.7843996335
2015.03.20,97.0803235097,97.4354381270,97.0211358587,97.2948688669
2015.03.23,97.4354298659,97.4724235557,96.9101578520,97.1764966146
2015.03.24,97.5316142753,98.1308736878,97.2726697269,98.1160739536
2015.03.25,98.1900756434,98.2196638272,97.2578954535,97.2874836373
2015.03.26,96.9545458390,97.0211277075,95.5710586014,95.7708154957
2015.03.27,96.1999084470,97.0137243928,96.1629147605,96.9619309741
2015.03.30,96.8435888103,96.9175762084,96.2443292674,96.4810799104
2015.03.31,96.3553241096,96.8880018435,96.1111792075,96.6882448710
2015.04.01,97.3651065571,98.2176861407,97.3428661375,97.9582108082
2015.04.02,97.8099355733,97.8395970105,96.8313230815,96.9202847682
2015.04.06,97.4392338296,97.4763049650,96.1714847121,96.3790694952
2015.04.07,96.5495646327,97.2835322475,96.2678489453,97.1871495765
2015.04.08,97.1352389813,97.3873045016,96.3938618190,97.2167909217
2015.04.09,97.0240589697,97.0611301030,95.7340695037,95.9564736789
2015.04.10,96.6162837241,96.7126550691,96.0454201032,96.0973106255
2015.04.13,96.0306412955,96.3642589588,95.9268488821,96.2308164184
2015.04.14,97.3502476123,97.7580073737,96.7349031200,96.9128377375
2015.04.15,97.1574990338,97.3206029475,96.6162967634,96.8312912064
2015.04.16,96.9943918695,97.0166322831,95.9416374789,96.3493972495
2015.04.17,96.2085444591,97.6393973530,96.1566426132,97.4540530105
2015.04.20,97.0759621334,97.1278526708,96.3271636918,96.5940600182
2015.04.21,96.5495765124,96.7126804469,96.0528550074,96.1566473918
2015.04.22,96.0083679236,96.0454390540,94.5552689797,94.6887171305
2015.04.23,94.7480324093,95.5264809289,94.6071688956,95.0964806865
2015.04.24,95.3707875332,95.9564706970,95.3337164010,95.6895856952
2015.04.27,95.6895856952,96.0083725447,95.1706124692,95.6895856952
2015.04.28,95.0223262169,95.4449167036,94.3476758220,94.3699162358
2015.04.29,93.2726688945,93.7397401764,92.8797398617,93.2133630139
2015.04.30,92.7018134347,93.5395677038,92.3088843912,93.3764638013
2015.05.01,92.6618181681,92.8921151026,91.8892023328,92.1194992673
2015.05.04,92.3423839511,92.5132476137,91.1686017134,91.2503210887
2015.05.05,91.2725772139,91.3988686913,90.4033866906,91.1239996719
2015.05.06,90.6262935058,90.6782962355,89.4228001412,89.5639471689
2015.05.07,90.2102484741,91.0571530936,90.1508151789,90.7674228641
2015.05.08,91.6589142600,91.7852114495,90.8640122300,91.0125954918
2015.05.11,90.3513960246,90.3736820921,88.7764477973,88.7987338648
2015.05.12,88.5089930841,89.6159110906,88.2712656129,89.0290201562
2015.05.13,89.6307701122,89.6827728181,88.1375414580,88.3158356403
2015.05.14,88.3455504177,89.0215912489,88.1746868165,88.5535612372
2015.05.15,89.4301990910,90.5668395700,89.3633408870,90.3291063970
2015.05.18,89.3856579857,89.4673773754,88.7541946123,88.8136279262
2015.05.19,87.8627197128,89.0290716791,87.7587142382,88.0261585066
2015.05.20,88.2341095741,88.7392811084,87.7958018954,88.1746819631
2015.05.21,88.8358926835,89.6010779956,88.7393121546,89.4079226057
2015.05.22,89.6307666345,89.7050554019,88.9993036100,89.4450418821
2015.05.26,89.7719845533,91.0423478515,89.6976957272,90.9754839405
2015.05.27,90.7674766885,91.2726486617,90.3440241276,91.1834986660
2015.05.28,91.0051156488,91.3988511606,90.7971048627,90.9605435283
2015.05.29,91.5474838368,91.8000668799,91.0125954304,91.1611730242
2015.06.01,90.9109841151,91.1119968119,89.8537944473,90.1813709043
2015.06.02,89.4667071153,89.5337151764,88.6775376673,88.9232244246
2015.06.03,88.1414677650,88.2978122842,87.2555098093,87.4937498881
2015.06.04,88.0447108670,88.8115461712,87.9553686808,88.6328674790
2015.06.05,87.7320048030,88.2754930922,87.3895349868,87.5533261337
2015.06.08,87.8213418286,87.9702454443,87.3820889423,87.4565379101
2015.06.09,87.1512874898,87.2034023340,86.4440137936,86.7641494591
2015.06.10,86.3026012300,86.4589458430,85.8112332579,86.0047995329
2015.06.11,86.7790237023,87.8287727052,86.5407836398,87.8138795062
2015.06.12,87.5458587259,88.6477225650,87.5160836882,87.8138795062
2015.06.15,88.5136868072,88.6402505616,87.6575098755,87.9553112883
2015.06.16,88.3052685691,88.6551849658,87.8064542369,88.6477383649
2015.06.17,88.2233711665,88.3201542546,87.2927448884,87.9627969446
2015.06.18,87.3820793970,87.6575411160,86.9204867587,87.5309773165
2015.06.19,88.2308277173,88.7370886969,88.2159345143,88.6551931208
2015.06.22,87.7319959573,87.9553485315,86.8013696984,86.8460436213
2015.06.23,86.1611359150,87.0768693116,86.1313551821,86.3249214259
2015.06.24,86.7417853676,87.2331529168,86.4812112369,87.0693618404
2015.06.25,86.8013711020,87.1661806911,86.5035752384,86.7641494591
2015.06.26,86.1164121552,86.2653157336,85.5282558007,85.7888356429
2015.06.29,87.0768287106,88.3499246283,86.7045782429,88.0595697179
2015.06.30,87.4044226349,88.3722705723,87.3523077897,87.4490908794
2015.07.01,86.4179158547,86.8208320506,86.1269217731,86.2686901641
2015.07.02,86.7909980946,87.0446886358,86.4626946974,86.5522335401
2015.07.06,88.0818146187,88.5294974056,87.3431320429,88.1564274677
2015.07.07,89.2831118301,89.9024036808,88.7533474402,88.9846547026
2015.07.08,89.5517056846,89.9620848947,89.1637154526,89.7531666396
2015.07.09,88.5668328835,88.8802160706,87.9326148991,87.9848444816
2015.07.10,86.5820675023,87.0894428200,86.3731492585,86.5895304946
2015.07.13,86.0970832820,86.8954527536,86.0970832820,86.3209275308
2015.07.14,86.5671616292,86.7536966321,86.2985564623,86.6044709068
2015.07.15,86.6342857245,87.7087287724,86.5820561704,87.5221938373
2015.07.16,87.2162630862,88.1638636280,87.2013427980,88.1265543685
2015.07.17,88.3205946679,88.7085849667,88.3131316739,88.5817425318
2015.07.20,88.2609098621,88.5295207436,87.9699156892,88.2086802847
2015.07.21,87.8057181355,88.7383927394,87.7907978466,88.6861631893
2015.07.22,88.7981359482,89.4622001896,88.7533636707,89.2383558799
2015.07.23,89.2383103634,90.4321327901,89.1263882657,90.3500569646
2015.07.24,90.6559763179,90.6932855810,90.2232139124,90.5739004929
2015.07.27,91.1708297952,91.2454426414,90.6410711865,91.0589076795
2015.07.28,90.4023257449,90.7082401868,90.2083277497,90.3948627509
2015.07.29,90.2978310529,90.4097531552,89.8501483364,90.0590665579
2015.07.30,90.4395764326,90.9842608225,90.3948098801,90.7529536852
2015.07.31,91.3573807554,91.7006044623,91.0738439204,91.4245306210
2015.08.03,91.4671230861,92.5364332091,91.4671230861,92.3868816597
2015.08.04,92.0952854035,92.2149255452,91.5718433814,91.6540984748
2015.08.05,91.0558883895,91.1605813669,90.6221864207,90.9661597019
2015.08.06,91.2278634969,91.8784249052,91.2278634969,91.7737376494
2015.08.07,92.1999554631,93.0972763264,92.1550854264,92.9776305020
2015.08.10,92.2821996608,92.4018397661,91.6166798245,91.8260599926
2015.08.11,92.9477163651,93.5683604822,92.8430291307,93.2842102323
2015.08.12,93.4187772258,94.0020361070,92.7233518587,92.7756954581
2015.08.13,92.5962549114,93.0374359700,92.1401152750,92.4766091093
2015.08.14,92.3271176676,93.0001114796,92.1252166715,92.6935231911
2015.08.17,93.2542880499,93.5459175558,93.0150021551,93.1122100888
2015.08.18,92.5738717580,92.9402772368,92.2598042139,92.3794500793
2015.08.19,92.0204923242,93.4188230312,91.9681486991,93.2917036138
2015.08.20,93.7478542149,94.2937226965,93.6057761995,94.2338997737
2015.08.21,94.3385826662,94.7722845475,93.9123486656,94.5180457103
2015.08.24,95.9462976009,96.4024374279,94.0843532426,94.4881494357
2015.08.25,93.1346317639,93.3140947276,92.3943363421,92.9701216702
2015.08.26,91.9756160048,92.3569799125,90.7492749145,91.1755031507
2015.08.27,91.0932576896,91.8784177521,90.9661382753,91.2278563945
2015.08.28,92.0877615394,92.3270474121,91.3998153685,91.4970232932
2015.08.31,92.2448183289,92.3270734057,90.7343211968,90.7941441081
2015.09.01,91.1561462595,91.4933707567,90.6615499492,91.4484090150
2015.09.02,90.9912245760,91.4108882113,90.5715666582,90.6614958052
2015.09.03,90.9612575383,91.1785820445,90.4591659468,91.1036439396
2015.09.04,91.7630774564,92.1227882471,91.2909624037,91.9354401872
2015.09.08,90.9612856772,91.0961765946,90.4966658532,90.5790995092
2015.09.09,89.6497834863,91.2085205764,89.5973262629,91.0136770108
2015.09.10,90.6915133600,90.8189144802,90.2643596964,90.3992506279
2015.09.11,91.0287545011,91.4858846176,90.9238399548,90.9688016982
2015.09.14,91.3884321201,91.5383140818,90.8863404128,91.1111604965
2015.09.15,90.5940747366,90.7139803020,89.2676522949,89.3650712787
2015.09.16,89.1477380467,89.5074489904,88.8404900709,89.0278382105
2015.09.17,89.0877782724,90.2043772130,88.9753739714,90.1144480548
2015.09.18,90.8338421789,91.5757389728,90.7738894212,91.5008008845
2015.09.21,90.6840029433,90.7589410622,89.7622475010,90.0095484389
2015.09.22,91.0062065777,91.7181270057,90.7813865913,91.2609972261
2015.09.23,91.1411227130,91.4783470688,90.6690017540,91.2535270200
2015.09.24,92.3026542706,92.6848459695,91.7930672445,91.8755008603
2015.09.25,91.1636438191,91.3734729080,90.8788708692,91.0812101459
2015.09.28,91.5757460557,92.7522918573,91.5757460557,92.6398875748
2015.09.29,92.5798862456,93.1419302327,92.3625618845,92.9021250269
2015.09.30,92.4825678682,92.7748306018,92.2652432708,92.5799868736
2015.10.01,93.1776859965,93.5080994219,92.8622890193,92.9749267045
2015.10.02,94.3116659347,94.7772562971,93.2528310061,93.5381895144
2015.10.05,92.9073397297,92.9899445145,92.2014463793,92.2690347165
2015.10.06,92.0287440509,92.8172365648,91.9236117157,92.6670491515
2015.10.07,92.2239851864,92.6144816221,91.9987040697,92.3591561481
2015.10.08,92.5844241948,92.6445014387,91.3603804278,91.5856614987
2015.10.09,91.5932136535,92.0963479064,91.5406474738,91.8260059166
2015.10.12,92.3892026494,92.6895832265,92.2990924867,92.5243736226
2015.10.13,92.7647102723,92.8172764625,92.2165208217,92.6821054407
2015.10.14,92.8923367444,93.5306476187,92.5919618968,93.4930978981
2015.10.15,93.3504098162,93.4630532414,92.9524080125,93.0350128090
2015.10.16,93.3054211335,93.4706308441,93.0200625519,93.0651176623
2015.10.19,92.9599332969,93.0951042820,92.2991005530,92.8097401306
2015.10.20,92.2165490851,92.3442090534,92.0288118156,92.2390766408
2015.10.21,92.8247657690,93.2828449171,92.7196334133,93.1551850179
2015.10.22,93.1927236797,93.7033689764,92.7496667388,93.3128782104
2015.10.23,92.4417633582,92.7121052886,92.2540262247,92.5168570657
2015.10.26,93.0200053655,93.2678140498,92.9749445535,93.1326430724
2015.10.27,93.5005877999,93.7934572204,93.2377570032,93.3654168574
2015.10.28,93.3203810352,93.3729472086,92.5919656978,92.9899675435
2015.10.29,92.5018326562,92.5318712825,91.3904264010,91.5105809061
2015.10.30,91.7959269737,92.2239673147,91.6307174160,92.2014397803
2015.11.02,91.6498166252,91.9508518269,91.5745592602,91.7777547199
2015.11.03,91.5519539856,91.6196838704,90.9047305140,91.0251411119
2015.11.04,91.1380316928,91.4691708915,90.8369965797,91.1305042360
2015.11.05,91.1004404386,91.1079621565,90.5360015406,90.8897117602
2015.11.06,89.9264086177,89.9565127163,89.3619696884,89.5576434582
2015.11.09,88.8803112862,89.4823817451,88.8050539143,89.0534084092
2015.11.10,89.1813390768,89.7156738371,89.0910267930,89.3168046317
2015.11.11,89.0684353254,89.2415324051,89.0082271462,89.1286435045
2015.11.12,89.3694971485,89.8887828008,89.3318655898,89.5576434582
2015.11.13,89.7984947461,90.2349956807,89.7232373503,90.0694259647
2015.11.16,90.1521589567,90.3102011197,89.6554500945,89.9865893360
2015.11.17,89.5576179348,90.4080369457,89.3017417825,90.1371058775
2015.11.18,89.9941180500,90.4531953714,89.8285484269,90.3252515543
2015.11.19,90.9724632530,91.1756643972,90.8219485654,90.9273099951
2015.11.20,91.0101085519,91.0928933651,90.5209271305,90.6488652085
2015.11.23,90.7090596788,91.1530877682,90.5510175343,90.9273099951
2015.11.24,90.9875677294,91.2133398838,90.7467406530,90.9198320638
2015.11.25,91.1907124070,91.3788586350,91.0251428077,91.1305042360
2015.11.27,91.2509512292,91.3036319610,91.0327008424,91.0402283017
2015.11.30,91.1380597144,91.4616715557,91.1079556196,91.4014633662
2015.12.01,91.4520300703,92.6511756281,91.4520300703,92.6360945332
2015.12.02,92.5078452407,92.7944319524,92.1533792461,92.6662225619
2015.12.03,91.5274015144,91.5575694432,89.7399905727,90.1472489805
2015.12.04,90.1472908532,91.2031458355,90.1020418160,90.9391835284
2015.12.07,91.1126471033,92.3570474823,91.1051094326,91.8215794140
2015.12.08,92.2212296375,92.3343579112,91.5952581767,91.8667637319
2015.12.09,91.5198815013,92.1232287236,90.8863720965,91.7687626621
2015.12.10,91.8516773425,92.0326791175,91.6254208082,91.8893829289
2015.12.11,92.7868817886,93.5938551786,92.6662158281,93.3374364164
2015.12.14,92.8246077202,92.8774001651,91.8215455135,92.1307625149
2015.12.15,91.2710099710,91.7084364656,91.1277194499,91.5877704608
2015.12.16,91.3087383837,92.1383367412,90.8788552322,91.3916987948
2015.12.17,91.8441513469,92.5983322655,91.7385664786,92.4248738764
2015.12.18,92.8246018723,93.1564376104,92.6285131948,92.9377301767
2015.12.21,93.0885596887,93.3525218840,92.7039257733,92.9150955295
2015.12.22,92.5003294620,92.6134577979,92.0025670859,92.2439048505
2015.12.23,91.4294212075,91.7160080918,91.1579154208,91.5500872494
2015.12.24,91.8024409330,92.1047469846,91.7495378065,92.0745158028
2015.12.28,92.1954622992,92.7093810105,92.0896560144,92.3466182531
2015.12.29,91.9687452667,92.0065299341,90.6990639699,90.8124295040
2015.12.30,90.6310582662,91.0996331987,90.4421175982,90.7217518626
2015.12.31,91.1222651862,91.3414369569,90.8804214678,91.1298244241
2016.01.04,92.1500713256,92.5430650730,91.6890559921,91.7873029874
2016.01.05,91.3565594117,91.8251341886,91.1902965224,91.4170217892
2016.01.06,92.4297522165,92.6715959758,92.2408115993,92.6489182583
2016.01.07,92.7169238727,92.9058644572,92.0442958531,92.8151709009
2016.01.08,92.5280241062,93.3140179766,92.3768738783,93.2308836214
2016.01.11,92.2332737478,92.8000957307,92.0972362413,92.2106017911
2016.01.12,92.4599674668,93.9563795270,92.3163765345,93.5407079086
2016.01.13,93.3593214096,94.8481741495,93.1628215857,94.4627337396
2016.01.14,94.0697459805,94.4476271770,93.2157307862,93.5784992719
2016.01.15,94.7726204682,95.1958456312,94.5307766942,95.0371361951
2016.01.19,94.5685403204,95.2789587710,94.4325028674,94.7423681971
2016.01.20,95.9666922838,96.6771048723,95.5434615063,95.7399613042
2016.01.21,95.9365329723,96.2010488027,94.9767109744,95.0900765491
2016.01.22,94.4022778319,94.8708467983,94.1075252109,94.7272501068
2016.01.25,95.1883311066,95.4301749942,94.9616057054,95.2412342769
2016.01.26,95.2184974114,95.5737066405,95.0371160608,95.2865190216
2016.01.27,95.0371609796,95.4452735358,94.6139357063,95.2638920995
2016.01.28,94.8784228776,95.5359383141,94.8179604951,95.3999008364
2016.01.29,96.2916946320,96.6317854214,95.9213668873,96.2085603029
2016.02.01,96.0048973988,96.2169113895,95.6262993362,95.9140317841
2016.02.02,96.9967975083,97.7085519351,96.9210732983,97.6934163362
2016.02.03,97.1330956179,98.3900436688,96.8605046135,96.8832195677
2016.02.04,97.0876528871,97.3678116546,96.5500445265,97.3526760564
2016.02.05,96.8377847312,97.6782726558,96.6106236468,97.4662587247
2016.02.08,98.2234548314,99.6697017992,98.1931605247,99.5636948335
2016.02.09,99.9801716759,99.9953188336,99.1624100249,99.6697300443
2016.02.10,99.7226755829,100.5858782551,99.2759328740,100.5480161577
2016.02.11,101.7973593702,102.4106858435,100.7145638557,101.2521777153
2016.02.12,100.4344605781,100.8054907169,99.1396505458,99.5712577412
2016.02.16,98.9806908779,99.0034058402,98.2916395443,98.5188007212
2016.02.17,98.1629180811,98.3067872123,97.4587311381,97.9130419405
2016.02.18,97.9887356153,99.1926744638,97.9508735051,99.1169502434
2016.02.19,99.1472372227,99.8135733404,98.9882209932,99.2002349300
2016.02.22,99.2683791569,99.2759469559,98.9654938888,99.1472250497
2016.02.23,98.3446223986,99.7530074526,98.2688981754,99.5485612929
2016.02.24,100.2527474881,101.0023757003,99.1548155801,99.3516939380
2016.02.25,99.5561385764,100.3739117393,99.4349959831,99.7075754835
2016.02.26,98.6702263726,99.0488244396,98.4657801813,98.7459506076
2016.02.29,98.7913726435,99.3214075843,98.7535105291,99.1775384817
2016.03.01,99.2442982972,99.2670563436,97.3477172556,97.4311557087
2016.03.02,97.3477093209,97.8408157212,97.2642592988,97.8332335649
2016.03.03,97.9166752353,98.5766816234,97.6890832331,98.1897717469
2016.03.04,97.6739248057,97.9622088317,96.9228803249,97.5601345722
2016.03.07,97.4463170479,97.6132170807,97.1428687568,97.5297670643
2016.03.08,98.8877158410,99.3732400053,98.5842560035,98.6070140443
2016.03.09,97.9242634568,98.3870296455,97.7194294846,98.0077134769
2016.03.10,98.2429306353,98.5008629645,97.0442896292,97.6056819715
2016.03.11,97.7270612756,97.7725773814,96.5056564863,96.6194525388
2016.03.14,96.9683733209,97.4007934690,96.8469951714,96.9228572383
2016.03.15,97.4842831284,97.6056671152,96.8091006188,97.0139288616
2016.03.16,96.9153246972,97.4994751010,96.6270463629,97.3022231960
2016.03.17,97.4918385707,98.1215048067,97.4766742584,97.7042547014
2016.03.18,97.8939030593,98.2504611524,97.6359708656,97.9090789460
2016.03.21,97.2946127271,97.5753030323,96.9152964982,97.1580644411
2016.03.22,97.7346168405,97.8787588536,97.0442585546,97.1352907414
2016.03.23,97.4160100407,98.4856847310,97.3249662617,98.2353345965
2016.03.24,99.0622416364,99.1077577381,97.8636007957,98.2732572871
2016.03.28,98.1518706014,98.7436029894,98.0760027257,98.4022207003
2016.03.29,98.9105390962,99.4491618524,98.6374308503,99.4339975324
2016.03.30,98.6449575638,98.6753093384,97.8483913294,98.3870253586
2016.03.31,98.6069799871,99.2366459098,98.4628380610,99.0849218313
2016.04.01,99.5715302196,99.6855677950,98.7505083959,99.3434666686
2016.04.04,99.4270609490,99.5639036801,99.0317632809,99.4042557604
2016.04.05,100.3545481317,100.6206242307,100.1797044209,100.4913909140
2016.04.06,99.9896144876,100.0960425658,99.3890585318,99.7615510057
2016.04.07,100.4913470770,101.0995124666,100.3545043544,100.9930843934
2016.04.08,100.4761678441,100.6510115276,100.0732606258,100.3545324122
2016.04.11,99.8299931726,100.4837574658,99.6703452313,100.2252908941
2016.04.12,99.6474884266,100.0047850435,99.2293741302,99.5334509277
2016.04.13,99.3510736268,100.0276547978,99.2218403245,99.8832141658
2016.04.14,99.5182933030,99.8223702168,99.1990090634,99.4042557604
2016.04.15,99.8071678975,100.4685531981,99.7767648445,100.2556970277
2016.04.18,99.8375783238,99.9212012158,99.3282431092,99.8223709981
2016.04.19,99.6475276858,99.8223713333,99.0469601145,99.5106849532
2016.04.20,99.7083153504,100.0808077219,98.2715308895,98.4159714416
2016.04.21,97.6405869518,98.1195191020,97.5265494114,97.8306379194
2016.04.22,97.9523069677,97.9979173596,97.4885819835,97.5798027674
2016.04.25,97.3517110728,97.7014099761,97.1768674211,97.1768674211
2016.04.26,97.1236997380,97.1236997380,96.6371694663,96.7359939340
2016.04.27,97.2452771668,97.9294676062,97.0172194869,97.7014041264
2016.04.28,97.4657785002,98.1727627869,97.3365335877,98.1043471978
2016.04.29,97.6482020441,98.6060665135,97.4581510430,98.3551978001
2016.05.02,98.0047649572,98.1875738010,97.3496728129,97.3649049460
2016.05.03,98.6826939750,99.0407100733,98.5303494194,98.5912779431
2016.05.04,98.7817579321,99.1550121482,98.4085153392,99.1321610353
2016.05.05,99.0711701140,99.8405292651,98.7969452764,99.7948154395
2016.05.06,99.6729883777,99.6806015402,99.2464071898,99.3682875292
2016.05.09,99.3759254946,99.7034658741,99.2692830893,99.6806147603
2016.05.10,99.6729667966,99.8786267487,99.5206105937,99.6881931183
2016.05.11,99.6577134553,100.5489413130,99.5282200014,100.2518653605
2016.05.12,99.5282153844,99.9166957280,99.4748883995,99.7948154395
2016.05.13,100.1528749838,100.7927409646,99.9624413090,100.7622650677
2016.05.16,100.2747499070,100.2899878547,99.7720022432,99.8938825781
2016.05.17,99.9472315449,100.4195034172,99.9472315449,100.0614871194
2016.05.18,99.6425177161,99.6729936141,98.1952263850,98.6370339211
2016.05.19,98.7817353069,99.2768697606,98.7588841993,99.0635850068
2016.05.20,98.7588721477,99.3301730161,98.6827056724,99.1397393933
2016.05.23,99.2997535394,99.5815917089,98.9645883523,99.3606937209
2016.05.24,99.0026381303,99.1702206573,98.4465751760,98.9188468668
2016.05.25,98.8960410017,99.2159682569,98.4999356090,98.5456378422
2016.05.26,98.8807723095,99.3682820169,98.8731591474,99.0559680232
2016.05.27,99.0788510948,99.2235709434,98.7970013148,98.9112685088
2016.05.31,98.2790102200,99.3606720549,98.2485343243,99.1473872775
2016.06.01,99.7099410303,100.1984528501,99.3130215370,99.5496428119
2016.06.02,99.9160377497,100.5190517091,99.8931396649,100.2671611289
2016.06.03,101.4120861222,101.6945035279,101.2136322219,101.6945035279
2016.06.06,101.3510077828,101.4349712774,100.8319691956,100.9388307663
2016.06.07,101.2441572531,101.5036765750,101.1678225599,101.1830918279
2016.06.08,101.4197061584,101.8471524588,101.2975869633,101.7250332637
2016.06.09,102.5265442650,102.6944596851,102.2288458438,102.3815152845
2016.06.10,102.8852523018,103.2974410261,102.4807040352,102.8776234909
2016.06.13,103.1142753573,103.3432678669,102.8700252215,103.3356390538
2016.06.14,103.9538900178,103.9767880995,103.2134876504,103.2592838139
2016.06.15,103.4424703805,103.9844071260,103.2821721766,103.6561935544
2016.06.16,104.3736959906,104.9995962328,103.9462380032,104.1599728204
2016.06.17,103.9615450681,104.0149817036,103.2440406014,103.5112004848
2016.06.20,102.4654625733,102.7020838631,102.2898950737,102.4043971361
2016.06.21,102.5036230031,102.7249866790,101.8700938129,101.9311476059
2016.06.22,101.9005609734,102.2745822066,101.7097359528,102.0990148018
2016.06.23,101.2212174451,101.7631655911,100.8166693610,100.9311597067
2016.06.24,104.2744538794,104.2744538794,103.2745323554,103.6409132362
2016.06.27,105.6712955134,106.5490862006,105.6407569790,106.2285014719
2016.06.28,106.4346114125,106.7857230800,106.0071650449,106.4498806819
2016.06.29,106.6177619155,106.9612563088,105.5338770742,105.6331098231
2016.06.30,105.9537160712,106.8162491641,105.4041389064,106.0224103051
2016.07.01,107.6780027899,107.6856573002,106.4391856478,107.4944812390
2016.07.05,108.4733226927,109.2839074814,108.3586100328,108.8403775337
2016.07.06,109.1921808630,109.3527739869,108.5574862193,109.0163020461
2016.07.07,108.6567847733,109.4979638113,108.4197284085,109.0085537351
2016.07.08,109.2915533338,109.8268440893,108.8633207294,109.8115584024
2016.07.11,109.3909474046,109.7121217956,108.7715388171,108.8480022425
2016.07.12,107.3797648356,107.7162365583,106.7832964793,107.0585904644
2016.07.13,108.1062591807,108.4121479472,107.7850847273,108.3203754830
2016.07.14,106.5079939655,106.9362264261,106.3626983088,106.7450503870
2016.07.15,106.2097412690,106.3779770875,105.6667962787,105.8273892576
2016.07.18,106.3474100916,106.4926940763,105.3226976784,105.7279899382
2016.07.19,106.2480460072,106.5309829407,105.8350990393,106.3245094567
2016.07.20,105.7050713336,105.9191876025,105.4603720270,105.7433088820
2016.07.21,104.7950802961,106.0033145844,104.7568544129,105.9574341898
2016.07.22,105.4756749068,106.4774474971,105.4297945086,106.1409756858
2016.07.25,106.2479759289,106.4926751420,105.9803248607,106.0644427677
2016.07.26,106.6915543993,106.6915543993,105.8809696536,106.2327271210
2016.07.27,106.7144581884,107.5556256871,106.5997455737,107.5556256871
2016.07.28,106.9056928136,107.7009803697,106.8368722081,107.3568656740
2016.07.29,107.4026915825,108.3432743852,107.2268129016,108.2515136245
2016.08.01,107.0855291997,107.6371225064,106.9552935147,107.0778724028
2016.08.02,105.5916264672,106.6871445001,105.3388119159,105.9746766924
2016.08.03,106.1815288764,106.3194213487,105.6529176864,106.0359679180
2016.08.04,106.8403991635,107.3766672673,106.6948381732,106.8327306757
2016.08.05,106.5263184333,106.6259035882,105.5840177238,105.7219102565
2016.08.08,105.4154083008,106.1355327794,105.2009011472,105.9210256258
2016.08.09,106.2657723073,107.0395293623,106.1968143997,106.9629146604
2016.08.10,107.1774252899,107.6447469318,106.8480077782,107.3766188456
2016.08.11,107.3000841508,107.3154094411,106.1356075752,106.4190728413
2016.08.12,107.5681575995,107.9129004339,107.1544568463,107.3153430703
2016.08.15,106.7484703647,106.9706461173,106.2964737503,106.3041305491
2016.08.16,106.4726299528,106.6028656176,105.8980546548,106.0206335239
2016.08.17,106.2045161185,106.8250556535,106.1049193127,106.6565126082
2016.08.18,106.6412221282,107.0702366781,106.3271180150,106.8250905166
2016.08.19,106.2121889476,106.5262930057,105.7984997584,106.2658216018
2016.08.22,106.9859112309,107.3613046178,106.7714040640,107.1621227314
2016.08.23,107.4608792054,107.7060251927,107.0012144057,107.2770109476
2016.08.24,107.3306994928,107.3996457418,106.7867629195,107.0242522368
2016.08.25,106.6871267090,107.0855021498,106.4573059640,106.6181804855
2016.08.26,107.0472440554,107.7827058470,105.8904362443,105.9976898713
2016.08.29,106.7791092200,107.5222277640,106.6488735161,107.4149741437
2016.08.30,107.3843435189,107.4532897826,107.0012931339,107.0012931339
2016.08.31,106.9936311401,107.3843383055,106.7484732945,107.1545057477
2016.09.01,106.3900287267,107.5259284302,106.3516633904,107.2726539711
2016.09.02,106.6509950481,106.7200667127,106.0446680954,106.3977205666
2016.09.06,106.4592119832,107.5106761425,106.3057036499,107.1729765468
2016.09.07,107.7331872937,107.7715643566,107.0961655238,107.0961655238
2016.09.08,106.5742515678,106.8889270197,105.3462560887,105.7530271026
2016.09.09,104.4329400495,104.4713053902,103.9263910735,104.0108159028
2016.09.12,103.8573600408,104.2487780149,103.7345581117,104.0645751212
2016.09.13,104.2794631339,104.3792411561,102.3530563550,102.8826293788
2016.09.14,102.8826312779,103.5426769600,102.8826312779,103.0361278226
2016.09.15,102.5448882120,102.8825874932,102.0997402242,102.5909359848
2016.09.16,103.2893627080,103.4658830810,103.0130643494,103.4198353064
2016.09.19,103.2433253937,103.5119413431,103.0360986759,103.0821464552
2016.09.20,103.7268717644,104.0569004725,103.3584777021,103.4429025613
2016.09.21,103.3047480632,104.2948106590,102.9823901185,104.2794574923
2016.09.22,104.8934207700,105.3692633804,104.7629481739,105.1083181883
2016.09.23,105.1697307387,105.4076520702,104.9241386811,105.0085635127
2016.09.26,105.2004582970,105.7837497988,105.1620812365,105.6763010561
2016.09.27,106.3670086115,106.5281875316,105.8758128370,106.4514334342
2016.09.28,106.2979630601,106.7968296825,106.0830655879,106.2212089439
2016.09.29,105.5764996664,106.7354233967,105.4920748364,106.4898196328
2016.09.30,106.3362987190,106.4053703701,105.0469026768,105.5380983807
2016.10.03,105.8586971933,105.9279048550,105.1513336491,105.1897797429
2016.10.04,105.0437265499,105.2128800333,103.9211753228,103.9596214294
2016.10.05,103.8135314894,103.8596621237,103.1215367788,103.4752245285
2016.10.06,103.0062393218,103.5598305540,102.7832588836,102.8985972340
2016.10.07,102.9754680780,103.2522636681,102.3296156117,102.9677835482
2016.10.10,102.1450720271,102.3834214550,101.8836455503,102.3603561382
2016.10.11,102.1527798126,102.6833056830,101.9298111225,102.1297144906
2016.10.12,102.0067127268,102.2758238487,101.6761018882,102.2296931952
2016.10.13,102.7524801191,102.9754487625,102.5448805324,102.6140882161
2016.10.14,101.6991815819,102.2220113723,101.1302093994,101.1763400594
2016.10.17,101.5684582527,102.0605381035,101.5607619892,101.8221768435
2016.10.18,101.3839370462,102.1758779754,101.3608717168,102.1528126459
2016.10.19,101.7760266254,102.4680214817,101.7375922435,102.2373565296
2016.10.20,102.7524938108,102.8370705624,102.1835218697,102.3449908436
2016.10.21,102.6602363721,102.8140090903,102.1604603731,102.4987673922
2016.10.24,102.5756675769,102.6064174301,101.7145191709,102.0528262162
2016.10.25,101.8990706115,102.6910114499,101.8683207532,102.3219544893
2016.10.26,101.8452482166,102.1066630563,101.4838758132,101.6299522951
2016.10.27,100.7764852062,100.7764852062,99.9999136908,100.5227549644
2016.10.28,100.2536382906,100.6688257424,100.2075076551,100.2997689261
2016.10.31,100.6380718616,100.9456172408,100.4996799606,100.9148673957
2016.11.01,100.2678313164,101.3771269359,100.0521362520,100.9226157067
2016.11.02,101.1459865227,101.7699621529,100.9379907279,101.3616815121
2016.11.03,100.7222927807,100.9533979066,100.4834884606,100.5836367578
2016.11.04,101.1229279790,101.5234978721,101.0150804302,101.4849901261
2016.11.07,100.7223103237,100.9148960031,100.4835059619,100.6221620089
2016.11.08,100.9303212661,101.0766882851,99.9211740357,100.2138963191
2016.11.09,98.0030206710,98.1185732768,95.6919920655,95.9616108940
2016.11.10,95.4994033250,96.2620410951,94.5364747699,94.5441798440
2016.11.11,94.7213581927,94.7906921069,93.7122109180,94.0126441658
2016.11.14,93.4271835759,94.4902605120,93.0034985181,93.4502929219
2016.11.15,94.1512999005,94.6057993408,93.8123471808,93.9124955083
2016.11.16,94.2129460102,94.8600312732,94.1127976644,94.7598888045
2016.11.17,93.9432975314,94.0665551945,93.2037691847,93.3655404596
2016.11.18,93.6968152671,93.9587349385,92.7030721099,93.0959486784
2016.11.21,93.3732570746,93.5812529374,93.1267475952,93.3270383839
2016.11.22,93.7199214957,93.7969546115,93.1190490875,93.2962305432
2016.11.23,92.4333910340,93.1421105708,91.8633392536,92.9341148133
2016.11.25,93.3578485828,93.4348816896,92.7492770474,93.0728196225
2016.11.28,93.5273029629,93.7738123731,93.2807876753,93.7584022291
2016.11.29,93.5504207991,94.2899490972,93.3732393894,94.1512871739
2016.11.30,92.4179924378,93.2191493584,92.0405262511,92.6259823308
2016.12.01,91.4781761084,91.8486860476,90.8066187458,91.6479956177
2016.12.02,91.9876464207,92.7904259622,91.9644902811,92.3195648283
2016.12.05,91.8023717775,92.9370694840,91.4318559571,92.2191998670
2016.12.06,92.1188818031,92.5820282169,91.9490681257,92.1497586233
2016.12.07,92.4893686221,93.1068930532,92.4893686221,92.9370735402
2016.12.08,91.9722379436,92.0957393536,91.6866317311,91.8410158551
2016.12.09,91.5785217519,91.7483412620,90.5287337704,90.6985532805
2016.12.12,90.5210383194,90.9301517483,90.2199967000,90.8683981112
2016.12.13,91.3932797740,91.4627481894,90.6522538975,91.1925834255
2016.12.14,91.9181706132,92.0185158394,90.1582334821,90.1736689441
2016.12.15,90.7448695424,91.3083610426,90.3357620987,90.6290888615
2016.12.16,90.7834908709,91.0227788599,90.1582514730,90.4206956043
2016.12.19,91.0691001168,91.5322406454,90.8838391941,91.3932978979
2016.12.20,90.7988889442,91.0073059171,90.6059133192,90.9378316297
2016.12.21,91.0227391050,91.3932548870,90.8760816383,91.3392219489
2016.12.22,90.9592535126,91.3229986043,90.9360367458,91.1759512086
2016.12.23,91.5087203798,91.6248100951,91.2842818381,91.3616789180
2016.12.27,90.8741021187,91.0907997686,90.7270606588,91.0675830068
2016.12.28,91.2146608763,92.0040605658,91.0908302323,91.7331884128
2016.12.29,91.9421319430,92.3058710985,91.8337831044,92.0582157668
2016.12.30,91.9266587399,92.5999745036,91.8802252061,92.1975308617
2017.01.03,91.6402930753,92.8630878327,91.4622880556,92.5922157632
2017.01.04,92.6850589144,93.0565388033,92.4451386689,92.9481900103
2017.01.05,93.2190881423,94.4418887541,93.0023904956,94.4031961198
2017.01.06,93.7453927478,94.0627043568,93.4513038138,93.5364359087
2017.01.09,94.3258186002,94.4186915700,94.0007720627,94.2871259578
2017.01.10,94.0704111956,94.3490241499,93.8614485276,94.2251935460
2017.01.11,94.3722856316,94.9527285773,93.9621068946,94.5425498404
2017.01.12,95.0378351671,95.3009663976,94.2871282140,94.3335617478
2017.01.13,93.9001668013,94.2252133481,93.3506816661,93.8846850202
2017.01.17,95.0455531362,95.1461669807,94.4109360356,94.8675540190
2017.01.18,94.2406915892,94.3877389898,93.5751226024,93.6525137958
2017.01.19,93.2500368073,93.3196929896,92.5225527640,93.0101224222
2017.01.20,92.7470207883,93.1107659011,92.3213662621,92.8244178882
2017.01.23,93.1339462069,94.3180540588,92.8862909362,93.7530873358
2017.01.24,93.4667231807,93.7453360674,92.7160224686,93.1107191376
2017.01.25,92.3136644871,92.5613199596,91.7564381977,91.9421842305
2017.01.26,92.0273207874,92.2981930510,91.5784433766,92.2517535883
2017.01.27,92.4065377439,92.7393253395,92.2904479492,92.5845369784
2017.01.30,92.4374241944,92.7779465173,92.2516783042,92.3058527127
2017.01.31,92.3522716490,93.1803693693,92.2903563660,92.9481900103
2017.02.01,92.3735249003,92.7070315704,91.9702173984,92.3735249003
2017.02.02,93.0172595722,93.1801340765,92.2959548147,92.3347369946
2017.02.03,92.6371900541,92.9706965777,91.8848609717,92.2959259135
2017.02.06,92.8854391599,93.1724060799,92.3890578698,92.8544145896
2017.02.07,92.9009337949,93.8549199495,92.6605008098,93.5369225922
2017.02.08,94.1728929417,94.8321485545,94.1651412398,94.8088816143
2017.02.09,94.1651820272,94.3047837286,93.5834846020,93.7153345982
2017.02.10,93.1568496125,93.8083475072,93.1568496125,93.6609882695
2017.02.13,93.2654489653,93.3895472055,92.9784762228,93.3662743474
2017.02.14,93.2576888638,93.3042286613,92.1641012586,92.6915069307
2017.02.15,92.1098080685,92.4665816170,92.0244920115,92.2649249444
2017.02.16,92.4665698299,93.2344083273,92.3890114018,92.7690518415
2017.02.17,93.5447004662,93.6145013155,93.1724115182,93.3197767564
2017.02.21,92.8233624624,93.5446672351,92.7613133403,93.1568690975
2017.02.22,93.6919974878,93.7075068039,92.7535211373,93.3119511941
2017.02.23,93.5136486708,93.6454986259,93.3275072097,93.5912071199
2017.02.24,94.1186118248,94.7313336249,94.0488109966,94.6305082340
2017.02.27,94.4753888546,94.5451956026,94.0255474718,94.0720813589
2017.02.28,94.2349306674,94.6847778472,94.0953231261,94.4210720835
2017.03.01,92.8156448386,92.9011252252,92.4348664152,92.8389565933
2017.03.02,92.4814554839,92.6368710669,92.1783909470,92.5047672285
2017.03.03,92.6524440252,92.7456910316,92.1240225840,92.7456910316
2017.03.06,92.5669531380,92.5669531380,92.1006944444,92.3027394830
2017.03.07,92.0695799312,92.2249954823,91.8908467116,92.0229505229
2017.03.08,91.1604040348,91.6577410406,91.0982413556,91.5256371954
2017.03.09,91.1837319768,91.2925300243,90.7407909420,90.7951870014
2017.03.10,91.0282912471,91.1681676368,90.6708306798,91.1137715924
2017.03.13,90.7873886859,90.9894277339,90.5231751119,90.5387202256
2017.03.14,90.7408249196,91.1915386827,90.6942014023,90.9739543637
2017.03.15,91.3547099016,92.3416176448,91.2536903233,92.0851764899
2017.03.16,91.6888611972,91.8131984617,91.4091082809,91.6189259325
2017.03.17,91.7820973859,92.2794344954,91.7199287651,92.1939541239
2017.03.20,92.1240316157,92.6524531088,92.0851747401,92.5902844793
2017.03.21,92.5125362310,93.4838984092,92.4892185585,93.3595612046
2017.03.22,93.8102926294,94.1599807090,93.5849358494,93.7325848260
2017.03.23,93.8958294893,94.0434726259,93.2974665928,93.6005313585
2017.03.24,93.6626708419,94.1056119714,93.5616512611,93.9346511971
2017.03.27,94.6728970273,94.7816891770,94.1755597917,94.3620597729
2017.03.28,94.6417785759,94.6650903241,93.6315593457,93.7325848260
2017.03.29,93.9812542783,94.3231698023,93.9346248528,94.2920854949
2017.03.30,94.0822747525,94.0978139419,93.4994573225,93.5305416302
2017.03.31,93.4683792840,93.8802360136,93.4139832241,93.8025282034
2017.04.03,93.7986220463,94.9044301871,93.7596888637,94.7486796328
2017.04.04,94.5151024380,94.6864192078,94.1880291072,94.2347572638
2017.04.05,93.8842806189,94.6318654337,93.7285360105,94.5228430195
2017.04.06,94.4138514552,94.5462409511,93.8531611757,94.3827013351
2017.04.07,94.8810790376,95.2003632713,93.9855384510,94.0011105384
2017.04.10,94.3359455927,94.7097409600,94.2269231817,94.4371789912
2017.04.11,94.8499342899,95.5118579138,94.7876340581,95.3327462328
2017.04.12,95.4027939083,95.9323337649,95.2314713162,95.8544555385
2017.04.13,96.1348429039,96.3606767892,95.7143311905,96.1504209326
2017.04.17,96.1425895289,96.2126787444,95.6753498769,95.8544555385
2017.04.18,96.4541182144,97.3263035590,96.2127122640,97.1082527669
2017.04.19,96.6410413189,96.6955525476,96.3295460372,96.5787410743
2017.04.20,96.1893823565,96.5008776670,95.8934650791,96.2049603897
2017.04.21,96.4230053247,96.7500727272,96.1660212479,96.2049603897
2017.04.24,95.4339628838,95.9089916407,95.3638736544,95.7298800023
2017.04.25,95.1691995393,95.3638832810,94.5228480913,94.5773593013
2017.04.26,94.6318769184,95.1146947691,94.5617936184,95.0991226829
2017.04.27,94.8109678349,95.2782075559,94.6785843365,95.0679517609
2017.04.28,94.6941786773,95.3483191934,94.6552454905,95.2782299511
2017.05.01,94.9621539718,95.3133141215,94.1973973951,94.4861331753
2017.05.02,94.4003441304,95.0324351241,94.3769342349,94.9700047670
2017.05.03,95.3757848324,95.5084448604,94.8529440489,95.0324238624
2017.05.04,94.4315356598,94.5954108410,94.1662096851,94.5641956702
2017.05.05,94.7202902394,94.7905258803,94.3379147169,94.6500605521
2017.05.08,94.5095864717,94.5329963652,94.0569753501,94.1350103133
2017.05.09,93.9399091667,94.1349995291,93.7526240858,94.1272002012
2017.05.10,94.3535457635,94.4705952677,93.7682744280,94.0179899597
2017.05.11,93.6434136853,94.0882196622,93.5731839828,94.0179899597
2017.05.12,94.4315260843,94.8060961881,94.4081161970,94.7280612460
2017.05.15,94.4705670271,94.5876224500,94.2286568526,94.4705670271
2017.05.16,94.5095750211,95.1182559952,94.5095750211,94.8217207897
2017.05.17,95.6957464944,96.4058784499,95.5084613664,96.2029827550
2017.05.18,96.5697446450,96.7180152491,96.1327440694,96.3122238971
2017.05.19,96.2653601578,96.5931104399,95.9922349227,96.5384853929
2017.05.22,96.3043885025,96.4214379316,96.1873331196,96.2731733368
2017.05.23,96.3824573568,96.4682976042,95.5786859075,95.6255056956
2017.05.24,95.8283765746,96.1873420827,95.6254809557,96.1639321947
2017.05.25,96.0000591128,96.2029547487,95.7971694306,96.1951494675
2017.05.26,96.4136710137,96.5619356583,96.1795601693,96.3590459438
2017.05.30,96.7882181209,96.8740583465,96.5619126131,96.8350378972
2017.05.31,96.8038406500,97.2720563312,96.7882300869,97.0769659679
2017.06.01,96.7351989382,97.1183903693,96.7039236060,97.0871090709
2017.06.02,97.9239102314,98.3540148620,97.7909691255,98.2367173958
2017.06.05,97.6736424573,97.8769679607,97.5797985404,97.6267175157
2017.06.06,98.2914242490,98.4321871260,98.0646392822,98.1584772227
2017.06.07,97.9395356207,98.1584988185,97.5876313338,97.6892911138
2017.06.08,97.6580025094,97.6580025094,97.2044384764,97.4312175098
2017.06.09,97.0324031912,97.4703295943,96.9542029002,97.2826477025
2017.06.12,97.1340343428,97.7440047862,97.0792935586,97.2513377280
2017.06.13,96.9776626286,97.3764859040,96.9620189906,97.2670043029
2017.06.14,98.4713153459,99.0891078364,98.3227365711,98.7684848280
2017.06.15,98.6042521888,98.7919400535,98.4009326182,98.6120740081
2017.06.16,98.5964172148,98.8779429909,98.5416764231,98.8075585637
2017.06.19,98.7841022734,98.9092274963,98.5573172816,98.6667988685
2017.06.20,99.1516710278,99.6287005996,99.1516710278,99.5505003019
2017.06.21,99.4019138286,99.8163807686,99.2455132361,99.7538181450
2017.06.22,99.8711041666,99.9962293919,99.5582970697,99.9727639374
2017.06.23,99.6833956871,100.0196621824,99.6286549073,99.9258182885
2017.06.26,100.3090181341,100.5436249054,100.2229960490,100.3011903511
2017.06.27,99.6521650630,99.6990840507,99.0187348644,99.2298762752
2017.06.28,99.0577963322,99.0890776348,98.5182102697,98.9013957855
2017.06.29,97.7596738937,98.3149036975,97.6736517865,98.0724810136
2017.06.30,97.9004581945,98.0568588054,97.6345699962,97.8457173840
2017.07.03,97.9538321776,97.9851781213,97.1858715027,97.5306709051
2017.07.05,97.3269171783,97.6795545320,97.2642312747,97.5541707675
2017.07.06,96.7940490756,96.8880868999,96.3317098913,96.7470331527
2017.07.07,96.2611699618,96.4100616733,96.0652623323,96.1671381259
2017.07.10,96.2846834175,96.4649150877,96.1357917067,96.3081913763
2017.07.11,96.2768831347,96.6451905771,96.1593373159,96.4727908400
2017.07.12,97.0839904033,97.2015361840,96.7705369810,97.1388443038
2017.07.13,96.8567240364,96.8959079510,96.2376552532,96.5276006768
2017.07.14,97.2485547117,97.2955766124,96.4806000840,96.6451617900
2017.07.17,96.6452009783,97.1623942669,96.5981790585,96.9116326164
2017.07.18,97.5071827714,97.7736143794,97.3504589995,97.7579443936
2017.07.19,97.7814503172,97.9616880319,97.6325585520,97.7971262812
2017.07.20,98.3377721811,98.5258477721,97.9302870246,98.0791787061
2017.07.21,98.5258742855,98.7609598695,98.4004905244,98.4945283452
2017.07.24,98.3064658757,98.4710335788,98.0792182410,98.1105582068
2017.07.25,97.2798916447,97.3190755619,96.7548606345,96.8332224903
2017.07.26,96.5981424617,97.2407193215,96.4492567116,96.9899577659
2017.07.27,96.4727733519,96.6843510046,96.2455197376,96.5119572773
2017.07.28,96.5981580834,97.1623731693,96.5903260807,97.0840112915
2017.07.31,96.7470266268,97.2093717584,96.7000107071,97.2015337790
2017.08.01,96.7374241755,97.9389840110,96.7217201348,97.8840108810
2017.08.02,97.9861165168,98.3002513022,97.9154393356,97.9389983960
2017.08.03,98.3944632729,98.9677535377,98.3709042197,98.9520494995
2017.08.04,98.2845454815,98.3081045415,97.7269590935,98.1117710531
2017.08.07,98.0410394753,98.2452278800,97.8604161105,98.2216688317
2017.08.08,98.0646236599,98.1510108483,97.4991824235,97.8682902301
2017.08.09,98.8971025238,98.9128065661,98.3238061158,98.4023443025
2017.08.10,98.6536147891,99.2975881393,98.5750766312,99.2426150237
2017.08.11,98.7714536650,99.3133360375,98.5986852195,99.2897769764
2017.08.14,98.9441884708,99.1719359565,98.7400060283,98.7792691173
2017.08.15,97.9546987268,98.5908172603,97.9389886937,98.3630697132
2017.08.16,98.0332362493,98.9677795549,98.0175262154,98.7243279531
2017.08.17,98.7164634241,99.4860932402,98.5672540656,99.4625341832
2017.08.18,99.7216776859,99.8551829794,99.1562364529,99.4389570694
2017.08.21,99.5567661544,99.7530996102,99.3447286584,99.6824224421
2017.08.22,99.5724681564,99.5881721953,99.1640912459,99.2976025387
2017.08.23,99.7688072247,99.9808447155,99.5489147181,99.9729956915
2017.08.24,99.6431286249,99.9808223248,99.5174783600,99.6038655384
2017.08.25,99.7531291791,100.0908230629,99.6353338640,99.9887317926
2017.08.28,99.6745195505,100.0436272289,99.5253102701,99.9258260137
2017.08.29,100.8840037597,100.9311218790,99.9808625338,100.2478791905
2017.08.30,100.0986520629,100.3185445828,100.0044098436,100.2164533390
2017.08.31,100.2399865716,100.5462662157,100.1850134558,100.5148521507
2017.09.01,100.1867218116,100.2103293790,99.4942071488,99.7460312084
2017.09.05,100.4857601419,101.3592761021,100.4857601419,101.3277913423
2017.09.06,101.2963475635,101.5166929131,100.5251328361,100.7061342326
2017.09.07,100.9894216378,101.9652451848,100.9894216378,101.7370226741
2017.09.08,101.6031973318,101.6425472653,101.1782492709,101.5166322814
2017.09.11,100.6274043594,100.7690557483,100.1473638748,100.3047516386
2017.09.12,99.9821278038,100.0136005606,99.5729099181,99.7775188610
2017.09.13,99.8719197930,99.8797849774,99.3761369917,99.3840081801
2017.09.14,99.4469544128,99.8089509863,99.4154756668,99.7932086113
2017.09.15,99.9427871988,99.9506583907,99.5807904223,99.8326145279
2017.09.18,99.5493166219,99.6044029601,99.0299260011,99.2581425462
2017.09.19,99.3761717809,99.3997793504,98.9433523313,99.0141750397
2017.09.20,99.1321987617,99.1951562702,98.6285507020,99.0849836324
2017.09.21,99.2817412252,99.5965168226,99.0141747626,99.0299111409
2017.09.22,99.5492562812,99.7302575708,99.2029960773,99.3131686869
2017.09.25,99.4076550179,100.1552561034,99.3132187317,99.9349107731
2017.09.26,99.7617451309,99.8561813834,99.4941847545,99.7538799461
2017.09.27,98.2665581480,98.6049472652,98.0619492389,98.2508157682
2017.09.28,97.7471598763,98.0934201557,97.5582933621,97.9596399583
2017.09.29,98.1800071756,98.3924813011,97.7943968677,98.1800071756
2017.10.02,98.4181007881,98.5679259607,97.9686312864,98.0001737446
2017.10.03,97.7163108466,98.1815546484,97.7163108466,98.0948143805
2017.10.04,98.1973695111,98.2446802192,97.6848147801,98.1027480947
2017.10.05,97.9923186525,98.0159800160,97.5349678988,97.7321038151
2017.10.06,97.2195484086,97.8582668471,97.0145253728,97.4561078966
2017.10.09,97.6059177768,97.8267090040,97.4955221632,97.7636300934
2017.10.10,97.8897808267,98.4654201772,97.7951534494,97.9213232858
2017.10.11,98.2288641111,98.2998361549,97.9844175499,98.1105813822
2017.10.12,98.2131525218,98.5522266649,97.9686998035,98.5285652926
2017.10.13,99.0253075697,99.3091837494,98.7020018033,99.2382116964
2017.10.16,98.9858809191,99.2776442280,98.8675981713,99.1672486011
2017.10.17,98.8754652631,99.4274432859,98.8754652631,99.2933923398
2017.10.18,98.6073746808,98.7098831779,98.3156113975,98.6389111291
2017.10.19,99.1515072383,99.3644174580,98.7808906467,98.8124331243
2017.10.20,97.7793983170,98.0001895442,97.4955221632,97.7636300934
2017.10.23,97.9055615676,98.1657763443,97.7951599453,97.9370980127
2017.10.24,97.2826302895,97.5349640118,97.1091497275,97.3299409824
2017.10.25,96.6202558030,96.9751040674,96.5335155172,96.8647024178
2017.10.26,97.0381625650,97.0381625650,96.5413823187,96.5413823187
2017.10.27,96.9435448004,97.2510762999,96.7937196025,97.1801042529
2017.10.30,97.6689989449,98.1421238443,97.4324334871,98.1105813822
2017.10.31,98.1973441034,98.2998586328,98.0948355902,98.1421462861
2017.11.01,98.2630166231,98.8872858153,98.2235095778,98.5791031295
2017.11.02,98.7766837048,99.1875920564,98.7134651803,99.0137501573
2017.11.03,99.1480492272,99.3297948835,98.8872774294,99.2823840216
2017.11.06,99.5115853204,99.7407479566,99.3456412105,99.6538239902
2017.11.07,99.7486115981,100.1832252264,99.6695854576,100.0725958644
2017.11.08,100.0331323512,100.1990825053,99.7328533667,99.8513866073
2017.11.09,99.4641674632,99.7565425764,99.2112994046,99.5668930396
2017.11.10,98.5475049354,98.6502304993,97.9548449303,98.0654743156
2017.11.13,98.6185968123,98.6264946024,98.2313880544,98.2709011207
2017.11.14,98.5949145968,98.9663158268,98.5949145968,98.9347065701
2017.11.15,99.6143206460,100.0963514058,99.2824323938,100.0094274308
2017.11.16,99.5747685035,99.8276364901,99.1322450053,99.1401488255
2017.11.17,99.6222115298,99.9145926830,99.5352875662,99.8750795981
2017.11.20,99.4957872288,99.8671825191,99.4957872288,99.8355732548
2017.11.21,100.4281741891,100.5862204173,99.8118089713,100.1516008259
2017.11.22,100.0568041282,100.5151232324,99.9698801882,100.4756161872
2017.11.24,100.3018205653,100.3808407258,100.1121709741,100.1990949594
2017.11.27,100.2464474428,100.3965898807,99.8987517042,100.0567979621
2017.11.28,100.1753381526,100.4993285019,99.9382777781,100.1911457949
2017.11.29,99.2191729472,99.3140007068,98.8556755786,99.2033713350
2017.11.30,99.0216359523,99.1875800373,98.3341541755,98.8714995109
2017.12.01,99.6672727659,101.1083977525,99.0575625556,100.2057154006
2017.12.04,99.7069084756,100.3007790477,99.6198069750,100.2532713351
2017.12.05,100.1424098144,100.9579910501,100.1265698838,100.7521142395
2017.12.06,101.2509515125,101.5360037615,101.0846685168,101.1005024035
2017.12.07,101.2984522660,101.4330674790,100.0077761261,100.3086682823
2017.12.08,100.2373912770,100.3561665521,99.9602529958,100.3165788211
2017.12.11,100.4511743618,100.6332911899,100.0948546259,100.1106885079
2017.12.12,99.9048450871,100.0948879813,99.5089314525,100.0711280886
2017.12.13,100.4116096201,100.8708708658,100.2374066620,100.8233631649
2017.12.14,100.6016436604,101.3380431650,100.3957669062,101.2509416937
2017.12.15,101.2034326342,101.8210568845,101.0054758340,101.6310260889
2017.12.18,101.3301256805,101.3538795294,100.4907907988,100.7045814804
2017.12.19,100.0236354640,100.0711431742,99.0338512285,99.3980911022
2017.12.20,98.4320074691,98.7487394613,98.1469492801,98.2973983357
2017.12.21,98.4180679452,99.0766761643,98.3942638500,98.8703639159
2017.12.22,98.9496998835,99.0607896825,98.8148059925,99.0052447830
2017.12.26,99.1718582443,99.6082806046,99.1639215311,99.2988153850
2017.12.27,99.7511400644,100.7588910388,99.7432033490,100.5922502840
2017.12.28,100.4017971278,100.6398501257,100.2748399684,100.5049562521
2017.12.29,100.3780233504,100.8699968696,100.3621559709,100.6636846126
2018.01.02,100.3700669143,100.3859403446,99.2432955202,99.5765649093
2018.01.03,99.9812218615,100.1399197921,99.5765342684,100.0526341141
2018.01.04,99.7035204974,100.1082081840,99.4813409217,100.0367898610
2018.01.05,99.8780930162,100.1240766844,99.4734053250,99.7511297978
2018.01.08,99.9733290528,100.0050698636,99.3226575653,99.6876678091
2018.01.09,99.0369920581,99.0528654899,98.2434899830,98.3545797892
2018.01.10,97.4499335743,98.3386575824,97.3309131726,98.2355045495
2018.01.11,98.0054341568,98.8624117196,97.8467301237,98.6402321273
2018.01.12,98.4735785267,99.0210967413,98.3228172916,98.8068478513
2018.01.16,99.3226390434,99.4099247434,98.8386023627,99.2194859678
2018.01.17,99.2511933793,99.6955523908,98.8703099022,99.0845587499
2018.01.18,98.3386956923,98.6084834461,98.0292304200,98.1641242968
2018.01.19,97.9181494524,98.0451066263,97.5848800605,97.6483556204
2018.01.22,97.9577875474,98.1640996952,97.5927774728,97.7435447409
2018.01.23,98.2434732801,98.5529385524,97.7911774163,98.1641242968
2018.01.24,97.4817131593,97.7038927363,97.2357294926,97.6324804668
2018.01.25,97.7277006975,98.5132659138,97.4420395181,98.4339169315
2018.01.26,98.2990050840,98.3228152244,97.6800746217,98.0688888255
2018.01.29,97.5769199918,97.5769199918,97.0452752242,97.3864812497
2018.01.30,97.0294426674,97.1008610095,96.5692099640,96.8151997490
2018.01.31,97.4975710204,97.5451791925,96.7596140840,97.3864812497
2018.02.01,97.3904548801,97.4302089363,95.9194152736,95.9750758054
2018.02.02,95.5377442158,95.6252116319,94.8141512404,95.0845067264
2018.02.05,94.7585101357,96.8656696582,94.3370794444,95.9830481453
2018.02.06,95.7524377703,96.1102606899,95.1958324286,95.3866676791
2018.02.07,95.5218344739,95.6808688916,94.2734431112,94.4801848209
2018.02.08,93.8361329501,94.7664617506,93.7089053877,94.3768379572
2018.02.09,93.9156554136,94.6949030690,93.6612063329,93.7804806665
2018.02.12,94.2734750253,94.8618934701,93.9792718695,94.1939608228
2018.02.13,94.3132106507,94.6312734446,94.1382758108,94.6153669683
2018.02.14,94.1939639575,94.2575777482,93.4067630136,93.5657914238
2018.02.15,93.9792404561,94.4642848156,93.8202060377,93.8838198051
2018.02.16,94.6551230848,94.7902977948,94.0985117025,94.3927208360
2018.02.20,94.0508170802,94.2337051752,93.6532400678,93.9792561299
2018.02.21,94.0190341625,94.0587943005,92.6434207462,92.8263028213
2018.02.22,93.2238674365,93.5578367779,93.0330321462,93.1045931051
2018.02.23,93.7327725978,94.0746891380,93.6055510835,93.9315611429
2018.02.26,94.3688803289,94.5517684247,93.8599822360,93.9633500758
2018.02.27,94.2416530804,94.3529802259,93.2397633693,93.8281756535
2018.02.28,94.2018830987,94.4881389868,94.0269482708,94.4245252191
2018.03.01,94.3600044662,95.3081479720,94.1369133069,95.0691182563
2018.03.02,94.6946513681,94.7583934430,94.1130216516,94.2962725184
2018.03.05,94.6149553547,94.6547956621,93.7225847453,94.0412889685
2018.03.06,94.3042337334,94.5591959323,94.1130136039,94.1289460819
2018.03.07,94.4715264961,94.5591702981,93.9855039864,94.0253442887
2018.03.08,94.2643903419,94.8061857566,94.2245561089,94.5671621223
2018.03.09,94.0094650551,94.2325562996,93.6907606721,93.9457290415
2018.03.12,94.2643630811,94.5432330253,94.1687560865,94.4874541735
2018.03.13,94.2643967331,95.1089639856,94.1687897044,94.9655473637
2018.03.14,95.1328673928,95.9296250660,95.1089656352,95.8021409204
2018.03.15,95.7463681265,96.0013303387,95.5551479870,95.8021409204
2018.03.16,95.4515525092,95.6188708575,95.2523631309,95.4595157076
2018.03.19,94.9815031193,95.5870407909,94.9735338387,95.1567908199
2018.03.20,94.7424621239,94.9894550685,94.6787200482,94.7743270829
2018.03.21,94.5432766329,95.1488081404,94.1050574431,94.8779134258
2018.03.22,95.8579043825,96.2642524583,95.3479800076,95.8180701500
2018.03.23,95.3559789757,95.8579342288,95.3081754503,95.7463886170
2018.03.26,95.6108990615,95.9694375014,95.3479676302,95.3798386593
2018.03.27,95.4754982527,96.5033166477,95.4595596910,96.3997342329
2018.03.28,96.7661938177,96.9175796846,96.3678150764,96.6546482564
2018.03.29,96.8379127289,97.4354808876,96.8140109752,97.1247459314
2018.04.02,96.8932155761,97.6996626791,96.7415121685,97.3163988198
2018.04.03,96.9011998856,96.9970173714,96.4780166507,96.5658478230
2018.04.04,96.8932190170,96.9810501943,96.2943734037,96.3662380450
2018.04.05,95.8951049390,96.0308417621,95.6316115117,95.6475841331
2018.04.06,96.3422490040,96.7334929520,95.9909244268,96.6935674895
2018.04.09,96.3262976850,96.8532846674,96.0947433526,96.8532846674
2018.04.10,96.7734728586,96.9171960854,96.4381206934,96.6776614353
2018.04.11,97.2924324416,97.3243715997,96.8293237861,97.0209587350
2018.04.12,96.6456677647,96.6696206071,96.1426398005,96.3103157886
2018.04.13,96.2304700067,96.7175314660,96.2145034749,96.5338889372
2018.04.16,95.9989414053,96.5898006715,95.9590159300,96.5658478230
2018.04.17,96.5498535821,97.0768404983,96.4700087411,96.8293135717
2018.04.18,96.8453045372,96.8852239194,96.0388574787,96.0548301050
2018.04.19,95.3521573338,95.4399884816,94.8650959114,95.2723124973
2018.04.20,94.9290099563,95.1206388545,94.5617186963,94.5856715471
2018.04.23,94.4818457617,94.7134000704,94.2822306085,94.6095962920
2018.04.24,94.3860115531,94.5776403605,94.0267067778,94.1784101249
2018.04.25,93.7472757099,93.9389045763,93.3719981982,93.5476605307
2018.04.26,94.0028046209,94.3221841081,93.8910144903,94.2024198463
2018.04.27,94.5936168971,94.9768745277,94.5696640567,94.9289688468
2018.04.30,95.0806995565,95.4639572728,94.9689155483,95.0966660898
2018.05.01,95.0422616467,95.0982768820,94.6101476058,94.7541876545
2018.05.02,94.9382178485,95.1222713627,94.6341360700,94.6501378035
2018.05.03,95.0982533977,95.4743582156,94.9702212222,95.0742477464
2018.05.04,95.4103712731,95.4103712731,94.8182032210,95.2183137996
2018.05.07,95.2023038010,95.2423111923,95.0182502645,95.0662676813
2018.05.08,94.8661938692,95.2262908463,94.6661386363,94.9782243112
2018.05.09,94.5221328736,94.7621955769,94.4101023910,94.4101023910
2018.05.10,94.8662356423,95.2103310386,94.7061877224,95.1703175323
2018.05.11,95.4823621737,95.5143717438,95.0822517043,95.4103452197
2018.05.14,95.0662662007,95.2183040535,94.8982144023,94.9062183225
2018.05.15,94.0739555083,94.0899633433,93.3857651303,93.8258890134
2018.05.16,93.9619691170,94.0499939349,93.4578319735,93.4658358947
2018.05.17,93.3297902005,93.4818341722,92.8976700484,92.9936987840
2018.05.18,93.2337546687,93.8579261003,93.2337546687,93.7939069521
2018.05.21,93.7299267921,93.9299821344,93.5858867014,93.8419572954
2018.05.22,93.8579468731,93.9059581922,93.5058475855,93.6978989673
2018.05.23,94.2260377362,94.5141178304,94.1540207653,94.3780817041
2018.05.24,94.9782634420,95.2743414013,94.9382499368,95.1303013301
2018.05.25,95.6744541690,95.8985151503,95.6024371844,95.7224715973
2018.05.29,96.6586783360,98.0430570038,96.3705983383,97.8189961401
2018.05.30,96.8267779923,97.2108869053,96.6187187433,97.1628694754
2018.05.31,97.2748846621,97.6109821976,96.7867492541,97.0028123915
2018.06.01,96.3860061720,96.8191303492,96.1293406729,96.4902805469
2018.06.04,96.3378840053,96.3619454398,95.7443461816,95.7924690507
2018.06.05,96.2175433484,96.3779630655,95.9448390083,96.0170232915
2018.06.06,95.5117431532,95.5277820699,94.9823671094,95.2390326132
2018.06.07,95.1989121691,96.6426530284,95.1908896527,96.1614060753
2018.06.08,95.8966787521,96.1292826765,95.8004330726,95.8726173323
2018.06.11,95.5037394011,95.7604049553,95.3994711232,95.6962370369
2018.06.12,95.3913970630,95.8164985839,95.3593131212,95.7202467583
2018.06.13,95.8084790564,95.9608762552,95.1507735261,95.6721268888
2018.06.14,96.0731143971,96.4901993066,95.8324941364,96.4661317731
2018.06.15,96.9153699008,97.1239063853,96.4902682956,96.5544300727
2018.06.18,96.6345739108,96.6987356420,96.2816568518,96.4661317731
2018.06.19,97.0276332521,97.2361757971,96.8110681925,97.0276332521
2018.06.20,96.8671957036,96.8832407299,96.1693900431,96.1774125562
2018.06.21,96.5384007533,96.8512116305,96.4261099830,96.6827754751
2018.06.22,96.3218086363,96.7469162841,96.2977472093,96.6747258838
2018.06.25,96.7789861616,97.1399197527,96.7629411330,96.8912768841
2018.06.26,96.8672135562,97.0757561012,96.7789903727,97.0276332521
2018.06.27,97.6532849518,97.9981797554,97.4928713257,97.9420343743
2018.06.28,97.9580679298,98.0543197718,97.7174475038,97.9660904465
2018.06.29,97.9901541667,98.2548421489,97.5730750803,97.6292204596
2018.07.02,97.8663921980,97.8744328831,97.5046411006,97.5528729447
2018.07.03,97.6975532794,98.0995015813,97.6975532794,98.0753856645
2018.07.05,98.1235812616,98.5014135072,98.0833901262,98.3567119266
2018.07.06,98.6783170456,98.8149780087,98.4612676416,98.6783170456
2018.07.09,98.1316627715,98.2442078106,97.9950018144,98.0432336503
2018.07.10,97.9708924350,98.1799011597,97.9226544626,98.0351995093
2018.07.11,98.4371363565,98.5175309232,98.1477330895,98.4130204398
2018.07.12,98.2120312778,98.4532026746,98.1879153648,98.4049708486
2018.07.13,98.5657468944,98.7747616944,98.4532018790,98.6541759970
2018.07.16,98.2441644265,98.3084776014,97.7859437886,98.2441644265
2018.07.17,98.3085233848,98.3889118242,97.9950041777,98.0593173825
2018.07.18,98.0914226966,98.1075040570,97.5849702414,97.6653586438
2018.07.19,97.9146052442,98.4371331111,97.8904831951,98.2843969326
2018.07.20,97.7377445499,97.7457790995,97.0303116568,97.0785496207
2018.07.23,96.7730386978,96.7730386978,95.8083655481,95.8807132743
2018.07.24,95.8887772450,96.3228821077,95.7762322213,96.2103370840
2018.07.25,96.4836521284,96.6765916981,95.8726952240,96.0575879784
2018.07.26,96.2343990156,96.3710598772,95.7922598514,95.8726482328
2018.07.27,96.3469969833,96.3630783484,95.9852460016,96.0334778303
2018.07.30,95.6556083522,95.9932494218,95.6395331266,95.7038462954
2018.07.31,96.2987515069,96.3550240102,96.1138526344,96.2263976409
2018.08.01,95.3055307482,95.7486586984,95.1282771094,95.4424972339
2018.08.02,95.5713804766,95.6680597780,95.3135587612,95.5794329871
2018.08.03,95.7405791686,96.1111975148,95.7244618530,96.0547992044
2018.08.06,96.3126470645,96.5543515401,96.0951062748,96.1112235947
2018.08.07,95.9016969561,95.9580952556,95.5310786812,95.6116468024
2018.08.08,95.6035889371,95.9016915834,95.5633018054,95.7083268741
2018.08.09,96.0628796540,96.5462947307,95.9742528395,96.5140662393
2018.08.10,96.9813467943,97.5292187218,96.9088311694,97.2149986903
2018.08.13,96.8846672881,97.2472269939,96.8524388026,97.0135812305
2018.08.14,97.1183201248,97.1344312943,96.7074146133,96.7960414128
2018.08.15,97.2150036971,97.5936745683,97.1424880685,97.3600226603
2018.08.16,97.3358943718,97.4325798688,96.9088775169,97.3520116948
2018.08.17,97.5614534726,97.8031640570,97.2875205475,97.4728328151
2018.08.20,98.0045815331,98.2221222752,97.9240133922,98.1254368179
2018.08.21,97.7870497843,97.9159575841,97.5453392076,97.7951022957
2018.08.22,98.2945805246,98.3348676476,97.9561908210,98.1817839568
2018.08.23,98.2946398971,98.3993778742,98.1173862842,98.3349270443
2018.08.24,97.9884661799,98.5605079469,97.8837220689,98.5282794626
2018.08.27,98.1173819916,98.1898976241,97.9078998995,97.9642982150
2018.08.28,97.4889339150,97.5614433947,97.2311121869,97.3761372931
2018.08.29,97.4406189677,97.6098139434,97.1827971742,97.5050698058
2018.08.30,97.7387144128,97.8595697141,97.5534082783,97.7145445820
2018.08.31,98.2059988569,98.2301686830,97.4003052041,97.4889319976
2018.09.04,96.8687884423,96.9818392206,96.6992122749,96.9253138315
2018.09.05,96.7072473218,96.8202980512,96.5376712276,96.6668694209
2018.09.06,96.7072282809,97.2240332739,96.6507029273,97.0221561310
2018.09.07,96.3600230772,96.4165484447,96.0854668916,96.1985176266
2018.09.10,96.2308150588,96.5780440634,96.2308150588,96.5538197870
2018.09.11,96.1581416312,96.2308144602,95.7705347277,95.8189894411
2018.09.12,96.1339770190,96.2308741844,96.0128494014,96.0451505101
2018.09.13,96.3681380469,96.5538678603,96.0774404237,96.1904912108
2018.09.14,95.6170996669,96.0208539812,95.5282732249,95.7301503821
2018.09.17,95.4313699716,95.9481750010,95.3829214253,95.7301503821
2018.09.18,95.3345274177,95.3426042341,94.6077741179,94.7288955606
2018.09.19,94.5673709539,94.5673709539,93.8244642195,94.1636164903
2018.09.20,94.1393358503,94.7207429156,94.0505094287,94.5996154168
2018.09.21,94.3735589037,94.7046343194,94.3493284638,94.5592824840
2018.09.24,94.2685829616,94.6965616734,94.2524354951,94.3170376828
2018.09.25,94.0586188515,94.2685666839,93.9940166750,94.2201181319
2018.09.26,94.4219983863,94.9468803060,94.2039737346,94.8822781274
2018.09.27,94.6723272485,95.0034088041,94.5592765126,94.9468834362
2018.09.28,95.1649380349,95.2133927661,94.6562095635,94.6965813185
2018.10.01,94.4141308488,94.5517121009,93.9771026001,94.0013809182
2018.10.02,94.4222133234,94.7944952499,94.3655618601,94.5759842271
2018.10.03,94.0984976267,94.1713387581,92.4555988494,92.9330950954
2018.10.04,92.3665105727,92.5769328161,92.0266019926,92.2774860149
2018.10.05,91.7676731765,92.0347469955,91.1445071065,91.4844158719
2018.10.08,91.4439071246,91.5410265176,91.1606499464,91.1768395992
2018.10.09,91.5653435403,92.1399529661,91.5086920807,92.0994911662
2018.10.10,91.5653292342,91.9214275958,91.2820719805,91.8485864879
2018.10.11,92.2613613278,93.1920692779,92.0914069295,92.9654634134
2018.10.12,92.5770107475,93.0787853890,92.4879861147,92.6417570576
2018.10.15,92.7955085116,92.9249949301,92.4960615211,92.6012696221
2018.10.16,92.5770093006,92.8440831947,92.3908713802,92.8117100402
2018.10.17,92.7954569686,92.9006650111,92.2451261031,92.2613095810
2018.10.18,91.9538174135,92.5769834847,91.8971659525,92.2289798886
2018.10.19,92.1399383138,92.2208680754,91.7838461277,92.0266354126
2018.10.22,92.2208807934,92.3260950551,91.8809720430,91.9052503573
2018.10.23,92.8764197488,93.0868359086,92.1318498367,92.1965961203
2018.10.24,92.5527066136,92.9249885310,92.4555871755,92.8926153850
2018.10.25,92.6983896590,92.8602492268,92.4475054766,92.5041569428
2018.10.26,93.0140194577,93.3296499346,92.9007165261,93.0625760927
2018.10.29,92.9411618234,93.0868378772,92.4717666939,92.8521433997
2018.10.30,92.4717666980,92.6983725208,92.2775278432,92.3908369291
2018.10.31,92.0509209102,92.2289701043,91.6219875830,91.9214345164
2018.11.01,91.5523094650,92.1283135127,91.5441949885,92.0066273114
2018.11.02,91.8119407901,91.8849587193,90.7816248187,90.8627510371
2018.11.05,91.2521503712,91.4387400234,91.1466807343,91.2196986513
2018.11.06,91.3494930941,91.4549627238,91.1304517370,91.1629034546
2018.11.07,91.8281250110,91.9984918435,91.1953321506,91.2845666147
2018.11.08,91.6415571337,91.6496716109,91.1953599193,91.2764861229
2018.11.09,91.4711955184,92.0796513645,91.4468582749,91.9579589573
2018.11.12,92.4447167704,92.7367760538,92.4122712407,92.5582946929
2018.11.13,92.2500295384,92.5015226716,92.0634398557,92.5015226716
2018.11.14,92.0634229959,92.9071429376,91.9173933542,92.5582946929
2018.11.15,92.8422254878,92.9233516735,92.2256553358,92.5177145557
2018.11.16,92.6475373879,93.1424152851,92.4203815379,93.0531746027
2018.11.19,92.8179214675,93.3127932339,92.8179214675,93.3127932339
2018.11.20,93.4912761931,93.6697575821,93.2397830665,93.3452465284
2018.11.21,93.2073297738,93.3695822031,92.9233849276,93.3127932339
2018.11.23,93.8400966047,93.9131145102,93.3695560262,93.4101222169
2018.11.26,93.1829569041,93.3452092714,93.1180534814,93.1991796650
2018.11.27,93.1424000929,93.4993627644,93.1018400918,93.3046586661
2018.11.28,93.1748621612,93.3127773216,92.7773394444,92.8503511683
2018.11.29,93.2316792949,93.4994014092,92.9639571807,93.2154565257
2018.11.30,93.5480406195,93.6372812906,93.2803247957,93.5642695721
2018.12.03,93.2528300194,94.2286157810,93.2365696117,94.2286157810
2018.12.04,94.9848676796,96.4973402038,94.8384991707,95.8061579909
2018.12.06,96.3916325583,96.9283129581,96.0582352069,96.1070288460
2018.12.07,95.7980360373,96.3835101423,95.5622197336,96.2859352607
2018.12.10,96.6599731360,96.9933642742,96.3103153840,96.6843668530
2018.12.11,96.7413005323,97.0746917150,96.4485634819,96.6681131677
2018.12.12,96.4241489502,96.5379904225,96.1476723717,96.2371201291
2018.12.13,96.3265446586,96.4241256988,95.9362329058,96.0094140330
2018.12.14,96.3997438886,96.5786331784,96.1314006479,96.3428231591
2018.12.17,96.4322980466,97.0096450503,96.4241709424,96.9039306562
2018.12.18,96.8226161865,97.4080902944,96.7169079963,97.2535884593
2018.12.19,97.6682978019,98.9286937630,97.5137959708,98.5383756332
2018.12.20,99.2133288756,99.2295892927,98.1236948130,98.1806155787
2018.12.21,98.5058477642,98.5627685114,97.8959799567,98.1643232809
2018.12.24,98.4977118068,98.7335280971,98.3188224660,98.6522136324
2018.12.26,98.3838890637,98.7091531884,97.5544714395,97.5951255777
2018.12.27,98.6034397842,98.7010146737,97.5625996033,97.6113870480
2018.12.28,97.9041456809,98.4326991965,97.8146978765,98.4326991965
2018.12.31,98.1074051206,98.8473748538,97.9529032868,98.8067207213
2019.01.02,98.9286811237,99.3352596135,98.6684649344,99.3271263066
2019.01.03,99.4409755019,100.7176318109,99.3921880646,100.4574218053
2019.01.04,99.4816800544,99.6605756871,98.9206056292,99.2946573139
2019.01.07,99.7093304290,99.7337241505,98.8961732915,99.0018814860
2019.01.08,98.9531128867,99.1564022098,98.7091632175,98.7416902536
2019.01.09,98.6034574921,98.7416927463,98.2294058726,98.5871908716
2019.01.10,98.6197206401,98.7254350642,97.8553507596,97.9529318733
2019.01.11,98.2537927690,98.6115777431,98.1318179398,98.3351072538
2019.01.14,98.3107024502,98.4001502346,97.7740157436,97.9691779299
2019.01.15,98.0342260451,98.0423593538,97.5381996770,97.6113870480
2019.01.16,97.2454733984,97.8960016856,97.1804255328,97.7089789907
2019.01.17,97.7577803385,98.0098571388,97.4894369165,97.7333866099
2019.01.18,97.4487871494,97.6764764497,97.0828687735,97.2211040529
2019.01.22,97.8309692987,98.1643668259,97.6358132508,97.8797629636
2019.01.23,97.4812565763,98.0829972085,97.4406024496,97.8390476329
2019.01.24,98.3188392367,98.6034430136,98.1562040756,98.4814681938
2019.01.25,98.0586113395,98.1887194529,97.8390616530,98.0098238989
2019.01.28,98.0179787030,98.3432428538,97.9122704906,97.9122704906
2019.01.29,98.0098232190,98.4245350727,97.8959817226,98.4082684567
2019.01.30,98.2619198747,98.3757675982,97.8472141408,98.3351072538
2019.01.31,98.8392716194,99.3515584815,98.7986112731,99.1807961941
2019.02.01,99.0055969600,99.0789435266,98.4839944310,98.5817960710
2019.02.04,98.1579684953,98.2476184141,97.8156659788,98.1416651185
2019.02.05,98.3942990193,98.8017963120,98.3372496471,98.5898959788
2019.02.06,98.9077534324,98.9485056529,98.3943090298,98.6388036995
2019.02.07,98.9892228795,99.3559741043,98.8017776423,99.2907730575
2019.02.08,99.6412497631,99.8123978971,99.4863987866,99.7145962986
2019.02.11,99.3152522064,99.5760502553,99.2256022942,99.3234038942
2019.02.12,99.1522544102,99.2256009458,98.7773513907,99.0707499689
2019.02.13,98.7366329217,98.9322299558,98.5410358877,98.6958806898
2019.02.14,99.5434585021,99.5923561975,99.0870634308,99.2582115825
2019.02.15,99.0707629486,99.4456597993,99.0544657889,99.4130654800
2019.02.19,99.7716742107,99.8694758372,99.3886256127,99.6657271121
2019.02.20,99.3886186491,99.4945719582,99.0952200081,99.3804731776
2019.02.21,98.6714343619,98.7447871377,98.3698840041,98.4921344853
2019.02.22,98.9973978991,99.3885918363,98.9566456807,99.0788961178
2019.02.25,98.7529109124,98.8588642079,98.5491622279,98.7855114481
2019.02.26,99.2093090290,99.2826555684,98.9077587471,99.2745038803
2019.02.27,98.7121983511,98.7203438244,98.0275993059,98.1498498016
2019.02.28,98.2557474442,98.3046513486,97.5630032746,97.8156496120
2019.03.01,97.4587952735,97.6221361043,96.8952588146,96.9115966363
2019.03.04,97.4260963187,97.8181166861,97.2382488123,97.6711074906
2019.03.05,97.4179491254,97.8998151303,97.4097802152,97.8753083997
2019.03.06,97.9406299553,98.4306585529,97.9161294600,98.2346483600
2019.03.07,98.5286778073,99.0350442792,98.5041773093,98.8716972409
2019.03.08,98.9207175211,99.3862457371,98.7002005482,99.2882375012
2019.03.11,99.1493835832,99.1657151714,98.8063641513,98.9942054554
2019.03.12,99.0677390119,99.8272857983,99.0350695959,99.6884392226
2019.03.13,99.3617057526,99.6067168983,99.3290363537,99.5005460250
2019.03.14,99.3862175871,99.4433874840,98.7573424895,98.7818429837
2019.03.15,99.4270306692,99.5985403274,99.1493501459,99.4351995761
2019.03.18,99.2882216203,99.5332390552,99.2473833041,99.3780609310
2019.03.19,98.8961586184,99.3290234251,98.7328178758,99.1575137761
2019.03.20,99.4270719412,100.3336278183,99.4189092620,100.1947874990
2019.03.21,100.4234496147,100.5296205055,100.2437710065,100.4152807059
2019.03.22,101.4443588428,102.3182452754,101.3218501178,101.9752258303
2019.03.25,101.9343781590,102.8572717357,101.6893669626,102.1385572716
2019.03.26,101.8445400335,102.3264059849,101.7792074523,102.0650569670
2019.03.27,102.4325940998,103.1839718736,102.3427547756,103.0042994563
2019.03.28,103.1104439167,103.4698011212,102.9144337285,103.3636240029
2019.03.29,102.6449327093,103.2901395092,102.6122633007,103.2656390105
2019.04.01,102.5518566785,102.6091525411,101.6514904479,101.7988235579
2019.04.02,101.8888533680,102.1016629878,101.7005919792,101.9870712711
2019.04.03,101.1767412110,101.3895570732,100.9802991624,101.1030715398
2019.04.04,101.1686019398,101.4059723892,101.0376425939,101.3896048127
2019.04.05,101.1849713606,101.6351515080,101.1522299644,101.5205597436
2019.04.08,101.3568126095,101.4550305084,101.1030684660,101.1603643220
2019.04.09,101.6760321270,101.7742500249,101.3076962758,101.4795900866
2019.04.10,101.7169976200,101.9216266543,101.5778513754,101.7251845299
2019.04.11,101.4387211774,101.5123846439,101.0130954664,101.1276872442
2019.04.12,100.5874171370,100.7265633394,100.3746012572,100.4073426422
2019.04.15,100.4974147871,100.6693024342,100.4483058150,100.6611217687
2019.04.16,100.2763890810,100.3746069967,99.9735359365,100.0308318022
2019.04.17,99.9653441550,100.3254931476,99.9489765847,100.0717552181
2019.04.18,100.5219899989,100.7593604875,100.4974355078,100.5956597170
2019.04.22,100.2436441767,100.3254945185,100.0553827703,100.1126786340
2019.04.23,100.3582449058,100.4319083466,100.1781703909,100.3255035172
2019.04.24,100.7675245142,101.1604087722,100.7511506940,101.1440411968
2019.04.25,101.0785209948,101.1849320524,100.7593003116,100.9966706584
2019.04.26,101.4796183549,101.5123535001,101.2013196623,101.3404658862
2019.04.29,100.8657157993,100.9639337094,100.5546757647,100.6938219671
2019.04.30,100.6365306464,101.2831589775,100.6201630755,101.2094955417
2019.05.01,101.4547661487,102.0781396102,101.3809418196,101.6270145729
2019.05.02,101.4465899383,101.5532181565,100.9216404276,101.1431009601
2019.05.03,101.4301428857,101.6105891152,101.1922742667,101.4301428857
2019.05.06,101.9632860782,102.0207022076,101.6515994124,101.7090155419
2019.05.07,102.1437437448,102.6440870086,102.0289114801,102.4882405389
2019.05.08,102.6523299033,102.7753663071,101.9551319591,102.0453582380
2019.05.09,102.6194867266,102.7753332051,101.9632969564,102.4636402482
2019.05.10,102.4390323357,102.8983614116,102.1929596119,102.3242000667
2019.05.13,102.8573620011,103.2920850923,102.7343256290,103.1280407681
2019.05.14,102.9475733481,103.0624056100,102.6932965472,102.8245369938
2019.05.15,103.5217188052,103.5709308362,103.1608138900,103.4560985919
2019.05.16,103.1936550298,103.2100632170,102.9639904721,103.1116328674
2019.05.17,103.5791658862,103.5955740733,103.0952307488,103.3412972353
2019.05.20,103.4479315808,103.6611879507,103.0624205352,103.1280407681
2019.05.21,103.0214010185,103.1198313627,102.7753345449,102.9639848822
2019.05.22,103.1608309090,103.6201662199,103.1198229623,103.5545459957
2019.05.23,104.0795018620,105.0637802543,104.0712977690,104.7192834428
2019.05.24,104.6291012955,104.8095538704,104.4896629451,104.8095538704
2019.05.28,105.2114760650,105.7282152561,105.0638273563,105.5641708698
2019.05.29,106.3597581874,106.5484085329,105.8102028219,105.8840208898
2019.05.30,106.0809092177,106.8191151211,105.7200041038,106.7945090920
2019.05.31,107.3686627162,108.1888969998,107.2948446345,108.1314871081
2019.06.03,108.4191296740,108.9698128394,108.1232389017,108.8547449025
2019.06.04,107.9917122577,108.2958176418,107.3013047439,107.6136247859
2019.06.05,107.2766260016,107.6300443432,106.9478516287,107.0053918470
2019.06.06,107.6465344685,108.1561192981,107.1122931176,107.3506436710
2019.06.07,108.3205446395,108.5506931687,108.0328809256,108.2794587814
2019.06.10,107.4081350637,107.4245769195,107.1122569077,107.2601959857
2019.06.11,107.1944719240,107.4739208460,107.1122877041,107.3259817254
2019.06.12,107.1698017343,107.4656924791,107.0958321834,107.4081522452
2019.06.13,107.5068163089,107.8766766922,107.4985891070,107.7780506010
2019.06.14,107.7534256867,108.2547960328,107.7451984823,108.0493165883
2019.06.17,107.9917418107,108.2958472780,107.7780477717,108.2383195735
2019.06.18,109.1013217685,109.1999478447,108.4519999899,108.7807744795
2019.06.19,108.3780023333,109.0848516259,108.1478665210,108.9369000086
2019.06.20,109.2410928320,109.7342359646,108.9780731280,109.2246509651
2019.06.21,108.9122497045,108.9286915610,107.9834917451,108.0245775742
2019.06.24,108.6246113049,108.9287167428,108.5588564050,108.8300906638
2019.06.25,109.1424347899,109.3890125832,109.0849070783,109.1671038565
2019.06.26,109.0520239613,109.0684658253,108.3944998975,108.4684694735
2019.06.27,108.7479456746,109.3890405763,108.4849384916,109.2328741826
2019.06.28,108.9698046244,109.3807633026,108.8629513548,109.1588421048
2019.07.01,109.1753109680,109.3235402451,108.3682430169,108.9035447272
2019.07.02,109.1753288253,109.8506165859,109.0847400635,109.7435537131
2019.07.03,109.9576472862,110.5917558667,109.9494039501,110.5258845739
2019.07.05,109.1506058220,109.1588491601,108.4341391032,109.0600170649
2019.07.08,109.5706598998,109.7106584802,109.2083047193,109.2083047193
2019.07.09,109.2659234074,109.2906408612,108.8376969763,109.1671038565
2019.07.10,108.9941771330,109.0682918012,108.3024025312,108.5659381064
2019.07.11,108.1376858459,108.2200438445,106.8612122628,107.1165170323
2019.07.12,106.9929734305,107.4294431512,106.7953217855,107.2400348452
2019.07.15,107.4294696318,107.9235925830,107.4294696318,107.8577086851
2019.07.16,107.1988444061,107.5529686614,107.0259102305,107.5364945512
2019.07.17,107.9318206655,108.7224148545,107.9235898908,108.6977099642
2019.07.18,108.2694480428,108.9694532973,108.0800397349,108.7059177679
2019.07.19,108.3682623999,108.6482594619,108.3023785207,108.4506203904
2019.07.22,109.0929710932,109.1094452043,108.4917979818,108.6565013946
2019.07.23,108.3765196002,108.4918132620,107.8576918391,108.0635742756
2019.07.24,108.3765234798,108.6235723596,108.2694605879,108.5329835817
2019.07.25,108.0882879833,108.2200557692,107.4788713977,108.0141733159
2019.07.26,108.4588713207,108.5247552121,108.0882854267,108.2694629866
2019.07.29,108.5576759972,108.6647262984,108.2117825132,108.3023712702
2019.07.30,108.7059366684,108.7882946772,108.2365186375,108.5659381064
2019.07.31,108.4588607135,109.8012181671,108.4259250540,109.4388630828
2019.08.01,110.0692968155,111.7196348816,109.9620208120,111.6123588781
2019.08.02,111.9423818854,112.6437676821,111.7278299785,112.6437676821
2019.08.05,113.9888514550,114.6077282392,113.5927738386,114.5912213328
2019.08.06,114.0383812314,115.5071814041,113.9476121155,115.5071814041
2019.08.07,117.5039968804,118.0486111471,115.3420593013,115.5483514395
2019.08.08,114.8140196152,115.8784821357,113.8568205078,115.7959727865
2019.08.09,116.0765606408,116.8027136335,115.4164227013,115.5649597184
2019.08.12,116.9429627440,118.3539948164,116.7696716975,117.9744240915
2019.08.13,118.6675368084,118.7500587344,117.1327221597,117.5700606668
2019.08.14,119.7815383536,120.2518781492,119.4102148116,120.2188769284
2019.08.15,120.4334088478,122.6201141765,120.1281003576,121.5556391525
2019.08.16,120.5242099483,120.8955335658,119.5175025287,120.5819778354
2019.08.19,118.4695346733,119.3689659776,118.4200139504,118.8573525696
2019.08.20,119.8805738691,120.1611283601,119.5174974263,120.0868661580
2019.08.21,119.4184542379,120.3013784876,119.0636250337,119.2864241809
2019.08.22,118.8243528071,119.4019686705,118.3952613409,118.4942901968
2019.08.23,118.4283207069,120.6975366507,118.3540458886,120.4417361407
2019.08.26,120.3673858981,120.7139553323,119.8887864153,119.9548014395
2019.08.27,120.9945061124,121.8939370895,120.8707232368,121.8031680172
2019.08.28,122.7686648166,122.8676810852,121.8444794001,121.9600025771
2019.08.29,121.5061388230,121.5804010134,120.5819535450,121.4978916656
2019.08.30,120.9780306982,121.6959237175,120.7717384429,121.5308924315
2019.09.03,121.5887080202,122.8947817579,121.1588705470,121.6879119560
2019.09.04,121.1259023816,122.0269246373,121.0845684240,121.8698631662
2019.09.05,120.4066613165,120.5223887549,118.9435259355,119.6626884014
2019.09.06,120.0760300533,120.7125374170,119.9272430041,120.5141420714
2019.09.09,118.8939800415,119.0345053745,118.3649382999,118.3732000442
2019.09.10,118.0756137013,118.4475940092,116.2735695984,116.2983674447
2019.09.11,116.0585896166,116.6785607419,116.0503278757,116.0916618067
2019.09.12,116.9678612519,117.2158521729,114.9508869266,115.3311413541
2019.09.13,114.3061358113,114.6615924630,112.8677983368,112.8677983368
2019.09.16,113.9754830575,114.5458584476,113.4547033338,114.3061292422
2019.09.17,114.3722834409,115.3973069962,114.0912328674,114.9261228464
2019.09.18,115.6700886878,116.2735364113,115.3394424225,115.4138359402
2019.09.19,116.3561336018,116.5462670922,115.7031031391,115.7609605307
2019.09.20,116.3644666697,117.3646798264,116.0916778233,117.2902863083
2019.09.23,117.5796547799,118.3401515665,117.1332682793,117.2655318805
2019.09.24,117.7284011749,118.9104862049,117.7201394327,118.6790312895
2019.09.25,118.4227825004,118.6625118049,116.6703342923,116.9431231836
2019.09.26,117.6044214321,118.1995948660,117.2985603589,117.6953510571
2019.09.27,117.6457353981,118.1913004421,117.4969357582,117.9846433852
2019.09.30,117.2820304897,118.2822436969,117.2489582933,118.2739819545
2019.10.01,116.9739189273,119.1683261774,116.8745539291,118.6300696208
2019.10.02,118.7956489879,119.4663877384,118.6134714710,118.9198551878
2019.10.03,119.2262643901,120.6257135071,119.1765818995,120.0046571038
2019.10.04,120.3607162006,120.9238011819,120.2364973592,120.8906837388
2019.10.07,120.2033799949,120.5097637270,119.8307487411,119.8887074255
2019.10.08,120.7499119756,120.8409881027,119.7562117898,120.2116556024
2019.10.09,119.7396925307,119.7479687348,119.0772297686,119.5326737072
2019.10.10,118.5140859545,118.5637684311,117.3630622487,117.7522584964
2019.10.11,116.7420157870,116.8413933841,115.6903695821,116.2948608243
2019.10.14,117.1560386194,117.1808798567,116.8248136986,117.1394862182
2019.10.15,116.4853018119,116.7171617873,115.5578619103,115.7234743734
2019.10.16,115.6324109358,115.9802009750,115.3922747071,115.8642709619
2019.10.17,115.5330261346,116.2451711314,115.3508486260,115.5827086124
2019.10.18,115.7731623221,116.1209523016,115.4750548203,115.5827086124
2019.10.21,114.7463663864,115.0941563931,114.4648112649,114.7132363084
2019.10.22,115.4171636152,115.5413698821,114.8043832157,115.3840335204
2019.10.23,115.9554041022,116.1872642170,115.4005950677,115.4999600782
2019.10.24,115.6655564640,116.1292892643,115.1273125517,115.2680838420
2019.10.25,115.5413181554,115.5578831953,114.5310655185,114.7049668498
2019.10.28,113.9265871303,113.9265871303,113.4380257965,113.6615970022
2019.10.29,113.9596780589,114.0590556515,113.5870468340,113.7361069052
2019.10.30,114.0839281456,115.4750884691,114.0839281456,115.4005647308
2019.10.31,116.3279511242,117.3216384149,116.2865448547,116.9572960954
2019.11.01,116.7383641963,117.1863121541,115.9586132500,116.5973472933
2019.11.04,115.2783589450,115.4193757815,114.9133682353,115.0626883699
2019.11.05,113.8266945938,114.0091899410,113.4202253829,113.7686221390
2019.11.06,114.4903484247,114.8138607028,113.9262682700,114.4571605382
2019.11.07,113.1050671428,113.1133577868,111.5289714078,112.3833760714
2019.11.08,112.1095675733,112.7731857770,111.8026493752,111.9104909724
2019.11.11,112.3004306361,112.3087212801,111.6865812303,111.9852089605
2019.11.12,112.2174615460,112.7732384121,111.8109922004,112.4994953006
2019.11.13,113.4866071864,113.6110427567,112.9557149955,113.2294580614
2019.11.14,114.3078416704,114.8387338858,114.2000000359,114.3990893632
2019.11.15,114.0424206446,114.6065008986,114.0009421078,114.2746852617
2019.11.18,114.6479523838,114.9797552849,114.4156751640,114.4820382757
2019.11.19,114.7806730061,115.5023639796,114.7806730061,115.4360008638
2019.11.20,116.0581314441,116.6305021964,115.9419991652,116.6305021964
2019.11.21,115.8341532071,116.1991439721,115.4027993340,115.9005163150
2019.11.22,116.2157353697,116.3650428663,115.8673258962,116.0498212747
2019.11.25,116.3816728075,116.5724588868,116.2821217882,116.3899634518
2019.11.26,116.9623290787,117.2194782735,116.9125599000,117.0701707375
2019.11.27,116.6304979339,116.8876470666,116.4811777765,116.7300362672
2019.11.29,116.6470987057,116.6968678806,115.9503049413,116.4811972366
2019.12.02,114.7868596491,115.2272599370,114.6289779084,114.9281189227
2019.12.03,116.3656659383,117.8032115693,116.2742613761,117.3378838632
2019.12.04,116.6150159148,116.7479703832,115.6760550952,116.1663104332
2019.12.05,115.2189616438,115.8670984321,115.1691069184,115.6011896578
2019.12.06,114.6954806104,115.6012087488,114.5542213054,114.9613894286
2019.12.09,115.4931913248,115.5929007894,115.1441955196,115.2106600432
2019.12.10,115.6510585352,115.7923305133,115.0112392424,115.2189757430
2019.12.11,115.7507856325,116.4487772614,115.6926133238,116.1247088138
2019.12.12,115.6593508086,115.7341328895,113.5155090698,114.2135005161
2019.12.13,114.7703181666,116.0084329260,114.0307763426,115.5347873694
2019.12.16,115.0029346764,115.0528020927,114.1969159485,114.4960570504
2019.12.17,114.8450054774,114.9530197915,114.0140598157,114.3381281166
2019.12.18,114.0889193247,114.2135561869,113.2413506243,113.3992324359
2019.12.19,113.1894506046,113.9052079325,112.9896999434,113.5806210454
2019.12.20,113.2976836019,113.7637559147,113.1312183192,113.7304577783
2019.12.23,113.8636093344,113.9967764625,113.1894682101,113.5639896459
2019.12.24,113.1229027373,114.0716964529,113.0979354843,113.8885947973
2019.12.26,113.9468723926,114.2048758350,113.6139544834,114.1632595089
2019.12.27,114.3879564924,114.5460908828,114.2631075370,114.2880874877
2019.12.30,113.0979021476,113.9384957190,112.9064823640,113.8719248635
2019.12.31,113.3642511153,113.5723199897,112.6734609283,112.7566808584
2020.01.02,113.8469756451,114.4628641713,113.7471066353,114.0300772961
2020.01.03,115.0787124311,115.8194369603,114.7541255632,115.7861388357
2020.01.06,116.2605697059,116.2772187722,114.9788582903,115.1286744880
2020.01.07,115.0371167800,115.2451856480,114.5543954822,114.5627136651
2020.01.08,114.7958045893,115.1120734836,113.4558526309,113.8054069722
2020.01.09,113.1894838601,114.3879627800,113.1145821025,114.2048611283
2020.01.10,114.5793762160,115.2451992120,114.5460907809,115.2202319608
2020.01.13,114.7541847334,114.9289555296,114.3463650432,114.8707028307
2020.01.14,115.0037951420,115.5364635268,114.9705097177,115.4615490980
2020.01.15,116.1190844975,116.3188224953,115.7029467361,116.2272716798
2020.01.16,115.9026916486,116.1274096090,115.4699174946,115.8610880296
2020.01.17,114.5044994679,114.9705718571,114.3213977866,114.8707028307
2020.01.21,115.5281915743,116.2273001368,115.4949061331,116.0774966018
2020.01.22,116.2855542651,116.6351085125,116.1773543673,116.4853049920
2020.01.23,117.2259584029,117.6670632106,117.1676930474,117.3008601175
2020.01.24,117.7004311545,118.6409067848,117.6005621317,118.2497361793
2020.01.27,119.8060303952,120.0890009576,119.4315090392,120.0890009576
2020.01.28,119.7894223948,119.9225895402,118.8656086597,119.1485793190
2020.01.29,119.3815579393,120.4302201302,119.3732270595,120.3137021090
2020.01.30,120.5966935520,121.2375491296,120.0890050787,120.3303720428
2020.01.31,120.8214577910,121.5039299379,120.7548742133,121.4290154758
2020.02.03,120.8387283033,121.5139892690,120.1467906154,121.3305834856
2020.02.04,120.0384863739,120.1635300548,119.2631773905,119.6966833520
2020.02.05,118.6295648356,118.9630230286,118.2960939220,118.3877968332
2020.02.06,118.5295683105,119.1131394808,118.3795158752,118.9213888525
2020.02.07,120.2302138574,120.6637197814,119.9384283331,120.4052749955
2020.02.10,120.9638034700,121.0888471051,120.6136558505,120.7387122062
2020.02.11,120.5386631684,120.6470428294,119.9967903049,120.1301786998
2020.02.12,119.5215989523,119.6716640768,119.2048174150,119.5215989523
2020.02.13,119.5799352630,120.2135109209,119.4382148942,119.9800876406
2020.02.14,120.6803788500,120.9471556294,120.4219467953,120.5053177190
2020.02.18,121.1638544246,121.7557572200,120.8137195802,121.3305834856
2020.02.19,120.9805033221,121.3973325234,120.8637916546,121.3223063201
2020.02.20,121.7808221033,122.4977688449,121.7141279040,122.2726775124
2020.02.21,123.2146792718,124.1150316160,123.0896229147,123.4147490901
2020.02.24,125.7406583921,125.8490380206,125.0487206116,125.2571351459
2020.02.25,125.2237707446,126.5159304368,125.1654085801,125.9240403947
2020.02.26,125.0070351606,126.4826136256,124.6985857203,125.2571351459
2020.02.27,127.2996169348,127.6164111521,125.7406800203,126.6160237593
2020.02.28,128.7585754524,130.0340721644,128.5168200419,129.4755223975
2020.03.02,129.6583044633,130.6601690262,128.3725678705,128.5228545616
2020.03.03,128.4143354461,133.3318334593,127.2037483747,130.5182602827
2020.03.04,130.5850714673,131.3698696459,128.7316157338,129.1323591321
2020.03.05,131.1861551083,132.5971200133,130.9189844270,132.3466506844
2020.03.06,139.6770530584,141.3718781752,137.0137528066,139.2345625249
2020.03.09,149.5286913957,150.0296173745,142.2150523547,143.0081947091
2020.03.10,141.6306441804,144.3774248344,135.2771350285,135.6778783929
2020.03.11,138.1157313592,139.4515593405,129.9338263767,130.6852216540
2020.03.12,136.5127701550,138.8922101968,129.9588955791,131.4950891184
2020.03.13,129.4078351378,132.0794782185,127.0617983584,128.5228545616
2020.03.16,133.8995575134,138.7168598720,131.7538857773,136.8467158884
2020.03.17,136.5044201283,138.2827386690,127.4959688946,127.7213798656
2020.03.18,127.6045360735,128.6898952091,116.0580102306,120.5163308191
2020.03.19,122.6869596488,128.1137391948,121.2676506231,123.7973637616
2020.03.20,127.9885597265,133.1064235718,126.9950392078,133.1064235718
2020.03.23,131.4950810865,139.1677167450,130.7186400560,138.5916410182
2020.03.24,134.6258972780,138.1324297290,133.9245933357,136.0118165493
2020.03.25,136.5795311257,139.1593358843,134.9347982627,135.7028948539
2020.03.26,136.9218164603,138.3244240750,135.4774618415,136.3707865805
2020.03.27,138.1909138140,140.4701585854,137.4144599534,140.0109668119
2020.03.30,140.5119155468,142.0230636127,138.5415756749,138.8588377845
2020.03.31,138.3411445553,139.3597104475,137.3893713310,137.7316789769
2020.04.01,140.8653477227,141.2666826955,139.1262677808,139.6613683200
2020.04.02,141.1579721624,141.4840488217,139.8452964071,140.5476261607
2020.04.03,140.9239728005,142.4122225484,140.5811704042,140.8821654520
2020.04.06,139.6279500260,140.6897948948,139.2349841161,140.5142092245
2020.04.07,137.9223123233,139.1430045472,136.8771930011,139.0426771748
2020.04.08,138.0476925777,138.9506770136,137.2283227732,138.0309670999
2020.04.09,137.3537435614,138.6162429516,136.9356958850,138.2818099135
2020.04.13,137.7467021021,138.5493592119,137.0193032661,137.0193032661
2020.04.14,136.9858863299,137.7383799492,136.6848914337,136.9858863299
2020.04.15,139.4607645448,140.9657393481,139.4106008443,140.6145679291
2020.04.16,141.5175297133,142.4038017223,141.3168749442,142.2114905582
2020.04.17,141.9857751390,142.8385835508,139.8537285939,140.3052146497
2020.04.20,140.8318943648,141.5425677150,140.4305721930,141.4338840013
2020.04.21,143.7499162672,143.9338583274,142.7884113910,143.2148155716
2020.04.22,142.1111963919,142.4623550778,141.0577203342,141.7516685834
2020.04.23,142.0275393941,142.9137985884,141.8101591555,142.5041199558
2020.04.24,141.8101421614,142.8385359374,141.7767039586,142.8385359374
2020.04.27,141.8520156605,141.9272612202,139.9958819747,140.1798240703
2020.04.28,140.9239060044,142.0108327594,140.8402913472,141.7934397537
2020.04.29,141.7431956880,142.3535415148,140.4305330669,141.0576043672
2020.04.30,141.0827315921,141.4924101418,139.3854590806,139.4105409201
2020.05.01,140.2276510150,140.7383313297,139.3402422525,140.6043794629
2020.05.04,140.2778900691,140.3783475894,139.3737340633,139.9430231519
2020.05.05,138.6119459115,139.1979695561,138.3607892712,139.0472704622
2020.05.06,136.6528430767,136.9960898301,135.6649771318,136.8035420700
2020.05.07,136.9291618912,139.2816357012,136.7449812650,139.0890878736
2020.05.08,137.7077051615,138.4695290448,137.0295788164,137.2807353026
2020.05.11,137.0129031415,137.4817219704,135.7069041826,136.2092045960
2020.05.12,136.5943554126,138.0761555044,136.5692410229,137.6073365302
2020.05.13,138.2100830828,139.2146968183,137.9924208187,138.5700772295
2020.05.14,140.0770137803,140.7718621871,139.8509715227,139.9263146838
2020.05.15,140.8973475361,141.0564137247,139.2481024879,139.5662348651
2020.05.18,138.0761092550,138.1849467570,135.9747917800,136.5022193365
2020.05.19,136.0585064065,137.0463727418,136.0250120506,137.0128911602
2020.05.20,136.6026788550,137.8835634186,136.3599022405,137.4231117970
2020.05.21,138.0175318730,138.4361219839,137.5403330149,137.7663752516
2020.05.22,137.9002790570,138.7039646360,137.8081887538,138.5951399317
2020.05.26,137.0547636638,137.1217268322,136.4436129760,136.7366311290
2020.05.27,136.2845522045,137.2222026673,136.1171187278,136.4854800410
2020.05.28,135.5897302807,136.1004107870,135.3385736298,135.9831932788
2020.05.29,136.2175630868,137.3728627974,135.9161777766,136.9542727984
2020.06.01,135.8813443226,136.1663483801,135.5208874811,136.0322243093
2020.06.02,135.5208448763,135.8729108586,135.1687788941,135.5376135776
2020.06.03,134.2718791506,134.3976252618,133.2324495932,133.7353956656
2020.06.04,133.2156561937,133.2910961720,131.7654767405,131.7990013561
2020.06.05,129.6028136438,130.9021135330,128.3873445051,130.8601981577
2020.06.08,129.9884079175,131.4805030777,129.9716392104,131.3631477097
2020.06.09,133.3246167195,133.8191846799,132.6959247319,132.8551954153
2020.06.10,133.4839581880,134.8754541373,133.3246874201,134.8251607982
2020.06.11,136.8453278789,137.6668153929,136.3256131157,137.3734333904
2020.06.12,136.1412339814,137.1890545506,135.8394611458,136.0490252597
2020.06.15,137.3818290637,137.6584551868,135.9148804899,136.1244445719
2020.06.16,133.6264587652,135.1520787959,133.0312910800,134.0371962242
2020.06.17,134.3473058544,134.7664338955,133.5677210469,134.5903944903
2020.06.18,135.8310060029,136.1998407149,135.4705620375,136.0154233589
2020.06.19,134.9592687878,136.2166532796,134.8838287881,136.1244445719
2020.06.22,136.7950071509,136.9878024614,135.8561644659,136.1411684537
2020.06.23,135.3616457495,135.8478360174,135.0598729208,135.2107657305
2020.06.24,135.4035192767,136.7111968665,135.3951413196,136.6609035424
2020.06.25,137.6501075292,137.7674629293,136.9711090099,137.0549397774
2020.06.26,137.6835608069,138.5805009499,137.6248767418,138.5218168848
2020.06.29,138.1865626969,138.5386288247,137.7925811941,138.0859632384
2020.06.30,138.5050634501,138.5553567738,137.0381151519,137.4153278704
2020.07.01,136.6365184192,137.2659477562,136.0826175293,137.1484547922
2020.07.02,136.5442171747,137.4170331261,136.1581743086,137.2911395609
2020.07.06,136.2336837961,136.8127608205,135.7469235845,136.7288317887
2020.07.07,137.1484458730,138.7597833341,136.9638122550,138.6506909640
2020.07.08,137.9037622776,138.4072980074,137.4925305466,138.0967836671
2020.07.09,138.1890806302,140.5305515315,138.1387283451,140.2955656635
2020.07.10,140.9502135244,141.1684239004,139.4479810715,139.5906501911
2020.07.13,138.8940446662,140.1193391540,138.6674465666,140.0521985021
2020.07.14,140.9334065191,141.1096523529,140.1361319884,140.2536249423
2020.07.15,139.2465563511,140.1109716394,139.1710279020,139.5990352526
2020.07.16,140.4886416163,140.7991688385,140.1865149821,140.2620562450
2020.07.17,140.3795179725,140.4886103399,139.7081241786,139.9682862323
2020.07.20,140.5809782004,140.6732950406,139.9851254361,140.3124282687
2020.07.21,140.4046332249,140.7571119326,140.2199996915,140.3962326424
2020.07.22,141.2103143157,141.3781723185,140.7319548640,140.8158710596
2020.07.23,141.7642222317,142.5698971464,141.3949550960,142.4607920002
2020.07.24,141.8397994007,142.6035100751,141.7223064358,142.4524531799
2020.07.27,142.8804174521,142.9223819567,141.8229810872,141.9236856536
2020.07.28,142.2846056504,142.9559995589,142.1922888279,142.9056472567
2020.07.29,142.7126323998,142.9979706622,141.8146402846,142.6622800953
2020.07.30,143.5518561960,143.7280892426,143.3000818950,143.6022084950
2020.07.31,142.7965066706,143.8959204862,142.6202736569,143.5098649227
2020.08.03,142.1907855043,142.8209148217,141.9639353605,142.7873007456
2020.08.04,143.5266612916,144.1567906296,143.4342418092,144.1483935203
2020.08.05,142.8797581716,143.2998444947,142.5688983949,142.8881681028
2020.08.06,143.9888455754,144.7197919461,143.3503059229,143.6863827979
2020.08.07,143.9047337006,144.0895726620,142.4764431245,142.7284974191
2020.08.10,143.0141792117,143.0393833638,142.0479858617,142.0899842352
2020.08.11,140.4516041466,140.7204654406,139.3677875027,140.4011958590
2020.08.12,139.2165118647,139.5273842536,138.6199968637,139.1240924225
2020.08.13,138.8889651110,139.1158153592,137.0909958112,137.6371158295
2020.08.14,137.6286749603,137.9143305746,137.0825678848,137.0993621068
2020.08.17,137.7630975107,138.1747866857,137.3093971431,137.4438278313
2020.08.18,138.0908197728,138.5193033409,137.8639694978,138.4268838082
2020.08.19,138.9393168177,139.1409628250,137.2001664767,137.5614344841
2020.08.20,138.9561146591,139.1745548709,138.5696297089,138.8048897786
2020.08.21,139.2754536249,139.7459483585,138.6369140692,139.6367217882
2020.08.24,139.7374960569,140.2836030528,139.3510110670,139.4098164754
2020.08.25,138.0823351884,138.7040545421,137.6454419631,138.3427865739
2020.08.26,137.8303328522,138.0655801806,137.1833962890,137.8135258087
2020.08.27,138.4268371224,138.4772582487,135.4022233635,135.4694387119
2020.08.28,135.9147065759,136.1499538463,134.9653075649,135.3685867683
2020.08.31,135.7718930105,137.1581726288,135.7382789284,136.2675917521
2020.09.01,136.0598352614,138.0028370792,135.5719831579,137.8261958832
2020.09.02,137.5318045821,139.2561066345,137.5149913889,139.1383501098
2020.09.03,139.4159553714,140.6692316268,139.1552096351,139.5337119244
2020.09.04,138.2887964183,138.5327160194,136.6401925415,136.8841249771
2020.09.08,138.2551493227,139.0037470119,137.7252514574,137.7252514574
2020.09.09,137.8934700060,138.1542156350,136.9009398955,137.3551527233
2020.09.10,136.6486299482,138.2383493655,136.2196496894,138.0533015743
2020.09.11,138.2046835946,138.4233834176,138.0112292265,138.3476727218
2020.09.14,138.6083781568,138.8523105296,138.1373522661,138.3392260055
2020.09.15,138.0869723798,138.3393115014,137.7673419703,138.0028678957
2020.09.16,138.6000797741,138.6926037059,137.0860576329,137.5907359581
2020.09.17,138.7009815824,138.7514596720,137.7757552904,138.0112683709
2020.09.18,138.0869081746,138.1457928372,137.3887758245,137.5822430006
2020.09.21,138.6925615334,139.1215289953,138.0617202360,138.2804072654
2020.09.22,138.3140515102,138.6841471040,137.8346059906,138.1710623643
2020.09.23,138.1962888584,138.3897432431,137.5065629488,138.3561040245
2020.09.24,138.7514424468,138.8860121657,138.4654513122,138.8860121657
2020.09.25,138.8776055691,139.1383512447,138.5411620200,138.8860121657
2020.09.28,138.6757444115,138.7009770383,138.2551835196,138.4906965923
2020.09.29,138.6168359567,138.9869314974,138.4149621615,138.6504751720
2020.09.30,137.9440320727,137.9440320727,136.7244075267,137.3215970636
2020.10.01,136.8323097811,137.8679706635,136.4871023348,137.5480091375
2020.10.02,137.7585079599,137.8090254963,136.5544510031,137.0343932940
2020.10.05,135.5188031608,135.5188031608,134.3147590501,134.3568612797
2020.10.06,134.1548279143,135.9061759623,133.6075244224,135.0810130695
2020.10.07,134.3484150820,135.0725296517,133.7590224899,134.0958145861
2020.10.08,134.6936109198,134.9293679139,134.4325951655,134.8199047210
2020.10.09,134.3147737989,134.9462687691,133.7169529074,134.7947032954
2020.10.12,135.0809484601,135.2914467376,134.8115173458,135.2240985948
2020.10.13,135.7377329588,136.2597646451,135.7124613422,136.1924036456
2020.10.14,136.6808007809,137.0344364947,136.3776826195,136.5039765002
2020.10.15,137.2786133357,137.4049200682,136.0998275855,136.2682237144
2020.10.16,136.1166038217,136.6723223356,135.6450897545,135.8892620937
2020.10.19,135.1399815371,135.5441348939,134.7610869622,135.3757387325
2020.10.20,134.6010768836,134.7273707652,133.8348597410,134.0874603520
2020.10.21,133.7000544690,134.1884119202,133.3464189728,133.6242781872
2020.10.22,133.2790878192,133.5653752497,132.1676635608,132.2350245534
2020.10.23,132.0329307084,133.2117287102,131.9824131800,133.0433198187
2020.10.26,134.0537738997,134.7357864932,133.8853649427,134.2811028657
2020.10.27,134.9125905257,135.3083284270,134.6347311792,135.1820345640
2020.10.28,135.8808502991,135.9482112887,134.8872917624,135.3082883115
2020.10.29,135.3336369923,135.4178414972,133.4307359513,133.9948701602
2020.10.30,133.9021227015,134.1715665820,132.6728203280,132.6728203280
2020.11.02,133.7678094744,134.1808338141,133.4559415645,133.6666659061
2020.11.03,133.0513698455,133.1609377700,132.3686120959,132.8912172695
2020.11.04,136.2458489621,136.6925832723,135.3186572645,135.7738287748
2020.11.05,136.2458845765,136.3301794298,135.3524157224,136.0098744211
2020.11.06,134.5432340115,134.7961057195,133.9700701441,134.3662328190
2020.11.09,131.4667056860,131.6184210411,130.3372262810,131.5425633635
2020.11.10,130.6153696192,131.3318245982,130.4636414191,130.7839465048
2020.11.11,130.6659659153,131.4414300237,130.6238184706,131.2559915563
2020.11.12,132.2842871555,133.5149098513,132.0904244029,133.4896239645
2020.11.13,133.4812360032,133.5992411276,133.1019347364,133.3126590915
2020.11.16,132.9501838101,133.4137798845,132.8490402527,132.9923312463
2020.11.17,133.8268602069,134.1555897679,133.6751319456,133.8605704530
2020.11.18,134.3915780946,134.5011588842,133.4728229157,134.2482870644
2020.11.19,134.8382021058,135.4703747057,134.7286214061,134.9393456061
2020.11.20,135.3103081735,136.1616298518,135.1923030610,136.1363439606
2020.11.23,135.5546828782,135.6979738049,135.0995113590,135.5125354617
2020.11.24,134.8551405681,134.8804264576,134.0290919727,134.1639586243
2020.11.25,134.2314831235,134.7877987934,133.7004533602,133.7510251736
2020.11.27,134.5348309431,135.0911462164,134.5095450545,135.0489987815
2020.11.30,134.8888741414,135.3103228547,134.6612882350,134.8804497974
2020.12.01,133.7776888530,133.9380047597,132.1998543440,132.8917413359
2020.12.02,132.3685206268,132.4106981510,131.1872538307,131.8369499248
2020.12.03,132.4191763674,133.1616863711,132.1154234455,132.9001109836
2020.12.04,131.3644765846,131.4488445258,130.5882220016,130.9510311859
2020.12.07,131.9213837592,132.3685738431,131.7779337703,132.1323229639
2020.12.08,132.9507288099,133.3726070945,132.6385301244,132.7566555291
2020.12.09,132.0901170124,132.7398132913,131.6344811740,132.3179349316
2020.12.10,132.6723194806,133.5582537915,132.3263761141,133.4907645795
2020.12.11,133.8620278727,134.4864126175,133.5835994237,133.9632874562
2020.12.14,132.8832646492,133.8957702463,132.5626329414,133.5920172797
2020.12.15,133.1279249865,133.6426170648,132.7313583257,133.1448037246
2020.12.16,132.1154804208,133.2208000962,131.9551645214,132.7904886357
2020.12.17,133.4233064231,133.7017477945,131.9889091385,132.3011080018
2020.12.18,132.5710418821,132.7904268528,131.7779085642,131.9044797877
2020.12.21,132.6385388999,132.7566643124,132.0057214310,132.4275997436
2020.12.22,132.9423528541,133.1701708525,132.5373530930,133.1111016817
2020.12.23,132.1492092822,132.2082784485,131.1704610058,132.1913997046
2020.12.24,132.3854396188,132.8326297025,132.3432620777,132.7145042629
2020.12.28,131.9466916168,132.8495046919,131.7104407444,132.7735696703
2020.12.29,131.9551150736,132.7144909841,131.9298034016,132.6048113635
2020.12.30,132.3179520216,132.9170121600,132.1998137059,132.8917004851
2020.12.31,132.8579520730,133.3810771718,132.8495062651,133.0857571404
2021.01.04,132.1914030993,133.4654714906,132.0817105732,132.9254675442
2021.01.05,132.4276118814,132.4276118814,131.3391714001,131.9382314490
2021.01.06,129.7866354087,129.8119470745,128.4956760752,129.2297530099
2021.01.07,128.0738634780,128.3944952432,127.6266733185,128.0907422221
2021.01.08,127.8122294309,128.2172418157,127.1203558043,127.6772381774
2021.01.11,127.4072596400,127.5844542090,126.9769483649,127.4663287879
2021.01.12,127.2300927112,127.5422915078,126.5044612883,127.3650969003
2021.01.13,127.9641469107,129.1538469727,127.8882118960,128.7994578215
2021.01.14,128.7404227560,128.7910461074,127.2300907724,127.5929129157
2021.01.15,128.4113274860,128.5547645725,127.8038216640,128.0991416433
2021.01.19,127.9303745722,128.5547591058,127.8375608291,128.5125686998
2021.01.20,128.2426475473,128.6560802906,128.0738858259,128.6392144183
2021.01.21,127.7785787023,128.0401413462,127.4917043750,127.7363882719
2021.01.22,128.1244497676,128.2594410440,127.7616277208,128.1497614366
2021.01.25,128.8922803347,129.6769808304,128.7910336416,129.6601020900
2021.01.26,129.1791824458,129.6010608825,129.0272995138,129.4154333404
2021.01.27,129.9976108476,130.3604200764,129.5419749851,129.7444812434
2021.01.28,129.4323197885,129.4829560237,128.3860693392,129.0273200299
2021.01.29,127.7616359973,128.6644618322,127.6603893147,128.2510164207
2021.02.01,128.1125278393,128.7038398290,127.9689244196,128.3997346786
2021.02.02,127.3353626404,127.6310121661,127.1495199032,127.5718874168
2021.02.03,127.0734490565,127.2086097173,126.3554322144,126.4398979601
2021.02.04,126.0006554424,126.2794194944,125.6965503757,126.1020195015
2021.02.05,125.9500677174,126.3470944320,125.0377518342,125.0461945489
2021.02.08,125.2741843805,126.0851226413,125.0545450639,125.5951748676
2021.02.09,126.0513887550,126.4315170206,125.5783391009,125.6881459130
2021.02.10,126.1020711837,126.5244387889,125.9838087698,126.5244387889
2021.02.11,126.4400192160,126.5329406482,125.6544212901,125.8318214386
2021.02.12,124.7673808288,125.0883843150,124.2014098171,124.2689901768
2021.02.16,122.6724347102,123.0441202240,122.1993851071,122.3767722635
2021.02.17,123.2890680367,123.6523107815,122.4696740730,123.1539073461
2021.02.18,122.1571331501,122.9934254697,121.9121656629,122.6555237241
2021.02.19,121.6924854231,121.9121247064,120.6703635988,121.0251506453
2021.02.22,120.8223927227,121.4221599795,119.7157924231,120.1043631335
2021.02.23,119.5468784467,120.3747149828,119.2258750821,119.7580621572
2021.02.24,117.7138192493,119.2596728493,117.5533175481,118.9724660628
2021.02.25,117.8574317504,118.1953205972,115.3992497872,117.0295821632
2021.02.26,118.9133772496,121.0505562661,117.9926060891,120.8984972281
2021.03.01,118.9634033162,119.5977169104,118.4813187901,119.3016987377
2021.03.02,118.7435026004,119.3609104723,118.6504694214,119.3101674484
2021.03.03,117.8808457299,118.5320650796,117.3564710354,118.0161561592
2021.03.04,118.0922405607,118.3544213599,116.6798376487,117.2549422526
2021.03.05,116.8574519949,117.8469794370,116.7052229601,117.4833125836
2021.03.08,117.4156906029,117.4748865014,116.5699390430,116.5699390430
2021.03.09,117.7877952368,118.2529610647,117.5340672484,118.1852994074
2021.03.10,118.2359875173,118.5319926120,117.7961934019,118.4220537620
2021.03.11,117.7032691752,117.8808827205,117.1027926613,117.5679457984
2021.03.12,115.3605082908,115.4112642250,114.7261946171,115.0729558560
2021.03.15,115.4365973050,115.9440403319,115.3689356537,115.7495211501
2021.03.16,115.8848935069,115.9694609280,114.8107853090,115.2844041633
2021.03.17,114.3032996248,114.6246892951,113.4575482020,114.4217043078
2021.03.18,112.7470988305,113.7281733930,112.6456128085,113.2630076172
2021.03.19,113.3983502455,114.0326638011,113.1615408839,113.9650021399
2021.03.22,114.7599891085,115.3689310406,114.4893425142,115.2420606101
2021.03.23,115.5211730736,116.3246342700,115.1490404171,116.2823570269
2021.03.24,115.9187054727,116.9505233969,115.8256722859,116.9082332384
2021.03.25,117.0435417978,117.2718983011,115.9440623398,115.9863524930
2021.03.26,115.3773775697,116.0708997506,115.2082299101,115.5803625042
2021.03.29,115.7241516439,115.7410702833,114.1510537136,114.5993008690
2021.03.30,114.4301801817,115.4535322667,114.1849050205,115.1998171416
2021.03.31,115.3097448485,115.5211827023,114.1595224077,114.5570266052
2021.04.01,115.6453045895,116.5514895441,115.4335775628,116.4583291354
2021.04.05,115.6453113441,116.0010112191,115.1286968518,115.9501987973
2021.04.06,116.1618900235,116.8563477778,116.0348460855,116.7377811894
2021.04.07,116.4075545186,116.9580527205,115.9248234607,115.9248234607
2021.04.08,116.3567395100,116.9326439169,116.3313332930,116.8818185600
2021.04.09,116.4498647066,117.0342333680,116.1026292813,116.4583291354
2021.04.12,116.4160327201,116.4753095874,116.1111451835,116.4075553657
2021.04.13,116.2804795535,117.3052310723,116.1957835782,117.2798248642
2021.04.14,116.8987525622,117.0766089927,116.5091819778,116.9072169931
2021.04.15,118.1352169520,119.3971017657,118.1098107425,118.8635584437
2021.04.16,117.8048580987,118.3384011253,117.6608724276,117.9403535000
2021.04.19,117.5000110526,117.9827418537,117.3390964780,117.6016358691
2021.04.20,117.2544463801,118.3638941365,117.2375045965,118.1437026405
2021.04.21,118.1775639196,118.4909287395,117.7795289567,118.3808265388
2021.04.22,118.5671319512,118.8974255875,117.8896028983,118.8974255875
2021.04.23,118.8889518084,118.9651704286,118.1352041886,118.6179350395
2021.04.26,118.6941584757,118.9990458918,118.4400963980,118.4485608264
2021.04.27,118.2198997508,118.4146979201,117.3221792235,117.4153396324
2021.04.28,117.4238423009,117.6271049653,116.8394863710,117.4915965224
2021.04.29,116.4075143669,117.1782038302,116.1365104980,117.1443331926
2021.04.30,117.3052374430,117.4915582607,116.8563771794,117.4153396324
2021.05.03,117.6384293326,118.4441694286,117.2822078041,117.4857685097
2021.05.04,118.3084332957,118.8766921713,118.0285422779,118.2829898342
2021.05.05,117.9182730269,118.6137621184,117.8249760254,118.4780550359
2021.05.06,118.1048614161,118.9021243107,118.0624513371,118.6731202376
2021.05.07,118.8258007156,119.2498756461,117.8165003102,118.0879015361
2021.05.10,117.8504510927,118.1048987052,116.7817866504,116.8920503022
2021.05.11,116.3916560405,116.6036936046,116.0015141701,116.2305054212
2021.05.12,115.9166772821,116.0269409409,114.8056026770,115.0091633682
2021.05.13,115.2890496329,115.6622377888,115.0346149281,115.1872757510
2021.05.14,115.7979412765,116.2644264568,115.5350167954,116.2644264568
2021.05.17,116.0523821585,116.3407500925,115.8318677869,116.0184489064
2021.05.18,115.6876719479,115.8318688580,115.4077937952,115.7216052003
2021.05.19,115.8064435484,116.4510460996,115.0261467763,115.4417451085
2021.05.20,115.9930102811,116.6121692110,115.9166798734,116.3916418885
2021.05.21,116.7563503294,116.7902706403,116.2474550733,116.7648271717
2021.05.24,117.0362097109,117.5366150474,116.9513895439,117.1973473213
2021.05.25,117.5790238697,118.3169101356,117.5705340880,118.2829898342
2021.05.26,118.3932827507,118.6646970255,117.7911033589,118.0794713196
2021.05.27,117.4688157764,117.6299664031,117.0362637853,117.6045229296
2021.05.28,117.5365976001,118.1472664747,117.3330369947,117.4178571491
2021.06.01,117.0602961429,117.4340084282,116.5761485400,117.3915502543
2021.06.02,117.6803869198,117.8842277211,117.4850351652,117.6633958663
2021.06.03,117.6464074363,117.6464074363,117.0858322599,117.2217218103
2021.06.04,117.6548354387,118.8269582161,117.6548354387,118.8269582161
2021.06.07,118.5636384474,118.6655717321,118.3343177179,118.4617181232
2021.06.08,119.4725120776,119.4725120776,119.0902977705,119.2941384887
2021.06.09,120.4067334330,120.7379873436,119.9735592300,120.3472842492
2021.06.10,119.6169247018,121.0863329669,119.4895112700,121.0693419173
2021.06.11,120.8739918590,120.9504321429,120.4747864293,120.8739918590
2021.06.14,120.6956818884,120.6956818884,119.7698572067,119.9482309044
2021.06.15,119.5914196844,119.8377315313,119.3196147882,119.8037623994
2021.06.16,120.1010352623,120.3303690250,119.0902948185,119.7018299185
2021.06.17,120.4917425390,123.0993041628,120.3048799257,121.4939938648
2021.06.18,122.5472130889,124.0421009714,122.4113106559,123.7787981076
2021.06.21,122.6406482928,122.7255905562,121.4770144536,121.7063352362
2021.06.22,120.7550569378,122.0376023060,120.7125858015,122.0036331732
2021.06.23,121.5534184299,121.8846724219,121.2136753982,121.6893208267
2021.06.24,121.8167350765,122.2244293529,121.7402948297,121.8846862826
2021.06.25,121.6808510153,121.7997624039,120.0755407894,120.6191375601
2021.06.28,121.2222288113,122.1395510363,121.2052377625,121.8592570542
2021.06.29,121.5450051457,122.0716110611,121.4940319948,122.0631220161
2021.06.30,122.5217247074,123.0992905682,122.3688442009,122.6066669624
2021.07.01,122.4519412589,122.7326008368,122.0692283717,122.6135343169
2021.07.02,122.6644908784,123.3533762773,122.5624376274,123.3533762773
2021.07.06,123.9317626989,125.0118743294,123.9317626989,124.7992546450
2021.07.07,125.5051548457,126.3471204992,125.2074820935,125.9048679174
2021.07.08,126.6192799962,127.0955460182,126.0154343759,126.3981472166
2021.07.09,124.9097551794,125.0118214092,124.5865822204,124.6205956455
2021.07.12,125.0969798166,125.2160463830,124.3145405261,124.4591204298
2021.07.13,124.8672769435,125.4115827400,123.0132268078,123.5065059636
2021.07.14,124.1784281844,124.9523671519,124.0083349879,124.9098406085
2021.07.15,125.8283339350,126.3811529329,125.0458950083,126.2875997472
2021.07.16,125.3095113153,126.1599898984,125.2925110873,126.0494365071
2021.07.19,128.3797250531,129.2302035403,128.0990655950,128.8134773870
2021.07.20,129.7234892782,129.8765821619,127.3676601140,127.5717796332
2021.07.21,126.0239226219,126.2960820244,124.7397045068,125.9558957485
2021.07.22,125.9643626609,127.4101734180,125.9218361433,127.1465271771
2021.07.23,125.8198485508,126.4321943872,125.7773220110,126.2961146508
2021.07.26,126.7213266850,126.7723533308,125.7687946908,125.9218746282
2021.07.27,127.0019663663,127.3081391705,126.7128067672,127.2656126466
2021.07.28,126.4406467919,127.2911253575,126.1004605565,127.2741121525
2021.07.29,126.5341417370,126.9083542100,126.3215221934,126.5681681312
2021.07.30,126.8318324738,127.3336115540,126.7722927639,127.1635184902
2021.08.02,127.2589830907,128.7746795724,127.0290702781,128.2978329929
2021.08.03,128.3659214266,128.7746451005,128.0593754229,128.3659214266
2021.08.04,129.0045135978,129.2770046157,127.4888180418,128.6298449447
2021.08.05,128.3744259441,128.5106714934,127.7272790743,127.9742127635
2021.08.06,126.2966971954,126.6713528402,125.7602386464,125.8368718697
2021.08.09,126.1519635073,126.5010878351,125.3685711333,125.3856050742
2021.08.10,125.5899918158,125.6581145966,124.7980758585,124.8065993268
2021.08.11,124.6703427905,125.3685784938,124.0742847527,124.7299420977
2021.08.12,124.3978724109,124.6959079760,123.8358691704,124.5256075073
2021.08.13,125.0279739081,126.5010915134,125.0109399666,126.4925810392
2021.08.16,127.0375407599,127.7442998571,126.7139608617,126.7991175696
2021.08.17,126.7735494603,127.2759401607,126.5947256045,126.7480050514
2021.08.18,126.6288272338,127.2759740885,126.4074249730,127.1737964254
2021.08.19,127.9912319290,128.1189669892,127.5654743812,128.1104435226
2021.08.20,128.2295704350,128.4169046717,127.8208470971,128.1955155706
2021.08.23,127.8975647488,128.1530218760,127.6591415615,128.1104435226
2021.08.24,127.5229003240,127.7868809267,127.1141767024,127.1141767024
2021.08.25,127.0546285816,127.1908611816,125.6666542122,126.0583440510
2021.08.26,125.9987236827,126.5096380749,125.6070209162,126.4074474006
2021.08.27,126.5095588286,127.2929508778,126.3051906011,127.2674064735
2021.08.30,126.8672074898,127.6420761610,126.8161056825,127.5995108112
2021.08.31,127.4463376119,127.8039726028,126.4500659244,126.7310676301
2021.09.01,127.2673311764,127.3696387927,126.6023056514,126.9433397120
2021.09.02,127.2417246620,127.5060279489,126.8239469767,127.4974936431
2021.09.03,126.4147322970,126.6193475284,126.1333733442,126.3379885756
2021.09.07,125.5535833521,125.7752671698,125.0420323311,125.2722244362
2021.09.08,125.8946082685,126.3464841119,125.6644031942,126.1248003331
2021.09.09,126.3294555526,127.7959252863,126.0566309328,127.6509851743
2021.09.10,126.9518078281,127.1820128779,126.3208937792,126.5255089260
2021.09.13,127.0711980924,127.4548775937,126.9944673960,127.2928818949
2021.09.14,127.6595222855,129.2283128293,127.5316377619,128.8361119410
2021.09.15,128.9213006502,128.9553988331,127.8299636532,128.3841599498
2021.09.16,127.6082968802,128.2733220490,127.4633568316,127.7958694160
2021.09.17,127.1905092712,127.3439836109,126.7812660480,127.1819879783
2021.09.20,128.3756190430,129.0576866737,128.0857259894,128.7592853377
2021.09.21,128.4950532035,128.7082027083,128.0602198875,128.6485146023
2021.09.22,128.5632357520,129.4158336794,128.2648342832,129.4158336794
2021.09.23,128.2477211848,128.2732980704,126.4743167296,126.4913723232
2021.09.24,126.0480581613,126.0565924657,125.1102083683,125.2551484360
2021.09.27,124.5304168324,125.2210188815,124.3769554924,124.7947200354
2021.09.28,123.0554017861,123.6863286352,122.4671074150,122.8507736976
2021.09.29,123.4561626479,123.9932904093,122.5097785802,123.0639619401
2021.09.30,122.8593441845,123.2088993839,122.4756647793,123.0469167352
2021.10.01,123.6555767012,124.1250903695,123.1006767801,124.0824167822
2021.10.04,123.5019028176,124.1763174148,123.0153119172,123.7665415737
2021.10.05,123.4421948079,123.5275550348,122.4689996433,122.5714371261
2021.10.06,123.1263230567,123.5446311510,122.9555895783,123.2629150499
2021.10.07,122.2384697880,122.3665166075,121.7262564582,121.9738310105
2021.10.08,121.4445746859,121.5214158254,120.8213916121,121.1201849765
2021.10.11,120.8811052439,121.1371988484,120.7530454154,120.8128092739
2021.10.12,121.7604396964,122.9385097914,121.6323798206,122.8787589369
2021.10.13,123.4507035354,124.2360878154,123.4250941695,124.0738864810
2021.10.14,124.0995376708,124.6032190963,123.7409934021,124.5349230890
2021.10.15,123.7836145144,123.9031292074,123.3311651035,123.8092238754
2021.10.18,123.7836352864,124.6373155298,123.3738724170,124.3897539907
2021.10.19,123.4933779397,123.5531287787,122.6311526213,122.6738392356
2021.10.20,122.2896783228,122.6567545252,121.6579503387,121.8457610089
2021.10.21,122.0762903380,122.2043371804,121.4189528196,121.7006688989
2021.10.22,122.4604100955,123.2714036009,122.2555352043,123.0409193483
2021.10.25,122.6482723308,123.1860951986,122.6141308432,122.8531603343
2021.10.26,123.4592907757,123.8690668644,122.7080606655,123.8690668644
2021.10.27,124.9787955015,126.4983454517,124.5775647031,126.1227370473
2021.10.28,126.1654742220,126.6264691286,125.3544801024,125.6959602232
2021.10.29,125.0385407562,126.3446704286,124.9104939358,126.0800316491
2021.11.01,124.6252270350,125.4457973404,124.5397449836,125.1722782529
2021.11.02,125.2235463391,126.1381546104,125.2235463391,125.7278564671
2021.11.03,126.3519243722,126.4886774613,124.3944966077,124.4286946621
2021.11.04,124.6850202989,125.9586294809,124.6679343274,125.7363944672
2021.11.05,126.9501766125,127.8562288169,126.6168175365,127.6168947645
2021.11.08,127.3262772972,127.5997963401,126.9416211716,127.3775613026
2021.11.09,128.8990534869,129.7281797250,128.7622874379,129.0358195359
2021.11.10,128.9246891553,129.0101581496,125.6765673871,126.6766446159
2021.11.11,126.9416268698,127.0698499317,126.4116747337,126.4886007452
2021.11.12,126.5057544293,126.9416817256,125.4458366563,125.9330610251
2021.11.15,125.5569563090,125.6167963702,124.1294943443,124.3517294799
2021.11.16,124.5311902945,125.1209824827,123.8131880840,124.0354231369
2021.11.17,123.5739076370,125.0440976877,123.4798825656,125.0184556721
2021.11.18,124.7875662411,125.5653950916,124.7533682223,125.4884691134
2021.11.19,126.1466808046,127.0185479396,126.1466808046,126.8133988953
2021.11.22,125.9928731196,126.1980222574,124.9073265030,125.3261547254
2021.11.23,124.7363635348,124.8902286502,123.5140508149,123.5140508149
2021.11.24,123.8901079746,125.4970764029,123.7618849159,125.4970764029
2021.11.26,127.2151663085,128.7964798212,127.0784002517,128.6682697946
2021.11.29,126.7707002190,127.9075437643,126.6510331639,127.6340246565
2021.11.30,128.9247178663,129.9846353656,128.4289506349,129.5743371476
2021.12.01,128.7903944122,130.4335422122,128.1913190920,130.3736294568
2021.12.02,130.8785153705,130.9298747429,129.0214163558,130.5361979060
2021.12.03,129.8088538154,132.7528332168,129.5264488788,132.0938709532
2021.12.06,131.8370319414,132.0937765771,130.0227127586,130.2794573943
2021.12.07,129.8430403412,130.5362419286,129.1070457918,129.2268582506
2021.12.08,128.7732774079,128.7818307766,126.9675241566,126.9931973213
2021.12.09,127.8062916875,128.2341954467,127.0702966991,127.7035989640
2021.12.10,128.3025681036,128.5764325780,127.3526219280,127.3954148844
2021.12.13,128.7048356118,129.4921766157,128.6363694734,129.2782248301
2021.12.14,128.6876768040,129.1669265690,127.7805235975,128.9700946424
2021.12.15,128.0372577462,129.0471035169,127.6264741326,127.7291667713
2021.12.16,127.4447608367,128.4129168168,127.4276217462,127.7789011993
2021.12.17,128.8070047771,129.3553379316,128.6527922055,129.2268274553
2021.12.20,129.1583358616,129.3896678848,128.1730536200,128.2587229474
2021.12.21,126.9221239496,127.8302996082,126.4765991285,127.7703324039
2021.12.22,128.2844521826,128.3958367124,127.6761514582,128.3615715889
2021.12.23,128.1644981479,128.1730742333,126.8279361511,127.2477590648
2021.12.27,127.1962931806,127.6675070119,127.0763457024,127.5561356150
2021.12.28,128.1730354412,128.3272480526,126.8107586737,127.0506536737
2021.12.29,125.8682926402,126.2109959794,125.4399069296,125.6626627927
2021.12.30,126.1596128590,126.7764894313,125.4741929928,126.7165091466
2021.12.31,126.6393806997,127.6846428714,126.3138033787,126.9649580207
2022.01.03,125.4399082804,125.8939960927,123.6149809500,123.6321200391
2022.01.04,123.0409630003,123.4864878675,122.2955759342,123.1180693024
2022.01.05,123.4950658094,123.5122049030,122.2698886181,122.4498033446
2022.01.06,122.1670344037,122.8952953445,121.9100003614,122.7667717868
2022.01.07,122.6297168818,122.7239622758,121.2845792649,121.8843167389
2022.01.10,121.3616490910,122.3555069339,121.1131911669,122.1841552890
2022.01.11,122.4155461727,123.0581249556,122.2613204667,122.9981446607
2022.01.12,123.2893713658,123.3836167214,122.5182825094,122.5268455151
2022.01.13,122.8524716915,123.7349453396,122.5440334114,123.6149978459
2022.01.14,122.8782173473,122.9124955424,121.4816750462,121.7472853017
2022.01.18,120.7705273713,121.0703895796,119.9651599963,120.0337032914
2022.01.19,120.4021277139,121.4131251328,120.2136368913,120.8647917597
2022.01.20,121.1217647258,121.6529718665,120.8818697874,121.6101306832
2022.01.21,122.8610208879,123.4607713624,122.2355813889,123.0580877344
2022.01.24,123.6321488988,123.6921161148,122.0299770599,122.0471161530
2022.01.25,122.6125599084,123.1266279959,121.4901914265,121.8500338584
2022.01.26,121.8843222136,122.1499323892,120.3678459055,120.3764089151
2022.01.27,122.0128225885,122.8353158410,121.9442793053,122.5868578783
2022.01.28,121.7386675119,122.9124534359,121.5330507049,122.6297172531
2022.01.31,121.8157832859,122.4755010973,121.6273055560,121.9957110793
2022.02.01,122.0712185780,122.1398573261,121.0245005786,121.5907604323
2022.02.02,121.7880565163,123.1779678898,121.7708935610,122.0025476385
2022.02.03,120.4925462950,121.3848236875,120.2694671283,121.0502180289
2022.02.04,119.9863995022,120.2352035691,119.0683707523,119.2656990186
2022.02.07,119.1798644011,119.5230450007,118.8709966249,119.3428797680
2022.02.08,118.5792760616,118.8967187286,118.2446704394,118.5449501513
2022.02.09,119.0168407338,119.5745124421,118.5621205799,118.7680236887
2022.02.10,118.1074059025,118.2532583085,116.5459041004,116.8805097592
2022.02.11,117.4295900715,118.8366512457,116.1340684651,118.6135852017
2022.02.14,117.6526499997,118.1760087524,116.6574082583,117.1378661772
2022.02.15,116.3400409512,116.5459441403,115.7737809982,115.8080938326
2022.02.16,116.6402582207,116.7432228515,115.4047873831,116.4944058428
2022.02.17,117.0692810507,118.0302104198,116.5973978460,117.3609859076
2022.02.18,117.9872770745,118.7165390160,117.6784093430,118.5964245144
2022.02.22,118.1331156988,118.9739171122,117.9443624909,118.9052783920
2022.02.23,118.1245939208,118.2704594654,117.1722655079,117.2666290733
2022.02.24,119.3428608741,119.5745018509,116.8976569418,117.3438021238
2022.02.25,117.4210460242,117.8071275100,116.8376232373,117.4296209581
2022.02.28,118.7680144692,120.1493377799,118.6736509460,120.0034853920
2022.03.01,120.5834035037,122.2758333346,120.2741266536,121.3909604515
2022.03.02,120.1366501403,120.6349301667,117.1899407520,117.2414847015
2022.03.03,118.1177867557,119.1572914976,117.7140082865,118.4356498920
2022.03.04,120.5834156177,120.9786078415,119.6813569554,120.4803276936
2022.03.07,119.5181299734,120.8239671971,119.2174524810,119.5610876462
2022.03.08,118.1349252106,118.7706644084,117.9115637617,118.3582997684
2022.03.09,117.7569408712,117.9888886250,116.9493841046,117.1985175431
2022.03.10,115.8325468621,116.1246379487,114.8789445780,115.5146838037
2022.03.11,115.4030004580,116.3651890626,115.2999125672,115.9012804451
2022.03.14,114.0026684677,114.1658997099,113.1607533917,113.1951116543
2022.03.15,114.1401501441,114.3892836460,112.7054531633,112.9975443335
2022.03.16,113.2552836156,114.3721175099,111.9580458568,114.1057983039
2022.03.17,114.1057771268,114.5525001145,112.6023506928,113.2552625964
2022.03.18,113.8910280206,114.7243439463,113.8910280206,114.6384417099
2022.03.21,112.7827819345,113.1178308111,111.4683584100,111.9838242705
2022.03.22,110.7896463940,111.1160957883,110.2569949770,110.5490861067
2022.03.23,111.1418340962,113.0576377635,110.7036975344,112.9717224648
2022.03.24,111.3824347938,112.6968582206,111.3394902326,112.0869038768
2022.03.25,111.2535670324,111.2707527210,109.6642316714,110.5319254194
2022.03.28,111.1590472596,112.1641935797,110.8583567488,111.4769103472
2022.03.29,112.1642014991,113.0147160341,111.4597456399,112.3188464640
2022.03.30,111.7432423782,113.4098868447,111.6745127442,113.1951116543
2022.03.31,113.3841214727,113.9769031303,113.1092160295,113.4700367974
2022.04.01,111.8627903639,114.4010305841,111.6046758111,113.9019872338
2022.04.04,113.5147775535,113.5578010176,112.4650811784,113.1103937524
2022.04.05,112.5080970124,112.5253090247,110.3828664478,110.5549603124
2022.04.06,108.7824650595,110.3914463768,108.7566536132,109.6600870552
2022.04.07,108.5071469379,108.9889781731,107.9048578938,108.8341029097
2022.04.08,107.9392987616,108.2662613887,106.9154071023,107.6553661702
2022.04.11,106.6228396472,106.8551558405,105.4526723688,105.9517156479
2022.04.12,106.7347050212,106.8293513929,105.5473256542,105.8054533160
2022.04.13,105.8742892869,106.9498102810,105.7366194487,106.0205585666
2022.04.14,105.7107765571,105.7710054522,103.5769406510,103.8952971338
2022.04.18,103.9985841918,104.1792709377,102.9832920739,103.3790830264
2022.04.19,102.5186560641,103.0090933441,102.1056531398,102.6046964253
2022.04.20,103.4393029153,104.9450322304,103.1811752640,104.6696991325
2022.04.21,103.9641320324,104.0329669310,102.5358374260,103.8952971338
2022.04.22,103.3102475077,104.4890209165,103.0865372960,103.2414125865
2022.04.25,104.4373616798,105.1343035706,104.2222575357,104.2738869942
2022.04.26,105.3494413280,105.8570841191,104.7643576068,105.3236298727
2022.04.27,105.1343384537,105.2461902825,103.9125415208,103.9727704386
2022.04.28,103.5855721710,104.1706558245,103.2586161687,104.1276323612
2022.04.29,102.6563074235,104.0846021997,102.4842267209,102.7767652282
2022.05.02,101.5813592688,101.9347272824,100.7798091701,100.9952795561
2022.05.03,102.5983457808,102.8310508272,101.6071810185,101.6761330974
2022.05.04,101.6761525610,102.5380339843,101.1417837113,102.2363768013
2022.05.05,100.2799217392,100.3833498973,98.2717360552,99.4352814629
2022.05.06,98.3751644378,99.1508591861,97.6598011379,97.9700790372
2022.05.09,97.2719213178,98.8664003630,97.0650716528,98.8319243229
2022.05.10,99.8834454818,100.8056584143,99.5300774897,99.7283065503
2022.05.11,98.8922863473,101.6503112287,98.6337258299,101.6503112287
2022.05.12,101.7192418790,102.4690810786,101.4089706187,101.4606813995
2022.05.13,100.8228927530,100.9694110182,99.8920592288,99.9610113215
2022.05.16,100.1592656264,100.7884421233,99.8489877067,99.8576083644
2022.05.17,98.8663951874,99.4179986490,98.5647380718,98.6509248797
2022.05.18,98.8750349902,100.8401235247,98.7802275104,100.7539367001
2022.05.19,102.2536258208,102.3225779225,100.7108570685,100.9952795561
2022.05.20,100.9176815539,102.5811127802,100.8918261661,102.1415580373
2022.05.23,101.4520533883,101.9174701085,100.4436537823,100.4608885161
2022.05.24,101.6158235117,103.1154953823,101.5813474649,102.4432289085
2022.05.25,103.0896130280,103.0982336814,102.2104905032,102.8482873391
2022.05.26,102.5811145221,102.6414459531,101.5296248075,102.3828854956
2022.05.27,102.8741768078,103.2016894119,102.3398079082,102.6328510388
2022.05.31,100.9952573228,101.0383540207,99.9179056303,100.4608885161
2022.06.01,101.0454553284,101.3131118677,99.8884824026,100.3460912938
2022.06.02,100.7000597557,100.7691345166,99.6898660808,100.3978659112
2022.06.03,99.3703942528,100.2079075623,99.1804485529,100.1820061754
2022.06.06,99.4221995030,99.7330293078,98.2652204322,98.3342951860
2022.06.07,98.9559896163,99.9661835439,98.9300882213,99.3963330927
2022.06.08,99.0164233111,99.4049573902,98.4983756764,98.5156410764
2022.06.09,98.2911274523,99.0423006216,98.1529845240,98.8437189272
2022.06.10,98.7401179201,98.9559716220,97.5399718645,98.2306997582
2022.06.13,96.2621026976,96.4175176065,94.3194196299,95.1482969483
2022.06.14,95.4332084396,95.8217489366,93.7581821173,93.9481343708
2022.06.15,95.0533193062,95.8303938385,94.1381018500,95.7008803185
2022.06.16,93.6373381777,96.4607084361,93.3524162826,96.4607084361
2022.06.17,96.7110944406,97.4190943193,95.8045062577,96.7715332136
2022.06.21,95.0533485019,95.8563246674,94.8115933704,95.1310592727
2022.06.22,97.2982327938,97.8335458468,97.0305696800,97.7472056693
2022.06.23,98.3429449175,99.4394787914,97.9889416952,98.5501626206
2022.06.24,97.9630357019,98.5760593774,97.1341583412,97.1859611177
2022.06.27,96.0290023334,96.8924171984,95.9771995495,96.3570976107
2022.06.28,96.0894419293,96.8578806386,95.7268092639,96.8060778542
2022.06.29,97.0305569622,98.3429512027,96.8492406370,98.3170498116
2022.06.30,99.1718450615,99.9575492674,99.0768688868,99.1804810558
2022.07.01,100.2679549879,101.7300112564,99.6796699224,100.1987434272
2022.07.05,101.1243650135,101.8683723373,100.5014745469,100.9859485767
2022.07.06,101.5569563146,101.6867262992,99.2903279318,99.2903279318
2022.07.07,99.5758051526,99.6363635893,98.2002606901,98.4165417641
2022.07.08,98.1916043917,98.1916043917,96.9371768436,97.3264801240
2022.07.11,98.4425231181,99.3076476662,98.3646584766,99.0048553944
2022.07.12,99.9305362680,100.5534269854,99.4633682299,99.5931382295
2022.07.13,98.4251801759,100.9167421682,98.1483406879,100.7350668730
2022.07.14,99.5585194196,100.4928553733,99.0307929975,99.9132169981
2022.07.15,100.2160148037,101.0638396831,100.0083867803,100.4755547832
2022.07.18,99.7056078561,99.7661663127,98.7799248194,99.4287682545
2022.07.19,99.4114554788,99.6190835024,98.3300498971,98.8923755193
2022.07.20,99.9045713301,99.9651297758,98.6674431405,99.1519107055
2022.07.21,99.6536924028,100.9773318202,99.4979697301,100.8648614120
2022.07.22,102.3355632686,103.1833814612,102.0587237322,102.5604974545
2022.07.25,100.9686780260,101.6867329338,100.7610499973,101.5569629408
2022.07.26,102.8287138950,103.1574588777,101.5656327291,101.6348442835
2022.07.27,102.0933300448,102.5085860515,100.9686657095,101.0638299194
2022.07.28,102.1279204434,102.8805743174,101.4963768362,101.8683805281
2022.07.29,101.8251421638,103.2179930158,101.5050503508,101.5915614732
2022.08.01,102.4868462684,104.0902332385,102.3395094717,104.0382335720
2022.08.02,104.1335775981,104.6015944647,101.6548252743,101.8368307314
2022.08.03,101.5508133451,103.5615486840,100.8227915593,103.4402117197
2022.08.04,103.1195391152,103.6135557917,102.7381905887,103.4055438978
2022.08.05,101.4641450498,101.4988136985,100.4414430558,100.9441285437
2022.08.08,101.9581701833,102.7295294973,101.8888328801,102.5735238713
2022.08.09,102.0361643935,102.5821807146,101.8021526756,102.1748323713
2022.08.10,102.0361678958,103.0588698903,101.1694715143,101.5074825741
2022.08.11,101.2908196774,101.4554875116,98.8813979162,99.1414095043
2022.08.12,99.7567743112,100.1641227588,99.1760891937,100.1467917368
2022.08.15,100.8227845311,101.1867953987,100.0600875373,100.0600875373
2022.08.16,99.8868012326,100.5541548259,99.0114356566,100.4761552918
2022.08.17,99.7220945880,99.7567632406,99.0720722299,99.4274209596
2022.08.18,99.6441061390,100.2247912565,99.3147572091,99.5747688262
2022.08.19,98.1360546018,98.2313851402,97.7113685256,97.9713801391
2022.08.22,97.8153763513,97.9020446867,97.1826849397,97.6420396806
2022.08.23,97.2346749818,98.3527141744,96.8446576193,97.1046691943
2022.08.24,96.6279878330,96.9573367244,96.0819714360,96.3939826950
2022.08.25,96.4806516209,98.0147014768,96.1946401963,97.7373588684
2022.08.26,97.3300205800,98.7947331834,97.0786777990,98.4740597071
2022.08.29,97.8846818354,97.9453503116,97.1826533388,97.6593389468
2022.08.30,97.6073401306,98.3786993122,97.2519914721,97.9020137000
2022.08.31,97.6680342928,98.2313817486,96.7060006134,96.9660056055
2022.09.01,95.4252238838,95.7552623118,94.6174921544,95.1907174899
2022.09.02,95.2601981604,96.0245007908,95.0778079858,95.7292043062
2022.09.06,94.5827631689,94.6435599041,93.2973379620,93.3581346972
2022.09.07,94.0790091048,95.0865053695,93.9834704374,94.8346313033
2022.09.08,94.5306485006,95.1212482065,93.8445167460,93.8618844022
2022.09.09,94.0876813487,94.4958907490,93.4797075046,94.0703070703
2022.09.12,94.3482713953,94.5740907153,92.8630880961,93.2973524512
2022.09.13,92.5504074977,93.5752715330,92.2724786048,93.5144747947
2022.09.14,93.2278575675,93.9834798417,93.0367868400,93.8358315687
2022.09.15,93.6708157979,93.9661189916,93.4363159725,93.7750416239
2022.09.16,92.9586145950,93.8445174739,92.7327953046,92.9933565340
2022.09.19,92.8978080857,93.6447431299,92.7588469706,93.2104788775
2022.09.20,91.7947718665,92.7935742597,91.5428978267,92.2811456668
2022.09.21,92.6719950131,93.8358267331,92.0379728729,93.8271395921
2022.09.22,91.8816480663,92.0292963487,90.9610098038,91.4300094507
2022.09.23,91.4907857152,92.4374851918,90.8133345698,91.8034564941
2022.09.26,91.5081681228,91.5515972007,89.6495175648,90.0490399007
2022.09.27,89.2065826709,89.4410891324,87.6345478322,87.6779702917
2022.09.28,89.5713261594,90.7177833139,89.0067880342,90.6135641530
2022.09.29,89.3715771808,90.5267215883,89.2847256627,90.1445669569
2022.09.30,90.5614879707,91.0739233682,88.7896951886,88.9807659435
2022.10.03,90.4120109060,91.1346121164,89.8025921997,90.3946017896
2022.10.04,90.6731941478,91.1084951214,89.9331838209,90.1421264285
2022.10.05,89.4369358583,89.5326959562,88.4357423477,89.2802272510
2022.10.06,89.3150294569,89.5326798923,88.3921937366,88.7839685055
2022.10.07,87.7653761168,88.4705681781,87.4693746566,87.9220847257
2022.10.10,87.4955019885,87.5042098684,86.0154812286,86.5552502237
2022.10.11,86.8338461653,87.8437477264,86.1808946311,86.9383208019
2022.10.12,86.4333689427,87.5303293662,86.3550179478,87.3649128541
2022.10.13,85.6324320036,87.3910455062,85.6150162402,86.5291511973
2022.10.14,87.2256165205,87.2256165205,85.5366465147,85.8152388891
2022.10.17,86.4420728919,86.7641980212,85.2667615269,85.3973465124
2022.10.18,85.2754678766,85.7194767805,84.3352227135,85.5975930253
2022.10.19,84.6138199572,84.8140547199,83.8563937414,84.0392193848
2022.10.20,83.5168529775,83.8650951178,82.4808344366,82.6027181894
2022.10.21,80.9833965151,81.7756475370,80.3217437660,81.1139881458
2022.10.24,80.8092638941,81.4448061706,79.9647790322,80.4436127092
2022.10.25,82.3415476679,82.9074403576,82.2196639061,82.7855499536
2022.10.26,83.3775579054,84.1785168634,83.3775579054,83.9782754634
2022.10.27,84.4309808918,85.2319330998,83.7693215432,84.8575739918
2022.10.28,84.3264985868,84.9968591116,83.9347303979,84.2742645996
2022.10.31,83.8912140677,84.1175724605,82.7333117471,83.6735635552
2022.11.01,84.9879085019,85.0228191021,83.9667984163,84.4555335017
2022.11.02,84.5777263661,85.2060972117,83.7486145698,84.0889846081
2022.11.03,83.0591621501,84.1151830820,82.9893409335,83.6351771994
2022.11.04,82.9980620591,83.4868038687,82.2300487276,82.2300487276
2022.11.07,82.7362379070,82.7886004822,81.3747510271,81.4096616300
2022.11.08,81.8634891694,82.8758699751,81.8373012245,82.2998616987
2022.11.09,81.8809521187,82.9282436661,81.7674976429,82.5704216065
2022.11.10,84.4206499111,85.9043141543,84.3420993772,85.7472197449
2022.11.11,85.1537446969,85.8519434858,85.1275634075,85.4330228808
2022.11.14,85.4504764627,85.5202910107,84.7348190842,85.2235608710
2022.11.15,85.7471971924,86.6635821159,85.6250134237,86.6024902315
2022.11.16,87.2919403958,88.5399658466,87.0475728936,88.4963325975
2022.11.17,87.4490421653,87.7719601969,87.0824908808,87.5625032713
2022.11.18,87.7981430301,88.0512398716,86.8817648028,86.9603086543
2022.11.21,87.8767143697,87.9901688461,87.0999716916,87.3268806444
2022.11.22,87.8417963273,88.6883601462,87.7370645174,88.5661763640
2022.11.23,89.1421831929,90.1109307780,89.0898206180,90.1109307780
2022.11.25,89.5523905598,89.8316687733,89.3952961486,89.8054874811
2022.11.28,90.4251301321,90.5996765076,89.6222061512,90.0585787485
2022.11.29,89.1508878576,89.8578090562,88.9414309578,89.0025228310
2022.11.30,88.6883527524,89.6571002728,88.4701664939,89.6571002728
2022.12.01,90.0236515891,92.3451499171,89.9800116739,92.3015166605
2022.12.02,91.9000081380,93.4709444075,91.2978122392,93.4622150972
2022.12.05,92.3713071654,92.5022202181,91.5509315747,92.1531209637
2022.12.06,92.9473312635,93.7240736869,92.6767824769,93.3400638026
2022.12.07,94.5793529125,95.7226464280,94.4309812415,95.5393708257
2022.12.08,94.8673578024,95.5219164072,94.6666302257,95.2775489268
2022.12.09,94.2040507028,94.4047782245,92.7465622153,92.7989314171
2022.12.12,94.1342683631,94.3524545948,92.7378778115,93.0956997692
2022.12.13,95.1640962341,95.1990068260,93.7851578166,93.9946147096
2022.12.14,93.9597117555,94.5357198819,93.2876945065,94.3960841713
2022.12.15,94.8256363953,95.4642841790,94.6244232635,94.7643967454
2022.12.16,93.2596327222,94.3357083596,93.0059237235,93.7058110767
2022.12.19,92.5860375213,92.5947812779,91.8424110519,92.1311085385
2022.12.20,90.4425886899,90.8187769446,90.1976301379,90.4950845757
2022.12.21,91.2387275835,91.3349622717,90.0751675712,90.7225591036
2022.12.22,90.6962970476,91.0899861531,90.4425880707,90.7050474743
2022.12.23,89.7427228987,89.9439360248,89.2527990391,89.3752850100
2022.12.27,87.9142834046,88.4217015202,87.4943562345,87.6080851192
2022.12.28,88.0542314218,88.1679602650,86.9169162918,87.0918914443
2022.12.29,87.3631257073,88.3517106411,87.3018860507,88.0805074015
2022.12.30,87.3718494097,87.9667516089,86.9344215185,87.1006395784
2023.01.03,89.4102687068,89.5327479966,88.2204641701,88.7628772213
2023.01.04,90.3026361023,90.5301005280,89.4190296860,89.9789369841
2023.01.05,89.1215635318,90.3638571768,89.0428230383,90.3551067498
2023.01.06,89.8476838116,92.1223141256,89.7951946020,92.0173290316
2023.01.09,91.3437172283,92.6734953978,91.2212312489,92.5072706236
2023.01.10,91.4486856570,91.7023946675,90.5475851529,90.9762626726
2023.01.11,91.8336272347,92.4897691764,91.5974123979,92.4547741386
2023.01.12,92.5772479891,94.3182093032,91.4749277229,94.2744705144
2023.01.13,93.6970611040,94.3094642097,93.0671638180,93.3908628885
2023.01.17,92.4460176610,93.3121297731,92.4285234805,92.7872109144
2023.01.18,94.8868880146,95.1580912589,93.7145840912,95.0356119437
2023.01.19,94.5719147727,94.8081295868,93.9945133903,94.4406850621
2023.01.20,93.5745770792,93.8195356393,92.8309509721,92.9096847916
2023.01.23,92.3585338661,92.9096906609,92.2885437946,92.4722627262
2023.01.24,92.8397157038,94.0032690432,92.2010679243,93.8020559127
2023.01.25,93.9332880692,94.4057110948,93.2946402731,94.0295227600
2023.01.26,93.7320664961,94.1782449021,93.1634087904,93.5920930141
2023.01.27,92.9009405873,93.5745766241,92.8309505206,93.3558626716
2023.01.30,93.1371878147,93.7495911435,92.9009795837,93.0147084839
2023.01.31,93.5921048091,93.8545576240,92.6210140426,93.7583229228
2023.02.01,94.3328059170,95.2449907801,93.3416712980,94.8853805980
2023.02.02,95.5344319034,95.9115879405,94.8064319516,95.0081693774
2023.02.03,93.6486668286,93.9468865462,93.0434678374,93.5872696355
2023.02.06,92.7539835049,93.2451608507,92.6925863367,92.8943237133
2023.02.07,92.3856500981,93.1750474646,92.0962032818,92.1488275423
2023.02.08,92.1312631913,92.6049014819,91.5611426550,92.5873556053
2023.02.09,93.3855378420,93.5171051663,91.5611545653,91.7102610766
2023.02.10,91.5699284009,91.6050134671,90.4472330478,90.6840488803
2023.02.13,90.9646992724,91.5874439814,90.8506778553,91.4471104444
2023.02.14,91.3945124180,91.9470939034,90.4647814884,91.2366329496
2023.02.15,90.8244053166,91.1752426581,89.9034405658,90.3858519480
2023.02.16,89.5262589930,89.6578263046,88.8772020653,89.1052449342
2023.02.17,88.6754573120,89.7981524537,88.5614358870,89.7981524537
2023.02.21,88.5965430948,88.7631888050,87.9562523067,88.0527345719
2023.02.22,88.5789705628,89.1929490378,88.5438855049,88.8596443339
2023.02.23,89.0614032131,89.9823611099,89.0000060200,89.7280060897
2023.02.24,88.9736808251,89.2894396839,88.2018228629,88.5614397211
2023.02.27,88.8421253872,89.2017356016,88.5088272992,88.8070403213
2023.02.28,88.2106285712,89.2193027063,87.9562668021,89.2105297648
2023.03.01,88.6477815241,88.8324269616,87.8916106607,88.2521136876
2023.03.02,87.1002613610,87.6190328230,86.9419928974,87.4695589152
2023.03.03,88.7444927229,89.5973834988,88.4279558018,89.5885889431
2023.03.06,89.8787587293,89.9842665757,88.7972563459,88.8939763439
2023.03.07,89.2105217958,90.0106588180,88.7005447954,89.4391333319
2023.03.08,90.0370139793,90.5381963008,89.1753286801,89.5270371024
2023.03.09,89.2896608033,90.1425450588,89.0962207857,89.7468771744
2023.03.10,91.4702481131,92.9298361995,91.4438711467,92.8419040336
2023.03.13,95.1367482893,95.9280904432,92.3582662594,93.0528884440
2023.03.14,92.4462204084,92.8594773676,91.2240386442,91.5229864906
2023.03.15,93.8882116233,94.7059309196,92.6308584410,93.2903092700
2023.03.16,94.4157675907,94.9872929639,92.3582842972,92.5605121210
2023.03.17,93.7739018233,94.7235125521,93.6068388131,93.9497526805
2023.03.20,93.9761494404,94.0464924814,92.9562021788,93.1232652241
2023.03.21,92.3934573670,92.6924051839,91.9186519740,92.3231143366
2023.03.22,92.0241581486,93.5980413847,91.8307181867,93.5540820259
2023.03.23,92.6396428383,93.6859735189,92.1648374884,93.5540820259
2023.03.24,94.1607750508,94.4597295580,93.4309879559,93.9497526805
2023.03.27,92.3670663943,92.9913456011,91.7339926330,91.7427804793
2023.03.28,91.6548667992,92.0417467492,91.4614268242,91.9098552473
2023.03.29,91.1800742793,91.8395251735,91.0921488351,91.7252227668
2023.03.30,91.8483597854,92.3671315366,91.6812966727,92.1473144761
2023.03.31,92.6308578565,93.6947710490,92.3934585112,93.5277147350
2023.04.03,93.3329002934,94.4083277135,93.1742305638,93.9675792118
2023.04.04,93.2447666113,95.0253946044,93.2183227731,94.4347864080
2023.04.05,94.9989596556,95.5278634080,94.6816268195,95.4220813124
2023.04.06,95.5718995113,95.9685771815,95.5454556784,95.6688647157
2023.04.10,94.8843239665,94.9901060136,93.9323057186,94.1262361089
2023.04.11,94.3642549423,94.3995089034,93.8882457633,94.3201774029
2023.04.12,94.3642533395,94.4700286718,93.3328967733,94.2232105962
2023.04.13,94.3642653018,94.6639710814,93.3329086048,93.4827682199
2023.04.14,92.9009633809,93.0420061216,92.3544328487,92.6277014774
2023.04.17,92.0459082531,92.1957611178,91.4200462369,91.5258282901
2023.04.18,91.5082144052,92.1957810867,91.4994042761,91.8519977459
2023.04.19,91.5963606532,91.8872495652,91.2173166570,91.7638405176
2023.04.20,92.4073485018,92.8040195320,92.3368271153,92.5483845497
2023.04.21,92.8216610550,92.9626971147,91.9137132584,92.0283122026
2023.04.24,92.5219165651,92.9891088599,92.4161345128,92.9185942170
2023.04.25,93.7295906427,94.4347843055,93.6855130965,94.2849314088
2023.04.26,94.1350783111,94.5317493252,93.1477991150,93.2800250281
2023.04.27,92.7334795454,92.7951840649,92.2133995556,92.3544355752
2023.04.28,93.6237787374,94.1086046904,93.3152561879,93.8441529478
2023.05.01,93.0293783787,93.1619379793,90.8819344245,91.1382145210
2023.05.02,91.9070640375,93.4093883489,91.8098541035,93.4093883489
2023.05.03,93.6744786640,94.2047102137,93.0381981075,93.9307587072
2023.05.04,92.9852166632,94.0721907926,92.9233564018,93.0028881341
2023.05.05,92.2163592479,92.7024088861,92.0042679249,92.6935697811
2023.05.08,91.4828618869,91.7921698570,91.3061202545,91.3944910707
2023.05.09,91.4651949023,91.5889153995,91.0233340573,91.0675228387
2023.05.10,91.6154424164,92.1191636003,91.5889318397,91.9512610338
2023.05.11,93.0559157805,93.2503289287,92.5433554768,92.9233561513
2023.05.12,92.8349485691,93.0116901766,92.1279686547,92.1456401185
2023.05.15,91.3679825998,91.4386819513,91.1293807163,91.1912409633
2023.05.16,90.4930858933,90.9349466577,90.2368058409,90.9172684514
2023.05.17,91.0940277799,91.1647271289,90.4489080196,90.6521669623
2023.05.18,90.3163540318,90.3693819179,89.9186819682,89.9805422168
2023.05.19,89.4856543292,90.0158859599,89.1940245726,89.3442556318
2023.05.22,89.4768199639,89.8833311270,88.9642597721,89.0261200199
2023.05.23,88.7521802017,89.4768318044,88.6196205839,89.2824119306
2023.05.24,89.5033263808,89.5740257299,88.8405351526,88.8405351526
2023.05.25,88.9907736252,89.0791511901,88.3986816968,88.6196121246
2023.05.26,88.4782338439,89.4061377389,88.3721847949,89.3354383729
2023.05.30,89.6093607565,90.3516835745,89.4768011840,90.2279631048
2023.05.31,90.1307899045,91.1824210672,90.0247475972,91.0145117576
2023.06.01,91.5133400755,91.8234633304,90.9373930248,91.3715723419
2023.06.02,91.2652394181,91.3272640677,90.3260070786,90.3703065368
2023.06.05,89.8032364121,90.7690566927,89.6791870932,90.2019721603
2023.06.06,90.2373997340,90.7956283720,89.8386707870,90.7336037189
2023.06.07,90.5298144460,90.7601946512,89.2981770859,89.3867827771
2023.06.08,89.3779230795,90.5032295054,89.3158984223,90.4323422514
2023.06.09,90.0247439487,90.6184094459,89.7943637706,90.3082861832
2023.06.12,90.5918280750,90.6449968914,89.5994336382,90.5741096430
2023.06.13,90.4766378347,90.6715743801,89.4665182451,89.6791732218
2023.06.14,90.0513449607,90.6361547517,89.9007145940,90.3969119244
2023.06.15,91.2918470342,91.8234880084,90.9108364301,91.2652659996
2023.06.16,90.7690337204,91.1146005586,90.4057416924,90.9108014375
2023.06.20,91.3627413831,91.8500829240,91.3627413831,91.5399528016
2023.06.21,91.0968990453,91.8412017242,90.6804448602,91.7614518700
2023.06.22,91.0880360262,91.4867649855,90.5563884002,90.6538566809
2023.06.23,92.0006993639,92.1070234947,91.2475408095,91.5576641248
2023.06.26,91.8146308130,91.9741237789,91.4070391802,91.6551378471
2023.06.27,91.7880293171,92.1070152013,91.0525960242,91.4158813722
2023.06.28,91.6285418466,92.0095456228,91.1146194004,91.8057532197
2023.06.29,90.5298026138,90.6804329451,89.8918309043,90.1487921073
2023.06.30,90.4323549251,91.3184254433,90.2640061235,91.2121013076
2023.07.03,91.3702257776,91.7433882241,90.6772204576,90.6949936486
2023.07.05,90.5261887628,90.6239209845,89.5044471215,89.8331833927
2023.07.06,89.0246930757,89.1846179501,88.3761137587,88.5626916490
2023.07.07,88.1184618004,88.4916176029,87.9496503180,88.0296161491
2023.07.10,87.8341223097,88.4293954308,87.8252357140,88.1450853746
2023.07.11,88.4649269719,88.8203162045,88.2161565427,88.5981987814
2023.07.12,88.9358171744,89.8420600802,88.6426205414,89.5844030493
2023.07.13,90.0108842660,90.5972776593,89.7621137762,90.5261984398
2023.07.14,90.3751652933,90.5706297688,89.9486967306,89.9931229399
2023.07.17,89.9398140416,90.1708113430,89.6643837538,90.0375394978
2023.07.18,90.4462440273,90.6861279323,90.2418929553,90.4462440273
2023.07.19,90.6239119007,91.4946152133,90.3840280576,91.4679554276
2023.07.20,90.8194037426,90.8993627883,89.9842397804,90.3573955505
2023.07.21,90.7660893541,90.9348940278,90.2951946074,90.3840470213
2023.07.24,90.6150304221,90.7571888397,90.0019908869,90.0552969043
2023.07.25,89.5844098618,90.1796829897,89.5577568529,89.8864863344
2023.07.26,90.3396106876,90.3484972836,89.6732583291,89.9753348112
2023.07.27,89.4778174286,89.6732819230,87.8785754145,88.2250781898
2023.07.28,88.3139071109,88.7226024408,88.0917896417,88.6781762356
2023.07.31,88.5360217488,89.1401815168,88.5093687379,88.8914110438
2023.08.01,88.0584064825,88.1296816142,87.2209474748,87.4347660728
2023.08.02,86.4547422336,86.6329232357,85.8934659595,86.4992840855
2023.08.03,84.8065501198,84.9223670996,84.2274516266,84.5036342384
2023.08.04,84.7709063991,86.1340107735,84.7530842206,86.0003716237
2023.08.07,85.6261850100,85.7063644193,85.0827241340,85.1539992516
2023.08.08,86.2943769624,86.7487473559,85.9201927781,86.1429224303
2023.08.09,86.3121813037,86.6774611491,86.2765437482,86.5883706590
2023.08.10,86.4547369732,86.7398306375,85.1629009964,85.1629009964
2023.08.11,84.9045372937,85.4123605760,84.8154400044,84.9669013180
2023.08.14,84.8243682825,85.4658308316,84.5481856617,84.7798264260
2023.08.15,84.4590829248,84.8154449140,84.2452575746,84.2630797523
2023.08.16,83.9958271395,84.4501976510,83.4969147642,83.6038206748
2023.08.17,83.3008889187,83.3988905083,82.8732450009,83.2474359780
2023.08.18,83.2385072976,83.9156071922,83.1226903513,83.5414162943
2023.08.21,82.5525113642,82.6416018546,82.1694161378,82.4277765209
2023.08.22,82.5346925740,83.1048798928,82.3743269657,83.0603380444
2023.08.23,84.0136320000,85.1272803202,83.9512679659,85.1183692305
2023.08.24,84.7530871806,85.1272781726,84.5392686117,84.5570907908
2023.08.25,84.3343553916,85.0916348192,84.2007162462,84.8332676174
2023.08.28,85.2163743520,85.2252854422,84.5392742421,84.9223695520
2023.08.29,84.6105518054,85.9825674479,84.5838253313,85.8043796258
2023.08.30,85.6707358395,85.8845544003,85.4212729219,85.7152776912
2023.08.31,86.0092848002,86.4636552018,85.9112832078,86.0983753032
2023.09.01,85.6059996835,85.6238684994,84.5515622875,84.7570843496
2023.09.05,84.2477595225,84.2566973416,83.5418218049,83.5686284445
2023.09.06,84.0779619352,84.0958375705,83.5150021397,83.7741443109
2023.09.07,83.9975274429,84.0600785204,83.7115786860,84.0064652590
2023.09.08,84.3371340470,84.8018052836,84.1494807152,84.3282030438
2023.09.11,83.7294728294,83.9796840328,83.5954396353,83.7205418282
2023.09.12,83.8992319497,84.2119873375,83.6222210088,84.2030563389
2023.09.13,83.9260722164,84.4711633181,83.8367144723,84.1852144465
2023.09.14,83.9439133328,84.1851798243,83.4613735321,83.5775378699
2023.09.15,83.5150137761,83.5328894139,83.0682182775,83.0682182775
2023.09.18,82.9699027660,83.5775447706,82.9430961334,83.5418003212
2023.09.19,83.1754417193,83.4881971675,82.9252373608,82.9252373608
2023.09.20,83.3630856391,83.6400966024,83.1396879415,83.1843633905
2023.09.21,81.5759195261,81.6474084391,81.0397663138,81.0486973147
2023.09.22,81.1469996503,81.8618752048,81.0218974509,81.7010285459
2023.09.25,80.1193744216,80.4589365562,79.6636410908,79.6904477307
2023.09.26,79.9138347691,80.0836192224,79.2704482278,79.4134260448
2023.09.27,80.0121187099,80.0836076081,78.7164079973,79.0023635898
2023.09.28,78.2964358889,79.2883223178,77.8317648103,79.2436400465
2023.09.29,79.7708577418,79.9674488334,78.7521646472,79.2525801941
2023.10.02,78.7236964534,78.8223033162,77.7286685393,77.9258822648
2023.10.03,77.3700846227,77.6748712809,76.0971686037,76.2495585132
2023.10.04,76.8860358756,77.3701040975,76.5274729016,77.3252871453
2023.10.05,77.1908361498,77.2625514928,76.7695170584,76.9398392883
2023.10.06,75.4786374733,76.8143095461,75.3531390937,76.0075293636
2023.10.09,76.6439936278,77.8093436350,76.1509593542,77.7914113855
2023.10.10,76.9577473988,78.1410229363,76.6619268047,77.6838531153
2023.10.11,78.7505682738,79.3063516486,78.5264630671,79.3063516486
2023.10.12,78.9298724325,79.0553708264,77.0294574348,77.1549558287
2023.10.13,78.5264744490,78.7326542783,78.1410131640,78.5354405735
2023.10.16,77.2625180034,77.4238740357,77.0025551270,77.2714772881
2023.10.17,76.0971777245,76.7605273458,75.7475740835,76.4198898298
2023.10.18,75.6400008546,75.9447875483,75.1648988230,75.7475738357
2023.10.19,75.1917855592,75.8103181928,74.1698662405,74.1967577743
2023.10.20,74.3939761817,74.8870104628,74.1967624693,74.6180814296
2023.10.23,74.2326330413,76.0702991295,73.8830293409,75.5145155559
2023.10.24,75.6937898654,76.5095294022,75.3800370505,76.5095294022
2023.10.25,75.3172911523,75.4158980117,74.5194769910,74.8063314441
2023.10.26,74.8332089047,76.0344094540,74.7614936017,75.9537348675
2023.10.27,75.4696809729,76.1688882104,75.0662874472,75.6310370153
2023.10.30,75.1290490352,75.7475817731,74.6180892897,75.2904051042
2023.10.31,75.6310649293,75.9896279656,74.8959997623,74.9228913061
2023.11.01,75.5938969914,76.5653575611,75.5759031683,76.5473637380
2023.11.02,77.9685620905,78.5352439064,77.5547934351,78.2923822318
2023.11.03,79.8845089667,80.1003936813,78.7781289709,78.8230998061
2023.11.06,78.3193730134,78.4363054059,77.8966074104,78.0585174953
2023.11.07,78.8051122499,79.6056658546,78.7871184258,79.2098840769
2023.11.08,79.5876707307,80.6130989926,79.5606799973,80.5591243886
2023.11.09,80.0014521787,80.0824038037,78.0225500404,78.7061712782
2023.11.10,79.3628037288,79.5427007927,78.9490281292,79.1469190170
2023.11.13,78.4543112257,79.1019516643,78.1664717932,78.9670254292
2023.11.14,80.9549197425,81.0898459813,80.3162761992,80.7570288407
2023.11.15,80.0643786496,80.1813110063,79.4347254622,79.6236193596
2023.11.16,80.3252714640,80.9189372947,80.2802937644,80.6131108982
2023.11.17,81.0988205499,81.3416822226,80.6310772994,80.9908782161
2023.11.20,80.6130965864,81.5485762972,80.6040996756,81.4856047840
2023.11.21,81.4046668006,81.6745192699,80.8559718124,81.4496444997
2023.11.22,81.9623474435,82.1422444898,81.2967132741,81.7374727042
2023.11.24,81.0448622582,81.1887853989,80.7660197514,80.7750166634
2023.11.27,81.2247656204,82.1602385778,81.1438071386,82.1242646555
2023.11.28,81.7734486395,82.3311335678,81.6655063005,82.2861627402
2023.11.29,82.8528489974,83.3835500849,82.5560126963,83.3205854328
2023.11.30,82.7269272901,83.0147667066,81.9983352683,82.3581293920
2023.12.01,82.3933168536,83.9724243813,82.2308940897,83.9092603555
2023.12.04,83.4580777949,83.7648793757,83.0971375934,83.5753873189
2023.12.05,84.4867557886,85.3800843669,84.4326171660,85.3710589683
2023.12.06,85.7951770752,86.6704549979,85.6056849812,86.5080322196
2023.12.07,85.8853954200,86.6975091696,85.7771112920,86.0117234606
2023.12.08,85.1996100859,85.4703169650,84.7394180294,85.3078942144
2023.12.11,84.8296476129,85.2176571175,84.3965180022,85.1274169056
2023.12.12,84.9559717283,85.4522584494,84.7303849775,85.3800759213
2023.12.13,85.8763806214,87.5096337205,85.7410271657,87.3832987800
2023.12.14,88.1232300865,89.3684667333,87.9066618037,89.3684667333
2023.12.15,89.0526615110,89.6482071777,88.9534027525,89.4677404628
2023.12.18,88.8812147207,88.8812147207,88.4480849599,88.7548866413
2023.12.19,89.2060645126,89.5670048495,89.0255977864,89.2331338331
2023.12.20,89.4316417718,89.9550048599,88.9533988025,89.8376953045
2023.12.21,90.0001304965,90.0903638624,89.1068084708,89.2692312831
2023.12.22,89.6752630031,89.6752630031,88.6465877373,88.8631560238
2023.12.26,88.9173282678,89.2151046111,88.8631896179,89.1158458300
2023.12.27,90.0362298965,90.7129905023,89.7835737052,90.6949465820
2023.12.28,90.3159452786,90.7490750468,89.8377022723,90.0362197959
2023.12.29,89.4497097549,90.0723317646,89.1519402968,89.2241228684
2024.01.02,88.6375727116,89.0165569015,88.4300298166,88.7097552590
2024.01.03,87.8705840180,89.1970357474,87.6630479790,89.0797330682
2024.01.04,87.9066793903,88.1051969138,87.5908591867,87.7262126695
2024.01.05,87.0765060335,88.1412760200,86.8148245157,86.8870139449
2024.01.08,86.8328765141,87.8705703156,86.7065415689,87.7442422548
2024.01.09,87.2028407706,87.6810837285,87.1577206528,87.1847968541
2024.01.10,87.4554973716,87.5728069248,86.7336236729,86.7787369066
2024.01.11,86.7787419854,87.3742945339,86.3636630353,87.2660103748
2024.01.12,87.3291692791,87.7713175218,86.8689702354,87.0945570570
2024.01.16,86.2824452630,86.4358426410,85.2808392794,85.5605647198
2024.01.17,85.3620754234,85.7230158142,84.9650471894,85.4252394755
2024.01.18,85.2357355904,85.3440197580,84.3785083040,84.6311644775
2024.01.19,84.5589561285,84.9740350185,84.1529026382,84.9018455896
2024.01.22,85.5605766661,85.7951889080,85.1725670247,85.4071792666
2024.01.23,84.7213898385,84.8116231941,84.3063108949,84.7304152393
2024.01.24,85.2808648756,85.3079341994,84.0085515853,84.2341384623
2024.01.25,84.8206752846,85.0191928602,84.4326655372,84.7845805541
2024.01.26,84.7574840199,84.8838120940,84.3604489962,84.6221305451
2024.01.29,85.1003608085,85.8763799383,84.9289195247,85.5966545140
2024.01.30,86.1561308273,86.4809695503,85.4883888097,86.3726922708
2024.01.31,86.8238516637,87.4464734560,86.6253341714,87.2208866483
2024.02.01,88.1895087199,89.3210719304,87.9813049568,88.9318139097
2024.02.02,87.1484862972,87.4653295835,86.6234461133,86.9674389105
2024.02.05,85.6638600961,85.8630163292,85.1116566885,85.2112348051
2024.02.06,85.3108214126,86.1346028394,85.2836649974,86.0440791535
2024.02.07,85.6095664862,86.2070353196,85.5643011844,85.6276684631
2024.02.08,85.1116674148,85.3651434112,84.7857835182,85.1297762964
2024.02.09,84.8763178096,85.1026305119,84.7857941100,84.9577870673
2024.02.12,85.0030388902,85.2202971161,84.6409372426,85.0573517201
2024.02.13,84.0615903202,84.2426377187,83.5818084985,83.5999104758
2024.02.14,83.5546126292,84.2335504125,83.4912453790,84.0253397868
2024.02.15,84.6952320834,84.8400754743,84.1882940283,84.4598719330
2024.02.16,83.7175829018,84.0525212211,83.5908414572,83.9710519780
2024.02.20,83.9982105089,84.3603121582,83.9348432382,84.0434688985
2024.02.21,84.0344187215,84.0977859902,83.2921134716,83.4460044231
2024.02.22,83.5817948162,83.9710528750,83.5274750804,83.8533658694
2024.02.23,83.9619795932,85.0935426605,83.9619795932,84.9758625879
2024.02.26,85.0935709748,85.1207273924,84.3603200733,84.7224148501
2024.02.27,84.4055605274,84.6137711956,84.0525133604,84.1249350630
2024.02.28,84.2607415398,84.7314688914,84.0977961284,84.6590471738
2024.02.29,84.9306132162,85.3651365544,84.8944023625,85.2565039932
2024.03.01,84.8524158794,85.8240774453,84.4619346747,85.7877528067
2024.03.04,85.0885000894,85.5062298929,85.0703412375,85.4426565908
2024.03.05,86.4778728067,86.8865127046,86.2417662135,86.6594889995
2024.03.06,86.7139677907,87.3314725124,86.6413254744,87.1680151764
2024.03.07,87.5040191622,87.5403437871,86.7048981987,87.0862963680
2024.03.08,86.9954820081,87.2225057013,86.7048919579,86.9319156511
2024.03.11,87.1407664083,87.1861739145,86.6049938619,86.8865010013
2024.03.12,86.3053565391,86.4597310387,85.9875246493,86.1600580020
2024.03.13,85.8149950905,86.0329359953,85.5516466551,85.7423458128
2024.03.14,85.1157430298,85.1339018804,84.3256979262,84.4255889253
2024.03.15,84.5073162856,84.6253730666,84.2621336904,84.3983493225
2024.03.18,84.2076564379,84.4437561609,83.9987915294,84.1440900620
2024.03.19,84.3166155614,84.6980137814,84.1713239706,84.3801819314
2024.03.20,84.5436491166,85.1702369281,83.8080943314,84.3529499845
2024.03.21,84.6980123594,84.8433108760,84.2076471866,84.5345549924
2024.03.22,85.5334771812,85.5516360343,85.1611548756,85.3427780472
2024.03.25,85.0975792465,85.1339038769,84.7252639095,84.9159630228
2024.03.26,84.9159628435,85.2428775880,84.7070979514,85.1520625482
2024.03.27,85.3518583697,85.9966050734,85.3064577706,85.9966050734
2024.03.28,85.8059169736,86.2872063405,85.6515424461,85.9239737884
2024.04.01,84.9964538002,85.0055667395,84.2402397194,84.3222422703
2024.04.02,83.4293664536,84.0033565366,83.2198105465,83.8575842565
2024.04.03,83.1469099609,83.8666791200,82.9555799745,83.8393403066
2024.04.04,84.3951209118,84.5135682628,83.8575756915,84.4406786547
2024.04.05,83.5386966245,83.9851333330,83.2562511162,83.2653640554
2024.04.08,83.1195865836,83.4475759144,83.0284710988,83.2562459085
2024.04.09,83.7027025662,84.1491393162,83.6753637458,84.0306988992
2024.04.10,83.0922719378,83.1833874491,82.0445130697,82.1993983171
2024.04.11,82.3451485463,82.3998192286,81.5524966395,81.8258222466
2024.04.12,82.5820321215,82.8644706532,82.2540358487,82.2631487872
2024.04.15,81.2882678640,81.3247126644,80.6504942837,80.9876034740
2024.04.16,80.2222943673,80.7051758734,79.9854066082,80.4500691872
2024.04.17,80.9694037781,81.4340594535,80.5958496986,81.3429509064
2024.04.18,81.3065029531,81.3338348210,80.7142869933,80.9329558392
2024.04.19,81.4431687596,81.4431687596,81.0058449728,81.2245068662
2024.04.22,80.7962750742,81.1971609354,80.7689432112,81.0878265320
2024.04.23,80.8418476851,81.5798359279,80.6778495255,81.1151733171
2024.04.24,80.6869540316,80.7507307063,79.7211909711,80.5411817541
2024.04.25,79.6847262813,80.0856121088,79.5753918872,79.9762777147
2024.04.26,80.4045191806,80.7325155090,80.2223020876,80.3954062406
2024.04.29,80.7780617278,81.1060510582,80.6140635870,81.0696132057
2024.04.30,80.5594176933,80.8418632706,80.2678661256,80.3772005702
2024.05.01,81.0062152840,81.5639335867,80.6770698275,80.9696427916
2024.05.02,80.6496383016,81.3810741641,80.4850655813,81.3170740493
2024.05.03,82.2222249893,82.3959425855,81.6187893236,82.1399351369
2024.05.06,82.1673777125,82.5148059633,81.9845152315,82.4599507067
2024.05.07,83.1090785212,83.4199342073,82.8439332137,82.9627885686
2024.05.08,82.5696612199,82.7068063368,82.4325230784,82.4599507067
2024.05.09,82.1673570138,82.9902135571,82.1216396612,82.8622133403
2024.05.10,82.5422152579,82.6336429903,82.2496423286,82.3959322810
2024.05.13,82.7890786385,82.8439338834,82.5696437078,82.6062161962
2024.05.14,82.8805045828,83.1273601552,82.6702145226,83.0725049114
2024.05.15,83.9959344184,84.3525074257,83.7764995098,84.2062174866
2024.05.16,84.4713602753,84.4987878942,84.0599320408,84.1239321434
2024.05.17,83.7856716963,83.9319616831,83.5113814587,83.5570988235
2024.05.20,83.2736626449,83.4930906285,83.2096625257,83.3102351381
2024.05.21,83.8679436261,83.9045091395,83.5936534472,83.7399364273
2024.05.22,83.4473737270,83.9136642981,83.4382358352,83.8405193114
2024.05.23,83.9319496382,83.9319496382,83.0359410361,83.3010863676
2024.05.24,83.1730865648,83.6302322472,83.1090864483,83.5479423971
2024.05.28,83.5022047815,83.5296323974,82.3136236048,82.3501960845
2024.05.29,81.6827846272,81.7376468507,81.0793559726,81.3536461636
2024.05.30,81.9205071564,82.2587974819,81.7742241613,82.1399351369
2024.05.31,82.7251002268,82.8896729802,82.5148101069,82.6976656216
2024.06.03,83.1545209980,84.0994576230,83.1269996593,84.0352388330
2024.06.04,84.5856735598,85.1361282462,84.3930172193,85.0168597978
2024.06.05,85.3195972476,85.6406911062,84.7599735230,85.6406911062
2024.06.06,85.2462202085,85.7141039285,85.1911775353,85.5122714611
2024.06.07,84.2462395244,84.2462395244,83.8517507083,83.9434908285
2024.06.10,83.4848085729,83.5398512618,83.1637145552,83.3838923103
2024.06.11,83.5123150046,84.2829475088,83.4113987600,84.2462500563
2024.06.12,85.3379684102,85.8425496266,84.8517394195,84.8792607587
2024.06.13,85.5214482792,86.2278549218,85.2737422492,86.1269386872
2024.06.14,86.6223664956,87.0076793109,86.4572314320,86.8517203618
2024.06.17,85.7966686359,86.0627198906,85.5764909420,85.9893319922
2024.06.18,86.1360974822,86.7874613202,85.9893147155,86.7782852100
2024.06.20,85.6957537636,86.2370253503,85.6315279828,86.2003279038
2024.06.21,86.4572030296,86.6773877083,85.8608817736,86.2003279038
2024.06.24,86.2829015760,86.5489458222,85.9984981070,86.5489458222
2024.06.25,86.3012507367,86.7416131284,86.2737293995,86.6957395670
2024.06.26,85.5765178410,85.7508290281,85.4205588838,85.4572563442
2024.06.27,85.7966719010,85.9709830399,85.7049317750,85.7966719010
2024.06.28,85.9893322901,86.0260227397,84.2003683982,84.2003683982
2024.07.01,83.2165565234,83.8239800266,82.6643578068,82.7471914762
2024.07.02,83.4558257751,83.5754665790,82.9036271872,83.3914027235
2024.07.03,83.9067765240,84.5694175543,83.8331481825,84.4865909363
2024.07.05,84.9191418485,85.3425013023,84.5786230560,85.1860393209
2024.07.08,85.1676427309,85.4529438014,84.8731363617,85.3701171764
2024.07.09,85.1032169335,85.2964860738,84.5510183866,84.9927744155
2024.07.10,85.0848232376,85.2965030171,84.9099646597,85.2596888372
2024.07.11,86.2168393753,86.6401919270,86.0235701900,86.0879932518
2024.07.12,86.0787782902,86.4561183393,85.9039127044,86.4561183393
2024.07.15,85.5910022124,85.8671050282,85.3885277504,85.4621561041
2024.07.16,86.0787828025,86.7046098028,85.9499366867,86.6677956237
2024.07.17,86.4376987768,86.8794618346,86.2260260574,86.6861926911
2024.07.18,86.2168382474,86.6401907936,85.9407354026,86.0235690647
2024.07.19,85.6278281313,85.7382706770,85.4253536415,85.5173855855
2024.07.22,85.9591335332,86.0695690379,84.9467682850,85.2688835429
2024.07.23,85.4161196818,85.6185941036,85.1216133468,85.1492222186
2024.07.24,85.2136427186,85.4529313029,84.1828740877,84.2288865321
2024.07.25,84.6982774837,85.4621558530,84.6338544297,84.9191555227
2024.07.26,85.5449573273,85.7290281570,85.3240793532,85.5817714932
2024.07.29,86.2076264220,86.2260370218,85.7934792077,86.0419661320
2024.07.30,86.2812498443,86.5573526524,85.8671026537,86.3732817731
2024.07.31,86.9991234161,87.2844245503,86.7322258623,87.2568156691
2024.08.01,87.8523886902,88.5634115520,87.8339237662,88.0093652018
2024.08.02,89.5699156132,90.8349777823,89.4683409185,90.7518680117
2024.08.05,92.0538710163,92.2847213241,90.4009819666,91.2320444839
2024.08.06,90.6318280897,90.8719143713,89.1913174445,89.1913174445
2024.08.07,88.6003583775,89.0620590612,88.1848305802,88.5634285224
2024.08.08,87.8339360527,88.0924872950,87.5753777655,88.0186134986
2024.08.09,89.1174793075,89.1451802249,88.7296453295,88.8866289362
2024.08.12,88.6742166804,89.4037044785,88.5357050905,89.2097910706
2024.08.13,89.8469649173,89.9023667505,89.5514767317,89.8284929428
2024.08.14,90.0778055441,90.6410809377,90.0408686443,90.3917586251
2024.08.15,89.0251264544,89.6622685875,88.8404419596,89.6622685875
2024.08.16,89.9762360162,90.0685747486,89.5791731265,89.9762360162
2024.08.19,89.9577588584,90.6410809377,89.9485299172,90.3917586251
2024.08.20,90.7888113348,91.2874488591,90.6041339013,91.1120003658
2024.08.21,91.1119970683,91.6013985897,90.6872333507,91.1674059323
2024.08.22,90.7057095741,90.7703473810,89.9669857424,90.2624738661
2024.08.23,90.6687916531,91.1120204089,90.4564062174,90.8534691271
2024.08.26,91.1304797712,91.1397087121,90.5672043947,90.6226062202
2024.08.27,90.0223944200,90.5672048725,89.9485276672,90.4656301618
2024.08.28,90.5025666237,90.6780080864,90.2440153777,90.3548190288
2024.08.29,89.9115999723,90.1609152591,89.6899785562,90.0593405380
2024.08.30,90.1978141210,90.4840661898,89.0804997048,89.0989646259
2024.09.03,90.3802102992,90.8434135206,90.2505139626,90.5562297851
2024.09.04,90.6766694594,91.7420383924,90.6118212844,91.7235133716
2024.09.05,92.0292065314,92.3441883764,91.5104212196,92.2422831090
2024.09.06,92.2237605253,93.3632364464,91.8902536538,92.2330195004
2024.09.09,92.0847936220,92.7332752471,91.8624580746,92.6313699820
2024.09.10,92.5202155064,93.4836790709,92.4738923563,93.2798685192
2024.09.11,93.0945883247,93.7893932080,92.9648919785,93.2057596504
2024.09.12,92.9741422957,93.1501617648,92.3534517345,92.7703317669
2024.09.13,93.0667882470,93.2057506238,92.6591671599,93.0204721667
2024.09.16,93.2242585090,93.9098042237,93.0204550708,93.8727471255
2024.09.17,94.0024632329,94.1599506324,93.3261834172,93.4188226482
2024.09.18,92.8629759021,93.3169201286,92.2144942468,92.2608103262
2024.09.19,91.6401293569,92.0014273267,91.5011669682,91.9551112424
2024.09.20,91.7049610985,91.9458287246,91.4548344980,91.6030558363
2024.09.23,91.2510250174,91.7976013685,90.8063468617,91.4085123998
2024.09.24,90.7878500807,91.6123514191,90.6488876721,91.3900158061
2024.09.25,91.0287013730,91.0842834993,90.5932892029,90.6303463097
2024.09.26,90.8526600373,91.0194134438,90.2504945653,90.8433939958
2024.09.27,91.2880775998,91.4918881165,90.9823618247,91.3158686579
2024.09.30,91.3807240313,91.4455721947,90.6766532091,90.8804637420
2024.10.01,91.8247370203,92.3173179619,91.4436795579,91.5366181541
2024.10.02,90.4863969829,90.8302775827,90.2075741083,90.7652198574
2024.10.03,90.4678198778,90.6258233144,89.9101811278,89.9101811278
2024.10.04,88.7019482409,89.1852331753,88.6647713859,88.8041828197
2024.10.07,88.2744171858,88.5439369522,88.0699480465,88.1350057644
2024.10.08,87.7260672288,88.3208826737,87.6795943916,88.2837058221
2024.10.09,87.9863094214,88.2093705600,87.5773781821,87.7818402563
2024.10.10,87.2521076123,87.4472808467,86.8152953774,87.4379919480
2024.10.11,86.8803490047,87.4286918150,86.8245801613,87.0848111282
2024.10.14,86.4713972520,87.1591514288,86.4156355078,87.1498554412
2024.10.15,87.7911482149,88.2930252091,87.7075055946,88.2093825888
2024.10.16,88.6554672968,88.8692324212,88.4231172919,88.5811135934
2024.10.17,87.6331268403,87.7725382584,87.0568962877,87.1777228257
2024.10.18,87.4101054199,87.6238635288,87.2335170851,87.2428130739
2024.10.21,86.4528096032,86.5178673382,85.7185896331,85.7185896331
2024.10.22,86.1089184813,86.2111530570,85.5884496169,85.8022147544
2024.10.23,85.3561091024,85.8486971539,85.1888238771,85.5698742636
2024.10.24,85.7185763100,86.4342112835,85.4676343064,86.1182186458
2024.10.25,86.4249071874,86.4713800254,85.5233880198,85.6349185766
2024.10.28,85.7557475855,85.7743395591,84.9657588866,85.4025780858
2024.10.29,84.7334353671,85.5606011812,84.5568541074,85.5327203029
2024.10.30,86.2855191725,86.7037535558,85.6535337850,85.7836492578
2024.10.31,85.6906897376,86.3784509438,85.3839930816,85.9230397717
2024.11.01,86.0358818548,86.2783363980,84.6743784315,84.7116736577
2024.11.04,86.0545298329,86.3249664689,85.4483792430,86.0265548559
2024.11.05,85.8214028036,86.6327127802,85.4204114977,86.4835034037
2024.11.06,83.5926413308,84.5997833022,83.5087163906,84.1148599317
2024.11.07,84.6277793636,85.4390895617,84.5345270351,85.1686528290
2024.11.08,85.7934254499,86.3529463668,85.6442160775,86.2503667020
2024.11.11,86.0265571918,86.0731868979,85.4390613137,85.8307252324
2024.11.12,85.2059113857,85.6535251779,84.4039289670,84.5438109451
2024.11.13,85.3457929325,85.3644476589,83.6672304081,83.7418350842
2024.11.14,84.4505574548,84.8888510299,84.1801208421,84.2267505430
2024.11.15,83.8537446392,84.5344999364,83.4714080808,84.0029540086
2024.11.18,83.6112931569,84.4785459683,83.3874790945,84.1521593541
2024.11.19,84.6930173785,84.9261516486,84.5065128082,84.5811103675
2024.11.20,84.0682202632,84.7023457704,84.0309179258,84.3106818993
2024.11.21,84.3479722417,84.7209884798,83.9283334205,84.2453925983
2024.11.22,84.4039468731,84.5811241092,84.0682329003,84.2920398439
2024.11.25,85.9799354630,86.5208087998,85.7841034855,86.4741862040
2024.11.26,85.9426364659,86.2037457578,85.6162427363,86.1384684348
2024.11.27,86.7632494785,87.0803086659,86.4182082028,86.7352745049
2024.11.29,87.4533375446,87.6491695030,87.1362783114,87.6305218894
2024.12.02,86.9777415801,87.7983788701,86.7259596664,87.5372695923
2024.12.03,87.5932006197,87.6864528967,86.7166135638,86.7818908691
2024.12.04,86.3622408761,87.8356508515,86.2969635792,87.7144165039
2024.12.05,87.3973581510,88.0221561574,87.3414082145,87.8916015625
2024.12.06,88.3299022965,88.4511295404,87.6771221534,88.0221633911
2024.12.09,87.6491394195,87.6957691094,87.1642233720,87.2108459473
2024.12.10,86.7445876814,87.0057040149,86.6420151580,86.8005447388
2024.12.11,86.7912061834,86.9963654331,85.8959716422,85.9798965454
2024.12.12,85.4576813414,85.5602609700,84.8608582918,84.9354629517
2024.12.13,84.6743725915,84.7209951782,84.0029447327,84.0682220459
2024.12.16,84.4412187859,84.5064960841,83.9749503379,84.3199844360
2024.12.17,84.4132394919,84.8515329858,84.3572895529,84.5251464844
2024.12.18,84.2265126536,84.6009789549,83.4494963284,83.4682235718
2024.12.19,82.4477956247,82.7473672101,81.9235471357,82.2043914795
2024.12.20,82.8784498361,83.2341960922,82.6537728770,82.6724929810
2024.12.23,82.5320703647,82.5976014389,81.8580323776,81.9141998291
2024.12.24,81.4835504504,82.2792868109,81.4273830096,82.2605667114
2024.12.26,81.6427008886,82.3448225066,81.6333372672,82.2137603760
2024.12.27,81.8954648020,82.1763091506,81.5022712863,81.5397186279
2024.12.30,82.2231139309,82.4197071028,82.0733245757,82.1950302124
2024.12.31,82.5039530727,82.6443787988,81.6894967178,81.7550277710
2025.01.02,82.1950491608,82.4946207979,81.6427097143,81.9797286987
2025.01.03,82.1201479866,82.2699302221,81.6146195497,81.7175979614
2025.01.06,81.4929266814,81.6614361720,81.1371804555,81.3525009155
2025.01.07,81.0716492078,81.2307950757,80.3133600728,80.4350585938
2025.01.08,80.0137915676,80.6971860353,79.8920858995,80.5380401611
2025.01.10,79.8359155581,80.3695277550,79.7235806592,80.0044250488
2025.01.13,80.0699789590,80.1916846573,79.6112613254,79.9763641357
2025.01.14,79.7891160558,79.9108145837,79.4708171594,79.8452835083
2025.01.15,81.1652533332,81.4273847276,80.8844089813,81.2214279175
2025.01.16,81.1090923467,81.8205776178,80.7720733837,81.4835586548
2025.01.17,81.8486698712,81.8954808430,81.4835671470,81.6239929199
2025.01.21,82.2792999466,82.5414242350,82.0358957607,82.3541946411
2025.01.22,82.2605724193,82.3635508293,81.7456803690,81.9235534668
2025.01.23,81.1090837027,81.4367390090,81.0061053004,81.2869567871
2025.01.24,81.1839879868,81.7082365388,81.0716459504,81.6520690918
2025.01.27,82.5320741973,82.7848348830,82.2418590191,82.6163253784
2025.01.28,82.2324800498,82.5694989961,82.0639777190,82.5601425171
2025.01.29,82.7848261312,82.9626992401,82.0358934916,82.3916397095
2025.01.30,82.7661073665,83.0469517541,82.5414232856,82.7005691528
2025.01.31,82.7380164221,83.0001478496,81.8486651486,82.1576004028
2025.02.03,83.2211197225,83.7096577897,82.4883090378,82.8265304565
2025.02.04,82.2534406371,83.0989870901,82.1876757537,83.0802001953
2025.02.05,84.0384676357,84.7243073851,83.9820997983,84.4518508911
2025.02.06,84.4236731526,84.6961296665,84.1324297474,84.4142761230
2025.02.07,83.8412084644,84.0385031466,83.5593619903,83.8693923950
2025.02.10,83.8599723587,84.1136348108,83.4747729978,83.6156997681
2025.02.11,83.1741490048,83.3150758029,83.0332222067,83.0802001953
2025.02.12,82.0091647859,82.3004082342,81.6051784700,81.9527969360
2025.02.13,82.7607533974,83.5123580976,82.7419665055,83.3150634766
2025.02.14,83.9727191040,84.2545726816,83.7284536490,83.7566375732
2025.02.18,83.1835401943,83.4653866029,82.7137890122,82.7701568604
2025.02.19,82.6292167974,83.0989679041,82.5728489583,82.8734893799
2025.02.20,83.0989737824,83.3902243633,83.0989737824,83.1835327148
2025.02.21,83.4935749071,84.4894450863,83.4465969233,84.1888046265
2025.02.24,83.9257428450,84.6115755155,83.8599779702,84.4330749512
2025.02.25,85.4665167309,85.9644517526,85.3068030763,85.8892898560
2025.02.26,85.8892896545,86.4905704908,85.6825980230,86.3966217041
2025.02.27,85.7859573364,86.2369216185,85.6262436571,85.7859573364
2025.02.28,86.2932903410,86.8851814153,85.9362820246,86.8382034302
2025.03.03,86.1502125036,87.3754053425,86.1125132668,87.2434616089
2025.03.04,87.1209380087,87.4507973181,86.0182551881,86.1690521240
2025.03.05,86.2915717921,86.5177672027,85.3962383272,85.4810562134
2025.03.06,85.2737093117,85.5752959601,84.5668649305,85.1983108521
2025.03.07,85.8957349226,85.9145881341,84.8119053539,84.9250030518
2025.03.10,85.8392009753,86.3575493135,85.6789846084,85.8109283447
2025.03.11,85.7355122941,86.2255879013,84.9532694533,85.1983108521
2025.03.12,84.8213281735,85.1794600817,84.6139859986,84.6893844604
2025.03.13,84.4254983690,85.4904746954,84.2370022114,85.4339294434
2025.03.14,84.8307699931,85.2077551795,84.6893996493,84.9815597534
2025.03.17,85.5753054946,85.9334374325,85.1794671324,85.4056625366
2025.03.18,84.9532770256,85.7826385850,84.9344310042,85.4904785156
2025.03.19,85.4622039141,85.9711327650,85.1794632668,85.9334335327
2025.03.20,86.8947503597,86.9324495970,85.9145989501,85.9899902344
2025.03.21,86.0748101783,86.1784812772,85.4056649336,85.4810562134
2025.03.24,85.0098339354,85.0663863881,84.5386042413,84.6045761108
2025.03.25,84.4160690035,84.8967252017,84.3595237533,84.5951385498
2025.03.26,84.2464428597,84.4443584654,83.9637021714,84.0391006470
2025.03.27,83.7374996817,83.9071426278,83.5301575043,83.7940521240
2025.03.28,84.7082361656,85.1417665648,84.6422643047,84.9532775879
2025.03.31,85.9805570085,86.0842209066,85.1606149062,85.7920608521
2025.04.01,86.3084984194,86.9327606115,86.2706636911,86.5354995728
2025.04.02,87.3678502207,87.3678502207,85.7504534529,86.4787521362
2025.04.03,87.5097225579,87.7083566903,86.8665465937,86.8760070801
2025.04.04,88.5785337893,88.9947013781,87.7934793949,87.8218536377
2025.04.07,86.9043862906,87.1976036547,84.9370307727,85.1734924316
2025.04.08,84.4451817389,85.3153588630,83.4425866705,83.5655441284
2025.04.09,82.5440205101,84.0952154020,81.2387549438,84.0573806763
2025.04.10,82.9885760835,83.4047508837,81.6738499276,81.7400588989
2025.04.11,81.2198556664,82.5724166850,80.3969664705,82.1846160889
2025.04.14,82.6669829223,82.9601930188,82.1183902378,82.7710266113
2025.04.15,82.4305165064,83.4141976439,82.3264728235,83.0642318726
2025.04.16,83.0453182256,83.7074078304,82.7331871764,83.5276947021
2025.04.17,83.2723466193,83.4236783430,82.5062130805,82.7899627686
2025.04.21,81.9103104464,82.3548594831,81.3238901991,81.3428039551
2025.04.22,82.1183983326,82.3075647587,81.7211445079,81.7968139648
2025.04.23,84.0668422220,84.2370948966,82.4494454210,82.5913238525
2025.04.24,83.2628903774,83.5655610564,83.0075149235,83.4615173340
2025.04.25,84.0857620610,84.2843889761,83.8020052017,84.0763015747
2025.04.28,83.8587749786,84.6816570195,83.8114797553,84.6059875488
2025.04.29,84.4830186070,85.3248215096,84.4641048501,85.3153610229
2025.04.30,84.9180956581,85.1734782483,84.4924676294,84.6248855591
2025.05.01,84.7369167969,84.7559001471,83.8255638886,84.1958007812
2025.05.02,83.2654484959,83.6072067059,83.1040646865,83.2844390869
2025.05.05,82.9236861604,82.9806506878,82.4300394611,82.8192596436
2025.05.06,82.4015845954,83.0945892334,82.2496888023,83.0945892334
2025.05.07,83.4648146489,83.7401203037,83.3698834128,83.4458312988
2025.05.08,83.5597457524,83.5977196953,82.4870090244,82.5154876709
2025.05.09,82.5914543948,82.8857434663,82.5155064916,82.6389236450
2025.05.12,82.0028545266,82.3825867329,81.8224873418,81.8699493408
2025.05.13,81.7655179928,81.9174137635,81.1674446920,81.5376815796
2025.05.14,81.4047699409,81.5186917599,80.8826373241,80.9965591431
2025.05.15,81.2908586109,81.9458964797,81.1484653723,81.7085647583
2025.05.16,82.4680264175,82.4870097677,81.8319719208,81.9269104004
2025.05.19,80.6073432074,81.7560277825,80.5313953240,81.6895751953
2025.05.20,81.1009979248,81.2623817607,80.7497443619,81.1009979248
2025.05.21,80.3889946161,80.7497361968,79.5156156886,79.7149734497
2025.05.22,79.2877752413,80.1516661504,79.0789294185,80.1326828003
2025.05.23,80.4744403222,80.5219095656,80.0377508054,80.2655944824
2025.05.27,81.0250391524,81.6705816519,80.8351766937,81.3857879639
2025.05.28,81.0820075074,81.2054173871,80.6643013871,81.0345382690
2025.05.29,81.4237589211,81.8889342821,81.3003490408,81.7845077515
2025.05.30,81.7275311900,82.0882799672,81.5281734544,81.9079055786
2025.06.02,81.2694991707,81.4410144069,80.7930687668,81.1456298828
2025.06.03,81.4124465874,81.6983005270,80.8883701268,81.0027160645
2025.06.04,81.7459271978,82.5653880503,81.6125272702,82.3176422119
2025.06.05,82.5939704372,82.8321856257,82.1556553628,82.3748092651
2025.06.06,81.7459288638,81.8793287941,81.2599678205,81.3266677856
2025.06.09,81.0312916259,81.6030067106,81.0312916259,81.4124374390
2025.06.10,82.0413261283,82.1175567488,81.4886650340,81.8316955566
2025.06.11,81.7649914145,82.3271831251,81.6697067785,82.0794372559
2025.06.12,82.7940826806,83.0894672321,82.5177521484,83.0608825684
2025.06.13,82.6416285999,82.7845519183,81.7364063881,82.2604827881
2025.06.16,82.0222643861,82.3557642324,81.4314880371,81.4314880371
2025.06.17,81.9460472151,82.5749389739,81.7078319616,82.4224777222
2025.06.18,82.7845378085,82.9846376899,82.2795227835,82.5653839111
2025.06.20,82.0794411027,82.6988021700,81.8983951971,82.4129409790
2025.06.23,82.8321945028,83.3181555749,82.6797332764,82.6797332764
2025.06.24,82.3938685267,83.4610678922,82.3557532252,83.2800292969
2025.06.25,83.0037037794,83.3848495483,82.7083192616,83.3848495483
2025.06.26,83.4610847814,83.8041152954,83.0894696029,83.8041152954
2025.06.27,83.4420154085,84.0042070301,83.1275696170,83.2705001831
2025.06.30,83.7183582846,84.2710193449,83.4801430624,84.0899734497
2025.07.01,84.2889033444,84.4610584426,83.8393941464,84.2984695435
2025.07.02,83.3898693293,83.7724296898,83.3037881404,83.7628707886
2025.07.03,83.3707464496,83.4855189490,83.0646937482,83.1794662476
2025.07.07,82.7681953928,82.7873204915,82.1752151763,82.3856277466
2025.07.08,81.8404833504,82.2899998540,81.7161519481,82.2804336548
2025.07.09,82.4334669279,83.1412124634,82.4239007283,83.1412124634
2025.07.10,83.0455704341,83.2655419415,82.7203853274,83.1985931396
2025.07.11,82.4717208924,82.5099710954,81.9074318907,82.0508956909
2025.07.14,81.8117819814,82.1369597459,81.6013694059,81.8787307739
2025.07.15,82.1465288998,82.1656612966,81.1996795727,81.3048858643
2025.07.16,81.5631186411,81.9265612277,80.5206291723,81.4196548462
2025.07.17,81.5057418875,81.7639708993,81.2857630800,81.4005355835
2025.07.18,81.7065854969,81.7352767976,81.3909665957,81.5248641968
2025.07.21,82.4621520961,82.7395134886,82.2134820033,82.2517395020
2025.07.22,82.4143328332,82.9881807500,82.3569502305,82.7490768433
2025.07.23,82.2995518543,82.4430083334,82.0508817958,82.2899856567
2025.07.24,81.8213523702,82.4812741310,81.7830948730,82.1465301514
2025.07.25,82.0604552289,82.6725605832,81.9839402354,82.6629943848
2025.07.28,82.2421760916,82.4430224937,82.0891533887,82.1274108887
2025.07.29,82.4717164806,83.5333310331,82.4430178846,83.5142059326
2025.07.30,82.9881767621,83.1698980575,82.7873303657,83.0838241577
2025.07.31,83.3324763146,83.6002787725,83.0551149559,83.1316299438
2025.08.01,84.0638711419,84.4191002885,84.0254673970,84.3134918213
2025.08.04,84.4479167069,84.6303326973,84.1502967856,84.5439224243
2025.08.05,84.3422858980,84.9183273746,84.2750811811,84.8031234741
2025.08.06,84.3326900313,84.5343115232,83.4494258733,84.3134918213
2025.08.07,84.4094896302,84.7263150024,84.0926642581,84.1694717407
2025.08.08,83.8718617064,83.9006626845,83.6702475346,83.8046569824
2025.08.11,84.0446622182,84.1694688796,83.7950415706,83.9006500244
2025.08.12,83.4302417711,83.4974465049,83.0942181025,83.4782409668
2025.08.13,83.9486593842,84.3038811729,83.9390566177,84.1694717407
2025.08.14,84.0158734340,84.0158734340,83.4206263649,83.5454330444
2025.08.15,83.1998236547,83.3150275800,82.8061907105,82.9502029419
2025.08.18,83.0461905145,83.0845942562,82.5565519646,82.7101669312
2025.08.19,82.9981744901,83.2861988570,82.9981744901,83.1901931763
2025.08.20,83.1325941059,83.4974259920,83.1037931307,83.3726119995
2025.08.21,83.1037979756,83.2190092081,82.6717686718,82.9597930908
2025.08.22,83.3630323094,83.8142672065,83.2574238302,83.5742492676
2025.08.25,83.2670085415,83.5742311437,83.1902010598,83.3342132568
2025.08.26,83.0558015877,83.3246204813,82.7773799266,83.2862167358
2025.08.27,82.6717537108,83.1997959418,82.5661452645,83.1901931763
2025.08.28,83.3150081894,83.7758457577,83.1998042909,83.7374420166
2025.08.29,83.2958116227,83.3918173149,82.9885890127,83.1421966553
2025.09.02,82.5234832764,82.7258639431,82.3789309091,82.5234832764
2025.09.03,82.8126010610,83.6606734598,82.7740513130,83.4293823242
2025.09.04,83.8630645353,84.0750844994,83.4390319596,84.0654525757
2025.09.05,85.0195214102,85.3953722490,84.9424219169,85.3471832275
2025.09.08,85.9350539778,86.5036535496,85.8868723090,86.4843750000
2025.09.09,86.1567203265,86.3012800502,85.7615909054,85.9928894043
2025.09.10,86.1567131827,86.8024048951,85.9543325274,86.4843750000
2025.09.11,86.6482211704,87.1975422427,86.6385818947,87.0626144409
2025.09.12,86.5711180558,86.7156777746,86.2434488696,86.6867599487
2025.09.15,86.8795056225,87.1782569723,86.8024061282,86.8891448975
2025.09.16,86.8216882837,87.2168177276,86.7735066082,87.0722579956
2025.09.17,87.4191934631,87.7372233849,86.6096707742,86.8506011963
2025.09.18,86.0218059319,86.2241866182,85.6748655118,85.9543457031
2025.09.19,85.8386934827,85.9928924875,85.5688525770,85.7905044556
2025.09.22,85.5977659567,85.6845047380,85.3279250418,85.4821166992
2025.09.23,85.7423268426,86.1181777437,85.5303068773,86.0796279907
2025.09.24,85.8483390926,85.9254386006,85.4821201055,85.7519683838
2025.09.25,85.6266798450,85.8001500619,85.2508289339,85.7519683838
2025.09.26,85.7615971516,86.2241868304,85.4724850359,85.6748657227
2025.09.29,86.0507179484,86.4843898050,86.0218074716,86.3783798218
2025.09.30,86.4072877816,86.7734993664,85.9736086219,86.1278076172
2025.10.01,86.5049633410,86.6887101805,86.1568153180,86.3502349854
2025.10.02,86.3695809488,86.7370746604,86.2535365163,86.6016845703
2025.10.03,86.6790401766,86.7660808743,86.3308921422,86.4372711182
2025.10.06,85.7893400664,86.2245288404,85.7313178478,85.7506561279
2025.10.07,86.0407732148,86.4372706318,85.8860374768,86.2438583374
2025.10.08,86.6500368209,86.6693824791,86.1955097699,86.3115615845
2025.10.09,86.2341855092,86.3502373128,86.0794571494,86.2438583374
2025.10.10,87.0175235165,87.7331578698,86.9401556463,87.6364517212
2025.10.13,87.3076360128,87.5977618169,86.9014657895,87.5880889893
2025.10.14,87.6654604124,87.9265677441,87.4527024644,87.8685455322
2025.10.15,87.9652511876,88.2940609357,87.4913859105,87.6751327515
2025.10.16,87.5397385570,88.4874765246,87.4720435149,88.3327407837
2025.10.17,88.2457139449,88.2843978830,87.9072387095,88.1973571777
2025.10.20,88.4487945653,88.5455007165,88.2747205420,88.5358352661
2025.10.21,88.9613431017,89.1547627806,88.8839826083,88.9710159302
2025.10.22,88.9613500566,89.1450969214,88.7969488503,89.0290451050
2025.10.23,88.5938585714,88.7679325968,88.2843944570,88.4197845459
2025.10.24,88.5745023645,88.5841751920,88.1586666968,88.4584579468
2025.10.27,88.3134084166,88.7679354633,88.0909776187,88.7582626343
2025.10.28,88.8259552477,89.1450921924,88.7872713110,88.9903564453
2025.10.29,88.8549563349,88.8646291626,88.0232702338,88.0909652710
2025.10.30,87.4140365854,87.9749426770,87.3753526434,87.5784378052
2025.10.31,87.5784061806,87.6751196898,87.2302582065,87.3172988892
2025.11.03,86.9824743431,87.1765853550,86.7883559263,87.0989379883
2025.11.04,87.1377579466,87.4095163136,87.0989342649,87.2930526733
2025.11.05,86.8757201322,86.9145438196,86.2642563117,86.3419036865
2025.11.06,86.9242363778,87.2057025325,86.8951204661,87.1183547974
2025.11.07,86.7301183024,87.2251109760,86.7301183024,86.9339370728
2025.11.10,86.8562886702,87.0309915291,86.7592331719,86.9145278931
2025.11.11,87.3027540813,87.4192251277,87.1377589858,87.3124618530
2025.11.12,87.3027556753,87.6618691882,87.2348160815,87.4677581787
2025.11.13,87.1571642603,87.2930434294,86.7495193481,86.7495193481
2025.11.14,87.1474696235,87.1959936741,86.2545471191,86.2545471191
2025.11.17,86.4583706161,86.6718971842,86.3613151047,86.4680709839
2025.11.18,86.7204233879,86.8174789018,86.1866143593,86.4389572144
2025.11.19,86.6039571044,86.6815970702,86.2351357962,86.2642517090
2025.11.20,86.3710084063,86.7883537357,86.3710084063,86.6039505005
2025.11.21,87.0115842658,87.0309924037,86.5748234118,86.8659973145
2025.11.24,87.3027532066,87.4192242519,87.1377581127,87.3609924316
2025.11.25,87.6521681146,87.9239265106,87.4774652308,87.5842285156
2025.11.26,87.4968655170,87.9724426270,87.1862834894,87.9724426270
2025.11.28,87.7977419338,87.8656815226,87.3027492696,87.5550994873
2025.12.01,86.5430812044,86.6794456248,86.4067167839,86.4651565552
2025.12.02,86.2800881836,86.6502190918,86.1632012187,86.5041122437
2025.12.03,86.6112704562,86.8450444228,86.4359436969,86.7476348877
2025.12.04,86.6015239198,86.6210013654,86.1826882412,86.2800903320
2025.12.05,86.2508756759,86.2508756759,85.7638577612,85.8807373047
2025.12.08,85.9002151077,85.9099501147,85.2865678296,85.5982589722
2025.12.09,86.0463244870,86.0560669264,85.5593065560,85.6859359741
2025.12.10,85.7151487589,86.2216440955,85.5787843441,86.0170974731
2025.12.11,86.3872330238,86.5235974343,85.8709952654,85.9002151489
2025.12.12,85.1112508394,85.2281378179,84.9261890791,85.0722885132
2025.12.15,85.4424208314,85.5982626937,85.1209872366,85.1307296753
2025.12.16,84.9261793584,85.6372212939,84.9066944819,85.5982589722
2025.12.17,85.3547482441,85.7054017010,85.3060509165,85.5203399658
2025.12.18,85.8417686475,86.0852775869,85.7833288801,85.9294357300
2025.12.19,85.6673860788,85.8140615558,85.4718237496,85.6087188721
2025.12.22,85.4815874274,85.5207013811,85.3153587195,85.4229202271
2025.12.23,85.1393563727,85.6380499960,85.1002424160,85.5598220825
2025.12.24,85.8140540974,86.1269582730,85.7064925876,86.0780639648
2025.12.26,86.1465204248,86.2149679872,85.6576071336,85.7945022583
2025.12.29,85.9998380045,86.1171798706,85.8433896432,86.1171798706
2025.12.30,85.7944928541,86.0878437808,85.7260452992,85.9118347168
2025.12.31,85.7358300974,85.9607334809,85.1980225241,85.2273635864
2026.01.02,85.4620487822,85.4718291373,85.0904698890,85.1002502441
2026.01.05,85.2469235509,85.5793810151,85.1784759871,85.5207138062
2026.01.06,85.2175889032,85.4033708825,84.9731322554,85.3447036743
2026.01.07,85.8922859023,86.0585220958,85.5402751858,85.8433990479
2026.01.08,85.3935860967,85.6087091104,85.3153581898,85.4131393433
2026.01.09,85.3642727761,86.0487484730,85.1882636740,85.9803009033
2026.01.12,85.5598226085,85.9607350725,85.4718218005,85.7260513306
2026.01.13,85.9313936456,85.9607347083,85.5989362029,85.8727264404
2026.01.14,85.9607364493,86.4692029779,85.9411757404,86.3714218140
2026.01.15,86.6745445976,86.6941053063,86.3518600464,86.3518600464
2026.01.16,86.1758493873,86.3616388153,85.7651640352,85.8531723022
2026.01.20,84.7091075051,85.1002395994,84.6211067004,84.7286682129
2026.01.21,84.8753524979,85.5402748893,84.6993434102,85.3740386963
2026.01.22,85.3349278676,85.8140682942,85.2078130897,85.7456207275
2026.01.23,85.8825197266,86.0780820800,85.5598351294,85.9803009033
2026.01.26,86.4398702647,86.5278710751,86.2443004746,86.3909759521
2026.01.27,86.1562961392,86.2931912566,85.7358304330,85.8531723022
2026.01.28,85.5696072198,85.7553891995,85.3544841757,85.6576080322
2026.01.29,85.2175749250,85.7944889382,85.1491273732,85.6771545410
2026.01.30,85.4424775620,85.6184866318,85.1980209351,85.1980209351
2026.02.02,85.4159275131,85.4551910782,84.9545974731,84.9545974731
2026.02.03,84.8957012535,85.1803564934,84.8368096483,85.1607284546
2026.02.04,85.0331234832,85.1803599911,84.8662589357,84.9447860718
2026.02.05,85.3275822900,85.8674468994,85.1509000078,85.8674468994
2026.02.06,85.8380009321,85.9263458252,85.5926092685,85.9263458252
2026.02.09,85.5926067431,85.9656068536,85.4257422141,85.9067077637
2026.02.10,86.6134389506,86.8980941772,86.5938109127,86.8980941772
2026.02.11,86.4171319101,86.8490236482,86.3189767392,86.4367599487
2026.02.12,86.7312317480,87.6342712891,86.7214139845,87.5851974487
2026.02.13,87.9778248374,88.1545071514,87.8698518961,88.0661697388
2026.02.17,88.2723010344,88.4588011194,88.1054364787,88.2134094238
2026.02.18,88.0367158197,88.2035803540,87.8207699571,87.8796615601
2026.02.19,87.7520716882,88.0661727584,87.7226258830,87.9680175781
2026.02.20,88.0465267096,88.0857902747,87.2907236738,87.7618789673
2026.02.23,87.8993075763,88.3410096289,87.8796720471,88.0858001709
2026.02.24,88.2919174673,88.3900801237,88.1054248956,88.2428436279
2026.02.25,88.0563524444,88.4195348387,88.0563524444,88.2526702881
2026.02.26,88.3998899689,88.6550993943,88.3900796943,88.6060180664
2026.02.27,89.0182806860,89.1851452170,88.8808619560,89.1458816528
2026.03.02,88.6150690775,88.6249119746,88.0044713428,88.2506790161
2026.03.03,87.6302392235,88.3097672990,87.5908450937,88.0734100342
2026.03.04,87.9158357062,88.0832626401,87.7484162858,87.7976608276
2026.03.05,87.2855463378,87.5908489784,87.1673714570,87.4431228638
2026.03.06,86.9802425964,87.5908403035,86.6847903963,87.1181182861
2026.03.09,86.9605491531,87.9650731073,86.8719104878,87.8764419556
2026.03.10,87.4529731285,87.6006917292,86.9310065223,86.9408569336
2026.03.11,86.4188930741,86.4779805112,85.7590583149,85.8181457520
2026.03.12,85.5916388813,85.9264777094,85.4636060829,85.6507263184
2026.03.13,85.6113325150,85.8279964698,85.1583112975,85.2272491455
2026.03.16,85.8575412419,86.0151102478,85.6408772845,85.8870849609
2026.03.17,86.0348048236,86.2416183552,85.9954106966,86.1234359741
2026.03.18,86.0348105528,86.1529929417,85.6113330512,85.6408767700
2026.03.19,85.7393566742,86.3991989407,85.6507255194,86.1628341675
2026.03.20,85.4931526671,85.5423972087,84.4590849160,84.5280227661
2026.03.23,84.8727152505,85.4045247629,84.6363579718,85.0795288086
2026.03.24,84.4196899396,84.9810431456,84.2621134189,84.7052917480
2026.03.25,85.4340586676,85.5620839469,85.1681576988,85.5226898193
2026.03.26,85.0302788255,85.2961873215,84.6265021465,84.8037719727
2026.03.27,84.2030209160,84.7939178056,84.1537763778,84.3408966064
2026.03.30,85.3158740627,85.6310195611,85.1779983767,85.4636001587
2026.03.31,85.6113267291,85.8378410794,85.2567871022,85.3749694824
2026.04.01,85.3106960653,85.7358655816,85.2612623108,85.2909240723
2026.04.02,85.2414936130,85.8743030837,85.1821700826,85.8149795532
2026.04.06,85.5282278348,85.8742942999,85.4194630109,85.6765441895
2026.04.07,85.5479942800,85.7062003930,84.9448542190,85.6666488647
2026.04.08,86.3785636124,86.3884533807,85.7556439988,85.9435043335
2026.04.09,85.7161004405,86.1511522163,85.4194677148,85.7259826660
2026.04.10,85.6270982530,85.7062013104,85.3601348640,85.5183334351
2026.04.13,85.4689062015,85.8248624431,85.2810383118,85.7754211426
2026.04.14,85.7259825116,86.2599168907,85.6567692149,86.2302551270
2026.04.15,86.0423754017,86.0918166970,85.7556400288,85.8545150757
2026.04.16,85.9435165643,85.9929578689,85.2316040224,85.3107070923
2026.04.17,86.0720553982,86.2302539842,85.9138492686,86.0918273926
2026.04.20,86.1313755264,86.1511475200,85.7358677616,86.0720520020
2026.04.21,85.9929503985,86.1115974494,85.5578910954,85.5974426270
2026.04.22,86.0720559395,86.1808207684,85.7358716837,85.7655334473
2026.04.23,85.8545204023,86.0621602768,85.2711447651,85.5776672363
2026.04.24,85.4886789438,85.8446351885,85.2810390583,85.7358703613
2026.04.27,85.5183469931,85.6468913676,85.2217217964,85.3107070923
2026.04.28,85.1525049247,85.3996963501,84.9745267967,85.3996963501
2026.04.29,85.0239484231,85.0239484231,84.5888967063,84.7372055054
2026.04.30,84.9250826128,84.9349723817,84.4306997788,84.6581192017
2026.05.01,84.8516337206,85.3478421050,84.6928434033,84.9608001709
2026.05.04,84.7027691655,84.7126954532,84.1172469100,84.3157272339
2026.05.05,84.5042900413,84.8417081110,84.4447398861,84.7821655273
2026.05.06,85.3974671723,85.5165523405,85.2684481448,85.4272384644
2026.05.07,85.6257234211,85.6356497095,84.9508796696,85.0005035400
2026.05.08,85.4073858886,85.6257187923,85.3379170167,85.4272384644
2026.05.11,85.2287516605,85.2684492409,84.8417097161,84.9111785889
2026.05.12,84.5439926708,84.5539113877,84.2760358851,84.3455047607
2026.05.13,84.2958896576,84.4050561168,83.9485377029,84.1569519043
2026.05.14,84.6134571380,84.7325423063,84.2661127778,84.2760314941
2026.05.15,83.2339955983,83.3332357591,82.9561125480,83.0255889893
2026.05.18,83.0652835722,83.2836164808,82.6881679120,82.9263458252
2026.05.19,82.3308993076,82.5988560918,82.1423376870,82.3904418945
2026.05.20,82.4301365665,83.3630107766,82.4102915620,83.2736968994
2026.05.21,82.9858960353,83.6210421853,82.6980942530,83.5813446045
2026.05.22,83.9683805577,84.0378494263,83.5019434808,84.0378494263
2026.05.26,84.6928440439,84.7325416236,84.2561858111,84.4546661377
2026.05.27,84.6035285993,84.8317877851,84.5042884378,84.6531524658
2026.05.28,84.7126975790,85.1989796848,84.6233761309,85.0898132324
2026.05.29,85.1592888468,85.3081528910,84.9012659131,85.1096725464
2026.06.01,84.6174808320,85.2252368048,84.4879619334,85.1554946899
2026.06.02,85.4842884388,85.5042115011,85.1853892955,85.3348388672
2026.06.03,84.9761630583,85.1156472984,84.7868597605,84.9960861206
2026.06.04,85.2949825001,85.3946130110,85.1056792085,85.1853866577
2026.06.05,84.6772595315,85.0359354449,84.6075174151,84.7470016479
2026.06.08,84.9163802424,85.0160107495,84.3086242676,84.3086242676
2026.06.09,84.6573360202,84.8665623683,84.4680327332,84.8067855835
2026.06.10,84.8067874472,84.9861254069,84.3883271404,84.5676651001
2026.06.11,84.8565954091,85.7233967788,84.7270765107,85.6636199951
2026.06.12,85.3248725729,85.5141758683,85.0957231534,85.4543914795
2026.06.15,85.6436939114,85.7931434798,85.3547601060,85.4045791626
2026.06.16,85.6436914987,86.0621441976,85.6138031061,85.8728485107
2026.06.17,86.0123367310,86.2713745463,85.6138070749,86.0123367310
2026.06.18,86.7496083252,86.8592041664,86.3311556230,86.4307861328
2026.06.22,85.9824425646,86.0123309565,85.6536550503,85.7732086182
2026.06.23,85.8031050254,86.1119618790,85.7831743631,85.8828048706
2026.06.24,86.8293146407,87.1481368289,86.7994262483,87.0584640503
2026.06.25,87.2577367335,87.4669630916,86.9688029243,87.0285797119
2026.06.26,86.6898331097,87.0485090327,86.6798677781,87.0385437012
2026.06.29,87.0385391703,87.2178771225,86.9787623866,87.1282043457
2026.06.30,86.8293145296,86.8592029220,86.0621436519,86.1019973755
2026.07.01,85.4800033569,85.7900009155,85.4300003052,85.5199966431
2026.07.02,85.3799972534,85.7799987793,85.3700027466,85.5100021362
2026.07.06,85.4300003052,85.4800033569,85.1800003052,85.4499969482
2026.07.07,85.1200027466,85.1699981689,84.5400009155,84.5500030518
2026.07.08,84.3099975586,84.4499969482,84.0599975586,84.3600006104
2026.07.09,84.2799987793,84.6800003052,84.2600021362,84.4899978638
2026.07.10,84.5100021362,84.6299972534,84.2799987793,84.4700012207
2026.07.13,84.1900024414,84.2799987793,83.9300003052,83.9700012207
2026.07.14,84.1800003052,84.5000000000,84.0400009155,84.0800018311
2026.07.15,84.0800018311,84.4100036621,84.0800018311,84.2399978638
2026.07.16,83.8399963379,84.2200012207,83.7900009155,84.2099990845
2026.07.17,84.6200027466,84.8199996948,84.4899978638,84.5199966431
2026.07.20,84.3099975586,84.3399963379,83.8199996948,83.8899993896
2026.07.21,83.7399978638,83.7699966431,83.4300003052,83.6600036621
2026.07.22,83.6100006104,83.6999969482,83.3799972534,83.4400024414
2026.07.23,82.9899978638,83.2500000000,82.9599990845,83.1699981689
2026.07.24,83.3099975586,83.6600036621,83.2300033569,83.2500000000
2026.07.27,83.7300033569,83.8700027466,83.5199966431,83.7500000000
2026.07.28,83.8600006104,84.3399963379,83.8499984741,84.2399978638
2026.07.29,84.0999984741,84.1500015259,82.6999969482,82.8499984741
2026.07.30,82.8099975586,82.9000015259,82.5199966431,82.8000030518
2026.07.31,82.4499969482,82.4499969482,81.8899993896,82.2500000000
