Date,Open,High,Low,Close
1999.03.10,13.9927071543,14.0012601537,13.7617761682,13.9756011553
1999.03.11,14.2835299147,14.5272905199,13.3598055161,14.1808938704
1999.03.12,14.0254367437,14.0513458051,12.8077108569,13.1445286554
1999.03.15,13.4399100779,14.3260580494,13.0214513136,14.2768276066
1999.03.16,14.4587249028,14.8225758524,13.9909165390,14.6406503776
1999.03.17,14.6406894544,14.6935438349,14.1914272200,14.3235631713
1999.03.18,14.2714669153,15.1829661653,14.2584454974,15.1569233296
1999.03.19,15.7516589220,15.7516589220,13.9674315932,13.9944653406
1999.03.22,14.1737894906,14.2762505360,13.4053316503,13.4821774344
1999.03.23,13.2573130521,13.4072074667,11.9832105279,12.0581577352
1999.03.24,12.3824142622,13.3087779610,11.8265960429,13.2856188685
1999.03.25,13.9025650969,14.7416561313,13.6372642552,14.7416561313
1999.03.26,14.3717984988,14.8737545858,14.0811923431,14.2661235331
1999.03.29,14.7830237912,15.8426455724,14.5245794544,15.8168011387
1999.03.30,15.7614741703,16.1485984820,15.2913946489,15.4849568048
1999.03.31,16.2483158964,16.3028404109,14.6671049776,14.8034162637
1999.04.01,16.0994873275,16.1523881607,14.9885698311,15.7291814954
1999.04.05,16.4931798577,17.5049319459,16.1972251652,17.4361052732
1999.04.06,17.3771829297,18.1135047092,16.9353898620,17.5391737212
1999.04.07,18.0270492119,18.1453240374,15.8685336464,16.9921444887
1999.04.08,16.9053082861,17.6434679734,15.8632004923,17.3974147443
1999.04.09,17.3092003911,17.8384738324,17.1621799908,17.7208575121
1999.04.12,16.4706830736,17.7208669727,16.4111505070,17.3636715730
1999.04.13,17.6866553917,17.8041097302,16.2478397456,16.6589299302
1999.04.14,17.2872305657,17.3443469206,14.6670177855,14.9454600155
1999.04.15,15.1046358821,15.6286112531,13.5128119701,15.5556526572
1999.04.16,15.4466777931,15.4466777931,13.9483225731,14.1935079728
1999.04.19,14.4751558795,14.8336208768,11.7674649174,12.1963426821
1999.04.20,12.0347392564,13.3274742239,11.6884709615,13.0273750350
1999.04.21,13.3890356425,14.9802886113,12.8586179862,14.9561787179
1999.04.22,15.3782175136,16.3014383193,15.0814679690,16.1695496327
1999.04.23,15.9196614097,17.1691690222,15.4198583648,16.8082001563
1999.04.26,17.1500697367,18.3465858658,16.9862609809,17.9691135156
1999.04.27,18.3635677564,18.6315042438,16.4656843037,17.1429682025
1999.04.28,16.7102761342,16.8833402039,15.1599105097,15.3834515998
1999.04.29,15.1690656282,15.4370701138,14.0434467888,15.0082629369
1999.04.30,15.6409317228,15.8781817911,13.6902089387,15.2982371796
1999.05.03,15.1647646207,15.3516541615,14.2903885550,15.0579705974
1999.05.04,15.1372288206,15.8505012026,14.0805289954,14.3447039517
1999.05.05,14.3702416416,15.6487347991,13.0661786210,15.6487347991
1999.05.06,15.2155552021,15.6216642661,13.5098971332,13.9430801348
1999.05.07,14.3185622288,14.6690166268,13.4173937769,14.5438543418
1999.05.10,14.8270106872,15.2774840688,14.3121839654,14.9814587037
1999.05.11,15.3490120321,15.9265684908,15.0864863691,15.6902953941
1999.05.12,15.9068316351,16.8271363645,14.5263745408,16.6647296476
1999.05.13,17.0590395065,17.1435367096,15.5099241157,15.7352499907
1999.05.14,14.8138956432,15.3558674889,14.4887125358,14.8409942355
1999.05.17,14.4502236841,15.7788794219,14.0138514564,15.6421060371
1999.05.18,15.5948817834,15.8646118976,14.8935834863,15.4330437148
1999.05.19,15.6201830281,16.1013520150,14.8984295478,16.0746204047
1999.05.20,16.1775984700,16.1775984700,14.6740357761,14.7495571899
1999.05.21,14.8855834222,15.0151359552,14.1082682243,14.3414627836
1999.05.24,14.4177442255,14.4940285968,12.9683411705,13.2480505320
1999.05.25,13.1998634676,13.7783110382,11.7778465232,11.9465603980
1999.05.26,12.4184344867,13.0925351417,11.2949333951,12.9464799998
1999.05.27,12.7924877693,13.4735695962,12.2950019131,12.9109367827
1999.05.28,13.1474096660,13.7622163189,12.6508350617,13.5493986314
1999.06.01,13.4761379167,13.6714444639,12.4263652255,12.6460850911
1999.06.02,12.6227775673,13.4850105524,11.6731561040,13.2869300018
1999.06.03,13.5879111792,13.5879111792,12.4803323576,12.7211103623
1999.06.04,13.0017296956,14.0247971110,13.0017296956,13.8903368221
1999.06.07,14.1814469350,15.0237861820,14.0885418710,14.7574583319
1999.06.08,14.8605755215,15.0668532307,13.4230777358,13.6486939802
1999.06.09,13.7954575690,14.4497632940,13.7709975419,14.3335781653
1999.06.10,13.8788177295,14.1314660315,13.3293076726,13.8409204842
1999.06.11,14.1247198508,14.1679084467,12.8414015730,13.2115895377
1999.06.14,13.3551247301,13.3551247301,12.3744209081,12.4641194284
1999.06.15,12.5561253339,13.2461274359,12.4468750011,13.0218767528
1999.06.16,13.9925678945,15.0283982087,13.9452156516,15.0283982087
1999.06.17,14.4371721258,15.7366455061,14.4371721258,15.5287297653
1999.06.18,15.1037570670,15.8739960091,15.0240771764,15.7411961915
1999.06.21,16.0628014706,17.1817483947,15.9823980988,17.1549472708
1999.06.22,16.8500837402,17.5023451041,15.6022793919,15.6022793919
1999.06.23,15.6089504671,16.4533355935,15.3097588869,16.3403076632
1999.06.24,16.3197291032,16.3471495534,15.1406497465,15.3668684603
1999.06.25,15.6760008764,16.0443321287,14.8867196213,15.3076696240
1999.06.28,15.7013001245,16.4623100632,15.3207951551,16.3967057581
1999.06.29,16.3555187527,17.2616163498,16.1084012262,17.0694138292
1999.06.30,17.1187647163,19.9456516015,16.5124996985,17.8589720054
1999.07.01,18.0332876818,18.5272179190,17.1035366471,18.2221433607
1999.07.02,18.2074309985,18.9730261821,18.2074309985,18.9141342449
1999.07.06,19.2159607466,19.7894212522,18.2501325267,18.5519538455
1999.07.07,18.5221549770,18.8796872492,18.1348283489,18.6413324011
1999.07.08,18.6413194133,19.6202133113,18.3723104032,19.3885666637
1999.07.09,19.6033314965,20.0328251946,19.1738377983,19.9714689520
1999.07.12,20.1904535147,20.5033223567,19.3144207573,19.6585764834
1999.07.13,19.3799559886,19.5966647242,18.9155801266,19.3799559886
1999.07.14,19.9626047638,20.4839012570,19.1346632745,20.3689093835
1999.07.15,20.5827940608,20.9313866919,20.2421239896,20.9313866919
1999.07.16,20.9636631933,21.8671764055,20.9394619466,21.5122247865
1999.07.19,21.7751256059,21.7751256059,20.6003868571,20.8550505020
1999.07.20,20.0906834837,20.1791887082,18.2803493462,18.4412679362
1999.07.21,18.5596617597,19.1886776165,18.1156505667,18.7076654907
1999.07.22,18.7076779209,18.7076779209,17.1238017378,17.2806951333
1999.07.23,17.6701569968,17.8896767860,16.8204029741,17.3585805218
1999.07.26,16.6483305001,17.2165328402,15.9948978090,16.0801281600
1999.07.27,17.0514049506,17.8068471192,16.6332137501,17.0514049506
1999.07.28,17.6683981413,18.3414799360,17.0023276153,18.0540179195
1999.07.29,17.0419932466,17.4788428008,16.3721572636,16.8963767286
1999.07.30,17.1191826133,17.6762059839,16.5691220348,16.6457127483
1999.08.02,16.7284213731,17.7210974962,16.3148063218,16.5078266791
1999.08.03,17.1865254151,17.1933808266,15.4658171163,16.1856353289
1999.08.04,16.1856340313,16.5509778872,15.2655087648,15.3061025266
1999.08.05,15.3126107209,16.0358874733,14.2179215822,16.0358874733
1999.08.06,15.6931844811,16.5802096140,15.1824730410,15.5184674095
1999.08.09,15.6893689272,15.8208441769,14.8282060416,14.9202387164
1999.08.10,14.7985775844,15.1251111194,13.5436643911,14.5168623777
1999.08.11,15.2963666384,16.0255626965,14.6300323094,15.9501286215
1999.08.12,16.1373549104,16.4583189114,15.2814509077,15.3884389080
1999.08.13,16.3545962928,17.4512843330,16.2762614328,17.3990610930
1999.08.16,17.3707440841,17.9931492131,17.0312503773,17.8163295742
1999.08.17,18.2833607316,18.3408404969,17.1050255423,18.0821815529
1999.08.18,17.8209340100,18.4884941356,17.2694712975,17.4726417705
1999.08.19,16.9904584943,17.3591994263,16.5153499858,16.8486350589
1999.08.20,16.9040261490,17.6514194746,16.6272138062,17.6514194746
1999.08.23,18.1366683045,19.3356316083,18.0153446369,19.3356316083
1999.08.24,18.9113568235,20.3660756456,18.7977069156,19.7296361610
1999.08.25,20.0982233128,21.2346995059,19.4531962843,20.9889749236
1999.08.26,20.9889823124,21.2129500589,19.8451470356,19.9411332127
1999.08.27,20.3893501217,20.3970782428,19.1914913494,19.3460537716
1999.08.30,19.5883904546,19.7701383693,18.3767376895,18.5281942852
1999.08.31,18.9107316924,19.4992397919,17.6748646835,19.1461349322
1999.09.01,19.5070148164,20.0483192515,19.1461451930,19.5596416365
1999.09.02,18.4691597047,19.6587514823,18.3471502916,19.3537279496
1999.09.03,21.0195335451,22.0417373452,20.8075209051,22.0190217052
1999.09.07,21.8872280232,22.5461512760,21.6236587222,21.7224972101
1999.09.08,21.3307293367,21.9837104230,20.3186086530,20.8409935220
1999.09.09,20.8727423355,21.8888597671,20.5552056382,21.7300914184
1999.09.10,22.6114838578,23.1256284974,21.8606694636,22.4809074414
1999.09.13,22.4141337261,22.5476836738,21.3123466577,21.6712621421
1999.09.14,21.4187949430,22.4856627523,21.2884904778,22.0295971239
1999.09.15,22.8529362729,22.8529362729,20.6875750908,20.7534415906
1999.09.16,20.7218129607,21.2912672213,19.4326317875,20.7218129607
1999.09.17,21.2906692560,22.7128573079,21.1958567193,22.5864405922
1999.09.20,22.7871220833,23.0546811513,22.2854488308,22.7453159789
1999.09.21,22.1488942773,22.2832996945,20.9140445062,21.1072522935
1999.09.22,21.2031052757,22.1136351906,20.4363432421,21.7781768009
1999.09.23,22.4631601250,22.5936334723,18.6875876379,19.0708530955
1999.09.24,18.7132479855,19.3688082538,17.7597057771,19.1453217987
1999.09.27,19.9669040297,20.3851633460,19.3693907207,19.5486447134
1999.09.28,19.2533158410,20.0333434001,18.0037571299,19.8212970734
1999.09.29,19.8212861615,20.2493038090,18.6289512864,18.6289512864
1999.09.30,19.1567406515,19.8018145345,18.4530236882,19.2153837318
1999.10.01,18.4372044868,19.2378456708,17.8385942558,19.2378456708
1999.10.04,19.5448541972,20.7430069187,19.2153621987,20.5333301924
1999.10.05,20.7522336381,21.7215739085,19.6578172037,20.9711169249
1999.10.06,21.3516168330,22.3267099735,20.3923788654,22.2315789354
1999.10.07,22.6023508712,22.9236721047,21.5807141287,22.0750544880
1999.10.08,21.8126362412,22.9606700963,20.9270101244,22.7720645344
1999.10.11,22.9646189464,23.7682406240,22.7971977635,23.7347563874
1999.10.12,23.4938530089,24.0616975944,21.9107711340,22.1172600742
1999.10.13,21.3624874423,22.1500453123,19.8858164360,20.1483357260
1999.10.14,20.3640126504,20.9493620653,19.3781610043,20.5257539361
1999.10.15,18.9584346583,19.8317602253,18.3424282316,18.7089130677
1999.10.18,18.7675101871,18.9725661590,16.4020430817,17.9985502921
1999.10.19,18.5836767116,18.8619680326,17.3777476538,18.2911140408
1999.10.20,19.1277798039,20.4188325501,18.5796233307,19.9644396841
1999.10.21,18.9865687971,20.9422683212,18.5587595262,20.9422683212
1999.10.22,21.3128541019,21.9515301655,20.4376313479,20.6584082588
1999.10.25,20.3771528639,21.3694444180,20.1271266455,20.6896856368
1999.10.26,21.4405113712,21.7846441944,20.0639800782,20.1891192866
1999.10.27,20.0352568356,20.3122417865,19.1504437979,20.0968090469
1999.10.28,21.0479361842,22.3979504068,20.4956576386,22.1831754168
1999.10.29,23.7217206075,25.0311065967,23.4925780594,24.5073522010
1999.11.01,24.5073446252,25.3809431165,24.0268654550,24.1229612890
1999.11.02,24.5033313934,25.4023240755,23.8895960046,24.1662091376
1999.11.03,25.1960637797,26.0268940854,24.9883562033,25.6114789325
1999.11.04,26.6816038558,26.8344813289,25.6474327144,26.4747696275
1999.11.05,28.0927154548,28.4971913177,27.2837637290,27.2837637290
1999.11.08,27.5838274412,29.2249789375,27.3212432018,28.9342606725
1999.11.09,29.6361540191,29.7921338326,27.6084164438,28.3493205579
1999.11.10,28.3877878979,30.1956821853,28.0031295389,29.4648313032
1999.11.11,30.4119537265,31.1617287752,29.6227168331,31.0433432412
1999.11.12,31.5334748444,32.3504046989,28.5925273682,32.2687117135
1999.11.15,32.3525300000,32.6877893544,31.5981964525,32.0801317745
1999.11.16,32.4349935666,34.9813681059,32.0175551175,34.5221858120
1999.11.17,34.5221529779,34.9712041103,32.5945188482,33.1202372472
1999.11.18,33.8018893042,36.1666044621,33.2053845796,36.1666044621
1999.11.19,35.6926473470,37.3177751472,35.2863653970,37.1372053916
1999.11.22,37.3669414881,39.6640886542,35.4373378686,35.4373378686
1999.11.23,38.0194192836,38.1084577914,34.9030715111,35.9270143507
1999.11.24,36.2415406493,39.9143639222,35.1183531041,39.4763207795
1999.11.26,40.9578674732,41.5313732956,39.3807264616,39.8586479803
1999.11.29,39.6181981742,40.6282930460,37.7423076981,37.8866069655
1999.11.30,38.1190651330,38.3050117111,33.5633739704,33.5633739704
1999.12.01,34.6763778806,36.2603625969,33.9057907213,35.7466378240
1999.12.02,36.1483381368,39.3615206378,36.0813968347,39.1495398478
1999.12.03,41.9326871795,43.2591211718,41.3168428259,41.6484513240
1999.12.06,42.1295460660,43.8196634530,40.9575668560,42.7833870990
1999.12.07,43.1852662733,43.6876152412,41.1633116775,42.7833870990
1999.12.08,42.8210053499,43.8257028325,40.9246388517,41.2260480964
1999.12.09,42.9901206516,43.6761327750,38.6780444476,41.8140998687
1999.12.10,42.8529337700,43.2981157025,40.0334481971,42.8529337700
1999.12.13,42.4129432212,45.1530492494,41.8473250043,44.6000003263
1999.12.14,44.1998516930,44.9742316408,41.3088332211,42.1864638286
1999.12.15,40.7444151518,44.6232516936,39.6503843323,44.6232516936
1999.12.16,46.3778478990,48.2357157249,45.7585586238,47.9260710872
1999.12.17,50.4144534631,51.0635655739,48.5617793134,49.1703219173
1999.12.20,50.2706359926,51.7561985825,49.0051567493,51.0959485425
1999.12.21,51.5474470182,59.3360040984,50.6726453172,59.3360040984
1999.12.22,58.8384016672,59.0871899080,55.3553662949,58.7762046069
1999.12.23,60.1822141619,61.9281945532,58.4671360784,60.8775160876
1999.12.27,61.0673574262,61.1306177686,56.1963110596,59.8021505777
1999.12.28,59.9271930812,61.4274562643,57.5517763748,58.6769737620
1999.12.29,60.4051386689,65.3428910631,60.1582510492,65.3428910631
1999.12.30,67.7271194016,67.9920231419,63.2237558155,63.2237558155
1999.12.31,65.5558246586,66.7218368223,62.9646865171,62.9646865171
2000.01.03,72.9132417352,72.9132417352,61.6726260855,69.9415847244
2000.01.04,63.8516020005,67.1733645785,54.8551616851,55.5471955555
2000.01.05,54.1310216630,58.1436388304,47.9940777600,51.2985860155
2000.01.06,52.8645440007,54.8777173018,40.1144464269,40.7295827134
2000.01.07,45.0677386189,55.8420718194,44.4003020489,55.8420718194
2000.01.10,57.7034880447,63.1713580234,55.7257478396,60.4955918636
2000.01.11,59.0241319870,61.2314042506,49.7045379855,51.6665577753
2000.01.12,53.4279694784,53.8545489759,48.1438879606,48.2539729922
2000.01.13,52.3539278785,57.4000930942,49.9622558232,56.9795793263
2000.01.14,60.2579043295,61.4287179248,58.3846025770,60.9603924867
2000.01.18,58.3896261209,63.0412185320,57.1655228548,61.9395255925
2000.01.19,61.1818109124,66.1458400536,59.0786708401,66.1458400536
2000.01.20,65.1124089015,67.9546143715,62.0279700108,64.2080707974
2000.01.21,67.1208819945,67.2475251445,64.2080895446,66.6143093945
2000.01.24,69.0798549452,69.4691592564,55.6488562079,57.0114212972
2000.01.25,57.4780906397,61.6635300817,52.8697322296,59.5781020670
2000.01.26,60.0585139776,60.1786310809,51.8905509538,52.3710193669
2000.01.27,56.7719572499,58.0922351462,49.5104288201,54.6815172474
2000.01.28,53.6626692517,54.5117614587,44.1528365331,46.4170824185
2000.01.31,46.2146505592,52.8938512988,42.3690501334,52.3878512427
2000.02.01,52.1140207047,57.3162977389,50.1973923236,56.6044071974
2000.02.02,56.8925690803,61.4447402505,56.6044569809,58.0450174778
2000.02.03,60.7401849597,65.0759822671,56.9317143519,64.8416148451
2000.02.04,65.8496317217,68.3536366319,64.2747858663,66.1646008928
2000.02.07,66.3560771846,69.1652520800,64.3130408970,68.9098725441
2000.02.08,70.7463219985,78.0920451160,70.7463219985,77.5673506076
2000.02.09,76.2918944983,76.5930466819,68.7808047415,69.3476794401
2000.02.10,71.0550943042,76.1773658597,68.4118708412,76.1773658597
2000.02.11,75.7582749002,75.7582749002,66.6784552858,70.8691412617
2000.02.14,71.1185900918,71.1352208343,66.3455670087,70.6030370759
2000.02.15,68.8778064969,72.4610438800,62.3748942089,72.1292626408
2000.02.16,70.9176552454,74.7540776070,69.6388477915,71.1195722118
2000.02.17,73.6532054869,78.0537289873,70.3194755624,75.6534434416
2000.02.18,76.7647592402,77.5981513697,67.4585471267,67.4585471267
2000.02.22,68.6149716536,70.5423586413,62.9613031562,68.1010017902
2000.02.23,70.0244412751,81.0315898719,68.9415059506,79.4799213473
2000.02.24,80.9092615417,85.3228244698,74.3335888392,84.6259461127
2000.02.25,83.8811638279,87.0099420369,78.3685546025,78.8155229181
2000.02.28,76.9693666233,82.5077540845,70.7209294875,78.6734858421
2000.02.29,82.6449429274,85.6944855776,80.8010334179,84.9143700159
2000.03.01,86.1074484771,89.2395347001,84.3176849211,87.0023302551
2000.03.02,88.0634059362,88.3665500269,80.0300875315,80.9584663094
2000.03.03,87.5821837590,94.8014868950,85.2720067555,94.6571008323
2000.03.06,96.4148839036,100.1702717732,92.5795941644,96.8942951210
2000.03.07,101.7634604250,101.9257624846,88.6169935913,92.5122430235
2000.03.08,94.4003184979,96.9176590794,82.5216176290,95.0296536433
2000.03.09,94.9495727269,105.9206928623,89.5040532436,104.6393941603
2000.03.10,104.2980910033,108.5632825066,100.5660484379,103.2744450425
2000.03.13,91.0980473852,102.2598075404,89.8296655494,95.1568692598
2000.03.14,98.3571895045,99.9573609458,78.5150636314,84.5957151086
2000.03.15,82.5276036099,83.7093831115,71.5961432207,73.9597022238
2000.03.16,79.3516964483,87.7092339664,69.9157669923,86.6308420286
2000.03.17,84.8383626154,92.1571718093,84.6889991625,91.5597179975
2000.03.20,92.0245810060,93.2639684700,80.2504000983,83.8136390572
2000.03.21,80.1653305543,93.7370105343,74.1821167996,93.2992144060
2000.03.22,97.6823636314,103.8657839516,91.7337567411,98.9347019241
2000.03.23,100.1957751357,108.6979755462,97.7956324361,104.1417724554
2000.03.24,108.1397444103,116.2617945285,101.4906049353,108.3501602165
2000.03.27,109.5597094727,113.7070827342,107.1404084035,108.8684805958
2000.03.28,106.7449456605,109.0419325795,96.0401198300,100.5474149165
2000.03.29,102.1902182632,102.3545113553,88.0610123389,88.0610123389
2000.03.30,81.4565213080,94.6656775124,72.4502784414,81.4565213080
2000.03.31,83.4858028908,89.1464612401,74.0513723086,86.5831442517
2000.04.03,82.4689073504,85.6935357453,65.8268596574,71.0159168446
2000.04.04,72.4389344177,73.0857099548,40.7469330991,68.9463465173
2000.04.05,59.9422603497,73.0044399642,57.4059147935,65.2685860178
2000.04.06,69.6686640260,72.6020828694,64.5351810501,69.9131155963
2000.04.07,73.2383082357,79.8885819754,70.1689511251,78.3539034201
2000.04.10,80.5584659212,80.6962512132,62.0952367981,64.0242308856
2000.04.11,58.2692076057,66.6618954154,54.3126547810,59.4681630070
2000.04.12,59.2399994928,61.2932478021,45.7798161318,48.9737579463
2000.04.13,50.2713494691,55.3616943401,42.5859268207,42.5859268207
2000.04.14,39.7730946125,43.3118404236,28.0680123142,31.5160210532
2000.04.17,28.7405548026,42.8382078828,28.7221745509,42.3970818412
2000.04.18,42.1975163604,47.1867128000,39.2039984966,45.7675635905
2000.04.19,46.5137818722,48.1927550904,41.3835859277,41.5701385075
2000.04.20,43.2307063970,44.0609445315,37.2005557363,38.8610320052
2000.04.24,33.7667538837,36.1886083548,29.0065571647,35.5205105697
2000.04.25,37.7208527636,42.7503035799,37.0921714115,42.7110109954
2000.04.26,42.9323936792,45.4773519209,37.9752576257,38.3293387724
2000.04.27,33.8876928004,45.0533697158,31.5846434182,43.4288973838
2000.04.28,46.7307196537,48.4262318608,44.6782575083,48.4262318608
2000.05.01,49.9594526918,51.6843968794,47.6595271083,49.7677922265
2000.05.02,48.5968281730,49.7678353874,40.5949455410,41.1804491482
2000.05.03,40.3236995381,41.3517827602,34.8620074208,39.8096579271
2000.05.04,39.6421795227,41.9872089262,37.7996564200,40.0609347734
2000.05.05,38.4629920085,44.0978755008,38.3368379005,42.9204371592
2000.05.08,41.6001802866,41.9522273987,37.7276620527,37.9036856088
2000.05.09,38.7124941744,39.5212502859,33.2938282272,35.4774697283
2000.05.10,33.4663713575,34.2205252689,27.4331400660,27.7425365425
2000.05.11,30.8733360985,33.4823514817,28.9165745611,32.8300976359
2000.05.12,33.7029805863,36.2488891918,32.1026951772,32.8300976359
2000.05.15,33.0483478675,37.4855041914,30.5024385013,37.1218028533
2000.05.16,39.2498353147,41.1413926651,36.8065737372,40.2744288795
2000.05.17,38.1955880337,39.8586755098,36.1998830624,37.7798161647
2000.05.18,37.8594393267,38.3174166175,33.2398423070,33.7177316539
2000.05.19,31.3584667911,32.8330030612,28.4831210643,28.9254819454
2000.05.22,28.8590949083,29.5230310400,22.4355128342,28.8590949083
2000.05.23,28.5938951914,29.9197336708,21.0366158589,21.6332431746
2000.05.24,21.7959396844,26.0249973766,19.4103173965,25.6996852464
2000.05.25,26.4270363980,28.3666353236,22.7902884124,24.0025377410
2000.05.26,24.0025377410,25.3917521440,22.1502518703,24.0025377410
2000.05.30,26.0862996110,31.5852688562,26.0862996110,31.2379655354
2000.05.31,30.0400308667,32.4530443024,28.1575381155,28.5682638067
2000.06.01,30.6948258687,33.9812521546,29.4704709779,32.9502164570
2000.06.02,38.8896749714,40.3745550426,27.4348858503,40.0210121685
2000.06.05,38.2577160260,42.1850109296,37.7768227724,40.3215495723
2000.06.06,39.4556894212,41.7916148863,36.4753707244,36.9586656482
2000.06.07,37.3383717371,40.3001276540,34.9082130360,39.9204153570
2000.06.08,41.1188240292,41.4384003957,37.2839076305,39.3611540131
2000.06.09,41.2606030971,41.2606030971,39.0445598838,39.9942926895
2000.06.12,40.7141976732,40.7141976732,35.1949849293,36.1548480152
2000.06.13,35.8560465294,40.7862530273,34.4927697327,40.3380524366
2000.06.14,41.1405351754,41.1405351754,36.8071369128,37.6096180725
2000.06.15,37.3034264083,39.7528993347,36.0786899452,39.5998072768
2000.06.16,40.8670075756,41.5798041450,38.7286178675,40.2334106250
2000.06.19,39.9333073645,45.3560155005,38.2324579491,45.0358556106
2000.06.20,45.3804435525,47.3622498883,43.9156301739,44.5187886240
2000.06.21,43.4072854250,47.3831964091,43.2362785010,46.2288996718
2000.06.22,45.8782843439,46.4042770575,40.0923644938,41.1443499211
2000.06.23,40.8203667553,41.4683092110,36.1227839509,36.2847695648
2000.06.26,38.1435956726,39.7607955934,36.8795773438,39.2589059628
2000.06.27,38.9652503224,40.5901618649,37.2228752949,37.8493472149
2000.06.28,37.9830650254,41.0586427892,37.3908730336,39.2247579114
2000.06.29,37.8946973208,38.4423835965,34.9997841491,36.2711987177
2000.06.30,36.4752620756,39.0170284734,35.8815648148,38.4047781732
2000.07.03,38.4818689073,40.6397298078,38.1736030644,40.6397298078
2000.07.05,38.5596764923,38.9996733205,35.0397018670,35.9196955233
2000.07.06,35.9197213467,39.6710624607,34.1543843518,38.7883939633
2000.07.07,40.0263422402,42.5021976121,39.3300079168,41.1868994458
2000.07.10,39.5769251716,41.1063401928,38.6914743698,39.3153147074
2000.07.11,38.7887128894,40.8952392962,37.2283229584,39.9590053376
2000.07.12,40.5110760072,43.4291350820,39.4858120079,42.7982033902
2000.07.13,43.7058818351,46.0988405906,42.6331761861,44.4485242075
2000.07.14,46.8175936820,48.0021354459,44.8715607841,47.3252544380
2000.07.17,47.7661443704,49.3534507224,46.2670217047,48.9125322913
2000.07.18,46.9296110050,47.5154798663,44.0228001160,45.6677396113
2000.07.19,44.0326697419,44.8932428440,40.3752340579,42.5696954683
2000.07.20,43.3904588415,46.8376195635,42.5902251025,46.6734690530
2000.07.21,43.9706553579,45.4746099530,41.9653825644,41.9653825644
2000.07.24,43.1821954741,44.5612129152,38.3961937666,39.3696178427
2000.07.25,40.1466140878,41.8560838231,37.8932221640,40.3020204274
2000.07.26,39.9863657537,40.7755699854,37.1452305194,40.1442066000
2000.07.27,38.0189346857,39.4357891514,35.0277974804,35.4213681653
2000.07.28,35.7828382433,36.5780120197,28.6262742549,29.6383136068
2000.07.31,30.4059065017,32.9646093181,28.4548956041,32.2609660436
2000.08.01,32.6667538328,32.8527447071,30.3672302968,30.9759277034
2000.08.02,30.5810602567,33.2300288595,29.1331767969,29.3306154505
2000.08.03,26.8564491282,33.9617756588,25.9048428964,33.1370502579
2000.08.04,34.8545933198,35.6961874091,31.6943216374,32.7935465704
2000.08.07,33.6122754283,35.9660431144,32.9300239251,35.1132287354
2000.08.08,34.8990677180,37.3969586763,34.2567529001,37.2542220501
2000.08.09,36.7347543402,37.6252936206,33.9889248924,34.2857713192
2000.08.10,34.4962440773,34.9698366984,31.9002548952,32.2510642442
2000.08.11,31.6450789288,33.6481457500,30.1638194308,33.5976482671
2000.08.14,33.9435692634,35.7422084637,32.6464736863,35.7422084637
2000.08.15,35.4539648470,36.8771677042,34.5892339971,35.7422084637
2000.08.16,36.2466324876,37.6878505399,34.5892317273,36.8231197085
2000.08.17,35.6470929765,39.1015560716,35.5735937617,38.9545576420
2000.08.18,39.1834857494,40.0225858220,37.6578492538,38.3443856768
2000.08.21,39.2501064666,40.2879707700,37.2875994201,38.6462581446
2000.08.22,39.2532674348,40.9035739426,38.3617225398,38.6462581446
2000.08.23,37.6598786135,40.9984300167,36.6165813001,40.5431730071
2000.08.24,41.0130610507,42.5794421548,39.2900418362,42.4228040444
2000.08.25,42.3219875247,44.2185056887,40.4052936355,41.7368914953
2000.08.28,42.0162602196,44.0518811496,41.6171188608,42.3355733067
2000.08.29,42.4967673723,43.2019126495,41.5095639843,42.9802955624
2000.08.30,42.0848535460,43.6314927378,41.3725854971,42.8174721105
2000.08.31,43.7918500131,46.8773068393,42.8174952259,46.3901294457
2000.09.01,48.2731121376,48.9792348991,45.7909836425,47.7595683110
2000.09.05,46.3633924759,46.5379097318,43.2875258395,43.3965991245
2000.09.06,43.0694657300,43.3761313408,38.1628159575,38.8170359272
2000.09.07,39.8026780209,42.9679358048,39.4994197901,41.3947837326
2000.09.08,40.9399300476,41.2365486288,37.1432122080,37.5980273659
2000.09.11,36.8569488603,38.7837862237,33.8925836859,34.8560023676
2000.09.12,35.6306393252,36.9685472377,32.6379505735,33.2364883238
2000.09.13,32.0088057219,35.9644451799,31.7360030006,35.5552410981
2000.09.14,37.5516842029,38.3359911782,34.5748827284,34.9848613745
2000.09.15,35.1259543918,35.6902264838,32.3751279431,33.0804680581
2000.09.18,33.6239116536,34.9145257500,29.4803611336,31.5181728647
2000.09.19,32.4386543492,35.6277297650,31.5180964972,35.0030655083
2000.09.20,35.2143956972,37.3096504963,32.8902475168,36.6229703520
2000.09.21,35.6069763477,36.4596575312,27.7695663199,28.6403896563
2000.09.22,28.5180244784,34.0257936233,28.3956296085,33.7198064486
2000.09.25,34.4680915190,35.1483832708,30.5223993587,31.0326181726
2000.09.26,31.3381369336,33.1229147669,29.4408055432,29.9714151693
2000.09.27,31.1652509997,31.7307494356,28.5262582989,30.0970872875
2000.09.28,29.2464468289,33.5625317646,29.2464468289,32.1133353628
2000.09.29,32.5736293645,33.0503971469,29.0882924727,29.1540535461
2000.10.02,30.6323493105,30.6323493105,26.4440175685,27.1831349348
2000.10.03,28.4169249612,29.1219628164,23.9076203457,24.5979699122
2000.10.04,24.1587151574,27.1099222722,22.9507792221,26.0255252393
2000.10.05,25.6836273658,27.4503245895,25.0567348025,26.2535296960
2000.10.06,25.9668971437,26.8840507628,22.0116721613,23.6166909947
2000.10.09,23.2432581647,24.3102776977,20.5223583556,23.2966091414
2000.10.10,22.6093510249,23.8781529068,19.2787460849,19.6488133005
2000.10.11,18.5667731568,21.2600551781,17.9551982000,18.7079058391
2000.10.12,20.3010549205,20.5286450884,16.7734073168,17.2968647032
2000.10.13,16.9946412319,21.7865317263,16.9514710473,21.5275106185
2000.10.16,21.4281731192,22.3720719581,20.3352376217,22.1236775268
2000.10.17,23.0343019303,23.0722427143,18.8861095448,19.0884603929
2000.10.18,17.9906741223,21.2381490722,16.3898061893,18.9054557983
2000.10.19,22.0979984561,24.0748902348,21.4049501888,24.0408058938
2000.10.20,23.5639318203,26.4255141833,23.4711953548,25.1007075337
2000.10.23,24.9916085061,26.1366799310,23.1922105525,24.9916085061
2000.10.24,25.2091016906,25.6984226366,21.6751170805,21.7838550685
2000.10.25,20.7936603506,21.3877653090,17.3404252802,18.1201880381
2000.10.26,18.3383362267,19.6035501809,15.1534873073,19.5162940462
2000.10.27,20.2378687346,20.9708753505,17.7639714062,19.4017830635
2000.10.30,18.2837724925,19.5158733260,16.4698462654,17.2456134568
2000.10.31,18.0774960258,21.1524293387,17.9932512775,20.5732466942
2000.11.01,19.5227575599,21.4112945544,18.6729159124,20.0421052334
2000.11.02,20.9236077760,21.7123020043,20.0885197697,20.7844264416
2000.11.03,21.4497705760,22.2577016460,20.5111447741,21.5923466472
2000.11.06,22.0310374921,22.4209671232,20.7637661914,21.1049546185
2000.11.07,20.3368813292,21.1289166664,19.4248406379,20.8649048873
2000.11.08,20.8649011488,20.9601746814,15.9106774532,15.9702234110
2000.11.09,15.3670444369,16.7514609871,14.2595111967,15.9603658156
2000.11.10,15.0509601800,15.9603447858,13.4694217352,13.4694217352
2000.11.13,13.0206469435,14.8421872464,11.5070965468,13.5310302168
2000.11.14,14.1753762917,15.8700654722,14.0341521933,15.7818004107
2000.11.15,15.6062234282,17.1668462321,15.1282826944,16.7376749610
2000.11.16,15.4397593882,16.4943139836,13.8173677029,13.8173677029
2000.11.17,13.9951302740,15.1327525641,12.7508558941,13.7907137687
2000.11.20,12.7166732777,13.3557621012,11.7580400425,12.1042131552
2000.11.21,12.2747733865,12.7620823762,11.3651299390,12.0473625246
2000.11.22,11.3672698290,12.2416751822,10.3633229421,10.4280937090
2000.11.24,11.2498090387,12.3063134925,11.1544301644,12.2182714547
2000.11.27,13.3241078364,13.5192533183,11.3401287705,11.7629439813
2000.11.28,11.4458837778,11.9531805574,9.6069329519,9.6782715616
2000.11.29,9.8376879239,10.2535601610,8.3682726860,8.5623463967
2000.11.30,8.0776843336,9.0980234885,7.5675147561,8.5814767913
2000.12.01,9.0221499496,10.1270335865,8.2302102330,8.9966035072
2000.12.04,9.0493203081,9.5698757805,8.0477452221,9.4183216556
2000.12.05,9.8801892082,12.0264803804,9.6356750240,11.8906391670
2000.12.06,11.8433258500,12.7027950523,10.4082488333,10.5344094501
2000.12.07,10.0696385542,10.9918829797,9.3725089097,9.8372620060
2000.12.08,11.8759228890,12.9437841687,10.3365384468,10.5029583865
2000.12.11,12.3853776708,13.6451533068,11.8713312906,13.4569109704
2000.12.12,12.9819845234,13.1855345564,11.7946093311,11.9811968613
2000.12.13,12.8746764930,12.9060271910,10.3039192524,10.5155364643
2000.12.14,10.4151377148,10.9529862435,8.9163331482,8.9737036580
2000.12.15,8.5104335773,9.0766519622,7.8155291959,8.3560103814
2000.12.18,8.8588359586,9.1777051551,7.8409073697,8.4050605635
2000.12.19,8.1896085927,9.1376406973,6.3366367518,6.4843820149
2000.12.20,5.8880345222,6.2376153023,5.0449279348,5.3688042458
2000.12.21,5.1611003893,6.2402800037,4.9398459913,5.4636319130
2000.12.22,5.9204471757,6.8340974470,5.8839011649,6.7610054253
2000.12.26,6.7924354910,7.2376979817,5.9228640385,6.8867263714
2000.12.27,6.4837074665,7.3321749099,6.2291672335,7.1200580490
2000.12.28,6.8489940817,7.4399228759,6.6646676688,7.0766914152
2000.12.29,7.1198871833,7.3520573890,5.8888451622,6.0184285328
2001.01.02,6.0764277283,6.1150900224,4.1819753165,4.4912736695
2001.01.03,4.1760879239,7.4696864508,4.1682085016,6.7605384426
2001.01.04,6.4966127320,7.1462740583,6.0448950910,6.3951031497
2001.01.05,6.3951030135,6.3951030135,4.7327673442,4.9283362465
2001.01.08,4.8467452477,5.1568062211,4.1164700602,5.0915302267
2001.01.09,5.2249327654,5.5917897468,4.9247770534,5.0915302267
2001.01.10,4.7913733478,5.9252948383,4.6913214516,5.8752688902
2001.01.11,5.6053017590,6.9002404855,5.5824229829,6.3877559011
2001.01.12,6.6391452192,7.2192644529,6.2523990634,6.6343108922
2001.01.16,6.5797770803,6.6937913595,5.9452628309,6.3963628051
2001.01.17,7.1751504057,7.5185901337,6.7543158095,6.9816632350
2001.01.18,7.0636301889,7.9243828007,6.5922656634,7.8629004712
2001.01.19,8.4221737233,8.4830835425,7.5085264360,7.7743147378
2001.01.22,7.6204430476,8.0161198079,7.2247662872,7.7962993855
2001.01.23,7.6311144205,8.5120518578,7.4218917791,8.2863116395
2001.01.24,8.3952204696,8.7849847889,7.9137468987,8.0513107761
2001.01.25,7.9613591184,8.2481028133,7.0673934813,7.1067504591
2001.01.26,6.7968581670,7.5819059991,6.6109257857,7.4527862899
2001.01.29,7.1809680541,8.0337302407,7.0104156168,7.9484540221
2001.01.30,8.0018420592,8.2118223231,7.5925554105,7.8594811316
2001.01.31,8.0361017063,8.2974949641,6.9940590860,6.9940590860
2001.02.01,7.0756379567,7.4215330615,6.7656354191,7.2714275917
2001.02.02,7.2011135271,7.3216531285,5.5470443174,6.0660331324
2001.02.05,5.9595899262,6.1695119500,5.6432299485,6.0512460529
2001.02.06,6.0482882530,6.5294351277,5.9508774449,6.0807573963
2001.02.07,5.7579688838,5.9623068086,5.1864180399,5.7846216075
2001.02.08,5.8705357936,6.0423558351,5.2061633639,5.2663002693
2001.02.09,5.1211791625,5.2152357979,4.5165267277,4.6240209040
2001.02.12,4.5871299654,5.0027996774,4.4321757788,4.7912760615
2001.02.13,4.9348110584,5.3200937532,4.2624539471,4.3304451804
2001.02.14,4.3657149924,4.9182872281,4.0647386714,4.8477462252
2001.02.15,5.1894954381,5.6173128905,5.0629224102,5.0882375952
2001.02.16,4.4504637863,4.6883214070,4.0766873827,4.2335172077
2001.02.20,4.3740481645,4.3970852766,3.5815588553,3.7405179164
2001.02.21,3.4355709374,3.9692247582,3.3021572802,3.4249827314
2001.02.22,3.4150052929,3.5566597095,2.9042504078,3.3252240567
2001.02.23,3.1472301085,3.4425880168,2.7834112342,3.3604357529
2001.02.26,3.5377155555,3.6401431793,3.1772464225,3.5515039184
2001.02.27,3.4268787630,3.5372037203,2.8875133438,2.9079435451
2001.02.28,2.9880594084,3.1233674864,2.5269426759,2.6319847324
2001.03.01,2.5521077615,2.9231924578,2.3490925708,2.8566299129
2001.03.02,2.5756504837,3.0023889214,2.3034512370,2.4878442319
2001.03.05,2.6157003810,2.7531445713,2.5501747333,2.6236911947
2001.03.06,2.9133718018,3.1384961599,2.8802651671,2.9299254349
2001.03.07,3.1078590063,3.1131967115,2.8534179851,2.9334862778
2001.03.08,2.9210165712,3.0029314770,2.6984231214,2.7696532970
2001.03.09,2.5555082831,2.5760663601,2.1614750971,2.1871725299
2001.03.12,2.0271322642,2.1653460902,1.7070582870,1.7798023475
2001.03.13,1.8403924054,2.0877979751,1.7583450502,2.0511919876
2001.03.14,1.8089236259,2.1536342356,1.7549328457,1.9542835406
2001.03.15,2.1485987604,2.1633397323,1.7264730674,1.7398741833
2001.03.16,1.7064364822,1.8203639045,1.5429751106,1.6222290517
2001.03.19,1.6505796620,1.8655643998,1.5690746078,1.8655643998
2001.03.20,1.8888527441,1.9367212679,1.4696831131,1.4890888312
2001.03.21,1.5079102487,1.6496226619,1.4182326246,1.4890888312
2001.03.22,1.5167686714,1.7603372856,1.3938776316,1.7603372856
2001.03.23,1.8528783828,1.8874273792,1.5999328111,1.7603372856
2001.03.26,1.8430068831,1.8467083759,1.6061014600,1.6381826332
2001.03.27,1.6370085884,1.8626948975,1.5923414270,1.8074486834
2001.03.28,1.6381938920,1.6758054269,1.3598676728,1.3623751723
2001.03.29,1.3294294100,1.4560581329,1.2285382420,1.2851607842
2001.03.30,1.3198080009,1.3871181623,1.1911269431,1.3049604044
2001.04.02,1.3069601469,1.3749581139,1.1199659282,1.1299658536
2001.04.03,1.1118370858,1.1616884360,0.8779884438,0.8816140846
2001.04.04,0.8854285026,0.9693676694,0.8007263822,0.8350651190
2001.04.05,0.9785368375,1.1227419776,0.9572002853,1.0749189904
2001.04.06,1.0394814642,1.0567674840,0.9184773475,0.9573715514
2001.04.09,1.0244794284,1.0724144376,0.9493808612,1.0452511845
2001.04.10,1.1171908503,1.3338580397,1.1070343337,1.2779984896
2001.04.11,1.5053426793,1.5380954333,1.3406157552,1.3935980541
2001.04.12,1.3222198150,1.5771463659,1.2916287067,1.5771463659
2001.04.16,1.4820735847,1.5362420957,1.2742443947,1.2952482875
2001.04.17,1.2662859429,1.5317715930,1.2614590047,1.3917881765
2001.04.18,1.6418055880,2.0750313148,1.5891706253,1.8270398046
2001.04.19,1.8932216811,2.2121014505,1.8306494870,2.1579519950
2001.04.20,2.1418688160,2.3107518140,1.4542726935,2.1713565265
2001.04.23,1.9815865917,2.0798359145,1.6989510681,1.7339442870
2001.04.24,1.7281844290,1.8802645845,1.5726480463,1.6360147045
2001.04.25,1.5916968939,1.7778258549,1.5030637333,1.7246457895
2001.04.26,1.8164263398,1.8565786965,1.5835413577,1.5927192893
2001.04.27,1.7231787953,1.7579685186,1.6242454418,1.7231787953
2001.04.30,1.8491263557,2.0002622950,1.7403541656,1.8376768354
2001.05.01,1.8436459937,2.0682287879,1.7480789926,2.0646447120
2001.05.02,2.1613245197,2.2386684301,1.9937467850,2.1845276437
2001.05.03,2.0400224273,2.0400224273,1.8125602842,1.8928408004
2001.05.04,1.7108374972,2.0627119793,1.6877838306,2.0627119793
2001.05.07,2.0370354311,2.1140659776,1.9214891216,1.9343278726
2001.05.08,2.0695662626,2.0757133967,1.9085091931,2.0572719945
2001.05.09,1.9100214378,2.0252630566,1.8319132838,1.8459984248
2001.05.10,2.0089849173,2.0244509805,1.7472540541,1.7532024003
2001.05.11,1.7612467944,1.8278966082,1.6750613956,1.7279216683
2001.05.14,1.6994676131,1.7062959959,1.4775501637,1.6448418529
2001.05.15,1.6536523666,1.8077873099,1.6184214984,1.6811765086
2001.05.16,1.5873416242,1.9459178999,1.5594151150,1.9045867856
2001.05.17,1.9409412969,2.1033260108,1.9179163054,1.9954735632
2001.05.18,1.9629805527,2.0554641071,1.8942430270,2.0129717405
2001.05.21,2.0293138679,2.4039181426,1.9639471747,2.3913472558
2001.05.22,2.4278825670,2.5178214640,2.2690839004,2.3702654276
2001.05.23,2.3060024015,2.3073997129,2.0545401725,2.0559374839
2001.05.24,2.0965078310,2.2258227818,2.0077622197,2.2144126249
2001.05.25,2.2223972084,2.2303852486,1.9641233359,2.0932605260
2001.05.29,2.0304543716,2.0304543716,1.7228100313,1.7253737912
2001.05.30,1.6479311492,1.6950681890,1.4964187464,1.5356996129
2001.05.31,1.5471062558,1.6829443963,1.5222196584,1.5668078651
2001.06.01,1.6519280200,1.7244361129,1.5247759902,1.7055208885
2001.06.04,1.7366301441,1.7732958349,1.6210768676,1.6810757331
2001.06.05,1.7327956823,1.9594824705,1.7217916445,1.9033607865
2001.06.06,1.9308081116,2.0274675305,1.8102815514,1.8592080531
2001.06.07,1.8180938419,2.0953305607,1.8110452912,2.0025266603
2001.06.08,2.0049933174,2.0111611692,1.7866479760,1.8359912608
2001.06.11,1.7836456149,1.7952779064,1.6196278198,1.6847693622
2001.06.12,1.5552543852,1.7670852840,1.4850100201,1.6573283590
2001.06.13,1.7083542085,1.7604623330,1.5183764900,1.5216331183
2001.06.14,1.4673244321,1.5062619435,1.2603413535,1.2859580653
2001.06.15,1.2448693071,1.3608338847,1.1973877231,1.3179177639
2001.06.18,1.3216278217,1.3708175679,1.2065423112,1.2650130212
2001.06.19,1.3814921466,1.4031627592,1.1954872321,1.2460517651
2001.06.20,1.1995702653,1.3488463591,1.1977824888,1.3309689357
2001.06.21,1.3216319676,1.4672699964,1.2870897448,1.3851151835
2001.06.22,1.4110010192,1.4665975785,1.3122696269,1.3755344629
2001.06.25,1.4098818452,1.4280101396,1.3182856775,1.3860286538
2001.06.26,1.3073916902,1.4368521933,1.3016377519,1.4004113155
2001.06.27,1.4168264051,1.4622087352,1.3511670046,1.4274478328
2001.06.28,1.4871009825,1.6787746123,1.4822110484,1.4822110484
2001.06.29,1.5564067179,1.6997818912,1.5173044675,1.6175668050
2001.07.02,1.6122573242,1.7003914913,1.5634114577,1.5910200438
2001.07.03,1.5700161899,1.6162238857,1.5227580916,1.6109730750
2001.07.05,1.5294360778,1.5622628005,1.3790693690,1.3790693690
2001.07.06,1.3371725111,1.3466944947,1.1924419928,1.2076768033
2001.07.09,1.2285538076,1.2981437621,1.1946287255,1.2389922178
2001.07.10,1.3053505454,1.3159681929,1.0965418742,1.1053895762
2001.07.11,1.0988401122,1.1545190388,1.0538057690,1.1463310899
2001.07.12,1.2830530906,1.3837066431,1.2553732277,1.3644144429
2001.07.13,1.3437599256,1.4423356527,1.2986967464,1.3221671746
2001.07.16,1.3423893291,1.3874320163,1.2072619690,1.2486272798
2001.07.17,1.2017501762,1.3415023116,1.1769841117,1.3326570475
2001.07.18,1.2375530225,1.2911053092,1.1332179394,1.1803073774
2001.07.19,1.2491688271,1.3248331054,1.1888074731,1.2644717513
2001.07.20,1.1621650587,1.2199913306,1.1505996686,1.1763992545
2001.07.23,1.2263932790,1.2399508102,1.0831915124,1.0882757078
2001.07.24,1.0697850567,1.1115903169,0.9837627946,1.0512943216
2001.07.25,1.0505078185,1.0960684002,0.9923791518,1.0787867589
2001.07.26,1.0747910585,1.1898615273,1.0372332026,1.1267324562
2001.07.27,1.1711457424,1.2221364960,1.1431830104,1.1966412761
2001.07.30,1.2120444256,1.2265922293,1.1495738114,1.1752466174
2001.07.31,1.1870835165,1.2665605068,1.1583364650,1.1803193526
2001.08.01,1.2540895993,1.3278594723,1.2354350222,1.2939421183
2001.08.02,1.3560858073,1.3749994881,1.2687221244,1.3668935758
2001.08.03,1.3314088844,1.3314088844,1.2408223987,1.2987230941
2001.08.06,1.2400692632,1.2689430889,1.2238276932,1.2373624496
2001.08.07,1.2024273241,1.2653145969,1.1884524116,1.2181491423
2001.08.08,1.1809814021,1.2501291892,1.0470081414,1.0642950882
2001.08.09,1.0571997422,1.0942530745,1.0232999490,1.0776971447
2001.08.10,1.0578257226,1.0840594815,0.9632258320,1.0466963593
2001.08.13,1.0708603019,1.1293276524,1.0404573272,1.1106179694
2001.08.14,1.1422350635,1.1592590646,1.0652213280,1.0700851515
2001.08.15,1.0716657280,1.0961776336,0.9491068031,0.9514788160
2001.08.16,0.9178979122,0.9872513015,0.8740959182,0.9850612853
2001.08.17,0.9013969462,0.9282894752,0.8468650001,0.8506000103
2001.08.20,0.8566820879,0.9107458547,0.8343810032,0.8857412723
2001.08.21,0.8864353790,0.9114249860,0.7725940714,0.7753704884
2001.08.22,0.8235543812,0.8482799812,0.7658612338,0.8387700234
2001.08.23,0.8374347766,0.8901778748,0.8127324128,0.8140677101
2001.08.24,0.8494032694,0.9495255914,0.8422048869,0.9436360283
2001.08.27,0.9421960080,0.9868568538,0.9097812413,0.9472383172
2001.08.28,0.9450728917,0.9537387847,0.8504692852,0.8584131353
2001.08.29,0.8753020429,0.8807066563,0.7915325964,0.8205817493
2001.08.30,0.7707695413,0.8041959280,0.7019508483,0.7294782255
2001.08.31,0.7210072578,0.7815113872,0.7155618769,0.7573098739
2001.09.04,0.7498683373,0.8112719831,0.6779207625,0.6853637864
2001.09.05,0.6865222393,0.7108682836,0.6088464171,0.6772475242
2001.09.06,0.6433176401,0.6881734657,0.5881102169,0.5950112819
2001.09.07,0.5802684614,0.6581991571,0.5660513465,0.5844810292
2001.09.10,0.5735540555,0.6167396286,0.5657493358,0.6052927593
2001.09.17,0.4535259526,0.5360658409,0.4450057100,0.4508634148
2001.09.18,0.4651693403,0.5072209837,0.4148807480,0.4205165029
2001.09.19,0.4263071773,0.4411976227,0.3278649895,0.3985944476
2001.09.20,0.3718624839,0.4033830192,0.3519128011,0.3586956963
2001.09.21,0.3007493808,0.3586953521,0.2929489930,0.3297224019
2001.09.24,0.3609521938,0.3932343574,0.3437584422,0.3795495497
2001.09.25,0.3833946981,0.4110822428,0.3541690705,0.3830102140
2001.09.26,0.3926821620,0.3946165274,0.3331027628,0.3431616253
2001.09.27,0.3334659169,0.3474701107,0.2982760250,0.3363385597
2001.09.28,0.3490932544,0.3873564971,0.3303158967,0.3540532831
2001.10.01,0.3492886127,0.3540532742,0.3126371339,0.3448904045
2001.10.02,0.3420097082,0.3693800760,0.3330063004,0.3481320282
2001.10.03,0.3336364651,0.4492375631,0.3303749872,0.4271320056
2001.10.04,0.4539998035,0.5180696435,0.4246517428,0.4395324152
2001.10.05,0.4268935475,0.4648084521,0.3957190668,0.4589106012
2001.10.08,0.4316021433,0.4844866791,0.4242329792,0.4632462495
2001.10.09,0.4632463956,0.4702256174,0.4200624294,0.4296588386
2001.10.10,0.4205372906,0.4897746679,0.4155621152,0.4881162497
2001.10.11,0.5192055174,0.6120227664,0.5169527074,0.5872415130
2001.10.12,0.5684567471,0.5923185918,0.5080401298,0.5796260512
2001.10.15,0.5579842601,0.5796258833,0.5348328187,0.5720766004
2001.10.16,0.5850480058,0.6069997127,0.5556126631,0.6000150873
2001.10.17,0.6468698636,0.6535634511,0.4630551781,0.4707785634
2001.10.18,0.4816599814,0.5182196928,0.4686029773,0.5090798064
2001.10.19,0.4875429035,0.5283242272,0.4481361762,0.5191598436
2001.10.22,0.5140531307,0.5632611865,0.5038402716,0.5609400902
2001.10.23,0.5790138281,0.6073458685,0.5389583260,0.5697327388
2001.10.24,0.5682521889,0.6215567637,0.5544325680,0.6067500001
2001.10.25,0.5717653299,0.6808362380,0.5475844404,0.6798072431
2001.10.26,0.6631809419,0.6942156876,0.6360255130,0.6360255130
2001.10.29,0.6354967732,0.6434449699,0.5316414416,0.5316414416
2001.10.30,0.5161790375,0.5339837611,0.4754157560,0.5007171771
2001.10.31,0.5304177257,0.5718190497,0.5142171479,0.5241175391
2001.11.01,0.5491642093,0.6011122830,0.5185520336,0.5909081655
2001.11.02,0.5873970203,0.6164908740,0.5683354111,0.6039503769
2001.11.05,0.6375407035,0.6833460042,0.6324513119,0.6629880497
2001.11.06,0.6543299191,0.7409008015,0.6429675566,0.7403596186
2001.11.07,0.7066271745,0.7781622726,0.7002296888,0.7374511816
2001.11.08,0.7612350037,0.8105403712,0.6858270418,0.7148301211
2001.11.09,0.7057407291,0.7335765911,0.6790410467,0.7136937706
2001.11.12,0.6722678359,0.7488767969,0.6325445828,0.7290152786
2001.11.13,0.7882952436,0.8153456126,0.7652738445,0.8072881119
2001.11.14,0.8442072408,0.8614361137,0.7691394350,0.8245173014
2001.11.15,0.7945656552,0.8538460975,0.7814616251,0.8145337691
2001.11.16,0.8145340316,0.8269130130,0.7798729311,0.8077255801
2001.11.19,0.8335751473,0.8766593454,0.8151105580,0.8766593454
2001.11.20,0.8500289380,0.8597718563,0.7461027410,0.7551962306
2001.11.21,0.7463972290,0.7745557417,0.7176519548,0.7434638688
2001.11.23,0.7632017779,0.8020973224,0.7521718105,0.7933893019
2001.11.26,0.8115678959,0.8588318488,0.7770285867,0.8521663721
2001.11.27,0.8394623399,0.8978967111,0.7854742754,0.8489897594
2001.11.28,0.8192121803,0.8597609135,0.7533203680,0.7571219024
2001.11.29,0.7735329030,0.8303903529,0.7594652233,0.8274596049
2001.11.30,0.8137919896,0.8330546090,0.7908012894,0.8088211363
2001.12.03,0.7867882424,0.8057591656,0.7610853775,0.7672052184
2001.12.04,0.7890591178,0.8776509917,0.7359039034,0.8770604784
2001.12.05,0.9009029125,1.0265654969,0.8957474085,1.0072326025
2001.12.06,0.9966550560,1.0347348608,0.9726789124,1.0114637793
2001.12.07,0.9810568250,0.9895425811,0.8862983604,0.9280203770
2001.12.10,0.9006674118,0.9613790291,0.8713124308,0.8793182884
2001.12.11,0.9089159340,0.9603881969,0.8876837329,0.8941176738
2001.12.12,0.9116828989,0.9403084488,0.8531303557,0.9155864845
2001.12.13,0.8594074177,0.8785739811,0.7966205477,0.7966205477
2001.12.14,0.8032334234,0.8386966882,0.7852013053,0.8176592554
2001.12.17,0.8121556195,0.8867663490,0.8121556195,0.8598574389
2001.12.18,0.8826171870,0.9041136229,0.8193924039,0.8889395688
2001.12.19,0.8436957325,0.8928178340,0.8281833472,0.8404638109
2001.12.20,0.8149451447,0.8273934359,0.7265627284,0.7334093004
2001.12.21,0.7691433528,0.7855926436,0.7538287346,0.7725467215
2001.12.24,0.7760692805,0.7813526642,0.7531746921,0.7631542926
2001.12.26,0.7660664485,0.8202170591,0.7538389486,0.7846988928
2001.12.27,0.7941878153,0.8149471729,0.7793597997,0.8036777363
2001.12.28,0.8205502100,0.8512830915,0.8169344823,0.8229606952
2001.12.31,0.8217380889,0.8303084389,0.7360341217,0.7360341217
2002.01.02,0.7734880610,0.8064025613,0.7371687617,0.8041325510
2002.01.03,0.8161607447,0.8907398260,0.8131533349,0.8877326457
2002.01.04,0.9166107144,0.9384296950,0.8511537726,0.8986419837
2002.01.07,0.9271086124,0.9342253268,0.7977145236,0.8688811737
2002.01.08,0.8619233748,0.9043028068,0.8454777799,0.8865921290
2002.01.09,0.9218508358,0.9577502897,0.8487695253,0.8622318205
2002.01.10,0.8660070059,0.8892880673,0.8351756933,0.8792206656
2002.01.11,0.8773077397,0.8932433453,0.8212145830,0.8454365285
2002.01.14,0.8230851562,0.8348818612,0.7740352869,0.7901781589
2002.01.15,0.7943305376,0.8370429405,0.7664490314,0.8127206503
2002.01.16,0.7637635483,0.7885440607,0.7178290244,0.7184333259
2002.01.17,0.7573391258,0.7845722698,0.7312175603,0.7667874373
2002.01.18,0.7192129392,0.7551832192,0.6838227287,0.7052888385
2002.01.22,0.7277697238,0.7288663373,0.6362046919,0.6400427346
2002.01.23,0.6528765673,0.7062703211,0.6374743233,0.6929219316
2002.01.24,0.7205103377,0.7513429339,0.7113147453,0.7205103377
2002.01.25,0.6944191550,0.7321654427,0.6883131067,0.7144025087
2002.01.28,0.7320662775,0.7453128797,0.6917739854,0.7265466845
2002.01.29,0.7310120169,0.7460825367,0.6405888984,0.6668227898
2002.01.30,0.6678751479,0.7126459259,0.6073027297,0.6820965035
2002.01.31,0.6981378073,0.7077623906,0.6687294489,0.6949295448
2002.02.01,0.6889738898,0.7149592763,0.6510784572,0.6748983431
2002.02.04,0.6653442328,0.6711837148,0.5936783416,0.6101348427
2002.02.05,0.5937736578,0.6304611439,0.5739425537,0.5798919984
2002.02.06,0.6052858225,0.6076813747,0.5506664276,0.5679146961
2002.02.07,0.5646078007,0.5910662789,0.5178327077,0.5268096656
2002.02.08,0.5389353344,0.5739662651,0.5169288933,0.5708223165
2002.02.11,0.5694016921,0.6006493494,0.5618265080,0.5926007952
2002.02.12,0.5770704329,0.6095881687,0.5639662127,0.5780411365
2002.02.13,0.5966560247,0.6171810241,0.5914054180,0.6076344831
2002.02.14,0.6175016688,0.6382219994,0.5607671079,0.6041813757
2002.02.15,0.6017245083,0.6056561777,0.5432393562,0.5501199182
2002.02.19,0.5312086290,0.5353599046,0.4827771986,0.4993823007
2002.02.20,0.5088856183,0.5205492424,0.4669823951,0.5196854045
2002.02.21,0.5037182356,0.5108149302,0.4456139323,0.4456139323
2002.02.22,0.4508048279,0.4743632772,0.4300414360,0.4524020471
2002.02.25,0.4665190986,0.5169353925,0.4645024776,0.5072553963
2002.02.26,0.5168175962,0.5255109499,0.4794362914,0.5016043516
2002.02.27,0.5236067066,0.5287837685,0.4662271784,0.4808956577
2002.02.28,0.4855087503,0.5048006152,0.4536355056,0.4548936116
2002.03.01,0.4698410759,0.5344795261,0.4674170762,0.5340756032
2002.03.04,0.5322824527,0.6008724105,0.5188334649,0.5972860936
2002.03.05,0.5866752072,0.6320142295,0.5808872900,0.6103093099
2002.03.06,0.5936743083,0.6362426155,0.5701881526,0.6191173014
2002.03.07,0.6448028937,0.6551765387,0.5899714974,0.6230680056
2002.03.08,0.6503520706,0.6900378942,0.6453914136,0.6721792263
2002.03.11,0.6554936241,0.6992974342,0.6403710341,0.6648801690
2002.03.12,0.6151808389,0.6374412942,0.6022387229,0.6374412942
2002.03.13,0.6077510709,0.6203321566,0.5805758797,0.5911441376
2002.03.14,0.5901873285,0.6064485793,0.5744042693,0.5806218547
2002.03.15,0.5820394529,0.6028323198,0.5678626129,0.5981065863
2002.03.18,0.6173851404,0.6323256409,0.5894316376,0.6082278697
2002.03.19,0.6160255834,0.6296718478,0.5975059584,0.6053037442
2002.03.20,0.5805275392,0.5907294258,0.5402064499,0.5411780670
2002.03.21,0.5452301270,0.5898029307,0.5339743442,0.5844002030
2002.03.22,0.5806107147,0.5900823870,0.5583524928,0.5682976673
2002.03.25,0.5687635630,0.5785245421,0.5143818006,0.5162410516
2002.03.26,0.5101425095,0.5536948724,0.5092716085,0.5306121732
2002.03.27,0.5190807184,0.5354913602,0.5088794994,0.5181936338
2002.03.28,0.5360928831,0.5513723291,0.5308542396,0.5378391531
2002.04.01,0.5262059865,0.5754259984,0.5038333004,0.5687141243
2002.04.02,0.5329650099,0.5408574549,0.4874679380,0.4916462495
2002.04.03,0.5004740109,0.5067790320,0.4584409644,0.4891250691
2002.04.04,0.4669233883,0.4945701798,0.4577077378,0.4778144808
2002.04.05,0.4881239552,0.4947220774,0.4538962456,0.4617314665
2002.04.08,0.4254596142,0.4790617728,0.4234443695,0.4790617728
2002.04.09,0.4782357067,0.4864954236,0.4249608551,0.4290906349
2002.04.10,0.4356057549,0.4543841271,0.4114623215,0.4386716713
2002.04.11,0.4316716671,0.4390605873,0.4013380332,0.4060047119
2002.04.12,0.4178154525,0.4355320006,0.4041589730,0.4251973827
2002.04.15,0.4358527630,0.4419415030,0.4130200242,0.4354722802
2002.04.16,0.4602163524,0.4907600158,0.4594430783,0.4899867417
2002.04.17,0.4983383789,0.5025143372,0.4670182137,0.4824694506
2002.04.18,0.4725504015,0.4878429550,0.4403123354,0.4547780939
2002.04.19,0.4825811650,0.4829784360,0.4559697671,0.4591471773
2002.04.22,0.4411595791,0.4411595791,0.4107807859,0.4243713348
2002.04.23,0.4243715532,0.4376370499,0.3906391663,0.4023885649
2002.04.24,0.4097022224,0.4133592751,0.3727668975,0.3837377764
2002.04.25,0.3766536550,0.3918851077,0.3660270947,0.3809042521
2002.04.26,0.3893637525,0.3935933741,0.3312059511,0.3322633901
2002.04.29,0.3386857610,0.3486407979,0.3168488583,0.3348322260
2002.04.30,0.3319270536,0.3693696594,0.3290220138,0.3545217327
2002.05.01,0.3525109048,0.3582091784,0.3159749268,0.3488237678
2002.05.02,0.3431867677,0.3630816702,0.3123496782,0.3140076236
2002.05.03,0.3127723039,0.3140073668,0.2822052058,0.2902329374
2002.05.06,0.2870129437,0.2972599206,0.2641768844,0.2676900985
2002.05.07,0.2760061512,0.2782238090,0.2524435036,0.2602053324
2002.05.08,0.2990998249,0.3466983445,0.2955639577,0.3437064729
2002.05.09,0.3372154592,0.3476012932,0.3122245074,0.3170929213
2002.05.10,0.3189369461,0.3213958223,0.2725256073,0.2743697497
2002.05.13,0.2830017559,0.3139100816,0.2774326605,0.3077841191
2002.05.14,0.3465077019,0.3645185531,0.3411045153,0.3621170605
2002.05.15,0.3457734682,0.3974726843,0.3381019195,0.3701221280
2002.05.16,0.3609843954,0.3782439144,0.3501548680,0.3718139228
2002.05.17,0.3864104393,0.3904838362,0.3585753229,0.3741901190
2002.05.20,0.3629404532,0.3663494906,0.3404413918,0.3496455326
2002.05.21,0.3545305972,0.3620206620,0.3102414107,0.3209880442
2002.05.22,0.3099230380,0.3289794884,0.2927107999,0.3231395999
2002.05.23,0.3302404560,0.3447508442,0.3046156927,0.3425897288
2002.05.24,0.3284710551,0.3316798376,0.3098601904,0.3172403471
2002.05.28,0.3242472450,0.3257705210,0.2943917330,0.3129752933
2002.05.29,0.2996913859,0.3069371087,0.2870113565,0.2882190058
2002.05.30,0.2805089606,0.3007832545,0.2773678513,0.2956433318
2002.05.31,0.3020325803,0.3101642448,0.2799609670,0.2811226571
2002.06.03,0.2799995489,0.2870182561,0.2460290318,0.2513632107
2002.06.04,0.2453786480,0.2695782287,0.2417357175,0.2612515019
2002.06.05,0.2628529388,0.2729968749,0.2508403361,0.2692596433
2002.06.06,0.2651744421,0.2651744421,0.2213266826,0.2480166006
2002.06.07,0.2158124931,0.2456982071,0.2129785407,0.2330740452
2002.06.10,0.2345562957,0.2441922011,0.2291206181,0.2318384569
2002.06.11,0.2404554742,0.2426712791,0.2099266634,0.2123886271
2002.06.12,0.2072838847,0.2239903307,0.1977704863,0.2216700242
2002.06.13,0.2192829024,0.2300242413,0.2094963280,0.2173733280
2002.06.14,0.1980549688,0.2183158982,0.1825058636,0.2159600086
2002.06.17,0.2248734793,0.2424661622,0.2227623538,0.2380093367
2002.06.18,0.2317591864,0.2527600172,0.2310091874,0.2495099102
2002.06.19,0.2257798040,0.2314543740,0.2038552506,0.2061766768
2002.06.20,0.2045929378,0.2086651974,0.1683951276,0.1862677697
2002.06.21,0.1841561573,0.1930260568,0.1691617853,0.1727519836
2002.06.24,0.1653252241,0.1924222224,0.1605079408,0.1829884558
2002.06.25,0.1882007574,0.1911196639,0.1615134813,0.1648493858
2002.06.26,0.1448423800,0.1710654961,0.1440653812,0.1685402871
2002.06.27,0.1754395133,0.1803675910,0.1561214575,0.1795790806
2002.06.28,0.1762902954,0.1906785617,0.1721793901,0.1773180511
2002.07.01,0.1746684754,0.1781333126,0.1504146542,0.1518413450
2002.07.02,0.1472584855,0.1500081198,0.1195787592,0.1353433803
2002.07.03,0.1336481796,0.1489060952,0.1297489406,0.1489060952
2002.07.05,0.1581110577,0.1785066588,0.1543207041,0.1776042117
2002.07.08,0.1747722204,0.1818520834,0.1521165430,0.1581850080
2002.07.09,0.1557545717,0.1600551040,0.1434138923,0.1447227468
2002.07.10,0.1505327896,0.1512370527,0.1301096305,0.1313420573
2002.07.11,0.1290339203,0.1476635940,0.1252420445,0.1461798110
2002.07.12,0.1541371935,0.1589116230,0.1417590505,0.1461798110
2002.07.15,0.1440578854,0.1610335905,0.1276126500,0.1597957829
2002.07.16,0.1537961459,0.1682321362,0.1472343289,0.1526712742
2002.07.17,0.1686720178,0.1753995126,0.1472168072,0.1610354180
2002.07.18,0.1559499438,0.1595285177,0.1397522580,0.1437074956
2002.07.19,0.1367343264,0.1433589209,0.1274947279,0.1308070418
2002.07.22,0.1285167878,0.1391492790,0.1160849410,0.1211558156
2002.07.23,0.1219326395,0.1265924689,0.1037592574,0.1056231773
2002.07.24,0.0972769848,0.1234470128,0.0948721708,0.1228811885
2002.07.25,0.1171065144,0.1194475981,0.0944759695,0.1014992503
2002.07.26,0.1057415613,0.1095734510,0.0982146640,0.1072469512
2002.07.29,0.1157624005,0.1278259148,0.1130658439,0.1237101165
2002.07.30,0.1221529064,0.1371040479,0.1199725434,0.1311858772
2002.07.31,0.1261669808,0.1292429211,0.1158059577,0.1237386198
2002.08.01,0.1220268578,0.1245171948,0.1052170684,0.1063065871
2002.08.02,0.1070079878,0.1078498270,0.0935384257,0.0995716651
2002.08.05,0.0976921155,0.1005114358,0.0868175288,0.0886971013
2002.08.06,0.0931649320,0.1081822179,0.0930408431,0.1018526204
2002.08.07,0.1113589472,0.1136676082,0.0945192874,0.1059267855
2002.08.08,0.1052299597,0.1170770420,0.0989579672,0.1166589003
2002.08.09,0.1111650621,0.1187377205,0.1064135507,0.1130953414
2002.08.12,0.1090231706,0.1152766224,0.1068417410,0.1141131914
2002.08.13,0.1116260899,0.1209892422,0.1016777563,0.1024092678
2002.08.14,0.1033608525,0.1241599118,0.1006420121,0.1219848498
2002.08.15,0.1250294336,0.1297484738,0.1171136035,0.1294440411
2002.08.16,0.1231116535,0.1368845545,0.1167792973,0.1321352949
2002.08.19,0.1332587625,0.1464187924,0.1318143659,0.1417646190
2002.08.20,0.1397473196,0.1439498271,0.1342000110,0.1399154237
2002.08.21,0.1432481614,0.1509132566,0.1367495178,0.1492469288
2002.08.22,0.1490729048,0.1572452464,0.1435087545,0.1563758604
2002.08.23,0.1499200823,0.1500994166,0.1346770460,0.1382636287
2002.08.26,0.1407375421,0.1422218858,0.1293576153,0.1399129206
2002.08.27,0.1429051386,0.1442350027,0.1216272802,0.1252844305
2002.08.28,0.1198863280,0.1209659179,0.1101699599,0.1115580125
2002.08.29,0.1075671258,0.1221057605,0.1050014764,0.1159767423
2002.08.30,0.1134904004,0.1190479102,0.1099803619,0.1115891272
2002.09.03,0.1054610220,0.1107340840,0.0951999613,0.0994753964
2002.09.04,0.0976302142,0.1044845369,0.0942030529,0.1006619252
2002.09.05,0.0962774400,0.0976060222,0.0900331362,0.0932217185
2002.09.06,0.0994029096,0.1064670669,0.0986460417,0.1017996863
2002.09.09,0.0993939949,0.1087497773,0.0956516768,0.1048738023
2002.09.10,0.1069183080,0.1129162923,0.1041919705,0.1126436507
2002.09.11,0.1193595267,0.1226459534,0.1093573280,0.1097860030
2002.09.12,0.1066962434,0.1071176068,0.0993927719,0.1007972897
2002.09.13,0.0980132040,0.1043765490,0.0969526465,0.1031834187
2002.09.16,0.1014329681,0.1033179980,0.0948353378,0.0987400463
2002.09.17,0.1038382386,0.1059298173,0.0924652827,0.0924652827
2002.09.18,0.0903392455,0.0970927859,0.0874627380,0.0893387202
2002.09.19,0.0865278069,0.0917830063,0.0846945723,0.0850612239
2002.09.20,0.0880174706,0.0888452175,0.0838787134,0.0861254712
2002.09.23,0.0835024840,0.0843371069,0.0758715974,0.0783754888
2002.09.24,0.0745722166,0.0831853192,0.0742366337,0.0784872652
2002.09.25,0.0820701091,0.0897956794,0.0792709916,0.0878922786
2002.09.26,0.0913885994,0.0934382139,0.0818639365,0.0846369375
2002.09.27,0.0840492005,0.0918075855,0.0812279716,0.0812279716
2002.09.30,0.0784835804,0.0804275641,0.0718511690,0.0744812583
2002.10.01,0.0765301498,0.0881768291,0.0717852003,0.0880689871
2002.10.02,0.0824193268,0.0879486676,0.0759283376,0.0792940383
2002.10.03,0.0771671637,0.0809732805,0.0729132798,0.0735849412
2002.10.04,0.0757137795,0.0765652922,0.0668793278,0.0694338659
2002.10.07,0.0685126687,0.0718905323,0.0643159298,0.0674890696
2002.10.08,0.0686943005,0.0720084961,0.0634719258,0.0678908597
2002.10.09,0.0652693044,0.0712181575,0.0642610206,0.0664792295
2002.10.10,0.0668768690,0.0779125382,0.0649878731,0.0766200793
2002.10.11,0.0817449993,0.0907954712,0.0803274645,0.0890508035
2002.10.14,0.0848427975,0.0924173173,0.0837607199,0.0921768505
2002.10.15,0.1039859833,0.1063231908,0.1007876735,0.1054621119
2002.10.16,0.0940475157,0.1000905593,0.0854529875,0.0949875646
2002.10.17,0.1052451154,0.1078720637,0.0924855908,0.1046196344
2002.10.18,0.1010213537,0.1086179368,0.0963567775,0.1080848308
2002.10.21,0.1041355341,0.1168006669,0.1011394655,0.1146217221
2002.10.22,0.1066939513,0.1153295189,0.1055614200,0.1124981773
2002.10.23,0.1084437735,0.1193487164,0.1059272400,0.1189293119
2002.10.24,0.1200894280,0.1227000746,0.1090667133,0.1099369196
2002.10.25,0.1100745678,0.1205272926,0.1100745678,0.1198396241
2002.10.28,0.1242062180,0.1247884481,0.1121252217,0.1167829512
2002.10.29,0.1142080120,0.1164969373,0.1007605826,0.1086287600
2002.10.30,0.1105360562,0.1204816003,0.1076750274,0.1173480592
2002.10.31,0.1187814476,0.1242284003,0.1144812449,0.1172046939
2002.11.01,0.1146267276,0.1293787490,0.1113325623,0.1272303993
2002.11.04,0.1393235682,0.1509632669,0.1355444475,0.1370561015
2002.11.05,0.1340398339,0.1413424534,0.1316585561,0.1402311925
2002.11.06,0.1432936389,0.1484515618,0.1328165734,0.1461949475
2002.11.07,0.1382417803,0.1400643947,0.1269747671,0.1307856909
2002.11.08,0.1300175723,0.1358553213,0.1218754610,0.1235653403
2002.11.11,0.1217911217,0.1228261683,0.1099619492,0.1123277780
2002.11.12,0.1135752889,0.1274372090,0.1135752889,0.1209221160
2002.11.13,0.1175752444,0.1321266397,0.1145194369,0.1252874662
2002.11.14,0.1305016123,0.1430154652,0.1296077738,0.1382482886
2002.11.15,0.1350701160,0.1438099676,0.1326865312,0.1436510579
2002.11.18,0.1480518333,0.1490298130,0.1363163577,0.1372943062
2002.11.19,0.1333416487,0.1372944614,0.1254360232,0.1309699671
2002.11.20,0.1295911359,0.1478197037,0.1292847958,0.1476665190
2002.11.21,0.1508143459,0.1658902482,0.1478322938,0.1640678759
2002.11.22,0.1576778831,0.1677952969,0.1567903699,0.1638903064
2002.11.25,0.1645998617,0.1724041726,0.1606977232,0.1686793748
2002.11.26,0.1648825995,0.1665097340,0.1489728475,0.1516847268
2002.11.27,0.1597599332,0.1710311543,0.1589187781,0.1661525512
2002.11.29,0.1715101607,0.1729389500,0.1538293025,0.1627590309
2002.12.02,0.1750894403,0.1816068645,0.1601170066,0.1676912986
2002.12.03,0.1596059478,0.1601449676,0.1484664785,0.1527785345
2002.12.04,0.1424883354,0.1490673374,0.1365841161,0.1426570311
2002.12.05,0.1487779081,0.1495832613,0.1355698895,0.1366974269
2002.12.06,0.1305929197,0.1448365780,0.1294972583,0.1409234844
2002.12.09,0.1369306174,0.1422012725,0.1206395213,0.1209589318
2002.12.10,0.1238365545,0.1314624433,0.1228293674,0.1264264801
2002.12.11,0.1240561403,0.1333899615,0.1222782548,0.1282044927
2002.12.12,0.1323915898,0.1427097669,0.1258118798,0.1302980574
2002.12.13,0.1251585593,0.1259143367,0.1174495088,0.1179029926
2002.12.16,0.1204457675,0.1308988295,0.1183269083,0.1293450138
2002.12.17,0.1287444281,0.1345987459,0.1264927806,0.1305457632
2002.12.18,0.1248062787,0.1255614776,0.1172544623,0.1222386599
2002.12.19,0.1192043927,0.1280183008,0.1140027385,0.1176149923
2002.12.20,0.1214165300,0.1231061424,0.1177557256,0.1212757267
2002.12.23,0.1192642966,0.1275984151,0.1185458216,0.1263051875
2002.12.24,0.1237959281,0.1271909586,0.1211389379,0.1215817790
2002.12.26,0.1241714124,0.1296389790,0.1189915921,0.1205743211
2002.12.27,0.1191435238,0.1287303298,0.1129907939,0.1139923960
2002.12.30,0.1142678650,0.1160590307,0.1076542934,0.1113744110
2002.12.31,0.1101536257,0.1124597710,0.1066265390,0.1078474546
2003.01.02,0.1124942178,0.1235135122,0.1089096470,0.1215220784
2003.01.03,0.1223831556,0.1259714051,0.1197996390,0.1255408327
2003.01.06,0.1259807666,0.1388868480,0.1185011394,0.1349270257
2003.01.07,0.1363111663,0.1443083682,0.1338504934,0.1400021758
2003.01.08,0.1359045368,0.1450453905,0.1272364968,0.1281820940
2003.01.09,0.1332302147,0.1442172487,0.1329332609,0.1400600094
2003.01.10,0.1345520160,0.1488727553,0.1325061789,0.1463548251
2003.01.13,0.1500811098,0.1523493292,0.1403601210,0.1437624810
2003.01.14,0.1432823378,0.1498461032,0.1423217949,0.1460039013
2003.01.15,0.1485917107,0.1503709404,0.1379163945,0.1405043481
2003.01.16,0.1412925979,0.1442876208,0.1327803516,0.1357754046
2003.01.17,0.1274563631,0.1280726045,0.1177507960,0.1183670080
2003.01.21,0.1197700873,0.1217342887,0.1142983682,0.1144386721
2003.01.22,0.1134784721,0.1212967161,0.1122440400,0.1130670034
2003.01.23,0.1194617961,0.1254485024,0.1155160307,0.1209584792
2003.01.24,0.1212430317,0.1212430317,0.1085829121,0.1111433863
2003.01.27,0.1061727980,0.1139644757,0.1050980847,0.1072475113
2003.01.28,0.1103954206,0.1140679650,0.1058047150,0.1105265865
2003.01.29,0.1102589840,0.1194918420,0.1046389869,0.1154775437
2003.01.30,0.1178193386,0.1191968100,0.1063863705,0.1065241203
2003.01.31,0.1007848310,0.1099154791,0.1001326525,0.1057414770
2003.02.03,0.1067797406,0.1102842704,0.1049625632,0.1063903401
2003.02.04,0.1023501993,0.1039141103,0.0976584165,0.1024805294
2003.02.05,0.1042599567,0.1109959761,0.1001929353,0.1010825932
2003.02.06,0.1005788801,0.1044828109,0.0983120739,0.1027197260
2003.02.07,0.1046289841,0.1057745591,0.0955916733,0.0976282456
2003.02.10,0.0986123344,0.1030406709,0.0952911055,0.1002114664
2003.02.11,0.1030901783,0.1075959476,0.0989598977,0.1018385731
2003.02.12,0.1008265654,0.1041157650,0.0971578584,0.0976638762
2003.02.13,0.0980328578,0.0996318780,0.0915137248,0.0991398808
2003.02.14,0.0977731545,0.1060969261,0.0951642228,0.1059726878
2003.02.18,0.1086988836,0.1170070667,0.1084392466,0.1158387254
2003.02.19,0.1151506491,0.1157011563,0.1084067465,0.1134990753
2003.02.20,0.1144493150,0.1160784992,0.1102406258,0.1121413191
2003.02.21,0.1114678911,0.1173936997,0.1058114432,0.1147001433
2003.02.24,0.1141534532,0.1152471370,0.1084116068,0.1088217480
2003.02.25,0.1049949651,0.1115928885,0.1001124908,0.1092176320
2003.02.26,0.1080270822,0.1114663158,0.1016777396,0.1019422767
2003.02.27,0.1044677360,0.1107812554,0.1025736850,0.1088872044
2003.02.28,0.1094148218,0.1148218164,0.1082279180,0.1140305557
2003.03.03,0.1155261089,0.1183813918,0.1058724776,0.1070961777
2003.03.04,0.1072265028,0.1086602526,0.1040983417,0.1051410620
2003.03.05,0.1038535040,0.1087457940,0.1028235520,0.1057846607
2003.03.06,0.1042334294,0.1074651398,0.1016480511,0.1050090330
2003.03.07,0.0997350665,0.1075818107,0.0981914354,0.1056522903
2003.03.10,0.1029398977,0.1044898197,0.0975152078,0.0988068053
2003.03.11,0.0994240922,0.1016463232,0.0959673093,0.0962142056
2003.03.12,0.0957292582,0.1015506196,0.0930611400,0.1014293384
2003.03.13,0.1065780361,0.1192619305,0.1035640449,0.1188851966
2003.03.14,0.1204166230,0.1238968700,0.1152658723,0.1202774099
2003.03.17,0.1162090540,0.1354291138,0.1150867150,0.1326232795
2003.03.18,0.1356146020,0.1381573793,0.1299307621,0.1375590938
2003.03.19,0.1363331426,0.1378655556,0.1283646183,0.1340345377
2003.03.20,0.1316249071,0.1406609196,0.1260526726,0.1355404972
2003.03.21,0.1417611246,0.1443404409,0.1264369842,0.1411542420
2003.03.24,0.1302444102,0.1322705651,0.1224515711,0.1235425935
2003.03.25,0.1251081658,0.1337903140,0.1231155523,0.1288087531
2003.03.26,0.1301257056,0.1340763035,0.1280772598,0.1310036069
2003.03.27,0.1267123607,0.1323352427,0.1241968542,0.1281920754
2003.03.28,0.1248377101,0.1290670403,0.1220667984,0.1239626868
2003.03.31,0.1171181772,0.1189719020,0.1115569484,0.1121273420
2003.04.01,0.1146584785,0.1177225458,0.1121272804,0.1147917022
2003.04.02,0.1230459852,0.1298117065,0.1226400584,0.1242638171
2003.04.03,0.1312491083,0.1342428581,0.1265446677,0.1289681691
2003.04.04,0.1302831882,0.1307215342,0.1215164639,0.1226853586
2003.04.07,0.1376619289,0.1389335259,0.1229679306,0.1232505137
2003.04.08,0.1241009325,0.1260850531,0.1202744430,0.1228254360
2003.04.09,0.1233909114,0.1259360315,0.1136346270,0.1143415928
2003.04.10,0.1143416862,0.1185183627,0.1121859937,0.1185183627
2003.04.11,0.1219675872,0.1238991930,0.1128614078,0.1149309892
2003.04.14,0.1161474471,0.1234460699,0.1146606797,0.1219593282
2003.04.15,0.1211160145,0.1280034581,0.1194293079,0.1254733981
2003.04.16,0.1307729931,0.1333512174,0.1231815850,0.1246139076
2003.04.17,0.1237585267,0.1354499903,0.1236159445,0.1331687304
2003.04.21,0.1349562245,0.1373395552,0.1301895633,0.1346583011
2003.04.22,0.1318070199,0.1427617549,0.1306065014,0.1423115783
2003.04.23,0.1434011524,0.1472922825,0.1396656711,0.1454245270
2003.04.24,0.1411612680,0.1473193001,0.1397401791,0.1430560332
2003.04.25,0.1405571686,0.1421189214,0.1333731473,0.1347787219
2003.04.28,0.1362790869,0.1449809413,0.1347787898,0.1427304672
2003.04.29,0.1452235412,0.1517679521,0.1416397049,0.1466259171
2003.04.30,0.1453569628,0.1475777875,0.1418671388,0.1421844037
2003.05.01,0.1420289520,0.1487108457,0.1381441328,0.1459137712
2003.05.02,0.1446490803,0.1553989619,0.1440167202,0.1552408719
2003.05.05,0.1560642357,0.1623221630,0.1534293156,0.1547467757
2003.05.06,0.1542537743,0.1654284139,0.1540894377,0.1606627772
2003.05.07,0.1572932960,0.1620104240,0.1524077278,0.1552716926
2003.05.08,0.1480268606,0.1536252072,0.1465449435,0.1467096045
2003.05.09,0.1509887611,0.1579623306,0.1503547837,0.1568529005
2003.05.12,0.1560250425,0.1659629051,0.1528780358,0.1639753452
2003.05.13,0.1603930498,0.1665336034,0.1588579439,0.1609047734
2003.05.14,0.1644419366,0.1661261903,0.1558521077,0.1598943744
2003.05.15,0.1624100587,0.1662676415,0.1592233446,0.1652613225
2003.05.16,0.1620042389,0.1656043480,0.1577184149,0.1614899609
2003.05.19,0.1584514302,0.1611523047,0.1430901942,0.1444406314
2003.05.20,0.1455360290,0.1486658186,0.1400588598,0.1456925229
2003.05.21,0.1438038363,0.1453777623,0.1404986186,0.1444334187
2003.05.22,0.1455288869,0.1542919046,0.1433381400,0.1506928118
2003.05.23,0.1498880062,0.1532677154,0.1484395506,0.1508536330
2003.05.27,0.1481157671,0.1688916805,0.1476325949,0.1669590531
2003.05.28,0.1679915778,0.1721225178,0.1645491114,0.1685079576
2003.05.29,0.1692007408,0.1790722202,0.1679884584,0.1705862110
2003.05.30,0.1744275191,0.1803639923,0.1730307038,0.1789671770
2003.06.02,0.1841938513,0.1863566120,0.1703162261,0.1751824117
2003.06.03,0.1726949693,0.1805124145,0.1707405911,0.1801571007
2003.06.04,0.1792520325,0.1931891762,0.1776230139,0.1902931508
2003.06.05,0.1848509971,0.1951726423,0.1818483458,0.1944219616
2003.06.06,0.2052724920,0.2102218802,0.1830002991,0.1847135140
2003.06.09,0.1823224162,0.1863685662,0.1736783542,0.1773566628
2003.06.10,0.1796833819,0.1857682767,0.1764619630,0.1854103337
2003.06.11,0.1833828459,0.1938881946,0.1784066170,0.1916765608
2003.06.12,0.1939376115,0.1960101419,0.1867780162,0.1941260266
2003.06.13,0.1943161950,0.1956462537,0.1791154724,0.1810155355
2003.06.16,0.1848219611,0.1980537298,0.1817405870,0.1976912071
2003.06.17,0.2003797466,0.2021082664,0.1915450857,0.1953862490
2003.06.18,0.1934808386,0.2043426854,0.1894791208,0.1984353722
2003.06.19,0.1995904072,0.2045962186,0.1880385375,0.1888086792
2003.06.20,0.1938361525,0.1955119721,0.1856432608,0.1880638694
2003.06.23,0.1871354865,0.1878783498,0.1728356862,0.1793355987
2003.06.24,0.1760978490,0.1832928513,0.1725003651,0.1751984866
2003.06.25,0.1750213033,0.1840527640,0.1714795420,0.1723649992
2003.06.26,0.1756931214,0.1856777064,0.1739414714,0.1846266763
2003.06.27,0.1851764072,0.1910414437,0.1763788524,0.1774785380
2003.06.30,0.1833687799,0.1865816055,0.1769431288,0.1796205061
2003.07.01,0.1751226069,0.1873571657,0.1672060994,0.1868174264
2003.07.02,0.1879254698,0.1986359251,0.1873714680,0.1982665906
2003.07.03,0.1930809096,0.2007631704,0.1886635776,0.1907762130
2003.07.07,0.1980754966,0.2154811846,0.1978883344,0.2152940224
2003.07.08,0.2130659920,0.2238003241,0.2098254462,0.2231926687
2003.07.09,0.2211186071,0.2275489097,0.2159329022,0.2215334730
2003.07.10,0.2143095176,0.2171990718,0.2035768313,0.2091495768
2003.07.11,0.2101423347,0.2168933681,0.2093481156,0.2139149799
2003.07.14,0.2239928416,0.2322565165,0.2185508981,0.2215742257
2003.07.15,0.2279693922,0.2304451373,0.2157972937,0.2223990839
2003.07.16,0.2265356961,0.2273629903,0.2114379318,0.2203311473
2003.07.17,0.2104655839,0.2137541053,0.1973114980,0.2001889445
2003.07.18,0.2044263901,0.2073155752,0.1951809831,0.2021150567
2003.07.21,0.2013397124,0.2025027683,0.1891275330,0.1943613031
2003.07.22,0.1987040212,0.2060680848,0.1939834601,0.2030469287
2003.07.23,0.2040188617,0.2088779947,0.1962442564,0.2081005527
2003.07.24,0.2130397376,0.2163983244,0.1978273128,0.1998029587
2003.07.25,0.1988416347,0.2124907953,0.1919209682,0.2117218119
2003.07.28,0.2129203012,0.2155168729,0.2077271197,0.2135194895
2003.07.29,0.2143229944,0.2161307825,0.2004632982,0.2086987604
2003.07.30,0.2098856279,0.2104790977,0.2023685331,0.2041489046
2003.07.31,0.2113610289,0.2218868650,0.2060981108,0.2115559187
2003.08.01,0.2093605575,0.2113563757,0.2015768702,0.2047701642
2003.08.04,0.2039890041,0.2114091388,0.1926635119,0.2045748190
2003.08.05,0.2037941809,0.2051601752,0.1782304725,0.1803770190
2003.08.06,0.1830638461,0.1904078923,0.1784066402,0.1800187512
2003.08.07,0.1805555749,0.1857432814,0.1769778780,0.1821655504
2003.08.08,0.1843290942,0.1864927037,0.1753139745,0.1778381970
2003.08.11,0.1780156357,0.1872417029,0.1771285282,0.1836932051
2003.08.12,0.1856874461,0.1927572090,0.1824244680,0.1920321220
2003.08.13,0.1942723399,0.1959524684,0.1881118805,0.1922188771
2003.08.14,0.1924053862,0.1981962596,0.1884825710,0.1927789979
2003.08.15,0.1946505798,0.2000783546,0.1933404371,0.1978323702
2003.08.18,0.2004981987,0.2138266363,0.1989749477,0.2130650290
2003.08.19,0.2158643247,0.2212626048,0.2106659852,0.2210626262
2003.08.20,0.2155306532,0.2241355379,0.2138916759,0.2194233708
2003.08.21,0.2255394167,0.2302282326,0.2190158399,0.2265587109
2003.08.22,0.2394692557,0.2417598439,0.2211447096,0.2223940635
2003.08.25,0.2207487941,0.2244507980,0.2176637647,0.2238337450
2003.08.26,0.2190829672,0.2254861136,0.2093750283,0.2244533684
2003.08.27,0.2234184674,0.2304541910,0.2209352151,0.2298333385
2003.08.28,0.2327765875,0.2365604370,0.2239476587,0.2359298222
2003.08.29,0.2348602141,0.2438439017,0.2335767952,0.2423466205
2003.09.02,0.2445242283,0.2532338522,0.2366855087,0.2527983586
2003.09.03,0.2579480361,0.2601872216,0.2478720002,0.2523502004
2003.09.04,0.2519033851,0.2606256730,0.2489959274,0.2592837497
2003.09.05,0.2549571577,0.2633823354,0.2481258434,0.2542739742
2003.09.08,0.2556223982,0.2675344380,0.2544986355,0.2668601974
2003.09.09,0.2626831737,0.2643075329,0.2534010454,0.2573459809
2003.09.10,0.2496461446,0.2528167185,0.2351520433,0.2387755686
2003.09.11,0.2389909232,0.2497562790,0.2331776211,0.2467419925
2003.09.12,0.2401405405,0.2511427079,0.2337592633,0.2507026111
2003.09.15,0.2511472346,0.2527039262,0.2422517816,0.2433637769
2003.09.16,0.2440179368,0.2638561909,0.2440179368,0.2632022090
2003.09.17,0.2615956521,0.2654977366,0.2547094764,0.2599888135
2003.09.18,0.2579398349,0.2736484968,0.2540696402,0.2718271674
2003.09.19,0.2720615999,0.2737028722,0.2619794472,0.2671377828
2003.09.22,0.2567090597,0.2583313474,0.2483658151,0.2518421080
2003.09.23,0.2529556015,0.2660971261,0.2516191450,0.2652061551
2003.09.24,0.2649755942,0.2652061238,0.2340912138,0.2352436863
2003.09.25,0.2386428616,0.2462907738,0.2254714213,0.2261088013
2003.09.26,0.2281773540,0.2339696848,0.2205231913,0.2217644388
2003.09.29,0.2254402877,0.2338126098,0.2191100430,0.2332000255
2003.09.30,0.2285554927,0.2293999295,0.2167336996,0.2180002743
2003.10.01,0.2218329333,0.2343400185,0.2180000610,0.2327262383
2003.10.02,0.2316732483,0.2386234833,0.2280928827,0.2350430373
2003.10.03,0.2475511019,0.2606954753,0.2469151125,0.2547592780
2003.10.06,0.2567714867,0.2605716860,0.2518536971,0.2603480998
2003.10.07,0.2539982621,0.2651107207,0.2505964660,0.2651107207
2003.10.08,0.2687833917,0.2694719630,0.2552409339,0.2600611085
2003.10.09,0.2709380231,0.2790956333,0.2600612384,0.2659527977
2003.10.10,0.2677926833,0.2737725569,0.2648027026,0.2733125532
2003.10.13,0.2763565054,0.2817431132,0.2712040591,0.2786985671
2003.10.14,0.2753772495,0.2832067960,0.2720556566,0.2808342556
2003.10.15,0.2920419190,0.2932342338,0.2736799795,0.2772570149
2003.10.16,0.2753653995,0.2855320212,0.2744197364,0.2838769982
2003.10.17,0.2826758647,0.2845972413,0.2632223386,0.2634625565
2003.10.20,0.2643767647,0.2741966790,0.2609511807,0.2732831784
2003.10.21,0.2756227598,0.2828760256,0.2709432364,0.2781965022
2003.10.22,0.2696731398,0.2706202135,0.2590187860,0.2620967305
2003.10.23,0.2525437280,0.2607318067,0.2502691894,0.2529985490
2003.10.24,0.2445578283,0.2543312266,0.2378941438,0.2536648836
2003.10.27,0.2554446157,0.2592273801,0.2501043523,0.2538870318
2003.10.28,0.2587856182,0.2806046170,0.2574497299,0.2794914193
2003.10.29,0.2756973868,0.2806769913,0.2726147357,0.2785428622
2003.10.30,0.2901361169,0.2946312573,0.2742846706,0.2801993718
2003.10.31,0.2813865186,0.2825742114,0.2723606693,0.2752109327
2003.11.03,0.2810784110,0.2939862437,0.2794356008,0.2888230748
2003.11.04,0.2871265178,0.2914879454,0.2813113426,0.2830074431
2003.11.05,0.2830077991,0.2918517598,0.2741638384,0.2906566447
2003.11.06,0.2894403691,0.2938196907,0.2784920651,0.2930897419
2003.11.07,0.2965147002,0.2989611544,0.2847714588,0.2855054697
2003.11.10,0.2871884528,0.2881500427,0.2725245272,0.2749284104
2003.11.11,0.2739906831,0.2775063370,0.2669591965,0.2718812550
2003.11.12,0.2744404679,0.2928192320,0.2737425693,0.2893296505
2003.11.13,0.2869054124,0.2915108286,0.2830272207,0.2883597690
2003.11.14,0.2893274507,0.2944061737,0.2685287657,0.2707053744
2003.11.17,0.2660699277,0.2676922986,0.2526273253,0.2623616388
2003.11.18,0.2666738116,0.2689434280,0.2428434025,0.2442051723
2003.11.19,0.2470156297,0.2554489875,0.2442045929,0.2513404095
2003.11.20,0.2449491022,0.2617002923,0.2425246653,0.2440675270
2003.11.21,0.2483898426,0.2522798628,0.2408257174,0.2516315398
2003.11.24,0.2580268667,0.2741259775,0.2569242040,0.2725822329
2003.11.25,0.2751391583,0.2788582983,0.2704902111,0.2725822329
2003.11.26,0.2776963635,0.2804856973,0.2639820133,0.2763016522
2003.11.28,0.2744250199,0.2800542937,0.2732522806,0.2772397015
2003.12.01,0.2849973794,0.2920498130,0.2793554685,0.2894639894
2003.12.02,0.2875288680,0.2930923711,0.2817235137,0.2846261909
2003.12.03,0.2879747180,0.2946717755,0.2738629960,0.2738629960
2003.12.04,0.2768929708,0.2845843957,0.2699007421,0.2827198429
2003.12.05,0.2741503191,0.2796253777,0.2667708450,0.2686752606
2003.12.08,0.2682147195,0.2753456826,0.2626939597,0.2732754087
2003.12.09,0.2779288373,0.2783941299,0.2525709653,0.2544321358
2003.12.10,0.2559836658,0.2604175838,0.2477809725,0.2573138666
2003.12.11,0.2559735835,0.2758528502,0.2557502583,0.2738425825
2003.12.12,0.2740751132,0.2747732669,0.2645332957,0.2724460289
2003.12.15,0.2884499325,0.2898415735,0.2587622976,0.2617773872
2003.12.16,0.2620032597,0.2671966482,0.2536485997,0.2633580043
2003.12.17,0.2624511380,0.2667585401,0.2570101316,0.2647181735
2003.12.18,0.2656283402,0.2813248647,0.2656283402,0.2795050193
2003.12.19,0.2806834998,0.2816267323,0.2710155914,0.2771464228
2003.12.22,0.2745675363,0.2823051729,0.2731607583,0.2797259607
2003.12.23,0.2804336696,0.2903424794,0.2787822162,0.2860958594
2003.12.24,0.2864312419,0.2907435297,0.2854729354,0.2878687016
2003.12.26,0.2893118946,0.2924391842,0.2859440866,0.2866657335
2003.12.29,0.2909839482,0.3029783341,0.2907441008,0.3008193410
2003.12.30,0.3030475892,0.3042859433,0.2973515192,0.3037906205
2003.12.31,0.3052866204,0.3057851943,0.2960632413,0.3012981244
2004.01.02,0.3062565888,0.3094794977,0.2953484054,0.2988191867
2004.01.05,0.3042433306,0.3185432096,0.3037502183,0.3168173637
2004.01.06,0.3165615533,0.3252741542,0.3132302015,0.3232241592
2004.01.07,0.3216653710,0.3320528969,0.3162119645,0.3320528969
2004.01.08,0.3365470482,0.3405126878,0.3299377161,0.3399839291
2004.01.09,0.3327334383,0.3499206095,0.3295108693,0.3332705502
2004.01.12,0.3364504360,0.3496999945,0.3319456346,0.3491701011
2004.01.13,0.3475302140,0.3499898037,0.3292199123,0.3387850295
2004.01.14,0.3422665247,0.3468193173,0.3334286065,0.3422665247
2004.01.15,0.3382221505,0.3525131867,0.3301328866,0.3449632208
2004.01.16,0.3503848868,0.3571612761,0.3446926411,0.3555349055
2004.01.20,0.3599582628,0.3674247764,0.3483437563,0.3547040963
2004.01.21,0.3505629198,0.3580177958,0.3397948007,0.3502868601
2004.01.22,0.3549409729,0.3587742132,0.3415246316,0.3439888725
2004.01.23,0.3456127341,0.3523752995,0.3339811132,0.3402026611
2004.01.26,0.3393968869,0.3573871320,0.3356377587,0.3557760332
2004.01.27,0.3535632025,0.3568822563,0.3308835288,0.3322665206
2004.01.28,0.3375492558,0.3407188033,0.3127217383,0.3153629271
2004.01.29,0.3189328733,0.3207179383,0.3041422241,0.3189328733
2004.01.30,0.3179049760,0.3240711838,0.3119956528,0.3145648897
2004.02.02,0.3178746255,0.3250025845,0.3082008976,0.3120195026
2004.02.03,0.3105001457,0.3188555949,0.3087277952,0.3110065453
2004.02.04,0.3031746721,0.3092382063,0.2958480261,0.2958480261
2004.02.05,0.3002450082,0.3051310367,0.2958476850,0.2992678770
2004.02.06,0.3024685217,0.3192085001,0.3007452969,0.3155159158
2004.02.09,0.3208691429,0.3218888780,0.3134762090,0.3152606968
2004.02.10,0.3137321677,0.3226497957,0.3129677302,0.3167896263
2004.02.11,0.3183233319,0.3293145981,0.3139778614,0.3270141753
2004.02.12,0.3254476658,0.3301466525,0.3181381752,0.3183991858
2004.02.13,0.3219891381,0.3368620592,0.3058340922,0.3104498196
2004.02.17,0.3190225818,0.3275948380,0.3175098930,0.3230565791
2004.02.18,0.3248677755,0.3290095193,0.3199494857,0.3259032362
2004.02.19,0.3342350325,0.3350162261,0.3068956383,0.3110616403
2004.02.20,0.3115669242,0.3150997906,0.3002112132,0.3080340577
2004.02.23,0.3115440024,0.3122960897,0.2892311856,0.2977551927
2004.02.24,0.2940790943,0.3026564596,0.2891777561,0.2955495239
2004.02.25,0.2972567783,0.3031091939,0.2948182873,0.3009146078
2004.02.26,0.2981995534,0.3073306110,0.2942509803,0.3031351991
2004.02.27,0.3053676817,0.3098316409,0.2932158664,0.3006557669
2004.03.01,0.3033684485,0.3129874408,0.2981890056,0.3124941471
2004.03.02,0.3107227856,0.3157834382,0.3013606411,0.3016136303
2004.03.03,0.2988956075,0.3018607466,0.2914829484,0.2966718004
2004.03.04,0.2971607429,0.3066914663,0.2959388840,0.3049807519
2004.03.05,0.2965182382,0.3146877409,0.2950249221,0.3017451296
2004.03.08,0.3032277832,0.3064404929,0.2795033754,0.2804919159
2004.03.09,0.2814326995,0.2854318411,0.2746105393,0.2779039712
2004.03.10,0.2800086989,0.2858535705,0.2655134423,0.2669161544
2004.03.11,0.2641852500,0.2746525254,0.2580413917,0.2596342342
2004.03.12,0.2665591279,0.2757174335,0.2658890350,0.2739304055
2004.03.15,0.2704587699,0.2713844920,0.2577304006,0.2595817565
2004.03.16,0.2644921172,0.2676169052,0.2537785217,0.2609209187
2004.03.17,0.2667441864,0.2759268094,0.2660723142,0.2732392354
2004.03.18,0.2702372868,0.2723154475,0.2610010854,0.2695445959
2004.03.19,0.2681717628,0.2722904482,0.2553581522,0.2560445707
2004.03.22,0.2511814720,0.2516235734,0.2401291894,0.2463185250
2004.03.23,0.2523490326,0.2536413190,0.2398571769,0.2402879390
2004.03.24,0.2428298278,0.2529977455,0.2398641144,0.2485492159
2004.03.25,0.2535319637,0.2710791141,0.2528820111,0.2684795516
2004.03.26,0.2675679398,0.2739495167,0.2652888611,0.2657446943
2004.03.29,0.2723089378,0.2824950791,0.2718562971,0.2786470292
2004.03.30,0.2758447204,0.2821510805,0.2723412465,0.2814504035
2004.03.31,0.2816853662,0.2835664476,0.2743964000,0.2798043745
2004.04.01,0.2791012614,0.2894065180,0.2783985673,0.2872986145
2004.04.02,0.3046989985,0.3111346285,0.2958798424,0.3097044582
2004.04.05,0.3074505024,0.3197218532,0.3064488356,0.3184696980
2004.04.06,0.3110705433,0.3133665885,0.3049477237,0.3064784529
2004.04.07,0.3067276010,0.3097111412,0.2985227468,0.3054843723
2004.04.08,0.3156561549,0.3166485471,0.3005226009,0.3054843723
2004.04.12,0.3074691629,0.3129272249,0.3064767707,0.3111904914
2004.04.13,0.3154603978,0.3159627346,0.2933580568,0.2976278718
2004.04.14,0.2922655367,0.3054284674,0.2910467675,0.3020158764
2004.04.15,0.3005388487,0.3032464220,0.2825705188,0.2857703866
2004.04.16,0.2869561581,0.2898019789,0.2772328541,0.2843474513
2004.04.19,0.2824559726,0.2961651947,0.2817469060,0.2947469714
2004.04.20,0.2966835917,0.3010406587,0.2732038519,0.2741721095
2004.04.21,0.2792441047,0.2840851293,0.2734809550,0.2813188420
2004.04.22,0.2815531491,0.3052373526,0.2810841435,0.3031268719
2004.04.23,0.3070677577,0.3115012706,0.3026341509,0.3102697340
2004.04.26,0.3095193212,0.3122709896,0.2962613863,0.3035156722
2004.04.27,0.3037624751,0.3096782685,0.2973535892,0.3017904813
2004.04.28,0.2978613137,0.2981069239,0.2809178665,0.2853379125
2004.04.29,0.2827367183,0.2886484150,0.2640557350,0.2720956461
2004.04.30,0.2725536273,0.2757601274,0.2510242076,0.2521693737
2004.05.03,0.2571736470,0.2684875554,0.2547803090,0.2593493635
2004.05.04,0.2617878011,0.2737577940,0.2577978034,0.2626744860
2004.05.05,0.2664749248,0.2727344606,0.2615568217,0.2689340190
2004.05.06,0.2621211898,0.2668897680,0.2534922723,0.2628023905
2004.05.07,0.2590017959,0.2712996875,0.2549770190,0.2563186397
2004.05.10,0.2497218268,0.2547793740,0.2442245730,0.2497218268
2004.05.11,0.2562047166,0.2650641877,0.2551242270,0.2609585249
2004.05.12,0.2594004513,0.2631824994,0.2404904654,0.2625150292
2004.05.13,0.2580486795,0.2667594673,0.2549216536,0.2569318420
2004.05.14,0.2611148810,0.2635367024,0.2487856466,0.2512074680
2004.05.17,0.2431830902,0.2492554151,0.2373275986,0.2440505061
2004.05.18,0.2491558794,0.2542609830,0.2478795832,0.2506448510
2004.05.19,0.2599549411,0.2675327131,0.2484800055,0.2497790050
2004.05.20,0.2517229802,0.2569072442,0.2469708273,0.2532350400
2004.05.21,0.2567226647,0.2602105461,0.2508369324,0.2569407040
2004.05.24,0.2631033278,0.2666250684,0.2565000748,0.2622228717
2004.05.25,0.2597691132,0.2805179048,0.2553069919,0.2778405809
2004.05.26,0.2755226052,0.2831716735,0.2743636662,0.2831716735
2004.05.27,0.2855192686,0.2904487358,0.2801203156,0.2885707924
2004.05.28,0.2876200539,0.2916609525,0.2835790646,0.2916609525
2004.06.01,0.2849578838,0.2916608691,0.2811275934,0.2904639205
2004.06.02,0.2918964587,0.2942837972,0.2825856201,0.2885540574
2004.06.03,0.2857017446,0.2871279092,0.2742926992,0.2780957143
2004.06.04,0.2864431452,0.2929356232,0.2825012204,0.2829649814
2004.06.07,0.2888294614,0.3043108311,0.2864838346,0.3031380177
2004.06.08,0.2994564308,0.3065745820,0.2982290762,0.3043654748
2004.06.09,0.3014121760,0.3031349921,0.2895985392,0.2915675256
2004.06.10,0.2941979204,0.2977847640,0.2908502484,0.2977847640
2004.06.14,0.2922071119,0.2922071119,0.2798397813,0.2851747155
2004.06.15,0.2908272697,0.3009559959,0.2908272697,0.2962449459
2004.06.16,0.2957626365,0.2989030710,0.2928638235,0.2947963348
2004.06.17,0.2928699570,0.2931106976,0.2832386778,0.2866095979
2004.06.18,0.2844830880,0.2972423175,0.2835379399,0.2877910164
2004.06.21,0.2896865870,0.2922928322,0.2787878256,0.2809201998
2004.06.22,0.2811529020,0.2937418721,0.2778891147,0.2932756040
2004.06.23,0.2906371954,0.3055088354,0.2891979690,0.3038297837
2004.06.24,0.3013743885,0.3094775598,0.2989188111,0.3021110149
2004.06.25,0.3008876895,0.3104280203,0.3003984298,0.3089603345
2004.06.28,0.3129334517,0.3136783033,0.2982841039,0.3012636050
2004.06.29,0.3032161495,0.3151788391,0.3027279601,0.3098078242
2004.06.30,0.3117977212,0.3229896229,0.3093105792,0.3190102906
2004.07.01,0.3169815362,0.3169815362,0.2944124628,0.3012592767
2004.07.02,0.3012593135,0.3015032731,0.2912552968,0.2958912728
2004.07.06,0.2905873954,0.2905873954,0.2720239550,0.2768455753
2004.07.07,0.2752319638,0.2828389202,0.2743098925,0.2784591254
2004.07.08,0.2717484256,0.2791534262,0.2657318073,0.2692029400
2004.07.09,0.2723703039,0.2768947418,0.2676196829,0.2703343111
2004.07.12,0.2662510408,0.2689732645,0.2587649038,0.2669315751
2004.07.13,0.2687308726,0.2716551461,0.2626574210,0.2658065990
2004.07.14,0.2579560525,0.2680499945,0.2545913767,0.2577316952
2004.07.15,0.2605876831,0.2643229669,0.2548749997,0.2550946829
2004.07.16,0.2629505827,0.2633870251,0.2452750418,0.2463661061
2004.07.19,0.2487113324,0.2527618237,0.2421027729,0.2448740676
2004.07.20,0.2478463287,0.2658933678,0.2472093182,0.2624962753
2004.07.21,0.2656079032,0.2673860726,0.2382691851,0.2396028121
2004.07.22,0.2412745129,0.2544387607,0.2364685355,0.2494237826
2004.07.23,0.2440585853,0.2449169599,0.2313978471,0.2352604508
2004.07.26,0.2358799632,0.2393871726,0.2247392770,0.2321664012
2004.07.27,0.2348246918,0.2454582756,0.2317573613,0.2417774167
2004.07.28,0.2392567553,0.2438780698,0.2266532722,0.2386266052
2004.07.29,0.2454979904,0.2498707099,0.2411252709,0.2469555636
2004.07.30,0.2465294832,0.2537720014,0.2441863849,0.2492987029
2004.08.02,0.2432967643,0.2520854523,0.2400813568,0.2507992730
2004.08.03,0.2482167912,0.2501537457,0.2342276663,0.2350885532
2004.08.04,0.2334397882,0.2398268895,0.2305552020,0.2352941256
2004.08.05,0.2375623498,0.2385931997,0.2221005456,0.2221005456
2004.08.06,0.2181344985,0.2183327693,0.2034599648,0.2046498164
2004.08.09,0.2063384357,0.2091529525,0.2033362414,0.2061507583
2004.08.10,0.2091674549,0.2189721927,0.2084132277,0.2138812670
2004.08.11,0.2069256897,0.2105966887,0.2011294647,0.2082781398
2004.08.12,0.2039126941,0.2071393983,0.1978389746,0.1997370572
2004.08.13,0.2030590694,0.2047199599,0.1975227207,0.2006599897
2004.08.16,0.2023258601,0.2130622411,0.2019556304,0.2075089357
2004.08.17,0.2118624297,0.2179192387,0.2094019008,0.2145122746
2004.08.18,0.2106424368,0.2270887750,0.2096749444,0.2259278283
2004.08.19,0.2235253184,0.2259280755,0.2171179152,0.2223239016
2004.08.20,0.2203428124,0.2316339787,0.2191542408,0.2290587779
2004.08.23,0.2298670247,0.2343121774,0.2270383191,0.2306752483
2004.08.24,0.2339232494,0.2351412751,0.2249912934,0.2304722928
2004.08.25,0.2302696404,0.2410222879,0.2268207072,0.2400079003
2004.08.26,0.2381318873,0.2400074938,0.2350059293,0.2368815359
2004.08.27,0.2383277817,0.2426660010,0.2377079798,0.2401870298
2004.08.30,0.2370596369,0.2374766379,0.2272603136,0.2280943155
2004.08.31,0.2288999264,0.2309136774,0.2214489554,0.2288999264
2004.09.01,0.2270830286,0.2379830398,0.2244589347,0.2339459901
2004.09.02,0.2321028518,0.2464386304,0.2316932492,0.2443906174
2004.09.03,0.2372232358,0.2420716882,0.2290019433,0.2308991708
2004.09.07,0.2361749466,0.2404358113,0.2304937163,0.2367836194
2004.09.08,0.2343074578,0.2419411760,0.2316253108,0.2341010964
2004.09.09,0.2371722748,0.2433148524,0.2308249004,0.2400388058
2004.09.10,0.2404553599,0.2525301270,0.2375407637,0.2510728289
2004.09.13,0.2538609876,0.2639411024,0.2515018049,0.2609385359
2004.09.14,0.2580785838,0.2640190177,0.2560984392,0.2620388730
2004.09.15,0.2574052592,0.2580672162,0.2507862779,0.2536545340
2004.09.16,0.2538702964,0.2605624875,0.2510639654,0.2551655831
2004.09.17,0.2532150505,0.2595002934,0.2516979344,0.2575497036
2004.09.20,0.2544966299,0.2649643470,0.2520977624,0.2575497036
2004.09.21,0.2599484636,0.2667088165,0.2573314723,0.2606026698
2004.09.22,0.2577453740,0.2581849725,0.2452171097,0.2469755038
2004.09.23,0.2476116119,0.2512155889,0.2454916824,0.2463396057
2004.09.24,0.2478208657,0.2520534392,0.2427416644,0.2437998078
2004.09.27,0.2400168179,0.2425389431,0.2349727279,0.2374947729
2004.09.28,0.2385275494,0.2414187784,0.2319190036,0.2389405934
2004.09.29,0.2383185583,0.2503450326,0.2381111603,0.2495156778
2004.09.30,0.2482350292,0.2535695978,0.2454610307,0.2507955994
2004.10.01,0.2574331848,0.2724209884,0.2555061804,0.2713503668
2004.10.04,0.2772133643,0.2830762985,0.2747328624,0.2760858869
2004.10.05,0.2742611173,0.2801919569,0.2726643728,0.2772265371
2004.10.06,0.2760827129,0.2847745693,0.2715080011,0.2838596968
2004.10.07,0.2813037461,0.2843242899,0.2727065680,0.2743331306
2004.10.08,0.2706997017,0.2743332500,0.2575280350,0.2593448525
2004.10.11,0.2624065166,0.2654679105,0.2597823931,0.2630625057
2004.10.12,0.2559985248,0.2650493441,0.2509212441,0.2617380338
2004.10.13,0.2696581303,0.2716382191,0.2560175654,0.2599777429
2004.10.14,0.2617298316,0.2637010224,0.2538451519,0.2564733784
2004.10.15,0.2573417973,0.2653723954,0.2527838141,0.2603803975
2004.10.18,0.2577491858,0.2739727487,0.2553376508,0.2715611301
2004.10.19,0.2769712591,0.2812542893,0.2636712238,0.2657000456
2004.10.20,0.2645895012,0.2734757417,0.2605906633,0.2694769038
2004.10.21,0.2737378331,0.2860717117,0.2705982241,0.2818108566
2004.10.22,0.2820418757,0.2836588162,0.2619455521,0.2633314508
2004.10.25,0.2617869027,0.2635522940,0.2564908974,0.2595802479
2004.10.26,0.2600173020,0.2641699725,0.2547717488,0.2637328361
2004.10.27,0.2641747352,0.2873673083,0.2613032481,0.2838332028
2004.10.28,0.2826739862,0.2928743298,0.2801238782,0.2891651059
2004.10.29,0.2879912819,0.2957368164,0.2823581577,0.2877566094
2004.11.01,0.2896281414,0.2943071283,0.2854170622,0.2910318642
2004.11.02,0.2922106414,0.3030536020,0.2905606296,0.2938606533
2004.11.03,0.3080949851,0.3114164140,0.2936234519,0.2997916389
2004.11.04,0.2961855674,0.3086869155,0.2925794675,0.3048403539
2004.11.05,0.3145638483,0.3179671538,0.3045969856,0.3131052491
2004.11.08,0.3128577161,0.3165693915,0.3103831715,0.3140949412
2004.11.09,0.3123590759,0.3178144389,0.3093834664,0.3121110533
2004.11.10,0.3123587175,0.3155687493,0.3054448898,0.3089018037
2004.11.11,0.3118442508,0.3233698543,0.3106181446,0.3211628258
2004.11.12,0.3224204384,0.3329888158,0.3181426932,0.3304725629
2004.11.15,0.3299598234,0.3356016531,0.3263696036,0.3348323483
2004.11.16,0.3304347724,0.3309521663,0.3216392739,0.3286239432
2004.11.17,0.3347557975,0.3472739449,0.3347557975,0.3419090246
2004.11.18,0.3384984935,0.3484646655,0.3361380870,0.3466288048
2004.11.19,0.3453058871,0.3466292148,0.3281023237,0.3304843540
2004.11.22,0.3286899333,0.3404807145,0.3253577220,0.3399680590
2004.11.23,0.3389231223,0.3425797120,0.3284760221,0.3384008520
2004.11.24,0.3410051109,0.3488163482,0.3404843485,0.3472541604
2004.11.26,0.3483133966,0.3512270625,0.3430158313,0.3440753646
2004.11.29,0.3506571337,0.3553957484,0.3377576495,0.3438125238
2004.11.30,0.3464436122,0.3488117124,0.3401287451,0.3417074117
2004.12.01,0.3456377519,0.3637188534,0.3456377519,0.3626706475
2004.12.02,0.3599450200,0.3754802503,0.3583096943,0.3667587211
2004.12.03,0.3744471435,0.3810373138,0.3670333460,0.3684062676
2004.12.06,0.3681312247,0.3766689637,0.3623476458,0.3722624124
2004.12.07,0.3744809349,0.3786408501,0.3517403051,0.3531270140
2004.12.08,0.3536617598,0.3638326978,0.3509852455,0.3592826031
2004.12.09,0.3506190348,0.3695713183,0.3438503326,0.3657808616
2004.12.10,0.3600267236,0.3663285520,0.3572868346,0.3624926655
2004.12.13,0.3706639595,0.3736597858,0.3638553011,0.3720256704
2004.12.14,0.3720256963,0.3806152053,0.3711944910,0.3775673116
2004.12.15,0.3778468981,0.3831633941,0.3683330953,0.3733698207
2004.12.16,0.3736465575,0.3767016682,0.3592042835,0.3628148785
2004.12.17,0.3647139992,0.3693900992,0.3589377330,0.3600380042
2004.12.20,0.3627743762,0.3682474848,0.3496389784,0.3526491933
2004.12.21,0.3577766225,0.3664129181,0.3548078766,0.3656032976
2004.12.22,0.3617332815,0.3725133997,0.3603512339,0.3669851042
2004.12.23,0.3636599960,0.3719732557,0.3617202389,0.3678165730
2004.12.27,0.3739222369,0.3750323727,0.3578256904,0.3630986769
2004.12.28,0.3652996650,0.3743794742,0.3636488670,0.3735540752
2004.12.29,0.3721522431,0.3788813109,0.3715915855,0.3749560659
2004.12.30,0.3763616288,0.3777669901,0.3724265741,0.3741130721
2004.12.31,0.3752352500,0.3777611481,0.3682188784,0.3721480294
2005.01.03,0.3769025756,0.3824960049,0.3567662728,0.3604020178
2005.01.04,0.3650553993,0.3669715570,0.3343984429,0.3406940613
2005.01.05,0.3380579737,0.3454375927,0.3325232595,0.3343681643
2005.01.06,0.3367112846,0.3387934439,0.3291632463,0.3294234789
2005.01.07,0.3348352463,0.3428238108,0.3258157693,0.3345774936
2005.01.10,0.3317134309,0.3429094179,0.3304115927,0.3340567793
2005.01.11,0.3298944524,0.3332757949,0.3220914384,0.3270333241
2005.01.12,0.3313934039,0.3357526649,0.3206232979,0.3352398912
2005.01.13,0.3352394498,0.3422778325,0.3203803657,0.3219445060
2005.01.14,0.3252427893,0.3333611630,0.3249890357,0.3310778643
2005.01.18,0.3272008895,0.3403820286,0.3256502368,0.3385728681
2005.01.19,0.3388349937,0.3393596537,0.3212593356,0.3217839956
2005.01.20,0.3108835814,0.3149396797,0.3025178243,0.3032783125
2005.01.21,0.3064452686,0.3081504409,0.2945090631,0.2959705862
2005.01.24,0.2976476561,0.2995649173,0.2818306165,0.2835081744
2005.01.25,0.2890961350,0.2965466580,0.2865350011,0.2876991286
2005.01.26,0.2935771022,0.3013358540,0.2902855431,0.2980442949
2005.01.27,0.2966004728,0.3009327538,0.2913054423,0.2968411143
2005.01.28,0.2997215024,0.3009216502,0.2853194533,0.2925204321
2005.01.31,0.3029793225,0.3070200560,0.3006023404,0.3039301153
2005.02.01,0.3061237473,0.3100244486,0.3031981516,0.3068550997
2005.02.02,0.3097995279,0.3120077111,0.3017029184,0.3083274681
2005.02.03,0.3034044206,0.3041428009,0.2940511962,0.2977432856
2005.02.04,0.2977431766,0.3138525244,0.2977431766,0.3121694609
2005.02.07,0.3134097821,0.3161386956,0.3064635255,0.3101846939
2005.02.08,0.3099381345,0.3185840775,0.3089499998,0.3119144039
2005.02.09,0.3126580390,0.3134018426,0.2950539936,0.2962936978
2005.02.10,0.2998864583,0.3013236472,0.2907845359,0.2972517490
2005.02.11,0.2943713845,0.3140548076,0.2919710028,0.3104542350
2005.02.14,0.3104547660,0.3163838160,0.3102076673,0.3146545019
2005.02.15,0.3154015124,0.3298587737,0.3134073550,0.3208852553
2005.02.16,0.3186122933,0.3218952487,0.3135617113,0.3173496478
2005.02.17,0.3191042076,0.3213602513,0.3035626264,0.3045653338
2005.02.18,0.3048096425,0.3070042734,0.2994449683,0.3016395993
2005.02.22,0.2938863980,0.3064850082,0.2880717117,0.2904944823
2005.02.23,0.2940383130,0.2947469995,0.2860062017,0.2916758743
2005.02.24,0.2895439094,0.3035197193,0.2874120032,0.3028091140
2005.02.25,0.3020806665,0.3098512219,0.2998951920,0.3079085368
2005.02.28,0.3039800946,0.3074176559,0.2907208494,0.2980871592
2005.03.01,0.3016904139,0.3096191539,0.3007294295,0.3079373167
2005.03.02,0.3025366801,0.3175121268,0.3013092044,0.3074466764
2005.03.03,0.3098991982,0.3103896854,0.2929778085,0.2998444431
2005.03.04,0.3070791707,0.3106966334,0.3022560098,0.3051499247
2005.03.07,0.3071015412,0.3239368930,0.3061256530,0.3183251401
2005.03.08,0.3170707122,0.3220889952,0.3080379178,0.3087906267
2005.03.09,0.3085450522,0.3149372696,0.3036280774,0.3060865648
2005.03.10,0.3070639587,0.3085303767,0.2941101027,0.3048642385
2005.03.11,0.3090082277,0.3121771520,0.2926762581,0.2963326234
2005.03.14,0.2980070597,0.3008770844,0.2929844024,0.3003987318
2005.03.15,0.3023291497,0.3037772747,0.2919512423,0.2931579672
2005.03.16,0.2900710850,0.2964819465,0.2810483810,0.2831853348
2005.03.17,0.2829533673,0.2894491250,0.2813294279,0.2852732555
2005.03.18,0.2862058614,0.2871384023,0.2768806299,0.2806107047
2005.03.21,0.2826863933,0.2861450672,0.2746162716,0.2822253189
2005.03.22,0.2829192714,0.2861596776,0.2713463420,0.2718092697
2005.03.23,0.2709060766,0.2799338152,0.2704546810,0.2747428096
2005.03.24,0.2776983741,0.2836085035,0.2749706688,0.2749706688
2005.03.28,0.2781545818,0.2827033271,0.2758802525,0.2765625339
2005.03.29,0.2749645348,0.2820422549,0.2674301790,0.2699416309
2005.03.30,0.2739855006,0.2863406539,0.2737608989,0.2852174738
2005.03.31,0.2852175211,0.2856834465,0.2784617356,0.2814902065
2005.04.01,0.2872626383,0.2886481828,0.2713292721,0.2729456967
2005.04.04,0.2740766379,0.2819935361,0.2691002526,0.2788267768
2005.04.05,0.2795149302,0.2836444830,0.2779088812,0.2811208917
2005.04.06,0.2834276512,0.2891946278,0.2778913150,0.2797367898
2005.04.07,0.2804268735,0.2900835904,0.2799670215,0.2898536206
2005.04.08,0.2912657779,0.2929135575,0.2818498174,0.2827914314
2005.04.11,0.2853384130,0.2860330143,0.2772344362,0.2790867359
2005.04.12,0.2781691504,0.2850545881,0.2660050289,0.2832184480
2005.04.13,0.2809005125,0.2818275103,0.2674580281,0.2693122005
2005.04.14,0.2693123274,0.2702084762,0.2567653041,0.2578855542
2005.04.15,0.2511392775,0.2539683422,0.2389522500,0.2402580297
2005.04.18,0.2396354296,0.2456522719,0.2381830993,0.2404653552
2005.04.19,0.2460701930,0.2477309191,0.2404650938,0.2454474306
2005.04.20,0.2500774470,0.2517610353,0.2370299591,0.2393448528
2005.04.21,0.2480356385,0.2602442968,0.2447248200,0.2583819564
2005.04.22,0.2549000392,0.2551177010,0.2409726711,0.2468482951
2005.04.25,0.2512804548,0.2546571181,0.2481148782,0.2529688267
2005.04.26,0.2510382113,0.2598327701,0.2456756735,0.2458901390
2005.04.27,0.2421016282,0.2500992168,0.2391551693,0.2469422507
2005.04.28,0.2431432235,0.2479977155,0.2389220522,0.2395552118
2005.04.29,0.2447254006,0.2459662904,0.2312827037,0.2443117707
2005.05.02,0.2468260044,0.2501784779,0.2424258979,0.2472450735
2005.05.03,0.2457667938,0.2537924267,0.2453443835,0.2510468006
2005.05.04,0.2508336854,0.2623548362,0.2497669303,0.2602212446
2005.05.05,0.2606583224,0.2643726079,0.2558515215,0.2608767754
2005.05.06,0.2654723550,0.2665666194,0.2600009491,0.2630649230
2005.05.09,0.2632851915,0.2674667022,0.2586636013,0.2668064151
2005.05.10,0.2630297778,0.2652512793,0.2576980555,0.2610303925
2005.05.11,0.2621253600,0.2667227462,0.2507412964,0.2649713968
2005.05.12,0.2667399616,0.2704989861,0.2585586743,0.2627598576
2005.05.13,0.2658380895,0.2763924481,0.2636392123,0.2713351565
2005.05.16,0.2713351603,0.2780735988,0.2688643795,0.2767258768
2005.05.17,0.2737675390,0.2826428674,0.2705815637,0.2817325640
2005.05.18,0.2840357104,0.2969324942,0.2819630146,0.2932477114
2005.05.19,0.2953760439,0.3008153046,0.2932476298,0.3005787640
2005.05.20,0.2991366239,0.3049061477,0.2967325792,0.3041849802
2005.05.23,0.3041845972,0.3121810039,0.3027306799,0.3087885301
2005.05.24,0.3065862354,0.3124601960,0.3051178153,0.3117259859
2005.05.25,0.3085235797,0.3095087772,0.3023662359,0.3077847285
2005.05.26,0.3119359059,0.3190179861,0.3119359059,0.3170642703
2005.05.27,0.3158195773,0.3185593485,0.3128307792,0.3175630508
2005.05.31,0.3170640977,0.3183108225,0.3103321836,0.3143215506
2005.06.01,0.3130829264,0.3291787290,0.3128353408,0.3219975190
2005.06.02,0.3204883973,0.3287920134,0.3197334533,0.3287920134
2005.06.03,0.3280264087,0.3282815071,0.3124627807,0.3145038596
2005.06.06,0.3149990306,0.3167325087,0.3110367813,0.3147514313
2005.06.07,0.3157433036,0.3236719661,0.3055846990,0.3068235347
2005.06.08,0.3090152097,0.3107202276,0.3012208159,0.3048743857
2005.06.09,0.3036620960,0.3133637886,0.2997814375,0.3106958185
2005.06.10,0.3094674320,0.3094674320,0.2966957401,0.3008710523
2005.06.13,0.2991885566,0.3104862758,0.2987077928,0.3051979661
2005.06.14,0.3042275186,0.3078676067,0.2996168207,0.3015582256
2005.06.15,0.3075764701,0.3085393323,0.2936139130,0.3044469156
2005.06.16,0.3054162555,0.3117151182,0.3034780870,0.3092925000
2005.06.17,0.3152959794,0.3177464300,0.3064742078,0.3094147672
2005.06.20,0.3057381227,0.3145622190,0.3023065505,0.3094147672
2005.06.21,0.3086791789,0.3128460601,0.3052476078,0.3089242511
2005.06.22,0.3125969990,0.3150455025,0.3035374243,0.3079448052
2005.06.23,0.3094110509,0.3169855026,0.2962169741,0.2976829309
2005.06.24,0.2974439927,0.2981605044,0.2874123743,0.2876512722
2005.06.27,0.2871844795,0.2897521141,0.2813489788,0.2836831435
2005.06.28,0.2871519325,0.2943210410,0.2859956333,0.2917772179
2005.06.29,0.2941332177,0.2943687990,0.2875358628,0.2898920353
2005.06.30,0.2915348369,0.2931770571,0.2823852988,0.2830890818
2005.07.01,0.2849360754,0.2881687252,0.2807797862,0.2819342914
2005.07.05,0.2789407646,0.2925270396,0.2789407646,0.2906848790
2005.07.06,0.2888046758,0.2946794696,0.2848098590,0.2864547941
2005.07.07,0.2783107505,0.2901784630,0.2776125871,0.2894803884
2005.07.08,0.2899490320,0.3070553894,0.2878400242,0.3061180327
2005.07.11,0.3085491535,0.3156003435,0.3068471550,0.3146277464
2005.07.12,0.3146272647,0.3230459501,0.3119035584,0.3190842214
2005.07.13,0.3195844202,0.3223337260,0.3158353494,0.3213339611
2005.07.14,0.3283651470,0.3336384796,0.3245985904,0.3308762806
2005.07.15,0.3324128452,0.3367653121,0.3278042934,0.3339489641
2005.07.18,0.3313725413,0.3339486053,0.3287963791,0.3298268440
2005.07.19,0.3344257605,0.3418347544,0.3326373961,0.3413237792
2005.07.20,0.3350514541,0.3515165668,0.3340061276,0.3486416947
2005.07.21,0.3512924512,0.3547381533,0.3420153043,0.3489069107
2005.07.22,0.3491713578,0.3520885060,0.3422763631,0.3475801585
2005.07.25,0.3486382329,0.3531351368,0.3417607398,0.3436123764
2005.07.26,0.3467623794,0.3504373622,0.3415123612,0.3475498471
2005.07.27,0.3483433902,0.3565427515,0.3425244106,0.3554848378
2005.07.28,0.3562902051,0.3608545378,0.3533367651,0.3605860898
2005.07.29,0.3595018762,0.3608571027,0.3500151875,0.3516415213
2005.08.01,0.3532415054,0.3583056387,0.3500431749,0.3535080922
2005.08.02,0.3548445398,0.3666132363,0.3535072042,0.3650084744
2005.08.03,0.3603639084,0.3663745604,0.3595443120,0.3644620992
2005.08.04,0.3595495084,0.3611870651,0.3510884167,0.3538177474
2005.08.05,0.3522119873,0.3570282677,0.3473957069,0.3487335399
2005.08.08,0.3497935429,0.3521785028,0.3397237010,0.3410486563
2005.08.09,0.3457480745,0.3514917180,0.3441816987,0.3478367084
2005.08.10,0.3504825615,0.3541857524,0.3351407561,0.3388439470
2005.08.11,0.3393628871,0.3500194333,0.3385830721,0.3471603430
2005.08.12,0.3389730071,0.3442557150,0.3350110517,0.3413502206
2005.08.15,0.3395213609,0.3523187653,0.3379544009,0.3476176861
2005.08.16,0.3436532091,0.3444463224,0.3288497719,0.3307002016
2005.08.17,0.3335118649,0.3399026172,0.3301887440,0.3365794962
2005.08.18,0.3321825122,0.3381312668,0.3295961315,0.3314066177
2005.08.19,0.3326861989,0.3355019754,0.3301264554,0.3308943589
2005.08.22,0.3324289707,0.3401003837,0.3252689006,0.3314060896
2005.08.23,0.3314058198,0.3334535918,0.3255183408,0.3285900477
2005.08.24,0.3265537492,0.3400434702,0.3217177382,0.3227358560
2005.08.25,0.3244963184,0.3275140817,0.3224845082,0.3249992950
2005.08.26,0.3234832263,0.3252518075,0.3169142244,0.3217146452
2005.08.29,0.3166957536,0.3315016592,0.3166957536,0.3292431280
2005.08.30,0.3241466109,0.3266948936,0.3180305961,0.3256755417
2005.08.31,0.3261812168,0.3355416182,0.3221334678,0.3347826955
2005.09.01,0.3352979523,0.3391628506,0.3296294610,0.3332366470
2005.09.02,0.3352920272,0.3360625846,0.3286136349,0.3293841922
2005.09.06,0.3339718627,0.3456961142,0.3326975044,0.3439119932
2005.09.07,0.3428627233,0.3475834339,0.3405023680,0.3457476131
2005.09.08,0.3425898345,0.3499592045,0.3420634365,0.3454849728
2005.09.09,0.3457480520,0.3531136895,0.3431174958,0.3512722801
2005.09.12,0.3515382401,0.3576557913,0.3502083553,0.3541980097
2005.09.13,0.3528605801,0.3590120047,0.3491162435,0.3515233316
2005.09.14,0.3520557817,0.3528540613,0.3387505812,0.3395488607
2005.09.15,0.3416283283,0.3437083068,0.3361685335,0.3390284544
2005.09.16,0.3413663647,0.3468205801,0.3377302211,0.3452622895
2005.09.19,0.3431594163,0.3447367932,0.3323809249,0.3371129553
2005.09.20,0.3389235146,0.3487549208,0.3298683370,0.3329729552
2005.09.21,0.3301502288,0.3314331769,0.3211694938,0.3219392431
2005.09.22,0.3204344387,0.3277094554,0.3154172782,0.3254516949
2005.09.23,0.3219140056,0.3315158666,0.3196398831,0.3282310016
2005.09.26,0.3338213979,0.3353460216,0.3231485475,0.3284849242
2005.09.27,0.3292472892,0.3320440019,0.3221283578,0.3261962770
2005.09.28,0.3284741576,0.3332823897,0.3234130029,0.3264497150
2005.09.29,0.3251841523,0.3398692810,0.3206266752,0.3396161307
2005.09.30,0.3388365182,0.3468937747,0.3377969522,0.3463739421
2005.10.03,0.3484800432,0.3540100610,0.3476899689,0.3490067259
2005.10.04,0.3505951642,0.3574765495,0.3418612224,0.3421258445
2005.10.05,0.3423867223,0.3431701845,0.3272391228,0.3280225850
2005.10.06,0.3272616965,0.3305622631,0.3066967618,0.3150751008
2005.10.07,0.3187812171,0.3229821702,0.3133446009,0.3172984779
2005.10.10,0.3155601122,0.3202773459,0.3103463125,0.3120842457
2005.10.11,0.3147859468,0.3147859468,0.3039820183,0.3074195979
2005.10.12,0.3020712293,0.3103360669,0.2950217899,0.2964803234
2005.10.13,0.2960058561,0.3064447146,0.2926844053,0.3033604715
2005.10.14,0.3057693510,0.3103462226,0.2999879572,0.3101053733
2005.10.17,0.3103501001,0.3132832839,0.3042392460,0.3130388908
2005.10.18,0.3120550446,0.3130389505,0.3063977262,0.3063977262
2005.10.19,0.3017904023,0.3248247009,0.2991232496,0.3248247009
2005.10.20,0.3258334933,0.3293614451,0.3104616210,0.3157536448
2005.10.21,0.3246546736,0.3266328146,0.3162478574,0.3216875565
2005.10.24,0.3261936061,0.3374589474,0.3196847953,0.3369582549
2005.10.25,0.3351513526,0.3377327096,0.3268908920,0.3330861882
2005.10.26,0.3323183297,0.3397468372,0.3266828968,0.3279637481
2005.10.27,0.3272024345,0.3277094755,0.3081888329,0.3081888329
2005.10.28,0.3113500063,0.3169416452,0.3055152002,0.3152398461
2005.10.31,0.3184479431,0.3332556186,0.3177074934,0.3288132971
2005.11.01,0.3265293684,0.3323662799,0.3247529213,0.3280520788
2005.11.02,0.3252640779,0.3437613247,0.3247572921,0.3409740512
2005.11.03,0.3511132688,0.3602116556,0.3495535029,0.3563122903
2005.11.04,0.3579173881,0.3640729922,0.3536352243,0.3600585211
2005.11.07,0.3635618601,0.3657179481,0.3565547797,0.3614058749
2005.11.08,0.3600557023,0.3673503770,0.3576241097,0.3616766953
2005.11.09,0.3611360033,0.3668126215,0.3587031964,0.3622172738
2005.11.10,0.3627581164,0.3765576791,0.3557229642,0.3741224500
2005.11.11,0.3788222409,0.3829688558,0.3763342298,0.3771635317
2005.11.14,0.3788312052,0.3813326626,0.3741061831,0.3771635317
2005.11.15,0.3777201329,0.3824451580,0.3679922960,0.3718834308
2005.11.16,0.3749117309,0.3790416650,0.3702310128,0.3787663781
2005.11.17,0.3826680338,0.3940951214,0.3809957382,0.3938164586
2005.11.18,0.3998220361,0.4035400132,0.3926721388,0.3978200736
2005.11.21,0.3963809093,0.4015636182,0.3917740692,0.4006997602
2005.11.22,0.3983844562,0.4099569383,0.3952019878,0.4050386583
2005.11.23,0.4059137879,0.4143642681,0.4053309847,0.4079535437
2005.11.25,0.4091247046,0.4120525562,0.4059040009,0.4105886304
2005.11.28,0.4138231176,0.4138231176,0.3991207321,0.4002969499
2005.11.29,0.4069461770,0.4092588610,0.3945151836,0.3945151836
2005.11.30,0.3927973066,0.3988095945,0.3902206429,0.3916522077
2005.12.01,0.3993443647,0.4147293671,0.3990595055,0.4135897131
2005.12.02,0.4115226164,0.4171343575,0.4094551685,0.4165436420
2005.12.05,0.4150598278,0.4150598278,0.4022993994,0.4073441620
2005.12.06,0.4140675373,0.4222534721,0.4102670403,0.4114363639
2005.12.07,0.4132027572,0.4140856324,0.4023135523,0.4090825236
2005.12.08,0.4120141800,0.4131869230,0.3917848665,0.4002870855
2005.12.09,0.4002870991,0.4063549470,0.3950860551,0.4049102371
2005.12.12,0.4092773840,0.4113155135,0.4037453342,0.4092773840
2005.12.13,0.4078116799,0.4192483650,0.4060521469,0.4142631892
2005.12.14,0.4116025230,0.4160367660,0.4045075764,0.4101244420
2005.12.15,0.4130604912,0.4151159978,0.4016083506,0.4121795918
2005.12.16,0.4119140525,0.4142766756,0.4027586202,0.4036447025
2005.12.19,0.4062651435,0.4074300894,0.3838405462,0.3844229080
2005.12.20,0.3852687671,0.3909054898,0.3796320445,0.3852687671
2005.12.21,0.3872442164,0.3982518754,0.3852684883,0.3903489628
2005.12.22,0.3897797893,0.3997448929,0.3894950100,0.3980366515
2005.12.23,0.4012093149,0.4035168264,0.3951522620,0.3980366515
2005.12.27,0.4014979965,0.4061129103,0.3856342370,0.3876532549
2005.12.28,0.3882197777,0.3930370531,0.3828356367,0.3862361809
2005.12.29,0.3873664177,0.3899105481,0.3766246297,0.3786033858
2005.12.30,0.3735831389,0.3746988920,0.3685623563,0.3699569945
2006.01.03,0.3765488095,0.3996196308,0.3630907868,0.3946758759
2006.01.04,0.3975415456,0.4070000571,0.3949619614,0.4070000571
2006.01.05,0.4072927473,0.4146058782,0.4061226196,0.4122656228
2006.01.06,0.4222967268,0.4352784441,0.4163960690,0.4346883558
2006.01.09,0.4346879925,0.4420209995,0.4297992823,0.4398821961
2006.01.10,0.4340316836,0.4420388279,0.4306440049,0.4408070409
2006.01.11,0.4445075828,0.4540680372,0.4404983448,0.4509839627
2006.01.12,0.4494187329,0.4534892081,0.4397122518,0.4444089632
2006.01.13,0.4425480819,0.4459586799,0.4360370048,0.4437883209
2006.01.17,0.4335658306,0.4379025043,0.4289193270,0.4351146257
2006.01.18,0.4146336045,0.4277787731,0.4143279544,0.4201362386
2006.01.19,0.4264071263,0.4383513459,0.4225253517,0.4293932381
2006.01.20,0.4275748000,0.4284837537,0.3878873255,0.3909168631
2006.01.23,0.3940441276,0.3966028603,0.3860836740,0.3912010310
2006.01.24,0.3940459853,0.4037169841,0.3926238019,0.3963214570
2006.01.25,0.4020592364,0.4029199378,0.3859922264,0.3911565443
2006.01.26,0.3979825172,0.4033862411,0.3903034725,0.3994045384
2006.01.27,0.4066140202,0.4236283701,0.4048838182,0.4155538007
2006.01.30,0.4176254620,0.4217701246,0.4143689092,0.4179214610
2006.01.31,0.4173280245,0.4202998046,0.4066299561,0.4122761683
2006.02.01,0.4046193591,0.4172820207,0.4034414006,0.4166931538
2006.02.02,0.4125414780,0.4146176342,0.3947467910,0.3953399623
2006.02.03,0.3864647294,0.3896137234,0.3767315248,0.3807392957
2006.02.06,0.3751566906,0.3832515071,0.3715279137,0.3776689044
2006.02.07,0.3757262782,0.3810012074,0.3673972978,0.3726723329
2006.02.08,0.3806515217,0.3869805275,0.3743226210,0.3856045928
2006.02.09,0.3887007491,0.3932041564,0.3723759377,0.3746275877
2006.02.10,0.3737993375,0.3842900433,0.3622043247,0.3815292758
2006.02.13,0.3742637978,0.3753815849,0.3630861402,0.3683955755
2006.02.14,0.3705795613,0.3828624716,0.3662123159,0.3795870636
2006.02.15,0.3765242041,0.3896101383,0.3748536118,0.3868259241
2006.02.16,0.3910552807,0.3978218557,0.3865441948,0.3975399598
2006.02.17,0.3952432923,0.3952432923,0.3877786989,0.3880657523
2006.02.21,0.3880649559,0.3897600151,0.3711147954,0.3750698257
2006.02.22,0.3758985526,0.3968841206,0.3731373435,0.3891525457
2006.02.23,0.3871721457,0.3970755133,0.3840597697,0.3860404216
2006.02.24,0.3871658456,0.3899802988,0.3820999373,0.3891359092
2006.02.27,0.3919655450,0.4063954068,0.3911167614,0.4021513806
2006.02.28,0.3989700806,0.4021510646,0.3804626575,0.3842219020
2006.03.01,0.3878679739,0.4030125149,0.3856243976,0.3999275039
2006.03.02,0.3967589222,0.4051107668,0.3927270276,0.4007908169
2006.03.03,0.3938696085,0.4100203869,0.3921391208,0.3938696085
2006.03.06,0.3964350265,0.3990006466,0.3799010059,0.3836069258
2006.03.07,0.3816466601,0.3830470051,0.3712839796,0.3768853592
2006.03.08,0.3743942850,0.3835281548,0.3671979891,0.3774389082
2006.03.09,0.3810411178,0.3851969611,0.3663573215,0.3677425674
2006.03.10,0.3666534164,0.3750937442,0.3587576359,0.3688316057
2006.03.13,0.3737422728,0.3791982790,0.3704685441,0.3721054084
2006.03.14,0.3710071040,0.3924113518,0.3710071040,0.3910393034
2006.03.15,0.3955766614,0.4009645107,0.3896217725,0.4009645107
2006.03.16,0.4047123691,0.4067306375,0.3897195496,0.3908727672
2006.03.17,0.3908443614,0.3979354952,0.3877242452,0.3939644776
2006.03.20,0.3973864779,0.4005230047,0.3925391973,0.3968161904
2006.03.21,0.3842101191,0.4099959507,0.3833506242,0.3842101191
2006.03.22,0.3777610862,0.3889761032,0.3772003193,0.3870134726
2006.03.23,0.3836324447,0.3872950623,0.3760255193,0.3836324447
2006.03.24,0.3875543289,0.3951168252,0.3816724230,0.3895149642
2006.03.27,0.3889488032,0.3954564239,0.3878171228,0.3897976984
2006.03.28,0.3920616516,0.3999877822,0.3807386232,0.3849847184
2006.03.29,0.3866695513,0.4119358722,0.3858272656,0.4068825866
2006.03.30,0.4095034567,0.4179478518,0.4030974597,0.4106682238
2006.03.31,0.4130123411,0.4147701837,0.4045157289,0.4071526047
2006.04.03,0.4135605195,0.4199692328,0.4062778049,0.4086082158
2006.04.04,0.4106530764,0.4182451977,0.4071490804,0.4153251082
2006.04.05,0.4179814277,0.4289032334,0.4153247600,0.4271321967
2006.04.06,0.4265308165,0.4370562067,0.4220198695,0.4307409726
2006.04.07,0.4352772432,0.4404182572,0.4177370686,0.4183419142
2006.04.10,0.4207142986,0.4236798148,0.4115210172,0.4165624174
2006.04.11,0.4204068023,0.4215896853,0.4002982411,0.4065082081
2006.04.12,0.4070904314,0.4111633660,0.4030176079,0.4067995630
2006.04.13,0.4059263841,0.4184418094,0.4027247481,0.4117474192
2006.04.17,0.4099867262,0.4149745854,0.3909152494,0.3988372423
2006.04.18,0.4019967545,0.4246862773,0.4019967545,0.4218141234
2006.04.19,0.4241980896,0.4274764551,0.4170452819,0.4274764551
2006.04.20,0.4271759502,0.4325883233,0.4193581416,0.4229663522
2006.04.21,0.4277434654,0.4295348935,0.4026640425,0.4080382127
2006.04.24,0.4065809213,0.4100783605,0.3998774499,0.4068723282
2006.04.25,0.4100718204,0.4109444850,0.3978540718,0.4042537973
2006.04.26,0.4039647476,0.4097577574,0.3993303619,0.4039647476
2006.04.27,0.3984636042,0.4222036239,0.3935419669,0.4155447692
2006.04.28,0.4078756853,0.4143655392,0.4013858315,0.4034507645
2006.05.01,0.4054748399,0.4092346259,0.3878330047,0.3915926804
2006.05.02,0.3966954772,0.3998138726,0.3904587946,0.3947110634
2006.05.03,0.3952809607,0.3972758815,0.3870162270,0.3930010979
2006.05.04,0.3941377358,0.4072094383,0.3941377358,0.4026627922
2006.05.05,0.4104600962,0.4136367511,0.4058395373,0.4121928471
2006.05.08,0.4098459679,0.4157119983,0.4095525993,0.4133656085
2006.05.09,0.4104274599,0.4127784092,0.4066073356,0.4086643601
2006.05.10,0.4054562064,0.4069143107,0.3943744135,0.3978738861
2006.05.11,0.3967281911,0.3973010968,0.3680835614,0.3712344882
2006.05.12,0.3663135356,0.3679536797,0.3559255050,0.3561988275
2006.05.15,0.3516788851,0.3601872350,0.3455635149,0.3554012755
2006.05.16,0.3556669347,0.3580563403,0.3450474333,0.3474368388
2006.05.17,0.3427298852,0.3461293199,0.3309626878,0.3333161273
2006.05.18,0.3376391301,0.3419623585,0.3251778831,0.3264494151
2006.05.19,0.3302116021,0.3369830373,0.3189258767,0.3339734467
2006.05.22,0.3253166046,0.3311728965,0.3153865309,0.3242982077
2006.05.23,0.3315378540,0.3345337482,0.3143118904,0.3148112061
2006.05.24,0.3133430791,0.3258246371,0.3060010356,0.3211746046
2006.05.25,0.3276225367,0.3343188499,0.3204301897,0.3338228162
2006.05.26,0.3361130521,0.3394207758,0.3305153809,0.3371308282
2006.05.30,0.3322647587,0.3330331659,0.3145929557,0.3153612652
2006.05.31,0.3170747998,0.3256444521,0.3129124693,0.3197681164
2006.06.01,0.3224869915,0.3425034345,0.3202629423,0.3425034345
2006.06.02,0.3481910475,0.3492253033,0.3313848339,0.3399171980
2006.06.05,0.3378585795,0.3378585795,0.3177927773,0.3177927773
2006.06.06,0.3195143985,0.3219728846,0.3072222493,0.3170560062
2006.06.07,0.3182835830,0.3273656799,0.3096924229,0.3099378445
2006.06.08,0.3053440115,0.3123551052,0.2864866760,0.3084869315
2006.06.09,0.3123431019,0.3166812070,0.3014978393,0.3024618831
2006.06.12,0.3036513629,0.3050783862,0.2843857324,0.2846236301
2006.06.13,0.2866784376,0.2937559214,0.2791442409,0.2811990139
2006.06.14,0.2836900060,0.2916163849,0.2800665062,0.2898046782
2006.06.15,0.2948868887,0.3166049505,0.2937316932,0.3133703680
2006.06.16,0.3115697812,0.3147340191,0.3030507862,0.3064583842
2006.06.19,0.3102952797,0.3112544830,0.2961473511,0.2990248695
2006.06.20,0.3004396514,0.3096391870,0.2969013269,0.3002038051
2006.06.21,0.3016229941,0.3217259854,0.3013865286,0.3143942935
2006.06.22,0.3121997239,0.3143943103,0.2975692095,0.3024459856
2006.06.23,0.3017333549,0.3105239839,0.2962689049,0.3014958095
2006.06.26,0.3019704278,0.3071863766,0.2995995914,0.3038671694
2006.06.27,0.3043435464,0.3057735418,0.2857540604,0.2867072998
2006.06.28,0.2887701008,0.2938121448,0.2832697688,0.2931246251
2006.06.29,0.2970781355,0.3198706696,0.2952175658,0.3198706696
2006.06.30,0.3238118365,0.3243044619,0.3129743599,0.3151911271
2006.07.03,0.3181171545,0.3207999911,0.3161660598,0.3207999911
2006.07.05,0.3119165501,0.3129036498,0.2983442578,0.2998249074
2006.07.06,0.3026543464,0.3076055627,0.2965241921,0.2988819784
2006.07.07,0.2939405499,0.3002929829,0.2861763254,0.2889996389
2006.07.10,0.2913009787,0.2945214472,0.2770387788,0.2814094898
2006.07.11,0.2796014143,0.2899961524,0.2750820604,0.2877363892
2006.07.12,0.2859016860,0.2877363038,0.2693896880,0.2714536878
2006.07.13,0.2650586776,0.2738793015,0.2577817344,0.2577817344
2006.07.14,0.2575685850,0.2592724963,0.2467064346,0.2499011465
2006.07.17,0.2501099030,0.2563678469,0.2484410756,0.2517786509
2006.07.18,0.2557621802,0.2580682432,0.2415065904,0.2542947001
2006.07.19,0.2536609899,0.2686443787,0.2530279174,0.2642126291
2006.07.20,0.2670265255,0.2681087563,0.2516586333,0.2525244510
2006.07.21,0.2483251197,0.2500048417,0.2428658430,0.2445456451
2006.07.24,0.2474226287,0.2595471633,0.2466006077,0.2591361529
2006.07.25,0.2608441985,0.2661820751,0.2555063219,0.2636198357
2006.07.26,0.2612442821,0.2690189936,0.2551973209,0.2629720324
2006.07.27,0.2662063279,0.2726746050,0.2556414121,0.2577974771
2006.07.28,0.2616272580,0.2746057973,0.2609889958,0.2739675351
2006.07.31,0.2733035370,0.2786189497,0.2690954104,0.2737464176
2006.08.01,0.2664408835,0.2671049308,0.2551515735,0.2600214786
2006.08.02,0.2628017993,0.2739211554,0.2628017993,0.2687891135
2006.08.03,0.2607011213,0.2786252400,0.2598267538,0.2738163017
2006.08.04,0.2811188376,0.2851021623,0.2627512755,0.2700540656
2006.08.07,0.2691771745,0.2698349250,0.2608453056,0.2647919759
2006.08.08,0.2669558575,0.2689033908,0.2550542190,0.2598148744
2006.08.09,0.2707121942,0.2775494251,0.2587469995,0.2608836035
2006.08.10,0.2587410448,0.2683822555,0.2561700825,0.2664540134
2006.08.11,0.2634122545,0.2642812995,0.2573284418,0.2608048707
2006.08.14,0.2674444921,0.2766544150,0.2644459277,0.2659452099
2006.08.15,0.2752755530,0.2872094417,0.2728887587,0.2861245578
2006.08.16,0.2924994934,0.3068436891,0.2893119137,0.3063883082
2006.08.17,0.3032921850,0.3156779418,0.3028157993,0.3097232563
2006.08.18,0.3073237550,0.3121219625,0.2989268690,0.3111623027
2006.08.21,0.3041835761,0.3056275180,0.2984079003,0.3022583203
2006.08.22,0.3008418989,0.3114626504,0.2970656417,0.3024940058
2006.08.23,0.3032028409,0.3081617398,0.2904513094,0.2956463978
2006.08.24,0.2982047896,0.3005302380,0.2905306502,0.2982047896
2006.08.25,0.2963332510,0.3073259216,0.2937605799,0.2998415767
2006.08.28,0.2991375684,0.3108745846,0.2979638847,0.3066492516
2006.08.29,0.3059345407,0.3102232580,0.2964038356,0.3095084869
2006.08.30,0.3092688289,0.3167008104,0.3063918443,0.3138239173
2006.08.31,0.3150333552,0.3167270769,0.3101941108,0.3128556998
2006.09.01,0.3179266502,0.3210656049,0.3135803061,0.3179266502
2006.09.05,0.3184149365,0.3276891811,0.3123134770,0.3272010532
2006.09.06,0.3182454024,0.3204842369,0.3060562664,0.3075487594
2006.09.07,0.3046858297,0.3130367061,0.3001525592,0.3032543185
2006.09.08,0.3044362118,0.3110543602,0.3025452608,0.3086907616
2006.09.11,0.3012761080,0.3189748373,0.2991235611,0.3144305209
2006.09.12,0.3141883082,0.3347682952,0.3141883082,0.3318629059
2006.09.13,0.3326153831,0.3393898123,0.3306081980,0.3386371299
2006.09.14,0.3360943683,0.3455033819,0.3338057024,0.3396545907
2006.09.15,0.3481445348,0.3522237516,0.3404960152,0.3433004951
2006.09.18,0.3435574445,0.3507470518,0.3389355892,0.3435574445
2006.09.19,0.3461259750,0.3468966354,0.3281431463,0.3366207053
2006.09.20,0.3454901861,0.3541063277,0.3452367162,0.3513187383
2006.09.21,0.3539256434,0.3575752411,0.3421948219,0.3448016490
2006.09.22,0.3440294146,0.3442868141,0.3324444708,0.3368209506
2006.09.25,0.3411294642,0.3568426797,0.3320056305,0.3545617213
2006.09.26,0.3532509656,0.3605921190,0.3501047713,0.3598055954
2006.09.27,0.3571579546,0.3645712363,0.3526571237,0.3584818234
2006.09.28,0.3598024774,0.3629717387,0.3508228197,0.3613871584
2006.09.29,0.3632457171,0.3640422763,0.3558107925,0.3566074531
2006.10.02,0.3552912722,0.3579231212,0.3416060592,0.3431850682
2006.10.03,0.3401076913,0.3519062634,0.3365168301,0.3475459599
2006.10.04,0.3457355096,0.3734115778,0.3431489013,0.3731528677
2006.10.05,0.3731526590,0.3802001548,0.3699000242,0.3785737858
2006.10.06,0.3747423171,0.3802156933,0.3714583332,0.3761106351
2006.10.09,0.3747479205,0.3851021151,0.3736579834,0.3799249658
2006.10.10,0.3812968923,0.3854116464,0.3733418614,0.3818455331
2006.10.11,0.3766156963,0.3876252170,0.3694594764,0.3796433197
2006.10.12,0.3856749984,0.3991097002,0.3840300055,0.3977388379
2006.10.13,0.3985873496,0.4067872064,0.3960425702,0.4042424270
2006.10.16,0.4042428204,0.4096733316,0.4033854000,0.4053861204
2006.10.17,0.3967947289,0.3976538738,0.3850541006,0.3919267141
2006.10.18,0.3980859379,0.4006054718,0.3821289257,0.3863280776
2006.10.19,0.3832786210,0.3949239776,0.3805059725,0.3891013522
2006.10.20,0.3930007710,0.3941151671,0.3818570230,0.3918863750
2006.10.23,0.3896471686,0.4081219176,0.3868480225,0.4039230916
2006.10.24,0.3996394907,0.4044946223,0.3893581380,0.3956412111
2006.10.25,0.3962042223,0.4063440685,0.3931059240,0.4038091070
2006.10.26,0.4080920180,0.4177993221,0.3978135678,0.4149442455
2006.10.27,0.4120370565,0.4149441411,0.3934314486,0.3972106364
2006.10.30,0.3957990266,0.4096322796,0.3929759665,0.4048329482
2006.10.31,0.4071200925,0.4128379843,0.3999726186,0.4076919035
2006.11.01,0.4120003565,0.4131493500,0.3858613578,0.3910317189
2006.11.02,0.3857246611,0.3949417801,0.3837695115,0.3921487396
2006.11.03,0.3938280639,0.3963466264,0.3801159731,0.3890708384
2006.11.06,0.3929682492,0.4107840239,0.3926899241,0.4060517552
2006.11.07,0.4060520602,0.4218015811,0.4040475817,0.4143563908
2006.11.08,0.4073903750,0.4250946172,0.4039076077,0.4201605955
2006.11.09,0.4268983713,0.4295347550,0.4096154364,0.4143024401
2006.11.10,0.4145922163,0.4203961464,0.4096588369,0.4201058890
2006.11.13,0.4206919024,0.4350437010,0.4192274605,0.4329934601
2006.11.14,0.4338899611,0.4479346444,0.4261206322,0.4467393279
2006.11.15,0.4485690687,0.4610773511,0.4464334005,0.4522299982
2006.11.16,0.4568441875,0.4617653007,0.4494625763,0.4580744951
2006.11.17,0.4506295582,0.4580744951,0.4472172461,0.4580744951
2006.11.20,0.4537311985,0.4636578571,0.4490780255,0.4608659769
2006.11.21,0.4618007721,0.4646039725,0.4565059040,0.4627352515
2006.11.22,0.4667949039,0.4721040686,0.4568009650,0.4714794400
2006.11.24,0.4610446207,0.4755905735,0.4604121722,0.4689500455
2006.11.27,0.4645391491,0.4676900621,0.4371268667,0.4371268667
2006.11.28,0.4332199648,0.4431365066,0.4281115267,0.4410330186
2006.11.29,0.4479854592,0.4534265882,0.4377077840,0.4501014410
2006.11.30,0.4494883548,0.4565355369,0.4415220106,0.4491820064
2006.12.01,0.4479579748,0.4586673075,0.4253152354,0.4375545729
2006.12.04,0.4414637611,0.4622089879,0.4414637611,0.4555945179
2006.12.05,0.4596088037,0.4645497240,0.4534326240,0.4605351895
2006.12.06,0.4561810063,0.4599134804,0.4496493546,0.4555589273
2006.12.07,0.4580290313,0.4623519841,0.4382668940,0.4382668940
2006.12.08,0.4340550402,0.4551158334,0.4313472075,0.4442846175
2006.12.11,0.4421595074,0.4585544340,0.4397305607,0.4491425553
2006.12.12,0.4488363456,0.4512829332,0.4338514047,0.4411909343
2006.12.13,0.4502566369,0.4505588871,0.4357517413,0.4436086318
2006.12.14,0.4463377564,0.4645349580,0.4454278153,0.4584691856
2006.12.15,0.4697669802,0.4722498289,0.4595249189,0.4620078859
2006.12.18,0.4666868110,0.4719900161,0.4423541152,0.4482813668
2006.12.19,0.4378871479,0.4504214945,0.4296328050,0.4440013722
2006.12.20,0.4455206219,0.4518996351,0.4385339513,0.4391414929
2006.12.21,0.4406491926,0.4421568652,0.4246675408,0.4297937658
2006.12.22,0.4303882750,0.4306854545,0.4164184551,0.4164184551
2006.12.26,0.4164185958,0.4219475226,0.4149636267,0.4216565732
2006.12.27,0.4245903225,0.4301655310,0.4213625938,0.4281115422
2006.12.28,0.4242582043,0.4295935519,0.4198120435,0.4218868884
2006.12.29,0.4239414141,0.4362693352,0.4218867793,0.4230608883
2007.01.03,0.4318827149,0.4495266550,0.4042406880,0.4254133712
2007.01.04,0.4271848873,0.4540437882,0.4227576628,0.4496165637
2007.01.05,0.4462485986,0.4462485986,0.4318600197,0.4431871367
2007.01.08,0.4444003897,0.4513741324,0.4368202194,0.4440972337
2007.01.09,0.4480438402,0.4565453218,0.4365063054,0.4507764386
2007.01.10,0.4464833092,0.4679488774,0.4421902189,0.4667222467
2007.01.11,0.4695468652,0.4861782469,0.4676641531,0.4811574818
2007.01.12,0.4792354387,0.4898020484,0.4776344520,0.4885213324
2007.01.16,0.4898153456,0.4914327079,0.4826994698,0.4875511865
2007.01.17,0.4814141440,0.4878746544,0.4730155668,0.4755996970
2007.01.18,0.4717863960,0.4733748800,0.4450994512,0.4492296068
2007.01.19,0.4458680295,0.4553458133,0.4440335633,0.4519826836
2007.01.22,0.4532100285,0.4538240102,0.4317211384,0.4372468564
2007.01.23,0.4363453765,0.4459529832,0.4315415731,0.4339435321
2007.01.24,0.4423081477,0.4560493377,0.4396196442,0.4554518798
2007.01.25,0.4573027820,0.4606955582,0.4332450855,0.4378715022
2007.01.26,0.4402744905,0.4408752883,0.4246540916,0.4330650316
2007.01.29,0.4297848600,0.4432032382,0.4279958187,0.4342576906
2007.01.30,0.4363490210,0.4396350989,0.4315693025,0.4348553804
2007.01.31,0.4333602871,0.4515995971,0.4258851207,0.4480115492
2007.02.01,0.4541113953,0.4580761327,0.4413022885,0.4458769944
2007.02.02,0.4495247089,0.4534768319,0.4440525742,0.4507407646
2007.02.05,0.4501281719,0.4568648232,0.4446163875,0.4495157385
2007.02.06,0.4519616305,0.4528785568,0.4348449340,0.4476824855
2007.02.07,0.4543882537,0.4656667635,0.4495111011,0.4598750649
2007.02.08,0.4580132680,0.4642193145,0.4527379864,0.4595647796
2007.02.09,0.4632870253,0.4679395853,0.4372329497,0.4418855097
2007.02.12,0.4415832184,0.4421874512,0.4331241900,0.4367494714
2007.02.13,0.4388471499,0.4454418906,0.4364491351,0.4412452790
2007.02.14,0.4466781055,0.4668992806,0.4466781055,0.4635793587
2007.02.15,0.4645153883,0.4716873444,0.4620207328,0.4716873444
2007.02.16,0.4653787690,0.4707413056,0.4625398074,0.4669559432
2007.02.20,0.4647619405,0.4798014298,0.4581821863,0.4776081784
2007.02.21,0.4734735996,0.4826971395,0.4706112472,0.4820610207
2007.02.22,0.4875019682,0.4935823599,0.4782212741,0.4894220276
2007.02.23,0.4894216656,0.4907147518,0.4777842597,0.4842494441
2007.02.26,0.4913105588,0.4919525302,0.4682000796,0.4771875562
2007.02.27,0.4558921246,0.4593884118,0.4142548318,0.4183866973
2007.02.28,0.4172244668,0.4349518052,0.4108309315,0.4224555211
2007.03.01,0.3996416484,0.4285983881,0.3905744733,0.4166062278
2007.03.02,0.4064631833,0.4168952544,0.3974800970,0.3977698276
2007.03.05,0.3884999160,0.4067590615,0.3859717135,0.3884999160
2007.03.06,0.3990075162,0.4117271684,0.3981780127,0.4078559057
2007.03.07,0.4081412921,0.4115678218,0.4021448379,0.4030014431
2007.03.08,0.4157491088,0.4188651176,0.4075341960,0.4112167617
2007.03.09,0.4215522036,0.4218392512,0.4020296872,0.4100683318
2007.03.12,0.4083489096,0.4200978928,0.4072027500,0.4180919769
2007.03.13,0.4119958846,0.4189625185,0.3934183420,0.3937085676
2007.03.14,0.3953816395,0.4112712208,0.3861823522,0.4109925029
2007.03.15,0.4084107482,0.4129996323,0.4032482400,0.4081238814
2007.03.16,0.4103240528,0.4131805967,0.4008977305,0.4071820180
2007.03.19,0.4137406724,0.4231524723,0.4106033695,0.4197300095
2007.03.20,0.4194394596,0.4290427686,0.4179844430,0.4287518097
2007.03.21,0.4305232608,0.4541350971,0.4219639350,0.4535447872
2007.03.22,0.4541568905,0.4544632670,0.4434360489,0.4486432814
2007.03.23,0.4486428534,0.4519879294,0.4428650687,0.4443855262
2007.03.26,0.4449904990,0.4504294997,0.4295800740,0.4498251535
2007.03.27,0.4476922835,0.4479969704,0.4391629078,0.4403814233
2007.03.28,0.4346753904,0.4415829291,0.4259658401,0.4262662327
2007.03.29,0.4350811055,0.4359625942,0.4139244795,0.4277350673
2007.03.30,0.4274413211,0.4365712432,0.4174277748,0.4265576969
2007.04.02,0.4306731012,0.4333188801,0.4197960599,0.4283213600
2007.04.03,0.4351014515,0.4495459247,0.4342171350,0.4451241173
2007.04.04,0.4460312165,0.4517767780,0.4442169257,0.4505671740
2007.04.05,0.4490425688,0.4578832221,0.4472134320,0.4572735098
2007.04.09,0.4618923491,0.4631238149,0.4517330498,0.4538880563
2007.04.10,0.4535808335,0.4609329479,0.4526618630,0.4609329479
2007.04.11,0.4596951131,0.4603141062,0.4420542223,0.4463870561
2007.04.12,0.4442663688,0.4588059888,0.4385111386,0.4569886085
2007.04.13,0.4572962015,0.4619112589,0.4486815530,0.4597575967
2007.04.16,0.4653177606,0.4752027952,0.4653177606,0.4724226219
2007.04.17,0.4752538985,0.4768265202,0.4692777679,0.4755683749
2007.04.18,0.4683023031,0.4777799490,0.4651431279,0.4708296191
2007.04.19,0.4645528661,0.4783607522,0.4617285122,0.4752226344
2007.04.20,0.4869062023,0.4916425694,0.4768018081,0.4831170846
2007.04.23,0.4850328859,0.4895022327,0.4812020346,0.4853521945
2007.04.24,0.4904747642,0.4968792556,0.4808680883,0.4927163179
2007.04.25,0.4975689502,0.5127709693,0.4927173286,0.5124475773
2007.04.26,0.5160983446,0.5237337107,0.5131107579,0.5204139588
2007.04.27,0.5143773331,0.5254452777,0.5116942764,0.5210851667
2007.04.30,0.5183994945,0.5197421115,0.4992656970,0.5006084421
2007.05.01,0.5009353507,0.5064903458,0.4908054999,0.4993014113
2007.05.02,0.5048464896,0.5208302753,0.5035416654,0.5156109784
2007.05.03,0.5186107347,0.5256085711,0.5159449952,0.5212766013
2007.05.04,0.5273177791,0.5313456354,0.5155696835,0.5226185920
2007.05.07,0.5236272508,0.5276620141,0.5206011462,0.5226185920
2007.05.08,0.5172391096,0.5273260836,0.5115230764,0.5259811195
2007.05.09,0.5178768710,0.5340851315,0.5168637662,0.5293577383
2007.05.10,0.5239325765,0.5276628585,0.5035857487,0.5076550884
2007.05.11,0.5093030893,0.5271077328,0.5073247397,0.5271077328
2007.05.14,0.5267699339,0.5304883294,0.5071638955,0.5162908311
2007.05.15,0.5149576896,0.5242923525,0.5006225643,0.5042896125
2007.05.16,0.5075708378,0.5193850140,0.4980538487,0.5190567729
2007.05.17,0.5170499045,0.5197259635,0.5103595654,0.5116976587
2007.05.18,0.5166670696,0.5242878451,0.5133537329,0.5242878451
2007.05.21,0.5252991779,0.5421356650,0.5229419516,0.5343907679
2007.05.22,0.5354140177,0.5435986159,0.5296164748,0.5357549885
2007.05.23,0.5405367082,0.5466856572,0.5272140288,0.5282389405
2007.05.24,0.5292546495,0.5353458218,0.4991372580,0.5055667714
2007.05.25,0.5088526480,0.5187099872,0.5062241161,0.5150956462
2007.05.29,0.5167587583,0.5287351661,0.5137646564,0.5270718044
2007.05.30,0.5159237770,0.5402450000,0.5115324165,0.5399071337
2007.05.31,0.5443698529,0.5512345626,0.5405942560,0.5474589657
2007.06.01,0.5533474864,0.5599294148,0.5460725704,0.5484974983
2007.06.04,0.5426016434,0.5554353434,0.5415611125,0.5533542816
2007.06.05,0.5488185536,0.5533542816,0.5331180594,0.5533542816
2007.06.06,0.5460270728,0.5463760466,0.5317222095,0.5355601224
2007.06.07,0.5300989460,0.5403390769,0.5099599656,0.5106426584
2007.06.08,0.5099814086,0.5301470745,0.5046920640,0.5294858906
2007.06.11,0.5284705562,0.5389676389,0.5244070443,0.5264388002
2007.06.12,0.5180055416,0.5338594604,0.5139577790,0.5169936331
2007.06.13,0.5236591459,0.5353231135,0.5169939670,0.5339900523
2007.06.14,0.5356921352,0.5489710594,0.5353517099,0.5445447513
2007.06.15,0.5596303340,0.5634276580,0.5558331416,0.5596303340
2007.06.18,0.5627934822,0.5634965513,0.5564659949,0.5599813401
2007.06.19,0.5550585275,0.5631470033,0.5508383482,0.5596301872
2007.06.20,0.5620908331,0.5652544427,0.5413507656,0.5438114402
2007.06.21,0.5431211282,0.5603630818,0.5358795392,0.5586389128
2007.06.22,0.5551293912,0.5575867379,0.5375768383,0.5428426578
2007.06.25,0.5431867690,0.5528292303,0.5266570044,0.5359550216
2007.06.26,0.5434665331,0.5438079208,0.5240041757,0.5267356683
2007.06.27,0.5250476136,0.5517106754,0.5226850768,0.5510356465
2007.06.28,0.5503410616,0.5618160783,0.5486024388,0.5503410616
2007.06.29,0.5593743544,0.5628488092,0.5395704257,0.5531204682
2007.07.02,0.5569551369,0.5688077240,0.5559093635,0.5681104974
2007.07.03,0.5702392050,0.5784006744,0.5684649960,0.5780458867
2007.07.05,0.5791224007,0.5945577053,0.5773276266,0.5906091199
2007.07.06,0.5924304126,0.5997129231,0.5847838390,0.5978923302
2007.07.09,0.5993606706,0.6022974407,0.5927527626,0.5989934868
2007.07.10,0.5890695131,0.5993611722,0.5820860025,0.5839237537
2007.07.11,0.5799491381,0.5958481417,0.5781424707,0.5958481417
2007.07.12,0.6017076679,0.6273433073,0.5998764311,0.6233149495
2007.07.13,0.6259560854,0.6387846066,0.6236921779,0.6361434532
2007.07.16,0.6357604627,0.6430271227,0.6307885606,0.6342306242
2007.07.17,0.6384294034,0.6514066477,0.6369026345,0.6487348749
2007.07.18,0.6378866408,0.6464106324,0.6258753669,0.6464106324
2007.07.19,0.6556869125,0.6653502143,0.6518216507,0.6522081179
2007.07.20,0.6510411149,0.6537629566,0.6296551529,0.6417089806
2007.07.23,0.6482483357,0.6517101090,0.6367089934,0.6424786646
2007.07.24,0.6282360653,0.6436339117,0.6032143630,0.6139930170
2007.07.25,0.6233281323,0.6266885899,0.6039113477,0.6166069322
2007.07.26,0.6038752216,0.6192279779,0.5660549230,0.6008794921
2007.07.27,0.5975672929,0.6060320960,0.5644441685,0.5644441685
2007.07.30,0.5725593069,0.5905546495,0.5630323133,0.5842033204
2007.07.31,0.5993648834,0.6000868814,0.5437722819,0.5473821339
2007.08.01,0.5425455575,0.5612024221,0.5283801895,0.5601659736
2007.08.02,0.5612187415,0.5787604761,0.5563070772,0.5756029585
2007.08.03,0.5723883540,0.5745317327,0.5330940313,0.5427388949
2007.08.06,0.5444549497,0.5633397557,0.5293470001,0.5616229789
2007.08.07,0.5584616988,0.5844529278,0.5444122917,0.5735647646
2007.08.08,0.5806877432,0.6002776176,0.5767699042,0.5924416678
2007.08.09,0.5687885818,0.5971734891,0.5505931889,0.5513210212
2007.08.10,0.5336402993,0.5554805452,0.5138801209,0.5364135904
2007.08.13,0.5500287579,0.5568360655,0.5432214504,0.5473057830
2007.08.14,0.5507553987,0.5521351929,0.5172961128,0.5193658041
2007.08.15,0.5157027862,0.5293556967,0.4867320010,0.4897289876
2007.08.16,0.4778863281,0.4900495701,0.4413967243,0.4753257163
2007.08.17,0.5023070503,0.5110919043,0.4797172889,0.5023070503
2007.08.20,0.5081644420,0.5156485969,0.4948231009,0.5094659424
2007.08.21,0.5078238293,0.5291748094,0.5048675417,0.5255615550
2007.08.22,0.5376323222,0.5483626143,0.5339437603,0.5470212958
2007.08.23,0.5514978128,0.5535636928,0.5322154343,0.5425452284
2007.08.24,0.5374083147,0.5665159857,0.5353536049,0.5654886961
2007.08.27,0.5605620595,0.5654895353,0.5528188066,0.5542266952
2007.08.28,0.5445030151,0.5479756922,0.5135969177,0.5146387870
2007.08.29,0.5248785400,0.5602227821,0.5248785400,0.5589015974
2007.08.30,0.5501837318,0.5819183709,0.5473938090,0.5676203496
2007.08.31,0.5862937278,0.5933405594,0.5774852218,0.5866460089
2007.09.04,0.5888071909,0.6273407205,0.5880869213,0.6158166820
2007.09.05,0.6113544944,0.6147013303,0.5856953724,0.5972233941
2007.09.06,0.5990446674,0.6037807188,0.5837437709,0.5957658840
2007.09.07,0.5735793144,0.5761253115,0.5524838898,0.5626678783
2007.09.10,0.5763168067,0.5808667174,0.5479676819,0.5616172803
2007.09.11,0.5724543667,0.5892331011,0.5696579998,0.5871357259
2007.09.12,0.5838957026,0.6029748681,0.5817357427,0.5874954985
2007.09.13,0.6001001734,0.6022608781,0.5874954674,0.5961386983
2007.09.14,0.5823199908,0.6008660660,0.5797744728,0.5975932374
2007.09.17,0.5895800074,0.5932223324,0.5746462526,0.5826595343
2007.09.18,0.5926871405,0.6281409822,0.5833761064,0.6267084734
2007.09.19,0.6361014815,0.6473731871,0.6244539711,0.6315926846
2007.09.20,0.6274383222,0.6349916374,0.6221507999,0.6263052096
2007.09.21,0.6366756285,0.6456937636,0.6265302802,0.6396817213
2007.09.24,0.6446355701,0.6625455426,0.6385385303,0.6484461654
2007.09.25,0.6419089772,0.6669035003,0.6396018898,0.6669035003
2007.09.26,0.6782649974,0.6841412861,0.6688627261,0.6766979273
2007.09.27,0.6885652841,0.6897521134,0.6782803852,0.6869830964
2007.09.28,0.6853847772,0.6909786436,0.6710004622,0.6801904074
2007.10.01,0.6817772240,0.7099585713,0.6789987899,0.7036078430
2007.10.02,0.7052326540,0.7060445282,0.6922429766,0.7040147653
2007.10.03,0.6971108744,0.7064507920,0.6833040061,0.6893953307
2007.10.04,0.6933995586,0.6966030178,0.6769822122,0.6942004234
2007.10.05,0.7102912223,0.7396577607,0.7058662767,0.7364394511
2007.10.08,0.7356034983,0.7506613586,0.7318390332,0.7502431556
2007.10.09,0.7553244836,0.7629469095,0.7451611952,0.7599826507
2007.10.10,0.7604101128,0.7680982243,0.7527220013,0.7655354662
2007.10.11,0.7775522998,0.7839900800,0.7127442323,0.7290535701
2007.10.12,0.7390221332,0.7656036332,0.7348686748,0.7651882082
2007.10.15,0.7686188311,0.7729071358,0.7295946696,0.7476057456
2007.10.16,0.7336721660,0.7543607095,0.7290277531,0.7370498184
2007.10.17,0.7684166813,0.7700896150,0.7291036954,0.7654891270
2007.10.18,0.7560551602,0.7800704065,0.7470492793,0.7753530793
2007.10.19,0.7749196897,0.7749196897,0.7152327615,0.7173952967
2007.10.22,0.7059041961,0.7453034492,0.7001584912,0.7432514342
2007.10.23,0.7659395966,0.7911487372,0.7545954352,0.7898883282
2007.10.24,0.7706451615,0.7793924108,0.7207849397,0.7719572155
2007.10.25,0.7771251435,0.7810014456,0.7280254269,0.7409463790
2007.10.26,0.7841042199,0.7891322748,0.7572875543,0.7778190314
2007.10.29,0.7890686807,0.7951263752,0.7739248570,0.7873380758
2007.10.30,0.7781780331,0.8052224546,0.7764333659,0.7921363691
2007.10.31,0.8013333967,0.8276113480,0.7825008036,0.8258594400
2007.11.01,0.8101007891,0.8141528035,0.7781349935,0.7794856077
2007.11.02,0.7976754008,0.8033050698,0.7621654859,0.7976754008
2007.11.05,0.7730498737,0.7967954831,0.7611770691,0.7822842215
2007.11.06,0.7935689150,0.8091942024,0.7696966032,0.8087602356
2007.11.07,0.7883483902,0.8043224633,0.7479695587,0.7497443240
2007.11.08,0.7408914624,0.7489019572,0.6422371557,0.6814459289
2007.11.09,0.6419269444,0.6573394836,0.6130778054,0.6130778054
2007.11.12,0.6101349336,0.6219061564,0.5634185291,0.5663612296
2007.11.13,0.5893733839,0.6381876548,0.5879786601,0.6364443165
2007.11.14,0.6609034594,0.6627849175,0.6048352336,0.6119848317
2007.11.15,0.6086857876,0.6284785000,0.5855942898,0.6020882168
2007.11.16,0.6144156060,0.6263800938,0.5846858428,0.6187662660
2007.11.19,0.6143355298,0.6250421374,0.5866461150,0.5973527225
2007.11.20,0.6067280911,0.6362952444,0.5695888922,0.6045647281
2007.11.21,0.5882090903,0.6143785356,0.5664010574,0.5831205909
2007.11.23,0.5944727040,0.6065348232,0.5852486589,0.6019228007
2007.11.26,0.6066331672,0.6211256095,0.5678656730,0.5707641062
2007.11.27,0.5854461481,0.6081694142,0.5749583431,0.6050230994
2007.11.28,0.6293653711,0.6682389595,0.6282753629,0.6602462124
2007.11.29,0.6525506434,0.6760209535,0.6494726493,0.6687105892
2007.11.30,0.6885007624,0.6900529312,0.6396086289,0.6535778522
2007.12.03,0.6451707214,0.6619845978,0.6348530658,0.6371459267
2007.12.04,0.6224946022,0.6393998921,0.6183621470,0.6292566321
2007.12.05,0.6490027033,0.6788076115,0.6475124224,0.6631600880
2007.12.06,0.6650879078,0.6936301836,0.6643164751,0.6917016753
2007.12.07,0.6905116983,0.7004271458,0.6821827586,0.6920982062
2007.12.10,0.6972571320,0.7063828157,0.6917023811,0.7004313618
2007.12.11,0.7036305520,0.7124293186,0.6472387759,0.6516381592
2007.12.12,0.6870637298,0.6939204153,0.6352577263,0.6691601460
2007.12.13,0.6517142895,0.6633450870,0.6381449025,0.6583050205
2007.12.14,0.6425830645,0.6621404180,0.6360638491,0.6379813600
2007.12.17,0.6308457796,0.6387314693,0.5906668792,0.5914179041
2007.12.18,0.6096136480,0.6106839365,0.5717952001,0.5971263591
2007.12.19,0.5971262179,0.6082573050,0.5870724211,0.5967672124
2007.12.20,0.6233274420,0.6355307870,0.6082527942,0.6333773441
2007.12.21,0.6645066980,0.6727280575,0.6570327477,0.6708594630
2007.12.24,0.6770691759,0.6922073004,0.6747403476,0.6859968447
2007.12.26,0.6816640152,0.7013614799,0.6765426324,0.6962400970
2007.12.27,0.6894763236,0.6962397248,0.6648094267,0.6711750432
2007.12.28,0.6777742979,0.6824324986,0.6540948766,0.6692341399
2007.12.31,0.6595486823,0.6638105222,0.6456008962,0.6459884168
2008.01.02,0.6478798599,0.6554471081,0.6047467328,0.6153407937
2008.01.03,0.6153407371,0.6281577377,0.6058195567,0.6230309375
2008.01.04,0.5931230918,0.5938615889,0.5340445920,0.5410602440
2008.01.07,0.5410606925,0.5477679502,0.5085299554,0.5333471159
2008.01.08,0.5366680332,0.5529440655,0.4918256320,0.4918256320
2008.01.09,0.4978006281,0.5245302360,0.4773602550,0.5232723411
2008.01.10,0.5072206372,0.5393245649,0.5026343796,0.5255657923
2008.01.11,0.5170233750,0.5183375932,0.4831830710,0.4946821670
2008.01.14,0.5148691754,0.5249625761,0.5028833373,0.5205467283
2008.01.15,0.5042353700,0.5091287981,0.4709603827,0.4774849120
2008.01.16,0.4664068077,0.4885629657,0.4439429774,0.4620986919
2008.01.17,0.4678187427,0.4780541597,0.4365103951,0.4428322399
2008.01.18,0.4495607954,0.4641885922,0.4302521081,0.4410766465
2008.01.22,0.3675476855,0.4241532909,0.3646298020,0.4069381675
2008.01.23,0.3616208050,0.4061095467,0.3359223406,0.4022408734
2008.01.24,0.4071755557,0.4274658581,0.4036111265,0.4269174603
2008.01.25,0.4542956243,0.4542956243,0.3992554584,0.4006814562
2008.01.28,0.4015012483,0.4129778666,0.3892047970,0.4099721601
2008.01.29,0.4163525000,0.4196818154,0.4019253256,0.4121907764
2008.01.30,0.4077363520,0.4375299290,0.4057872474,0.4110776590
2008.01.31,0.3971805061,0.4449867326,0.3957908124,0.4322013809
2008.02.01,0.4428314473,0.4537490384,0.4250186162,0.4454171897
2008.02.04,0.4451241847,0.4460034547,0.4263655685,0.4266587330
2008.02.05,0.4044478024,0.4166923003,0.3893557923,0.3902100242
2008.02.06,0.3969113719,0.4036129399,0.3660842204,0.3671564958
2008.02.07,0.3548067005,0.3923713989,0.3501754255,0.3748754932
2008.02.08,0.3772231888,0.3920929787,0.3704404182,0.3876580749
2008.02.11,0.3921925946,0.4041957890,0.3860576512,0.4001946903
2008.02.12,0.4075506983,0.4168132109,0.3849392307,0.3933844964
2008.02.13,0.4087352715,0.4219319172,0.4025409611,0.4192386718
2008.02.14,0.4212049974,0.4212049974,0.3942419219,0.3964888985
2008.02.15,0.3899965332,0.3967594782,0.3824220678,0.3924311975
2008.02.19,0.4080137726,0.4107003896,0.3776545092,0.3902818343
2008.02.20,0.3774328382,0.3996505742,0.3768975621,0.3956352887
2008.02.21,0.4069798440,0.4099511757,0.3794276356,0.3842897961
2008.02.22,0.3882641054,0.3887939292,0.3599191900,0.3885290679
2008.02.25,0.3871948911,0.3989361178,0.3794563068,0.3943997695
2008.02.26,0.3876611614,0.4100313794,0.3801144940,0.3989810085
2008.02.27,0.3908332958,0.4095736916,0.3881172288,0.4049565332
2008.02.28,0.4002937231,0.4115399745,0.3956306917,0.4002937231
2008.02.29,0.3875006581,0.3907668505,0.3657257651,0.3684476787
2008.03.03,0.3676757739,0.3694773550,0.3501756685,0.3612418784
2008.03.04,0.3543842741,0.3706388698,0.3447330716,0.3673371248
2008.03.05,0.3693922551,0.3835173007,0.3632285472,0.3727308363
2008.03.06,0.3719526325,0.3766204189,0.3462798074,0.3480950467
2008.03.07,0.3419041243,0.3597340178,0.3285317986,0.3456187169
2008.03.10,0.3441400432,0.3473440467,0.3234374183,0.3256555601
2008.03.11,0.3398625790,0.3633040465,0.3315751194,0.3628305600
2008.03.12,0.3671505531,0.3783327772,0.3569848244,0.3597804046
2008.03.13,0.3476508087,0.3754494171,0.3370368629,0.3681206852
2008.03.14,0.3755607984,0.3768437261,0.3347630707,0.3478490900
2008.03.17,0.3241380069,0.3419214749,0.3182101215,0.3288308495
2008.03.18,0.3469058959,0.3730664730,0.3438141616,0.3728286892
2008.03.19,0.3774743039,0.3797974946,0.3444334573,0.3452078214
2008.03.20,0.3482246389,0.3666185052,0.3420933501,0.3663732948
2008.03.24,0.3712198135,0.4089709645,0.3712198135,0.4043796964
2008.03.25,0.4076452000,0.4177138441,0.3962158413,0.4111828710
2008.03.26,0.4067796953,0.4117326069,0.3960484217,0.4076052506
2008.03.27,0.4004928807,0.4024077968,0.3805229676,0.3805229676
2008.03.28,0.3886195285,0.3969769250,0.3705989110,0.3747776093
2008.03.31,0.3789136237,0.3884790820,0.3737430711,0.3807233024
2008.04.01,0.3990111831,0.4300996041,0.3987499803,0.4295770987
2008.04.02,0.4326856471,0.4417313440,0.4177036239,0.4267494287
2008.04.03,0.4211216253,0.4385705837,0.4169000530,0.4295646628
2008.04.04,0.4346524652,0.4510472842,0.4241936958,0.4371965019
2008.04.07,0.4452044863,0.4529264614,0.4311906163,0.4343365092
2008.04.08,0.4243704114,0.4331976574,0.4178212064,0.4243704114
2008.04.09,0.4260522216,0.4266129527,0.4025020495,0.4100717591
2008.04.10,0.4108940695,0.4358271657,0.4108940695,0.4276074832
2008.04.11,0.4129593199,0.4152127945,0.3876070591,0.3921141158
2008.04.14,0.3902540546,0.3974268834,0.3833469424,0.3868005492
2008.04.15,0.3910131137,0.3939087698,0.3762711261,0.3883805621
2008.04.16,0.4028983828,0.4237516412,0.4018425994,0.4208480102
2008.04.17,0.4222392017,0.4236306729,0.4099950409,0.4180651067
2008.04.18,0.4513112016,0.4640553776,0.4443850052,0.4579602909
2008.04.21,0.4553129834,0.4688430441,0.4514893754,0.4676664975
2008.04.22,0.4590165954,0.4596131222,0.4345595635,0.4467880795
2008.04.23,0.4566232162,0.4676145873,0.4447641431,0.4615403417
2008.04.24,0.4621311253,0.4893211753,0.4479450564,0.4739529058
2008.04.25,0.4754568442,0.4763591930,0.4528972077,0.4703433817
2008.04.28,0.4736348736,0.4844083960,0.4697445237,0.4730364460
2008.04.29,0.4703331133,0.4886576753,0.4676294706,0.4838512121
2008.04.30,0.4869009073,0.4978790641,0.4664693119,0.4719583903
2008.05.01,0.4725586146,0.5172452701,0.4722587549,0.5166454361
2008.05.02,0.5312847359,0.5322394828,0.5051872679,0.5188725403
2008.05.05,0.5188725661,0.5271710687,0.5070631164,0.5144041323
2008.05.06,0.5099613348,0.5302709156,0.4988544496,0.5239241413
2008.05.07,0.5242451327,0.5335607956,0.4898736672,0.4953346195
2008.05.08,0.5015219213,0.5157509126,0.4959540346,0.5064711408
2008.05.09,0.4951688460,0.5083537731,0.4907738702,0.5005055680
2008.05.12,0.5026858021,0.5310280560,0.5001942367,0.5279135696
2008.05.13,0.5285595446,0.5356572232,0.5172677718,0.5321083839
2008.05.14,0.5382704583,0.5551353458,0.5262704873,0.5285407488
2008.05.15,0.5288635257,0.5579220145,0.5243433437,0.5563076814
2008.05.16,0.5596467785,0.5609827485,0.5389397534,0.5576428235
2008.05.19,0.5589819259,0.5730317903,0.5352311075,0.5456012424
2008.05.20,0.5396661504,0.5396661504,0.5205453343,0.5330727612
2008.05.21,0.5350211486,0.5437847734,0.4925007663,0.4976940850
2008.05.22,0.5014125785,0.5134985285,0.4955245849,0.5029620380
2008.05.23,0.4976568634,0.5029620939,0.4864221176,0.4982810292
2008.05.27,0.5013822896,0.5265031384,0.5010722082,0.5246422954
2008.05.28,0.5320227037,0.5345898198,0.5150159878,0.5310600963
2008.05.29,0.5320305421,0.5543513199,0.5310601165,0.5452935611
2008.05.30,0.5515480462,0.5633998836,0.5472681881,0.5558277787
2008.06.02,0.5528275768,0.5528275768,0.5208183151,0.5354893221
2008.06.03,0.5416681691,0.5517492888,0.5117500755,0.5267091844
2008.06.04,0.5218839855,0.5579055651,0.5205974698,0.5469704274
2008.06.05,0.5512581162,0.5750012567,0.5449926211,0.5730226198
2008.06.06,0.5580595409,0.5614602169,0.5209916014,0.5213316171
2008.06.09,0.5245211477,0.5264349933,0.4868806427,0.5130375873
2008.06.10,0.4972586464,0.5184028532,0.4937871807,0.5057794839
2008.06.11,0.5026531778,0.5051539984,0.4685802729,0.4692054780
2008.06.12,0.4793087305,0.4911949189,0.4582108538,0.4706912496
2008.06.13,0.4793264291,0.5019577818,0.4718819260,0.4989799125
2008.06.16,0.4912430450,0.5190960144,0.4896956841,0.5122874845
2008.06.17,0.5170122085,0.5204764686,0.5018955359,0.5041000431
2008.06.18,0.4953763563,0.5012960249,0.4819794932,0.4878990429
2008.06.19,0.4851554026,0.5180748030,0.4754014976,0.5107594324
2008.06.20,0.4979944015,0.4986231034,0.4627810978,0.4693835473
2008.06.23,0.4750263717,0.4788867930,0.4563182981,0.4583969604
2008.06.24,0.4519671366,0.4677503306,0.4396911952,0.4513825574
2008.06.25,0.4571671420,0.4858064797,0.4551421505,0.4733671836
2008.06.26,0.4470971790,0.4473957717,0.4157516639,0.4160502566
2008.06.27,0.4146830858,0.4228856932,0.3974578606,0.4160502566
2008.06.30,0.4122224090,0.4209718644,0.4023794672,0.4029262104
2008.07.01,0.3932921926,0.4213908511,0.3898132799,0.4200528392
2008.07.02,0.4239039519,0.4288554670,0.3878679492,0.3897935267
2008.07.03,0.3968556677,0.3994712072,0.3785472904,0.3877015289
2008.07.07,0.3983864881,0.4093320798,0.3775376710,0.3947379575
2008.07.08,0.3960564746,0.4240133470,0.3913090621,0.4229584447
2008.07.09,0.4226824150,0.4246145640,0.3887316623,0.3892837199
2008.07.10,0.3911104635,0.4067687625,0.3796277175,0.4031151660
2008.07.11,0.3905625543,0.4028482856,0.3649226390,0.3838855132
2008.07.14,0.3988757066,0.3999095333,0.3712214828,0.3753566910
2008.07.15,0.3697558524,0.3931785735,0.3516796842,0.3756116055
2008.07.16,0.3786676584,0.4046480278,0.3674603830,0.4036291669
2008.07.17,0.4108399294,0.4164483380,0.3940146017,0.4116411015
2008.07.18,0.3981120404,0.3989237448,0.3832302080,0.3832302080
2008.07.21,0.3938016146,0.3987004633,0.3806520215,0.3881291910
2008.07.22,0.3686273887,0.3889093305,0.3642070278,0.3881291910
2008.07.23,0.3899493769,0.4169919004,0.3865691359,0.4034706387
2008.07.24,0.4090730344,0.4098733622,0.3842618533,0.3853289231
2008.07.25,0.3928305474,0.4057639445,0.3871398211,0.4003319414
2008.07.28,0.4000665356,0.4069642926,0.3722104580,0.3777816533
2008.07.29,0.3826294722,0.4063577756,0.3816088769,0.4012548969
2008.07.30,0.4047060729,0.4139984349,0.3890417332,0.4073610045
2008.07.31,0.3952931268,0.4229154397,0.3926113965,0.4044111530
2008.08.01,0.4057459031,0.4068134452,0.3761223726,0.3889325727
2008.08.04,0.3886722581,0.3899721463,0.3738533150,0.3772331035
2008.08.05,0.3889502252,0.4164595114,0.3876766687,0.4154406273
2008.08.06,0.4159827805,0.4393190985,0.4059427728,0.4344347481
2008.08.07,0.4266088327,0.4405837882,0.4190624506,0.4243728953
2008.08.08,0.4235478230,0.4565657382,0.4210714689,0.4532639677
2008.08.11,0.4526890842,0.4808504389,0.4480913142,0.4656203465
2008.08.12,0.4653281635,0.4776146391,0.4585997280,0.4670833105
2008.08.13,0.4647383512,0.4764642265,0.4509603330,0.4641520406
2008.08.14,0.4594807013,0.4863372313,0.4580211267,0.4802069510
2008.08.15,0.4825956686,0.4897613876,0.4715483380,0.4775198465
2008.08.18,0.4816839164,0.4819814383,0.4507482251,0.4608618121
2008.08.19,0.4538910798,0.4605716277,0.4361730520,0.4437249419
2008.08.20,0.4530699657,0.4592997080,0.4360798968,0.4459907523
2008.08.21,0.4360462045,0.4457066582,0.4258174760,0.4397398277
2008.08.22,0.4467759355,0.4625379256,0.4456501635,0.4571901593
2008.08.25,0.4476600046,0.4491040457,0.4248437810,0.4283096118
2008.08.26,0.4291380426,0.4360477441,0.4180824780,0.4266505459
2008.08.27,0.4272022988,0.4448453855,0.4227915272,0.4349211229
2008.08.28,0.4402260717,0.4502777642,0.4377132551,0.4455311908
2008.08.29,0.4313457854,0.4458153400,0.4117691956,0.4174435710
2008.09.02,0.4378085564,0.4435109202,0.3962633695,0.4019656297
2008.09.03,0.3993180409,0.4043480896,0.3818451181,0.3905815290
2008.09.04,0.3838296019,0.3851280581,0.3526661587,0.3526661587
2008.09.05,0.3434580667,0.3555744070,0.3320687697,0.3475776705
2008.09.08,0.3612565398,0.3660562485,0.3290986100,0.3456575092
2008.09.09,0.3451799289,0.3557003516,0.3212700100,0.3236610566
2008.09.10,0.3330384562,0.3403579867,0.3236603023,0.3316660115
2008.09.11,0.3177171738,0.3523560643,0.3170196852,0.3502637758
2008.09.12,0.3413465759,0.3529149106,0.3333933860,0.3461667384
2008.09.15,0.3215376636,0.3428193773,0.3126901378,0.3138858135
2008.09.16,0.3004589912,0.3308927959,0.2993401189,0.3212703404
2008.09.17,0.3089987279,0.3214980344,0.2708189683,0.2712734995
2008.09.18,0.2892864520,0.3068946616,0.2569036710,0.2987989277
2008.09.19,0.3468745660,0.3481692802,0.3108391353,0.3281016624
2008.09.22,0.3244304110,0.3267247927,0.2799186710,0.2817542464
2008.09.23,0.2883705447,0.2997427004,0.2726562274,0.2753442172
2008.09.24,0.2802314595,0.2893937091,0.2743268400,0.2810458282
2008.09.25,0.2888885498,0.3051940349,0.2847605680,0.2944613135
2008.09.26,0.2691306011,0.2942485132,0.2672148254,0.2855211086
2008.09.29,0.2684232579,0.2709254478,0.2042018941,0.2175465889
2008.09.30,0.2158204066,0.2430855747,0.2137495844,0.2363555669
2008.10.01,0.2350801015,0.2374491442,0.2203192398,0.2288841920
2008.10.02,0.2244256897,0.2244256897,0.1957111047,0.1976729809
2008.10.03,0.2059025954,0.2207482715,0.1871841771,0.1884751322
2008.10.06,0.1740974141,0.1783170151,0.1373713430,0.1678461997
2008.10.07,0.1718906310,0.1727573265,0.1304346612,0.1359236224
2008.10.08,0.1271810834,0.1542825144,0.1258072693,0.1326762919
2008.10.09,0.1420158062,0.1485287697,0.1152265468,0.1219853121
2008.10.10,0.1103749522,0.1331310792,0.0971392245,0.1196631628
2008.10.13,0.1373149147,0.1647090813,0.1320424064,0.1633336539
2008.10.14,0.1775604593,0.1775604593,0.1362737210,0.1421319963
2008.10.15,0.1373112474,0.1388336241,0.1031843490,0.1039455374
2008.10.16,0.1060854710,0.1209639545,0.0901879296,0.1208620254
2008.10.17,0.1142308196,0.1364850399,0.1113085478,0.1213116932
2008.10.20,0.1264946404,0.1321283102,0.1145512879,0.1314522973
2008.10.21,0.1250380681,0.1321649820,0.1110217649,0.1110217649
2008.10.22,0.1098580147,0.1122914607,0.0922948291,0.1018170442
2008.10.23,0.1006195309,0.1066068149,0.0847532369,0.1006195309
2008.10.24,0.0782450041,0.0982435145,0.0768589750,0.0909173314
2008.10.27,0.0877747518,0.0972947341,0.0830609753,0.0833382625
2008.10.28,0.0919654614,0.1111370270,0.0847325494,0.1109627526
2008.10.29,0.1114851426,0.1237098722,0.1045891546,0.1101268504
2008.10.30,0.1193790593,0.1234334784,0.1122059295,0.1211463763
2008.10.31,0.1159450466,0.1276760498,0.1128463086,0.1216998760
2008.11.03,0.1208116863,0.1261399800,0.1174814657,0.1209226739
2008.11.04,0.1279968235,0.1340761098,0.1226912623,0.1312022799
2008.11.05,0.1286367114,0.1294530780,0.1098602139,0.1106765804
2008.11.06,0.1054868717,0.1094309670,0.0941735758,0.0958342412
2008.11.07,0.0992210469,0.1044894163,0.0961164699,0.1017611603
2008.11.10,0.1093956920,0.1093956920,0.0940287482,0.0976502662
2008.11.11,0.0948893852,0.0975551785,0.0876536764,0.0912715399
2008.11.12,0.0871779555,0.0885424767,0.0780811245,0.0786269295
2008.11.13,0.0778052839,0.0935799628,0.0668780334,0.0930048311
2008.11.14,0.0867760086,0.0926384216,0.0784403836,0.0794479749
2008.11.17,0.0754179853,0.0815040597,0.0735263708,0.0744310628
2008.11.18,0.0759265545,0.0774220016,0.0667177738,0.0741949944
2008.11.19,0.0746663142,0.0776508788,0.0620212310,0.0625710153
2008.11.20,0.0602646674,0.0666941500,0.0528567764,0.0534857485
2008.11.21,0.0563106780,0.0605167168,0.0502841095,0.0604539387
2008.11.24,0.0641941220,0.0738504358,0.0625620707,0.0715383597
2008.11.25,0.0738892331,0.0741167309,0.0656231402,0.0705524580
2008.11.26,0.0683735242,0.0794936247,0.0678475763,0.0794184873
2008.11.28,0.0767396582,0.0781196735,0.0751972845,0.0775514346
2008.12.01,0.0725980433,0.0726779401,0.0597349342,0.0600545217
2008.12.02,0.0625297518,0.0664768917,0.0594523276,0.0660754913
2008.12.03,0.0610895309,0.0723434936,0.0606621691,0.0717024575
2008.12.04,0.0683203167,0.0729050707,0.0619317285,0.0656145583
2008.12.05,0.0634203311,0.0745330428,0.0595273475,0.0736128877
2008.12.08,0.0785729680,0.0852118549,0.0774283338,0.0823121141
2008.12.09,0.0790283251,0.0884690373,0.0781252951,0.0817373993
2008.12.10,0.0824728437,0.0854143996,0.0785507589,0.0809203460
2008.12.11,0.0801086859,0.0838422303,0.0730474413,0.0742648956
2008.12.12,0.0712014132,0.0801622191,0.0695164661,0.0787836313
2008.12.15,0.0791817965,0.0794207012,0.0712981262,0.0746427150
2008.12.16,0.0766392777,0.0861615954,0.0741819073,0.0853936635
2008.12.17,0.0827950123,0.0857290260,0.0791903682,0.0822920436
2008.12.18,0.0822920213,0.0840092705,0.0755047689,0.0779579867
2008.12.19,0.0804296288,0.0839041424,0.0782975399,0.0798768684
2008.12.22,0.0798769612,0.0803584654,0.0708887972,0.0746606077
2008.12.23,0.0755806963,0.0778044181,0.0722067801,0.0735103377
2008.12.24,0.0745727771,0.0746486526,0.0729032282,0.0741174377
2008.12.26,0.0745752945,0.0748041997,0.0728202719,0.0740411483
2008.12.29,0.0746511137,0.0748798763,0.0689321797,0.0722110375
2008.12.30,0.0728109701,0.0774600786,0.0725860227,0.0767102206
2008.12.31,0.0764761070,0.0813143981,0.0763980832,0.0786611441
2009.01.02,0.0787405217,0.0896906555,0.0782644329,0.0888971791
2009.01.05,0.0871782270,0.0914755443,0.0851155166,0.0888112121
2009.01.06,0.0907866592,0.0940505064,0.0895841917,0.0914737858
2009.01.07,0.0862183675,0.0877074085,0.0814884833,0.0836782485
2009.01.08,0.0831833505,0.0866470358,0.0807092964,0.0863171692
2009.01.09,0.0864014749,0.0865698478,0.0792457863,0.0805085511
2009.01.12,0.0808298247,0.0811511013,0.0735206031,0.0760908768
2009.01.13,0.0760135295,0.0796479458,0.0734617022,0.0761681893
2009.01.14,0.0735372168,0.0742336422,0.0679658135,0.0692038999
2009.01.15,0.0687688347,0.0743525276,0.0651430623,0.0726121585
2009.01.16,0.0756064361,0.0763550178,0.0696178112,0.0750075736
2009.01.20,0.0740897997,0.0750841301,0.0638406300,0.0638406300
2009.01.21,0.0670600379,0.0722659271,0.0647995872,0.0719919267
2009.01.22,0.0673241949,0.0725846619,0.0653978226,0.0691023816
2009.01.23,0.0657145668,0.0733552304,0.0646333293,0.0701115453
2009.01.26,0.0704027101,0.0751334180,0.0690198831,0.0716399734
2009.01.27,0.0717137272,0.0750360797,0.0717137272,0.0731903236
2009.01.28,0.0768597993,0.0831503734,0.0768597993,0.0809037459
2009.01.29,0.0779448851,0.0813036583,0.0739463464,0.0747460572
2009.01.30,0.0764137929,0.0773992966,0.0698943703,0.0708040505
2009.02.02,0.0687574467,0.0748242773,0.0684650626,0.0733623847
2009.02.03,0.0738113440,0.0809954258,0.0705186535,0.0768047197
2009.02.04,0.0773447722,0.0845187029,0.0761876899,0.0771133499
2009.02.05,0.0737874402,0.0837649997,0.0736327459,0.0822180864
2009.02.06,0.0831055976,0.0898024571,0.0822987439,0.0886728712
2009.02.09,0.0888424501,0.0912168648,0.0871464534,0.0897752587
2009.02.10,0.0880651877,0.0913142055,0.0778051702,0.0798571737
2009.02.11,0.0801731118,0.0813575584,0.0750405654,0.0787518031
2009.02.12,0.0760137346,0.0819592365,0.0743708913,0.0816463082
2009.02.13,0.0809252009,0.0833289287,0.0794028567,0.0805245872
2009.02.17,0.0730621992,0.0744911623,0.0696485688,0.0709187547
2009.02.18,0.0723022321,0.0741953427,0.0683703978,0.0710644296
2009.02.19,0.0723768173,0.0737621399,0.0672730057,0.0677833980
2009.02.20,0.0655230892,0.0703260814,0.0649580321,0.0683483883
2009.02.23,0.0694847869,0.0696268239,0.0602517087,0.0611750233
2009.02.24,0.0621631725,0.0685529509,0.0618337947,0.0672354774
2009.02.25,0.0660439688,0.0699687590,0.0627499368,0.0659037944
2009.02.26,0.0672177206,0.0683933397,0.0597490857,0.0603714730
2009.02.27,0.0584815198,0.0616097984,0.0577646179,0.0586770418
2009.03.02,0.0560554677,0.0585491852,0.0518992557,0.0529862630
2009.03.03,0.0542989554,0.0560890269,0.0516735073,0.0528668959
2009.03.04,0.0551904346,0.0593609926,0.0546542182,0.0570969767
2009.03.05,0.0552167966,0.0565329676,0.0513936128,0.0519576895
2009.03.06,0.0527808379,0.0537216023,0.0472538386,0.0507229116
2009.03.09,0.0495078677,0.0536736996,0.0468463558,0.0474828064
2009.03.10,0.0503051845,0.0566140843,0.0498071123,0.0562820397
2009.03.11,0.0580119746,0.0603596297,0.0558496536,0.0588768983
2009.03.12,0.0587496184,0.0653056459,0.0569037541,0.0647327885
2009.03.13,0.0646650920,0.0658843377,0.0623620754,0.0652069776
2009.03.16,0.0665001807,0.0668405041,0.0614633188,0.0619397768
2009.03.17,0.0628602536,0.0689753269,0.0622027166,0.0689753269
2009.03.18,0.0681287526,0.0751133115,0.0672115958,0.0715857625
2009.03.19,0.0745503923,0.0746949995,0.0698503067,0.0714411100
2009.03.20,0.0718678555,0.0743271029,0.0667323633,0.0681789843
2009.03.23,0.0732258079,0.0805156849,0.0683191723,0.0802352988
2009.03.24,0.0782099333,0.0800794918,0.0756392884,0.0757950887
2009.03.25,0.0777443533,0.0811929860,0.0707721015,0.0768447020
2009.03.26,0.0793414417,0.0843349588,0.0764663921,0.0839566677
2009.03.27,0.0806689780,0.0821123617,0.0783435233,0.0792255944
2009.03.30,0.0752155065,0.0753697455,0.0699715137,0.0733646829
2009.03.31,0.0750486801,0.0798810826,0.0749022402,0.0752683258
2009.04.01,0.0724383139,0.0794388536,0.0713212077,0.0786196499
2009.04.02,0.0828355392,0.0901175086,0.0821456678,0.0862082422
2009.04.03,0.0888955033,0.0914198746,0.0867782962,0.0910126949
2009.04.06,0.0879741523,0.0908438116,0.0851045091,0.0903373926
2009.04.07,0.0873980056,0.0873980056,0.0814352253,0.0831988704
2009.04.08,0.0856615636,0.0889980089,0.0837550342,0.0874092268
2009.04.09,0.0923336427,0.0961090566,0.0913487589,0.0955345385
2009.04.13,0.0946645232,0.0966656986,0.0919672697,0.0950995556
2009.04.14,0.0933646696,0.0950128131,0.0897214675,0.0916298304
2009.04.15,0.0896837480,0.0911220903,0.0862148627,0.0908682785
2009.04.16,0.0946544471,0.0995344256,0.0917937777,0.0979358286
2009.04.17,0.0973170006,0.1002338773,0.0951956664,0.0985544849
2009.04.20,0.0932288465,0.0942052250,0.0874593901,0.0890570940
2009.04.21,0.0880626230,0.0932005545,0.0877311691,0.0927861818
2009.04.22,0.0911683836,0.0999389261,0.0902317174,0.0936377704
2009.04.23,0.0954367451,0.0966361254,0.0910675696,0.0963791247
2009.04.24,0.0983876219,0.1035398747,0.0960298079,0.1014440289
2009.04.27,0.0990051916,0.1047865398,0.0983728625,0.1018055305
2009.04.28,0.0999039534,0.1034352979,0.0984551958,0.0995417554
2009.04.29,0.1019500052,0.1077477014,0.1015040365,0.1036447002
2009.04.30,0.1077673876,0.1124396655,0.1045609498,0.1067596400
2009.05.01,0.1066661942,0.1091888153,0.1042369877,0.1076004825
2009.05.04,0.1105119981,0.1143626978,0.1090092869,0.1139870110
2009.05.05,0.1134016434,0.1140845869,0.1098893416,0.1136943229
2009.05.06,0.1163241310,0.1168111068,0.1082401915,0.1137917974
2009.05.07,0.1161306314,0.1161306314,0.1025847693,0.1058006755
2009.05.08,0.1082129678,0.1107180449,0.1027389181,0.1059862207
2009.05.11,0.1018990393,0.1105377066,0.1008772562,0.1071007931
2009.05.12,0.1077556639,0.1083169039,0.0993372792,0.1031723295
2009.05.13,0.1004355013,0.1006179498,0.0943235980,0.0948709435
2009.05.14,0.0955605621,0.1007322277,0.0953882028,0.0980601988
2009.05.15,0.0976197608,0.1018487692,0.0966506067,0.0978840633
2009.05.18,0.0999080794,0.1058920056,0.0980601111,0.1055400356
2009.05.19,0.1048000476,0.1101633687,0.1028581701,0.1070193614
2009.05.20,0.1082327782,0.1129926728,0.1049662118,0.1058995064
2009.05.21,0.1034898418,0.1057140820,0.0969097479,0.1000607843
2009.05.22,0.1012204236,0.1029153826,0.0971168994,0.0990794692
2009.05.26,0.0965095395,0.1105118473,0.0958891875,0.1101573508
2009.05.27,0.1092074018,0.1139569278,0.1067376642,0.1078775403
2009.05.28,0.1098444948,0.1127483015,0.1046926097,0.1116242623
2009.05.29,0.1118157804,0.1168939522,0.1098036422,0.1157441851
2009.06.01,0.1194738420,0.1267364997,0.1180017075,0.1256569119
2009.06.02,0.1235852360,0.1298007735,0.1227565214,0.1261750334
2009.06.03,0.1250321472,0.1254476218,0.1208770838,0.1250321472
2009.06.04,0.1258582937,0.1297816935,0.1251355674,0.1292654660
2009.06.05,0.1315873564,0.1328540032,0.1258875664,0.1296874264
2009.06.08,0.1272544572,0.1314857108,0.1227058738,0.1285238171
2009.06.09,0.1303111897,0.1337809955,0.1285236824,0.1314678050
2009.06.10,0.1337096973,0.1338164192,0.1244233411,0.1300805405
2009.06.11,0.1295506170,0.1344259779,0.1293386395,0.1300805405
2009.06.12,0.1284906754,0.1290206393,0.1235093466,0.1282787384
2009.06.15,0.1246036008,0.1249186372,0.1170434081,0.1204035027
2009.06.16,0.1218118560,0.1233210679,0.1165798369,0.1168816716
2009.06.17,0.1183612888,0.1233916240,0.1158954301,0.1202353279
2009.06.18,0.1196325894,0.1219441601,0.1170194828,0.1195320647
2009.06.19,0.1222784061,0.1253856651,0.1208751402,0.1233809831
2009.06.22,0.1200029312,0.1206170813,0.1117115538,0.1123257429
2009.06.23,0.1132863116,0.1140547696,0.1093478680,0.1115572352
2009.06.24,0.1144257208,0.1198760837,0.1142344755,0.1171987227
2009.06.25,0.1149266603,0.1248057355,0.1141363162,0.1241142033
2009.06.26,0.1223698443,0.1262687296,0.1216516338,0.1249348932
2009.06.29,0.1259656684,0.1288511487,0.1223587788,0.1257595571
2009.06.30,0.1267946335,0.1286577413,0.1222403918,0.1250350535
2009.07.01,0.1268908525,0.1297778494,0.1251380049,0.1252411344
2009.07.02,0.1220412544,0.1221444578,0.1159512313,0.1169834226
2009.07.06,0.1148147484,0.1163920519,0.1114629736,0.1151104810
2009.07.07,0.1152080925,0.1158907929,0.1063334340,0.1065284859
2009.07.08,0.1084719581,0.1096751209,0.1043996061,0.1081942752
2009.07.09,0.1094100073,0.1109997076,0.1076332772,0.1087554207
2009.07.10,0.1078170405,0.1122273235,0.1067848794,0.1101629296
2009.07.13,0.1104467100,0.1165983955,0.1059985409,0.1165037697
2009.07.14,0.1161110328,0.1184679680,0.1146379811,0.1177805364
2009.07.15,0.1237156901,0.1297498048,0.1219351305,0.1296508639
2009.07.16,0.1278599393,0.1351290827,0.1275439019,0.1342863027
2009.07.17,0.1341787030,0.1365510131,0.1322377295,0.1364431996
2009.07.20,0.1386226588,0.1412382008,0.1369879813,0.1403663396
2009.07.21,0.1420319605,0.1432535094,0.1372568377,0.1432535094
2009.07.22,0.1435909320,0.1489938848,0.1426904614,0.1468552294
2009.07.23,0.1463977510,0.1581843503,0.1455967255,0.1565822556
2009.07.24,0.1515684089,0.1568209608,0.1497777424,0.1530009148
2009.07.27,0.1562921827,0.1572324981,0.1508852014,0.1565272279
2009.07.28,0.1544986137,0.1593913316,0.1515152481,0.1533052857
2009.07.29,0.1561297230,0.1574242732,0.1523637831,0.1563650998
2009.07.30,0.1612538453,0.1663812235,0.1583920348,0.1591074988
2009.07.31,0.1591080556,0.1624856111,0.1571780173,0.1576605384
2009.08.03,0.1626957442,0.1649737568,0.1599381908,0.1647339636
2009.08.04,0.1623888197,0.1665853410,0.1614014278,0.1647339636
2009.08.05,0.1658449175,0.1659683239,0.1575752794,0.1609078159
2009.08.06,0.1620011762,0.1633376942,0.1549541448,0.1566551508
2009.08.07,0.1630995045,0.1648896398,0.1591612706,0.1626221745
2009.08.10,0.1609095557,0.1622551865,0.1560161914,0.1591968455
2009.08.11,0.1576289832,0.1579907795,0.1525636054,0.1550962713
2009.08.12,0.1547407948,0.1664737744,0.1543852651,0.1623257312
2009.08.13,0.1652571054,0.1658678023,0.1595164516,0.1650128173
2009.08.14,0.1622963422,0.1634076804,0.1550109133,0.1593328050
2009.08.17,0.1512513288,0.1518543958,0.1452205671,0.1454618031
2009.08.18,0.1481836204,0.1526064392,0.1469361498,0.1516991721
2009.08.19,0.1463354987,0.1560134846,0.1459857069,0.1548474380
2009.08.20,0.1546109970,0.1612304454,0.1536653872,0.1602847906
2009.08.21,0.1630665064,0.1675412458,0.1600430251,0.1666946747
2009.08.24,0.1675635242,0.1701700565,0.1643363484,0.1661981842
2009.08.25,0.1673131963,0.1725159009,0.1661983243,0.1676848046
2009.08.26,0.1665632625,0.1705508090,0.1640710817,0.1668124901
2009.08.27,0.1666882645,0.1689234727,0.1589891933,0.1680542303
2009.08.28,0.1742938542,0.1765401273,0.1650591707,0.1685533521
2009.08.31,0.1648023045,0.1655525594,0.1604259370,0.1634268611
2009.09.01,0.1617121456,0.1702856348,0.1527712364,0.1542409628
2009.09.02,0.1517670533,0.1564791162,0.1514136644,0.1538874771
2009.09.03,0.1561223681,0.1576514541,0.1511823065,0.1569457118
2009.09.04,0.1577798983,0.1673134173,0.1570648673,0.1670750736
2009.09.08,0.1710490382,0.1722909051,0.1683168741,0.1717941868
2009.09.09,0.1721736758,0.1787519563,0.1698965768,0.1762218410
2009.09.10,0.1764792069,0.1818829199,0.1750639347,0.1812396277
2009.09.11,0.1816327874,0.1830746727,0.1778315125,0.1817638952
2009.09.14,0.1782181165,0.1842593921,0.1776927751,0.1838654111
2009.09.15,0.1834681490,0.1874383594,0.1824093993,0.1855855979
2009.09.16,0.1881157976,0.1945076429,0.1859851825,0.1937086432
2009.09.17,0.1922018257,0.1969965740,0.1908318603,0.1935717389
2009.09.18,0.1959154394,0.1970119029,0.1913923904,0.1945447947
2009.09.21,0.1912445346,0.1981205312,0.1906944422,0.1963327574
2009.09.22,0.1996533129,0.1999300391,0.1945339579,0.1974395563
2009.09.23,0.1999391010,0.2046609317,0.1936895414,0.1946616892
2009.09.24,0.1970006298,0.1979636167,0.1853071871,0.1894342814
2009.09.25,0.1852465872,0.1897044186,0.1828151037,0.1844361098
2009.09.28,0.1874880417,0.1971742505,0.1869572781,0.1938570536
2009.09.29,0.1938565871,0.1967363162,0.1886456112,0.1912511253
2009.09.30,0.1935617124,0.1964155201,0.1828259006,0.1916591740
2009.10.01,0.1896175711,0.1900258742,0.1746477692,0.1746477692
2009.10.02,0.1710696759,0.1778425865,0.1710696759,0.1731143309
2009.10.05,0.1757821515,0.1797204350,0.1724791110,0.1773066280
2009.10.06,0.1802752814,0.1893105709,0.1800171247,0.1867290526
2009.10.07,0.1860615371,0.1885993767,0.1844587259,0.1883322330
2009.10.08,0.1916904496,0.1958546810,0.1894067942,0.1907501360
2009.10.09,0.1895308230,0.1949498294,0.1883115375,0.1940015020
2009.10.12,0.1963308241,0.1993449372,0.1912615366,0.1952347450
2009.10.13,0.1946841363,0.1977110471,0.1924827609,0.1953721087
2009.10.14,0.2026678129,0.2040442986,0.1990888662,0.2033560557
2009.10.15,0.2001047740,0.2027904105,0.1992566528,0.2019423432
2009.10.16,0.1996910710,0.2009573160,0.1937819100,0.1980027086
2009.10.19,0.1984194459,0.2048066191,0.1953646879,0.2039734889
2009.10.20,0.2075140550,0.2075140550,0.2001500415,0.2041153128
2009.10.21,0.2039733342,0.2126158891,0.2018481503,0.2029815709
2009.10.22,0.2018523097,0.2079219990,0.1980411057,0.2053811964
2009.10.23,0.2113563688,0.2113563688,0.2012556655,0.2028205739
2009.10.26,0.2038079878,0.2117082198,0.1980238663,0.2008454008
2009.10.27,0.2000044678,0.2025273033,0.1894926707,0.1917351852
2009.10.28,0.1896974912,0.1914636073,0.1776064966,0.1788291843
2009.10.29,0.1819400491,0.1891986076,0.1807734880,0.1879024506
2009.10.30,0.1875007590,0.1887061227,0.1722328029,0.1727685314
2009.11.02,0.1732746035,0.1804873472,0.1687191763,0.1749196296
2009.11.03,0.1721127339,0.1773437346,0.1712196398,0.1765782045
2009.11.04,0.1800447556,0.1844099972,0.1768350206,0.1774770068
2009.11.05,0.1836604010,0.1912610366,0.1832738946,0.1906168758
2009.11.06,0.1875111648,0.1946677719,0.1869710853,0.1939925824
2009.11.09,0.1985011630,0.2065614243,0.1978181006,0.2064247806
2009.11.10,0.2057129297,0.2101251530,0.2048589895,0.2079901940
2009.11.11,0.2127106939,0.2154285652,0.2078470976,0.2119954704
2009.11.12,0.2124302983,0.2157623400,0.2069251595,0.2083739093
2009.11.13,0.2102354924,0.2153911429,0.2080873411,0.2135293681
2009.11.16,0.2162950121,0.2228450047,0.2151305443,0.2200794214
2009.11.17,0.2182973422,0.2221583594,0.2169608254,0.2221583594
2009.11.18,0.2200663335,0.2205146739,0.2139395464,0.2184225516
2009.11.19,0.2139901197,0.2144334057,0.2036476643,0.2082279099
2009.11.20,0.2049370878,0.2066540228,0.2027908782,0.2050801430
2009.11.23,0.2114534605,0.2186766171,0.2110285881,0.2149942088
2009.11.24,0.2147021157,0.2151405198,0.2090033641,0.2128025690
2009.11.25,0.2149790805,0.2161401116,0.2130924327,0.2155595961
2009.11.27,0.1978487730,0.2104369233,0.1968241614,0.2057529124
2009.11.30,0.2043338370,0.2073130069,0.2000778723,0.2064618464
2009.12.01,0.2111543743,0.2169842197,0.2110122067,0.2128606559
2009.12.02,0.2150372128,0.2198255164,0.2124254209,0.2137313168
2009.12.03,0.2160592268,0.2199875831,0.2109669439,0.2111124139
2009.12.04,0.2191937942,0.2232342088,0.2077939901,0.2144318298
2009.12.07,0.2139938340,0.2169099599,0.2100570725,0.2113693263
2009.12.08,0.2077593118,0.2126692844,0.2034269960,0.2074704834
2009.12.09,0.2068998002,0.2143162565,0.2029063446,0.2137458017
2009.12.10,0.2165099271,0.2204376594,0.2160735309,0.2169463233
2009.12.11,0.2204720686,0.2212066384,0.2118040113,0.2144485072
2009.12.14,0.2188221839,0.2213004886,0.2153233387,0.2205715787
2009.12.15,0.2184922305,0.2223540656,0.2149274118,0.2168583576
2009.12.16,0.2193549309,0.2227326277,0.2167115063,0.2177394985
2009.12.17,0.2147941526,0.2155304108,0.2089039748,0.2097875183
2009.12.18,0.2157292577,0.2203329076,0.2134274327,0.2200451727
2009.12.21,0.2234602158,0.2299933077,0.2231632519,0.2274691431
2009.12.22,0.2297455372,0.2324775987,0.2285312619,0.2315668922
2009.12.23,0.2329494246,0.2367892482,0.2312598929,0.2366356810
2009.12.24,0.2374148055,0.2431800569,0.2372589541,0.2431800569
2009.12.28,0.2449255110,0.2482574552,0.2425455162,0.2469881691
2009.12.29,0.2471484577,0.2474690901,0.2433009913,0.2439421949
2009.12.30,0.2431471840,0.2475988576,0.2428291987,0.2461679538
2009.12.31,0.2476073453,0.2479272589,0.2394497614,0.2394497614
2010.01.04,0.2485571143,0.2510693730,0.2476149948,0.2499702037
2010.01.05,0.2494855763,0.2512626256,0.2457699558,0.2499702037
2010.01.06,0.2496466762,0.2520698733,0.2443155318,0.2454463694
2010.01.07,0.2465637579,0.2475213082,0.2419356890,0.2459253909
2010.01.08,0.2443273056,0.2519974847,0.2420901777,0.2519974847
2010.01.11,0.2529722327,0.2534594262,0.2450143868,0.2489121212
2010.01.12,0.2444021806,0.2453685819,0.2355430925,0.2395699284
2010.01.13,0.2417675737,0.2507161753,0.2369008588,0.2485182364
2010.01.14,0.2470705553,0.2512527737,0.2464271890,0.2491616645
2010.01.15,0.2504505460,0.2517395588,0.2372378425,0.2404604051
2010.01.19,0.2421910063,0.2528897937,0.2420336977,0.2521031305
2010.01.20,0.2467463502,0.2522656760,0.2332727401,0.2412270244
2010.01.21,0.2432757474,0.2480036169,0.2314560437,0.2344504071
2010.01.22,0.2321311165,0.2342957403,0.2120309627,0.2138863461
2010.01.25,0.2178096657,0.2202797944,0.2133052449,0.2160660422
2010.01.26,0.2153344253,0.2245505258,0.2122624104,0.2166510111
2010.01.27,0.2154785609,0.2239784806,0.2116682077,0.2217802516
2010.01.28,0.2173151305,0.2177616499,0.2012397505,0.2046631985
2010.01.29,0.2097386388,0.2112894821,0.1916925788,0.1939483363
2010.02.01,0.1954442446,0.2006113294,0.1951722845,0.2003393693
2010.02.02,0.2013119900,0.2075638704,0.1971439990,0.2057577975
2010.02.03,0.2027877328,0.2102827228,0.2025048979,0.2091513832
2010.02.04,0.2045765038,0.2058631513,0.1909952372,0.1909952372
2010.02.05,0.1924744343,0.1963732256,0.1842735462,0.1958354507
2010.02.08,0.1948783721,0.1985690869,0.1911876573,0.1915977193
2010.02.09,0.1984682507,0.2029135463,0.1928105411,0.1975253077
2010.02.10,0.1975251904,0.2002743347,0.1925767411,0.1962880780
2010.02.11,0.1930055275,0.2062970804,0.1923869624,0.2051851898
2010.02.12,0.1996019385,0.2078036124,0.1984407100,0.2060247660
2010.02.16,0.2108680116,0.2144996981,0.2075569809,0.2140054256
2010.02.17,0.2168715330,0.2176864755,0.2136098259,0.2176371515
2010.02.18,0.2174150940,0.2230723034,0.2161049178,0.2217630744
2010.02.19,0.2202555596,0.2246538254,0.2185763226,0.2217630744
2010.02.22,0.2243815571,0.2243815571,0.2177111189,0.2202062458
2010.02.23,0.2189956952,0.2201815931,0.2086935555,0.2116089761
2010.02.24,0.2153393422,0.2205032132,0.2141781134,0.2180080861
2010.02.25,0.2110406730,0.2193666264,0.2068160236,0.2178837806
2010.02.26,0.2172415027,0.2215164376,0.2150926620,0.2206018716
2010.03.01,0.2233938964,0.2310035682,0.2233938964,0.2300643474
2010.03.02,0.2320899093,0.2364388374,0.2308300042,0.2314476222
2010.03.03,0.2340423595,0.2360678688,0.2304846663,0.2327331305
2010.03.04,0.2335480778,0.2356229253,0.2299163913,0.2353022695
2010.03.05,0.2403172074,0.2467902927,0.2390326332,0.2457030714
2010.03.08,0.2459259321,0.2487920134,0.2459259321,0.2470131814
2010.03.09,0.2456537330,0.2552395915,0.2454564086,0.2513858974
2010.03.10,0.2517321120,0.2590695047,0.2515585095,0.2575373352
2010.03.11,0.2559814956,0.2602801381,0.2542766280,0.2599091828
2010.03.12,0.2627753089,0.2627753089,0.2575127755,0.2605021894
2010.03.15,0.2587726483,0.2605268260,0.2532387694,0.2587479651
2010.03.16,0.2612933528,0.2643814424,0.2585752854,0.2636404932
2010.03.17,0.2643814654,0.2692237046,0.2632695608,0.2654686868
2010.03.18,0.2663822576,0.2690016766,0.2646280803,0.2681611180
2010.03.19,0.2634176016,0.2711012979,0.2606018183,0.2634176016
2010.03.22,0.2603294316,0.2736959215,0.2593408585,0.2705329061
2010.03.23,0.2723857391,0.2767840187,0.2681611187,0.2761910558
2010.03.24,0.2742396006,0.2748325354,0.2705329597,0.2722624540
2010.03.25,0.2789081732,0.2818235929,0.2703355449,0.2705575526
2010.03.26,0.2744123044,0.2771787493,0.2676915659,0.2719664872
2010.03.29,0.2760677694,0.2785135580,0.2736713189,0.2756968141
2010.03.30,0.2779699320,0.2809840001,0.2729293794,0.2785875499
2010.03.31,0.2754748479,0.2791805277,0.2729294215,0.2748325467
2010.04.01,0.2778959236,0.2832077936,0.2681364359,0.2742888927
2010.04.05,0.2762897431,0.2838747604,0.2742395649,0.2822192311
2010.04.06,0.2800694465,0.2869381696,0.2782905859,0.2843690217
2010.04.07,0.2834051281,0.2864932176,0.2778219121,0.2827628553
2010.04.08,0.2798968236,0.2854307025,0.2756228358,0.2837761343
2010.04.09,0.2847143067,0.2895812276,0.2825151814,0.2888896167
2010.04.12,0.2898782543,0.2922747329,0.2879760624,0.2900509238
2010.04.13,0.2891126632,0.2948932042,0.2864932438,0.2944245338
2010.04.14,0.2986245095,0.3050473519,0.2980068915,0.3048006892
2010.04.15,0.3044799708,0.3100138487,0.3042076919,0.3088772893
2010.04.16,0.3056156208,0.3086050341,0.2921513855,0.2978826165
2010.04.19,0.2950916062,0.3001311999,0.2865920048,0.2974140644
2010.04.20,0.3020332573,0.3038870725,0.2963760474,0.3018112779
2010.04.21,0.3079380969,0.3097416126,0.3014156449,0.3071231544
2010.04.22,0.2981549024,0.3127063594,0.2930650111,0.3116694093
2010.04.23,0.3119653901,0.3167829739,0.3082843658,0.3157953620
2010.04.26,0.3160173385,0.3183891336,0.3119160211,0.3134481907
2010.04.27,0.3104095053,0.3137196030,0.2915338169,0.2941029370
2010.04.28,0.2986245320,0.2989205328,0.2876544892,0.2947945595
2010.04.29,0.2988958281,0.3113230843,0.2988711448,0.3098411858
2010.04.30,0.3093716157,0.3108288594,0.2908165552,0.2915831208
2010.05.03,0.2949928068,0.3078887338,0.2949178524,0.3034914434
2010.05.04,0.2920025830,0.2920281993,0.2700634503,0.2766608596
2010.05.05,0.2679885121,0.2769814082,0.2628739654,0.2721144855
2010.05.06,0.2665056386,0.2741893051,0.1680020305,0.2454564124
2010.05.07,0.2389586170,0.2478775184,0.2117569359,0.2275938988
2010.05.10,0.2563267728,0.2623055982,0.2549188677,0.2615399659
2010.05.11,0.2541532883,0.2717681512,0.2526704567,0.2613673508
2010.05.12,0.2649497590,0.2760184499,0.2639611857,0.2754501700
2010.05.13,0.2728060281,0.2785381914,0.2613426628,0.2629981637
2010.05.14,0.2565497719,0.2568951109,0.2384150058,0.2468149662
2010.05.17,0.2492114454,0.2529180866,0.2342150526,0.2501506805
2010.05.18,0.2562528339,0.2576863558,0.2361912331,0.2405894995
2010.05.19,0.2364388234,0.2421206881,0.2258890610,0.2342396975
2010.05.20,0.2200582249,0.2216397469,0.2061737247,0.2105463743
2010.05.21,0.1977234900,0.2187243386,0.1956239875,0.2121772319
2010.05.24,0.2133384923,0.2212441675,0.2114609832,0.2139314413
2010.05.25,0.1980450897,0.2130908320,0.1917199913,0.2124238759
2010.05.26,0.2157102585,0.2245798367,0.2042715603,0.2058521211
2010.05.27,0.2195639886,0.2287058467,0.2177851277,0.2281375527
2010.05.28,0.2296441198,0.2302864070,0.2186503690,0.2249498665
2010.06.01,0.2225780343,0.2340670320,0.2174151111,0.2187243402
2010.06.02,0.2223560592,0.2341163754,0.2176124678,0.2341163754
2010.06.03,0.2358458480,0.2415277262,0.2313982584,0.2401938140
2010.06.04,0.2251234277,0.2340916669,0.2133137619,0.2164758444
2010.06.07,0.2185763649,0.2209728298,0.2035790104,0.2039252967
2010.06.08,0.2053824845,0.2067419989,0.1947094057,0.2027886957
2010.06.09,0.2068900484,0.2126962208,0.1960442975,0.1983164698
2010.06.10,0.2052345124,0.2151913266,0.2035543421,0.2147710472
2010.06.11,0.2081006020,0.2212441548,0.2081006020,0.2203798741
2010.06.14,0.2269269706,0.2312749371,0.2196132843,0.2205031812
2010.06.15,0.2241595597,0.2391806204,0.2234926035,0.2366115004
2010.06.16,0.2364141826,0.2445921505,0.2352529538,0.2413797677
2010.06.17,0.2451594458,0.2455304011,0.2375260507,0.2438008785
2010.06.18,0.2450607728,0.2493850312,0.2420220214,0.2444678098
2010.06.21,0.2533867307,0.2544739803,0.2340176898,0.2380440533
2010.06.22,0.2407868258,0.2460247038,0.2312009667,0.2324115336
2010.06.23,0.2332757958,0.2356722604,0.2240855478,0.2292987704
2010.06.24,0.2265560071,0.2285321922,0.2169208111,0.2181807160
2010.06.25,0.2210221310,0.2234925886,0.2133877892,0.2180327177
2010.06.28,0.2182053509,0.2214670426,0.2113868998,0.2160802186
2010.06.29,0.2059261458,0.2062970870,0.1862848097,0.1919676363
2010.06.30,0.1891015542,0.1945121018,0.1809729245,0.1824804395
2010.07.01,0.1834927265,0.1850249107,0.1701271797,0.1807015985
2010.07.02,0.1811711874,0.1832707039,0.1741791325,0.1797130108
2010.07.06,0.1865817652,0.1900151804,0.1761060086,0.1806522757
2010.07.07,0.1822081594,0.1982671328,0.1817641581,0.1977235079
2010.07.08,0.2024671129,0.2032583476,0.1940918207,0.2010592073
2010.07.09,0.2005402519,0.2075323072,0.1994776855,0.2066926956
2010.07.12,0.2059261008,0.2121525368,0.2046661960,0.2090397924
2010.07.13,0.2139314281,0.2189463654,0.2093111680,0.2161798924
2010.07.14,0.2180327598,0.2233199764,0.2152160155,0.2196379900
2010.07.15,0.2187243363,0.2223313676,0.2116089499,0.2204045206
2010.07.16,0.2184767371,0.2187490160,0.2017014844,0.2026653886
2010.07.19,0.2038265974,0.2085208499,0.1989093900,0.2072362900
2010.07.20,0.1969579170,0.2146477237,0.1953773418,0.2137834430
2010.07.21,0.2218617873,0.2218617873,0.2049138772,0.2062970996
2010.07.22,0.2143517113,0.2244565116,0.2143517113,0.2202062458
2010.07.23,0.2171181550,0.2262106736,0.2159075882,0.2259383947
2010.07.26,0.2269269726,0.2315472323,0.2237639425,0.2309039980
2010.07.27,0.2343137064,0.2353516037,0.2279639238,0.2308546752
2010.07.28,0.2303860125,0.2332758168,0.2230970086,0.2261357605
2010.07.29,0.2292740939,0.2307559924,0.2137587332,0.2207498550
2010.07.30,0.2151419896,0.2259137463,0.2112626790,0.2222573906
2010.08.02,0.2304846732,0.2359445445,0.2279392610,0.2342150360
2010.08.03,0.2337700806,0.2345119770,0.2281375258,0.2317938954
2010.08.04,0.2348326612,0.2391559731,0.2317939094,0.2384890169
2010.08.05,0.2349066690,0.2379207519,0.2320899247,0.2370811403
2010.08.06,0.2285568665,0.2369824289,0.2251481068,0.2359692007
2010.08.09,0.2392053012,0.2421206933,0.2361418805,0.2400951982
2010.08.10,0.2347093175,0.2382916798,0.2285824760,0.2350053042
2010.08.11,0.2225287524,0.2226777000,0.2122512668,0.2156609744
2010.08.12,0.2027394136,0.2125472675,0.2015288466,0.2095825225
2010.08.13,0.2078539073,0.2102257027,0.2054071575,0.2054071575
2010.08.16,0.2023437697,0.2107190614,0.1997499664,0.2065684050
2010.08.17,0.2111886452,0.2199595459,0.2099534095,0.2144256681
2010.08.18,0.2133384548,0.2207005179,0.2108926662,0.2163525373
2010.08.19,0.2132891670,0.2154873461,0.2028380653,0.2083966136
2010.08.20,0.2062970932,0.2092618379,0.2026160681,0.2076803297
2010.08.23,0.2123251887,0.2135850935,0.2016520971,0.2019490451
2010.08.24,0.1953516785,0.1968098692,0.1880142849,0.1903614253
2010.08.25,0.1866557251,0.1984160539,0.1857411733,0.1960689276
2010.08.26,0.1985887029,0.1989093728,0.1883852281,0.1896697879
2010.08.27,0.1929798928,0.1967852099,0.1813438565,0.1959446371
2010.08.30,0.1929305568,0.1980944412,0.1895464803,0.1895958185
2010.08.31,0.1867790746,0.1926345701,0.1840856621,0.1886565834
2010.09.01,0.1959200109,0.2063710982,0.1956486650,0.2044689059
2010.09.02,0.2057288199,0.2114856541,0.2041719666,0.2114856541
2010.09.03,0.2179094096,0.2222573906,0.2156609453,0.2222573906
2010.09.07,0.2192679724,0.2219110997,0.2163772210,0.2168468386
2010.09.08,0.2192679787,0.2281128883,0.2192679787,0.2245058566
2010.09.09,0.2314969583,0.2318678994,0.2264080280,0.2273463160
2010.09.10,0.2290018363,0.2310282929,0.2252714733,0.2297930568
2010.09.13,0.2357965217,0.2416520310,0.2355735810,0.2399225086
2010.09.14,0.2389093075,0.2466669672,0.2375260569,0.2429612875
2010.09.15,0.2410343768,0.2482977479,0.2390819139,0.2470871955
2010.09.16,0.2469383639,0.2509903448,0.2443199051,0.2505710125
2010.09.17,0.2556844960,0.2556844960,0.2494096693,0.2532387078
2010.09.20,0.2560802250,0.2677912198,0.2551903278,0.2664317191
2010.09.21,0.2666545752,0.2717681602,0.2627752649,0.2655920088
2010.09.22,0.2626272763,0.2695206550,0.2599091806,0.2643321157
2010.09.23,0.2589215365,0.2715214615,0.2581303161,0.2635408342
2010.09.24,0.2729541009,0.2801690971,0.2716448435,0.2784642577
2010.09.27,0.2797488776,0.2812061217,0.2745109984,0.2752766311
2010.09.28,0.2778713494,0.2778713494,0.2620837196,0.2759682238
2010.09.29,0.2737946664,0.2775250294,0.2706563051,0.2737453282
2010.09.30,0.2778959306,0.2827875073,0.2646774263,0.2700386345
2010.10.01,0.2763637988,0.2774757035,0.2652210861,0.2691990733
2010.10.04,0.2665056739,0.2692484252,0.2556599229,0.2598598897
2010.10.05,0.2690757483,0.2805391171,0.2686307998,0.2792052329
2010.10.06,0.2780438904,0.2797980676,0.2666051807,0.2720897198
2010.10.07,0.2767100856,0.2769074101,0.2681611768,0.2747575939
2010.10.08,0.2752518976,0.2822932918,0.2696440253,0.2802924514
2010.10.11,0.2810827596,0.2847637849,0.2783153533,0.2808607519
2010.10.12,0.2790079096,0.2881981600,0.2724351851,0.2866916060
2010.10.13,0.2919777742,0.2972403065,0.2895073025,0.2936579585
2010.10.14,0.2940041648,0.2957090319,0.2875557363,0.2920279801
2010.10.15,0.3024781795,0.3106561601,0.2957337488,0.3106561601
2010.10.18,0.3111504467,0.3138428978,0.3073204465,0.3106561601
2010.10.19,0.2983522569,0.3054676440,0.2911135384,0.2983029187
2010.10.20,0.3012183463,0.3112244994,0.2993408373,0.3045047224
2010.10.21,0.3106562383,0.3140165794,0.2977346639,0.3066289127
2010.10.22,0.3069997458,0.3132992271,0.3053935549,0.3126076162
2010.10.25,0.3163636400,0.3227371436,0.3163636400,0.3173512518
2010.10.26,0.3123609994,0.3214772537,0.3087046301,0.3192534447
2010.10.27,0.3151778448,0.3233548667,0.3134483218,0.3225398958
2010.10.28,0.3270120658,0.3271847353,0.3167089808,0.3243926466
2010.10.29,0.3243186928,0.3280737107,0.3224165006,0.3228358328
2010.11.01,0.3261221969,0.3327186419,0.3189574721,0.3235777318
2010.11.02,0.3313600337,0.3360789693,0.3298278641,0.3333855569
2010.11.03,0.3350658214,0.3383028310,0.3259002270,0.3382032216
2010.11.04,0.3499882112,0.3543371538,0.3475424222,0.3501864970
2010.11.05,0.3510260793,0.3527062638,0.3476163723,0.3506057858
2010.11.08,0.3488270129,0.3532992589,0.3463072024,0.3514957428
2010.11.09,0.3564859347,0.3577211422,0.3415141851,0.3458128273
2010.11.10,0.3476410406,0.3523352933,0.3394886759,0.3511000574
2010.11.11,0.3347697491,0.3464057849,0.3307177696,0.3451952040
2010.11.12,0.3394886930,0.3435150567,0.3201187183,0.3276297152
2010.11.15,0.3332375828,0.3346208333,0.3237257457,0.3241213560
2010.11.16,0.3171785775,0.3227371387,0.3043063730,0.3080376685
2010.11.17,0.3085804502,0.3155725068,0.3063576019,0.3109522462
2010.11.18,0.3209582174,0.3318542631,0.3207115548,0.3254058063
2010.11.19,0.3243433481,0.3285926810,0.3206376684,0.3261715472
2010.11.22,0.3222931613,0.3347697854,0.3209583160,0.3347697854
2010.11.23,0.3248622511,0.3258005247,0.3132745930,0.3189574182
2010.11.24,0.3280243641,0.3401803030,0.3276296869,0.3375855386
2010.11.26,0.3317053992,0.3380304980,0.3297538689,0.3354613781
2010.11.29,0.3298279409,0.3335345822,0.3185125585,0.3307918310
2010.11.30,0.3202914259,0.3244420831,0.3146342148,0.3182165921
2010.12.01,0.3328173311,0.3435150663,0.3322983612,0.3384508193
2010.12.02,0.3399573244,0.3502110993,0.3390930438,0.3487282395
2010.12.03,0.3445283244,0.3527802710,0.3444049648,0.3516437113
2010.12.06,0.3517176394,0.3530762065,0.3481846016,0.3510260284
2010.12.07,0.3639970114,0.3640216664,0.3507301264,0.3513477445
2010.12.08,0.3548303995,0.3571035467,0.3479379543,0.3562145829
2010.12.09,0.3621687866,0.3622427797,0.3532991942,0.3565846086
2010.12.10,0.3590313600,0.3647379081,0.3560912847,0.3640709519
2010.12.13,0.3686419102,0.3686419102,0.3594753838,0.3597970009
2010.12.14,0.3626384732,0.3662208505,0.3586604855,0.3613036275
2010.12.15,0.3610075880,0.3677273651,0.3545344736,0.3576225638
2010.12.16,0.3579934974,0.3669863933,0.3557696880,0.3650842011
2010.12.17,0.3662454341,0.3693581791,0.3642436325,0.3661960959
2010.12.20,0.3681229503,0.3710877089,0.3592287025,0.3671837151
2010.12.21,0.3714329916,0.3734101097,0.3685925260,0.3732365072
2010.12.22,0.3732867940,0.3751643028,0.3717299410,0.3736321330
2010.12.23,0.3716805870,0.3731871687,0.3683695567,0.3707906902
2010.12.27,0.3678013109,0.3730638718,0.3599696301,0.3709396720
2010.12.28,0.3737061111,0.3740277282,0.3668136660,0.3693334758
2010.12.29,0.3725942241,0.3736074522,0.3705933840,0.3715326190
2010.12.30,0.3716806640,0.3717793404,0.3668877343,0.3687405884
2010.12.31,0.3679256327,0.3679256327,0.3599450037,0.3653555512
2011.01.03,0.3750656527,0.3893951013,0.3750153532,0.3818594217
2011.01.04,0.3866523971,0.3867510735,0.3739784480,0.3812665045
2011.01.05,0.3774868103,0.3909016796,0.3769925236,0.3907290101
2011.01.06,0.3921122282,0.3951756346,0.3896910947,0.3942620158
2011.01.07,0.3962628923,0.3969298485,0.3819334427,0.3933474720
2011.01.10,0.3903581146,0.3997713332,0.3877643392,0.3977704644
2011.01.11,0.4026125768,0.4034768573,0.3955218469,0.3995985091
2011.01.12,0.4051324839,0.4079492279,0.4004628859,0.4077025652
2011.01.13,0.4091597744,0.4114822317,0.4050584563,0.4089871049
2011.01.14,0.4087888444,0.4179800544,0.4061210479,0.4178567231
2011.01.18,0.4071835933,0.4224769611,0.4064919822,0.4211914539
2011.01.19,0.4233413003,0.4233413003,0.4028593901,0.4070850015
2011.01.20,0.4022170973,0.4032303256,0.3888761916,0.3979431093
2011.01.21,0.4037492226,0.4061703562,0.3885792147,0.3888514936
2011.01.24,0.3910249550,0.4052557544,0.3889501220,0.4049104154
2011.01.25,0.3994506052,0.4068619929,0.3965351847,0.4063183963
2011.01.26,0.4089377335,0.4164477967,0.4051570999,0.4126187861
2011.01.27,0.4174610575,0.4240821857,0.4151879384,0.4205738306
2011.01.28,0.4207227745,0.4215130337,0.3832673439,0.3888514936
2011.01.31,0.3903827363,0.3975730773,0.3817114298,0.3946083188
2011.02.01,0.4036998846,0.4192645698,0.4021677148,0.4165218472
2011.02.02,0.4143236749,0.4189192798,0.4120258725,0.4146443307
2011.02.03,0.4123466204,0.4184990511,0.4023907379,0.4162505865
2011.02.04,0.4173131156,0.4244531861,0.4135324812,0.4237615466
2011.02.07,0.4264046885,0.4365341728,0.4243051718,0.4299130440
2011.02.08,0.4300610407,0.4390795529,0.4279121858,0.4390795529
2011.02.09,0.4361640923,0.4400177860,0.4321367677,0.4364107549
2011.02.10,0.4291473948,0.4394248643,0.4261826363,0.4385359287
2011.02.11,0.4344839924,0.4478002148,0.4323588593,0.4475288689
2011.02.14,0.4474301850,0.4524204674,0.4462442872,0.4503456056
2011.02.15,0.4478495425,0.4501720000,0.4427852670,0.4491843879
2011.02.16,0.4527173422,0.4610926475,0.4520494530,0.4574856162
2011.02.17,0.4507402380,0.4595358088,0.4499006124,0.4570900202
2011.02.18,0.4573613256,0.4591895244,0.4490846966,0.4544962049
2011.02.22,0.4363614065,0.4397711131,0.4125940878,0.4144715965
2011.02.23,0.4143483597,0.4187950173,0.3949537001,0.4042435586
2011.02.24,0.4070849710,0.4140760653,0.3952999857,0.4099994302
2011.02.25,0.4176337434,0.4293447350,0.4164478456,0.4275659025
2011.02.28,0.4324574683,0.4367077341,0.4229209481,0.4306786358
2011.03.01,0.4364601418,0.4364601418,0.4064170307,0.4099747241
2011.03.02,0.4091844345,0.4242054941,0.4088390955,0.4157561958
2011.03.03,0.4278628398,0.4428345911,0.4278135016,0.4405614436
2011.03.04,0.4407588031,0.4407588031,0.4254417126,0.4340390265
2011.03.07,0.4394741773,0.4402151266,0.4050831163,0.4167447686
2011.03.08,0.4143729728,0.4271209134,0.4076531970,0.4210927486
2011.03.09,0.4176337918,0.4181774167,0.4062197610,0.4125941992
2011.03.10,0.3979677541,0.4014761092,0.3887281678,0.3937184215
2011.03.11,0.3871466114,0.4036505297,0.3865536484,0.4002901614
2011.03.14,0.3937678293,0.4027114163,0.3874427291,0.3963872492
2011.03.15,0.3611062160,0.3867017079,0.3574991845,0.3801792562
2011.03.16,0.3706921034,0.3764735780,0.3446516610,0.3522613347
2011.03.17,0.3683695908,0.3730638719,0.3611062180,0.3614524901
2011.03.18,0.3741017266,0.3742497411,0.3587343952,0.3594753444
2011.03.21,0.3752383155,0.3854171369,0.3736568075,0.3795369864
2011.03.22,0.3813158347,0.3824523944,0.3755343320,0.3784990907
2011.03.23,0.3738550937,0.3875916083,0.3662454205,0.3842312396
2011.03.24,0.3932241287,0.4075536062,0.3865043526,0.4051324725
2011.03.25,0.4091844871,0.4160532114,0.4064170528,0.4080972373
2011.03.28,0.4136320592,0.4136813974,0.4006858317,0.4011801183
2011.03.29,0.3987589183,0.4127914318,0.3946082626,0.4126927555
2011.03.30,0.4190179090,0.4203518213,0.4133844211,0.4187703133
2011.03.31,0.4170407696,0.4215870359,0.4145702979,0.4205491245
2011.04.01,0.4265773179,0.4306786360,0.4175350843,0.4211914539
2011.04.04,0.4247984253,0.4258363367,0.4115562265,0.4173870385
2011.04.05,0.4142743684,0.4209941454,0.4111113520,0.4126435220
2011.04.06,0.4225262711,0.4266275607,0.4092337444,0.4157561958
2011.04.07,0.4160532200,0.4236125943,0.4071096337,0.4156576097
2011.04.08,0.4213896768,0.4228715753,0.4032549115,0.4094320238
2011.04.11,0.4141756515,0.4169914625,0.4016734396,0.4057254195
2011.04.12,0.3999942295,0.4030082981,0.3925818805,0.3977210820
2011.04.13,0.4063184562,0.4105677614,0.3977704793,0.4072083533
2011.04.14,0.3987086838,0.4068619532,0.3938170785,0.4049844444
2011.04.15,0.4002408202,0.4076531679,0.3952012290,0.4023659527
2011.04.18,0.3907043535,0.3948056716,0.3747440578,0.3946083188
2011.04.19,0.3970787700,0.4017237127,0.3912479579,0.4017237127
2011.04.20,0.4229209598,0.4300856848,0.4214883993,0.4284557998
2011.04.21,0.4418459471,0.4419939616,0.4353728342,0.4393261373
2011.04.25,0.4409077353,0.4432301927,0.4378936385,0.4425869584
2011.04.26,0.4461949434,0.4545949041,0.4434768475,0.4501966238
2011.04.27,0.4521245081,0.4606724565,0.4464910192,0.4595358968
2011.04.28,0.4550389269,0.4590415690,0.4513825570,0.4588442445
2011.04.29,0.4552866003,0.4599808540,0.4533597529,0.4566204846
2011.05.02,0.4585966490,0.4615120698,0.4500980391,0.4541499913
2011.05.03,0.4527173295,0.4540019035,0.4388318966,0.4473305047
2011.05.04,0.4472811925,0.4510865097,0.4341376411,0.4447120726
2011.05.05,0.4381897031,0.4535570666,0.4331994486,0.4380417168
2011.05.06,0.4513825640,0.4584979512,0.4383376875,0.4418460429
2011.05.09,0.4439217775,0.4520741139,0.4392275249,0.4466389120
2011.05.10,0.4510372219,0.4600301464,0.4486160880,0.4581032991
2011.05.11,0.4567190991,0.4610680131,0.4389799417,0.4482204616
2011.05.12,0.4435261675,0.4580036309,0.4363614431,0.4561260939
2011.05.13,0.4530626795,0.4551384741,0.4395235183,0.4399684668
2011.05.16,0.4341870035,0.4376460488,0.4141756603,0.4170901477
2011.05.17,0.4108153245,0.4207474554,0.4082955143,0.4204998314
2011.05.18,0.4189685916,0.4331993935,0.4172390972,0.4307279885
2011.05.19,0.4357191967,0.4373500429,0.4270222737,0.4344346225
2011.05.20,0.4329517638,0.4346319483,0.4232672571,0.4248487651
2011.05.23,0.4074056153,0.4108646606,0.4003888766,0.4064170420
2011.05.24,0.4095307951,0.4095307951,0.3986594278,0.3987590373
2011.05.25,0.3968311090,0.4087887612,0.3965844464,0.4032055736
2011.05.26,0.3992523087,0.4141253833,0.3992523087,0.4107659757
2011.05.27,0.4127915363,0.4181280626,0.4119025723,0.4168928266
2011.05.31,0.4288997870,0.4369544089,0.4221306723,0.4369544089
2011.06.01,0.4340882625,0.4368556962,0.4078505003,0.4090363979
2011.06.02,0.4108646192,0.4153112478,0.4046381687,0.4114082158
2011.06.03,0.3969801159,0.4060223778,0.3913466279,0.3927298784
2011.06.06,0.3909016781,0.3958928931,0.3827986796,0.3832426667
2011.06.07,0.3862074373,0.3906550276,0.3803272583,0.3810198307
2011.06.08,0.3784004068,0.3803775534,0.3696048357,0.3728172183
2011.06.09,0.3729652011,0.3797845868,0.3695061841,0.3744480610
2011.06.10,0.3693581480,0.3718779580,0.3567088836,0.3572525084
2011.06.13,0.3587837879,0.3629837830,0.3538922098,0.3574992418
2011.06.14,0.3655537744,0.3739043960,0.3654541649,0.3707906902
2011.06.15,0.3607598873,0.3671836622,0.3481106234,0.3505317569
2011.06.16,0.3507300436,0.3540401126,0.3370419353,0.3456401527
2011.06.17,0.3554234666,0.3567583122,0.3400570356,0.3430711329
2011.06.20,0.3397107294,0.3511247880,0.3397107294,0.3476164043
2011.06.21,0.3521132618,0.3714832625,0.3474190094,0.3707906902
2011.06.22,0.3658498163,0.3722735918,0.3621934466,0.3624401093
2011.06.23,0.3505318205,0.3729652318,0.3472710608,0.3724709451
2011.06.24,0.3669371009,0.3680736607,0.3511248168,0.3528543115
2011.06.27,0.3545344423,0.3748427194,0.3525089188,0.3700004518
2011.06.28,0.3726692749,0.3868004415,0.3712850911,0.3866031170
2011.06.29,0.3900127485,0.3933228178,0.3829466718,0.3914453089
2011.06.30,0.3955466397,0.4075042941,0.3948550002,0.4063183963
2011.07.01,0.4076532005,0.4267262399,0.4041448174,0.4251447320
2011.07.05,0.4265773593,0.4326557963,0.4238602245,0.4312716126
2011.07.06,0.4301852665,0.4376953013,0.4259350012,0.4358671308
2011.07.07,0.4454530400,0.4573120178,0.4438724650,0.4535076618
2011.07.08,0.4419939789,0.4499005853,0.4347799165,0.4497525990
2011.07.11,0.4360151485,0.4423895851,0.4208954129,0.4256390035
2011.07.12,0.4250460682,0.4278134739,0.4146689895,0.4152619243
2011.07.13,0.4245024915,0.4334460777,0.4163985592,0.4207968116
2011.07.14,0.4245024738,0.4299377044,0.4015254669,0.4063183963
2011.07.15,0.4203024763,0.4224769473,0.4116055820,0.4224769473
2011.07.18,0.4161517948,0.4208954137,0.4036998554,0.4155095220
2011.07.19,0.4280108559,0.4454530509,0.4279121795,0.4448107779
2011.07.20,0.4518768181,0.4521244421,0.4368064190,0.4385852516
2011.07.21,0.4399191808,0.4545949315,0.4328531320,0.4474795163
2011.07.22,0.4470838894,0.4631428619,0.4457993153,0.4613640010
2011.07.25,0.4499499690,0.4659596031,0.4477261597,0.4586468637
2011.07.26,0.4571146407,0.4667498364,0.4549401699,0.4611666203
2011.07.27,0.4527667559,0.4536063816,0.4229703327,0.4261826873
2011.07.28,0.4269729398,0.4444160960,0.4219333478,0.4284557998
2011.07.29,0.4179307329,0.4374980619,0.4119519054,0.4243051708
2011.08.01,0.4396725186,0.4419447049,0.4032056585,0.4185729921
2011.08.02,0.4121985793,0.4178320679,0.3851705233,0.3868004084
2011.08.03,0.3877889506,0.3988083313,0.3679256218,0.3968311846
2011.08.04,0.3804762966,0.3823538058,0.3427248573,0.3428235054
2011.08.05,0.3541881889,0.3585864412,0.3071971665,0.3352631330
2011.08.08,0.3057152965,0.3223178963,0.2757215468,0.2763638198
2011.08.09,0.2872844952,0.3152024468,0.2648017460,0.3142139018
2011.08.10,0.2931636606,0.3068517687,0.2755241154,0.2771540284
2011.08.11,0.2879268108,0.3222182689,0.2844184270,0.3127310574
2011.08.12,0.3198464090,0.3263688609,0.3086800037,0.3206869960
2011.08.15,0.3246896367,0.3346208343,0.3202420465,0.3345221579
2011.08.16,0.3254305569,0.3346208044,0.3131759418,0.3259248435
2011.08.17,0.3279010442,0.3357080416,0.3107054849,0.3206376433
2011.08.18,0.2944985488,0.2945972252,0.2652950909,0.2741400003
2011.08.19,0.2648016789,0.2847143415,0.2579329563,0.2587725818
2011.08.22,0.2769567238,0.2775496586,0.2589709053,0.2610950768
2011.08.23,0.2666792898,0.2936086688,0.2636158546,0.2934113443
2011.08.24,0.2918791267,0.3020086103,0.2840227906,0.3003293872
2011.08.25,0.2996861479,0.3039364137,0.2827382117,0.2859002948
2011.08.26,0.2833312408,0.3100632993,0.2745850058,0.3065549433
2011.08.29,0.3162393692,0.3337812010,0.3162393692,0.3326446414
2011.08.30,0.3290869832,0.3453432812,0.3236517523,0.3394137919
2011.08.31,0.3456894903,0.3537441113,0.3324966016,0.3413908482
2011.09.01,0.3436147041,0.3515697167,0.3298279175,0.3317556977
2011.09.02,0.3130773124,0.3179688896,0.3032438302,0.3085310459
2011.09.06,0.2867408579,0.3098658767,0.2846157252,0.3084816933
2011.09.07,0.3218729190,0.3320517131,0.3192534992,0.3318050504
2011.09.08,0.3265178912,0.3411433454,0.3242941096,0.3272095025
2011.09.09,0.3211812548,0.3246896096,0.2995381063,0.3056658804
2011.09.12,0.2955858000,0.3178209550,0.2949425940,0.3171293437
2011.09.13,0.3207856767,0.3318543963,0.3163390473,0.3294332623
2011.09.14,0.3351645078,0.3552754645,0.3249363740,0.3436640799
2011.09.15,0.3555723732,0.3609582376,0.3448006160,0.3592780530
2011.09.16,0.3620947109,0.3701977364,0.3596242676,0.3686664999
2011.09.19,0.3556216770,0.3752876520,0.3462824813,0.3696048260
2011.09.20,0.3749413417,0.3838849262,0.3620454154,0.3643678725
2011.09.21,0.3700497751,0.3756339531,0.3455415326,0.3458375335
2011.09.22,0.3195504064,0.3282473293,0.2969690106,0.3121883571
2011.09.23,0.3042323954,0.3258755162,0.3035900942,0.3219222128
2011.09.26,0.3269125325,0.3346208832,0.3053690168,0.3328420222
2011.09.27,0.3503344598,0.3587344204,0.3364992689,0.3430217206
2011.09.28,0.3478639885,0.3545837647,0.3258755279,0.3268631399
2011.09.29,0.3433670299,0.3442075885,0.3002297099,0.3171785772
2011.09.30,0.3046280497,0.3115954506,0.2915338349,0.2925214469
2011.10.03,0.2842201204,0.2980562452,0.2691990591,0.2695946693
2011.10.04,0.2611946982,0.2877284929,0.2532387528,0.2859989703
2011.10.05,0.2840227383,0.3105574617,0.2774509776,0.3077407181
2011.10.06,0.3073452217,0.3235531449,0.3028492254,0.3235531449
2011.10.07,0.3226138510,0.3273574422,0.3108041829,0.3168816864
2011.10.10,0.3330402433,0.3493952155,0.3316560598,0.3493952155
2011.10.11,0.3469740614,0.3593273244,0.3452938772,0.3568568528
2011.10.12,0.3674806670,0.3742991198,0.3614031635,0.3625890613
2011.10.13,0.3604146309,0.3737061990,0.3591794231,0.3723229766
2011.10.14,0.3864550114,0.3928294480,0.3800805465,0.3928294480
2011.10.17,0.3872453398,0.3909017098,0.3684189605,0.3746454120
2011.10.18,0.3733114010,0.3945579755,0.3625387137,0.3882338107
2011.10.19,0.3832426794,0.3857634226,0.3624401157,0.3658498228
2011.10.20,0.3650102099,0.3668384090,0.3451459193,0.3612048924
2011.10.21,0.3721255880,0.3810691739,0.3642189806,0.3740524352
2011.10.24,0.3784497392,0.4004382001,0.3772145033,0.3974241316
2011.10.25,0.3931748378,0.3939157871,0.3715326484,0.3748920560
2011.10.26,0.3804763030,0.3827494226,0.3521133707,0.3734102249
2011.10.27,0.3994506034,0.4101237119,0.3877889499,0.4035025835
2011.10.28,0.3960901857,0.4064169926,0.3960901857,0.4048364460
2011.10.31,0.3940154441,0.3988577122,0.3839846357,0.3847749233
2011.11.01,0.3570049194,0.3651582178,0.3487036347,0.3549793959
2011.11.02,0.3652075403,0.3681722991,0.3537441721,0.3637247086
2011.11.03,0.3726189213,0.3876409430,0.3597229655,0.3858620822
2011.11.04,0.3801792902,0.3849722198,0.3686665838,0.3798832893
2011.11.07,0.3799325854,0.3890734950,0.3681229181,0.3883325458
2011.11.08,0.3965845126,0.4036012512,0.3834902988,0.4012787938
2011.11.09,0.3779554690,0.3799326156,0.3568569041,0.3597723246
2011.11.10,0.3702974055,0.3710876930,0.3483582826,0.3582894802
2011.11.11,0.3684682843,0.3821061232,0.3667890611,0.3784004152
2011.11.14,0.3761766084,0.3822550446,0.3676779715,0.3719766140
2011.11.15,0.3691608735,0.3886788641,0.3676286753,0.3839352727
2011.11.16,0.3757326204,0.3844779205,0.3631820312,0.3650102019
2011.11.17,0.3623908456,0.3626878078,0.3330403291,0.3399080932
2011.11.18,0.3398587249,0.3409459463,0.3299768651,0.3317556977
2011.11.21,0.3189082204,0.3195504935,0.3027505957,0.3124844432
2011.11.22,0.3097662799,0.3186604988,0.3047759981,0.3152024150
2011.11.23,0.3087293305,0.3096182661,0.2940042429,0.2942509055
2011.11.25,0.2910395355,0.3008720571,0.2875804901,0.2875804901
2011.11.28,0.3086306592,0.3187108042,0.3084323734,0.3172772825
2011.11.29,0.3162887551,0.3241953915,0.3091240294,0.3115451634
2011.11.30,0.3370419635,0.3469247557,0.3341768144,0.3457388580
2011.12.01,0.3461344931,0.3559176767,0.3452445961,0.3531512320
2011.12.02,0.3635766970,0.3638243210,0.3494445990,0.3497908711
2011.12.05,0.3665907089,0.3689131659,0.3557696161,0.3612541556
2011.12.06,0.3629837808,0.3656525389,0.3552754302,0.3584877849
2011.12.07,0.3557695980,0.3636752705,0.3448005195,0.3590312898
2011.12.08,0.3518164268,0.3599203881,0.3386235345,0.3407486677
2011.12.09,0.3437626832,0.3600683183,0.3428727862,0.3569062352
2011.12.12,0.3458868151,0.3462331154,0.3360049849,0.3451952040
2011.12.13,0.3517669889,0.3559176164,0.3292349055,0.3335345089
2011.12.14,0.3295319253,0.3305698085,0.3123857023,0.3180182576
2011.12.15,0.3270121239,0.3271108003,0.3139672472,0.3155477941
2011.12.16,0.3207363097,0.3330402643,0.3186112050,0.3195011020
2011.12.19,0.3238490489,0.3259248434,0.3082350266,0.3106561601
2011.12.20,0.3253811927,0.3392656915,0.3253811927,0.3382278085
2011.12.21,0.3324471950,0.3324471950,0.3122869391,0.3241459131
2011.12.22,0.3254305651,0.3325459512,0.3245406682,0.3320516646
2011.12.23,0.3339291658,0.3406992410,0.3320023188,0.3406499028
2011.12.27,0.3393643996,0.3468753959,0.3379811492,0.3432683647
2011.12.28,0.3424288309,0.3436640387,0.3289883154,0.3322490752
2011.12.29,0.3331883194,0.3395134482,0.3303715748,0.3387221992
2011.12.30,0.3367459669,0.3411432576,0.3357573936,0.3359556794
2012.01.03,0.3548806590,0.3604145369,0.3527062165,0.3550780118
2012.01.04,0.3533979161,0.3610569285,0.3488516490,0.3593274057
2012.01.05,0.3574990918,0.3693580662,0.3532990985,0.3681721687
2012.01.06,0.3691608314,0.3746947098,0.3646145650,0.3719766140
2012.01.09,0.3750409328,0.3756338957,0.3651581421,0.3688638210
2012.01.10,0.3807722640,0.3837369946,0.3738551343,0.3764242828
2012.01.11,0.3764242862,0.3814638786,0.3723723058,0.3790427446
2012.01.12,0.3820567869,0.3849228692,0.3734101632,0.3835396469
2012.01.13,0.3776101520,0.3796356472,0.3695555018,0.3791413605
2012.01.17,0.3897651639,0.3944594172,0.3854171826,0.3893211484
2012.01.18,0.3921368974,0.4051817721,0.3899140496,0.4047871232
2012.01.19,0.4105183407,0.4149166210,0.4086901701,0.4128901362
2012.01.20,0.4073563236,0.4114083041,0.4066153742,0.4110620320
2012.01.23,0.4109633113,0.4199068973,0.4041941966,0.4110126495
2012.01.24,0.4057747783,0.4122478923,0.4035519302,0.4087395370
2012.01.25,0.4216363963,0.4274178704,0.4122478624,0.4243544638
2012.01.26,0.4297895706,0.4321120556,0.4139279550,0.4198574424
2012.01.27,0.4174364007,0.4258363613,0.4167447896,0.4240081906
2012.01.30,0.4131871365,0.4264293657,0.4083448687,0.4246998429
2012.01.31,0.4307782925,0.4332981029,0.4182760793,0.4261826873
2012.02.01,0.4334954347,0.4414011098,0.4293941161,0.4366575181
2012.02.02,0.4409571257,0.4451077543,0.4357192473,0.4411544502
2012.02.03,0.4533596609,0.4602767615,0.4509878654,0.4586961865
2012.02.06,0.4535076174,0.4583005463,0.4503455347,0.4582512081
2012.02.07,0.4570653469,0.4633904742,0.4508389242,0.4602274299
2012.02.08,0.4609190182,0.4678864181,0.4559287648,0.4678864181
2012.02.09,0.4729763690,0.4797948221,0.4650203948,0.4782635570
2012.02.10,0.4681340855,0.4719877797,0.4631922084,0.4680344760
2012.02.13,0.4785101527,0.4828088232,0.4724326780,0.4806352854
2012.02.14,0.4779172339,0.4848352671,0.4730749387,0.4848352671
2012.02.15,0.4918017039,0.4997083102,0.4724326643,0.4740132391
2012.02.16,0.4754468061,0.4958043925,0.4715428125,0.4938282073
2012.02.17,0.4942732301,0.4954590997,0.4832538206,0.4896283150
2012.02.21,0.4915056763,0.5000535933,0.4844396011,0.4937787950
2012.02.22,0.4907649094,0.4950635244,0.4848847012,0.4872564971
2012.02.23,0.4889367080,0.4980282812,0.4817719538,0.4964961112
2012.02.24,0.5006467125,0.5042537444,0.4979789442,0.5013392568
2012.02.27,0.4927412780,0.5085535394,0.4869597441,0.5037606359
2012.02.28,0.5047972990,0.5188307762,0.5032660904,0.5188307762
2012.02.29,0.5204123523,0.5252546202,0.5072687710,0.5120123625
2012.03.01,0.5179910183,0.5256993661,0.5134447811,0.5244641304
2012.03.02,0.5226852846,0.5281204571,0.5181389909,0.5228825808
2012.03.05,0.5223390621,0.5240192746,0.5017338540,0.5065761209
2012.03.06,0.4923453984,0.4951128611,0.4839454652,0.4920494258
2012.03.07,0.4988678016,0.5064774744,0.4966942637,0.5032167435
2012.03.08,0.5117647020,0.5237717228,0.5089479862,0.5191770792
2012.03.09,0.5222405956,0.5286644012,0.5210053593,0.5254520178
2012.03.12,0.5248095834,0.5281699521,0.5186827702,0.5262924433
2012.03.13,0.5355319990,0.5560385892,0.5320236440,0.5559399128
2012.03.14,0.5575698342,0.5679962801,0.5516403168,0.5621654391
2012.03.15,0.5668103072,0.5699724184,0.5585090515,0.5664640069
2012.03.16,0.5692315814,0.5693302013,0.5614738642,0.5652289391
2012.03.19,0.5680455858,0.5813371526,0.5640429439,0.5775327682
2012.03.20,0.5686877755,0.5825229369,0.5639935515,0.5806947947
2012.03.21,0.5812383929,0.5902815586,0.5783723110,0.5804974437
2012.03.22,0.5701706620,0.5810410657,0.5698243617,0.5769891143
2012.03.23,0.5792623110,0.5796579213,0.5662667729,0.5761988759
2012.03.26,0.5869214347,0.6062914133,0.5862791051,0.6062914133
2012.03.27,0.6069337029,0.6162719396,0.6066860788,0.6086129546
2012.03.28,0.6097492369,0.6167166357,0.5907748768,0.6014972925
2012.03.29,0.5929986931,0.6013000048,0.5819300324,0.5953211784
2012.03.30,0.6028321122,0.6035237515,0.5841044146,0.5911704898
2012.04.02,0.5895397208,0.6119237619,0.5865255960,0.6092057228
2012.04.03,0.6118744873,0.6175070138,0.5988295839,0.6092560291
2012.04.04,0.5949748984,0.5963097719,0.5739256741,0.5844014287
2012.04.05,0.5811891014,0.5965564329,0.5797072029,0.5950745344
2012.04.09,0.5724429712,0.5887989370,0.5697752025,0.5813875198
2012.04.10,0.5803003633,0.5874157525,0.5479841499,0.5533207059
2012.04.11,0.5686385882,0.5724429163,0.5572245296,0.5613258481
2012.04.12,0.5646359394,0.5824737457,0.5625610776,0.5801512599
2012.04.13,0.5743212702,0.5748146520,0.5534684378,0.5539134145
2012.04.16,0.5631540227,0.5634499953,0.5306897761,0.5364713073
2012.04.17,0.5431418875,0.5732343478,0.5401771278,0.5680950880
2012.04.18,0.5630059156,0.5737283320,0.5587556505,0.5639441609
2012.04.19,0.5580148167,0.5781257416,0.5388430987,0.5457108617
2012.04.20,0.5536173813,0.5610287963,0.5379531164,0.5398306251
2012.04.23,0.5259462163,0.5279717117,0.5111718448,0.5262431502
2012.04.24,0.5229320566,0.5290588696,0.5104801166,0.5169532299
2012.04.25,0.5490710482,0.5590525142,0.5466005770,0.5580146313
2012.04.26,0.5572244788,0.5718499577,0.5558905665,0.5679962635
2012.04.27,0.5749637340,0.5837090066,0.5661188236,0.5777301788
2012.04.30,0.5725916646,0.5762973715,0.5644877633,0.5657229424
2012.05.01,0.5626103266,0.5874648976,0.5618693773,0.5689354539
2012.05.02,0.5597442012,0.5747652887,0.5565328368,0.5726904273
2012.05.03,0.5746668248,0.5758033847,0.5509488630,0.5549021959
2012.05.04,0.5397319372,0.5423019900,0.5138897572,0.5141857862
2012.05.07,0.5044025725,0.5224377274,0.5038589760,0.5149267316
2012.05.08,0.5050450425,0.5144829171,0.4844891367,0.5092450380
2012.05.09,0.4919014351,0.5128519865,0.4852793732,0.5064281821
2012.05.10,0.5114686292,0.5119126445,0.4957056323,0.5012395382
2012.05.11,0.4952114415,0.5171506213,0.4950141453,0.5007463098
2012.05.14,0.4886888772,0.4987690196,0.4849338604,0.4869100451
2012.05.15,0.4924450060,0.5030184769,0.4798934837,0.4826608896
2012.05.16,0.4877999983,0.4917523682,0.4697145724,0.4721850157
2012.05.17,0.4729763411,0.4750512027,0.4429332298,0.4431305826
2012.05.18,0.4472812058,0.4502459643,0.4242557946,0.4253420830
2012.05.21,0.4278134854,0.4622045769,0.4264293301,0.4611173272
2012.05.22,0.4645763312,0.4707031439,0.4492583098,0.4594371021
2012.05.23,0.4480724612,0.4655639940,0.4361148070,0.4620063007
2012.05.24,0.4644767393,0.4655639890,0.4427359022,0.4537049830
2012.05.25,0.4544962127,0.4566697223,0.4471825406,0.4511358440
2012.05.29,0.4639833708,0.4747551261,0.4560767644,0.4679357409
2012.05.30,0.4555825273,0.4615120162,0.4479737870,0.4565710723
2012.05.31,0.4549895408,0.4583499096,0.4402654145,0.4500486255
2012.06.01,0.4267263013,0.4344346515,0.4142743596,0.4146690369
2012.06.04,0.4183263268,0.4259350674,0.4070602834,0.4235632718
2012.06.05,0.4197094731,0.4316671539,0.4191165385,0.4293940067
2012.06.06,0.4393755077,0.4597331213,0.4377939997,0.4587455094
2012.06.07,0.4724820226,0.4729763092,0.4520247996,0.4536063075
2012.06.08,0.4507402900,0.4682327572,0.4464909853,0.4669482112
2012.06.11,0.4766326322,0.4779172345,0.4420442476,0.4446133673
2012.06.12,0.4482697845,0.4594371512,0.4402654340,0.4586468637
2012.06.13,0.4550892234,0.4653667226,0.4446134667,0.4496530592
2012.06.14,0.4491596773,0.4595358233,0.4420442907,0.4546935558
2012.06.15,0.4578556440,0.4730749906,0.4575596431,0.4714934826
2012.06.18,0.4662555269,0.4878986738,0.4633904065,0.4836493134
2012.06.19,0.4917523670,0.5055884891,0.4910607277,0.4995602965
2012.06.20,0.5023269254,0.5070705169,0.4892820204,0.5013392568
2012.06.21,0.4993621324,0.5013392225,0.4618089564,0.4637851417
2012.06.22,0.4675410672,0.4797947494,0.4643780514,0.4782141745
2012.06.25,0.4659596152,0.4664539019,0.4461949628,0.4498513043
2012.06.26,0.4543965180,0.4624017997,0.4484670023,0.4585471451
2012.06.27,0.4637851666,0.4729763769,0.4624019442,0.4669482112
2012.06.28,0.4561754663,0.4573613641,0.4368064243,0.4501473010
2012.06.29,0.4773243700,0.4941242933,0.4728777123,0.4941242933
2012.07.02,0.4956070668,0.4990660552,0.4872070783,0.4980774820
2012.07.03,0.4989674917,0.5107268901,0.4966943721,0.5099366307
2012.07.05,0.5095409099,0.5192263490,0.5012395977,0.5117153525
2012.07.06,0.5048970549,0.5057859907,0.4819693530,0.4915552139
2012.07.09,0.4909622418,0.4960028244,0.4827596036,0.4898750484
2012.07.10,0.4979788922,0.5015365572,0.4699128997,0.4748538435
2012.07.11,0.4739639516,0.4775216166,0.4559781322,0.4683313966
2012.07.12,0.4568680260,0.4600301090,0.4418460040,0.4547922313
2012.07.13,0.4582512594,0.4781145880,0.4573613625,0.4745569229
2012.07.16,0.4719877545,0.4780158914,0.4654653028,0.4709991813
2012.07.17,0.4795973966,0.4830564415,0.4581525623,0.4782141745
2012.07.18,0.4752493533,0.5020307377,0.4751497156,0.4976817966
2012.07.19,0.5083549783,0.5188307331,0.5054898577,0.5138897896
2012.07.20,0.5142845858,0.5142845858,0.4931366812,0.4941242933
2012.07.23,0.4650697279,0.4810793628,0.4541992946,0.4758424461
2012.07.24,0.4785101981,0.4803877070,0.4556821392,0.4649710357
2012.07.25,0.4542979480,0.4642794168,0.4468865605,0.4545949101
2012.07.26,0.4750511747,0.4812775688,0.4647736773,0.4723833501
2012.07.27,0.4834510846,0.5092448605,0.4793004570,0.5081576109
2012.07.30,0.5108264542,0.5172492402,0.5005479948,0.5050942898
2012.07.31,0.5081576924,0.5138898572,0.5038097113,0.5053902864
2012.08.01,0.5158659373,0.5161628712,0.4951127434,0.5004492402
2012.08.02,0.4886888814,0.5102333496,0.4843409017,0.4952113032
2012.08.03,0.5194237260,0.5340501094,0.5139884956,0.5233770013
2012.08.06,0.5319742208,0.5422526210,0.5285151764,0.5351372361
2012.08.07,0.5431416039,0.5551979325,0.5399795496,0.5483794808
2012.08.08,0.5443276477,0.5515417112,0.5418571757,0.5474897027
2012.08.09,0.5476880912,0.5549021556,0.5448220084,0.5521346927
2012.08.10,0.5475892047,0.5544076562,0.5428456145,0.5544076562
2012.08.13,0.5540121245,0.5577680469,0.5450191728,0.5577680469
2012.08.14,0.5640921947,0.5674525633,0.5539134305,0.5585583448
2012.08.15,0.5571750697,0.5650807142,0.5567794595,0.5625116229
2012.08.16,0.5693300447,0.5868225648,0.5669582495,0.5826718807
2012.08.17,0.5865257416,0.5906764269,0.5827707232,0.5906764269
2012.08.20,0.5895891405,0.5933451199,0.5824737531,0.5929495096
2012.08.21,0.5986816542,0.6051054018,0.5791143256,0.5861310363
2012.08.22,0.5816835380,0.5968042108,0.5773355564,0.5924552679
2012.08.23,0.5858341531,0.5907750977,0.5741724698,0.5793117285
2012.08.24,0.5743707328,0.5937397473,0.5719002607,0.5895891190
2012.08.27,0.5972975362,0.5993733595,0.5884033155,0.5924552679
2012.08.28,0.5905777299,0.5971001543,0.5848455648,0.5923565626
2012.08.29,0.5930479617,0.5969026161,0.5849449653,0.5925536752
2012.08.30,0.5846481528,0.5852411158,0.5716033053,0.5744693875
2012.08.31,0.5870198962,0.5931467657,0.5685398197,0.5867239237
2012.09.04,0.5831662479,0.5904789874,0.5667610317,0.5842525363
2012.09.05,0.5829679738,0.5905776470,0.5774340671,0.5815847516
2012.09.06,0.5928507797,0.6212137066,0.5925538458,0.6200277805
2012.09.07,0.6168646364,0.6213122540,0.6130109430,0.6173589230
2012.09.10,0.6136040059,0.6171616709,0.5932463635,0.5946295857
2012.09.11,0.5943327240,0.6014481112,0.5887988732,0.5920605659
2012.09.12,0.5977916281,0.6015476066,0.5859326522,0.5971986651
2012.09.13,0.5987801601,0.6288232363,0.5963096887,0.6210152507
2012.09.14,0.6285265384,0.6443387939,0.6271432594,0.6369264722
2012.09.17,0.6390022035,0.6390022035,0.6314911500,0.6381123066
2012.09.18,0.6332699453,0.6406822648,0.6332699453,0.6392980814
2012.09.19,0.6399898696,0.6483907642,0.6342586660,0.6435475349
2012.09.20,0.6341599387,0.6432515107,0.6292180335,0.6420655847
2012.09.21,0.6514541471,0.6527386930,0.6403854285,0.6420655847
2012.09.24,0.6259574582,0.6340604589,0.6221028017,0.6302067637
2012.09.25,0.6359387511,0.6398911215,0.6033265205,0.6049070954
2012.09.26,0.6014481138,0.6027336211,0.5803002095,0.5889961720
2012.09.27,0.5934437632,0.6178533591,0.5907750337,0.6139996648
2012.09.28,0.6073776347,0.6132084760,0.5969028395,0.5992746353
2012.10.01,0.6077732018,0.6183476339,0.5901820593,0.5967044830
2012.10.02,0.6040181606,0.6091564005,0.5872172780,0.6005591154
2012.10.03,0.6059943533,0.6153828590,0.5986816139,0.6119238138
2012.10.04,0.6161731551,0.6238815052,0.6096507312,0.6190392375
2012.10.05,0.6281307498,0.6305025450,0.6042153881,0.6083660722
2012.10.08,0.5983846072,0.6019422718,0.5879097578,0.5922577381
2012.10.09,0.5869213867,0.5875142933,0.5597443262,0.5618201494
2012.10.10,0.5636976462,0.5680456275,0.5524316304,0.5550007224
2012.10.11,0.5684411973,0.5687372264,0.5490712221,0.5500597954
2012.10.12,0.5506526132,0.5586569910,0.5463037282,0.5499610305
2012.10.15,0.5556923147,0.5634006644,0.5457108457,0.5609301925
2012.10.16,0.5639936245,0.5870199408,0.5634006615,0.5853397846
2012.10.17,0.5761494690,0.5894903440,0.5737776737,0.5835608840
2012.10.18,0.5784226676,0.5839565746,0.5573724796,0.5635989308
2012.10.19,0.5617202911,0.5626101878,0.5213011014,0.5228825808
2012.10.22,0.5217955423,0.5353346765,0.5190281364,0.5310853720
2012.10.23,0.5186333724,0.5297011287,0.5112210526,0.5153716803
2012.10.24,0.5248590674,0.5274291778,0.5083551699,0.5102336407
2012.10.25,0.5214000776,0.5235745211,0.5058846972,0.5102336407
2012.10.26,0.5109249551,0.5212024508,0.4986703698,0.5155699253
2012.10.31,0.5133954399,0.5156686151,0.5000536048,0.5055884719
2012.11.01,0.5147789175,0.5299982670,0.5108265462,0.5270335078
2012.11.02,0.5341488171,0.5349390764,0.5077620745,0.5077620745
2012.11.05,0.5106282206,0.5229814871,0.5069718786,0.5202140808
2012.11.06,0.5224871044,0.5335558227,0.5170519305,0.5233770013
2012.11.07,0.5065761378,0.5079603213,0.4794000443,0.4858228862
2012.11.08,0.4891833300,0.4932352820,0.4630935490,0.4630935490
2012.11.09,0.4637851628,0.4837481018,0.4628962271,0.4681341052
2012.11.12,0.4770282759,0.4784114981,0.4645763638,0.4688256681
2012.11.13,0.4578556432,0.4720864448,0.4543966262,0.4586468637
2012.11.14,0.4651692736,0.4668485248,0.4403640706,0.4422415793
2012.11.15,0.4432301780,0.4479737689,0.4331500331,0.4382883012
2012.11.16,0.4387825918,0.4472812005,0.4227729580,0.4432301819
2012.11.19,0.4580539453,0.4763357662,0.4577569831,0.4751498401
2012.11.20,0.4750511820,0.4776212349,0.4620062787,0.4752494395
2012.11.21,0.4765339554,0.4806846396,0.4712961065,0.4786088169
2012.11.23,0.4873058627,0.5005480647,0.4860213167,0.5005480647
2012.11.26,0.4970890428,0.5074661228,0.4921480985,0.5069718361
2012.11.27,0.5059831284,0.5119126445,0.4992633533,0.5012395382
2012.11.28,0.4943225038,0.5156687205,0.4851313507,0.5146801472
2012.11.29,0.5227840931,0.5291082590,0.5161629366,0.5235743523
2012.11.30,0.5237714879,0.5251556709,0.5165574280,0.5216966271
2012.12.03,0.5335557919,0.5347417179,0.5175461873,0.5191276670
2012.12.04,0.5193249975,0.5203135707,0.5069717345,0.5157672763
2012.12.05,0.5150755749,0.5151742513,0.4915549238,0.4998562336
2012.12.06,0.4953101197,0.5134942251,0.4911594915,0.5090475678
2012.12.07,0.5174476316,0.5187321776,0.4954098287,0.5003507733
2012.12.10,0.4965956637,0.5125056898,0.4962987298,0.5047973394
2012.12.11,0.5161630080,0.5330616080,0.5140872414,0.5242660642
2012.12.12,0.5324686249,0.5326659776,0.5168546280,0.5207083225
2012.12.13,0.5182379798,0.5290097680,0.5021296923,0.5089481473
2012.12.14,0.4992634507,0.5033154025,0.4891833054,0.4945198596
2012.12.17,0.4953101625,0.5142845854,0.4935313298,0.5137912035
2012.12.18,0.5216969202,0.5398810277,0.5175462916,0.5376079082
2012.12.19,0.5419556253,0.5425485316,0.5295036890,0.5298992991
2012.12.20,0.5332589987,0.5340502194,0.5224872120,0.5302942395
2012.12.21,0.5058845955,0.5155700928,0.4990661420,0.5137912035
2012.12.24,0.5111224260,0.5120123229,0.5070704742,0.5094422698
2012.12.26,0.5110236677,0.5129998527,0.4923452787,0.4973858595
2012.12.27,0.4981760801,0.5002519026,0.4762369621,0.4946184158
2012.12.28,0.4844397900,0.4951129001,0.4802891612,0.4802891612
2012.12.31,0.4780160138,0.5140872986,0.4759412082,0.5116168261
2013.01.02,0.5484782969,0.5601399796,0.5427461320,0.5593487024
2013.01.03,0.5592500083,0.5630059873,0.5458103995,0.5512456298
2013.01.04,0.5516401000,0.5516401000,0.5417582724,0.5458102226
2013.01.07,0.5410670307,0.5484784493,0.5362238567,0.5464035869
2013.01.08,0.5457108403,0.5498614684,0.5342474728,0.5432403684
2013.01.09,0.5450191576,0.5531231170,0.5438332882,0.5487751365
2013.01.10,0.5596456252,0.5613257813,0.5435372868,0.5584596992
2013.01.11,0.5578668310,0.5616219059,0.5547047757,0.5605346560
2013.01.14,0.5516404926,0.5579656222,0.5463039932,0.5533207059
2013.01.15,0.5457107584,0.5475892283,0.5380024099,0.5451177955
2013.01.16,0.5482808713,0.5573724429,0.5448218828,0.5512456298
2013.01.17,0.5586569863,0.5660693058,0.5557909045,0.5597441792
2013.01.18,0.5543090339,0.5575697647,0.5483795173,0.5565821528
2013.01.22,0.5580640152,0.5595468749,0.5475892226,0.5588552356
2013.01.23,0.5678482941,0.5736791356,0.5654764982,0.5679469705
2013.01.24,0.5457108683,0.5609302157,0.5428457473,0.5453162193
2013.01.25,0.5509485822,0.5583609010,0.5474895378,0.5534190536
2013.01.28,0.5541118975,0.5629065382,0.5518387777,0.5573726296
2013.01.29,0.5550995098,0.5611277051,0.5441304257,0.5573726296
2013.01.30,0.5610288463,0.5652781506,0.5501583856,0.5543090701
2013.01.31,0.5534193327,0.5620175815,0.5487753215,0.5507515073
2013.02.01,0.5619187847,0.5725918369,0.5551980467,0.5688359141
2013.02.04,0.5592500003,0.5645864976,0.5395839975,0.5398809314
2013.02.05,0.5466007512,0.5686385512,0.5432403823,0.5635989308
2013.02.06,0.5578667073,0.5657724091,0.5533204693,0.5583609939
2013.02.07,0.5600411697,0.5616217444,0.5414614568,0.5597441792
2013.02.08,0.5687371283,0.5803987516,0.5674525260,0.5767424107
2013.02.11,0.5780270255,0.5787186649,0.5717018983,0.5765441656
2013.02.12,0.5755565619,0.5785213204,0.5686385281,0.5698243976
2013.02.13,0.5749636214,0.5826719140,0.5710102898,0.5764455199
2013.02.14,0.5685398496,0.5783230608,0.5673539236,0.5752596259
2013.02.15,0.5760508634,0.5798058812,0.5658711368,0.5703186989
2013.02.19,0.5743707716,0.5833636683,0.5734808746,0.5827707052
2013.02.20,0.5826719164,0.5830666219,0.5561865568,0.5561865568
2013.02.21,0.5501585463,0.5514431491,0.5321727504,0.5381022692
2013.02.22,0.5473909350,0.5543090247,0.5415601514,0.5539134145
2013.02.25,0.5651793183,0.5707141283,0.5323698008,0.5332587361
2013.02.26,0.5365205128,0.5428456393,0.5253531195,0.5396825671
2013.02.27,0.5403742201,0.5661679956,0.5378050721,0.5560878515
2013.02.28,0.5560878861,0.5685398262,0.5536174143,0.5540121198
2013.03.01,0.5471936204,0.5623133272,0.5389909853,0.5597441792
2013.03.04,0.5542103952,0.5672552987,0.5521345722,0.5669583082
2013.03.05,0.5779283041,0.5944322514,0.5773353977,0.5918621421
2013.03.06,0.5978902585,0.5983845451,0.5856365781,0.5881070495
2013.03.07,0.5897874116,0.5953212621,0.5867239766,0.5932464004
2013.03.08,0.5986814637,0.6010532587,0.5877114244,0.5939378738
2013.03.11,0.5928508691,0.6002622861,0.5870200275,0.6000649333
2013.03.12,0.5947282245,0.5985828796,0.5848454330,0.5927520394
2013.03.13,0.5949254794,0.5977915608,0.5848453368,0.5908744335
2013.03.14,0.5971987006,0.6005590692,0.5929493966,0.5969027281
2013.03.15,0.5978904748,0.5992746585,0.5873170028,0.5912693739
2013.03.18,0.5758527559,0.5948271255,0.5717020701,0.5872174501
2013.03.19,0.5928508272,0.5964085491,0.5687372593,0.5848455429
2013.03.20,0.5968042303,0.6003618960,0.5886015923,0.5960130095
2013.03.21,0.5810906262,0.5848456449,0.5723937009,0.5769399405
2013.03.22,0.5834621807,0.5943325835,0.5816833485,0.5928506851
2013.03.25,0.5986816673,0.6024366854,0.5782244413,0.5868226886
2013.03.26,0.5937397164,0.5966057986,0.5894904119,0.5958155394
2013.03.27,0.5845494968,0.5997688428,0.5815847384,0.5989775658
2013.03.28,0.5985829081,0.6048083975,0.5944322803,0.6024366021
2013.04.01,0.6043142689,0.6057971291,0.5858341873,0.5907751322
2013.04.02,0.5985828910,0.6101449339,0.5975943178,0.6041167974
2013.04.03,0.6054012537,0.6077730487,0.5835608122,0.5881070495
2013.04.04,0.5875140542,0.5926533107,0.5789158101,0.5884030461
2013.04.05,0.5606340369,0.5762480857,0.5564834097,0.5739749670
2013.04.08,0.5744694480,0.5831663155,0.5693301894,0.5827707052
2013.04.09,0.5876128898,0.6014480526,0.5793116338,0.5942339897
2013.04.10,0.6004604131,0.6316884589,0.5997688303,0.6290206909
2013.04.11,0.6247715094,0.6327758900,0.6225970661,0.6279336214
2013.04.12,0.6238814217,0.6284277162,0.6128136654,0.6272417903
2013.04.15,0.6194348840,0.6230912255,0.5880085216,0.5890957713
2013.04.16,0.6007564285,0.6152841345,0.5965071244,0.6137026548
2013.04.17,0.5971988543,0.5975944646,0.5669584137,0.5778298378
2013.04.18,0.5826719560,0.5826719560,0.5461064494,0.5528262258
2013.04.19,0.5572736762,0.5797070791,0.5541115658,0.5757537484
2013.04.22,0.5820790600,0.5998674987,0.5758526088,0.5934437513
2013.04.23,0.6043141705,0.6169644259,0.5947283115,0.6109352708
2013.04.24,0.6061916282,0.6164700870,0.6021406379,0.6094533205
2013.04.25,0.6153829152,0.6265503111,0.6142956655,0.6193362474
2013.04.26,0.6154816522,0.6192366707,0.6060931446,0.6140984297
2013.04.29,0.6193361790,0.6377175799,0.6193361790,0.6304039359
2013.04.30,0.6332698633,0.6448328088,0.6260558022,0.6442399025
2013.05.01,0.6442401660,0.6478965079,0.6316885858,0.6360375285
2013.05.02,0.6385079730,0.6635104768,0.6370251129,0.6590638757
2013.05.03,0.6785316066,0.6887113911,0.6774453181,0.6820893288
2013.05.06,0.6860424423,0.6938494677,0.6845605438,0.6908847094
2013.05.07,0.6941463620,0.6956282604,0.6820891284,0.6892045140
2013.05.08,0.6875253969,0.7010636267,0.6852522776,0.6999773383
2013.05.09,0.6948380637,0.7105507349,0.6924662683,0.6975058317
2013.05.10,0.7005701943,0.7100573755,0.6974071785,0.7093648314
2013.05.13,0.7059069629,0.7168760460,0.7036337867,0.7121324539
2013.05.14,0.7120336572,0.7292291897,0.7118363044,0.7226080894
2013.05.15,0.7193464249,0.7292292181,0.7134169072,0.7279446721
2013.05.16,0.7294264991,0.7399022543,0.7235956584,0.7252758145
2013.05.17,0.7356529955,0.7465234578,0.7290318947,0.7457331419
2013.05.20,0.7399022793,0.7495867578,0.7334784754,0.7423727512
2013.05.21,0.7418783835,0.7528484246,0.7335770716,0.7451400757
2013.05.22,0.7475118484,0.7651020269,0.7138123718,0.7269559503
2013.05.23,0.7061041788,0.7269561106,0.7016566164,0.7190504074
2013.05.24,0.7056099061,0.7191490981,0.6996804448,0.7186548114
2013.05.28,0.7437558035,0.7520570578,0.7263629226,0.7334783077
2013.05.29,0.7243869315,0.7303164489,0.7100574811,0.7224097848
2013.05.30,0.7226079185,0.7437558167,0.7226079185,0.7341699600
2013.05.31,0.7250785581,0.7420767378,0.7117367200,0.7132195234
2013.06.03,0.7148010043,0.7177657627,0.6897975427,0.7173701525
2013.06.04,0.7214221374,0.7303164132,0.6975058678,0.7065984011
2013.06.05,0.6991861355,0.7071914198,0.6771483344,0.6795201302
2013.06.06,0.6813976435,0.6884143544,0.6621272483,0.6878214478
2013.06.07,0.6978028432,0.7187533925,0.6917746498,0.7165798545
2013.06.10,0.7211252153,0.7271533524,0.7130222165,0.7168759108
2013.06.11,0.6956281810,0.7151955035,0.6889084063,0.6961224675
2013.06.12,0.7088714898,0.7089701661,0.6687482633,0.6720090508
2013.06.13,0.6690441500,0.7013603439,0.6636089209,0.6961224675
2013.06.14,0.6971112118,0.6994830073,0.6803103290,0.6838680506
2013.06.17,0.6996804190,0.7149984431,0.6924663554,0.7028424740
2013.06.18,0.7060053819,0.7244855148,0.7057084480,0.7194449902
2013.06.19,0.7205321314,0.7231022406,0.6939480977,0.6968141794
2013.06.20,0.6723060434,0.6794214304,0.6399898398,0.6454259753
2013.06.21,0.6459193250,0.6515528134,0.6203238584,0.6363334656
2013.06.24,0.6209168108,0.6319854735,0.6014481019,0.6166674495
2013.06.25,0.6348514538,0.6382108610,0.6199290425,0.6298109293
2013.06.26,0.6467105421,0.6508612271,0.6401881180,0.6470065713
2013.06.27,0.6570867231,0.6676611559,0.6542206407,0.6542206407
2013.06.28,0.6490822905,0.6699341621,0.6449316062,0.6559993625
2013.07.01,0.6719106067,0.6863396985,0.6683528841,0.6700330973
2013.07.02,0.6696372650,0.6832750749,0.6605456934,0.6703298092
2013.07.03,0.6639061051,0.6885129971,0.6622258923,0.6794214249
2013.07.05,0.6905888163,0.6952337312,0.6745791534,0.6944425106
2013.07.08,0.7054125765,0.7062028358,0.6893042367,0.6967156529
2013.07.09,0.7063014743,0.7139111477,0.6970125495,0.7094644904
2013.07.10,0.7068944870,0.7247816032,0.7068944870,0.7214221954
2013.07.11,0.7444484024,0.7663875222,0.7433611529,0.7663875222
2013.07.12,0.7665848057,0.7760719857,0.7602596798,0.7743918300
2013.07.15,0.7768625217,0.7813101408,0.7705384114,0.7804202437
2013.07.16,0.7818043026,0.7836818114,0.7710316136,0.7773566842
2013.07.17,0.7839778675,0.7879311428,0.7762695179,0.7828906178
2013.07.18,0.7824958268,0.7882270288,0.7733046188,0.7771592736
2013.07.19,0.7569990841,0.7572950567,0.7458316898,0.7535400391
2013.07.22,0.7615442960,0.7644103210,0.7523540496,0.7589751482
2013.07.23,0.7634227931,0.7634227931,0.7408907660,0.7420766354
2013.07.24,0.7641145131,0.7650034487,0.7445471857,0.7490925193
2013.07.25,0.7601613016,0.7661894961,0.7483023220,0.7626317739
2013.07.26,0.7544290150,0.7758748126,0.7510696075,0.7752819061
2013.07.29,0.7713285542,0.7809144125,0.7651021034,0.7717241645
2013.07.30,0.7802228096,0.7933663900,0.7751822845,0.7831875682
2013.07.31,0.7881286144,0.8011735202,0.7834836990,0.7881286144
2013.08.01,0.8041381049,0.8153054998,0.8015690131,0.8121434450
2013.08.02,0.8127362357,0.8259784903,0.8070040721,0.8256824613
2013.08.05,0.8228165660,0.8290420562,0.8196535496,0.8274614811
2013.08.06,0.8238041498,0.8261759455,0.8024579887,0.8127363920
2013.08.07,0.8051267624,0.8121435299,0.7903030245,0.8080915213
2013.08.08,0.8215318827,0.8252869002,0.8040394183,0.8188631535
2013.08.09,0.8163928414,0.8242984882,0.8029523258,0.8100677133
2013.08.12,0.8003831195,0.8196535138,0.8002844431,0.8151081800
2013.08.13,0.8184676506,0.8346755724,0.8011734968,0.8286474347
2013.08.14,0.8281529629,0.8317106842,0.8162939864,0.8194560409
2013.08.15,0.7924775010,0.7926747972,0.7715259884,0.7783453465
2013.08.16,0.7785426615,0.7888201032,0.7730087544,0.7755779028
2013.08.19,0.7783453034,0.7967267617,0.7724158426,0.7725144625
2013.08.20,0.7778509260,0.7937619105,0.7753804543,0.7830888033
2013.08.21,0.7762695181,0.7956394927,0.7667823359,0.7752819061
2013.08.22,0.7843736255,0.7990986882,0.7836819859,0.7974184752
2013.08.23,0.8150095598,0.8164914585,0.8058183498,0.8142182827
2013.08.26,0.8153055453,0.8330940412,0.8097716381,0.8149099350
2013.08.27,0.7861522829,0.7976156500,0.7594695699,0.7636201978
2013.08.28,0.7631259854,0.7832862770,0.7622370497,0.7735030651
2013.08.29,0.7732062141,0.8012721551,0.7699454824,0.7895128131
2013.08.30,0.7917848223,0.7922791089,0.7663876159,0.7747876048
2013.09.03,0.7935637418,0.8041381174,0.7776537169,0.7875355482
2013.09.04,0.7950464121,0.8163926254,0.7891169524,0.8132305145
2013.09.05,0.8144165798,0.8237054481,0.8134280065,0.8167883754
2013.09.06,0.8247927340,0.8325010842,0.7922791770,0.8197531700
2013.09.09,0.8294376107,0.8525626602,0.8294376107,0.8486093283
2013.09.10,0.8635317925,0.8645203658,0.8519697477,0.8614569306
2013.09.11,0.8444586339,0.8575035369,0.8406049399,0.8571088314
2013.09.12,0.8567133071,0.8622472142,0.8492023098,0.8532543182
2013.09.13,0.8574049246,0.8588877845,0.8422851589,0.8560217023
2013.09.16,0.8770709838,0.8773679177,0.8431742041,0.8488076925
2013.09.17,0.8536499594,0.8688683458,0.8536499594,0.8658049107
2013.09.18,0.8694613009,0.9019748580,0.8644216803,0.8976268768
2013.09.19,0.9047421082,0.9096830515,0.8988125917,0.9031605721
2013.09.20,0.9100786374,0.9123517563,0.8922901448,0.8932787180
2013.09.23,0.9058293891,0.9080028704,0.8755889555,0.8882381916
2013.09.24,0.8943651793,0.9025678161,0.8795414421,0.8884356618
2013.09.25,0.8897210179,0.8938717021,0.8739087100,0.8800355792
2013.09.26,0.8904128039,0.9057308278,0.8888312675,0.9001960158
2013.09.27,0.8852736289,0.9008876258,0.8802340082,0.8959466815
2013.09.30,0.8684735387,0.8963421193,0.8596779402,0.8903139830
2013.10.01,0.8899185688,0.9181828225,0.8890286718,0.9169968963
2013.10.02,0.8974295284,0.9194673293,0.8956506957,0.9153167009
2013.10.03,0.9120548320,0.9176883194,0.8689678118,0.8834945560
2013.10.04,0.8830005216,0.9098815541,0.8815186227,0.9062242508
2013.10.07,0.8831986029,0.9046434371,0.8816170668,0.8837915659
2013.10.08,0.8834947445,0.8856692440,0.8318094677,0.8337856531
2013.10.09,0.8383317542,0.8395176236,0.8043363055,0.8245952129
2013.10.10,0.8509811263,0.8824074887,0.8504868962,0.8769722581
2013.10.11,0.8703512554,0.8993070925,0.8699556450,0.8967370391
2013.10.14,0.8808269583,0.9161069602,0.8785538390,0.9153167009
2013.10.15,0.9135377630,0.9274716027,0.9022717481,0.9055324793
2013.10.16,0.9176884994,0.9378487914,0.9162056394,0.9364646077
2013.10.17,0.9231235715,0.9533640626,0.9215420917,0.9515851736
2013.10.18,0.9780705755,0.9997127635,0.9703621696,0.9986254573
2013.10.21,1.0043575764,1.0126589448,0.9957593306,1.0043575764
2013.10.22,1.0154263453,1.0259998154,0.9907198176,1.0078166723
2013.10.23,0.9947715124,1.0004040371,0.9767847099,0.9916084409
2013.10.24,0.9923014943,1.0103860201,0.9884468385,1.0039621592
2013.10.25,1.0327206380,1.0391443855,1.0112758009,1.0240237713
2013.10.28,1.0255063613,1.0306446570,1.0126588690,1.0260993242
2013.10.29,1.0359813739,1.0390448088,1.0178968501,1.0310404301
2013.10.30,1.0422077754,1.0467531090,1.0140422016,1.0277787447
2013.10.31,1.0208616498,1.0400333664,1.0099901712,1.0211576223
2013.11.01,1.0300520640,1.0346970361,1.0068283342,1.0206634998
2013.11.04,1.0317319581,1.0317319581,1.0153266866,1.0256052017
2013.11.05,1.0140425510,1.0366733211,1.0055439392,1.0299535990
2013.11.06,1.0419109441,1.0431954900,1.0188845705,1.0281744003
2013.11.07,1.0287673337,1.0332149523,0.9681878420,0.9711525440
2013.11.08,0.9813312359,1.0104844765,0.9731286001,1.0094968081
2013.11.11,1.0031720318,1.0133507986,0.9949693940,1.0046539307
2013.11.12,0.9958590890,1.0140422333,0.9941789328,1.0095956326
2013.11.13,0.9904226018,1.0460612471,0.9897310192,1.0457651615
2013.11.14,1.0373655449,1.0580191602,1.0316333806,1.0538685322
2013.11.15,1.0574263375,1.0621699291,1.0491250805,1.0611822605
2013.11.18,1.0605889674,1.0676057893,1.0251107177,1.0318305492
2013.11.19,1.0290640644,1.0435909215,1.0169081544,1.0216517448
2013.11.20,1.0305459274,1.0415160242,1.0055434302,1.0145363808
2013.11.21,1.0264940542,1.0478401545,1.0246165456,1.0455670357
2013.11.22,1.0511017682,1.0630594196,1.0482356866,1.0620708466
2013.11.25,1.0726455279,1.0769935085,1.0617750673,1.0690878630
2013.11.26,1.0710637628,1.0942883871,1.0633554716,1.0867774487
2013.11.27,1.0931028532,1.1099028331,1.0903355036,1.1085195541
2013.11.29,1.1218605737,1.1333239998,1.1190931108,1.1267027855
2013.12.02,1.1331265798,1.1379687913,1.1143494527,1.1196860075
2013.12.03,1.1166222770,1.1252205224,1.1034788118,1.1164250374
2013.12.04,1.1023916893,1.1303590065,1.0915213411,1.1192913055
2013.12.05,1.1229475395,1.1257150019,1.1064436474,1.1158322096
2013.12.06,1.1427121942,1.1462698591,1.1230462478,1.1388585567
2013.12.09,1.1522981996,1.1602047505,1.1470612830,1.1524964571
2013.12.10,1.1466655291,1.1569429130,1.1439966868,1.1504205465
2013.12.11,1.1497288322,1.1551641187,1.1015026105,1.1074321270
2013.12.12,1.1078267533,1.1155350451,1.0949801659,1.0984390974
2013.12.13,1.1129659564,1.1146461122,1.0874691162,1.0932012796
2013.12.16,1.1090128810,1.1301617470,1.1071353719,1.1119776964
2013.12.17,1.1119777982,1.1190931297,1.0984395098,1.1049619913
2013.12.18,1.1078267547,1.1458751145,1.0598974137,1.1431076527
2013.12.19,1.1367827520,1.1375739726,1.1183027304,1.1328303814
2013.12.20,1.1384628153,1.1750282595,1.1374742422,1.1669243574
2013.12.23,1.1958806633,1.2046761513,1.1860964888,1.2046761513
2013.12.24,1.2047746315,1.2083322965,1.1989437343,1.2063561678
2013.12.26,1.2120874307,1.2208830308,1.2057633206,1.2181155682
2013.12.27,1.2222660836,1.2244404697,1.2044775340,1.2092211246
2013.12.30,1.2028973103,1.2081351322,1.1933113938,1.2028973103
2013.12.31,1.2099139713,1.2265164852,1.2086284074,1.2265164852
2014.01.02,1.2097157000,1.2106055404,1.1872822884,1.1978566647
2014.01.03,1.1976593348,1.2010197605,1.1710752942,1.1717668772
2014.01.06,1.1727552078,1.1764116054,1.1457755625,1.1593147516
2014.01.07,1.1743366709,1.1957815038,1.1684071548,1.1893577576
2014.01.08,1.1911368708,1.2083323466,1.1835270842,1.1982522011
2014.01.09,1.2109015230,1.2121861821,1.1742373366,1.1858990192
2014.01.10,1.1955834600,1.2018098546,1.1689006889,1.1977579594
2014.01.13,1.1929154342,1.2052686967,1.1310514066,1.1444909573
2014.01.14,1.1565482756,1.2123841685,1.1562512852,1.2100123167
2014.01.15,1.2243419835,1.2467753932,1.2214759012,1.2382757664
2014.01.16,1.2365964387,1.2454907705,1.2304686644,1.2408457994
2014.01.17,1.2290855528,1.2392643177,1.2101111886,1.2188080549
2014.01.21,1.2420316096,1.2481583655,1.2157435484,1.2460836172
2014.01.22,1.2557685744,1.2649588818,1.2451941962,1.2576460838
2014.01.23,1.2446007967,1.2451937597,1.2175224178,1.2425259352
2014.01.24,1.2240454227,1.2305679052,1.1687037330,1.1689010859
2014.01.27,1.1702847333,1.1758186396,1.1107915366,1.1349050999
2014.01.28,1.1173138540,1.1374741394,1.1127685215,1.1345093250
2014.01.29,1.1044673768,1.1291728841,1.0906311980,1.0987352133
2014.01.30,1.1382654495,1.1694934353,1.1343120617,1.1566468477
2014.01.31,1.1190926547,1.1651453896,1.1159306006,1.1485428810
2014.02.03,1.1422183060,1.1586235828,1.0607868075,1.0724484921
2014.02.04,1.0856907584,1.1054554448,1.0762035732,1.0933991671
2014.02.05,1.0821327842,1.0959679477,1.0475443667,1.0833187103
2014.02.06,1.0943874433,1.1295687113,1.0926085542,1.1248251200
2014.02.07,1.1445896059,1.1880732539,1.1349050722,1.1845154762
2014.02.10,1.1851086677,1.2078381645,1.1825386710,1.2062566280
2014.02.11,1.2131745683,1.2544837239,1.2102098661,1.2475657463
2014.02.12,1.2550767528,1.2629823994,1.2436124230,1.2534952164
2014.02.13,1.2266150784,1.2857117653,1.2262194681,1.2857117653
2014.02.14,1.2839328808,1.2989548745,1.2702950707,1.2894676924
2014.02.18,1.2959899635,1.3165448428,1.2870957458,1.3096277714
2014.02.19,1.3019197002,1.3106156618,1.2740510036,1.2809681892
2014.02.20,1.2839328353,1.3072561973,1.2685161367,1.2995477915
2014.02.21,1.3118018569,1.3177313757,1.2902583945,1.2928274870
2014.02.24,1.3007337439,1.3329503075,1.2965831160,1.3155574799
2014.02.25,1.3208940489,1.3286023419,1.2983619067,1.3108139038
2014.02.26,1.3222773406,1.3331478025,1.2918396628,1.3064650297
2014.02.27,1.3078492011,1.3363108628,1.3017214260,1.3321602345
2014.02.28,1.3323574307,1.3554825372,1.2932227744,1.3254394531
2014.03.03,1.2894677447,1.3084421097,1.2635752891,1.2963849306
2014.03.04,1.3402630118,1.3550867467,1.3372981970,1.3485642672
2014.03.05,1.3548897347,1.3659584549,1.3459955141,1.3596333265
2014.03.06,1.3677372014,1.3712949800,1.3406589300,1.3544940948
2014.03.07,1.3691201817,1.3718875307,1.3151617950,1.3351247311
2014.03.10,1.3329505150,1.3406589222,1.3127902219,1.3378914595
2014.03.11,1.3485643177,1.3582497569,1.3096279227,1.3212885857
2014.03.12,1.3038956997,1.3380894072,1.2886763547,1.3361122608
2014.03.13,1.3509357894,1.3525173253,1.2614005444,1.2793872356
2014.03.14,1.2655514383,1.2833398759,1.2515189231,1.2530994415
2014.03.17,1.2764225759,1.3052788216,1.2750383927,1.2865027189
2014.03.18,1.2904550993,1.3367050743,1.2896647837,1.3327527046
2014.03.19,1.3339388959,1.3376939137,1.2847240966,1.3108139038
2014.03.20,1.2985595054,1.3331479280,1.2902582479,1.3210916519
2014.03.21,1.3428332481,1.3459954162,1.2667375266,1.2726669312
2014.03.24,1.2884791972,1.2908510494,1.2058619027,1.2406476736
2014.03.25,1.2606106405,1.2833400243,1.2216733356,1.2521120310
2014.03.26,1.2714808939,1.2789918336,1.2034899933,1.2044775486
2014.03.27,1.1997339611,1.2151506590,1.1637623821,1.1831313372
2014.03.28,1.1947931621,1.2293815797,1.1809579987,1.1908398867
2014.03.31,1.2179183117,1.2394617693,1.2139649231,1.2145578861
2014.04.01,1.2341249140,1.2819565399,1.2327417485,1.2803750038
2014.04.02,1.2967807082,1.2999427635,1.2724696727,1.2904555798
2014.04.03,1.2944086984,1.2997452528,1.2372882504,1.2600176334
2014.04.04,1.2823524570,1.2878862511,1.1487404512,1.1600065231
2014.04.07,1.1368814329,1.1679130884,1.1015027014,1.1252206564
2014.04.08,1.1293712318,1.1605992176,1.1169192366,1.1566468477
2014.04.09,1.1689007052,1.2175225437,1.1600064857,1.2159420252
2014.04.10,1.2183138390,1.2185110786,1.0933988212,1.1036763191
2014.04.11,1.0734358946,1.1153378991,1.0574262321,1.0651345253
2014.04.14,1.0914226281,1.1058507548,1.0592051576,1.0890508890
2014.04.15,1.0997238677,1.1181052676,1.0313363377,1.0999211073
2014.04.16,1.1281855230,1.1432066124,1.1013044942,1.1426136494
2014.04.17,1.1313476799,1.1607978032,1.1216631439,1.1432067156
2014.04.21,1.1522983263,1.1692964514,1.1358939560,1.1690992117
2014.04.22,1.1801667604,1.2056636054,1.1756214267,1.1977579594
2014.04.23,1.1969674847,1.1979550400,1.1635639803,1.1651455164
2014.04.24,1.2236501246,1.2238474774,1.1609948751,1.1995365620
2014.04.25,1.1774005398,1.1815511688,1.1333240273,1.1416252851
2014.04.28,1.1568446968,1.1774006029,1.0987356625,1.1538798809
2014.04.29,1.1629713226,1.1860963162,1.1461713437,1.1793764830
2014.04.30,1.1647499807,1.1926186759,1.1542752437,1.1898521185
2014.05.01,1.1951886110,1.2198942325,1.1858987826,1.2005251646
2014.05.02,1.2110000614,1.2185110012,1.1849102555,1.1945956945
2014.05.05,1.1720639045,1.2123844910,1.1633670369,1.2115932703
2014.05.06,1.2062566082,1.2080353842,1.1635641731,1.1647500992
2014.05.07,1.1736442548,1.1754231439,1.1135591072,1.1542752981
2014.05.08,1.1428110198,1.1926187848,1.1345096502,1.1503219604
2014.05.09,1.1491360717,1.1661343086,1.1264066879,1.1637625694
2014.05.12,1.1849103654,1.2220688926,1.1815509578,1.2204873562
2014.05.13,1.2248365233,1.2374858767,1.2163370075,1.2230577469
2014.05.14,1.2129772203,1.2266150298,1.1961763383,1.2048732042
2014.05.15,1.2034899911,1.2100123576,1.1534838621,1.1770045757
2014.05.16,1.1795736425,1.2013154668,1.1566469102,1.1989436150
2014.05.19,1.1882707917,1.2295798340,1.1825386272,1.2246379852
2014.05.20,1.2230573636,1.2357065998,1.1957816314,1.2111983299
2014.05.21,1.2167324657,1.2469729054,1.2151509292,1.2453913689
2014.05.22,1.2487514851,1.2720738297,1.2438105413,1.2608078718
2014.05.23,1.2661445152,1.2896651190,1.2576457928,1.2890721560
2014.05.27,1.3070579438,1.3378913438,1.3031055731,1.3374966383
2014.05.28,1.3363110760,1.3420422238,1.3218819287,1.3248467445
2014.05.29,1.3396701937,1.3517274857,1.3313688243,1.3517274857
2014.05.30,1.3517275177,1.3574586645,1.3297883374,1.3505415916
2014.06.02,1.3558781810,1.3566683838,1.3210915048,1.3471812010
2014.06.03,1.3333459154,1.3515290588,1.3286023245,1.3452049494
2014.06.04,1.3345317975,1.3661555100,1.3284040232,1.3594356775
2014.06.05,1.3637837399,1.4019298214,1.3497503193,1.3948144913
2014.06.06,1.4112193704,1.4187304224,1.4015348374,1.4173462391
2014.06.09,1.4203110721,1.4254503860,1.4035112088,1.4147772789
2014.06.10,1.4106268331,1.4240672909,1.4062788522,1.4228813648
2014.06.11,1.4068715868,1.4272292287,1.4039068849,1.4207067490
2014.06.12,1.4122080605,1.4167533935,1.3677368567,1.3835482597
2014.06.13,1.4013369067,1.4050929425,1.3770259874,1.3930356503
2014.06.16,1.3886876992,1.4102311565,1.3784102007,1.3981748819
2014.06.17,1.3960003921,1.4118127027,1.3882920985,1.4001511335
2014.06.18,1.4058832911,1.4297987158,1.3799909458,1.4256479740
2014.06.19,1.4307870359,1.4333562409,1.4023254882,1.4201140404
2014.06.20,1.4232760063,1.4305897068,1.4151730079,1.4252531528
2014.06.23,1.4248573819,1.4282176938,1.4147772381,1.4268335104
2014.06.24,1.4268337355,1.4624107260,1.4106268331,1.4228813648
2014.06.25,1.4126412889,1.4567242432,1.4124439033,1.4490146637
2014.06.26,1.4529682398,1.4529682398,1.4183740595,1.4529682398
2014.06.27,1.4472354656,1.4715504411,1.4464450179,1.4673991203
2014.06.30,1.4699695588,1.4897375359,1.4664111871,1.4782721996
2014.07.01,1.4930983954,1.5389605318,1.4921096572,1.5278899670
2014.07.02,1.5298674800,1.5417283796,1.5257160464,1.5338205099
2014.07.03,1.5492398187,1.5632756948,1.5371815323,1.5632756948
2014.07.07,1.5575419813,1.5640654347,1.5409365909,1.5482515097
2014.07.08,1.5409369811,1.5437049051,1.4745156289,1.4942845106
2014.07.09,1.5053539038,1.5310532890,1.4925051726,1.5280880928
2014.07.10,1.4691779954,1.5304601861,1.4626544282,1.5136566162
2014.07.11,1.5225523146,1.5407393939,1.5097035838,1.5399490595
2014.07.14,1.5607055229,1.5788916957,1.5535890076,1.5694029331
2014.07.15,1.5759267158,1.5826485739,1.5187967470,1.5529961586
2014.07.16,1.5862067440,1.5907528351,1.5658448031,1.5705891848
2014.07.17,1.5573448268,1.5745431685,1.4930982302,1.5079244375
2014.07.18,1.5336230129,1.5816598958,1.5261107069,1.5792876482
2014.07.21,1.5682171850,1.5810668217,1.5520074674,1.5735545158
2014.07.22,1.5964859024,1.6107190469,1.5905553973,1.6047885418
2014.07.23,1.6194174052,1.6397784410,1.6119052131,1.6348366737
2014.07.24,1.6429414908,1.6484773396,1.6219875003,1.6291040182
2014.07.25,1.6055790387,1.6162539257,1.5844276684,1.6091372967
2014.07.28,1.6134875846,1.6229763512,1.5739507177,1.6111153364
2014.07.29,1.6211969025,1.6318717915,1.5986611137,1.6030098200
2014.07.30,1.6289064928,1.6381968536,1.6028123339,1.6221846342
2014.07.31,1.5814625105,1.5889737984,1.5158314955,1.5233438015
2014.08.01,1.5138548308,1.5383671855,1.4757013755,1.5057494640
2014.08.04,1.5158314781,1.5543795964,1.4988305213,1.5365881920
2014.08.05,1.5191921448,1.5310530408,1.4802482453,1.5006092787
2014.08.06,1.4727363697,1.5249245724,1.4689807258,1.4980400801
2014.08.07,1.5174134157,1.5269021806,1.4675973431,1.4836096764
2014.08.08,1.4913191086,1.5201801719,1.4711554567,1.5152384043
2014.08.11,1.5320411388,1.5563561100,1.5298672950,1.5427160263
2014.08.12,1.5373785565,1.5522047638,1.5166218438,1.5391576290
2014.08.13,1.5599142511,1.5903580162,1.5565542838,1.5891720057
2014.08.14,1.5945096199,1.6142775970,1.5891722887,1.6136845350
2014.08.15,1.6391855280,1.6482786159,1.5907529693,1.6356272697
2014.08.18,1.6609311939,1.6793156626,1.6555937493,1.6751643419
2014.08.19,1.6868272792,1.7056074266,1.6838619690,1.7040256262
2014.08.20,1.6982934094,1.7129213307,1.6943394739,1.7040256262
2014.08.21,1.7065955803,1.7148982199,1.6975014752,1.7137120962
2014.08.22,1.7143056999,1.7336780039,1.7038281952,1.7204335928
2014.08.25,1.7459343509,1.7536439296,1.7269568220,1.7396081686
2014.08.26,1.7467244837,1.7500854692,1.7326897424,1.7455384731
2014.08.27,1.7467244382,1.7512715472,1.7340730934,1.7457367182
2014.08.28,1.7283402831,1.7451439686,1.7214220567,1.7386204004
2014.08.29,1.7516673261,1.7589812279,1.7320967369,1.7589812279
2014.09.02,1.7724238721,1.7749935052,1.7522603349,1.7736099958
2014.09.03,1.7864588268,1.7876449506,1.7328871161,1.7431663275
2014.09.04,1.7548302560,1.7811216903,1.7243873878,1.7376317978
2014.09.05,1.7459346174,1.7660982731,1.7184569450,1.7645164728
2014.09.08,1.7641213964,1.7866572962,1.7488995119,1.7734118700
2014.09.09,1.7732145378,1.7935755764,1.7192471472,1.7303177118
2014.09.10,1.7364456530,1.7736102645,1.7214220582,1.7704467773
2014.09.11,1.7487023134,1.7700520918,1.7285386590,1.7690633535
2014.09.12,1.7633301882,1.7643189264,1.7239916186,1.7411900759
2014.09.15,1.7459342310,1.7469229691,1.6741753277,1.6888041496
2014.09.16,1.6710125556,1.7431661088,1.6654768219,1.7344686985
2014.09.17,1.7326900557,1.7653076715,1.7115376635,1.7429691553
2014.09.18,1.7577951416,1.7811213749,1.7522604252,1.7805284262
2014.09.19,1.8046460622,1.8046460622,1.7562135036,1.7765754461
2014.09.22,1.7645157674,1.7645157674,1.7052109479,1.7283397913
2014.09.23,1.7067929864,1.7368410766,1.7024442809,1.7133164406
2014.09.24,1.7172702181,1.7702488560,1.7014552756,1.7688653469
2014.09.25,1.7504811988,1.7575977149,1.6550003876,1.6565812826
2014.09.26,1.6735828575,1.7178642232,1.6650828288,1.7095614672
2014.09.29,1.6581629925,1.7164791975,1.6553951819,1.7038277388
2014.09.30,1.7178636287,1.7364454801,1.6862337372,1.7101539373
2014.10.01,1.6967113447,1.7000722174,1.6123010898,1.6283134222
2014.10.02,1.6265343968,1.6425467308,1.5656477564,1.6275222301
2014.10.03,1.6557908147,1.6957224400,1.6391854220,1.6765475273
2014.10.06,1.6893973082,1.7032347784,1.6496630652,1.6650823355
2014.10.07,1.6409647026,1.6551978486,1.5933234966,1.5947068930
2014.10.08,1.5978695779,1.7014556474,1.5680197765,1.6868268251
2014.10.09,1.6803034241,1.6921643237,1.5960905505,1.6028124094
2014.10.10,1.5747405674,1.6030095859,1.4828181267,1.4828181267
2014.10.13,1.4766902916,1.5099009658,1.4106646195,1.4134315252
2014.10.14,1.4424907291,1.4685848841,1.4023617200,1.4160019159
2014.10.15,1.3501735732,1.4045357289,1.2898800073,1.3857564926
2014.10.16,1.2991713020,1.3962328869,1.2977868878,1.3642083406
2014.10.17,1.4152107350,1.4535614681,1.3910940532,1.4175828695
2014.10.20,1.4124436151,1.4812372073,1.4059201608,1.4786667824
2014.10.21,1.5318437081,1.5943111181,1.5221575590,1.5943111181
2014.10.22,1.6093355411,1.6152660462,1.5664378169,1.5696014166
2014.10.23,1.6170454297,1.6662684364,1.6085443857,1.6413604021
2014.10.24,1.6482785449,1.6830710179,1.6308828175,1.6791170835
2014.10.27,1.6702216346,1.6925601510,1.6494649184,1.6854435205
2014.10.28,1.7060024775,1.7607603073,1.7032345540,1.7607603073
2014.10.29,1.7425733651,1.7560161772,1.7030375253,1.7396081686
2014.10.30,1.7164789881,1.7627366774,1.7050136544,1.7504810095
2014.10.31,1.8386472680,1.8412178062,1.8054365921,1.8226349354
2014.11.03,1.8319265205,1.8540667473,1.8250073885,1.8414152861
2014.11.04,1.8208556013,1.8352871506,1.7834936081,1.8218443394
2014.11.05,1.8554510255,1.8574274839,1.8024713529,1.8216472864
2014.11.06,1.8188788827,1.8396355929,1.7975291107,1.8372633457
2014.11.07,1.8483341439,1.8503107152,1.8052390314,1.8327165842
2014.11.10,1.8352872113,1.8597995691,1.8210540652,1.8514968157
2014.11.11,1.8542647070,1.8692883004,1.8388454373,1.8690909147
2014.11.12,1.8471481624,1.8853007186,1.8471481624,1.8793702126
2014.11.13,1.8896496630,1.9248378190,1.8775912639,1.9034880400
2014.11.14,1.9024992133,1.9210810661,1.8835215711,1.9210810661
2014.11.17,1.9074408583,1.9206863988,1.8769981047,1.9030922651
2014.11.18,1.9090220929,1.9540938832,1.9088248204,1.9457912445
2014.11.19,1.9402567727,1.9402567727,1.8938007832,1.9210810661
2014.11.20,1.8955797619,1.9505358881,1.8908353799,1.9465818405
2014.11.21,1.9981769169,2.0029211851,1.9388720935,1.9606175423
2014.11.24,1.9736652772,2.0056899496,1.9681305592,2.0048995018
2014.11.25,2.0120158092,2.0300044871,1.9967936978,2.0114226341
2014.11.26,2.0179458837,2.0547148124,2.0114223166,2.0525400639
2014.11.28,2.0691453835,2.0938560298,2.0640054388,2.0831811428
2014.12.01,2.0640058450,2.0740875590,1.9855259771,2.0062828064
2014.12.02,2.0161675131,2.0430520119,2.0019342503,2.0278301239
2014.12.03,2.0422616629,2.0517504298,2.0058872648,2.0462145805
2014.12.04,2.0371208469,2.0645985135,2.0153756216,2.0400862694
2014.12.05,2.0521447008,2.0600525702,2.0280279050,2.0414698124
2014.12.08,2.0246671032,2.0517500014,1.9653622660,1.9973869324
2014.12.09,1.9264183273,2.0197250687,1.9060571775,2.0167598724
2014.12.10,2.0048990123,2.0195270433,1.9102086413,1.9191044569
2014.12.11,1.9372914581,2.0163642649,1.9359071569,1.9491524696
2014.12.12,1.8920213524,1.9582454231,1.8841143890,1.8847074509
2014.12.15,1.9127781849,1.9337331902,1.8093905139,1.8281706572
2014.12.16,1.7917964375,1.8718579892,1.7366429216,1.7374343872
2014.12.17,1.7407943406,1.8471482286,1.7346664487,1.8307403326
2014.12.18,1.9111974321,1.9649664164,1.8957781622,1.9649664164
2014.12.19,1.9708964542,2.0139914429,1.9570588753,1.9869085550
2014.12.22,1.9809194426,2.0068196959,1.9773606948,2.0052385330
2014.12.23,2.0273816207,2.0275789266,1.9763708128,1.9860587120
2014.12.24,1.9923855298,2.0109705179,1.9866514420,1.9902104139
2014.12.26,2.0048425291,2.0428040091,2.0046452232,2.0305454731
2014.12.29,2.0250089120,2.0420129667,2.0206595848,2.0309405327
2014.12.30,2.0109710731,2.0254049495,1.9799300141,1.9890246391
2014.12.31,1.9971308005,2.0216474110,1.9180448654,1.9267437458
2015.01.02,1.9544245258,1.9797323995,1.8814671679,1.9109271765
2015.01.05,1.8832464797,1.8901668924,1.8091029175,1.8249205351
2015.01.06,1.8314455619,1.8421221419,1.7274461173,1.7525568008
2015.01.07,1.7859702965,1.8316426482,1.7739098613,1.8199771643
2015.01.08,1.8668360824,1.9346534260,1.8605098486,1.9237782955
2015.01.09,1.9417710152,1.9439452266,1.8527987284,1.8848288059
2015.01.12,1.8974823354,1.9024248255,1.8118716004,1.8268976212
2015.01.13,1.8785017696,1.9372234721,1.7814227337,1.8253158331
2015.01.14,1.7673855206,1.8215593414,1.7466252965,1.7972402573
2015.01.15,1.8178031185,1.8278866498,1.7183515491,1.7258651257
2015.01.16,1.7173626729,1.7917046905,1.7088612090,1.7873542309
2015.01.20,1.8174072527,1.8401443816,1.7565104391,1.8268976212
2015.01.21,1.8102892820,1.8798850813,1.7920990158,1.8549728394
2015.01.22,1.8783041472,1.9633217185,1.8284796572,1.9581809044
2015.01.23,1.9581811639,1.9888273893,1.9403867494,1.9712305069
2015.01.26,1.9652988499,1.9751849625,1.9340602548,1.9668809175
2015.01.27,1.8733605463,1.8745468705,1.7920991447,1.8146388531
2015.01.28,1.8978778614,1.9040066752,1.7822139669,1.7834001780
2015.01.29,1.7772706360,1.8439016556,1.7319940213,1.8350044489
2015.01.30,1.8286770235,1.8713836795,1.7845866242,1.7928906679
2015.02.02,1.8025786769,1.8427153833,1.7197353091,1.8399471045
2015.02.03,1.8553688786,1.8947140965,1.8225482184,1.8901672363
2015.02.04,1.8664413269,1.9233836523,1.8549731476,1.8852236271
2015.02.05,1.8986683887,1.9378161835,1.8870029047,1.9352462292
2015.02.06,1.9435503380,1.9564014678,1.8788972486,1.9000523090
2015.02.09,1.8773151143,1.9071699605,1.8674290036,1.8790946007
2015.02.10,1.9136947256,1.9761737176,1.9032164704,1.9690557718
2015.02.11,1.9761737117,2.0032600544,1.9641122578,1.9911997318
2015.02.12,2.0269863296,2.0615872703,2.0200668202,2.0607957840
2015.02.13,2.0772060569,2.1131906192,2.0661336228,2.1127948761
2015.02.17,2.1123994871,2.1220882928,2.0971759342,2.1185293198
2015.02.18,2.1114116891,2.1301939896,2.1017228830,2.1276240349
2015.02.19,2.1224827772,2.1628168930,2.1214946640,2.1596536636
2015.02.20,2.1545127763,2.2055235867,2.1341484111,2.2011742592
2015.02.23,2.1997907361,2.2100714590,2.1841703094,2.2098741531
2015.02.24,2.2001851317,2.2209454652,2.1802165106,2.2144207954
2015.02.25,2.2027560176,2.2288544681,2.1821932181,2.1966261864
2015.02.26,2.2029535555,2.2328085135,2.1847634021,2.2300410271
2015.02.27,2.2274703365,2.2314248261,2.1899043815,2.2005810738
2015.03.02,2.2124439646,2.2616754010,2.2114551725,2.2598958015
2015.03.03,2.2401246748,2.2462536022,2.1855551142,2.2274703979
2015.03.04,2.2063146738,2.2154092966,2.1655848194,2.2027559280
2015.03.05,2.2195617863,2.2332044022,2.1867413551,2.2124440670
2015.03.06,2.2061170303,2.2181782582,2.1212967649,2.1363236904
2015.03.09,2.1515477532,2.1721105621,2.1244614035,2.1568861008
2015.03.10,2.1094335450,2.1106198692,2.0364763035,2.0374650955
2015.03.11,2.0430009480,2.0524913152,1.9989105522,2.0016789436
2015.03.12,1.9959453186,2.0473516562,1.9923863452,2.0400357246
2015.03.13,2.0346972290,2.0588187809,1.9755805787,2.0137395859
2015.03.16,2.0360822895,2.0918381920,2.0293594058,2.0908493996
2015.03.17,2.0728573075,2.1106205787,2.0592149140,2.1025147438
2015.03.18,2.0845215618,2.1910907266,2.0513051606,2.1630153656
2015.03.19,2.1705284145,2.1897075921,2.1600501570,2.1734943390
2015.03.20,2.2252962141,2.2466496016,2.2138280341,2.2185733318
2015.03.23,2.2116540910,2.2292502963,2.1997912977,2.1999886036
2015.03.24,2.1995928375,2.2310296468,2.1764600740,2.1776463985
2015.03.25,2.1891339735,2.1926933014,2.0258045197,2.0258045197
2015.03.26,1.9781509258,2.0412283702,1.9577833911,2.0091950893
2015.03.27,2.0052397390,2.0449845503,1.9969346402,2.0285730362
2015.03.30,2.0695049019,2.1054921612,2.0681200020,2.1015381813
2015.03.31,2.0823566841,2.0958031097,2.0325272235,2.0364823341
2015.04.01,2.0337138813,2.0337138813,1.9625288978,2.0020763874
2015.04.02,2.0060311854,2.0248153575,1.9862569911,2.0054378510
2015.04.06,1.9692520151,2.0710853527,1.9609471436,2.0536849499
2015.04.07,2.0511150876,2.0960005492,2.0439966575,2.0441939831
2015.04.08,2.0457765311,2.1009448822,2.0449849657,2.0928373337
2015.04.09,2.0908598640,2.1333724348,2.0681194506,2.1317911148
2015.04.10,2.1313957808,2.1580901788,2.1155764676,2.1572995186
2015.04.13,2.1630329511,2.1952644546,2.1337683462,2.1412825584
2015.04.14,2.1365368465,2.1525534833,2.0867076114,2.1228930950
2015.04.15,2.1410839682,2.1758859067,2.1315926538,2.1604623795
2015.04.16,2.1458299496,2.1644177027,2.1357452999,2.1529483795
2015.04.17,2.0916506780,2.1092495418,2.0252114654,2.0523016453
2015.04.20,2.0839391554,2.1551241398,2.0805771526,2.1440505981
2015.04.21,2.1822137259,2.1924957005,2.1644175394,2.1715359688
2015.04.22,2.1883432293,2.2176078325,2.1468186439,2.2067327499
2015.04.23,2.1857732975,2.2617038224,2.1835979639,2.2332298756
2015.04.24,2.3020417958,2.3318997351,2.2921546983,2.3206286430
2015.04.27,2.3491029134,2.3615604498,2.2903754650,2.3057987690
2015.04.28,2.3103467462,2.3233973895,2.2334273336,2.2907710075
2015.04.29,2.2524099066,2.2925504999,2.2108853187,2.2470710278
2015.04.30,2.2096987074,2.2373819902,2.1080626920,2.1414797306
2015.05.01,2.1659991681,2.2300654939,2.1652085080,2.2280886173
2015.05.04,2.2464776440,2.2785109162,2.2334272276,2.2359974384
2015.05.05,2.2108856641,2.2231456489,2.1246731557,2.1300120354
2015.05.06,2.1389097019,2.1572992239,2.0408321007,2.0845320225
2015.05.07,2.0823564939,2.1379206109,2.0770176156,2.1203217506
2015.05.08,2.1861681780,2.2136541392,2.1762819849,2.1980323792
2015.05.11,2.2041624292,2.2178061789,2.1695578178,2.1739087105
2015.05.12,2.1349553070,2.1772703388,2.0863120516,2.1458303928
2015.05.13,2.1737105622,2.2059420635,2.1480050608,2.1569032669
2015.05.14,2.2108858146,2.2569586316,2.1861685177,2.2524104118
2015.05.15,2.2702065053,2.2783140535,2.2352072325,2.2522127628
2015.05.18,2.2411393760,2.2939348429,2.2356031702,2.2798953056
2015.05.19,2.2887933199,2.2984830936,2.2626922560,2.2733697891
2015.05.20,2.2785110342,2.3180585206,2.2417322158,2.2771272659
2015.05.21,2.2660539972,2.3216181272,2.2557720206,2.3129174709
2015.05.22,2.3050082830,2.3307137916,2.3004600633,2.3065896034
2015.05.26,2.2901780596,2.2996693764,2.1992188712,2.2267048359
2015.05.27,2.2460821199,2.3407979530,2.2322410419,2.3338768482
2015.05.28,2.3196404653,2.3360528893,2.2963078403,2.3166744709
2015.05.29,2.3127198265,2.3228044771,2.2605174753,2.2775223255
2015.06.01,2.3133130078,2.3172669871,2.2431160149,2.2974936962
2015.06.02,2.2733693916,2.3105442174,2.2397550252,2.2765338421
2015.06.03,2.3089618049,2.3230013374,2.2806860932,2.2965044975
2015.06.04,2.2589358574,2.3020424563,2.2237390293,2.2464783192
2015.06.05,2.2365908292,2.2524101417,2.1883435892,2.2294723988
2015.06.08,2.2251222087,2.2304610876,2.1476094626,2.1612532139
2015.06.09,2.1454352155,2.1731175980,2.1013395072,2.1505756378
2015.06.10,2.1715366169,2.2565629171,2.1648130630,2.2358005047
2015.06.11,2.2597257316,2.2785110366,2.2358000047,2.2480599880
2015.06.12,2.2112812078,2.2255180679,2.1835979216,2.1909136772
2015.06.15,2.1430623088,2.1697567052,2.1054919230,2.1606602669
2015.06.16,2.1509711641,2.2049530593,2.1493891652,2.1936821938
2015.06.17,2.2057438993,2.2338231948,2.1701515226,2.2120718956
2015.06.18,2.2306583559,2.3198377393,2.2292745878,2.3056008816
2015.06.19,2.3121261867,2.3182557248,2.2704031467,2.2704031467
2015.06.22,2.3251769543,2.3457409050,2.3097536518,2.3251769543
2015.06.23,2.3332838067,2.3372389178,2.3014489869,2.3309109211
2015.06.24,2.3220131445,2.3514759865,2.2929458590,2.2951211929
2015.06.25,2.3208264584,2.3279448889,2.2694156727,2.2800934315
2015.06.26,2.2781151392,2.2947248835,2.2098961585,2.2377769947
2015.06.29,2.1588802590,2.1988235218,2.0752379853,2.0795886517
2015.06.30,2.1228934797,2.1365372336,2.0799842097,2.1033177376
2015.07.01,2.1602660302,2.1739097866,2.1197296386,2.1464238167
2015.07.02,2.1658011513,2.1727222546,2.1309994408,2.1545302868
2015.07.06,2.1100398620,2.1721293024,2.0960003289,2.1363384724
2015.07.07,2.1424695823,2.1572997801,2.0250144433,2.1472151279
2015.07.08,2.1045035379,2.1126099524,2.0271881262,2.0396454334
2015.07.09,2.1219048250,2.1240801591,2.0337142944,2.0337142944
2015.07.10,2.1118193460,2.1513668282,2.0936273775,2.1282317638
2015.07.13,2.1820158436,2.2454890623,2.1816209661,2.2369866371
2015.07.14,2.2496414806,2.3018438318,2.2460821523,2.2818729877
2015.07.15,2.2949230691,2.3174650240,2.2715895492,2.2927477360
2015.07.16,2.3481141752,2.3886505591,2.3340755439,2.3823227882
2015.07.17,2.4450049505,2.4914726361,2.4339314099,2.4912753105
2015.07.20,2.5120370736,2.5464432272,2.4863306686,2.5191555023
2015.07.21,2.5231099971,2.5331944200,2.4922631675,2.5122346878
2015.07.22,2.3993284740,2.4647788051,2.3989326913,2.4297795296
2015.07.23,2.4368972408,2.4594389696,2.3827177995,2.4007115364
2015.07.24,2.4382812861,2.4438183956,2.3210244108,2.3324928284
2015.07.27,2.2909680096,2.3212217282,2.2581443068,2.2725787163
2015.07.28,2.3050077746,2.3453459193,2.2488505456,2.3324928284
2015.07.29,2.3461363950,2.3734238947,2.3198377860,2.3585937023
2015.07.30,2.3417872079,2.4028875432,2.2996692791,2.3914182186
2015.07.31,2.4133662312,2.4173213414,2.3676892119,2.3841016293
2015.08.03,2.3854859101,2.4036778803,2.3135102733,2.3621532917
2015.08.04,2.3554307342,2.3692718117,2.3170696896,2.3469274044
2015.08.05,2.3858817470,2.4475751837,2.3781699825,2.4018983841
2015.08.06,2.4066437876,2.4171242194,2.2535963080,2.2866184711
2015.08.07,2.2690199004,2.2931440862,2.2201795519,2.2775223255
2015.08.10,2.3204312562,2.3696673802,2.3204312562,2.3544414043
2015.08.11,2.3164764758,2.3445546412,2.2261115350,2.2646701336
2015.08.12,2.2189933728,2.3010534503,2.1452370381,2.2846410275
2015.08.13,2.2937374043,2.3263637919,2.2613083422,2.2743589878
2015.08.14,2.2591325123,2.2957140034,2.2466752041,2.2866184711
2015.08.17,2.2690194498,2.3445541803,2.2522121547,2.3427746296
2015.08.18,2.3295271806,2.3392158224,2.2980872379,2.3054029942
2015.08.19,2.2838498487,2.3222108913,2.2217604055,2.2620985508
2015.08.20,2.1988238606,2.2199809195,2.0724705422,2.0758314133
2015.08.21,1.9872461562,2.0376687293,1.8175886869,1.8175886869
2015.08.24,1.4840082741,1.8088877271,1.2912157689,1.6022540331
2015.08.25,1.7697361337,1.8019677501,1.5739775104,1.5810960531
2015.08.26,1.7161501298,1.8225317026,1.6149089791,1.8092837334
2015.08.27,1.8943096189,1.9546193920,1.8256958795,1.9506642818
2015.08.28,1.9196202551,1.9694497136,1.9069653952,1.9490830898
2015.08.31,1.9170502254,1.9486874913,1.8626724300,1.8767119646
2015.09.01,1.7357260370,1.8217411001,1.6773942610,1.7064614296
2015.09.02,1.7930695986,1.8452719450,1.7339462611,1.8452719450
2015.09.03,1.8678138514,1.9038011053,1.8017694076,1.8148200512
2015.09.04,1.7420536986,1.7883238287,1.7220820656,1.7541152239
2015.09.08,1.8535768152,1.9071630430,1.8316281914,1.9030106068
2015.09.09,1.9682633848,1.9692522757,1.8215436687,1.8367686272
2015.09.10,1.8292554994,1.9324736472,1.8227301771,1.8954963684
2015.09.11,1.8701866728,1.9261456728,1.8537742535,1.9261456728
2015.09.14,1.9476987438,1.9482918520,1.8879830832,1.9089428186
2015.09.15,1.9231795980,1.9949579145,1.9022200898,1.9755795002
2015.09.16,1.9795336786,2.0159169298,1.9575850609,2.0086009502
2015.09.17,2.0064259806,2.1029215846,1.9872460245,2.0141377449
2015.09.18,1.9217959968,1.9975282994,1.9174451029,1.9289144278
2015.09.21,1.9583764961,1.9923877813,1.8933219562,1.9453258514
2015.09.22,1.8553563170,1.8765133737,1.8049336390,1.8595087528
2015.09.23,1.8725598144,1.8871916675,1.8330123208,1.8624752760
2015.09.24,1.8075037687,1.8622763187,1.7598497606,1.8409208059
2015.09.25,1.9034064268,1.9059766378,1.7604432495,1.7962331772
2015.09.28,1.7713183476,1.7744817797,1.6255866234,1.6414058208
2015.09.29,1.6532702158,1.7034954635,1.5803055692,1.6170845032
2015.09.30,1.6843141817,1.7321666515,1.6649366746,1.7240591049
2015.10.01,1.7349353999,1.7493698124,1.6665181806,1.7481833696
2015.10.02,1.6779876058,1.8411197628,1.6609819628,1.8389443159
2015.10.05,1.8818524770,1.9346479333,1.8697909506,1.9227837324
2015.10.06,1.9087455045,1.9255525770,1.8474465997,1.8952990770
2015.10.07,1.9291115547,1.9391959775,1.8539715850,1.9257497787
2015.10.08,1.9051861724,1.9595629537,1.8490288217,1.9492809772
2015.10.09,1.9518506719,1.9872457165,1.9364273719,1.9730086327
2015.10.12,1.9880359575,2.0012848267,1.9660873414,1.9896181822
2015.10.13,1.9556082827,2.0163130464,1.9457211861,1.9506642818
2015.10.14,1.9512576536,1.9807204869,1.9172472807,1.9423594475
2015.10.15,1.9633197225,2.0376679974,1.9558055122,2.0372722149
2015.10.16,2.0507192458,2.0663401002,2.0208615317,2.0625834465
2015.10.19,2.0530920991,2.1029215601,2.0416236812,2.0995597839
2015.10.20,2.0869049536,2.1009444878,2.0449845818,2.0647587776
2015.10.21,2.0971863484,2.1031183339,2.0256065131,2.0315387249
2015.10.22,2.0823569467,2.1571010338,2.0649565397,2.1519606113
2015.10.23,2.3255720416,2.3591875439,2.2907712280,2.3309109211
2015.10.26,2.3279448755,2.3506850664,2.3016462614,2.3378319740
2015.10.27,2.3188492529,2.3613627342,2.3168721500,2.3530578613
2015.10.28,2.3637358249,2.4092143986,2.3054030267,2.4076333046
2015.10.29,2.3763899289,2.4104000724,2.3694688260,2.3987343311
2015.10.30,2.4018986811,2.4143559916,2.3657129661,2.3659102917
2015.11.02,2.3835089372,2.4544963659,2.3702609677,2.4465863705
2015.11.03,2.4315593437,2.4981958925,2.4202882485,2.4699203968
2015.11.04,2.4944390181,2.5013601235,2.4414462289,2.4709081650
2015.11.05,2.4784223247,2.4966145239,2.4135653344,2.4491577148
2015.11.06,2.4388744248,2.4651739414,2.3904298644,2.4572639465
2015.11.09,2.4287903799,2.4386774790,2.3328890034,2.3781702518
2015.11.10,2.3402044951,2.3663055532,2.3194420891,2.3613624573
2015.11.11,2.3793562356,2.4133663836,2.3392154175,2.3508822918
2015.11.12,2.3206288467,2.3560238985,2.2775222564,2.2826635838
2015.11.13,2.2539924070,2.2607150549,2.1446437012,2.1484012604
2015.11.16,2.1412824379,2.2413362297,2.1262537880,2.2379753590
2015.11.17,2.2516196992,2.2929458384,2.2274955112,2.2456874847
2015.11.18,2.2709967719,2.3807401164,2.2650645586,2.3744132519
2015.11.19,2.3783672540,2.4111920927,2.3657126197,2.3779726028
2015.11.20,2.4111921126,2.4321518458,2.4052601254,2.4252307415
2015.11.23,2.4281971199,2.4558806361,2.3750067789,2.4056553841
2015.11.24,2.3589892248,2.4161346549,2.3220121843,2.3981411457
2015.11.25,2.4074347356,2.4187056026,2.3906274374,2.4034805298
2015.11.27,2.4206837545,2.4297792883,2.3906275794,2.4121804237
2015.11.30,2.4363040385,2.4366998211,2.3732266144,2.3969550133
2015.12.01,2.4238473266,2.4681403637,2.4161355611,2.4681403637
2015.12.02,2.4728859133,2.5061056316,2.4105991395,2.4232537746
2015.12.03,2.4424341150,2.4533101050,2.2573533327,2.2996692657
2015.12.04,2.3192451067,2.4716994948,2.3056013543,2.4576599598
2015.12.07,2.4649756337,2.4695238523,2.3916162324,2.4276034832
2015.12.08,2.3506851259,2.4501458280,2.3477191320,2.4278023243
2015.12.09,2.3933962269,2.4345250385,2.2733697586,2.3146970272
2015.12.10,2.3315037047,2.3933955888,2.3111370825,2.3475201130
2015.12.11,2.2662518892,2.2844438663,2.1814231286,2.1865646839
2015.12.14,2.1960553662,2.2375799586,2.1015379886,2.2356028557
2015.12.15,2.2929456632,2.3330864879,2.2672403830,2.2735681534
2015.12.16,2.3216180385,2.3880572508,2.2522126061,2.3740177155
2015.12.17,2.4056553571,2.4076333653,2.2721835898,2.2751495838
2015.12.18,2.2506306719,2.2666473122,2.1454355217,2.1501812935
2015.12.21,2.2033708555,2.2142468426,2.1551236260,2.2140483856
2015.12.22,2.2486532922,2.2658561453,2.2132582425,2.2559690475
2015.12.23,2.2913641364,2.3111374271,2.2789068275,2.3075783253
2015.12.24,2.3056012715,2.3241881199,2.3016461607,2.3028326035
2015.12.28,2.2866183270,2.3022391796,2.2381726390,2.3022391796
2015.12.29,2.3421813874,2.4246372167,2.3374356174,2.4072368145
2015.12.30,2.4028871412,2.4058531346,2.3439612443,2.3457407951
2015.12.31,2.3202322747,2.3326895799,2.2561659719,2.2587370872
2016.01.04,2.1082602181,2.1207175255,2.0315390450,2.1207175255
2016.01.05,2.1454347937,2.1539372170,2.0730633826,2.1017348766
2016.01.06,1.9967371024,2.0772158337,1.9939684347,2.0453801155
2016.01.07,1.9121061418,1.9872460028,1.8480395949,1.8508082628
2016.01.08,1.8909490280,1.9253550748,1.7988034103,1.8071082830
2016.01.11,1.8446787738,1.8593106244,1.7380987446,1.8229274750
2016.01.12,1.8719661919,1.9126992146,1.8073066512,1.8844236135
2016.01.13,1.9071629908,1.9204109592,1.6807549759,1.6872802973
2016.01.14,1.7086356336,1.8419099324,1.6273662390,1.7964303493
2016.01.15,1.6170844568,1.6866872118,1.5607296712,1.6313214302
2016.01.19,1.6951903751,1.7029021396,1.5820851381,1.6382424831
2016.01.20,1.5613228075,1.6764051447,1.4541496732,1.6234122515
2016.01.21,1.6437788829,1.7007268948,1.5791193319,1.6293445826
2016.01.22,1.7252455891,1.7725047256,1.7106137390,1.7697361708
2016.01.25,1.7539175582,1.7814026075,1.6866867999,1.6900485754
2016.01.26,1.7123933173,1.7588608863,1.6684959591,1.7382960320
2016.01.27,1.7066586480,1.7284098317,1.5858416567,1.6089767218
2016.01.28,1.6845123762,1.6886649250,1.5919720083,1.6724499464
2016.01.29,1.6762077060,1.7814029455,1.6718569259,1.7814029455
2016.02.01,1.7523359860,1.8140295416,1.7331559148,1.7914876938
2016.02.02,1.7703297198,1.7703297198,1.6613778074,1.6777892113
2016.02.03,1.7094272851,1.7098221626,1.5648820006,1.6540606022
2016.02.04,1.6376492673,1.6916311658,1.5947398911,1.6510946751
2016.02.05,1.6352766666,1.6368579871,1.4628506215,1.4812400341
2016.02.08,1.3985865204,1.4312130166,1.3315540902,1.4136141539
2016.02.09,1.3552825361,1.4630480040,1.3489546523,1.3972018957
2016.02.10,1.4484158327,1.5012112841,1.4116370170,1.4138114452
2016.02.11,1.3604227757,1.4416921710,1.3481636985,1.4104505777
2016.02.12,1.4545452278,1.4766912868,1.4161840776,1.4705618620
2016.02.16,1.5387811192,1.5684415102,1.5101097322,1.5684415102
2016.02.17,1.6081863122,1.6853032776,1.5937519005,1.6768009663
2016.02.18,1.6945972156,1.6951904369,1.6145142536,1.6198530197
2016.02.19,1.6014632793,1.6503037292,1.5862373050,1.6366599798
2016.02.22,1.6811507753,1.7197092565,1.6764051178,1.7139745951
2016.02.23,1.6837210151,1.6983537704,1.6269714683,1.6285526752
2016.02.24,1.5733844568,1.6827330384,1.5431308473,1.6769983768
2016.02.25,1.6880720330,1.7252457310,1.6421966609,1.7232686281
2016.02.26,1.7626178861,1.7667703229,1.7076479957,1.7193137407
2016.02.29,1.7153593949,1.7537195325,1.6738349199,1.6738349199
2016.03.01,1.7197094925,1.8343960610,1.7060657395,1.8340011835
2016.03.02,1.8270797058,1.8379549014,1.7936626669,1.8359779119
2016.03.03,1.8312321893,1.8328143012,1.7869389381,1.8256958723
2016.03.04,1.8326162213,1.8638588355,1.7920806358,1.8288595676
2016.03.07,1.8003854746,1.8324186331,1.7553016738,1.7948491573
2016.03.08,1.7566857453,1.8043406673,1.7404716691,1.7473927736
2016.03.09,1.7709225436,1.7839730730,1.7400757144,1.7808096409
2016.03.10,1.8092836576,1.8361753775,1.7058680828,1.7740869522
2016.03.11,1.8314297661,1.8680112590,1.8158090249,1.8660342693
2016.03.14,1.8472488689,1.8907504456,1.8450735355,1.8769092560
2016.03.15,1.8579268216,1.8808645641,1.8391416287,1.8757231236
2016.03.16,1.8591129587,1.9395916910,1.8591129587,1.9235752821
2016.03.17,1.9089425973,1.9352412092,1.8865980777,1.9180381298
2016.03.18,1.9338572637,1.9453256819,1.9004402211,1.9291117191
2016.03.21,1.9208066445,1.9585743502,1.9170499911,1.9520492554
2016.03.22,1.9204110752,1.9842800723,1.9186312980,1.9694498777
2016.03.23,1.9589692351,1.9633201281,1.9091397778,1.9225862026
2016.03.24,1.8913437502,1.9255523574,1.8844236642,1.9219932556
2016.03.28,1.9413717207,1.9417665982,1.9057791180,1.9150722027
2016.03.29,1.9045924242,2.0109742095,1.8952986618,2.0066242218
2016.03.30,2.0432048273,2.0744474380,2.0236288642,2.0366795063
2016.03.31,2.0321326858,2.0548719732,2.0182904752,2.0248157978
2016.04.01,1.9939685238,2.0946165566,1.9826976585,2.0922436714
2016.04.04,2.0890803986,2.0960005981,2.0538828985,2.0663402081
2016.04.05,2.0190816303,2.0430073557,2.0002965527,2.0107767582
2016.04.06,2.0169068707,2.1086567248,2.0149297675,2.1070744991
2016.04.07,2.0712844935,2.0815664708,1.9898166198,2.0161161423
2016.04.08,2.0526963135,2.0669331730,1.9904095439,2.0113701820
2016.04.11,2.0374709768,2.0673286866,1.9882346305,1.9898159504
2016.04.12,1.9935736563,2.0501259876,1.9563990580,2.0362846851
2016.04.13,2.0859160217,2.1258595206,2.0776111484,2.1157748699
2016.04.14,2.1163682175,2.1404912723,2.1005489046,2.1171586514
2016.04.15,2.1102376169,2.1252662701,2.0849281185,2.1009447575
2016.04.18,2.0835425949,2.1363380355,2.0793901598,2.1319880486
2016.04.19,2.1533436815,2.1553207838,2.0613965428,2.0952093601
2016.04.20,2.0924413499,2.1286270634,2.0730638401,2.1003515720
2016.04.21,2.0991652063,2.1228933844,2.0724708080,2.1009447575
2016.04.22,2.0202677473,2.0475552444,1.9571894254,2.0058324337
2016.04.25,1.9838848849,2.0054386384,1.9759757924,2.0042521954
2016.04.26,2.0159174418,2.0281771983,1.9579813407,1.9767655134
2016.04.27,1.9168518202,1.9415691137,1.8796781222,1.9293091297
2016.04.28,1.9356370872,1.9688565787,1.8476448093,1.8608928919
2016.04.29,1.8545649340,1.8697909108,1.7855554033,1.8312324286
2016.05.02,1.8427007356,1.8881803222,1.8201588902,1.8796780109
2016.05.03,1.8403280412,1.8650453344,1.8128429852,1.8296502829
2016.05.04,1.7960357708,1.8146226191,1.7792275682,1.7934645414
2016.05.05,1.8104704024,1.8239167172,1.7798210055,1.7924767733
2016.05.06,1.7638041620,1.8199615083,1.7588610655,1.8183792830
2016.05.09,1.8201589124,1.8593106166,1.8175885883,1.8343958855
2016.05.10,1.8539717714,1.9125020031,1.8444804558,1.9113155603
2016.05.11,1.9020210873,1.9188292857,1.8563440722,1.8591127396
2016.05.12,1.8737464013,1.8771072732,1.7946514080,1.8330124617
2016.05.13,1.8318253781,1.8618815465,1.8023624310,1.8108657598
2016.05.16,1.8181818077,1.9006377653,1.8162048180,1.8806660175
2016.05.17,1.8784915523,1.8917395211,1.7952441442,1.8084930182
2016.05.18,1.7984084911,1.8585199278,1.7859511823,1.8290569782
2016.05.19,1.8067133859,1.8219383436,1.7608380191,1.8001880646
2016.05.20,1.8221368878,1.8816549899,1.8189724372,1.8602995872
2016.05.23,1.8650451076,1.8860047260,1.8474462468,1.8512039185
2016.05.24,1.8830390014,1.9704388521,1.8816551199,1.9645068645
2016.05.25,1.9870490535,2.0238278784,1.9759755110,2.0068223476
2016.05.26,2.0135445272,2.0309458366,1.9975278912,2.0236289501
2016.05.27,2.0269905511,2.0556620446,2.0267932255,2.0540807247
2016.05.31,2.0653522223,2.0760299809,2.0356918322,2.0663402081
2016.06.01,2.0475555556,2.0803794873,2.0420184463,2.0671315193
2016.06.02,2.0530922989,2.0799840216,2.0208616967,2.0787975788
2016.06.03,2.0669337124,2.0706914984,2.0101842639,2.0503239632
2016.06.06,2.0596176650,2.0886847220,2.0509167826,2.0722723007
2016.06.07,2.0789958297,2.0821591488,2.0536852035,2.0576403141
2016.06.08,2.0689108392,2.0797861471,2.0445893341,2.0667355061
2016.06.09,2.0420185549,2.0637698531,2.0301543544,2.0576403141
2016.06.10,2.0022736041,2.0125567112,1.9660881192,1.9884325266
2016.06.13,1.9550155359,1.9862572463,1.9299024598,1.9374166727
2016.06.14,1.9215979039,1.9573887445,1.8943102817,1.9384061098
2016.06.15,1.9510603477,1.9573883439,1.9103264180,1.9210041761
2016.06.16,1.8927283565,1.9423594694,1.8543673167,1.9348461628
2016.06.17,1.9269361832,1.9269361832,1.8557510990,1.8686043024
2016.06.20,1.9356369323,1.9601557663,1.8994512237,1.9022198915
2016.06.21,1.9138857725,1.9332641862,1.9004402513,1.9212026596
2016.06.22,1.9267389225,1.9585746464,1.9032080717,1.9087454081
2016.06.23,1.9530370615,1.9900143301,1.9289137872,1.9892227650
2016.06.24,1.7796232411,1.8656384097,1.7321666666,1.7456129789
2016.06.27,1.7058682215,1.7082411070,1.6174802721,1.6439762115
2016.06.28,1.6940041050,1.7493698905,1.6924219927,1.7469971180
2016.06.29,1.7897076751,1.8506106716,1.7863458992,1.8377574682
2016.06.30,1.8488311843,1.9067672879,1.8310349965,1.9045926332
2016.07.01,1.9012308028,1.9538289310,1.8990554693,1.9306938648
2016.07.05,1.9057792058,1.9093385342,1.8658359341,1.8964853287
2016.07.06,1.8705814405,1.9453256321,1.8521920315,1.9411731958
2016.07.07,1.9498741484,1.9734050011,1.9328686183,1.9595630169
2016.07.08,1.9886297407,2.0548716201,1.9832908619,2.0501260757
2016.07.11,2.0734585710,2.1090511737,2.0714814682,2.0851254463
2016.07.12,2.1238812221,2.1347572103,2.1096441368,2.1179490089
2016.07.13,2.1351519280,2.1363383706,2.1017348900,2.1031186581
2016.07.14,2.1448424070,2.1572997184,2.1298137526,2.1458303928
2016.07.15,2.1596718124,2.1634284654,2.1207174404,2.1337680817
2016.07.18,2.1395031102,2.1885410073,2.1377233330,2.1762819290
2016.07.19,2.1553210107,2.1735129791,2.1422703689,2.1537396908
2016.07.20,2.1867607951,2.2407426831,2.1804339317,2.2274947166
2016.07.21,2.2342180841,2.2458849607,2.1952648320,2.2142474651
2016.07.22,2.2193872348,2.2482571850,2.1976370711,2.2399520874
2016.07.25,2.2350097960,2.2421282266,2.2185973747,2.2419297695
2016.07.26,2.2397551285,2.2731721709,2.2146420536,2.2494437695
2016.07.27,2.3046120256,2.3129171243,2.2662509831,2.2933411598
2016.07.28,2.3059966304,2.3269572738,2.2842462320,2.3182566166
2016.07.29,2.3348660339,2.3526622234,2.3123240732,2.3334822655
2016.08.01,2.3392155208,2.3880569956,2.3305157710,2.3700623512
2016.08.02,2.3599786226,2.3667021768,2.2713932159,2.3166744709
2016.08.03,2.3115332965,2.3398090128,2.3069850774,2.3386225700
2016.08.04,2.3380296387,2.3663062650,2.3208267816,2.3595836163
2016.08.05,2.3977459240,2.4430271711,2.3876614996,2.4278023243
2016.08.08,2.4319543985,2.4333381667,2.3959660159,2.4200901985
2016.08.09,2.4242429571,2.4584506620,2.4202878461,2.4361071587
2016.08.10,2.4378867784,2.4416434325,2.3975486277,2.4173219204
2016.08.11,2.4400607237,2.4637891229,2.4268127560,2.4485640526
2016.08.12,2.4341287810,2.4531114101,2.4270101254,2.4531114101
2016.08.15,2.4618123062,2.5003709027,2.4594394207,2.4839584827
2016.08.16,2.4695241073,2.4716994409,2.4414459430,2.4448068142
2016.08.17,2.4448068545,2.4580557294,2.4040738283,2.4562761784
2016.08.18,2.4485640208,2.4681397575,2.4361067132,2.4586484432
2016.08.19,2.4452030309,2.4711067713,2.4246381705,2.4552874565
2016.08.22,2.4436204248,2.4734790458,2.4309655632,2.4576599598
2016.08.23,2.4875172671,2.5017543517,2.4705126462,2.4722924232
2016.08.24,2.4687335025,2.4794112611,2.4015027262,2.4246377945
2016.08.25,2.4054573815,2.4353153208,2.3971525092,2.4131691456
2016.08.26,2.4163328169,2.4709078241,2.3807402142,2.4248359203
2016.08.29,2.4262194924,2.4533094395,2.4248354981,2.4315583706
2016.08.30,2.4226599580,2.4430263519,2.3850904886,2.4096093178
2016.08.31,2.3991297292,2.4100057181,2.3718422256,2.4032821655
2016.09.01,2.4048644470,2.4285926230,2.3692718437,2.4139599800
2016.09.02,2.4568688133,2.4715005485,2.4165306724,2.4422359467
2016.09.06,2.4568689848,2.4894953647,2.4400607837,2.4875173569
2016.09.07,2.4952292135,2.5061054282,2.4655688259,2.4920656681
2016.09.08,2.4716992933,2.4730830616,2.4303722569,2.4493548870
2016.09.09,2.3896384759,2.4044686707,2.2636809349,2.2636809349
2016.09.12,2.2296702205,2.3953725333,2.2255175588,2.3797516823
2016.09.13,2.3479165452,2.3704582784,2.2876066490,2.3235948086
2016.09.14,2.3295274274,2.3926048713,2.3271545415,2.3534531593
2016.09.15,2.3570119453,2.4742695023,2.3550348426,2.4626028538
2016.09.16,2.4564735145,2.4681401640,2.4242429131,2.4598352909
2016.09.19,2.4786193844,2.5019529067,2.4145528407,2.4276034832
2016.09.20,2.4519248967,2.4716990904,2.4297787229,2.4410498142
2016.09.21,2.4716996034,2.5233086214,2.4299767791,2.5120377541
2016.09.22,2.5590979067,2.5816398620,2.5500023754,2.5707647800
2016.09.23,2.5626579427,2.5640417111,2.5128284745,2.5244951248
2016.09.26,2.4809922140,2.4898904211,2.4495522744,2.4618122578
2016.09.27,2.4590432439,2.5361601983,2.4495519300,2.5316131115
2016.09.28,2.5407091956,2.5500029598,2.5068961418,2.5454547405
2016.09.29,2.5345795371,2.5470368464,2.4580556778,2.4914727211
2016.09.30,2.5144104954,2.5679966134,2.5019531860,2.5426859856
2016.10.03,2.5339867397,2.5444662695,2.5043263438,2.5369527340
2016.10.04,2.5549460246,2.5735328738,2.4948345834,2.5225169659
2016.10.05,2.5454546661,2.5735328308,2.5418953378,2.5488164425
2016.10.06,2.5393251240,2.5612739755,2.5086758431,2.5448615551
2016.10.07,2.5529689420,2.5624602580,2.4918686094,2.5282516479
2016.10.10,2.5656232540,2.5937014134,2.5642394860,2.5735323429
2016.10.11,2.5681936102,2.5713580606,2.4331405527,2.4671509266
2016.10.12,2.4697211939,2.4849471699,2.4368974881,2.4620094299
2016.10.13,2.4105992585,2.4531118376,2.3663059969,2.4331409931
2016.10.14,2.4659645744,2.4978002951,2.4365015128,2.4386770725
2016.10.17,2.4380839565,2.4507388178,2.4121802205,2.4218699932
2016.10.18,2.5063028900,2.5197493163,2.4815855973,2.4839584827
2016.10.19,2.4794107624,2.4948340627,2.4715005421,2.4849469662
2016.10.20,2.4734788272,2.4918683490,2.4325475736,2.4744670391
2016.10.21,2.4798064275,2.5070939355,2.4564738046,2.5013601780
2016.10.24,2.5519797596,2.5976567834,2.5500026569,2.5925152302
2016.10.25,2.5948881970,2.5986457558,2.5565280587,2.5666124821
2016.10.26,2.5171777274,2.5579116535,2.4934495542,2.5173761845
2016.10.27,2.5482230002,2.5543525387,2.4709075843,2.4821784496
2016.10.28,2.4586481903,2.4981947633,2.4123780662,2.4392697811
2016.10.31,2.4629990668,2.4629990668,2.4242431397,2.4254295826
2016.11.01,2.4410496903,2.4410496903,2.3099506213,2.3755993843
2016.11.02,2.3676892432,2.3837058783,2.2978891737,2.3137073517
2016.11.03,2.3042162432,2.3259675411,2.2385686036,2.2470710278
2016.11.04,2.2263081674,2.2753469575,2.2102915342,2.2215626240
2016.11.07,2.3291311532,2.3882543782,2.3200356205,2.3807401657
2016.11.08,2.3728312998,2.4594395879,2.3570122132,2.4274063110
2016.11.09,2.3413911597,2.4722926980,2.3346682861,2.4614164829
2016.11.10,2.4912759405,2.5053145730,2.2437096628,2.3443577290
2016.11.11,2.3081714392,2.3593846696,2.2858270323,2.3423800468
2016.11.14,2.3467298775,2.3518712043,2.2375796454,2.2632849216
2016.11.15,2.3206283392,2.3896379717,2.3141030187,2.3680849075
2016.11.16,2.3322960339,2.4141585582,2.3322960339,2.4066443443
2016.11.17,2.4050615340,2.4624052048,2.3900340151,2.4624052048
2016.11.18,2.4669536760,2.4829700859,2.4272086398,2.4347219467
2016.11.21,2.4501452912,2.5155965042,2.4491570794,2.5078847408
2016.11.22,2.5383358298,2.5507931373,2.5128278803,2.5304267406
2016.11.23,2.5061058880,2.5146080875,2.4677446122,2.4999754429
2016.11.25,2.5118391278,2.5278557654,2.5015571521,2.5240991116
2016.11.28,2.5126302340,2.5428839526,2.4997771444,2.5100591183
2016.11.29,2.5122351259,2.5689856989,2.4938458276,2.5341839790
2016.11.30,2.5393245378,2.5454540758,2.4386767416,2.4521231651
2016.12.01,2.4396664574,2.4398640093,2.3030302368,2.3174657822
2016.12.02,2.3196397168,2.3562212076,2.2990757672,2.3267581463
2016.12.05,2.3643276197,2.4100046252,2.3317012519,2.3805418015
2016.12.06,2.3989320519,2.4113895866,2.3696674471,2.3977456093
2016.12.07,2.3837058369,2.4985907215,2.3629436583,2.4867265224
2016.12.08,2.4930549177,2.5221219724,2.4786196006,2.5019531250
2016.12.09,2.5302285288,2.5648329184,2.5302285288,2.5604820251
2016.12.12,2.5254828158,2.5416979100,2.4958224269,2.5248897076
2016.12.13,2.5523756879,2.6640961399,2.5488163598,2.6235606670
2016.12.14,2.6287011646,2.6571751118,2.5820361513,2.6043796539
2016.12.15,2.6114980711,2.6635030949,2.5974594415,2.6201987267
2016.12.16,2.6324586382,2.6494632611,2.5739285203,2.5883629322
2016.12.19,2.5992396075,2.6674583784,2.5875727301,2.6200017929
2016.12.20,2.6405649684,2.6644915980,2.6358191981,2.6516385078
2016.12.21,2.6526273541,2.6579662324,2.6257347316,2.6423444748
2016.12.22,2.6435311827,2.6470905107,2.5911315109,2.6194081306
2016.12.23,2.6087299538,2.6287005664,2.6002266257,2.6275141239
2016.12.27,2.6417521878,2.7115531844,2.6389844245,2.6658761501
2016.12.28,2.6820896240,2.6905927267,2.5984473438,2.6041820049
2016.12.29,2.6027978498,2.6192093619,2.5681934645,2.5915269852
2016.12.30,2.6063576728,2.6079389931,2.4914727664,2.5157942772
2017.01.03,2.5628549027,2.6079388194,2.5383360680,2.5766971111
2017.01.04,2.5885614646,2.6350289259,2.5851996882,2.6205947399
2017.01.05,2.6184190258,2.6704238203,2.6160461404,2.6670620441
2017.01.06,2.6720047843,2.7556470586,2.6516383885,2.7346873283
2017.01.09,2.7414108993,2.7762126187,2.7358744679,2.7623715401
2017.01.10,2.7611847981,2.8042904811,2.7467494813,2.7781894207
2017.01.11,2.7801670674,2.8015225805,2.7394331436,2.7995445728
2017.01.12,2.7718623523,2.7936125178,2.7101686944,2.7853076458
2017.01.13,2.7944042535,2.8307875151,2.7936126882,2.8173410892
2017.01.17,2.7920318369,2.8078500180,2.7667212084,2.7908453941
2017.01.18,2.8038953532,2.8153637702,2.7813536229,2.8098275661
2017.01.19,2.8177373479,2.8489799666,2.7864947292,2.8023140430
2017.01.20,2.8394877698,2.8612381599,2.7999402895,2.8205051422
2017.01.23,2.8118047754,2.8394880597,2.7750257326,2.8268322945
2017.01.24,2.8422558020,2.8980174783,2.8303918273,2.8857584000
2017.01.25,2.9379607931,2.9743438302,2.9316327968,2.9699940681
2017.01.26,2.9834392789,3.0000490242,2.9664346562,2.9822528362
2017.01.27,2.9976764444,3.0063770999,2.9692024976,2.9964900017
2017.01.30,2.9648529386,2.9664351642,2.8782446430,2.9284698963
2017.01.31,2.8984130188,2.9122540951,2.8588655349,2.9122540951
2017.02.01,2.9692024082,2.9866037186,2.9296558268,2.9676210880
2017.02.02,2.9525924109,2.9877901353,2.9280735759,2.9601068497
2017.02.03,2.9719711209,2.9956995244,2.9628755873,2.9858124256
2017.02.06,2.9711804979,2.9984680019,2.9632702762,2.9968857765
2017.02.07,3.0127046269,3.0486921046,3.0079590826,3.0277323723
2017.02.08,3.0170550047,3.0566024943,3.0004452581,3.0447382927
2017.02.09,3.0530431027,3.0977312401,3.0482975580,3.0763757229
2017.02.10,3.0977312490,3.1202729828,3.0819119366,3.1068267822
2017.02.13,3.1360915427,3.1728703546,3.1313457727,3.1614010334
2017.02.14,3.1633800657,3.1922488933,3.1337196728,3.1910624504
2017.02.15,3.1871079595,3.2523607230,3.1795935208,3.2460329533
2017.02.16,3.2539414775,3.2733198870,3.2199311071,3.2432637215
2017.02.17,3.2298192700,3.2863716135,3.2278412618,3.2839987278
2017.02.21,3.3069363435,3.3409464975,3.2994219040,3.3362009525
2017.02.22,3.3259184930,3.3449011228,3.3085169570,3.3365962505
2017.02.23,3.3512280403,3.3516238229,3.2594791141,3.3006079197
2017.02.24,3.2531514332,3.3184041977,3.2507785478,3.3184041977
2017.02.27,3.3010043849,3.3302689961,3.2828124111,3.3282918930
2017.02.28,3.3286862423,3.3318506930,3.2721341319,3.3021903038
2017.03.01,3.3599291644,3.4247863798,3.3441100775,3.4089679718
2017.03.02,3.4073850016,3.4073850016,3.3441093467,3.3551828861
2017.03.03,3.3472738959,3.3773289334,3.3215674886,3.3725833893
2017.03.06,3.3362006147,3.3678378799,3.3104951105,3.3492510319
2017.03.07,3.3278955922,3.3773292727,3.3168220513,3.3326413631
2017.03.08,3.3409459137,3.3820747174,3.3294774964,3.3496465683
2017.03.09,3.3488553055,3.3721888299,3.3049580563,3.3599288464
2017.03.10,3.4030355308,3.4152943824,3.3579516143,3.3967075348
2017.03.13,3.3935439337,3.4196449915,3.3903794834,3.4164805412
2017.03.14,3.3931480811,3.3982894076,3.3504370544,3.3911709785
2017.03.15,3.4145042215,3.4769883216,3.3793073999,3.4504923820
2017.03.16,3.4742206328,3.4742206328,3.4235996049,3.4485142231
2017.03.17,3.4564237778,3.4702650798,3.4382318093,3.4402089119
2017.03.20,3.4402095009,3.4750114450,3.4247861975,3.4504923820
2017.03.21,3.4888524579,3.4999259990,3.2887439420,3.2966530323
2017.03.22,3.2986308871,3.3706065247,3.2832075847,3.3615109921
2017.03.23,3.3492509722,3.3757480412,3.3187999240,3.3346183300
2017.03.24,3.3662568090,3.4054085132,3.3172177804,3.3528103828
2017.03.27,3.2843941600,3.3880070667,3.2598741925,3.3706066608
2017.03.28,3.3702110375,3.4631473217,3.3492513024,3.4338827133
2017.03.29,3.4370455717,3.4841065894,3.4291364821,3.4793608189
2017.03.30,3.4781747599,3.5082309329,3.4667063411,3.4967625141
2017.03.31,3.4813394873,3.5165360853,3.4698701625,3.4884579182
2017.04.03,3.4987391511,3.5228633333,3.4255773022,3.4809429646
2017.04.04,3.4504923776,3.4995302771,3.4481194921,3.4967625141
2017.04.05,3.5137674182,3.5742744163,3.4362555699,3.4568192959
2017.04.06,3.4686835844,3.4884577822,3.4346734306,3.4595880508
2017.04.07,3.4572149120,3.4868753013,3.4180632071,3.4556326866
2017.04.10,3.4674971416,3.5011126443,3.4299276593,3.4595880508
2017.04.11,3.4461409957,3.4635425310,3.3389687735,3.4160859585
2017.04.12,3.4121307611,3.4192491902,3.3607190794,3.3710019588
2017.04.13,3.3575560619,3.4156906255,3.3290821146,3.3310592175
2017.04.17,3.3591384334,3.4145043312,3.3551835486,3.4101543427
2017.04.18,3.3785155874,3.4279501712,3.3721887229,3.4002668858
2017.04.19,3.4394185738,3.4730340725,3.3978939852,3.4121310711
2017.04.20,3.4536557741,3.5196991996,3.4378364625,3.4947843552
2017.04.21,3.5062538194,3.5106038078,3.4690792162,3.4932034016
2017.04.24,3.6086800516,3.6304313486,3.5932565239,3.6201493740
2017.04.25,3.6561368974,3.7186221254,3.6478320247,3.7004301548
2017.04.26,3.7039888341,3.7304859006,3.6763055514,3.6842155457
2017.04.27,3.7118984463,3.7490732748,3.7028029133,3.7486774921
2017.04.28,3.7941570803,3.7985068424,3.7510504894,3.7700331211
2017.05.01,3.8048342191,3.8843242876,3.8000884487,3.8649456501
2017.05.02,3.8839283144,3.8934198551,3.8542679286,3.8878834248
2017.05.03,3.8641554596,3.8645514685,3.8182808813,3.8495225906
2017.05.04,3.8515003633,3.8692963231,3.8139297571,3.8534772396
2017.05.05,3.8811605670,3.8953974247,3.8396357576,3.8953974247
2017.05.08,3.9013300916,3.9203127227,3.8776016896,3.9187304974
2017.05.09,3.9373175629,3.9875428086,3.9286175864,3.9618375301
2017.05.10,3.9661858992,3.9717223283,3.9262433220,3.9681627750
2017.05.11,3.9361308153,3.9606507820,3.8807651486,3.9586730003
2017.05.12,3.9638144350,3.9867521770,3.9535326856,3.9843792915
2017.05.15,3.9883330748,4.0282761147,3.9780508739,4.0215525627
2017.05.16,4.0500265170,4.0725682465,4.0175981435,4.0721735954
2017.05.17,3.9764688088,3.9974296729,3.7589601298,3.7641005516
2017.05.18,3.7585644318,3.8965841713,3.7423504694,3.8594095707
2017.05.19,3.8969785647,3.9562993303,3.8938150198,3.9060750008
2017.05.22,3.9333629018,4.0120614060,3.9290122351,4.0073156357
2017.05.23,4.0401396349,4.0417209546,3.9871455120,4.0172019005
2017.05.24,4.0508182513,4.0773141870,4.0191796312,4.0725684166
2017.05.25,4.1172575375,4.2062387023,4.0915513547,4.1797418594
2017.05.26,4.1765793648,4.2018890925,4.1607602759,4.1975393295
2017.05.30,4.1872556414,4.2216617968,4.1829049748,4.2062382698
2017.05.31,4.2445996629,4.2536961019,4.1370314090,4.2010979652
2017.06.01,4.2260125931,4.2548823254,4.1742060216,4.2513232231
2017.06.02,4.2932429644,4.3996254612,4.2746558866,4.3964610100
2017.06.05,4.3929009438,4.4158386845,4.3743138700,4.3929009438
2017.06.06,4.3770824891,4.4197935173,4.3209248098,4.3430709839
2017.06.07,4.3739184567,4.4016015165,4.3169705646,4.3905282021
2017.06.08,4.4178149600,4.4245385114,4.3331844750,4.4023914337
2017.06.09,4.4182108301,4.4344245633,3.9017243406,4.0840373039
2017.06.12,3.9705366686,4.0282761214,3.8530817919,4.0100841522
2017.06.13,4.0725686510,4.1200254524,4.0116665555,4.1038112640
2017.06.14,4.1520585523,4.1520585523,3.9519504896,4.0488405228
2017.06.15,3.9250597545,4.0077129528,3.8511060829,3.9942667484
2017.06.16,3.9863558915,3.9891247858,3.8981653893,3.9464137554
2017.06.19,4.0563536167,4.1508711909,4.0381616505,4.1374258995
2017.06.20,4.1275390890,4.1421719553,4.0381619294,4.0436992645
2017.06.21,4.0686154375,4.1651099313,4.0603105631,4.1611561775
2017.06.22,4.1797416547,4.2022833857,4.1247706427,4.1564092636
2017.06.23,4.1417772692,4.2196851324,4.1081617648,4.2030749321
2017.06.26,4.2722827084,4.2975933382,4.1180487589,4.1473135948
2017.06.27,4.0990662222,4.1125128765,3.9191269875,3.9191269875
2017.06.28,3.9602551357,4.0962970927,3.8930250435,4.0836420059
2017.06.29,4.0334159863,4.0361848801,3.7569814585,3.8756229877
2017.06.30,3.9092393586,3.9392953039,3.8396363788,3.8621785641
2017.07.03,3.9309907054,3.9432497845,3.7474912488,3.7569825649
2017.07.05,3.7858518867,3.8950023493,3.7510501719,3.8641552925
2017.07.06,3.7747782063,3.8238170051,3.7186218833,3.7621233463
2017.07.07,3.7992983755,3.9112163831,3.7965299336,3.8748333454
2017.07.10,3.8894655116,3.9843786523,3.8582229018,3.9559044838
2017.07.11,3.9385035389,4.0033616497,3.8942116410,3.9883332253
2017.07.12,4.0883887241,4.1429637421,4.0662425433,4.1303091049
2017.07.13,4.1465227960,4.1868609462,4.1212121669,4.1575961113
2017.07.14,4.2066341344,4.2703055829,4.1734141892,4.2552771568
2017.07.17,4.2691192221,4.3058978156,4.2366899382,4.2576498985
2017.07.18,4.2489494671,4.3466306020,4.2117748688,4.3422803879
2017.07.19,4.3798511474,4.4391719345,4.3766876014,4.4217715263
2017.07.20,4.4541988469,4.4632943781,4.3774767726,4.4383797646
2017.07.21,4.3834089525,4.4320519654,4.3632401081,4.4316573143
2017.07.24,4.4304708789,4.5008645125,4.4138611349,4.4893960953
2017.07.25,4.4478726055,4.4890009645,4.4209806554,4.4593405724
2017.07.26,4.4878135155,4.5075877082,4.4688308878,4.4992828369
2017.07.27,4.5898456952,4.6013150176,4.2576494569,4.4190015793
2017.07.28,4.3410936487,4.4249334711,4.3134101420,4.4047641754
2017.07.31,4.4407530428,4.4577587954,4.3181563880,4.3474221230
2017.08.01,4.3909239746,4.3944835292,4.3363489651,4.3758964539
2017.08.02,4.4585492857,4.4628990471,4.2884958386,4.4079289436
2017.08.03,4.4245395808,4.4261209011,4.3347668426,4.3620543480
2017.08.04,4.3877606732,4.4122792822,4.3288345466,4.3790597916
2017.08.07,4.4047650625,4.4636911889,4.3857824317,4.4565725327
2017.08.08,4.4367993662,4.5479276398,4.4019985473,4.4399638176
2017.08.09,4.3312075902,4.4280989818,4.3003605312,4.4225616455
2017.08.10,4.3482139485,4.3561228136,4.1251676585,4.1354494095
2017.08.11,4.1556174472,4.2580448004,4.1263526185,4.2299666405
2017.08.14,4.3284401376,4.4134661981,4.3272534685,4.3944835663
2017.08.15,4.4190011762,4.4280980652,4.3664044126,4.4023914337
2017.08.16,4.4332385234,4.4866273052,4.3814319667,4.4253292084
2017.08.17,4.3715454456,4.3929009611,4.1524543122,4.1532449722
2017.08.18,4.1595727051,4.2279890091,4.0931332774,4.1386127472
2017.08.21,4.1457316155,4.1698546672,4.0496317968,4.1310987473
2017.08.22,4.1920020602,4.3276484691,4.1900242785,4.3149933815
2017.08.23,4.2442043343,4.2964069119,4.2386674504,4.2667465210
2017.08.24,4.2979875675,4.3145973114,4.1564091880,4.2311534882
2017.08.25,4.2742599742,4.3102483628,4.1868610241,4.2026801109
2017.08.28,4.2394585609,4.2703051650,4.2003066320,4.2394585609
2017.08.29,4.1291229015,4.3106443740,4.1192358015,4.2916617393
2017.08.30,4.2991748512,4.4609230213,4.2916615425,4.4403581619
2017.08.31,4.4763461728,4.5827277529,4.4692275160,4.5665140152
2017.09.01,4.6013149820,4.6187153859,4.5281520019,4.5633497238
2017.09.05,4.5198477509,4.5510903667,4.3371396378,4.4411492348
2017.09.06,4.4771369448,4.5095657787,4.3838060069,4.4795098305
2017.09.07,4.5056113398,4.5439721634,4.4609229716,4.5071935654
2017.09.08,4.4901873041,4.4980975259,4.3798506172,4.3960657120
2017.09.11,4.4953271430,4.5649301021,4.4937449182,4.5360612869
2017.09.12,4.5795636864,4.5941965547,4.5111473785,4.5744223595
2017.09.13,4.5479266769,4.5945919158,4.5297347059,4.5934052467
2017.09.14,4.5427854073,4.5799600099,4.5044241356,4.5158934593
2017.09.15,4.5111478020,4.6076422814,4.4878145028,4.5522766113
2017.09.18,4.5720496272,4.6159473283,4.4984919898,4.5412030220
2017.09.19,4.5625575823,4.5819357652,4.5158923543,4.5605802536
2017.09.20,4.5582078047,4.5716544555,4.4158383170,4.5226154327
2017.09.21,4.5091693558,4.5107515810,4.3897371512,4.4356117249
2017.09.22,4.3917142510,4.4423355028,4.3802458333,4.4245390892
2017.09.25,4.3703589797,4.3770829848,4.2177072711,4.2857289314
2017.09.26,4.3478173169,4.3715457193,4.2699099149,4.3149933815
2017.09.27,4.3838056012,4.4791147647,4.3501901013,4.4320526123
2017.09.28,4.4000191233,4.4371941759,4.3675911992,4.4245390892
2017.09.29,4.4514307410,4.5277572648,4.4158383687,4.5182657242
2017.10.02,4.5415987408,4.5862871037,4.4704139863,4.5309209824
2017.10.03,4.5479264187,4.5748183648,4.5182660310,4.5593948364
2017.10.04,4.5328982036,4.5997331944,4.5206391252,4.5712590218
2017.10.05,4.6246475498,4.7104651667,4.6052693636,4.7029509544
2017.10.06,4.6586578637,4.7219337513,4.6566809872,4.7199568748
2017.10.09,4.7417063247,4.7559431823,4.6891091082,4.7080917358
2017.10.10,4.7527811248,4.7682042019,4.6550990714,4.7179789543
2017.10.11,4.7120468427,4.7614814289,4.6922735513,4.7591085434
2017.10.12,4.7389395883,4.7883732682,4.7163978556,4.7334022522
2017.10.13,4.7879763928,4.8026092591,4.7713666504,4.7863950729
2017.10.16,4.8223835346,4.8382026203,4.7903502594,4.8358297348
2017.10.17,4.8298979123,4.8544169755,4.8073561783,4.8528356552
2017.10.18,4.8662803848,4.8670719500,4.8140782662,4.8342471123
2017.10.19,4.7511986049,4.7812545499,4.6792227407,4.7808589935
2017.10.20,4.8382022080,4.8496706255,4.8014236176,4.8156604767
2017.10.23,4.8461125776,4.8472987942,4.7033479466,4.7258896828
2017.10.24,4.7484301241,4.7761127282,4.6946457834,4.7500114441
2017.10.25,4.7179784165,4.7646445568,4.5862866782,4.6922731400
2017.10.26,4.6855503276,4.7167920336,4.6420477342,4.6487712860
2017.10.27,4.8698395816,5.0774622771,4.8575805049,5.0493841171
2017.10.30,5.0367299030,5.1442981489,5.0256565881,5.0853729248
2017.10.31,5.1308510167,5.1628842894,5.0901182205,5.1391563416
2017.11.01,5.2036186182,5.2107368218,5.0758815319,5.1324334145
2017.11.02,5.1170114930,5.1241296981,5.0007427984,5.1063337326
2017.11.03,5.1605115685,5.2546345133,5.1083094478,5.2487025261
2017.11.06,5.2396063066,5.3103950394,5.2332783113,5.3020901680
2017.11.07,5.2902266377,5.3345198926,5.2581933654,5.3107914925
2017.11.08,5.3056489504,5.3803927825,5.2858756653,5.3772296906
2017.11.09,5.2463291515,5.2993219273,5.1272916002,5.2910170555
2017.11.10,5.2554252842,5.3016954187,5.2257648952,5.2894363403
2017.11.13,5.2336741335,5.3285877307,5.2293234668,5.3052539825
2017.11.14,5.2518653870,5.2692671491,5.1743535484,5.2518653870
2017.11.15,5.1846355177,5.2182510138,5.0920948064,5.1747484207
2017.11.16,5.2562167165,5.4064955342,5.2534478222,5.3685302734
2017.11.17,5.3740670998,5.3847448585,5.2941823669,5.3084192276
2017.11.20,5.3167232316,5.3349142951,5.2740122039,5.2953677177
2017.11.21,5.3693197007,5.4733292664,5.3637832711,5.4622559547
2017.11.22,5.4816344736,5.5014077607,5.4507878741,5.4840073586
2017.11.24,5.5049673312,5.5500507880,5.4946851313,5.5457010269
2017.11.27,5.5385831397,5.5769435032,5.5002223236,5.5366053581
2017.11.28,5.5741765561,5.5899947371,5.4855900355,5.5773396492
2017.11.29,5.5634986600,5.5634986600,5.2107370746,5.2906227112
2017.11.30,5.3570626063,5.4511842061,5.3171195583,5.4219198227
2017.12.01,5.3171195057,5.4270610968,5.1130558631,5.3495483398
2017.12.04,5.4543473537,5.4666064305,5.1486470637,5.1648621559
2017.12.05,5.1557664103,5.3503384916,5.0996100824,5.1723761559
2017.12.06,5.1150330181,5.2657078459,5.0960503875,5.2407932281
2017.12.07,5.2439566601,5.3388698107,5.2237873610,5.2925996780
2017.12.08,5.4100552511,5.4488111763,5.3388704922,5.3625988960
2017.12.11,5.3709035308,5.4923135339,5.3685306453,5.4855899811
2017.12.12,5.4776795808,5.5136679605,5.4306187936,5.4650249481
2017.12.13,5.5271137168,5.5476785715,5.4725387134,5.4923129082
2017.12.14,5.5243461739,5.5638927530,5.4634431749,5.4844031334
2017.12.15,5.5484689542,5.6872797934,5.5184139176,5.6627607346
2017.12.18,5.7742832223,5.8249035617,5.7501592688,5.8082938194
2017.12.19,5.7770539155,5.7956405397,5.6603892217,5.7137780190
2017.12.20,5.7683525838,5.7707254693,5.6192599721,5.6900491714
2017.12.21,5.7102179185,5.7624200375,5.6679024445,5.6872801781
2017.12.22,5.6631573457,5.6746257638,5.6204463137,5.6682977676
2017.12.26,5.5777343157,5.5967169430,5.5124815626,5.5765480995
2017.12.27,5.5769427506,5.6212360003,5.5603330083,5.5765480995
2017.12.28,5.6259818032,5.6311235825,5.5753619119,5.5915760994
2017.12.29,5.6125366637,5.6125366637,5.4820311216,5.4859862328
2018.01.02,5.5721977988,5.7794258624,5.5322556622,5.7675614357
2018.01.03,5.7908959373,5.9581805543,5.7901052770,5.9364290237
2018.01.04,6.0060317480,6.0273872654,5.9502700691,5.9712300301
2018.01.05,6.0546740964,6.1646147640,6.0234314839,6.1515641212
2018.01.08,6.1507742184,6.2326371867,6.1448422307,6.2199811935
2018.01.09,6.2579461683,6.2789070338,6.1693610088,6.2247266769
2018.01.10,6.1381178246,6.1828066354,6.0590237617,6.1804337502
2018.01.11,6.2116751976,6.3042159081,6.1828063773,6.3042159081
2018.01.12,6.2828607502,6.4624052984,6.2650643369,6.4378862381
2018.01.16,6.5679969030,6.6704242744,6.3307137805,6.3880572319
2018.01.17,6.4730839287,6.6221765446,6.3856849807,6.5893526077
2018.01.18,6.5604815384,6.6395765021,6.5138163063,6.5956788063
2018.01.19,6.6522324494,6.6874292717,6.5589015143,6.6589550972
2018.01.22,6.6431364876,6.8669734001,6.6261307333,6.8669734001
2018.01.23,6.9330170149,7.0579865707,6.9223392564,7.0409808159
2018.01.24,7.0793416809,7.1287753626,6.7803653475,6.8982162476
2018.01.25,7.0421671131,7.0473088930,6.8246581884,6.8895153999
2018.01.26,6.9998507706,7.1971917152,6.9634677396,7.1971917152
2018.01.29,7.1544810602,7.2031240754,7.0556128046,7.1018829346
2018.01.30,6.9041478070,7.0136929222,6.8131884082,6.9203619957
2018.01.31,7.0413759330,7.0813185225,6.8812100188,7.0057835579
2018.02.01,6.8507600516,7.0473094846,6.7578237622,6.8305912018
2018.02.02,6.7542639490,6.7953927571,6.4030850452,6.4133667946
2018.02.05,6.2385689118,6.5505963370,5.6398237838,5.6730437279
2018.02.06,5.4108444286,6.1298122874,5.3400552455,6.1104350090
2018.02.07,6.0530914222,6.2480594842,5.8688011169,5.8688011169
2018.02.08,5.9293083011,5.9376131724,5.1411334785,5.1415281296
2018.02.09,5.3467792047,5.5029909148,4.7931189254,5.3835577965
2018.02.12,5.5674521000,5.7893121296,5.4270603803,5.6849074364
2018.02.13,5.5852492398,5.7976177555,5.5512390853,5.7541160583
2018.02.14,5.6679034397,6.1147866589,5.6619714517,6.0910582542
2018.02.15,6.2484549013,6.4177172566,6.0578379350,6.4094123840
2018.02.16,6.3627475245,6.5438734254,6.3018445140,6.3378324509
2018.02.20,6.2650649430,6.5347773477,6.2591329555,6.3694696426
2018.02.21,6.4608232021,6.6522317280,6.3077754927,6.3121261597
2018.02.22,6.4038754933,6.4995802115,6.2650646393,6.3133130074
2018.02.23,6.4564725922,6.6937556796,6.3884513922,6.6894059181
2018.02.26,6.7946025171,6.9610964463,6.7799696470,6.9579319954
2018.02.27,6.9701921549,7.0073667604,6.7000850797,6.7087850571
2018.02.28,6.8207034955,6.8871424795,6.5672061854,6.5739288330
2018.03.01,6.5885612312,6.6763557260,6.0776110841,6.2575511932
2018.03.02,6.0380637098,6.4596357236,5.9629234065,6.4295806885
2018.03.05,6.3390172844,6.6882192451,6.2626907652,6.6312713623
2018.03.06,6.7301392269,6.7898555556,6.5964697108,6.7151112556
2018.03.07,6.5683920297,6.7823418392,6.5339863231,6.7653369904
2018.03.08,6.8408721768,6.8899112061,6.7669185290,6.8661828041
2018.03.09,7.0219979006,7.2660045624,6.9911508430,7.2660045624
2018.03.12,7.3360018519,7.4415927452,7.2901263770,7.3747577667
2018.03.13,7.3360038846,7.4415948071,7.0338626295,7.1070256233
2018.03.14,7.1967972709,7.2185483450,6.9919429754,7.0829014778
2018.03.15,7.1042565672,7.1900741895,6.9856150101,7.0512633324
2018.03.16,7.0916005374,7.1453844252,6.9919416245,7.0045967102
2018.03.19,6.8214935620,6.8214935620,6.3698650730,6.5648331642
2018.03.20,6.5664134115,6.6597452317,6.4924606807,6.6130795479
2018.03.21,6.5648337078,6.7467502651,6.4359090322,6.5173768997
2018.03.22,6.2642735752,6.3908244377,6.0190816186,6.0412273407
2018.03.23,6.0190811796,6.0704917283,5.5532145500,5.5532145500
2018.03.26,5.8925300189,6.2025800933,5.6307278581,6.1780614853
2018.03.27,6.3231998824,6.3231998824,5.4246881515,5.5856451988
2018.03.28,5.4879619051,5.6481278037,5.2597752610,5.3930487633
2018.03.29,5.4749116908,5.8411194464,5.3202826630,5.6916308403
2018.04.02,5.5571699352,5.6354733361,5.0133958905,5.1862177849
2018.04.03,5.3289825883,5.4258739707,5.0774626320,5.3602252007
2018.04.04,5.0474069959,5.6623653398,5.0304016957,5.6137223244
2018.04.05,5.7810074259,5.8035491587,5.5824811404,5.7019133568
2018.04.06,5.5243471577,5.6876766402,5.1972912784,5.2763862610
2018.04.09,5.4155911990,5.7050764325,5.3606210882,5.3819766045
2018.04.10,5.6334976904,5.7956405054,5.5223694289,5.7375063896
2018.04.11,5.6394284876,5.8280685619,5.6240049600,5.6410098076
2018.04.12,5.7541156173,5.9024175662,5.7339467694,5.8387470245
2018.04.13,5.9324728513,5.9573874654,5.6813475710,5.7521376610
2018.04.16,5.8695939982,5.9475018577,5.7651892929,5.8790855408
2018.04.17,6.0554655091,6.3006575004,6.0250144581,6.2551789284
2018.04.18,6.2642736710,6.3651192587,6.1733156332,6.2986798286
2018.04.19,6.2077216115,6.2476637460,6.0606058964,6.1274399757
2018.04.20,6.0803789575,6.0902660543,5.7699338041,5.8336043358
2018.04.23,5.9146776039,5.9842801336,5.6947948896,5.7877311707
2018.04.24,5.8640554914,5.8960887622,5.3056499419,5.4187550545
2018.04.25,5.4448574084,5.5049688516,5.2154831405,5.4401116371
2018.04.26,5.6469417074,5.8332088937,5.5927622626,5.7774472237
2018.04.27,6.0301535037,6.0368770551,5.6916302023,5.7908935547
2018.04.30,5.8296504199,5.9360328974,5.6208410284,5.6675071716
2018.05.01,5.6180735679,5.8593108883,5.5812945222,5.8517975807
2018.05.02,5.8905531210,5.9419645798,5.7343418679,5.7497653961
2018.05.03,5.6730434793,5.8130400956,5.4753078591,5.7501602173
2018.05.04,5.6773942247,6.1159720591,5.6623657996,6.0736570358
2018.05.07,6.1638243006,6.2852338423,6.1448416703,6.2180037498
2018.05.08,6.1847845588,6.2460822145,6.0708883189,6.1974391937
2018.05.09,6.2405455897,6.4204852506,6.1733159487,6.4050617218
2018.05.10,6.4659648069,6.6178258538,6.4517279469,6.6043796539
2018.05.11,6.5707648674,6.6288994273,6.4976018826,6.5846061707
2018.05.14,6.6261306040,6.7423997251,6.5846062412,6.6138706207
2018.05.15,6.4564723391,6.4675461046,6.2935380011,6.3999204636
2018.05.16,6.4145536883,6.5648334231,6.4129723680,6.5177717209
2018.05.17,6.4513315937,6.5921202238,6.3485091284,6.4442133904
2018.05.18,6.3706557010,6.4343275993,6.3148944769,6.3409953117
2018.05.21,6.4865295829,6.5739285236,6.3670964631,6.4517278671
2018.05.22,6.5343804601,6.5687866165,6.3900336403,6.4181118011
2018.05.23,6.2761383805,6.5834200231,6.2698103844,6.5794649124
2018.05.24,6.5774879350,6.6095212106,6.3757976447,6.5739288330
2018.05.25,6.5763006898,6.6629089609,6.5335896624,6.5905375481
2018.05.29,6.5003703700,6.6178252463,6.3864745952,6.5063023567
2018.05.30,6.5727434412,6.6771477014,6.5312186184,6.6451144218
2018.05.31,6.6356232664,6.7601968285,6.5774886960,6.6308774948
2018.06.01,6.7210430140,6.9500212085,6.7210430140,6.9393434525
2018.06.04,6.9879869349,7.1303564218,6.9784953944,7.1173062325
2018.06.05,7.1742552938,7.2264574174,7.0959518821,7.1908650398
2018.06.06,7.2134061214,7.3154379264,7.1042561131,7.3095059395
2018.06.07,7.3189967665,7.3225563206,7.0271386737,7.1398482323
2018.06.08,7.0271394260,7.1659502842,6.9796830744,7.1351032257
2018.06.11,7.1173073992,7.2442538325,7.1137478446,7.1908650398
2018.06.12,7.2205245899,7.3237426086,7.1979824064,7.3047599792
2018.06.13,7.3320482372,7.4661133253,7.2537448266,7.2964558601
2018.06.14,7.4008594889,7.5527205172,7.3806901915,7.5183143616
2018.06.15,7.4317071402,7.4850959319,7.3320482131,7.4435715675
2018.06.18,7.2964558879,7.4447578369,7.2276435664,7.4269614220
2018.06.19,7.1410355819,7.3628956326,7.0734099265,7.3605227470
2018.06.20,7.4578087831,7.6084831711,7.4423852531,7.5147566795
2018.06.21,7.5669589294,7.5918740022,7.2762874550,7.3201847076
2018.06.22,7.3937421380,7.4008607947,7.1908651747,7.2466268539
2018.06.25,7.0734093320,7.1030697205,6.5834200392,6.7839241028
2018.06.26,6.8491777382,6.9737512954,6.7744334229,6.8586692810
2018.06.27,6.9452769393,7.0378172101,6.5632509764,6.5834202766
2018.06.28,6.5513860930,6.8112109070,6.5098612817,6.7447714806
2018.06.29,6.8420580087,6.9476493690,6.7696870430,6.7756190300
2018.07.02,6.6035888348,6.9357850933,6.5585049178,6.9274802208
2018.07.03,7.0022247344,7.0093433907,6.6712146824,6.6890110970
2018.07.05,6.8207022015,6.9512077119,6.7139246365,6.9345979691
2018.07.06,6.9773104528,7.2715414734,6.9429042910,7.2466268539
2018.07.09,7.3652678488,7.4566214466,7.2834048874,7.4483165741
2018.07.10,7.4803494726,7.5159418463,7.3889954268,7.4661126137
2018.07.11,7.2964561594,7.4340803550,7.2715415396,7.3569631577
2018.07.12,7.4471300416,7.7259379517,7.4317065136,7.7200055122
2018.07.13,7.7211905711,7.7864428660,7.6630555728,7.7425460815
2018.07.16,7.7484789133,7.7900041777,7.6500071202,7.6903448105
2018.07.17,7.4506908973,7.8778008433,7.4483180114,7.8327164650
2018.07.18,7.8303423528,7.8528845371,7.7117008020,7.7828855515
2018.07.19,7.7069547382,7.7781394849,7.6381424241,7.6678028107
2018.07.20,7.7306850015,7.8101746348,7.6322122829,7.6571269035
2018.07.23,7.5895009380,7.7389895610,7.4981468801,7.7235655785
2018.07.24,7.9667800520,8.0498287727,7.7294969583,7.8220372200
2018.07.25,7.8327151057,8.1637251546,7.8267835711,8.1483020782
2018.07.26,7.8208502349,7.8944083168,7.7484788218,7.7923765182
2018.07.27,7.9300012638,7.9371203727,7.3296752729,7.4672994614
2018.07.30,7.4684872221,7.4756054269,7.0378181789,7.1457819939
2018.07.31,7.2217118259,7.3901830810,7.1078160338,7.2881512642
2018.08.01,7.3557750546,7.4542477444,7.2656076886,7.3878083229
2018.08.02,7.2252713338,7.7117015588,7.2181526772,7.6820411682
2018.08.03,7.7223779615,7.7579707881,7.6286519346,7.7508525848
2018.08.06,7.7413631605,7.8979700112,7.7105160960,7.8932242393
2018.08.07,7.9549162227,8.0201685316,7.9074594221,7.9703392982
2018.08.08,7.9442385999,8.0498295139,7.8777996172,7.9916954041
2018.08.09,7.9845776558,8.0794903643,7.9513572574,7.9845776558
2018.08.10,7.8255963752,7.8955953590,7.7140730308,7.7983093262
2018.08.13,7.8410191552,7.9928810908,7.7650886399,7.7757668495
2018.08.14,7.8611902851,7.9477981200,7.7389896190,7.9193243980
2018.08.15,7.7401743680,7.8066142506,7.4839090940,7.6310243607
2018.08.16,7.7994963448,7.8481398216,7.6559401576,7.7010245323
2018.08.17,7.6393302335,7.7615308996,7.4993331518,7.6998376846
2018.08.20,7.7555981306,7.7627163337,7.5930588879,7.6844124794
2018.08.21,7.7520396905,7.9039016593,7.7366166124,7.7639045715
2018.08.22,7.7117016262,7.8801724291,7.6867870065,7.8540711403
2018.08.23,7.8149204254,7.9798321328,7.7793275929,7.8149204254
2018.08.24,7.8979683344,8.0522027190,7.8896634617,8.0320329666
2018.08.27,8.1613549179,8.2752507333,8.1174572046,8.2740640640
2018.08.28,8.3428715109,8.3725318904,8.2621952425,8.3108386993
2018.08.29,8.3535506362,8.6133749737,8.3464315288,8.6015110016
2018.08.30,8.5493087882,8.7035431469,8.4650734063,8.5528678894
2018.08.31,8.5208361953,8.6549008226,8.4911758074,8.5777845383
2018.09.04,8.5030408375,8.5457518738,8.3321975976,8.4757537842
2018.09.05,8.4235490721,8.4271081733,8.0581329233,8.1388092041
2018.09.06,8.1530461419,8.1779607547,7.7567829583,7.9169497490
2018.09.07,7.7544110282,8.0308460301,7.7378012852,7.8386464119
2018.09.10,7.9596604440,7.9750844234,7.7745799322,7.9074587822
2018.09.11,7.8030546781,8.1245740889,7.7472939076,8.0830488205
2018.09.12,8.0498305848,8.0664403327,7.8054292330,8.0130519867
2018.09.13,8.1506744098,8.3072812251,8.1471153080,8.2503337860
2018.09.14,8.2799944946,8.3215188592,8.0925406146,8.1874542236
2018.09.17,8.1411846888,8.1660993094,7.8137337090,7.8422074318
2018.09.18,7.8588145262,8.1447410419,7.8469505545,8.0284719467
2018.09.19,8.0320318974,8.0889802349,7.8528838237,8.0106763840
2018.09.20,8.1649114594,8.3025360923,8.1103364549,8.2621974945
2018.09.21,8.3357548710,8.3737201277,8.1044033245,8.1305046082
2018.09.24,7.9620345328,8.2088091753,7.8588160580,8.2005043030
2018.09.25,8.1850820672,8.2491486268,8.1044057594,8.2337255478
2018.09.26,8.2408411650,8.4793109111,8.1993168075,8.2254180908
2018.09.27,8.3476227440,8.5398224548,8.3321996624,8.4532136917
2018.09.28,8.3808390226,8.5125312156,8.3381279922,8.4401597977
2018.10.01,8.6015149146,8.6810045593,8.4330440811,8.4888057709
2018.10.02,8.4662610835,8.6323594346,8.3808390226,8.4401597977
2018.10.03,8.5433783978,8.6015125048,8.4271092788,8.4650745392
2018.10.04,8.3642299260,8.3737214680,7.7947500796,7.9822039604
2018.10.05,7.9727126341,8.0474573978,7.4530629165,7.6820411682
2018.10.08,7.5740763374,7.7413608996,7.2656084979,7.5444159508
2018.10.09,7.5539070381,7.7828852588,7.4969591502,7.6025505066
2018.10.10,7.4732317909,7.4815366636,6.5774876835,6.6166396141
2018.10.11,6.5264706610,6.7922278994,6.1491909950,6.3485083580
2018.10.12,6.8551085755,6.9429035212,6.5015568128,6.8847689629
2018.10.15,6.8171429048,6.8468032904,6.5549452052,6.6249437332
2018.10.16,6.8384982813,7.2573027720,6.8040921262,7.1956095695
2018.10.17,7.3178101579,7.3296741308,6.9939188109,7.2193374634
2018.10.18,7.1256123935,7.1339172667,6.6213857538,6.7186717987
2018.10.19,6.8562955266,7.0461218323,6.6190124182,6.6913838387
2018.10.22,6.8112122849,6.9500231524,6.6403685928,6.7922296524
2018.10.23,6.4291854698,6.8195162802,6.1966481390,6.7174844742
2018.10.24,6.6925700237,6.7269761829,5.7754708683,5.8039445877
2018.10.25,6.0613973743,6.4979983553,5.9830939621,6.3995256424
2018.10.26,5.7422512695,6.2678333785,5.6331008069,5.9024171829
2018.10.29,6.1669882503,6.2405458910,5.2012460218,5.5868310928
2018.10.30,5.4859868467,5.8193693961,5.4064967529,5.8027596474
2018.10.31,6.0803800649,6.3663062118,6.0803800649,6.1942758560
2018.11.01,6.2488503804,6.4802014993,6.1029213245,6.4647784233
2018.11.02,6.4007111202,6.5169797742,6.0269900913,6.1752920151
2018.11.05,6.1788517358,6.1859699387,5.9036029415,6.1147851944
2018.11.06,6.0993634247,6.3508834399,6.0827536764,6.2441062927
2018.11.07,6.4671509423,6.8290080460,6.4268127957,6.8183302879
2018.11.08,6.7376540292,6.8005339086,6.6035889451,6.7020616531
2018.11.09,6.5157933060,6.5585043337,6.2037663746,6.3615593910
2018.11.12,6.2286829368,6.2630891035,5.7647943781,5.8027596474
2018.11.13,5.8691977934,6.1100400020,5.7469966856,5.8003854752
2018.11.14,5.9652977098,6.0293642631,5.5619166626,5.6532707214
2018.11.15,5.6224237672,6.0044497564,5.4824266824,5.9558067322
2018.11.16,5.7849621087,5.9795346420,5.7090315848,5.8905534744
2018.11.19,5.8039453482,5.8312333074,5.2676858537,5.3258199692
2018.11.20,4.9497263580,5.2487031634,4.8287119044,5.0304026604
2018.11.21,5.2237870382,5.2937855673,5.1158232513,5.1431107521
2018.11.23,5.0161646927,5.1870088178,5.0126055909,5.0292153358
2018.11.26,5.2415832533,5.3839531913,5.1751438282,5.3744616508
2018.11.27,5.2937864395,5.4717487849,5.2071781524,5.4302244186
2018.11.28,5.5524247277,5.9510604281,5.4575115735,5.9451284409
2018.11.29,5.8751299453,6.0115674641,5.7517426177,5.8905534744
2018.11.30,5.9130947235,6.0317362706,5.8288593337,6.0139398575
2018.12.03,6.4161351308,6.4422359636,6.1990208808,6.3224081993
2018.12.04,6.2346143108,6.2868168904,5.5844585722,5.6271696091
2018.12.06,5.2688706350,5.7208950534,5.2000587789,5.7090306282
2018.12.07,5.6473384107,5.7446244595,5.1015873833,5.1502304077
2018.12.10,5.1205695860,5.3815811021,4.9615898814,5.3115825653
2018.12.11,5.5678481187,5.5761529912,5.2309060901,5.3685302734
2018.12.12,5.6022535350,5.7576736592,5.5014079568,5.5037808418
2018.12.13,5.6117452911,5.6817438245,5.4005634744,5.5049681664
2018.12.14,5.3258195614,5.3780221375,5.0671809241,5.0897231102
2018.12.17,5.0387047357,5.1597191221,4.6376963322,4.7610836029
2018.12.18,4.8737946803,4.9841308961,4.7183741000,4.8405747414
2018.12.19,4.8298973700,5.0529436097,4.3755004709,4.4905824661
2018.12.20,4.4455006734,4.6009208719,4.1204225066,4.3102493286
2018.12.21,4.3482133900,4.4383807771,3.8214445697,3.8938159943
2018.12.24,3.7965293911,3.9495770908,3.5972115619,3.6055164337
2018.12.26,3.7184969317,4.2697373123,3.6400877474,4.2602334023
2018.12.27,4.1105434084,4.3243870791,3.8159149049,4.3208227158
2018.12.28,4.3956686126,4.5275387435,4.2020214630,4.3030033112
2018.12.31,4.4384372218,4.4764537778,4.2828066340,4.4004206657
2019.01.02,4.1319278618,4.5417943016,4.1259878605,4.4633851051
2019.01.03,4.2744899232,4.3255747480,3.9953057952,4.0309462547
2019.01.04,4.2234048673,4.6047586239,4.1782600460,4.5465459824
2019.01.07,4.5703065307,4.7698936407,4.5299138905,4.6914844513
2019.01.08,4.8340464219,4.8839434275,4.6213914853,4.8269186020
2019.01.09,4.8851319755,5.0098738281,4.8233549587,4.9409689903
2019.01.10,4.8281073281,4.9932418345,4.7473220302,4.9884901047
2019.01.11,4.8993871843,4.9457198209,4.8483023662,4.9290876389
2019.01.14,4.8031582948,4.8637470321,4.7354412841,4.8007822037
2019.01.15,4.8637468676,5.0989744420,4.8542429566,5.0668983459
2019.01.16,5.1049153175,5.2106488848,5.0704626744,5.0740265846
2019.01.17,5.0253171452,5.2593568872,4.9968049607,5.1928277016
2019.01.18,5.3128174319,5.4185509771,5.2094595242,5.3353896141
2019.01.22,5.2284691078,5.2367856541,4.9088923013,5.0407624245
2019.01.23,5.1025389335,5.1678798525,4.8732513544,5.0455141068
2019.01.24,5.0870935615,5.1583744675,5.0300687460,5.1346144676
2019.01.25,5.2581683459,5.3662779838,5.2058957083,5.3175692558
2019.01.28,5.1096662909,5.1215467453,4.9908644660,5.1215467453
2019.01.29,5.1310520300,5.1334281215,4.9219609615,4.9766097069
2019.01.30,5.1441185279,5.4078587037,5.0954098016,5.3496456146
2019.01.31,5.4435005951,5.6692242858,5.4268684091,5.5848746300
2019.02.01,5.5052766285,5.6335823647,5.4720122623,5.5135927200
2019.02.04,5.5207207544,5.7214956683,5.5052763908,5.7155556679
2019.02.05,5.7464449374,5.8925711479,5.7381288448,5.8664350510
2019.02.06,5.8783143798,5.9080148367,5.7405042778,5.8201017380
2019.02.07,5.6632828993,5.7060516298,5.4518157914,5.5824980736
2019.02.08,5.4304326328,5.6133875966,5.4173643564,5.6110115051
2019.02.11,5.6751637265,5.7155563686,5.5551736191,5.5979423523
2019.02.12,5.7179324311,5.8676225434,5.6894197914,5.8402981758
2019.02.13,5.9234594685,5.9733560209,5.8355459127,5.8521780968
2019.02.14,5.7856506443,5.9341529686,5.7286258062,5.8735637665
2019.02.15,6.0006807971,6.0018690693,5.8640589517,5.9436559677
2019.02.19,5.8878182761,6.0339444582,5.8878182761,5.9792957306
2019.02.20,5.9935532794,6.0624581151,5.8795036149,5.9745450020
2019.02.21,5.9246484099,5.9745454249,5.8129748288,5.9068284035
2019.02.22,5.9472197844,6.0493889777,5.9365276015,6.0351328850
2019.02.25,6.1788835607,6.2228405682,6.0897821798,6.1016626358
2019.02.26,6.0541411308,6.1776951425,6.0256289455,6.1206703186
2019.02.27,6.0386978050,6.1277991859,5.9151437814,6.1016626358
2019.02.28,6.0482005228,6.1277979764,6.0113717962,6.0636448860
2019.03.01,6.1919522877,6.2121488378,6.0612704341,6.1848244667
2019.03.04,6.2929321736,6.3357008987,5.9816710975,6.1860103607
2019.03.05,6.1990795021,6.2584804169,6.1087898579,6.2014555931
2019.03.06,6.2169010888,6.2228410907,6.0660226835,6.0945348740
2019.03.07,6.0446377708,6.0517655912,5.8010940884,5.8723750114
2019.03.08,5.6716002683,5.8474269442,5.6502159000,5.8391108513
2019.03.11,5.9080144641,6.2145233778,5.9080144641,6.2038311958
2019.03.12,6.2525397947,6.3523333397,6.2073949770,6.3048124313
2019.03.13,6.3998539511,6.5447923173,6.3749056775,6.4414348602
2019.03.14,6.4533159802,6.4770764391,6.4034194244,6.4129233360
2019.03.15,6.4877681365,6.6457743378,6.4699476803,6.5721173286
2019.03.18,6.5780574478,6.6932953723,6.5388530781,6.6315183640
2019.03.19,6.7170563918,6.8049695028,6.6160745521,6.6980481148
2019.03.20,6.6968587184,6.8988935940,6.6065374846,6.7752957344
2019.03.21,6.7123084149,7.1187550912,6.7087432403,7.0890440941
2019.03.22,6.9963452845,7.0533903430,6.6005950493,6.6255521774
2019.03.25,6.5435506947,6.6516987147,6.4389678495,6.5839576721
2019.03.26,6.7372649457,6.8549206833,6.5732605825,6.6742777824
2019.03.27,6.7016132564,6.7479623450,6.3997493800,6.5435509682
2019.03.28,6.5922757987,6.6588281382,6.4686779492,6.5851449966
2019.03.29,6.7301351009,6.7527152952,6.6172332227,6.7337002754
2019.04.01,6.9286050525,7.0236801611,6.8572988345,6.9987230301
2019.04.02,7.0224912415,7.0973630806,6.9678231160,7.0759711266
2019.04.03,7.1948152956,7.3314856127,7.1318276724,7.1983804703
2019.04.04,7.1995692071,7.2827596383,7.0628984358,7.1876845360
2019.04.05,7.2566138779,7.3089050680,7.2233372538,7.2958321571
2019.04.08,7.2589912083,7.3671392223,7.1734233894,7.3528776169
2019.04.09,7.2780058172,7.3481237863,7.2257141738,7.2720632553
2019.04.10,7.3041521379,7.3944738319,7.2768180723,7.3897199631
2019.04.11,7.4170531860,7.4194301201,7.2922670907,7.3338623047
2019.04.12,7.4277485429,7.4396327592,7.3362386265,7.4241833687
2019.04.15,7.4241840815,7.4538950785,7.2803825113,7.4301261902
2019.04.16,7.5049981080,7.5525354318,7.4384453108,7.5026211739
2019.04.17,7.6487984183,7.6725668510,7.5121276637,7.5774917603
2019.04.18,7.6155241767,7.6190893518,7.4717225838,7.6012625694
2019.04.22,7.5049989529,7.6761337002,7.4871721711,7.6654381752
2019.04.23,7.7260482280,7.9863159558,7.6927720551,7.9566049576
2019.04.24,7.9744315086,8.0077076806,7.8757907798,7.8793568611
2019.04.25,8.0540550474,8.0635627821,7.8472668038,7.9672994614
2019.04.26,7.9399679843,7.9982022018,7.7367448369,7.9958248138
2019.04.29,7.9934500515,8.0778292076,7.9554199965,8.0386104584
2019.04.30,7.8437036799,7.8924301531,7.6856409488,7.8543992043
2019.05.01,8.0005779195,8.0706963499,7.7557595735,7.7640786171
2019.05.02,7.7664540856,7.8829215876,7.5168819034,7.6690020561
2019.05.03,7.8603408139,8.0516796954,7.8187456020,8.0302877426
2019.05.06,7.5240111197,7.9173847827,7.4824154626,7.8864850998
2019.05.07,7.6309732448,7.7272365961,7.2067001948,7.4277501106
2019.05.08,7.3528770599,7.5335199675,7.2720631157,7.3623847961
2019.05.09,7.1258855892,7.3196014214,6.9250394077,7.2459182739
2019.05.10,7.1591625396,7.3718929485,6.8026305506,7.2661218643
2019.05.13,6.7123080379,6.8252099112,6.4496629469,6.5150270462
2019.05.14,6.6101027967,6.8430373687,6.5399848223,6.7194395065
2019.05.15,6.5910880772,7.0581450296,6.5827690335,6.9987230301
2019.05.16,7.0117957249,7.3469357555,6.9892155290,7.2173957825
2019.05.17,6.9987218400,7.2898896788,6.9725760196,6.9927797318
2019.05.20,6.7004237293,6.7776720444,6.5661299048,6.6421899796
2019.05.21,6.8061952676,6.8977051930,6.7420194051,6.8418483734
2019.05.22,6.7241928086,6.8668052262,6.7218158745,6.7527151108
2019.05.23,6.5197809742,6.5221579083,6.3118040042,6.4342131615
2019.05.24,6.5447386931,6.6077258647,6.4033145039,6.4247064590
2019.05.28,6.4817520708,6.5851462271,6.3498351541,6.3557772636
2019.05.29,6.2381217223,6.2987319625,6.0919432043,6.1965260506
2019.05.30,6.2428747718,6.3201235481,6.1608725803,6.2702088356
2019.05.31,6.0455939677,6.1097698345,5.9588379048,5.9683456421
2019.06.03,5.9208081759,5.9659690238,5.4822739693,5.5868563652
2019.06.04,5.7520491624,6.0467821963,5.6938154092,6.0396513939
2019.06.05,6.2143518603,6.2179170347,5.9861711816,6.1727561951
2019.06.06,6.2036559493,6.3640951437,6.1216533116,6.3153691292
2019.06.07,6.4175757615,6.7646000110,6.3961838060,6.6754670143
2019.06.10,6.8168915169,7.1092476312,6.8168915169,6.9190974236
2019.06.11,7.1377699894,7.1746113351,6.8751244348,6.9452424049
2019.06.12,6.8846336294,6.9286057867,6.7859928821,6.8275885582
2019.06.13,6.9084022485,6.9915931440,6.8668065740,6.9393014908
2019.06.14,6.8299639768,6.9048353611,6.7729189183,6.8489789963
2019.06.17,6.8917631833,7.0319986745,6.8739364034,6.9737653732
2019.06.18,7.2197726977,7.4265614485,7.1674815031,7.2756295204
2019.06.19,7.3124700269,7.4111107490,7.1781766544,7.3611960411
2019.06.20,7.6642491618,7.6690030305,7.3956619263,7.5632319450
2019.06.21,7.5240127405,7.6701907854,7.4812288340,7.5287661552
2019.06.24,7.5691740107,7.5929429007,7.5121289465,7.5263905525
2019.06.25,7.5085624375,7.5204466538,7.1044927379,7.1413345337
2019.06.26,7.2756291537,7.4134881629,7.2019455541,7.2316565514
2019.06.27,7.3100934029,7.3671389153,7.2554252779,7.3100934029
2019.06.28,7.3659505338,7.3909076632,7.2625563882,7.3409934044
2019.07.01,7.7605124440,7.7902234398,7.5335200015,7.6333494186
2019.07.02,7.6250289008,7.7260460854,7.5632295339,7.7260460854
2019.07.03,7.7747733048,7.8971824646,7.7557587386,7.8971824646
2019.07.05,7.7355562897,7.8900538676,7.6428581056,7.8460812569
2019.07.08,7.6999022191,7.7010909128,7.5846234037,7.6808867455
2019.07.09,7.5667969950,7.8223117673,7.5501589081,7.7961659431
2019.07.10,7.9387795557,8.0920875176,7.8912417744,8.0267238617
2019.07.11,8.0659426876,8.1170456444,7.9280832110,8.0053319931
2019.07.12,8.0279118620,8.1420019832,8.0077076946,8.1396245956
2019.07.15,8.1954823087,8.2228168283,8.1301186513,8.2085552216
2019.07.16,8.1824094420,8.2097439617,8.0148398689,8.0920877457
2019.07.17,8.0956518466,8.1324931885,7.9673001369,7.9720540047
2019.07.18,7.8543991960,8.0409851387,7.7759626308,8.0065202713
2019.07.19,8.1645808546,8.1645808546,7.7925995331,7.8128027916
2019.07.22,7.8722255871,8.0493037837,7.8698491062,7.9970121384
2019.07.23,8.1301172849,8.1550744124,7.9673007023,8.1515083313
2019.07.24,8.0623738845,8.3250198364,8.0576209240,8.3250198364
2019.07.25,8.2406425963,8.2418312902,8.0386081572,8.0873346329
2019.07.26,8.2358897705,8.3654292985,8.2263820326,8.3273992538
2019.07.29,8.3143255915,8.3143255915,8.0897105186,8.2501497269
2019.07.30,8.0599993402,8.2335114563,8.0409847733,8.1396245956
2019.07.31,8.2038008850,8.2180624909,7.5703626231,7.7961659431
2019.08.01,7.8389482754,8.2715402604,7.5632302969,7.6868281364
2019.08.02,7.5109401070,7.5382741697,7.2019454672,7.3350510597
2019.08.05,6.8858197774,6.8858197774,6.3795446413,6.5649414062
2019.08.06,6.7408308715,6.8905740909,6.5958410670,6.8347172737
2019.08.07,6.6089151085,6.9678240536,6.4532293007,6.9345474243
2019.08.08,7.0403184419,7.3956617320,6.9749538821,7.3932847977
2019.08.09,7.2803816796,7.3588186846,7.0082293225,7.1746106148
2019.08.12,7.0450723839,7.1104369485,6.8359071371,6.9345474243
2019.08.13,6.9214747658,7.5335210944,6.8929520063,7.3897199631
2019.08.14,7.0296227520,7.0997407298,6.6861632126,6.7277588844
2019.08.15,6.7622230609,6.8121373179,6.5447383464,6.6992354393
2019.08.16,6.8668051044,7.0700286573,6.8668051044,7.0082297325
2019.08.19,7.3053396256,7.3968495450,7.2459176354,7.3362388611
2019.08.20,7.2982088992,7.3742689750,7.1793649175,7.1853070259
2019.08.21,7.3718923153,7.4384451108,7.2934553026,7.3683271408
2019.08.22,7.4111110298,7.4622139800,7.1223201079,7.2970209122
2019.08.23,7.1460891074,7.3445583492,6.5459270602,6.6291174889
2019.08.26,6.8323419209,6.9000829663,6.7099322898,6.8977060318
2019.08.27,7.0415073862,7.0783491914,6.7741083715,6.8561105728
2019.08.28,6.7871807497,6.9606928767,6.6849748396,6.9250397682
2019.08.29,7.1805534591,7.3005861395,7.0997399652,7.2399754524
2019.08.30,7.3588197829,7.3600084767,7.0664636707,7.1888732910
2019.09.03,7.0462600364,7.1520311114,6.9060240967,6.9797072411
2019.09.04,7.1758004489,7.2934557485,7.1211318673,7.2732524872
2019.09.05,7.5133179168,7.7379330070,7.5014332446,7.6749458313
2019.09.06,7.7070329211,7.7201058332,7.6012618377,7.6535534859
2019.09.09,7.7212949483,7.7331791672,7.4836069445,7.6048278809
2019.09.10,7.4800406696,7.5442165338,7.3302974396,7.5418395996
2019.09.11,7.5763041087,7.7593239560,7.5263898522,7.7450623512
2019.09.12,7.8888640630,8.0195931829,7.8068623230,7.8413271904
2019.09.13,7.8080495756,7.8603412200,7.7248591475,7.7581353188
2019.09.16,7.6048278182,7.6987142343,7.5822471678,7.6511764526
2019.09.17,7.6487979178,7.7593228452,7.6036370826,7.7521924973
2019.09.18,7.7082216021,7.7569471687,7.4574606997,7.7474403381
2019.09.19,7.7878468300,7.9257062991,7.7367438760,7.7819051743
2019.09.20,7.8151819266,7.8377616707,7.4562729815,7.5370864868
2019.09.23,7.5204477435,7.6107694322,7.4515184632,7.5442166328
2019.09.24,7.6476106370,7.6939597209,7.1472775438,7.2459182739
2019.09.25,7.2209609812,7.5394629260,7.0391298128,7.4776639938
2019.09.26,7.4550826872,7.4705325313,7.2328445752,7.4027915001
2019.09.27,7.4336917859,7.4455764574,6.9713887185,7.1342048645
2019.09.30,7.2019459781,7.3588200166,7.1639159356,7.3243556023
2019.10.01,7.4063572849,7.5287664473,7.1092473154,7.1472773552
2019.10.02,7.0034762084,7.0034762084,6.6576402235,6.7812380791
2019.10.03,6.7764846453,7.0082305260,6.5257237434,7.0046648979
2019.10.04,7.0961748230,7.3302976379,7.0819136706,7.2993979454
2019.10.07,7.2328452451,7.4075460541,7.1948152049,7.2316565514
2019.10.08,7.0878564578,7.1876854412,6.8929523602,6.9024600983
2019.10.09,7.0831014844,7.2031341658,7.0189260756,7.1116242409
2019.10.10,7.1128121267,7.3528770243,7.0926088674,7.2673096657
2019.10.11,7.5133181472,7.7248603312,7.5038104092,7.5394635201
2019.10.14,7.5168817552,7.6190876508,7.4943015621,7.5477809906
2019.10.15,7.6155240342,7.8852995258,7.6024511212,7.8341965675
2019.10.16,7.7510047482,7.8330073869,7.6999017990,7.7759618759
2019.10.17,7.9102554949,7.9459090538,7.7414972508,7.8294415474
2019.10.18,7.7985437309,7.8472693002,7.4859838790,7.6048278809
2019.10.21,7.7284252936,7.8223121638,7.6571190738,7.8056740761
2019.10.22,7.8864884016,7.9304610108,7.6155242099,7.6250319481
2019.10.23,7.5715506377,7.6666261942,7.5347092903,7.6606836319
2019.10.24,7.8282543973,7.8959954392,7.7212946188,7.8805451393
2019.10.25,7.7593252307,8.0802036829,7.7545713616,8.0600004196
2019.10.28,8.1835972663,8.3392826039,8.1835972663,8.3060064316
2019.10.29,8.2656012464,8.3012539053,8.1087271897,8.1146688461
2019.10.30,8.1574497527,8.2691633709,8.0184025301,8.2287559509
2019.10.31,8.2917448106,8.3095715905,8.0944642580,8.2347002029
2019.11.01,8.3440368938,8.4605044095,8.3060068512,8.4581270218
2019.11.04,8.6292625954,8.6720465064,8.5710292915,8.6090593338
2019.11.05,8.6482751825,8.6732332137,8.5436928167,8.6197528839
2019.11.06,8.5983625370,8.6019277117,8.4438658933,8.5650863647
2019.11.07,8.7005686367,8.8182239362,8.5769707749,8.6518430710
2019.11.08,8.6007394984,8.7576135219,8.5365636379,8.7540483475
2019.11.11,8.6245078393,8.7302789120,8.5864778009,8.7172060013
2019.11.12,8.7374092807,8.8800226051,8.6993792422,8.7885122299
2019.11.13,8.7029452670,8.8217892499,8.6827411008,8.7754392624
2019.11.14,8.6981922694,8.7908904402,8.6173783166,8.7730636597
2019.11.15,8.9263691890,8.9537027899,8.8491204399,8.9382534027
2019.11.18,8.9263715384,9.0297661289,8.8158465991,8.9846048355
2019.11.19,9.0879985613,9.0879985613,8.9239933019,9.0214462280
2019.11.20,8.9548937125,9.0357076552,8.6542185881,8.8633842468
2019.11.21,8.8324836544,8.8479330438,8.7172048605,8.7944536209
2019.11.22,8.8610097800,8.8788365643,8.6720482248,8.8182258606
2019.11.25,8.9275596724,9.1295940659,8.9251822851,9.1236515045
2019.11.26,9.1402898980,9.2115960966,9.1034476518,9.1783199310
2019.11.27,9.2436872326,9.3672851155,9.2127875352,9.3637199402
2019.11.29,9.2947884770,9.3375723866,9.2222935696,9.2389316559
2019.12.02,9.2389330289,9.2448755921,8.7980218632,8.9418230057
2019.12.03,8.5924213375,8.7504831643,8.4509966911,8.7409763336
2019.12.04,8.8764574316,8.9335020360,8.8348613119,8.8705148697
2019.12.05,8.9632144372,8.9644031311,8.7908909965,8.9168653488
2019.12.06,9.1129578229,9.2246714714,9.0963197357,9.1925830841
2019.12.09,9.1616831364,9.2852810000,9.0701736593,9.0796813965
2019.12.10,9.0856217660,9.1842624854,8.9941123018,9.0594768524
2019.12.11,9.1129584307,9.2258598739,9.0749283850,9.1961488724
2019.12.12,9.1664364081,9.5075189778,9.1295950622,9.4065017700
2019.12.13,9.3839211955,9.5930868685,9.3244992014,9.4908809662
2019.12.16,9.6762783013,9.8129490831,9.6691479514,9.7630348206
2019.12.17,9.8129481810,9.8390940038,9.7452071432,9.7761068344
2019.12.18,9.8224563241,9.8973277142,9.7856140693,9.7986869812
2019.12.19,9.8236445200,10.0042869835,9.8236445200,9.9983444214
2019.12.20,10.1290745327,10.1635384949,10.0542022323,10.1171894073
2019.12.23,10.2229602106,10.2419756853,10.1694807747,10.1920614243
2019.12.24,10.2183341006,10.2326008627,10.1351135893,10.2052564621
2019.12.26,10.2516244127,10.4751316026,10.2516244127,10.4703760147
2019.12.27,10.5821294776,10.5880732819,10.3609996404,10.4394645691
2019.12.30,10.4299538551,10.4454088341,10.0816150108,10.2314119339
2019.12.31,10.1410584240,10.3146332832,10.0887478695,10.2896671295
2020.01.02,10.5464632289,10.7996921539,10.4882088663,10.7996921539
2020.01.03,10.3776443277,10.6998279264,10.3716996160,10.5060424805
2020.01.06,10.2563797887,10.7093398180,10.2183359898,10.7057733536
2020.01.07,10.7164707400,10.7925583236,10.5999620246,10.6926937103
2020.01.08,10.6950726034,11.0897773404,10.6439511658,10.9387912750
2020.01.09,11.2027215821,11.2776200600,11.0232019714,11.2146100998
2020.01.10,11.3406264302,11.3501376042,11.0719416611,11.1230630875
2020.01.13,11.2621621721,11.5177684117,11.2122289593,11.5118246078
2020.01.14,11.4821035260,11.5498690611,11.3204171778,11.3774824142
2020.01.15,11.3869951461,11.5474923925,11.2728637506,11.3846178055
2020.01.16,11.5451127821,11.7091764607,11.4761581275,11.7020435333
2020.01.17,11.8542193526,11.9053407846,11.6818336135,11.8768081665
2020.01.21,11.7733756884,11.9493287910,11.7650536373,11.8708629608
2020.01.22,12.0349263884,12.1609462656,11.9100947277,11.9517049789
2020.01.23,11.9279291769,12.0777260968,11.7662428352,12.0622711182
2020.01.24,12.2334683952,12.2703230626,11.5926677518,11.7495985031
2020.01.27,10.9673211162,11.2169835293,10.7212251665,11.0231981277
2020.01.28,11.2526528374,11.6116911179,11.1729987785,11.5356035233
2020.01.29,11.7258210400,11.7650539562,11.4345483384,11.5772123337
2020.01.30,11.3655936985,11.7222545943,11.2526514443,11.7079887390
2020.01.31,11.8506534087,11.8589754605,11.0267666562,11.1325759888
2020.02.03,11.3073398990,11.7293890094,11.2859402079,11.6437902451
2020.02.04,12.1264707804,12.5128534278,12.0099611522,12.4391431808
2020.02.05,12.9063680912,12.9087463383,12.3511662055,12.5829954147
2020.02.06,12.6626510964,12.9039914940,12.5318756142,12.8897247314
2020.02.07,12.7185281335,12.9360905939,12.6162852693,12.7232828140
2020.02.10,12.5996407338,13.1857534975,12.5901295591,13.1821861267
2020.02.11,13.3985611480,13.5376595922,13.0870778673,13.1916980743
2020.02.12,13.4211503623,13.5947252347,13.3272295444,13.5780811310
2020.02.13,13.2903744946,13.6838900753,13.2416304014,13.5257701874
2020.02.14,13.5792695916,13.6708121576,13.4437385211,13.6173133850
2020.02.18,13.4247152100,13.7231217315,13.3854822958,13.6410894394
2020.02.19,13.8871865012,14.1237722216,13.8384433157,14.0357952118
2020.02.20,13.9454402762,14.0262834425,13.1239309764,13.6363334656
2020.02.21,13.4413623922,13.5031841330,12.6888084576,12.8564386368
2020.02.24,11.4464388214,11.8387662365,11.1313881284,11.3751068115
2020.02.25,11.6426003213,11.7591099441,10.3360328521,10.4549198151
2020.02.26,10.6142289364,11.1432765171,10.3610000073,10.5987739563
2020.02.27,9.7843973931,10.2730228824,8.9854768586,9.0140094757
2020.02.28,8.1330590647,9.2054192684,8.0248714732,9.1542978287
2020.03.02,9.4241680379,10.4311406400,9.0318416508,10.4037971497
2020.03.03,10.5060406101,10.8781564552,9.1400288349,9.4241685867
2020.03.04,9.9318174134,10.5987733763,9.6655108591,10.5678625107
2020.03.05,9.7772631670,10.3146327249,9.4027690681,9.6405429840
2020.03.06,8.6466484402,9.2826934537,8.4409736137,9.1352729797
2020.03.09,7.3151145065,8.2210334686,7.2521045628,7.2794485092
2020.03.10,8.0819356614,8.4326518185,7.2521043101,8.4124412537
2020.03.11,7.8203838795,7.9927705113,7.0143304569,7.3305697441
2020.03.12,5.8849050566,6.8360008233,5.2785816867,5.3213806152
2020.03.13,6.2106551335,6.8134119984,5.3570467047,6.7575349808
2020.03.16,4.8101663103,5.7779060956,4.3976288660,4.4285392761
2020.03.17,4.6817687299,5.3665574372,4.2502089272,5.1501832008
2020.03.18,4.3155966445,4.9338089397,3.8911702250,4.6734466553
2020.03.19,4.6187588467,5.2405381317,4.2799311458,4.7816343307
2020.03.20,5.1109519131,5.2072500850,4.1729331786,4.2216768265
2020.03.23,4.2716096935,4.5177057326,3.8364833174,4.2347545624
2020.03.24,4.9017102486,5.2001168296,4.7709347489,5.1787171364
2020.03.25,5.2548031712,5.6875515876,4.8838760219,5.0586395264
2020.03.26,5.2108166505,5.9443491134,5.1917942980,5.8825278282
2020.03.27,5.4248124317,5.7458073333,5.2060603942,5.2714481354
2020.03.30,5.4188672907,5.8706376010,5.3499126434,5.8254604340
2020.03.31,5.7790954689,6.1262451907,5.5710432792,5.6637749672
2020.04.01,5.1834730242,5.4355137910,4.8291898182,4.9611544609
2020.04.02,4.8981427820,5.2714477592,4.8470213535,5.2548036575
2020.04.03,5.2143812883,5.3475345348,4.8577204664,5.0431838036
2020.04.06,5.6007659228,6.2047115693,5.5116006842,6.0989022255
2020.04.07,6.6457805591,6.6921463962,6.0632343339,6.0870118141
2020.04.08,6.2641537604,6.5387828014,6.0965231649,6.4757728577
2020.04.09,6.6493476888,6.7432684958,6.3331083943,6.4995498657
2020.04.13,6.4198953524,6.7622898982,6.3093304517,6.7254347801
2020.04.14,7.1391620994,7.6563206650,7.0606967213,7.5980658531
2020.04.15,7.2414057538,7.5362454025,7.0927970325,7.3460264206
2020.04.16,7.5861786195,7.8548630040,7.3650487564,7.7395424843
2020.04.17,8.0450817737,8.0962032117,7.6123332361,7.9333286285
2020.04.20,7.7502415599,8.0260592832,7.6634536761,7.6765313148
2020.04.21,7.4494569549,7.5053339717,6.6945249343,6.8276782036
2020.04.22,7.2556717486,7.5683446116,7.1700734372,7.4316244125
2020.04.23,7.5172235769,7.7977964645,7.3377044394,7.3828811646
2020.04.24,7.4351920952,7.7752089423,7.2770721887,7.7395424843
2020.04.27,7.9868273189,8.0355705088,7.8037412616,7.8905291557
2020.04.28,8.1104690517,8.1116581753,7.4435130928,7.4637236595
2020.04.29,7.9713721245,8.3660768496,7.8572398291,8.2400560379
2020.04.30,8.3708320335,8.3779649615,8.0783692877,8.2947435379
2020.05.01,7.7656964514,8.0022812558,7.4304352493,7.5505108833
2020.05.04,7.4351907209,7.8382174499,7.3793137035,7.8168177605
2020.05.05,8.0522138289,8.3482420917,7.9903921046,8.0664796829
2020.05.06,8.2674002833,8.4564301366,8.1306800818,8.2257900238
2020.05.07,8.5396524257,8.6490282352,8.3898545693,8.5467853546
2020.05.08,8.7441362107,8.9105772279,8.6216818808,8.8915557861
2020.05.11,8.7346255677,9.2612948652,8.7084702900,9.1126861572
2020.05.12,9.2101739013,9.2886388315,8.5634284809,8.5705614090
2020.05.13,8.6300046941,8.8511345302,7.9368943501,8.2460002899
2020.05.14,8.0890694958,8.5230071149,7.8596176089,8.5194406509
2020.05.15,8.1687246665,8.6906384604,8.1187923502,8.6656723022
2020.05.18,9.0354118775,9.2969629111,8.9426801639,9.1673765182
2020.05.19,9.1994718533,9.4598345638,9.0829631504,9.0972290039
2020.05.20,9.4170368783,9.6904772748,9.4170368783,9.6298446655
2020.05.21,9.6583744970,9.7392176504,9.2648590262,9.3338136673
2020.05.22,9.2838824406,9.4503243691,9.1602407982,9.4182252884
2020.05.26,9.8735622633,9.9056613430,9.3183594779,9.3789920807
2020.05.27,9.2862614144,9.5157133056,8.7239256402,9.5109577179
2020.05.28,9.3445147382,9.8925836884,9.3385709345,9.4503240585
2020.05.29,9.5157111008,9.9056601317,9.3112254121,9.8402719498
2020.06.01,9.7558644125,10.0150380419,9.7047429794,9.9615392685
2020.06.02,10.0150377131,10.1707802546,9.7059317844,10.1600799561
2020.06.03,10.2421118748,10.4014199672,10.1303578412,10.2979888916
2020.06.04,10.2516215096,10.4477842402,9.9104156561,10.0887460709
2020.06.05,10.2123916223,10.7628380056,10.1648366496,10.6867504120
2020.06.08,10.6510820361,10.9471112120,10.4501636957,10.9245223999
2020.06.09,10.8056359039,11.2918840502,10.7878026782,11.1682415009
2020.06.10,11.4083944998,11.7959663088,11.3394398336,11.5712699890
2020.06.11,11.0065559569,11.2003413925,9.8462188698,9.8676185608
2020.06.12,10.4965307205,10.6582170728,9.5620790611,10.0816154480
2020.06.15,9.6393564911,10.5428973516,9.5180912644,10.4370880127
2020.06.16,11.1028541849,11.1896420731,10.4989081526,10.9887228012
2020.06.17,11.1955868275,11.3489511425,10.9851572694,11.0957221985
2020.06.18,11.0493555776,11.2181748619,10.9423571204,11.1813201904
2020.06.19,11.5284686270,11.5593794905,10.9328447049,11.1658630371
2020.06.22,11.1646751734,11.5974236478,11.1171202066,11.5629463196
2020.06.23,11.8137991800,12.2001818536,11.7293895355,11.8649206161
2020.06.24,11.7579204955,11.9445729859,10.9197670668,11.1658630371
2020.06.25,11.1646775180,11.4987496652,10.7878050753,11.4618949890
2020.06.26,11.4155272000,11.4488163157,10.5690524992,10.6380071640
2020.06.29,10.6059066790,10.9887228745,10.2575678142,10.9780225754
2020.06.30,10.9756452320,11.7079894157,10.9530564170,11.6093130112
2020.07.01,11.6342789788,12.1823479841,11.5605687307,12.0242280960
2020.07.02,12.3987217125,12.5865633353,12.2144465536,12.2798347473
2020.07.06,12.7565714887,13.2654075450,12.7553823651,13.1821861267
2020.07.07,13.1429553143,13.5721373622,12.8683257880,12.9230136871
2020.07.08,13.1286882592,13.4270948107,12.8980472449,13.4199609756
2020.07.09,13.7207458968,13.8705428287,13.0609228383,13.7552223206
2020.07.10,13.7219336162,14.0821609838,13.3022627647,14.0464954376
2020.07.13,14.5101559861,14.9738144734,13.0407128697,13.1786212921
2020.07.14,12.7910489618,13.5198266852,12.2917240391,13.4580049515
2020.07.15,13.6553583572,13.8170447197,13.0050464428,13.5245828629
2020.07.16,13.0823209557,13.3581386617,12.7197153713,13.2344961166
2020.07.17,13.3343637111,13.4389839238,12.9586804302,13.2963190079
2020.07.20,13.4104503638,14.5315545092,13.2071528502,14.4281225204
2020.07.21,14.6932422597,14.7027534364,13.8384454416,13.9668436050
2020.07.22,14.0488735859,14.2818919475,13.7492788087,14.1285276413
2020.07.23,14.0655158152,14.1760807232,12.7886701307,13.0216884613
2020.07.24,12.4248760004,12.8588135703,12.0087716553,12.6364946365
2020.07.27,12.9099341326,13.3807272771,12.7779704458,13.3153390884
2020.07.28,13.2059652165,13.2808636831,12.7648946542,12.8148269653
2020.07.29,13.0407120107,13.3878617449,12.9765129381,13.2511415482
2020.07.30,12.9467903175,13.5495471773,12.7637042875,13.4663257599
2020.07.31,14.1855922541,14.2069919435,13.4199599294,14.1927251816
2020.08.03,14.5339305830,14.8763246947,14.5113417708,14.7217721939
2020.08.04,14.6611396729,14.9345800400,14.5446300546,14.9131803513
2020.08.05,14.9975918751,15.1069676729,14.8501722821,15.0320692062
2020.08.06,14.9928355964,15.6847568063,14.8870262675,15.6074810028
2020.08.07,15.5290153504,15.6716811649,14.7051295239,15.0974559784
2020.08.10,15.1307441311,15.1711661722,14.2866468334,14.8941593170
2020.08.11,14.6896746370,14.9143709517,13.9561422041,14.0488739014
2020.08.12,14.3972110988,15.2603307078,14.3972110988,15.0998334885
2020.08.13,15.2270423897,15.5955908854,15.0427672349,15.2056427002
2020.08.14,15.2959963609,15.3590063032,14.9096137497,15.1616535187
2020.08.17,15.4398514782,15.7358807108,15.4148862283,15.6621713638
2020.08.18,15.8630902793,16.2161847864,15.6086721921,16.1222648621
2020.08.19,16.1198833645,16.3124814839,15.7275560119,15.8072118759
2020.08.20,15.6633537649,16.5478728560,15.5943991245,16.4575176239
2020.08.21,16.4848620179,16.8831321418,16.3814291561,16.8011016846
2020.08.24,17.3824647202,17.5429610416,16.6964863939,17.1125907898
2020.08.25,16.9806294392,17.5298867667,16.8902759775,17.5120544434
2020.08.26,17.7462545203,18.6711947933,17.7236657108,18.6331501007
2020.08.27,18.8530953765,19.0064587652,18.0208866105,18.4643344879
2020.08.28,18.6997282820,18.8709257868,18.4453102718,18.7496623993
2020.08.31,18.8483355082,19.5616571800,18.7627385766,19.1835975647
2020.09.01,19.7257234713,20.2072160047,19.3726290678,20.1798725128
2020.09.02,20.8622842192,20.8848730330,19.5771164111,20.7493419647
2020.09.03,19.8220237931,19.9016778445,16.9794377488,17.5631713867
2020.09.04,17.2837893304,17.8687130406,14.7253410724,16.8391513824
2020.09.08,14.8549259166,15.9272868490,14.3924556952,14.4590330124
2020.09.09,15.3399834038,16.0735156862,14.9405231690,15.7014007568
2020.09.10,16.2304490073,16.4527670518,14.4732988986,14.7931051254
2020.09.11,15.0986444332,15.2401202106,13.8871859793,14.4697322845
2020.09.14,15.0986440731,15.5516031050,14.8703813253,15.2151536942
2020.09.15,15.8512009370,16.0996742847,15.5694393806,15.8619003296
2020.09.16,15.9938630549,16.0877847720,15.0499002744,15.0998334885
2020.09.17,13.9347405209,14.7372275036,13.7968321185,14.4043445587
2020.09.18,14.6064532968,14.6765961742,13.1679211323,13.8479547501
2020.09.21,13.2237952277,14.0227147323,12.8516785111,14.0120153427
2020.09.22,14.4091023578,14.8763282496,13.8455782975,14.7776527405
2020.09.23,14.7241523730,14.7598188300,13.2808645004,13.4092626572
2020.09.24,13.0407108700,14.1130708450,12.9788891432,13.6054239273
2020.09.25,13.6803224563,14.6896724931,13.4401711961,14.5588970184
2020.09.28,15.3708938092,15.4553043465,14.9286350929,15.4220161438
2020.09.29,15.3934839764,15.5551703240,15.1616547536,15.2603311539
2020.09.30,15.2876730608,16.1115605997,15.2472519316,15.5623016357
2020.10.01,16.2363934875,16.4147239329,15.9046978432,16.2910804749
2020.10.02,15.2317983779,15.8868667592,14.7812175491,14.9476594925
2020.10.05,15.2734077955,15.9427419564,15.2472525194,15.8904314041
2020.10.06,15.7394457410,16.0640066581,14.8787043400,15.0368242264
2020.10.07,15.4755196593,15.9439347019,15.3815997330,15.8274259567
2020.10.08,16.2221283390,16.2411506915,15.8761667858,16.0604419708
2020.10.09,16.3517146635,16.8094302687,16.2827618105,16.7749538422
2020.10.12,17.6428283258,18.8709311317,17.4597431621,18.3395061493
2020.10.13,18.6890305181,18.8233733690,18.0886509826,18.3418807983
2020.10.14,18.5059453752,18.6890305028,17.5536596262,17.8889217377
2020.10.15,17.0032150940,17.6416375475,16.8748169477,17.5191841125
2020.10.16,17.8413680995,18.1029190654,17.1791668191,17.2504997253
2020.10.19,17.6000258945,17.7747898820,16.2114269829,16.3933238983
2020.10.20,16.5229130057,17.0483932725,16.2387731783,16.4991359711
2020.10.21,16.5359872077,17.0020238839,16.3731126493,16.4563331604
2020.10.22,16.6085071210,16.7630605241,15.8678419051,16.4646549225
2020.10.23,16.5740365044,16.5764129382,16.0366667759,16.5609588623
2020.10.26,16.1412828297,16.6417959081,15.1568980535,15.8060207367
2020.10.27,15.9629536730,16.3112916179,15.7549014794,16.1793270111
2020.10.28,15.3863497959,15.4838379717,14.2426578472,14.2807016373
2020.10.29,14.4970768232,15.5099942744,14.4138554034,15.0071020126
2020.10.30,14.6884872375,14.8287739149,13.4996173974,13.9632759094
2020.11.02,14.2414713445,14.5149108524,13.5067497769,13.9680309296
2020.11.03,14.2640582395,15.0285014489,14.0999936499,14.6706514359
2020.11.04,16.1198852358,16.9580388103,15.8500130964,16.6536884308
2020.11.05,17.7926218656,18.1362050880,17.5465250015,17.9388523102
2020.11.06,17.8175918884,18.1385881996,17.1268587947,17.9994888306
2020.11.09,18.5083270983,18.8293234463,16.8201320785,16.9009761810
2020.11.10,16.3041578076,16.5550093686,15.4969161382,15.9891080856
2020.11.11,16.4147284201,17.1423162556,16.3445837137,17.0638504028
2020.11.12,17.2207792442,17.4668743419,16.6108884752,16.8141841888
2020.11.13,17.0935665043,17.3670068678,16.7226397796,17.2552528381
2020.11.16,17.2088901069,17.7153479813,17.0888149119,17.6523380280
2020.11.17,17.6903811646,17.7569575762,17.3729531783,17.4894618988
2020.11.18,17.3884110832,17.6844403512,17.0840606689,17.0840606689
2020.11.19,16.9901346442,17.5584141262,16.8771924032,17.5072917938
2020.11.20,17.4823306073,17.6273728667,17.1339908159,17.1518249512
2020.11.23,17.3360984844,17.5643612445,16.7345289046,17.1553897858
2020.11.24,17.3361011115,17.9555012906,17.0091619011,17.8568248749
2020.11.25,18.0375356802,18.3097861104,17.8865486831,18.1932773590
2020.11.27,18.5511224320,18.9113516284,18.4904907289,18.6902217865
2020.11.30,18.7508497421,18.8768696178,17.9019969987,18.7865161896
2020.12.01,19.2347187153,19.8481758086,19.0338012949,19.5248031616
2020.12.02,19.2846571669,19.6686615913,18.9244279609,19.6032733917
2020.12.03,19.6508280928,19.9956014227,19.5390758556,19.6829280853
2020.12.04,19.6876829065,19.9539885576,19.5580947308,19.9242668152
2020.12.07,19.9611198985,20.3320484481,19.9254552617,20.2619037628
2020.12.08,20.1691736420,20.5294010143,19.8077580530,20.4473705292
2020.12.09,20.4295354110,20.4794677181,18.8578496055,19.0777912140
2020.12.10,18.6700113730,19.5295655828,18.4583926843,19.3120021820
2020.12.11,18.9803033140,19.2038113896,18.5344771934,19.1764678955
2020.12.14,19.4059210899,19.9789571999,19.3987881614,19.5854415894
2020.12.15,20.0419624211,20.2119698903,19.6068357449,20.1941375732
2020.12.16,20.3023294047,20.7160555734,20.0895207017,20.5329704285
2020.12.17,20.8824921011,21.0049455148,20.6375852737,20.9538249969
2020.12.18,21.1095693481,21.1511805117,20.2737941240,20.7255649567
2020.12.21,20.1596631441,20.7600408547,19.5783041547,20.6482868195
2020.12.22,20.8408865990,21.0085176653,20.2321840675,20.8111648560
2020.12.23,20.8099783806,20.8955771604,20.4699615093,20.4973068237
2020.12.24,20.5567429855,20.8575268243,20.5341541748,20.7636051178
2020.12.28,21.2997868242,21.4900048596,20.9276700827,21.3865737915
2020.12.29,21.6790415910,21.8038714691,21.2581806647,21.4495887756
2020.12.30,21.6909250615,21.7563132510,21.3128654069,21.4460182190
2020.12.31,21.4317505760,21.6944897146,21.2011096072,21.6136474609
2021.01.04,21.8847121017,21.9215667696,19.8339120148,20.6684989929
2021.01.05,20.4818488564,21.2284589489,20.4818488564,21.1868495941
2021.01.06,20.1988939310,21.2023001712,19.9991647074,20.3106479645
2021.01.07,20.8492068523,21.9524777625,20.8468304191,21.7777137756
2021.01.08,22.2687183695,22.6931457291,21.8038698750,22.6218128204
2021.01.11,21.9714990878,22.2247288966,21.4959512413,21.6219711304
2021.01.12,21.6516949374,21.8763912437,20.9716613069,21.5280532837
2021.01.13,21.5863114931,22.1355688026,21.4591015440,21.9465389252
2021.01.14,22.0535305928,22.2722821590,21.5137846045,21.6124591827
2021.01.15,21.5672832329,21.7717689434,20.8147285799,21.0869789124
2021.01.19,21.5720405717,22.1212996124,21.3521007633,22.0012226105
2021.01.20,22.7918208933,23.7500495424,22.7145432775,23.5348644257
2021.01.21,23.8368375536,24.2862301564,23.5396201278,24.1197891235
2021.01.22,23.8748856553,24.1388130981,23.7488639249,23.9010391235
2021.01.25,24.6714238734,24.9829071461,23.0165175122,24.5644245148
2021.01.26,24.6619128929,24.8663986226,24.2957408143,24.5905799866
2021.01.27,24.0769908539,24.0865020296,22.1129775052,22.6075477600
2021.01.28,22.8001402290,24.0151650620,22.6717420991,22.9404277802
2021.01.29,22.5647464403,22.8072750520,21.1024364001,21.5114078522
2021.02.01,22.2437545390,23.3089808570,21.8133824407,23.0926074982
2021.02.02,23.7512402369,24.4812062067,23.7203302758,24.2101440430
2021.02.03,24.7118439808,24.7831768836,23.9319458008,23.9319458008
2021.02.04,24.2624524015,24.7998219993,23.9557238094,24.7784214020
2021.02.05,25.0138169045,25.2729914335,24.6262460486,25.0375957489
2021.02.08,25.4323005678,25.5725881366,25.0494843768,25.5274105072
2021.02.09,25.3181672181,25.8151138287,25.3181672181,25.5155181885
2021.02.10,25.8650489428,25.9649135624,24.6000916526,25.3348140717
2021.02.11,25.7176304861,25.8555379940,25.1945267243,25.7437839508
2021.02.12,25.5797200085,26.2264653930,25.3086578715,26.1812877655
2021.02.16,26.3833987903,26.5973957205,25.6986104281,25.9625396729
2021.02.17,25.2587267509,25.6653199756,24.7308683075,25.6011199951
2021.02.18,24.7427569547,25.4323017808,24.3195196088,25.2563495636
2021.02.19,25.5939862463,25.6034974214,24.6952010612,24.9234638214
2021.02.22,23.9057915749,24.2053872401,22.9451846625,22.9927387238
2021.02.23,21.8228921579,23.1496711928,20.5484236806,22.7882537842
2021.02.24,22.1700438459,23.4136024731,21.6136536422,23.3375148773
2021.02.25,22.7359426133,23.3184879848,20.5555544141,20.9003276825
2021.02.26,21.4923865141,22.1510213506,20.5080025374,21.2141914368
2021.03.01,22.1985728427,23.1377790810,21.9203777976,23.0640697479
2021.03.02,23.1924669493,23.2281333979,21.8989763235,21.9584197998
2021.03.03,21.7254043077,21.9227552879,20.0324532987,20.0538520813
2021.03.04,19.9658796460,20.6007356818,18.2800613318,19.0623378754
2021.03.05,19.5664170828,20.0847643271,17.8401778285,19.9159450531
2021.03.08,19.8018138344,20.1751188552,18.1350179733,18.2134838104
2021.03.09,19.6092156696,20.7219976989,19.4808175338,20.3582038879
2021.03.10,21.2237042074,21.2807694499,20.0467220153,20.1846313477
2021.03.11,21.1666384510,21.9370274359,20.9573980061,21.5851211548
2021.03.12,20.7267559848,21.0834169304,20.2274310237,21.0477504730
2021.03.15,21.1166981126,21.7586886895,20.7766813850,21.7206439972
2021.03.16,22.1938192879,22.8239206088,21.7800931291,22.0773105621
2021.03.17,21.4281880770,22.7621000225,21.0691489205,22.3555049896
2021.03.18,21.3069266982,21.5185453973,20.1988990699,20.3035202026
2021.03.19,20.2702261159,20.8171068423,19.8303447389,20.5626888275
2021.03.22,20.9930627484,22.0820679000,20.9930627484,21.6588287354
2021.03.23,21.8870917097,22.1676650290,21.2023016075,21.3758773804
2021.03.24,21.6588265134,21.6659612551,20.2702276265,20.2963829041
2021.03.25,19.9302097299,20.4913563214,19.4142407634,20.1870059967
2021.03.26,20.1442074490,21.1547466419,19.8612558945,21.0786590576
2021.03.29,20.9811679915,21.2902747807,20.3819785742,21.0667667389
2021.03.30,20.6744401825,20.8741712048,20.2012706225,20.7671718597
2021.03.31,21.1119455170,22.0178635263,21.0453691130,21.6992473602
2021.04.01,22.5029269679,22.8334326204,22.4506164075,22.8025226593
2021.04.05,23.3517751850,24.3432919416,23.2947099553,24.1720962524
2021.04.06,24.1007663404,24.5572918629,23.9462129189,24.1150321960
2021.04.07,24.0223014185,24.4859617005,23.8011715767,24.2933635712
2021.04.08,24.9472416015,25.0946620989,24.7522670413,25.0518627167
2021.04.09,24.7332428916,25.5511857745,24.5668018696,25.5060081482
2021.04.12,25.2753705174,25.4988767872,24.9615089896,25.4061450958
2021.04.13,25.7699399400,26.3929083395,25.7081200194,26.2763996124
2021.04.14,26.3429765789,26.3762647873,25.1469738806,25.3538360596
2021.04.15,26.0053341571,26.5759901111,25.9744223867,26.4737472534
2021.04.16,26.6092776507,26.6282981838,26.1313516104,26.5854988098
2021.04.19,26.1907999750,26.4808844734,25.3823682125,25.8602943420
2021.04.20,25.6914793738,25.9934515314,24.8212257325,25.2943954468
2021.04.21,24.9662676291,25.9720523518,24.7332483331,25.9340076447
2021.04.22,25.8388907158,26.0671534548,24.7142211221,24.9900379181
2021.04.23,25.1374594269,26.2312191097,25.1374594269,25.9316234589
2021.04.26,25.9910699241,26.5046625275,25.8103630281,26.4452190399
2021.04.27,26.5046595211,26.5522135802,25.8626688398,26.0980663300
2021.04.28,26.0100944829,26.2502467010,25.6724558803,25.8293857574
2021.04.29,26.5973923625,26.6853693711,25.3419462832,26.0885562897
2021.04.30,25.5107683280,26.1075814742,25.3681043151,25.5987453461
2021.05.03,25.8602932937,26.0338672478,25.0685056666,25.1802597046
2021.05.04,24.5977169964,24.6547840565,22.9332991708,23.8534851074
2021.05.05,24.2624534170,24.4550497307,23.3969564076,23.5752868652
2021.05.06,23.5087116301,24.1293017990,23.0141413673,24.0912570953
2021.05.07,24.7213579496,25.2230611308,24.4360281203,24.6809368134
2021.05.10,24.3694541628,24.4098771172,22.7692363287,22.8263015747
2021.05.11,21.5399384329,22.8833614370,21.3996526916,22.7121639252
2021.05.12,21.6421840667,22.1486437398,20.7624211800,20.9835510254
2021.05.13,21.5423166651,22.0345086041,20.9407489412,21.4258079529
2021.05.14,22.0844418916,23.0379158556,21.9750661018,22.8191642761
2021.05.17,22.4720161071,22.6265695345,21.8110048285,22.4339714050
2021.05.18,22.6384557272,22.8928737605,21.9203792545,21.9631786346
2021.05.19,20.8408860589,22.1105980189,20.7647984712,22.0440216064
2021.05.20,22.3673970207,23.5063345412,22.3103317765,23.3184928894
2021.05.21,23.6680186349,23.7607503280,22.8524539333,22.9332962036
2021.05.24,23.4326195741,24.3337810973,23.3541537484,24.0817413330
2021.05.25,24.4312728963,24.5953374992,23.9271914789,24.1982536316
2021.05.26,24.3385380007,24.5477783921,24.1863628407,24.4431591034
2021.05.27,24.3409181360,24.5287597605,24.1197883061,24.1578311920
2021.05.28,24.4384061616,24.7522677014,24.3242756821,24.3932285309
2021.06.01,24.6928223191,24.7998216763,23.8463477071,24.1554527283
2021.06.02,24.2410540234,24.4835844737,23.9034154421,24.2814769745
2021.06.03,23.6561264873,23.9366997818,23.1544233774,23.5182189941
2021.06.04,23.9271934815,24.8212240992,23.9034164477,24.7237377167
2021.06.07,24.5929578393,24.9591299120,24.4455373485,24.9424858093
2021.06.08,25.3419464094,25.5416756439,24.5929581519,24.9710178375
2021.06.09,25.2896343391,25.4703430267,24.9496175601,24.9995498657
2021.06.10,25.0685066825,25.7984726091,24.9662638153,25.7651844025
2021.06.11,25.7794475760,25.9744221148,25.6225177345,25.9696674347
2021.06.14,26.0695330695,26.7186566849,25.7984709393,26.6972560883
2021.06.15,26.6354386667,26.7115262627,26.0267378990,26.2026901245
2021.06.16,26.3025512279,26.5522127511,25.0899028056,25.9221115112
2021.06.17,25.6700747526,27.1252519416,25.6629418246,26.8898544312
2021.06.18,26.4903961170,26.7685911976,26.0790463934,26.2478656769
2021.06.21,26.3049312432,26.8209020896,25.7723181070,26.7281703949
2021.06.22,26.7043865598,27.5936622663,26.6235443032,27.4747753143
2021.06.23,27.4795356684,27.8100413179,27.3273604836,27.5223350525
2021.06.24,27.9955032211,28.4116076166,27.8647286424,28.0287914276
2021.06.25,28.1738343303,28.2356560641,27.7838852043,27.9408168793
2021.06.28,28.2404060237,28.9798830167,28.2332730968,28.9299507141
2021.06.29,28.9038024302,29.2652198707,28.6921837477,29.2557086945
2021.06.30,29.2200357572,29.3175239314,28.9727506723,29.1273040771
2021.07.01,29.0274462789,29.2794861030,28.6874294341,29.1415767670
2021.07.02,29.6361441785,30.2329572848,29.5743224453,30.1307144165
2021.07.06,30.3042863680,30.6157696328,29.6028540067,30.5349273682
2021.07.07,31.1246080751,31.2006974793,30.2210681689,30.7299060822
2021.07.08,29.4102592586,30.4017761543,29.0654859567,30.1972904205
2021.07.09,30.0260955230,30.8630608821,29.8715420855,30.7085056305
2021.07.12,31.1008333372,31.2173402505,30.6871053587,31.0937004089
2021.07.13,31.0009711017,31.8783576239,30.8654381984,31.0770568848
2021.07.14,31.7095328634,31.8807303909,31.0413886709,31.2458744049
2021.07.15,31.2458721784,31.2862933100,30.0688901679,30.5991268158
2021.07.16,30.8297686465,31.0794319987,29.7621623942,29.8477611542
2021.07.19,28.9632398363,29.2461913740,28.4544038063,29.1320590973
2021.07.20,29.3508150196,30.5063964850,28.9014224291,30.0926685333
2021.07.21,30.0332266076,30.8131248621,29.9595172647,30.7798366547
2021.07.22,30.8749505364,31.4337171724,30.8725704748,31.4265842438
2021.07.23,31.7903794994,32.6011896189,31.4551173263,32.4704132080
2021.07.26,32.3420049845,32.7105552334,32.1089839640,32.6059341431
2021.07.27,32.5346132683,32.5346132683,30.3946475043,31.5407161713
2021.07.28,31.8284138396,32.3039616312,31.2125803202,31.8854808807
2021.07.29,31.7380652586,32.3657883302,31.7356888253,32.0424156189
2021.07.30,30.9938370061,31.7071588830,30.9748146540,31.5621166229
2021.08.02,31.9901040360,32.1446592726,31.3909163242,31.5526008606
2021.08.03,31.7285530570,32.1470338578,30.8749455390,32.1018562317
2021.08.04,32.1208722724,32.5179542128,31.8141455665,32.2611579895
2021.08.05,32.4704068390,32.9269323427,32.2896999609,32.8674888611
2021.08.06,32.5250976702,32.7961598335,32.1375285911,32.4394989014
2021.08.09,32.5536241544,32.7604862778,32.2611596575,32.6130676270
2021.08.10,32.7581166032,32.8389588717,31.7951314242,32.1256370544
2021.08.11,32.4561402515,32.5869166338,31.5858868290,31.9520606995
2021.08.12,31.8165239541,32.3848034117,31.4432208297,32.2849388123
2021.08.13,32.3800499597,32.7200685443,32.2492772091,32.6083145142
2021.08.16,32.3229911337,32.6772719949,31.2672742220,32.6653862000
2021.08.17,31.9116355580,32.1826976491,31.1412468438,31.8070144653
2021.08.18,31.6477085357,32.0329011048,30.7940974505,30.8820762634
2021.08.19,30.3732447756,31.7666021235,30.3042901103,31.3219623566
2021.08.20,31.6120424208,32.4014535888,31.5240672301,32.2896995544
2021.08.23,32.5821575711,33.9303351630,32.5750246443,33.7282295227
2021.08.24,33.9089362981,34.2251760230,33.7805399874,34.0611114502
2021.08.25,34.1181854068,34.3345569440,33.9136996646,34.0991630554
2021.08.26,33.9232046234,34.1229338448,33.3929697994,33.5213661194
2021.08.27,33.6901894609,34.6198864183,33.5594130709,34.5009994507
2021.08.30,34.7149982259,35.7897375430,34.7031088022,35.6446952820
2021.08.31,35.7183966292,35.7374189772,35.1168289343,35.5448226929
2021.09.01,35.8634429613,36.3366143969,35.6827360773,35.7397994995
2021.09.02,36.1297485278,36.2224802169,35.3332080262,35.6898689270
2021.09.03,35.3569896361,36.1273786273,35.3474802734,36.0108680725
2021.09.07,36.0346397743,36.3508795362,35.7041341571,36.1582832336
2021.09.08,36.0964603556,36.1059733447,35.1215894027,35.7873535156
2021.09.09,35.8396639340,36.1654166897,35.3308278621,35.4045372009
2021.09.10,35.9038651492,36.1059744506,34.5033767796,34.6079978943
2021.09.13,35.2594936324,35.3760041614,33.9446041215,34.5295295715
2021.09.14,34.9408765082,35.1572516442,33.9588726945,34.2323112488
2021.09.15,34.3559582186,35.0859223346,33.7068327441,34.9908142090
2021.09.16,34.6079920858,35.2214491870,34.0587349539,35.0597610474
2021.09.17,34.9289924996,34.9361254280,33.5166182561,33.8209686279
2021.09.20,32.1993500105,32.6844109324,30.4350676198,31.7404479980
2021.09.21,32.1898342382,32.5155833454,31.5264429740,31.7808628082
2021.09.22,32.0661946663,33.1052656547,31.7689772323,32.7105636597
2021.09.23,33.0291762149,33.8994296359,32.8532222073,33.6188545227
2021.09.24,32.9840022385,33.8233439817,32.8841376161,33.7139663696
2021.09.27,32.8627424605,33.1456904412,32.1945945476,32.9007835388
2021.09.28,31.6572249034,31.8355553735,29.9761630780,30.1568717957
2021.09.29,30.4255530115,30.9795649106,29.7930752772,29.9571380615
2021.09.30,30.3827533253,30.8012341475,29.5029904856,29.6194992065
2021.10.01,29.7811867413,30.4374415262,28.7326027685,30.1592464447
2021.10.04,29.7455187571,29.8382504462,27.6935303614,28.3046092987
2021.10.05,28.5257423120,29.9595190025,28.4662988219,29.3936176300
2021.10.06,28.5946938548,30.0356033166,28.3569199204,29.9737815857
2021.10.07,30.7489289409,31.4670036573,30.6086395531,30.7845935822
2021.10.08,31.0699199750,31.1293634594,30.1901571320,30.3114223480
2021.10.11,29.9262255106,30.8369000534,29.6123640110,29.6385192871
2021.10.12,29.9999373570,30.1069367177,29.1534627173,29.3365478516
2021.10.13,29.9072034450,30.1853984968,29.3888562255,30.0237121582
2021.10.14,30.9367699186,31.7309340701,30.7679488116,31.6810035706
2021.10.15,32.0043774831,32.3015949425,31.7238023147,32.2683067322
2021.10.18,31.9211487222,33.2931052549,31.7618406314,33.2360382080
2021.10.19,33.5356333732,34.0088047984,33.3549264932,33.9660072327
2021.10.20,34.1181774623,34.2917513896,33.4500297705,33.8590011597
2021.10.21,33.6307468043,34.5271555779,33.5570374630,34.4653320312
2021.10.22,34.1134303258,34.3963819186,33.1361792052,33.5927047729
2021.10.25,33.9992928902,34.8885649967,33.4595450956,34.6008605957
2021.10.26,35.2666351923,35.9514217242,34.6317755317,34.9242401123
2021.10.27,35.0859198856,36.0750602870,35.0145869823,35.2000503540
2021.10.28,35.7397991683,36.4388551095,35.5234240193,36.3556327820
2021.10.29,35.4734909923,36.9500649740,35.3760028163,36.8930015564
2021.11.01,37.0451791373,37.3138612119,36.4222089716,37.2567977905
2021.11.02,37.0998676955,37.8940317870,37.0832254062,37.7537460327
2021.11.03,37.8869031898,39.0710201627,37.5849328627,38.9521331787
2021.11.04,39.3349397924,40.7425646612,39.1684987657,40.4049224854
2021.11.05,41.0064983435,41.2918263671,40.1195988690,40.5547256470
2021.11.08,40.5404502987,40.8733323103,40.1980552992,40.3882751465
2021.11.09,40.7187905667,40.8471869085,39.1304622587,39.5560760498
2021.11.10,38.6905777894,39.5655841919,37.2116235166,37.8227043152
2021.11.11,38.6977045590,38.7547716046,38.0200474518,38.1294250488
2021.11.12,38.4741980391,39.4871172767,37.9843843364,39.3396949768
2021.11.15,39.6868493530,39.7819574781,38.5407772161,39.3278083801
2021.11.16,39.0638758272,40.2812807681,39.0091888413,40.1409950256
2021.11.17,40.2337266671,40.8234049738,39.8960845074,40.1885490417
2021.11.18,40.8210317180,41.5866641596,40.1291122517,41.4178466797
2021.11.19,41.9504568508,42.5306258775,41.6865312456,42.1192779541
2021.11.22,42.6304960840,43.5982379424,40.6260631362,40.6593513489
2021.11.23,40.2907909780,40.9375363460,38.7072157623,40.1053276062
2021.11.24,39.3064136638,40.5547269829,38.5978482624,40.4762611389
2021.11.26,39.6559307065,40.0981903051,37.7394736552,38.2435531616
2021.11.29,39.5180249570,40.9351591230,39.3111628066,40.6189193726
2021.11.30,40.3454786173,41.0849556832,38.2126498075,38.8736610413
2021.12.01,40.1505064103,40.8067611582,36.7289396648,36.8787384033
2021.12.02,36.4792709971,38.1674671242,36.0584101817,37.5730323792
2021.12.03,38.0438289596,38.3481793011,34.4605740780,35.6851119995
2021.12.06,35.8063772665,36.9215376415,34.6032416933,36.5196990967
2021.12.07,38.4646995607,40.0126069368,38.4575666312,39.8128776550
2021.12.08,39.9198623889,40.4215654940,39.3444499508,40.3668785095
2021.12.09,39.9816917044,40.5428384201,38.5193832364,38.6240043640
2021.12.10,39.4157809701,39.9055946304,38.4670617897,39.8199958801
2021.12.13,39.8199999658,39.9198645801,37.9915178812,38.1080284119
2021.12.14,36.6457210291,37.4636640203,35.6256723517,36.9738502502
2021.12.15,36.8454477170,39.5346701335,35.6732204213,39.4205360413
2021.12.16,39.7106323264,39.8556746039,35.8919826696,36.4127082825
2021.12.17,35.3878968340,37.0428014671,34.9527700773,35.8563117981
2021.12.20,34.4819691458,35.0122038831,33.8827779514,34.7839393616
2021.12.21,35.7041340245,37.1997304405,34.6460407668,37.1093788147
2021.12.22,36.9928784744,38.5193870826,36.8121715448,38.4337882996
2021.12.23,38.5598010805,39.7772025449,38.5122470161,39.3468322754
2021.12.27,39.7296501261,41.2609150098,39.7082513405,41.2276268005
2021.12.28,41.5533676242,41.6056781752,40.4286980345,40.7425613403
2021.12.29,40.7330507873,41.1325128706,39.9341302487,40.6783638000
2021.12.30,40.6046544387,41.2918209410,40.1291065857,40.2979240417
2021.12.31,40.0958272582,40.5166845890,39.4015276746,39.5489463806
2022.01.03,39.9056032500,40.7639673716,39.2612342365,40.6902580261
2022.01.04,40.8566983684,40.8709642249,38.1365637929,39.1090583801
2022.01.05,38.6097377607,38.9283540044,35.4283209346,35.5115432739
2022.01.06,34.9599019617,36.3342350389,34.3393118357,35.4140510559
2022.01.07,35.4045409111,35.8896018174,33.7639020514,34.2560958862
2022.01.10,32.8960235822,34.4629528585,31.4099365687,34.3821105957
2022.01.11,34.1039146581,35.9109980632,33.5356350835,35.8943557739
2022.01.12,36.6100599333,37.0760949016,35.6375652273,36.3033294678
2022.01.13,36.6790040143,36.8787368668,33.2978585428,33.6687889099
2022.01.14,32.8556050719,34.2727395139,32.8128074992,34.1776313782
2022.01.18,32.5702707445,33.1551961877,31.4146893412,31.7142868042
2022.01.19,32.0329063167,32.6748952457,30.5111545125,30.6110191345
2022.01.20,31.3956668180,32.4228518945,29.2461921764,29.4269008636
2022.01.21,28.8277114026,29.4982338275,26.8684546841,26.9492969513
2022.01.24,25.6082546217,27.4628922249,22.9071423063,27.3392505646
2022.01.25,25.7509213410,26.7781048055,24.6096055743,25.3229274750
2022.01.26,27.1014714655,27.9859889001,24.4288913710,25.2753677368
2022.01.27,26.3453528656,26.7448131511,24.2719638510,24.5192489624
2022.01.28,24.9187091802,26.8494323766,23.8249476250,26.8066329956
2022.01.31,27.1300092236,29.5125053846,26.7353053824,29.4031295776
2022.02.01,29.6836982197,30.1259578995,28.4044750574,29.9642715454
2022.02.02,31.0152371219,31.0865700383,29.6504132326,30.6728420258
2022.02.03,28.2094964271,29.0417051089,26.6877430463,26.9825839996
2022.02.04,27.0444060532,28.7278458982,26.5783693722,27.9146595001
2022.02.07,28.0906105638,28.6612683306,26.9730738734,27.2821788788
2022.02.08,27.0111166888,28.4520278637,26.7400545678,28.2094974518
2022.02.09,29.2747282292,29.9975612265,28.8942884728,29.9595165253
2022.02.10,28.2047466407,29.9167183574,27.4866682949,27.9717273712
2022.02.11,27.9526997763,28.3188718088,24.9947936227,25.3371868134
2022.02.14,25.1564818734,26.1408657732,24.5858240932,25.4085216522
2022.02.15,26.5498395730,27.3154701522,26.3215749894,27.2488937378
2022.02.16,26.7590777848,27.4866654160,26.0124678041,27.2441368103
2022.02.17,26.4594811900,26.6544557294,24.7142215102,24.8283519745
2022.02.18,25.0090639096,25.1041738516,23.4492673921,23.9866352081
2022.02.22,23.3208709980,24.4907184742,22.4506174125,23.2447834015
2022.02.23,23.8915255988,24.0769889764,21.3853881259,21.4662303925
2022.02.24,19.3833337598,23.7060647237,19.3120026553,23.5681571960
2022.02.25,23.7773935645,24.7332439876,22.9451847898,24.6856899261
2022.02.28,23.9961450893,25.2943905569,23.7393488041,24.9472408295
2022.03.01,24.6904459779,25.1897727217,23.2305140771,23.7964172363
2022.03.02,24.0960123184,25.2278168799,23.5015774164,24.9329776764
2022.03.03,25.5607015391,25.5749673966,23.4778010731,23.8915290833
2022.03.04,23.3826894538,23.6822851398,22.3507513780,22.8690986633
2022.03.07,22.8500761544,23.0830954228,20.2726074159,20.3154067993
2022.03.08,20.1584794044,21.8752079725,19.3880921533,20.0348377228
2022.03.09,21.5898755996,22.4458614653,21.0905488484,22.1795539856
2022.03.10,21.3520999204,21.6944931506,20.5389116904,21.4662303925
2022.03.11,22.0368905348,22.0987122719,20.0158118886,20.1346988678
2022.03.14,19.8826561915,20.5103792061,18.8126735327,18.9553375244
2022.03.15,19.4356412534,20.8717960617,19.1360473965,20.7101097107
2022.03.16,21.4757413171,23.0545600695,20.7766853814,23.0355377197
2022.03.17,22.6313252580,23.8677491065,22.3697742686,23.8059291840
2022.03.18,23.5205975007,25.3990119728,23.2685577070,25.2848796844
2022.03.21,25.1374618676,25.6462979670,24.1435667005,25.1041736603
2022.03.22,25.2373268881,26.7923687376,25.1422169454,26.5878829956
2022.03.23,25.9458880852,26.7590743711,25.4418067746,25.4655838013
2022.03.24,25.8840725846,27.1490299379,25.3990135044,27.1157417297
2022.03.25,27.1252532943,27.3725384258,26.0838022076,27.0729427338
2022.03.28,27.0681837544,28.3474086794,26.7876122540,28.3046092987
2022.03.29,29.2557047844,29.9404930549,28.5994482247,29.7550296783
2022.03.30,29.3317913200,29.7407627582,28.4377608605,28.8609981537
2022.03.31,28.8372169399,28.9275721786,27.5342170453,27.6673698425
2022.04.01,27.7862644789,27.9717278732,26.8209028037,27.5484905243
2022.04.04,27.7624859286,29.2699718475,27.6911530205,29.2699718475
2022.04.05,28.9228196920,29.0845060313,27.0396506674,27.3344898224
2022.04.06,26.0695375391,26.3310885395,24.9187124122,25.5369243622
2022.04.07,25.3134161674,26.1979356099,24.5287631691,25.7033653259
2022.04.08,25.3086594789,25.4846116916,24.4907165214,24.6524028778
2022.04.11,23.6965535840,23.9057940145,22.8025229918,22.9023876190
2022.04.12,23.8534827588,24.2434318944,22.2984408972,22.6075477600
2022.04.13,22.6646090531,24.1768512674,22.5076792156,23.9628543854
2022.04.14,23.9771228199,24.0865004268,22.2699077020,22.3507499695
2022.04.18,22.0987094411,22.8310517604,21.7896026092,22.4125709534
2022.04.19,22.2223554933,23.9771267763,22.0226262249,23.8534851074
2022.04.20,24.0484577022,24.1293017904,22.5599922336,22.7787456512
2022.04.21,23.6061979151,24.1435675603,21.2046813372,21.4424552917
2022.04.22,21.4234321099,21.6707172307,19.6306163446,19.7399921417
2022.04.25,19.4071059668,20.5246425479,19.1693320718,20.4723320007
2022.04.26,20.0776329084,20.1109211162,18.1183742552,18.1706848145
2022.04.27,18.1516579334,19.1265323359,17.7712200713,18.0898380280
2022.04.28,18.9410697605,20.3201572932,18.2039692186,20.0015411377
2022.04.29,19.2073762015,19.8636327025,17.2148314844,17.3717613220
2022.05.02,17.2386074066,18.2039688409,16.7059943892,18.1897029877
2022.05.03,18.1611728907,18.6272095956,17.7379355676,18.2325057983
2022.05.04,18.3038383778,20.1870075141,17.3717631707,20.0395870209
2022.05.05,19.2596924265,19.2644471079,16.4159158365,17.0531501770
2022.05.06,16.6869743779,17.3717626390,15.7406333441,16.4587116241
2022.05.09,15.4838395734,15.8928092249,14.2711919392,14.5137214661
2022.05.10,15.5599270464,15.7311245716,14.3995899777,15.0130462646
2022.05.11,14.6706540263,15.5028620083,13.5388494292,13.6767587662
2022.05.12,13.0442780726,14.2141253843,12.6923727616,13.5673809052
2022.05.13,14.1951045893,15.2175323636,13.9715965022,15.0415792465
2022.05.16,14.8038071536,15.1129140440,14.3520371493,14.5755443573
2022.05.17,15.4220181603,15.7311250132,14.8561159193,15.6740579605
2022.05.18,14.9607351758,15.0701118725,13.1679204407,13.3866720200
2022.05.19,13.0965867751,13.8003972975,12.8588128764,13.1156082153
2022.05.20,13.6244456201,13.7147999649,11.8554079577,13.0014781952
2022.05.23,13.1488977098,13.7100443111,12.8207694434,13.6434679031
2022.05.24,12.9111242471,13.0109897696,12.0931822525,12.7922372818
2022.05.25,12.5734858075,13.6006691236,12.5497078701,13.3058290482
2022.05.26,13.2012074656,14.6373620859,13.1631636766,14.4186096191
2022.05.27,14.8846460397,15.8547640042,14.8703801860,15.8309869766
2022.05.31,15.8357439256,16.1686278020,15.0891339046,15.7168569565
2022.06.01,16.0307187391,16.3731137962,15.0035353819,15.3506851196
2022.06.02,15.1794872885,16.6346634441,14.9559801273,16.5966205597
2022.06.03,15.7596550458,15.9926742844,15.1033994291,15.2841072083
2022.06.06,15.9879187946,16.2304492228,15.2175317573,15.4743280411
2022.06.07,14.9417154328,15.9784091191,14.7657623062,15.8500127792
2022.06.08,15.7311218192,16.1400913962,15.3744609754,15.5266361237
2022.06.09,15.2508191228,15.7216122838,14.2331470328,14.2616796494
2022.06.10,13.4389843144,13.6101818557,12.6828630498,12.7399291992
2022.06.13,11.5415483009,11.8791868907,10.8520034502,10.9756460190
2022.06.14,11.2419525720,11.3513292833,10.7093394080,11.0469779968
2022.06.15,11.4416814201,12.3262007425,11.0992872826,11.8411417007
2022.06.16,10.9328470212,10.9946687613,10.1386819259,10.3954782486
2022.06.17,10.4953412648,11.0707546547,10.2956111247,10.7806701660
2022.06.21,11.3275502551,11.8791857184,11.3085288117,11.5938568115
2022.06.22,11.2752391893,12.1026932539,11.1991516052,11.5510578156
2022.06.23,11.8601651527,12.1597599374,11.4939930435,12.0456285477
2022.06.24,12.4165550483,13.3343625731,12.3880215234,13.3058290482
2022.06.27,13.4817808268,13.5531128181,12.8397910909,12.9919662476
2022.06.28,13.0585452654,13.4152062005,11.7745664436,11.8078546524
2022.06.29,11.7840766450,12.0266061696,11.4607039455,11.8316307068
2022.06.30,11.4416834104,11.8363881721,10.8187158505,11.4131507874
2022.07.01,11.2229294999,11.6509223857,10.9851555736,11.5986118317
2022.07.05,11.1325771767,12.2120712157,10.9376025944,12.1978044510
2022.07.06,12.2548692093,12.7066391557,12.0218508546,12.4308214188
2022.07.07,12.5449506828,13.3153385252,12.5401960030,13.2012071609
2022.07.08,12.8350380655,13.4627611656,12.7018843233,13.2630310059
2022.07.11,12.9349006781,12.9681888794,12.2976665459,12.4165534973
2022.07.12,12.5734848399,12.8302801957,11.8458963358,12.0551376343
2022.07.13,11.3370590501,12.2833990153,11.2657270651,11.9790487289
2022.07.14,11.6366577934,12.2120712739,11.2324427691,12.1026954651
2022.07.15,12.4926440634,12.7684618204,12.2738915487,12.7399291992
2022.07.18,13.1298776059,13.3153409938,12.2786464427,12.4450883865
2022.07.19,12.9111235837,13.6101794841,12.6923720143,13.5340909958
2022.07.20,13.6292010527,14.3853221926,13.5245808542,14.2141246796
2022.07.21,14.2711905848,14.8275815860,13.8955073612,14.8180704117
2022.07.22,14.6849175839,14.9940244200,13.7671109719,14.0429286957
2022.07.25,14.0429261974,14.1095025960,13.5103122874,13.8336849213
2022.07.26,13.5483576343,13.5864014246,12.8635685018,12.9967222214
2022.07.27,13.6006692922,14.8608709690,13.5198261179,14.6183414459
2022.07.28,14.5898089693,15.1319332573,14.0381735062,15.0368242264
2022.07.29,15.2793578289,16.0021910105,15.0606052761,15.8642816544
2022.08.01,15.5884601554,16.3683584499,15.4267737909,15.8405017853
2022.08.02,15.4743302410,16.3350708424,15.3173985517,15.6930818558
2022.08.03,15.9546294317,17.0959449564,15.8404989677,16.9485244751
2022.08.04,16.9723019108,17.2481205312,16.6251522021,17.1910552979
2022.08.05,16.3731139444,17.1102128087,16.2399611161,16.7820854187
2022.08.08,16.9295076229,17.5144332437,16.3778720302,16.6108913422
2022.08.09,16.3017827074,16.3445820943,15.7834353832,16.0402317047
2022.08.10,17.1862968594,17.4240707547,16.7915931366,17.3574943542
2022.08.11,17.7522038716,18.0803312676,16.9627926209,17.0959472656
2022.08.12,17.4050494997,18.0945942021,17.2338538082,18.0613059998
2022.08.15,17.9043783483,18.5844119596,17.8996218536,18.4940567017
2022.08.16,18.3371249636,18.7270740388,17.8473094655,18.3751678467
2022.08.17,17.8377987238,18.2277496225,17.3812732317,17.7379341125
2022.08.18,17.7189155362,18.0517994587,17.4478533541,17.8568248749
2022.08.19,17.3479870789,17.4526081968,16.6774646161,16.8106174469
2022.08.22,16.1163190861,16.1543637913,15.3411754509,15.4885959625
2022.08.23,15.4220172563,15.8595204170,15.3126414661,15.4362831116
2022.08.24,15.3601926841,15.8357404564,15.2650827668,15.5551671982
2022.08.25,15.8262365326,16.3778721286,15.6645501433,16.3731174469
2022.08.26,16.3350697725,16.5205349788,14.3615470598,14.3805685043
2022.08.29,13.9573282023,14.3235002284,13.7718639423,13.9383058548
2022.08.30,14.1665713194,14.2426589052,13.1060988922,13.4722709656
2022.08.31,13.8669738855,13.9811052496,13.2059627285,13.2249841690
2022.09.01,12.8778365467,13.2820524259,12.3737560482,13.2392530441
2022.09.02,13.6196906907,13.8099105641,12.4450877797,12.6876173019
2022.09.06,12.7256636745,12.8493062545,12.1074507747,12.3975353241
2022.09.07,12.4498416770,13.2677835749,12.4165534758,13.1298751831
2022.09.08,12.8540592967,13.5150705480,12.6685950100,13.3438730240
2022.09.09,13.6387149974,14.2759493064,13.6292038210,14.1903505325
2022.09.12,14.4090978843,14.7562484654,14.3567882434,14.7086935043
2022.09.13,13.4294701251,13.6054232149,12.1550018416,12.2881555557
2022.09.14,12.4260650670,12.6828613444,12.1930467266,12.5639743805
2022.09.15,12.3071799649,12.6257971126,11.7222562318,11.9314975739
2022.09.16,11.5130143981,11.7602995276,11.2562189999,11.6984786987
2022.09.19,11.3846140091,11.9980701683,11.3751028359,11.9790487289
2022.09.20,11.6651901054,11.9790516412,11.4036382208,11.6937227249
2022.09.21,11.7983440882,12.3262025897,11.0469783824,11.0517339706
2022.09.22,10.8662693162,10.9899118747,10.4953416406,10.6427612305
2022.09.23,10.3669418476,10.3954753691,9.7249530326,10.1339235306
2022.09.26,10.0625938743,10.5619188255,9.9056630976,9.9960174561
2022.09.27,10.3764542498,10.6284949444,9.7487312143,10.0055274963
2022.09.28,10.0007728935,10.7426273806,9.8343309433,10.5904521942
2022.09.29,10.1339257380,10.1719695346,9.3302504208,9.6964216232
2022.09.30,9.5870441728,10.0293037995,9.1685624818,9.1875839233
2022.10.03,9.3682931057,9.9912605418,9.2066067625,9.8248186111
2022.10.04,10.4144975393,10.8282245602,10.4097419520,10.7378702164
2022.10.05,10.3051217535,10.9376003459,9.9912602509,10.7378702164
2022.10.06,10.6047176906,10.9661341995,10.4240098897,10.4668092728
2022.10.07,9.9294405306,9.9437072953,9.1114984051,9.2731847763
2022.10.10,9.2826936646,9.3254930410,8.7025247437,8.9830980301
2022.10.11,8.8071468409,9.1019860147,8.4362191727,8.6264381409
2022.10.12,8.6692360130,8.8642105348,8.5265720385,8.6074151993
2022.10.13,7.8560508483,9.3302493926,7.7609409137,9.1828289032
2022.10.14,9.4396268317,9.5014476651,8.3030666334,8.3553771973
2022.10.17,8.9450545971,9.2731828600,8.9402990099,9.1780729294
2022.10.18,9.9246860250,9.9865068589,9.1162541546,9.4063386917
2022.10.19,9.2303840795,9.6250887752,9.0401651130,9.2922058105
2022.10.20,9.1923391159,9.7344633282,9.0163860274,9.1352729797
2022.10.21,9.0258993035,9.8390867183,8.9070123235,9.7820205688
2022.10.24,9.8105503453,10.2100105549,9.4158457225,10.1149015427
2022.10.25,10.2147681219,10.7664035835,10.2100125343,10.7236042023
2022.10.26,10.0721046372,10.6998277182,9.9532176626,10.0150384903
2022.10.27,9.8866419797,10.0435727616,9.4015828695,9.4634037018
2022.10.28,9.3920688799,10.3716970762,9.3730465329,10.3193874359
2022.10.31,10.0721042956,10.1624586473,9.7439760028,9.9627285004
2022.11.01,10.3384098586,10.4002315853,9.6108213421,9.6536207199
2022.11.02,9.6441106019,9.9769935484,8.6454599482,8.6549711227
2022.11.03,8.3934202748,8.5360851893,8.1033366718,8.1556463242
2022.11.04,8.6216810620,8.7263021567,8.0129804693,8.5360832214
2022.11.07,8.6359504328,8.8642132240,8.4219534991,8.8071479797
2022.11.08,8.9640796453,9.3302518092,8.6026630700,8.9973678589
2022.11.09,8.8119008948,8.8927440556,8.3363531038,8.3696413040
2022.11.10,9.5822878152,10.2432998621,9.3682918533,10.2005004883
2022.11.11,10.1909909206,10.8567577521,10.0435713360,10.7806701660
2022.11.14,10.5428962692,10.9185786132,10.3764543340,10.4953413010
2022.11.15,11.2467073991,11.3893723101,10.5476523285,10.9185791016
2022.11.16,10.6998293949,10.7378731965,10.3764566281,10.4763221741
2022.11.17,9.9627296962,10.5619193018,9.9437073432,10.3954782486
2022.11.18,10.7283594804,10.7378706553,10.1196587993,10.3859653473
2022.11.21,10.2337908092,10.3669436379,9.9722389255,10.0721044540
2022.11.22,10.1434359875,10.5096080635,9.9056620535,10.4953413010
2022.11.23,10.4858313679,10.8757814277,10.4668099226,10.8092041016
2022.11.25,10.6237400156,10.6998276060,10.5333856619,10.5856962204
2022.11.28,10.3669426603,10.5904507280,10.0150373637,10.1196584702
2022.11.29,10.1386805225,10.1862354913,9.7344646484,9.8771295547
2022.11.30,9.9151719399,11.2467054344,9.8200620159,11.2039060593
2022.12.01,11.2704845379,11.4939917034,10.9423562636,11.2657289505
2022.12.02,10.6760504515,11.2371961976,10.6475169252,11.1325759888
2022.12.05,10.8805351961,11.0327112810,10.3954770433,10.5714292526
2022.12.06,10.5476529758,10.5619188328,9.7487323277,9.9009075165
2022.12.07,9.7772649808,10.0007730837,9.5965571703,9.7820205688
2022.12.08,9.9246837035,10.2242784401,9.6964200537,10.1291685104
2022.12.09,10.0102831113,10.3146343895,9.8771302774,9.9341955185
2022.12.12,9.9437051394,10.3003660150,9.8295737681,10.2956104279
2022.12.13,11.4987479900,11.5225250214,10.3288997227,10.6189842224
2022.12.14,10.5619169448,10.9328445814,10.0245482922,10.3669424057
2022.12.15,9.9199308313,10.0007740216,9.2018532959,9.3397617340
2022.12.16,9.2636720930,9.4206028505,8.8975000232,9.0639419556
2022.12.19,9.0829627928,9.0972286457,8.5503488793,8.6882581711
2022.12.20,8.5598608086,8.8261673354,8.4029300634,8.6502151489
2022.12.21,8.7548358502,9.1542961170,8.6692370921,9.0258979797
2022.12.22,8.7142317145,8.7237922536,7.9255054740,8.3844013214
2022.12.23,8.2266538333,8.4704420704,8.0450081785,8.4083003998
2022.12.27,8.3461598238,8.3557203637,7.9924280550,8.0497903824
2022.12.28,8.0067686091,8.2218761902,7.6960583678,7.7247390747
2022.12.29,7.9685265379,8.3652797706,7.9016045915,8.2696762085
2022.12.30,8.0115480497,8.2696762085,7.8872637837,8.2696762085
2023.01.03,8.4800042681,8.6234096243,7.8729236908,8.0832509995
2023.01.04,8.2840172774,8.3604997648,7.9063851100,8.2075347900
2023.01.05,8.0354482272,8.0545693037,7.7821003458,7.8203415871
2023.01.06,7.9589674868,8.5564875821,7.6960590096,8.4322032928
2023.01.09,8.6425298470,9.0631835552,8.5517065454,8.6090688705
2023.01.10,8.5182454606,8.8385162354,8.4608840479,8.8385162354
2023.01.11,8.9293392776,9.2878512877,8.8528567884,9.2782907486
2023.01.12,9.3308733181,9.5220795517,8.8863182551,9.4216957092
2023.01.13,9.1635686610,9.6415847604,9.1301076799,9.6081237793
2023.01.17,9.5890014359,9.8041090170,9.4694974268,9.6607036591
2023.01.18,9.8375711108,9.9953163842,9.2687317075,9.3021926880
2023.01.19,9.1157642269,9.2304879480,8.8815365155,9.0106010437
2023.01.20,9.1683480311,9.7754286365,9.0631839161,9.7467470169
2023.01.23,9.8232299352,10.5163536058,9.7419671664,10.3872890472
2023.01.24,10.2104219915,10.4542102595,10.1530596707,10.3251457214
2023.01.25,9.8280083723,10.3203651638,9.5507591381,10.2486629486
2023.01.26,10.6215170424,10.8605250841,10.3251475814,10.8414049149
2023.01.27,10.6884386948,11.3863416592,10.6740978857,11.1521139145
2023.01.30,10.7792614744,10.9465672729,10.4446507892,10.4828920364
2023.01.31,10.4876702961,10.9561257127,10.4685492203,10.9513454437
2023.02.01,10.9274457833,11.9264992717,10.6884377892,11.6588096619
2023.02.02,12.4092944487,13.1215390638,12.3089115301,12.8634099960
2023.02.03,12.0507851508,12.9733563473,12.0029842714,12.1989707947
2023.02.06,11.8786993476,12.1655091678,11.7209540833,11.8882598877
2023.02.07,11.8691368290,12.7582468498,11.7305126680,12.6244020462
2023.02.08,12.4523182698,12.5718222874,11.8595784519,11.9456214905
2023.02.09,12.4523154895,12.4714365657,11.4389221570,11.6253480911
2023.02.10,11.3576594387,11.5966674212,11.0995303799,11.3863401413
2023.02.13,11.5393057567,11.9982015832,11.4006815931,11.9264993668
2023.02.14,11.7305128874,12.3041315310,11.4962842488,12.1846275330
2023.02.15,11.9599627049,12.4762200420,11.8786999338,12.4570989609
2023.02.16,11.8691382534,12.3662753733,11.7257338059,11.7448539734
2023.02.17,11.4867263065,11.5823289719,11.1377738881,11.4915065765
2023.02.21,11.0421716130,11.2094774230,10.6549788441,10.6836595535
2023.02.22,10.7314604315,10.9226666646,10.5067923098,10.6932191849
2023.02.23,11.0851902869,11.1043104510,10.4924506102,10.9609060287
2023.02.24,10.3968487241,10.5306935417,10.2056424932,10.4064092636
2023.02.27,10.7457986271,10.8987635893,10.5641529623,10.6310749054
2023.02.28,10.5545926842,10.8605226163,10.5163514427,10.5784931183
2023.03.01,10.5450321317,10.6167343454,10.2152017660,10.3203649521
2023.03.02,10.0431175451,10.6597577894,10.0144368368,10.5689353943
2023.03.03,10.7553594791,11.2477162635,10.6979971607,11.2142543793
2023.03.06,11.3576608742,11.7018320843,11.2333765981,11.2620573044
2023.03.07,11.2620586670,11.3672227888,10.7649224145,10.8414049149
2023.03.08,10.8748668838,11.0612928815,10.6741000741,10.9895906448
2023.03.09,11.0469513513,11.3337602556,10.3203667270,10.4111900330
2023.03.10,10.4303085194,10.5928340253,9.8566898915,9.9809732437
2023.03.13,9.7849880283,10.5880551228,9.6224625014,10.1960821152
2023.03.14,10.5737135609,10.9513456996,10.4781100031,10.8892040253
2023.03.15,10.5976150332,11.0995314817,10.4350895161,11.0469503403
2023.03.16,10.9370059135,11.9647410649,10.8605234248,11.9217195511
2023.03.17,11.9169400398,12.1941893069,11.5201867625,11.7448539734
2023.03.20,11.6779305996,11.9121583217,11.4198015314,11.8691368103
2023.03.21,12.0985847212,12.4284160169,11.9169390421,12.3710536957
2023.03.22,12.3614381315,12.9624415627,11.8517874787,11.8662118912
2023.03.23,12.3085506350,12.7941615246,11.9623720666,12.2893180847
2023.03.24,12.2316239084,12.4239448516,11.9431420351,12.4143285751
2023.03.27,12.4960614452,12.6258783879,12.0489148096,12.1595001221
2023.03.28,12.0873823227,12.0873823227,11.6787006688,11.9575662613
2023.03.29,12.3854789549,12.6787689260,12.2941261756,12.6114559174
2023.03.30,12.8951278669,13.0249448119,12.7364630175,12.9528245926
2023.03.31,12.9816728500,13.6163322649,12.9384005338,13.5874843597
2023.04.03,13.3086207306,13.5201742047,13.1403395788,13.4913253784
2023.04.04,13.5394045743,13.6692215293,13.1836106702,13.3566999435
2023.04.05,13.2076499011,13.2316905864,12.6979992934,12.9287843704
2023.04.06,12.7220400960,13.2509232949,12.5537598702,13.1884193420
2023.04.10,12.8085849438,13.1643788681,12.5826079818,13.1595716476
2023.04.11,13.1547617647,13.1595699016,12.8374320658,12.9047441483
2023.04.12,13.1451482761,13.2172685108,12.5008724679,12.5633764267
2023.04.13,12.7556988291,13.3374697867,12.7364662766,13.2845811844
2023.04.14,13.0826413693,13.4288199093,12.8374327929,13.2076501846
2023.04.17,13.1499561826,13.2797731530,12.8903222419,13.2220764160
2023.04.18,13.4961324954,13.5490210892,13.0778346335,13.2316913605
2023.04.19,12.9191699414,13.3374678088,12.9047455291,13.2028427124
2023.04.20,12.8230080286,13.2605384117,12.7268471219,12.8951282501
2023.04.21,12.8374338749,13.0249466552,12.6210722692,12.9191703796
2023.04.24,12.8903198322,13.0634090936,12.5681819939,12.8422393799
2023.04.25,12.6354959645,12.7172324646,12.1018046454,12.1162290573
2023.04.26,12.5104876474,12.6883841495,12.2652781374,12.3181667328
2023.04.27,12.7701212384,13.3807409727,12.6883847313,13.3134288788
2023.04.28,13.2893869338,13.5971012993,13.1403383469,13.5826768875
2023.05.01,13.5297879299,13.7173016099,13.3999718955,13.5442123413
2023.05.02,13.5297885522,13.5682527340,12.9624411831,13.1836109161
2023.05.03,13.2220769438,13.5586392692,12.8999390325,12.9239788055
2023.05.04,12.8758983925,13.0201388553,12.6354970097,12.7797374725
2023.05.05,13.0393709392,13.6836457783,12.9960986185,13.5634450912
2023.05.08,13.5105563553,13.7221098048,13.3759312661,13.6740293503
2023.05.09,13.4576654453,13.5682498296,13.3711208255,13.4095849991
2023.05.10,13.7124930048,13.9528943509,13.3999714382,13.8423099518
2023.05.11,13.9000068593,14.0346319539,13.6980696758,13.9577035904
2023.05.12,14.0298219162,14.0875177225,13.5442111143,13.8134603500
2023.05.15,13.8711581592,14.0634790569,13.6692209873,14.0250148773
2023.05.16,13.9336642714,14.2990744924,13.9240479958,14.0779056549
2023.05.17,14.2077209820,14.6548676889,14.0538642478,14.5827474594
2023.05.18,14.6164021559,15.4049192215,14.6164021559,15.3664541245
2023.05.19,15.4001115663,15.5010815382,15.1212469237,15.2606792450
2023.05.22,15.2318311705,15.5587771852,15.2270230330,15.4193439484
2023.05.23,15.1741325619,15.3376055490,14.7750663679,14.8231468201
2023.05.24,14.5538995510,14.7606448815,14.3134981746,14.5827474594
2023.05.25,15.5587756818,15.8039842521,15.2318296987,15.6357040405
2023.05.26,15.7751366889,16.9482945751,15.7655204152,16.8184776306
2023.05.30,17.4579496508,17.6310371114,16.8473298984,17.0540752411
2023.05.31,16.8136724691,17.1117696554,16.5396150529,16.7078952789
2023.06.01,16.7030875932,17.5156435440,16.5444218125,17.3137054443
2023.06.02,17.5781514086,17.8810558586,17.3137083956,17.7031593323
2023.06.05,17.6743089964,18.1262647735,17.5781499098,17.7416229248
2023.06.06,17.6406499034,17.8666277529,17.4339046015,17.7223873138
2023.06.07,17.7608504491,18.0589494331,16.7175095074,16.8184776306
2023.06.08,16.8377137140,17.4916057936,16.8040576658,17.3954448700
2023.06.09,17.6358434516,18.0877973362,17.4050583722,17.6069946289
2023.06.12,17.8618257471,18.5157160508,17.7127762105,18.5061016083
2023.06.13,18.9292005478,19.0542102687,18.4243581126,18.9195842743
2023.06.14,18.9195834212,19.3763463025,18.4724368128,19.3234577179
2023.06.15,19.1071044925,20.2369903633,18.9965182321,20.0013961792
2023.06.16,20.3908433941,20.4052668888,19.5446314092,19.6167507172
2023.06.20,19.3715402653,19.7513748198,19.0397852449,19.5205879211
2023.06.21,19.3315195726,19.3990445431,18.5694478429,18.7382602692
2023.06.22,18.5067458502,19.3845741728,18.4440451414,19.3604583740
2023.06.23,18.7286131179,19.1530562630,18.5115672823,18.7864913940
2023.06.26,18.6948541927,19.1337684135,18.0099558472,18.0437183380
2023.06.27,18.2559383160,19.0517725906,18.1353574769,18.9360141754
2023.06.28,18.6514456592,19.3604616712,18.6321541209,19.0517749786
2023.06.29,18.9842494938,19.0807145427,18.6514451672,18.9215469360
2023.06.30,19.4858657195,19.9440714687,19.4328098521,19.7752590179
2023.07.03,19.8717220200,20.0115962305,19.6980853228,19.9103069305
2023.07.05,19.6402070023,20.1804086281,19.6353827385,19.8958377838
2023.07.06,19.2784651745,19.4955092133,18.9504851444,19.4279842377
2023.07.07,19.3845755699,19.9006614284,19.1868230619,19.2302322388
2023.07.10,19.1771783758,19.3459926768,18.7768508939,19.2447052002
2023.07.11,19.3025807413,19.5919740162,18.9553073396,19.5196266174
2023.07.12,20.1755894872,20.4698052271,19.8476094153,20.2431144714
2023.07.13,20.7495524380,21.3958658536,20.6579116564,21.2511692047
2023.07.14,21.3283414217,21.8781898055,21.0871797207,21.2318763733
2023.07.17,21.3572806149,21.9794782731,21.2752865160,21.8203125000
2023.07.18,21.7141952110,22.5920234707,21.3717461092,22.3412151337
2023.07.19,22.5389676133,22.7367200929,22.1000534834,22.3412151337
2023.07.20,21.7817222494,22.0421772980,20.5903829950,20.7736663818
2023.07.21,21.1643495043,21.3090461440,20.5035651779,20.5903835297
2023.07.24,20.7302587381,20.8894263373,20.3540470889,20.6723804474
2023.07.25,20.7784925090,21.3572791046,20.7784925090,21.0871791840
2023.07.26,20.8942482468,21.1498790442,20.4698031659,20.8701324463
2023.07.27,21.7576074834,22.0373540808,20.4746273946,20.6916732788
2023.07.28,21.3669266378,21.9891242767,21.2849325415,21.8106651306
2023.07.31,21.8637192590,22.0470008150,21.6177333098,21.8540725708
2023.08.01,21.6032628732,21.8154844808,21.3235144525,21.6852569580
2023.08.02,21.0727042925,21.0775285558,20.0308860392,20.2672252655
2023.08.03,19.8283143363,20.4794501597,19.7993742713,20.1225318909
2023.08.04,20.4456911121,20.8219028210,19.7607926842,19.8427867889
2023.08.07,20.1273538419,20.3540464127,19.7463179412,20.3347530365
2023.08.08,19.9151340628,19.9151340628,19.2929364216,19.8138465881
2023.08.09,19.8524301797,19.8765459806,19.0276576443,19.1530609131
2023.08.10,19.6112668927,20.1369994058,18.9890693437,19.2398777008
2023.08.11,18.8250791027,19.1337657415,18.6176799222,18.8540191650
2023.08.14,18.7286194957,19.5051586652,18.6176834887,19.4810428619
2023.08.15,19.3266979046,19.4569254394,18.7527337384,18.8829612732
2023.08.16,18.7720253612,19.0131870549,18.2414703708,18.2559394836
2023.08.17,18.4488704475,18.5019263170,17.5710419878,17.6385669708
2023.08.18,17.1369492905,17.7543244748,17.0597776225,17.5565719604
2023.08.21,17.7832645903,18.5115740098,17.7060929140,18.4054622650
2023.08.22,18.7961420217,18.8009644457,18.2173536188,18.3234653473
2023.08.23,18.4971003314,19.3508129091,18.4633378430,19.1868228912
2023.08.24,19.7173834193,19.7318525342,17.8941995024,17.9231395721
2023.08.25,18.0533605529,18.5983863756,17.5324505264,18.3475780487
2023.08.28,18.7864988922,18.8926088009,18.3668780026,18.7575588226
2023.08.29,18.7141472168,20.0260674301,18.6610913494,19.9537181854
2023.08.30,19.9826557900,20.3926298862,19.8138433597,20.2865200043
2023.08.31,20.2768783940,20.7302617772,20.2672317042,20.4698066711
2023.09.01,20.8411898720,20.9135391048,20.1369982780,20.3974533081
2023.09.05,20.2431127330,20.6530868677,20.0935918236,20.4505119324
2023.09.06,20.3251052982,20.3733387363,19.5726820637,19.9103069305
2023.09.07,19.1675324993,19.5823290728,18.9938957829,19.4762191772
2023.09.08,19.4424549896,19.8910158544,19.3749281748,19.5340957642
2023.09.11,20.0115973970,20.3009906825,19.6980864710,20.1997032166
2023.09.12,19.9392488436,20.1659414237,19.4858655233,19.5533905029
2023.09.13,19.5726858338,20.0116000851,19.3845781490,19.7463207245
2023.09.14,20.0164186067,20.3733386878,19.6787919007,20.2093486786
2023.09.15,19.9923078102,20.0598328003,19.0180141990,19.1723575592
2023.09.18,19.0180124721,19.3990484130,18.9697808664,19.2157649994
2023.09.19,19.0083634207,19.2109401874,18.6176808393,19.1000041962
2023.09.20,19.2495682847,19.3124917045,18.2476422093,18.2718429565
2023.09.21,17.6910131492,17.8023380469,17.2166715582,17.2311916351
2023.09.22,17.4877291935,17.8023426343,17.1924752448,17.2457180023
2023.09.25,17.0908255936,17.4925630840,16.9456174475,17.4732017517
2023.09.26,17.0908297569,17.1731126697,16.5390427297,16.6939315796
2023.09.27,16.8488188501,17.0714686903,16.2776723232,16.7955760956
2023.09.28,16.6455314292,17.5070907823,16.5196864072,17.2021579742
2023.09.29,17.7055361353,17.9088246095,17.0521049404,17.2408733368
2023.10.02,17.2650748355,17.8604238990,17.1731112617,17.6522941589
2023.10.03,17.2844372690,17.6135726069,16.4761208497,16.7181320190
2023.10.04,16.8342993649,17.5167709109,16.7665365208,17.3957653046
2023.10.05,17.3715603555,17.4248031049,16.6987696422,17.2118339539
2023.10.06,16.7713766432,18.2428033136,16.6552104566,18.0782356262
2023.10.09,17.7200588052,18.4364116728,17.4925677063,18.3444480896
2023.10.10,18.3976864769,19.0559570884,18.3202429841,18.6445388794
2023.10.11,18.8478312685,19.0753223835,18.5864605802,19.0414409637
2023.10.12,19.1043598380,19.3850917981,18.4509286571,18.8187866211
2023.10.13,18.9204346516,19.0123982378,17.8943077369,18.1072769165
2023.10.16,18.3057257398,18.8768722795,18.2815249908,18.7171440125
2023.10.17,18.1605167137,18.7897453273,17.8362208162,18.5380535126
2023.10.18,18.1363206440,18.4799761187,17.5845353814,17.7539424896
2023.10.19,17.9814329965,18.1556795105,17.1537532848,17.2796001434
2023.10.20,17.1924744651,17.2795986377,16.4664409244,16.5003223419
2023.10.23,16.2970302332,17.1392298620,16.0017781761,16.6455268860
2023.10.24,16.8923785722,17.2263532859,16.6503674285,17.1150283813
2023.10.25,16.7616938817,16.7858946290,15.7694484699,15.8614120483
2023.10.26,15.6726428802,15.7984878681,14.7481594208,14.9369287491
2023.10.27,15.2854241513,15.6000384607,14.9804905094,15.1498975754
2023.10.30,15.4645160223,15.8226915637,15.2854273284,15.6387643814
2023.10.31,15.6436049299,15.9194975697,15.2951091095,15.8662548065
2023.11.01,15.9727383062,16.7616952911,15.9582182259,16.6842517853
2023.11.02,17.3086386238,17.6087338136,17.1343921267,17.5700111389
2023.11.03,17.7636234971,18.3831716148,17.7297420748,18.1895637512
2023.11.06,18.3008849233,18.4944927471,18.0637131697,18.3976879120
2023.11.07,18.5622599082,19.0559630205,18.3783327097,18.9155979156
2023.11.08,18.9736789007,19.0850038338,18.6009814223,18.9494781494
2023.11.09,19.0414388365,19.2205265844,18.4218908352,18.4993343353
2023.11.10,18.7558657286,19.7626330849,18.6735828168,19.7335910797
2023.11.13,19.4818965003,19.7142269699,19.2398853636,19.5545005798
2023.11.14,20.5564272526,20.9484841259,20.4693030926,20.7839164734
2023.11.15,21.1130580648,21.1905015805,20.6193549603,20.8420066833
2023.11.16,20.6967916243,20.9146020169,20.4886637451,20.8758811951
2023.11.17,20.7548780856,21.0549714141,20.6048304982,20.8904037476
2023.11.20,20.8855669762,21.7568069134,20.8807257183,21.6358013153
2023.11.21,21.3405468345,21.3744282535,20.9533292993,21.2437419891
2023.11.22,21.5728758693,21.9842941259,21.3211840272,21.4905929565
2023.11.24,21.4179890065,21.5147938459,21.2243793278,21.3841075897
2023.11.27,21.3018247268,21.6551626989,21.1856603863,21.3211860657
2023.11.28,21.2001784404,21.5873959489,21.1372550182,21.4905929565
2023.11.29,21.8971731647,22.1343430957,21.3599080304,21.4131507874
2023.11.30,21.4421919748,21.5196354850,20.7355197131,21.2340621948
2023.12.01,21.0501340043,21.5099537857,20.7742395505,21.4131507874
2023.12.04,20.7693965565,20.8468400497,20.1982501020,20.8032779694
2023.12.05,20.4789873797,21.1517781865,20.4547847838,20.9533290863
2023.12.06,21.4325078229,21.4518691589,20.5273865979,20.5806293488
2023.12.07,21.0452938550,21.5583582667,20.8662060829,21.4421920776
2023.12.08,21.1275781757,21.7810076672,21.0985361675,21.6987247467
2023.12.11,21.6212768414,22.3037501071,21.5873954257,22.2505073547
2023.12.12,22.2553511649,22.7974557708,22.0569020419,22.7877769470
2023.12.13,22.9329806478,23.7509777969,22.7974531272,23.5912513733
2023.12.14,23.8380997222,24.0704302187,23.0152613930,23.5525264740
2023.12.15,23.6880533068,24.0994734149,23.5718889759,23.8332614899
2023.12.18,23.9542693031,24.4915326142,23.8961852859,24.3318061829
2023.12.19,24.4044040026,24.7141798323,24.3753638457,24.6948184967
2023.12.20,24.5407086007,24.9247653051,23.5586911075,23.5975837708
2023.12.21,24.2538859399,24.4386224136,23.7920456827,24.3802852631
2023.12.22,24.5990491675,24.7643393003,24.1323482704,24.4775123596
2023.12.26,24.6184932930,25.0414408271,24.6087701267,24.9247665405
2023.12.27,24.9636573063,25.1143636019,24.8032296990,25.0560264587
2023.12.28,25.2407626340,25.2845159577,24.9247680554,24.9928283691
2023.12.29,24.9782433569,25.0463036673,24.3073597096,24.6476631165
2024.01.02,23.9913641763,24.0302568435,22.9801789395,23.3982658386
2024.01.03,22.9315615677,23.1114373594,22.5718136934,22.6495971680
2024.01.04,22.2995705521,22.8343335610,22.2315102439,22.2704029083
2024.01.05,22.2947111791,22.8100260309,22.1051140653,22.3530483246
2024.01.08,22.5523706151,23.7726012503,22.5232029670,23.6996784210
2024.01.09,23.1697780367,24.0205357306,23.1454710449,23.8552455902
2024.01.10,23.9038576109,24.5066809719,23.7434299947,24.3268070221
2024.01.11,24.5261236088,24.7789203444,23.5295223417,24.4434776306
2024.01.12,24.6330743026,24.7837805812,24.2295731471,24.4726467133
2024.01.16,24.2490215994,24.7497525961,23.9816410242,24.4580650330
2024.01.17,23.8552441493,24.1080409285,23.2718671092,24.0351181030
2024.01.18,24.5941867480,25.1435335993,24.3608363162,25.0657501221
2024.01.19,25.4352217524,26.5533599590,25.3282687733,26.5144691467
2024.01.22,26.9374124690,27.1853466900,26.4998793091,26.6214160919
2024.01.23,26.7429564563,26.9714462320,26.3880692255,26.9374160767
2024.01.24,27.6860855192,28.1479257653,27.2825824223,27.3798122406
2024.01.25,27.8367881443,27.9680481122,26.9908930461,27.4575939178
2024.01.26,27.0686758064,27.4138398677,26.8256022103,26.9519996643
2024.01.29,27.0346465268,27.8076206615,26.9033865582,27.7444210052
2024.01.30,27.5596832950,27.6714969252,27.0297827883,27.1902122498
2024.01.31,26.3443156642,26.7283723909,25.5616202429,25.5907878876
2024.02.01,25.9067823010,26.5630802176,25.7220458631,26.4950199127
2024.02.02,26.8255988489,28.0409666769,26.6360017644,27.8270626068
2024.02.05,27.8027571270,27.9145707582,27.0151991985,27.6860828400
2024.02.06,27.8951267482,28.0215242037,27.0492298075,27.5256538391
2024.02.07,28.0458297725,28.5173931243,27.7930330198,28.3472423553
2024.02.08,28.3472424949,28.6292068926,28.2062593688,28.4639167786
2024.02.09,28.6972712062,29.4653847416,28.5417042366,29.3000946045
2024.02.12,29.2709220068,29.7230390440,28.8188049695,28.9549274445
2024.02.13,27.3409203032,28.1333389318,26.9520010460,27.5839939117
2024.02.14,28.0993090021,28.5611492329,27.6423312820,28.4590587616
2024.02.15,28.5903183137,28.7847760865,28.0652784326,28.6972694397
2024.02.16,28.7604694731,28.7847764632,27.7638680426,27.9097118378
2024.02.20,27.5062095104,27.7978970891,26.5193294318,27.2631359100
2024.02.21,26.7235122109,26.9422769676,26.1644421884,26.9228324890
2024.02.22,28.5757301097,29.4605178123,28.4347488396,29.2514743805
2024.02.23,29.5723360685,29.7619331862,28.7896387532,28.9840965271
2024.02.26,29.1396596219,29.3487030456,28.8917253903,28.9452018738
2024.02.27,29.1493870989,29.2125867573,28.6194865507,29.1250801086
2024.02.28,28.6972681836,28.9403417799,28.4639177537,28.6535148621
2024.02.29,29.2077247445,29.5820564575,28.5757318992,29.3438453674
2024.03.01,29.5334408545,30.8752062403,29.5237176884,30.6904716492
2024.03.04,30.6710288808,30.7633961871,30.2918346341,30.3258647919
2024.03.05,29.7035913474,29.7035913474,28.2062590280,28.7021293640
2024.03.06,29.5285809493,29.8640218406,28.8528348017,29.2320308685
2024.03.07,29.9223598750,30.7828406441,29.6112259629,30.5349063873
2024.03.08,30.5883793148,31.1766169506,29.0570168286,29.1979999542
2024.03.11,28.8820054299,29.1104952102,28.4687810467,28.8576984406
2024.03.12,29.3098162238,30.1605738555,28.6632395336,30.0827903748
2024.03.13,29.8688795300,29.8786026953,29.1542444973,29.3827323914
2024.03.14,29.5917820063,29.7035956491,28.5805967106,29.1445274353
2024.03.15,28.5319796573,28.6437932953,27.8513746624,28.0798625946
2024.03.18,29.1104930501,29.5577475562,28.8236661457,28.8722801208
2024.03.19,28.4590590856,29.1591104242,28.0409721741,29.0716037750
2024.03.20,29.3082321377,30.1669395030,28.9618226473,30.1035118103
2024.03.21,31.1037121582,31.2012928039,30.4548024465,30.4938354492
2024.03.22,30.3816157385,30.8207258144,30.2010927693,30.5572605133
2024.03.25,29.9961720385,30.5572592843,29.7912543836,30.2450027466
2024.03.26,30.5475028476,30.7426622647,29.8985931794,29.9620208740
2024.03.27,30.5279869752,30.5572617259,29.6204901766,30.2254886627
2024.03.28,30.1962123084,30.3620988311,29.9571417045,30.0352058411
2024.04.01,30.2108495076,30.7329056438,29.8205288152,30.2206077576
2024.04.02,29.2106546341,29.4790000166,28.7861809614,29.4106941223
2024.04.03,28.9813427698,29.9864184233,28.9715845188,29.6058559418
2024.04.04,30.4206494417,30.5475048392,28.1714257067,28.2104568481
2024.04.05,28.4934406633,29.7278305300,28.3275541236,29.2057762146
2024.04.08,29.3765366018,29.5960925574,28.9374265519,29.2252883911
2024.04.09,29.6692819085,29.7327077442,28.5812621160,29.5277900696
2024.04.10,28.4739238832,28.9227922444,28.3275538463,28.7520275116
2024.04.11,29.0837979773,30.2791565833,28.6300496008,30.1035118103
2024.04.12,29.2155340629,29.4448464373,28.3568266240,28.6495685577
2024.04.15,29.3716636698,29.3863001158,27.0492520412,27.2102603912
2024.04.16,27.1712262845,27.7176771521,26.9516721597,27.2151374817
2024.04.17,27.5859428389,27.5908210334,26.0295363376,26.2051811218
2024.04.18,26.2930045982,26.6198994847,25.6197001847,25.7367973328
2024.04.19,25.5074807644,25.6001832076,23.8339790649,24.1413574219
2024.04.22,24.5804715943,25.2586542023,23.9901095208,24.8439369202
2024.04.23,25.1854663820,26.1612690516,25.1220405485,25.9514713287
2024.04.24,26.5028012438,26.7906631154,25.7758292729,26.2051811218
2024.04.25,24.8341774303,25.9514700160,24.6292579122,25.7855834961
2024.04.26,26.3613090046,27.2590475514,26.2344554741,26.9711856842
2024.04.29,27.3615092004,27.4834845406,26.7760271954,27.2932014465
2024.04.30,26.9809426153,27.2492879689,25.7270363721,25.7319164276
2024.05.01,25.4440540730,26.7369914284,25.0147003988,25.1757068634
2024.05.02,25.8197392866,26.2734877040,24.9805502062,26.1076011658
2024.05.03,27.4834842068,27.8640466679,27.1907422772,27.6640071869
2024.05.06,28.0152936034,28.5910173243,27.8689235760,28.5715026855
2024.05.07,28.6495668243,28.8983956848,28.4348890469,28.5715026855
2024.05.08,28.0543289406,28.7959392507,28.0299342442,28.5178356171
2024.05.09,28.5422280558,28.7861787229,28.1763020551,28.6739616394
2024.05.10,28.9618259113,29.3082354407,28.5617469327,28.8691234589
2024.05.13,29.2350472915,29.2594438474,28.7764207036,29.0594043732
2024.05.14,28.9618254371,29.7131939889,28.9227924344,29.6009750366
2024.05.15,30.0986344506,31.0402842313,29.7912579316,30.9671001434
2024.05.16,30.9134271851,31.3232624973,30.7329042222,30.7768154144
2024.05.17,30.7816934782,30.9134270542,30.2596392296,30.7085075378
2024.05.20,30.7475408261,31.4842709863,30.7133878832,31.3427791595
2024.05.21,30.9524608572,31.5525792921,30.9085496614,31.5037899017
2024.05.22,31.5623380022,31.7135862222,30.9427012330,31.4842720032
2024.05.23,32.4454412927,32.4503213487,30.6402058410,31.0158901215
2024.05.24,31.3476647529,32.1478227461,31.1964146498,31.8843555450
2024.05.28,32.1331836992,32.2502789827,31.6160094514,32.2307624817
2024.05.29,31.3427810964,31.9282649389,31.3232645961,31.5574588776
2024.05.30,31.3476595278,31.3720560825,30.2450033734,30.5426216125
2024.05.31,30.5426234806,30.6841153174,28.7666628809,30.5084705353
2024.06.03,31.0939512578,31.2988707824,29.7424643625,30.8060894012
2024.06.04,30.7377840933,31.2891112616,30.3816163422,31.0354042053
2024.06.05,31.7721322250,32.9235795266,31.5428180312,32.9089393616
2024.06.06,33.0504361242,33.1187420148,32.6162042242,32.8699150085
2024.06.07,32.7479362488,33.3382963688,32.5039856014,32.7479362488
2024.06.10,32.4893485635,33.2065641315,32.4356828405,33.0943489075
2024.06.11,32.8455227500,33.8213255694,32.5235097553,33.7774162292
2024.06.12,34.6458815747,35.6265607685,34.5043897134,35.1093864441
2024.06.13,35.8949053858,36.0510336829,35.1630532953,35.6704711914
2024.06.14,35.5923971672,36.2071538271,35.4850620116,36.1876373291
2024.06.17,36.2413164547,37.9196985109,35.9436962942,37.5001029968
2024.06.18,37.4854660384,37.6806273459,37.1097798700,37.5196189880
2024.06.20,37.7928403644,37.8904228737,36.2120409390,36.6365127563
2024.06.21,36.5438125878,36.8511891044,35.9680888345,36.2998619080
2024.06.24,36.0168805367,36.4120794723,35.0313213647,35.0703506470
2024.06.25,35.5143344436,36.3144922411,35.3094168003,36.2413063049
2024.06.26,36.0468783682,36.5856217381,35.9538251070,36.4680786133
2024.06.27,36.3995058442,37.0753833778,36.2035981755,36.7325477600
2024.06.28,36.8745835276,37.9716613245,35.9734096777,36.1546249390
2024.07.01,36.3211505610,36.8745863532,35.4689526325,36.7472457886
2024.07.02,36.3848137532,37.8981929410,36.3603238931,37.8737068176
2024.07.03,37.6875952125,38.8434464306,37.6875952125,38.8042678833
2024.07.05,38.9707900247,40.0874590460,38.9022228909,39.9797096252
2024.07.08,40.0678698383,40.3911181162,39.8082937139,40.2441864014
2024.07.09,40.6115074785,40.8906747166,39.9748121700,40.3323402405
2024.07.10,40.8074064484,41.7281675180,40.4890569938,41.5959320068
2024.07.11,41.6155267800,41.6596040420,38.5446838123,38.8630332947
2024.07.12,38.9414067168,40.6213090352,38.8385560120,39.4948425293
2024.07.15,39.9013444175,40.9543449097,39.2940339830,39.7886962891
2024.07.16,40.1315393482,40.3323420262,39.0540488962,39.8180885315
2024.07.17,37.8737061958,37.9912493015,36.2868574538,36.3162460327
2024.07.18,37.1292557839,37.1831304829,35.0428498905,35.7726020813
2024.07.19,35.6550618899,36.2280887495,34.4992107320,34.8028640747
2024.07.22,36.0713655277,36.5513354309,35.3220220915,36.3211479187
2024.07.23,36.1105441621,36.7962153831,35.8215795161,35.9293289185
2024.07.24,34.3963540036,34.4698160984,31.8593596177,32.0552635193
2024.07.25,32.1091451170,32.9809303708,30.4292448857,30.9875793457
2024.07.26,31.8348831078,32.4911696737,31.2373662424,31.8740653992
2024.07.29,32.4568795646,32.9074683515,31.5997867305,32.0601692200
2024.07.30,32.4617779271,32.6136046032,30.0423279975,30.7524909973
2024.07.31,32.8046193721,33.7939477938,32.5107559672,33.4413146973
2024.08.01,33.5882442203,34.3914623385,30.2186444836,31.0316581726
2024.08.02,29.2146205157,29.7386713831,27.9167364090,28.7689323425
2024.08.05,24.1602252404,27.5200278267,23.9006472641,26.2613258362
2024.08.06,26.5111061624,28.2840633783,26.0262356824,26.9176120758
2024.08.07,28.1959013638,28.6562819214,25.9576651069,26.0507202148
2024.08.08,27.1575972419,28.5779212953,26.4523311320,28.4358901978
2024.08.09,28.1322335733,29.1558473244,27.9167366298,28.8228054047
2024.08.12,29.0089174271,29.5819461489,28.4603785653,29.0187129974
2024.08.13,29.8562157981,31.2030759470,29.8268309542,31.1296119690
2024.08.14,31.3402103788,31.6585580031,30.3019023566,31.1834831238
2024.08.15,32.3883135282,33.6127319038,32.3197463980,33.5294723511
2024.08.16,33.1180652029,33.9212832525,32.9074651206,33.6176261902
2024.08.19,33.6372148042,34.9448924620,33.2502982292,34.9204063416
2024.08.20,34.7245052351,35.2926334077,34.3277911478,34.7049140930
2024.08.21,34.8616355632,35.5864927905,34.4894113796,35.1799850464
2024.08.22,35.6844470043,35.8313786941,33.2649952634,33.4902877808
2024.08.23,34.3816612720,35.1261096239,33.5490583977,34.5432853699
2024.08.26,34.4159500593,34.6118577468,33.0739885659,33.5294723511
2024.08.27,33.1719398357,34.0388262855,32.7409422338,33.8135337830
2024.08.28,33.6959988190,33.8527242385,31.9132457711,32.6674842834
2024.08.29,33.0348065752,34.0045475815,32.2217947095,32.4960632324
2024.08.30,33.3629508529,33.7302763392,32.4128010657,33.6029357910
2024.09.03,32.9417524696,32.9711373144,30.0178408399,30.5369930267
2024.09.04,29.8953983092,31.0365552180,29.7043893492,30.2774162292
2024.09.05,29.9443742522,31.2079748602,29.7386728704,30.3753700256
2024.09.06,30.1745670001,30.3508835466,27.7796049363,27.9118423462
2024.09.09,28.6856690382,29.1362559010,28.0832555164,28.9501438141
2024.09.10,29.2782929737,29.8366274802,28.5044614955,29.7288799286
2024.09.11,29.9639679321,31.8103892782,28.2938612703,31.6242790222
2024.09.12,31.6536654865,32.7605408487,31.2912386594,32.5597381592
2024.09.13,32.3981053610,33.2405056555,32.3491293818,32.9858245850
2024.09.16,32.5303438945,32.6723768630,31.8495676312,32.5450363159
2024.09.17,33.1572427356,33.4315149481,32.0650638143,32.5646247864
2024.09.18,32.8242019440,33.6763997141,32.0258826110,32.1385307312
2024.09.19,34.4306452845,35.1652962900,33.9947526535,34.5677795410
2024.09.20,34.3571752151,34.6167512740,33.4560014828,34.3473777771
2024.09.23,34.5873736165,34.8469497293,34.3033076402,34.6020660400
2024.09.24,34.9106121485,35.3073224612,33.9800535417,35.0918273926
2024.09.25,34.9542486502,35.6175629986,34.9149401892,35.2146606445
2024.09.26,36.8115336979,36.8852361319,35.1704446596,35.9615097046
2024.09.27,36.1727883738,36.1924426063,35.0770883399,35.3424148560
2024.09.30,35.1114846320,35.6814461668,34.4825641444,35.6175689697
2024.10.01,35.5143802598,35.5880826853,33.2640215248,34.1091346741
2024.10.02,33.9076889320,34.6594455045,33.3475564368,34.2368888855
2024.10.03,33.7701204329,34.7921144858,33.6030612977,34.1582794189
2024.10.04,35.3768079131,35.4554248412,34.2860224027,35.3620681763
2024.10.07,34.9100302456,35.1704422459,33.9322519350,34.1975784302
2024.10.08,34.7184074009,35.8583265971,34.5464338110,35.6814422607
2024.10.09,35.6323111568,36.6690486329,35.4062930753,36.5413017273
2024.10.10,36.0253810696,36.8262713102,35.7305750991,36.4135437012
2024.10.11,35.9516753018,36.7525692168,35.8190139394,36.5068969727
2024.10.14,37.0670334231,37.7450875410,36.9540225291,37.4404525757
2024.10.15,37.5141563075,37.6615611746,35.4455961652,35.9467697144
2024.10.16,35.9860791644,36.1089153202,35.2146682557,35.9271202087
2024.10.17,37.1358202815,37.1456455226,35.9909866330,36.0352058411
2024.10.18,36.5855194591,36.9245484418,36.4233748370,36.6739616394
2024.10.21,36.3889781572,37.0572070816,35.9565962792,36.8754119873
2024.10.22,36.2661351236,37.3176120183,36.0941653042,36.9834976196
2024.10.23,36.4430191162,36.5904239594,34.5316893924,35.2736206055
2024.10.24,36.0745144750,36.2612277954,35.4947277799,36.1138229370
2024.10.25,36.7034368934,37.8335308735,36.5511212803,36.7230911255
2024.10.28,37.4355423114,37.4355423114,36.6837857528,36.7574844360
2024.10.29,36.8164537387,38.0595550684,36.3938970517,37.7745742798
2024.10.30,37.6124259972,37.8237042991,36.8213609887,36.9343681335
2024.10.31,36.0204687964,36.0302977870,34.1140532371,34.1238784790
2024.11.01,34.4334282704,35.5536932872,34.3793800680,34.8510704041
2024.11.04,34.7085780041,35.2588852384,34.1533600235,34.5267791748
2024.11.05,34.8608942855,35.9860737536,34.8461545488,35.8386726379
2024.11.06,37.6664761648,38.9243170521,37.4355436194,38.7474327087
2024.11.07,39.3861840172,40.7472068781,39.3567007928,40.5604972839
2024.11.08,40.3983518586,40.8356482337,40.2460362388,40.6587638855
2024.11.11,40.9437471481,40.9928808593,39.8873554896,40.5850639343
2024.11.12,40.5555843632,40.7668626944,39.6269433547,40.3639602661
2024.11.13,40.2214705418,40.8258223198,39.6416837453,40.1870765686
2024.11.14,40.0888003294,40.3049931326,39.1208547077,39.3370437622
2024.11.15,37.9661945569,38.0546367324,36.0106452015,36.4921607971
2024.11.18,36.8164479376,37.7057803894,36.5118129617,37.2291755676
2024.11.19,36.6297377923,38.1037714459,36.5658606015,37.9760208130
2024.11.20,37.9072282375,37.9760161664,36.4135405348,37.9317932129
2024.11.21,38.5951206417,38.7572615141,36.6346529474,38.3052253723
2024.11.22,38.1479914621,38.6245962866,37.7745685457,38.4477119446
2024.11.25,39.3861850892,39.7350393068,38.0988608827,38.6245994568
2024.11.26,38.9587182356,39.4304086557,38.7621796235,39.2240447998
2024.11.27,38.9587140913,38.9685393340,37.5043345137,38.2757453918
2024.11.29,38.3887496635,39.3910930298,38.2511737845,39.2535171509
2024.12.02,39.5434147803,40.7570327849,39.4500581074,40.5261039734
2024.12.03,40.1919832450,40.9437397610,40.0593181253,40.8847770691
2024.12.04,41.7004134284,42.4374302555,41.5235290900,42.3784675598
2024.12.05,42.3784715239,42.5700956170,41.9313461409,42.0296173096
2024.12.06,42.1475416082,43.1744538304,42.1180621301,43.1105766296
2024.12.09,42.8698097036,43.0712627578,41.8035929866,42.1033134460
2024.12.10,42.3784684670,42.8059395854,41.2975119302,41.6463661194
2024.12.11,42.6880158120,44.0343026618,42.5897483953,43.8721580505
2024.12.12,43.3022000717,43.6166603291,42.8845578939,43.0024795532
2024.12.13,43.9360299232,44.5993443336,43.1646191093,43.9262046814
2024.12.16,44.5747804502,46.0832081457,44.5502117220,45.8375358582
2024.12.17,45.3658408870,45.6508216111,44.7958794387,45.2233505249
2024.12.18,45.0317291436,45.4837652338,39.9413992621,40.3344726562
2024.12.19,41.4056079070,41.5333585529,39.6760765596,39.7645187378
2024.12.20,38.8456986768,42.1868430950,38.5705469301,40.7963371277
2024.12.23,41.1389576980,42.0213875918,40.3403368109,41.9326515198
2024.12.24,42.3713988733,43.6186346441,42.2185771086,43.5989151001
2024.12.26,43.1946822370,43.9144288079,42.6869123428,43.5052566528
2024.12.27,42.5784568559,42.6869087181,40.5621774542,41.7354660034
2024.12.30,40.0297564195,40.9466945251,39.1473303367,40.0593376160
2024.12.31,40.3255488024,40.5030209496,38.7874581138,39.0092964172
2025.01.02,39.7043944403,40.2318800308,37.7275543024,38.7628059387
2025.01.03,39.4332531632,40.8727497373,39.2508539694,40.6213302612
2025.01.06,41.8882821118,42.8150780890,41.4248822426,42.0065956116
2025.01.07,42.2580232468,42.3418285019,39.2952280255,39.7438392639
2025.01.08,39.7142521640,40.1332858999,38.6691426404,39.7734107971
2025.01.10,38.8466121885,38.8564700794,37.0866834031,37.8754463196
2025.01.13,36.5049708865,37.5648690818,36.1549536907,37.4810638428
2025.01.14,38.1958868877,38.4818108934,36.5739909483,37.3479652405
2025.01.15,39.0980349385,40.1628678883,38.7480214489,39.8720092773
2025.01.16,40.4290661153,40.4487856570,39.0437974582,39.0585899353
2025.01.17,41.2572726025,41.3805169310,40.3452615629,40.9861335754
2025.01.21,41.6319384195,41.9770248437,40.5868287764,41.6664466858
2025.01.22,42.8101475935,43.8306142311,42.7460618975,43.2834091187
2025.01.23,42.6622607844,43.5693373129,42.5291547922,43.5496177673
2025.01.24,43.5939912063,43.7911829166,42.4009868127,42.7657890320
2025.01.27,38.2451815865,39.9459518448,38.0479899052,39.0142250061
2025.01.28,39.2311353064,41.0009220473,38.4522302524,40.7445755005
2025.01.29,40.8727510726,40.9072593343,39.5663604331,40.4931564331
2025.01.30,41.1488140300,41.7009461747,39.8621430325,41.0009193420
2025.01.31,41.8636396503,42.9333996991,40.5128826356,40.7790908813
2025.02.03,38.7135074575,40.4192084946,38.1268632565,39.7931289673
2025.02.04,39.8867958695,41.3805165137,39.7980598035,41.2375526428
2025.02.05,40.5966829932,41.8143376187,40.3058281694,41.7748985291
2025.02.06,41.8833504255,42.4601329565,41.5037595642,42.4009780884
2025.02.07,42.5242329618,42.9827021092,40.5966894597,40.7840232849
2025.02.10,41.7699709231,42.4946444405,41.6565844820,42.2185783386
2025.02.11,41.4446041511,42.3911197259,41.4150267147,41.9178619385
2025.02.12,40.5621704374,42.2037857003,40.4734343756,42.0016632080
2025.02.13,42.3861962695,43.8552667377,42.1890045677,43.7714614868
2025.02.14,43.7813140185,44.4566942922,43.6777892340,44.2841529846
2025.02.18,44.6785323125,44.7376909438,43.7517363224,44.5602188110
2025.02.19,44.3679633289,44.9200993377,43.8355468663,44.5651550293
2025.02.20,44.3926058875,44.4813419489,42.8347958661,44.0228729248
2025.02.21,44.2545732189,44.2644348718,41.1488182994,41.2671318054
2025.02.24,41.6565832838,41.9277223126,39.6846740159,39.7832679749
2025.02.25,39.6008722160,39.6255188273,37.3578237244,38.2649040222
2025.02.26,38.7381598083,39.6600250158,37.8064329480,38.5113906860
2025.02.27,39.3001521375,39.5219904247,35.2380201167,35.3168945312
2025.02.28,35.2281633014,37.0571089391,34.5478558676,36.9338645935
2025.03.03,37.6486793633,37.9839040921,33.7393690569,34.5478515625
2025.03.04,33.8971195988,35.8739558287,32.5414320479,34.1682548523
2025.03.05,34.2865743320,35.8345228259,33.2710384887,35.4992980957
2025.03.06,33.7147208496,34.7549033647,32.1273331722,32.5562248230
2025.03.07,32.3195869880,33.5273834953,31.0033386461,33.2315979004
2025.03.10,31.5505522637,31.6442191693,28.5335312300,29.4849777222
2025.03.11,29.2828526330,30.4906455243,28.2821074263,29.1398887634
2025.03.12,30.5350144654,30.8899587369,29.1645381202,30.1357040405
2025.03.13,29.9730214832,29.9976699738,28.1194275378,28.4891605377
2025.03.14,29.4356775576,30.6779807239,29.3321527639,30.5103683472
2025.03.17,30.5054380307,31.6885825070,30.1455648017,31.1019401550
2025.03.18,30.4512093586,30.4561383044,29.0905908989,29.5342712402
2025.03.19,29.9138637210,31.5061802279,29.5490596792,30.6829090118
2025.03.20,29.9040031351,31.3681463273,29.7610392658,30.3674011230
2025.03.21,29.3469410276,30.7716452674,29.1201718980,30.6533317566
2025.03.24,32.0731004021,32.7977776003,31.9547869089,32.6005859375
2025.03.25,32.7731322707,33.2118817629,32.5808676651,33.1823005676
2025.03.26,32.9489344497,33.1219848232,31.0305385610,31.3370876312
2025.03.27,30.9514278313,31.7573540250,30.5311615842,30.8030986786
2025.03.28,30.4273333865,30.5608301987,28.1677802142,28.3507194519
2025.03.31,27.0553072516,28.4941036372,26.2246617212,28.3309402466
2025.04.01,28.0243922393,29.1665302811,27.5002938960,28.9835891724
2025.04.02,27.7821222945,30.2592266805,27.7326798688,29.6312980652
2025.04.03,25.9230550947,26.6152602536,24.7759736612,24.8699150085
2025.04.04,22.7389165349,23.1295161758,20.2865336730,20.3162002563
2025.04.07,18.1703682986,23.1542416516,17.3051126653,20.3953113556
2025.04.08,22.4422576483,23.1443517397,18.3434178388,19.2333965302
2025.04.09,19.1641750389,26.4076013991,19.1493426890,26.0120563507
2025.04.10,24.0689388994,24.3952637947,20.5535286860,22.8130817413
2025.04.11,22.5806986189,24.2617674351,22.0615456241,24.0194969177
2025.04.14,25.6610117362,25.7351753761,23.7673369954,24.5238170624
2025.04.15,24.7018102912,25.3198499915,24.3210976094,24.6177577972
2025.04.16,23.1542419638,23.7376697492,21.3396762876,22.3928165436
2025.04.17,22.7883605965,22.8872473288,21.9280484777,22.3285388947
2025.04.21,21.4435038568,21.5770006518,19.8959338815,20.6969127655
2025.04.22,21.4880027870,22.7339709877,21.3100070604,22.2790946960
2025.04.23,24.3458213054,25.1319678990,23.5497858500,23.7574462891
2025.04.24,24.0986057079,25.8488927699,23.9997189750,25.7796726227
2025.04.25,25.7302288883,26.7339247437,25.4533464275,26.6300945282
2025.04.28,26.7092039597,27.0157511234,25.5324558402,26.6103172302
2025.04.29,26.2246635062,27.2778018975,26.1208332793,27.1294727325
2025.04.30,25.6906729978,27.4014063815,24.8798052384,27.1344146729
2025.05.01,28.4594930723,29.1170863390,27.9996713799,28.0688915253
2025.05.02,28.9934774453,29.7598462787,28.6918737768,29.3840789795
2025.05.05,28.6275991119,29.4186891584,28.5287123846,28.8748149872
2025.05.06,27.7178443371,28.6968189670,27.4755719518,28.0540580750
2025.05.07,28.1628313658,28.8055922485,27.2382445432,28.3803825378
2025.05.08,29.2703595280,30.0169506291,28.5089341920,29.2258605957
2025.05.09,29.5670203139,29.7994038560,28.8402068738,29.1566429138
2025.05.12,32.5583287128,32.7116051145,31.5694652514,32.6868820190
2025.05.13,32.9637657226,34.5410043010,32.8104930786,34.1850128174
2025.05.14,34.4173956264,34.9118273937,34.2196221650,34.7882194519
2025.05.15,34.3531213470,35.4458151158,34.0811823622,34.8969955444
2025.05.16,35.1590396499,35.3617546921,34.4371697967,35.3271446228
2025.05.19,33.8537414787,35.5298647576,33.8339637566,35.4210891724
2025.05.20,34.8969936313,35.1887065516,34.3135640186,35.0502662659
2025.05.21,34.2344528817,35.5941401771,33.2159246967,33.5916938782
2025.05.22,33.7004766519,34.4866214815,33.4334830007,33.7647514343
2025.05.23,32.1825577937,33.2950291274,32.0688406142,32.7907104492
2025.05.27,34.1108451494,35.1788195330,33.8141868558,35.0749893188
2025.05.28,35.2727616502,35.5694237383,34.5014492745,34.6250572205
2025.05.29,36.0935213899,36.1231860908,34.2789575897,34.7931671143
2025.05.30,34.6745004529,34.9068840003,33.1467080158,34.6102256775
2025.06.02,34.2146753110,35.4606454232,33.9625178365,35.4062576294
2025.06.03,35.4804181784,36.5286109188,35.3024224730,36.2319526672
2025.06.04,36.3802883539,36.7461667855,35.9501313819,36.5236740112
2025.06.05,36.8104428862,37.4037632593,35.2529858657,35.6732521057
2025.06.06,36.7214447885,37.0873270033,36.3605117198,36.6917800903
2025.06.09,36.7412213619,37.2010430306,36.5088378407,36.8549423218
2025.06.10,36.9389946302,37.7201976802,36.4692859888,37.5669250488
2025.06.11,37.8685266282,38.1108009062,36.6967257731,37.1812667847
2025.06.12,36.8846094298,37.6410894372,36.8450539827,37.4235420227
2025.06.13,36.1429591730,37.0279924337,35.7325799265,36.0094642639
2025.06.16,36.6967250912,37.7004209403,36.6967250912,37.4779281616
2025.06.17,36.9241644106,37.2702651377,36.1330743400,36.3703994751
2025.06.18,36.5483953442,37.0626048350,36.0144081300,36.3209571838
2025.06.20,36.9637188935,37.2455448417,35.4606459124,35.8215789795
2025.06.23,35.9600241006,37.0477724799,35.3123159203,36.9340515137
2025.06.24,38.0267487012,38.8178387676,37.9031407605,38.6151199341
2025.06.25,39.1099443643,39.3776853189,38.5348000707,38.9116210938
2025.06.26,39.3776863759,40.0867030572,38.9810360413,39.9776229858
2025.06.27,40.1759444713,40.7808402140,39.5908818099,40.3693122864
2025.06.30,41.0535445120,41.3956547980,40.5726026422,41.1527061462
2025.07.01,40.7163841742,40.9246258477,39.5710474045,40.1065292358
2025.07.02,39.8933320850,40.9494181991,39.8784582188,40.9047966003
2025.07.03,41.3956561096,42.2881259770,41.3956561096,42.0501327515
2025.07.07,41.4501919381,41.6336451097,40.5577259440,41.1130371094
2025.07.08,41.3906951647,41.5394376010,40.8899202623,41.1675758362
2025.07.09,41.6336500539,42.3377075266,41.3262429203,42.0203857422
2025.07.10,42.1592105515,42.2534167498,41.2221191325,41.8270149231
2025.07.11,41.3113660990,41.8716365070,41.0287512868,41.5096931458
2025.07.14,41.4650648402,42.1145859671,40.9295867693,41.9509658813
2025.07.15,42.8533592941,42.9723540257,42.0451809105,42.0600547791
2025.07.16,42.1740835998,42.3178706114,40.8750488447,42.1790428162
2025.07.17,42.3277884299,43.2946275491,42.1443352558,43.1607589722
2025.07.18,43.4532920111,43.5028728295,42.7343606870,43.0120162964
2025.07.21,43.2103391103,44.1176827512,43.1954652445,43.6664886475
2025.07.22,43.6962412620,43.7111189122,42.3773733167,42.9872245789
2025.07.23,43.2252156713,43.5722851706,42.5905721395,43.5524520874
2025.07.24,43.8549045384,44.1077716472,43.4334618790,43.8400306702
2025.07.25,43.7854846971,44.4151727752,43.6218683856,44.0879325867
2025.07.28,44.4201293234,44.7176217868,44.2168468416,44.5192947388
2025.07.29,45.1142692829,45.4315910268,44.1176824539,44.3160057068
2025.07.30,44.4945036358,45.0597332792,43.7606984559,44.4697151184
2025.07.31,45.9670794677,45.9869125524,43.4632121051,43.7359085083
2025.08.01,42.2682886031,42.3029955509,40.5874736756,41.1130371094
2025.08.04,42.2534142734,43.4185804040,42.2236665421,43.3640403748
2025.08.05,43.6565761933,43.9342317894,42.3525784128,42.4616584778
2025.08.06,42.6550226883,44.1623028215,42.5459426326,44.0482635498
2025.08.07,45.0646957369,45.4514314383,43.5425414505,44.4945068359
2025.08.08,44.7424088559,45.7538733637,44.6729949587,45.6943778992
2025.08.11,45.7290868382,46.2298580062,44.9804040202,45.2927665710
2025.08.12,45.8232910760,47.0479565936,45.1836882994,46.9636688232
2025.08.13,47.6231029915,47.7569715759,46.6959262026,47.0330810547
2025.08.14,46.5273461623,47.3950236875,46.4281845297,46.9041671753
2025.08.15,46.8397093339,46.8595424157,45.8232856456,46.2397727966
2025.08.18,46.0116956368,46.3389320116,45.7290808565,46.1802711487
2025.08.19,45.9968211085,46.0414464888,44.0383505945,44.2961730957
2025.08.20,44.0433101006,44.0730578325,41.8369279378,43.4879951477
2025.08.21,43.1111810391,43.6069968246,42.3377096242,42.8831062317
2025.08.22,43.1458836252,45.2778928003,42.8236064235,44.8118247986
2025.08.25,44.4350055176,45.1093151892,44.1424722801,44.4201278687
2025.08.26,44.2812991808,45.0051896526,44.0482651954,44.9357757568
2025.08.27,44.6928260956,45.3373880071,44.3953374374,45.1390609741
2025.08.28,45.2580588191,46.1654025046,44.8762823749,45.9621162415
2025.08.29,45.3274743440,45.4117621125,43.8747340648,44.3060951233
2025.09.02,42.1988712048,43.2549572008,41.7724694338,43.1756286621
2025.09.03,43.9937279348,44.5639129534,43.4284945668,44.1821365356
2025.09.04,44.3259254184,45.4464699870,43.9391897683,45.3770523071
2025.09.05,46.5769255724,46.7256680047,44.4697089603,45.5257949829
2025.09.08,46.0662433836,46.6562615568,45.9323710121,46.1753196716
2025.09.09,46.3587714473,46.6612193497,45.7340425590,46.5521392822
2025.09.10,47.3256094067,47.3305686231,46.0811146613,46.6017189026
2025.09.11,47.1967003330,47.5883952119,46.8099646706,47.3851089478
2025.09.12,47.5784741009,48.2775760533,47.3652731986,47.9751281738
2025.09.15,48.4114495737,49.2196278852,48.3767426225,49.1997985840
2025.09.16,49.4179504806,49.4873643767,48.8923870430,49.0659217834
2025.09.17,49.0312185329,49.1849202028,47.3553626830,48.7535629272
2025.09.18,49.9583904924,50.7566540640,49.4774486629,50.0674705505
2025.09.19,50.5137045968,51.2128065834,50.1517612367,51.0591049194
2025.09.22,50.7814439517,52.1003155519,50.7814439517,51.9218215942
2025.09.23,51.9565307550,52.0110707879,50.5632897654,50.8756523132
2025.09.24,51.2220583344,51.2965025450,49.6240049304,50.3287391663
2025.09.25,49.3311966452,50.0607431057,48.3882454635,49.6537857056
2025.09.26,49.8274869377,50.3138487263,49.0036442133,50.2493324280
2025.09.29,51.0136192231,51.7530898233,50.5917737312,50.9193229675
2025.09.30,50.8250309073,51.4007250007,50.2344449420,51.3163566589
2025.10.01,50.4875501999,52.1798960192,50.2741454886,52.0409355164
2025.10.02,53.0087026190,53.0235907044,51.9416827735,52.6761894226
2025.10.03,52.8250755607,53.0384802778,51.4950190465,51.9615287781
2025.10.06,53.3015169284,53.5397338747,52.6712268607,53.1228523254
2025.10.07,53.4504029462,53.6290675538,51.8722014374,52.2642707825
2025.10.08,52.4677486738,54.1203943145,52.4379725029,54.0360221863
2025.10.09,54.0360213001,54.0757253849,52.9838895569,53.8226165771
2025.10.10,53.9615784981,54.4231280513,48.0557305569,48.1748390198
2025.10.13,50.6513251774,51.4553158482,50.0508150994,51.2319869995
2025.10.14,49.4949748043,51.3808734442,48.1748423487,50.1897773743
2025.10.15,51.6836117904,52.3635300785,49.6488246700,51.2170982361
2025.10.16,51.9516105988,52.7704894344,49.5049020073,50.6463699341
2025.10.17,50.0855596559,51.9962743978,49.6885301357,51.6091690063
2025.10.20,52.4131568686,53.8573579638,52.3833806974,53.5446968079
2025.10.21,53.5496656607,53.8375146292,52.9392275922,53.4851455688
2025.10.22,53.3263243918,53.4702488528,50.4131064050,51.9118995667
2025.10.23,51.7481279458,53.4156617243,51.6538354728,53.2121849060
2025.10.24,54.5869003453,55.2171903535,54.3586075489,54.8697853088
2025.10.27,56.8350972052,57.9120487778,56.7110247749,57.7830123901
2025.10.28,58.3884871524,59.5944713407,58.0956742444,59.1031417847
2025.10.29,59.8376499410,60.2346832219,58.3338927316,59.8575019836
2025.10.30,58.8549949436,59.2272122264,57.0882047860,57.1179809570
2025.10.31,59.3016501602,59.3016501602,57.2618993634,57.9269294739
2025.11.03,59.5547636999,59.7632044642,58.1055986920,58.7209968567
2025.11.04,56.2594009380,57.2767963420,54.9094923424,55.1278610229
2025.11.05,54.9293476731,57.0733191633,54.5620943318,56.1998481750
2025.11.06,55.7680738625,55.8325901591,52.6662632981,53.0484046936
2025.11.07,52.1203468137,52.5273042489,49.6091219417,52.4975280762
2025.11.10,54.8052734095,56.2048102551,54.2990595659,55.9368133545
2025.11.11,55.2221528827,55.7928867912,54.3933499980,55.4752616882
2025.11.12,56.3437659335,56.3487298904,54.4578674491,55.3611145020
2025.11.13,54.3784613235,54.5323099162,51.3163548370,51.9416809082
2025.11.14,49.6190442921,53.1476604632,49.0185304422,51.9813804626
2025.11.17,51.3213242894,52.9193740859,49.6835666182,50.6463699341
2025.11.18,49.6140864549,50.2940009828,47.5445591252,48.8150596619
2025.11.19,48.9589793724,51.1922830092,48.3535053362,49.6537857056
2025.11.20,52.5570782319,53.1427002098,45.8869436751,46.1053123474
2025.11.21,46.5023441949,48.7356478842,44.9042945133,47.1276702881
2025.11.24,48.3386181880,51.0682115747,48.3088382308,50.7009582520
2025.11.25,50.2642212102,51.9714590238,48.7157997387,51.6240539551
2025.11.26,52.5173752667,53.4603264426,51.9813814885,52.9739608765
2025.11.28,53.4206222397,54.2047608632,53.2320335195,54.1352806091
2025.12.01,52.7158948383,54.2444680897,52.4280458910,53.6489181519
2025.12.02,54.2246144185,55.3462264296,53.7382488399,54.8896408081
2025.12.03,54.2543892829,55.4653373498,53.8275798425,55.2767448425
2025.12.04,55.6241493272,55.6340734550,54.2047605118,55.0980796814
2025.12.05,55.4454846593,56.6564327121,55.2668200684,55.7333335876
2025.12.08,56.1502195583,56.6167331146,54.7109785889,55.3859329224
2025.12.09,55.0385259657,55.8028125231,54.6811967923,55.5943679810
2025.12.10,55.2370462811,56.6663592839,54.4826838009,56.2296257019
2025.12.11,55.2171925653,55.7432584308,53.5794350561,55.6936302185
2025.12.12,54.7010510898,55.1080084905,51.8424213707,52.4280433655
2025.12.15,53.6588466054,53.6588466054,51.3362105334,51.6339836121
2025.12.16,51.0483579493,52.3784144734,50.7208049356,51.9416809082
2025.12.17,52.2593074605,52.4081921002,49.0036444204,49.0334243774
2025.12.18,51.2865743891,52.0707130025,50.6016959847,51.1277618408
2025.12.19,51.8126477616,53.2419607986,51.8027198468,53.1228523254
2025.12.22,54.4032808510,54.4826852378,53.4801816624,53.8474349976
2025.12.23,53.5695154213,54.6613513281,53.4603310733,54.6017951965
2025.12.24,54.5481092291,55.1247085338,54.4586370539,55.0352363586
2025.12.26,55.1942979994,55.4229482726,54.7867033745,54.9855308533
2025.12.29,53.9715140134,54.6674082913,53.6036818512,54.1703414917
2025.12.30,53.8820465644,54.4984083882,53.7229853263,53.7826309204
2025.12.31,53.8124528651,53.8820419138,52.3311921315,52.4107246399
2026.01.02,53.8522153051,54.5580530435,51.3072357156,52.0428924561
2026.01.05,53.6335096509,54.0112814890,52.9773816123,53.2855606079
2026.01.06,53.6036843659,54.8463514233,53.4247437986,54.6872901917
2026.01.07,54.5679916199,55.8603645159,54.4486966521,54.8463478088
2026.01.08,54.5481081492,54.6574634491,53.1861462145,53.8720970154
2026.01.09,54.0709260568,55.7708936077,53.4744474120,55.4328880310
2026.01.12,54.2796929087,56.0094870370,54.2598135740,55.5621261597
2026.01.13,55.5820093801,56.1685483553,54.6375817024,55.2738265991
2026.01.14,54.2299871760,54.5580530846,52.1920140524,53.5142135620
2026.01.15,55.3235356767,55.5024800259,53.8124521682,54.0609855652
2026.01.16,54.9954694399,55.1346475346,53.2656791313,53.8223915100
2026.01.20,51.0885278089,52.2516661546,50.1838663366,50.4323997498
2026.01.21,50.7704040704,53.4843884194,50.3727491024,52.4206657410
2026.01.22,54.0013393956,54.0112828558,52.8382048491,53.5838050842
2026.01.23,53.2756191207,54.7469363755,53.0072025969,54.0609855652
2026.01.26,54.1504595977,55.3036544474,53.8919827324,54.7568817139
2026.01.27,55.6515968235,56.4667860480,55.2340625442,56.2083129883
2026.01.28,57.3615065530,57.6696855262,56.3971957967,56.7252616882
2026.01.29,56.6159117693,56.8743848480,52.7487325019,55.7112503052
2026.01.30,54.6972328541,55.3831836945,53.0072049222,53.6832160950
2026.02.02,52.8481459538,55.3831860639,52.8382062857,54.7767639160
2026.02.03,55.3135906322,55.4328855974,50.7803440289,52.2118949890
2026.02.04,51.8341292685,51.8440727290,48.1458942401,49.4680900574
2026.02.05,48.1061234101,49.2394350865,46.7839277185,47.3605232239
2026.02.06,48.0564198513,50.7107548245,47.7184142653,50.2932205200
2026.02.09,49.7663291043,51.9633634380,49.1499635453,51.4364738464
2026.02.10,51.6651270369,52.0926048100,50.5914608739,50.7206993103
2026.02.11,51.9037145730,52.1920142284,49.7464464718,51.0984687805
2026.02.12,51.4961206681,51.7645372001,47.7084740096,47.9768867493
2026.02.13,47.8675312585,49.2990821846,46.9032205154,48.1856536865
2026.02.17,47.3605227334,48.6926618707,46.1476785628,48.0663566589
2026.02.18,48.2453023712,50.0645686786,47.9172402553,49.1002578735
2026.02.19,48.3844797551,49.1102006093,47.8774732954,48.5435447693
2026.02.20,47.6786478275,50.1540422266,47.4798203437,49.7663307190
2026.02.23,49.2394417893,49.5873908656,47.3804128003,47.9570121765
2026.02.24,48.1657727542,49.7464452996,47.5394675364,49.4879684448
2026.02.25,50.2534521273,51.6551803350,50.2335690005,51.5657081604
2026.02.26,51.3271226429,51.3370623110,48.4242503433,49.7563896179
2026.02.27,48.1657733606,49.4780294006,47.9768855508,49.2294960022
2026.03.02,47.1815787506,49.8558005053,46.9529284825,49.4084396362
2026.03.03,46.5353958375,48.3844811740,45.4517900465,47.8178253174
2026.03.04,48.4043633021,50.4920461238,48.2353624115,49.9651527405
2026.03.05,49.1499619578,50.4622179567,47.8874118785,49.5078506470
2026.03.06,47.3804071832,48.7622522792,46.9032235107,47.2611122131
2026.03.09,45.9190295966,49.4780297032,45.2330787782,49.1002578735
2026.03.10,49.1201424570,50.4423420039,48.5435469242,49.1102027893
2026.03.11,49.3885555496,50.2236278914,48.4441279094,49.0604896545
2026.03.12,47.8675348399,48.2055404190,46.4757462690,46.5552787781
2026.03.13,47.0722246924,47.9669464540,45.4020799321,45.6605567932
2026.03.16,47.0921074144,47.9868291684,46.9032233963,47.1815795898
2026.03.17,47.8377094829,48.4739544030,47.5295304830,47.8774757385
2026.03.18,47.4400585548,47.8277700680,45.7798534026,45.8295593262
2026.03.19,44.6067734909,46.0482679668,44.0401176433,45.4219627380
2026.03.20,44.9149572207,44.9447800157,42.0518513354,42.8272781372
2026.03.23,44.8453657504,45.8792655688,43.8711153112,44.3085327148
2026.03.24,43.5828158234,44.2886497473,42.9366274865,43.3641052246
2026.03.25,44.5112412780,45.0290458741,43.7644083834,44.2025489807
2026.03.26,43.0474513171,43.4955518524,40.9762365520,41.0558967590
2026.03.27,40.3887275851,40.4185996878,38.3971730379,38.6162414551
2026.03.30,39.5821458423,39.7414700509,37.1624068114,37.7299995422
2026.03.31,38.9249344665,41.8226462320,38.9050184648,41.5039978027
2026.04.01,42.4499861754,43.7942839734,42.2309139600,43.0474510193
2026.04.02,40.7073784642,43.3661021218,40.2692340063,43.1470336914
2026.04.06,43.4158877592,44.4017089348,43.0872832330,43.9137763977
2026.04.07,43.2665247662,44.0233138485,41.6633226935,43.9635696411
2026.04.08,48.4346067327,48.7134231581,46.9509006992,47.7973098755
2026.04.09,47.8172246760,48.8827060447,47.1102237302,48.7532539368
2026.04.10,49.1515681295,49.5996686742,48.6138474760,48.9623680115
2026.04.13,48.5740131419,50.5257394429,48.2553647251,50.4460754395
2026.04.14,51.1729929725,53.2043795021,51.1630368713,53.1844635010
2026.04.15,53.3437899271,55.5046286543,53.1048055011,55.4150085449
2026.04.16,55.8929790057,56.6796401589,54.8673258386,56.1917114258
2026.04.17,57.5360093768,58.6911108567,57.1277408485,58.3425903320
2026.04.20,58.1533919103,58.3326321161,56.6696821622,57.8347434998
2026.04.21,58.2330531162,58.7209856400,56.5800630334,57.1576156616
2026.04.22,58.6811558005,60.0453696195,58.2430151619,59.9557495117
2026.04.23,59.5474775592,60.4735506865,57.3468107939,58.9699287415
2026.04.24,60.8220798125,62.4750699923,60.3042751564,62.2958297729
2026.04.27,62.1464599624,62.4352362856,61.3797110001,62.3754882812
2026.04.28,60.4635968772,61.0710216180,59.4279876077,60.4835128784
2026.04.29,60.7424163005,61.6087415022,60.1947395362,61.5987854004
2026.04.30,62.6244336061,63.5305907945,60.4436826930,63.2716903687
2026.05.01,63.6202118189,65.5619745373,63.5405516092,65.0242614746
2026.05.04,65.1636708027,65.7710955808,63.5106767909,64.6359100342
2026.05.05,66.0897336016,67.4838155638,65.9702376060,67.1054229736
2026.05.06,68.9675335048,71.3574003910,68.5891332928,71.2677764893
2026.05.07,71.5665103650,72.9904720702,70.0827968615,71.0387420654
2026.05.08,72.5125047280,75.9877654759,72.3930087137,75.9578933716
2026.05.11,75.6790796666,77.0333374895,75.2309828917,76.6350250244
2026.05.12,74.9820313566,75.6093683008,71.2478665997,74.6434631348
2026.05.13,75.4898718291,77.6108822601,73.8767175262,76.9138336182
2026.05.14,76.9636289174,79.3435360718,76.8341806026,78.6166152954
2026.05.15,75.4102106833,77.0432846832,73.9165448836,75.0218505859
2026.05.18,75.8085189333,75.9479271398,71.7955378511,74.0061645508
2026.05.19,72.1042389345,74.1854098736,70.6603572713,72.6220397949
2026.05.20,73.7771334269,76.2068323684,73.3091244971,76.1869201660
2026.05.21,74.8625385376,77.4615179268,74.1555375585,76.6250610352
2026.05.22,77.7104591458,78.9950127372,77.0034581950,77.5112991333
2026.05.26,80.2496851988,81.9225912883,79.6422680637,81.6039428711
2026.05.27,82.5200639131,82.5598959150,79.9907887720,81.3251266479
2026.05.28,81.3948345014,83.6950852340,80.3194007895,83.3266448975
2026.05.29,84.0535661175,85.3381121578,83.1772772252,84.2029266357
2026.06.01,83.7946629917,86.6923710421,83.3963505443,85.6766815186
2026.06.02,85.5770985464,86.9512684044,84.4717852008,86.8516921997
2026.06.03,87.3097542101,87.7180189537,85.0493430756,86.1944808960
2026.06.04,83.1175277627,85.8857872851,82.1317104184,84.8601379395
2026.06.05,81.2255587443,81.7334073238,72.3730986442,72.7415390015
2026.06.08,76.5354419248,78.1386439445,75.0616882158,75.9479293823
2026.06.09,78.1486008051,79.0049622384,66.5079624880,73.4086990356
2026.06.10,71.3773124373,74.3845563413,68.7086291463,68.9774856567
2026.06.11,70.5906510776,76.2765384594,69.2961375691,75.6890335083
2026.06.12,76.0176323708,78.0291066901,73.9762935464,77.1926498413
2026.06.15,82.5300174934,84.6709401457,82.2910330756,84.2327957153
2026.06.16,83.8344891030,84.4717859352,79.5227717875,79.5924758911
2026.06.17,81.3251275679,81.4645357775,76.6151053497,77.2125701904
2026.06.18,81.7533125534,83.2469784621,80.2895187472,82.5200653076
2026.06.22,83.5955027878,84.7506081230,81.0463152854,82.2312927246
2026.06.23,74.8027926171,77.4117242498,73.5979030102,74.1256637573
2026.06.24,74.6456532988,76.0329699354,71.2122901962,73.1585311890
2026.06.25,77.8095364670,78.0889948493,71.4618106431,74.8053436279
2026.06.26,71.9508608139,74.5458488396,70.5835098220,71.6913681030
2026.06.29,73.9769487577,77.2306513703,71.3120961564,77.0410232544
2026.06.30,77.0909282019,81.3826324445,77.0011055528,80.8436737061
2026.07.01,78.5680714277,79.4862939979,77.0809492634,77.3105010986
2026.07.02,77.3005206520,78.9872614367,71.5815836536,73.2084350586
2026.07.06,75.3942078650,77.3005175839,74.9650374653,76.2725067139
2026.07.07,73.5577555558,74.2464262888,70.6234349497,72.0905990601
2026.07.08,70.6633583260,72.8790673071,69.4357288880,72.5796508789
2026.07.09,74.7055353550,76.5419880502,73.7473891024,76.1926574707
2026.07.10,75.3842273679,77.1707736169,74.1865463902,76.8813323975
2026.07.13,74.3961360918,74.7055353442,71.9508601092,72.4998016357
2026.07.14,75.0548588933,75.7036058984,73.2683203433,74.8752059937
2026.07.15,76.1427612920,76.3224141967,71.9209218372,74.2963333130
2026.07.16,72.4698634947,72.9788813281,69.5555009148,70.6034698486
2026.07.17,66.2518838104,69.4257467127,64.7847273078,67.3996658325
2026.07.20,69.3359268646,70.3739206195,67.3697276684,67.5194396973
2026.07.21,70.5735317748,71.5815846496,69.4756562512,71.2322616577
2026.07.22,69.6353379607,71.4518249886,69.6353379607,70.1443557739
2026.07.23,66.9804770953,68.1382343147,64.8945068735,66.1720428467
2026.07.24,65.6530434870,66.2718496293,63.3674660769,63.8764801025
2026.07.27,65.9325036112,66.1021813031,61.5210359150,63.2776412964
2026.07.28,61.6507825925,62.4891615208,59.2853578262,61.4411888123
2026.07.29,61.3912836789,62.6189131225,57.4788511285,57.6385421753
2026.07.30,61.0120196870,63.7167884520,60.6227729992,63.1778297424
2026.07.31,65.6131185416,66.6411294056,62.2695856219,64.4952850342
2026.08.03,64.5851071175,68.2779705909,63.8664993251,67.8288345337
2026.08.04,70.1743002492,75.2644634124,70.0046301743,74.6755981445
2026.08.05,75.4640753534,76.1826869912,72.5996116345,72.6994171143
2026.08.06,70.7132606327,73.3082412072,70.0245974848,71.8909835815
2026.08.07,73.5178368271,74.5258820030,72.3800300685,74.3262710571
2026.08.10,74.1266563943,74.8352928033,73.4978750284,73.6575698853
2026.08.11,74.3961380257,74.3961380257,72.1005740010,72.9189910889
2026.08.12,75.4740598846,75.5439244835,74.2364475407,74.4560241699
2026.08.13,74.8951704164,77.6198971322,74.5658055033,77.0010986328
2026.08.14,77.4202933461,77.6997517413,75.7934419086,76.6417999268
2026.08.17,77.2306525368,77.7496531921,76.0629124843,76.2525482178
2026.08.18,73.2184145618,73.8172550287,71.8710216077,72.3900146484
2026.08.19,73.2283981957,73.5577555066,70.8629695688,71.9209213257
2026.08.20,70.6933018685,71.5516427012,69.6253672438,70.3439788818
2026.08.21,71.5616144201,71.6913683907,69.7750758593,71.0326385498
2026.08.24,69.8649030063,69.9148095543,67.7988983220,68.8768157959
2026.08.25,70.2840885509,71.1324465398,69.2161539406,70.1343765259
2026.08.26,69.4257446767,70.8030861086,69.3059811536,70.3339920044
2026.08.27,71.9508598352,73.2383709987,71.2422310766,73.1585311890
2026.08.28,72.7093965799,74.0368314820,71.2921390347,71.7113265991
2026.08.31,71.3021196531,72.0107484038,70.6833135430,71.7811889648
2026.09.01,68.9366931016,70.4138400200,68.1182760239,69.0165405273
2026.09.02,68.8368863908,69.6253625733,68.2580039862,69.4656677246
2026.09.03,69.9247843894,72.2802302870,69.5754613992,71.8909835815
2026.09.04,72.3500949521,73.0986474809,71.5117197749,72.2303314209
2026.09.08,72.8092053136,73.0687056523,71.1823539133,72.0207366943
2026.09.09,71.4119110107,72.4099810033,70.7032746151,71.4119110107
2026.09.10,68.7670243823,70.0944593072,68.5474477644,69.0764236450
2026.09.11,71.0526037290,71.6215033084,70.4737213179,70.8430099487
2026.09.14,67.3996670643,70.2541479236,67.2100313243,69.1363067627
2026.09.15,68.9965731955,69.1961917552,67.4795102155,67.7689514160
2026.09.16,68.7171193808,69.8349605449,66.4215629027,67.7988967896
2026.09.17,70.9927157784,71.5815810332,70.2341880672,71.2422332764
2026.09.18,71.7811900427,72.6395308216,70.6733317726,72.4998016357
2026.09.21,74.6855783471,79.3365804891,74.6855783471,78.7577056885
2026.09.22,78.6179741295,80.9634448280,78.6179741295,80.6740036011
2026.09.23,80.5299987793,80.5699996948,77.6900024414,78.6600036621
2026.09.24,76.7500000000,79.0999984741,76.5500030518,78.5800018311
2026.09.25,79.0899963379,80.0599975586,78.0599975586,79.5999984741
2026.09.28,78.2900009155,78.5999984741,75.4700012207,77.0400009155
