period,model,start,end,start_equity,end_equity,total_return,cagr,trade_count,annual_trades,fees,mdd,mdd_peak,mdd_trough,drawdown_duration_days,recovery_date,recovery_period_days,mdd_time_underwater_days,longest_time_underwater_days,longest_underwater_start
full_pre2026,vo,1999-03-10,2025-12-31,100000.0000000000,189828105.5480338335,1897.2810554803,0.3251671506,154,5.7436275911,2086290.6556658249,-0.5288304467,2007-10-31,2009-05-13,560,2010-04-05,327.0000000000,887.0000000000,887,2007-10-31
full_pre2026,tqqq_hold,1999-03-10,2025-12-31,100000.0000000000,374157.1682511331,2.7415716825,0.0504437147,1,0.0372962831,99.8914640920,-0.9995527359,2000-03-27,2009-03-09,3269,,,,9410,2000-03-27
full_pre2026,qqq_hold,1999-03-10,2025-12-31,100000.0000000000,1418189.3965109722,13.1818939651,0.1039652573,1,0.0372962831,99.8753722818,-0.8295498048,2000-03-27,2002-10-09,926,2015-02-20,4517.0000000000,5443.0000000000,5443,2000-03-27
full_pre2026,standalone_qqq_price_sma_20_full_cash,1999-03-10,2025-12-31,100000.0000000000,500378.5544661247,4.0037855447,0.0618941831,767,28.6062491065,75958.9097128029,-0.9515846200,2000-03-09,2003-04-16,1133,2021-11-03,6776.0000000000,7909.0000000000,7909,2000-03-09
full_pre2026,standalone_qqq_price_sma_20_half_floor,1999-03-10,2025-12-31,100000.0000000000,1325865.2883013026,12.2586528830,0.1011970908,767,28.6062491065,71622.1747317887,-0.9900077881,2000-03-09,2002-10-09,944,2020-08-25,6530.0000000000,7474.0000000000,7474,2000-03-09
full_pre2026,standalone_qqq_price_sma_50_full_cash,1999-03-10,2025-12-31,100000.0000000000,5103487.0775859477,50.0348707759,0.1579694233,419,15.6271426019,308863.4929371629,-0.8845838359,2000-03-27,2001-10-30,582,2014-08-18,4675.0000000000,5257.0000000000,5257,2000-03-27
full_pre2026,standalone_qqq_price_sma_50_half_floor,1999-03-10,2025-12-31,100000.0000000000,4784657.2061833479,46.8465720618,0.1551867317,419,15.6271426019,117263.6299706939,-0.9809419353,2000-03-27,2002-10-09,926,2018-08-27,5801.0000000000,6727.0000000000,6727,2000-03-27
full_pre2026,standalone_qqq_price_sma_100_full_cash,1999-03-10,2025-12-31,100000.0000000000,1625898.4780252583,15.2589847803,0.1096072436,309,11.5245514653,101777.5863485525,-0.9368448370,2000-03-27,2003-04-11,1110,2018-01-05,5383.0000000000,6493.0000000000,6493,2000-03-27
full_pre2026,standalone_qqq_price_sma_100_half_floor,1999-03-10,2025-12-31,100000.0000000000,3439368.6314188866,33.3936863142,0.1410507098,309,11.5245514653,66935.5716033401,-0.9761830985,2000-03-27,2003-04-11,1110,2018-01-11,5389.0000000000,6499.0000000000,6499,2000-03-27
full_pre2026,standalone_qqq_price_sma_150_full_cash,1999-03-10,2025-12-31,100000.0000000000,7092086.5868169442,69.9208658682,0.1722682216,213,7.9441082916,82791.1947475924,-0.9791253074,2000-03-27,2003-03-31,1099,2019-12-20,6108.0000000000,7207.0000000000,7207,2000-03-27
full_pre2026,standalone_qqq_price_sma_150_half_floor,1999-03-10,2025-12-31,100000.0000000000,10202738.5959835127,101.0273859598,0.1882769391,213,7.9441082916,61513.7488561924,-0.9803287347,2000-03-27,2003-03-11,1079,2017-11-22,5370.0000000000,6449.0000000000,6449,2000-03-27
full_pre2026,standalone_qqq_price_sma_200_full_cash,1999-03-10,2025-12-31,100000.0000000000,7632541.5363486959,75.3254153635,0.1754835679,187,6.9744049321,87566.5763908292,-0.9343789861,2000-03-27,2003-03-31,1099,2017-10-27,5324.0000000000,6423.0000000000,6423,2000-03-27
full_pre2026,standalone_qqq_price_sma_200_half_floor,1999-03-10,2025-12-31,100000.0000000000,10081077.2927621882,99.8107729276,0.1877454137,187,6.9744049321,53724.4556488576,-0.9673980371,2000-03-27,2003-03-11,1079,2017-06-02,5197.0000000000,6276.0000000000,6276,2000-03-27
full_pre2026,standalone_qqq_price_sma_250_full_cash,1999-03-10,2025-12-31,100000.0000000000,14136836.1537684407,140.3683615377,0.2028186276,147,5.4825536097,215022.0993075431,-0.8715844123,2000-03-27,2003-04-10,1109,2013-12-09,3896.0000000000,5005.0000000000,5005,2000-03-27
full_pre2026,standalone_qqq_price_sma_250_half_floor,1999-03-10,2025-12-31,100000.0000000000,24072402.5078445263,239.7240250784,0.2269357558,147,5.4825536097,165522.5369495405,-0.9112978149,2000-03-27,2003-04-09,1108,2013-12-23,3911.0000000000,5019.0000000000,5019,2000-03-27
full_pre2026,standalone_qqq_cross_5_20_full_cash,1999-03-10,2025-12-31,100000.0000000000,851731.1776847781,7.5173117768,0.0831705087,395,14.7320318084,46539.4129382710,-0.9529994116,2000-03-09,2009-02-20,3270,2020-07-06,4154.0000000000,7424.0000000000,7424,2000-03-09
full_pre2026,standalone_qqq_cross_5_20_half_floor,1999-03-10,2025-12-31,100000.0000000000,1735030.6336758607,16.3503063368,0.1122990087,395,14.7320318084,41252.7200266488,-0.9892600598,2000-03-09,2009-03-09,3287,2020-07-09,4140.0000000000,7427.0000000000,7427,2000-03-09
full_pre2026,standalone_qqq_cross_5_50_full_cash,1999-03-10,2025-12-31,100000.0000000000,6755367.9403754389,66.5536794038,0.1701434537,211,7.8695157255,186709.5036844082,-0.8386261437,2000-03-27,2009-03-20,3280,2014-01-22,1769.0000000000,5049.0000000000,5049,2000-03-27
full_pre2026,standalone_qqq_cross_5_50_half_floor,1999-03-10,2025-12-31,100000.0000000000,4998345.2382699922,48.9834523827,0.1570707224,211,7.8695157255,63500.3169125356,-0.9777189572,2000-03-27,2002-10-09,926,2018-01-17,5579.0000000000,6505.0000000000,6505,2000-03-27
full_pre2026,standalone_qqq_cross_5_100_full_cash,1999-03-10,2025-12-31,100000.0000000000,4329643.2729355693,42.2964327294,0.1508893767,141,5.2587759114,67264.9451977782,-0.9097476764,2000-03-27,2009-03-30,3290,2020-02-10,3969.0000000000,7259.0000000000,7259,2000-03-27
full_pre2026,standalone_qqq_cross_5_100_half_floor,1999-03-10,2025-12-31,100000.0000000000,10061210.1573239323,99.6121015732,0.1876580301,141,5.2587759114,65219.6955442517,-0.9529781092,2000-03-27,2003-03-31,1099,2017-06-01,5176.0000000000,6275.0000000000,6275,2000-03-27
full_pre2026,standalone_qqq_cross_5_150_full_cash,1999-03-10,2025-12-31,100000.0000000000,11126421.4423626438,110.2642144236,0.1921240627,89,3.3193691923,72424.1951915631,-0.9465225867,2000-03-27,2003-03-31,1099,2017-08-31,5267.0000000000,6366.0000000000,6366,2000-03-27
full_pre2026,standalone_qqq_cross_5_150_half_floor,1999-03-10,2025-12-31,100000.0000000000,10961845.5191869177,108.6184551919,0.1914616800,89,3.3193691923,33181.4846843806,-0.9727238369,2000-03-27,2003-03-11,1079,2017-06-02,5197.0000000000,6276.0000000000,6276,2000-03-27
full_pre2026,standalone_qqq_cross_5_200_full_cash,1999-03-10,2025-12-31,100000.0000000000,12931117.5270794556,128.3111752708,0.1988260631,81,3.0209989278,40338.4405027934,-0.9250697541,2000-03-27,2003-03-31,1099,2017-10-27,5324.0000000000,6423.0000000000,6423,2000-03-27
full_pre2026,standalone_qqq_cross_5_200_half_floor,1999-03-10,2025-12-31,100000.0000000000,13526341.3755619936,134.2634137556,0.2008398881,81,3.0209989278,20455.9962483458,-0.9619888853,2000-03-27,2003-03-31,1099,2017-05-25,5169.0000000000,6268.0000000000,6268,2000-03-27
full_pre2026,standalone_qqq_cross_5_250_full_cash,1999-03-10,2025-12-31,100000.0000000000,34629144.6929259300,345.2914469293,0.2436888446,69,2.5734435311,269620.2791423767,-0.8012814985,2000-03-27,2000-05-23,57,2007-10-31,2717.0000000000,2774.0000000000,2774,2000-03-27
full_pre2026,standalone_qqq_cross_5_250_half_floor,1999-03-10,2025-12-31,100000.0000000000,36268893.0586901233,361.6889305869,0.2458366873,69,2.5734435311,127382.2137832372,-0.8884081437,2000-03-27,2003-03-31,1099,2013-09-18,3824.0000000000,4923.0000000000,4923,2000-03-27
full_pre2026,standalone_qqq_cross_10_20_full_cash,1999-03-10,2025-12-31,100000.0000000000,264416.1972265882,1.6441619723,0.0369308007,336,12.5315511079,27866.2968161091,-0.9686406921,2000-03-27,2003-03-31,1099,,,,9410,2000-03-27
full_pre2026,standalone_qqq_cross_10_20_half_floor,1999-03-10,2025-12-31,100000.0000000000,866955.8878559279,7.6695588786,0.0838864863,336,12.5315511079,24471.2456229441,-0.9922921403,2000-03-27,2002-10-09,926,2021-04-13,6761.0000000000,7687.0000000000,7687,2000-03-27
full_pre2026,standalone_qqq_cross_10_50_full_cash,1999-03-10,2025-12-31,100000.0000000000,950634.0851663322,8.5063408517,0.0876176930,171,6.3776644031,37955.6244581075,-0.9244245903,2000-03-27,2003-03-31,1099,2020-02-19,6169.0000000000,7268.0000000000,7268,2000-03-27
full_pre2026,standalone_qqq_cross_10_50_half_floor,1999-03-10,2025-12-31,100000.0000000000,1876955.4823697363,17.7695548237,0.1155655642,171,6.3776644031,25559.8202099330,-0.9827909605,2000-03-27,2002-10-09,926,2020-02-19,6342.0000000000,7268.0000000000,7268,2000-03-27
full_pre2026,standalone_qqq_cross_10_100_full_cash,1999-03-10,2025-12-31,100000.0000000000,17139554.2349603102,170.3955423496,0.2114901251,97,3.6177394568,217537.6841738751,-0.8799991949,2000-03-27,2003-03-31,1099,2011-01-14,2846.0000000000,3945.0000000000,3945,2000-03-27
full_pre2026,standalone_qqq_cross_10_100_half_floor,1999-03-10,2025-12-31,100000.0000000000,17140311.2589636371,170.4031125896,0.2114921208,97,3.6177394568,97170.6829947131,-0.9532259459,2000-03-27,2003-03-31,1099,2014-08-25,4165.0000000000,5264.0000000000,5264,2000-03-27
full_pre2026,standalone_qqq_cross_10_150_full_cash,1999-03-10,2025-12-31,100000.0000000000,5298229.9801902287,51.9822998019,0.1595878883,71,2.6480360972,27762.1931200954,-0.9532855963,2000-03-27,2003-03-11,1079,2018-06-14,5574.0000000000,6653.0000000000,6653,2000-03-27
full_pre2026,standalone_qqq_cross_10_150_half_floor,1999-03-10,2025-12-31,100000.0000000000,7101072.7957000555,70.0107279570,0.1723235859,71,2.6480360972,16312.3806381318,-0.9766184728,2000-03-27,2003-03-11,1079,2018-01-05,5414.0000000000,6493.0000000000,6493,2000-03-27
full_pre2026,standalone_qqq_cross_10_200_full_cash,1999-03-10,2025-12-31,100000.0000000000,9301807.6369239837,92.0180763692,0.1841868805,67,2.4988509650,32157.6342139057,-0.9203661598,2000-03-27,2003-03-31,1099,2017-06-02,5177.0000000000,6276.0000000000,6276,2000-03-27
full_pre2026,standalone_qqq_cross_10_200_half_floor,1999-03-10,2025-12-31,100000.0000000000,10801382.5315226428,107.0138253152,0.1908065679,67,2.4988509650,16225.9698619519,-0.9628040544,2000-03-27,2003-03-31,1099,2017-06-01,5176.0000000000,6275.0000000000,6275,2000-03-27
full_pre2026,standalone_qqq_cross_10_250_full_cash,1999-03-10,2025-12-31,100000.0000000000,14129131.2177427784,140.2913121774,0.2027941710,57,2.1258881344,128350.8097136222,-0.8091606014,2000-03-27,2003-03-31,1099,2009-12-28,2464.0000000000,3563.0000000000,3563,2000-03-27
full_pre2026,standalone_qqq_cross_10_250_half_floor,1999-03-10,2025-12-31,100000.0000000000,22418889.4221282639,223.1888942213,0.2236836819,57,2.1258881344,79818.7432398391,-0.9040472288,2000-03-27,2003-03-31,1099,2013-10-18,3854.0000000000,4953.0000000000,4953,2000-03-27
full_pre2026,standalone_qqq_cross_20_50_full_cash,1999-03-10,2025-12-31,100000.0000000000,1046592.9335447148,9.4659293354,0.0915255889,129,4.8112205147,31161.3057196701,-0.9517727716,2000-03-27,2003-03-31,1099,2020-02-05,6155.0000000000,7254.0000000000,7254,2000-03-27
full_pre2026,standalone_qqq_cross_20_50_half_floor,1999-03-10,2025-12-31,100000.0000000000,2110224.1821408337,20.1022418214,0.1204501373,129,4.8112205147,20342.1237028465,-0.9859323548,2000-03-27,2002-10-09,926,2020-01-17,6309.0000000000,7235.0000000000,7235,2000-03-27
full_pre2026,standalone_qqq_cross_20_100_full_cash,1999-03-10,2025-12-31,100000.0000000000,6441674.0338297049,63.4167403383,0.1680701595,69,2.5734435311,42200.4860280554,-0.9210403362,2000-03-27,2003-03-31,1099,2015-07-17,4491.0000000000,5590.0000000000,5590,2000-03-27
full_pre2026,standalone_qqq_cross_20_100_half_floor,1999-03-10,2025-12-31,100000.0000000000,8629179.3539337665,85.2917935393,0.1808764627,69,2.5734435311,22668.3777908335,-0.9674622149,2000-03-27,2003-03-11,1079,2017-05-16,5180.0000000000,6259.0000000000,6259,2000-03-27
full_pre2026,standalone_qqq_cross_20_150_full_cash,1999-03-10,2025-12-31,100000.0000000000,4893576.6432088446,47.9357664321,0.1561569236,59,2.2004807005,21226.7027427246,-0.9471372374,2000-03-27,2003-03-11,1079,2018-03-12,5480.0000000000,6559.0000000000,6559,2000-03-27
full_pre2026,standalone_qqq_cross_20_150_half_floor,1999-03-10,2025-12-31,100000.0000000000,6275167.7127479846,61.7516771275,0.1669298344,59,2.2004807005,11897.7851986095,-0.9769589777,2000-03-27,2003-03-11,1079,2018-01-17,5426.0000000000,6505.0000000000,6505,2000-03-27
full_pre2026,standalone_qqq_cross_20_200_full_cash,1999-03-10,2025-12-31,100000.0000000000,14411018.5529734381,143.1101855297,0.2036806742,49,1.8275178699,46723.7392895051,-0.8134302598,2000-03-27,2003-03-31,1099,2014-06-05,4084.0000000000,5183.0000000000,5183,2000-03-27
full_pre2026,standalone_qqq_cross_20_200_half_floor,1999-03-10,2025-12-31,100000.0000000000,14797302.7988181170,146.9730279882,0.2048687572,49,1.8275178699,20750.5883380837,-0.9401566656,2000-03-27,2003-03-31,1099,2015-02-26,4350.0000000000,5449.0000000000,5449,2000-03-27
full_pre2026,standalone_qqq_cross_20_250_full_cash,1999-03-10,2025-12-31,100000.0000000000,38616984.2875597328,385.1698428756,0.2487549356,35,1.3053699071,125901.7831849449,-0.8230162091,2000-03-27,2003-04-09,1108,2013-07-11,3746.0000000000,4854.0000000000,4854,2000-03-27
full_pre2026,standalone_qqq_cross_20_250_half_floor,1999-03-10,2025-12-31,100000.0000000000,34620086.1652457565,345.2008616525,0.2436767093,35,1.3053699071,52235.9360124751,-0.9109660134,2000-03-27,2003-04-09,1108,2013-12-06,3894.0000000000,5002.0000000000,5002,2000-03-27
full_pre2026,standalone_qqq_cross_50_100_full_cash,1999-03-10,2025-12-31,100000.0000000000,10041003.9046800993,99.4100390468,0.1875689845,57,2.1258881344,69952.9236151903,-0.9430313829,2000-03-27,2003-02-07,1047,2014-09-02,4225.0000000000,5272.0000000000,5272,2000-03-27
full_pre2026,standalone_qqq_cross_50_100_half_floor,1999-03-10,2025-12-31,100000.0000000000,7701768.7897333335,76.0176878973,0.1758794821,57,2.1258881344,23055.5334415267,-0.9828580324,2000-03-27,2003-02-07,1047,2017-11-22,5402.0000000000,6449.0000000000,6449,2000-03-27
full_pre2026,standalone_qqq_cross_50_150_full_cash,1999-03-10,2025-12-31,100000.0000000000,24297944.8955559991,241.9794489556,0.2273625761,35,1.3053699071,85185.7233797224,-0.8434465747,2000-03-27,2003-03-11,1079,2012-02-09,3257.0000000000,4336.0000000000,4336,2000-03-27
full_pre2026,standalone_qqq_cross_50_150_half_floor,1999-03-10,2025-12-31,100000.0000000000,19087232.9475686066,189.8723294757,0.2163630966,35,1.3053699071,25400.1855002037,-0.9499682600,2000-03-27,2003-03-11,1079,2014-07-03,4132.0000000000,5211.0000000000,5211,2000-03-27
full_pre2026,standalone_qqq_cross_50_200_full_cash,1999-03-10,2025-12-31,100000.0000000000,49124111.0657443777,490.2411106574,0.2600137636,33,1.2307773410,138101.6191606592,-0.8012814985,2000-03-27,2000-05-23,57,2007-10-31,2717.0000000000,2774.0000000000,2774,2000-03-27
full_pre2026,standalone_qqq_cross_50_200_half_floor,1999-03-10,2025-12-31,100000.0000000000,56367679.3501538411,562.6767935015,0.2664941829,33,1.2307773410,68327.0768464536,-0.8626521804,2000-03-27,2003-03-11,1079,2013-05-03,3706.0000000000,4785.0000000000,4785,2000-03-27
full_pre2026,standalone_qqq_cross_50_250_full_cash,1999-03-10,2025-12-31,100000.0000000000,36852777.7004949450,367.5277770049,0.2465789817,29,1.0815922087,97024.9211294088,-0.8411121522,2000-03-27,2000-10-12,199,2013-05-10,4593.0000000000,4792.0000000000,4792,2000-03-27
full_pre2026,standalone_qqq_cross_50_250_half_floor,1999-03-10,2025-12-31,100000.0000000000,31069106.5158757940,309.6910651588,0.2386670901,29,1.0815922087,35398.2403765938,-0.9026508110,2000-03-27,2003-04-25,1124,2013-12-06,3878.0000000000,5002.0000000000,5002,2000-03-27
full_pre2026,standalone_qqq_cross_100_150_full_cash,1999-03-10,2025-12-31,100000.0000000000,6110358.2680800827,60.1035826808,0.1657720758,39,1.4545550393,24321.9935271838,-0.9559678428,2000-03-27,2009-05-13,3334,2017-05-26,2935.0000000000,6269.0000000000,6269,2000-03-27
full_pre2026,standalone_qqq_cross_100_150_half_floor,1999-03-10,2025-12-31,100000.0000000000,6163898.4151993161,60.6389841520,0.1661514493,39,1.4545550393,9984.5760928651,-0.9829970136,2000-03-27,2009-03-09,3269,2018-01-08,3227.0000000000,6496.0000000000,6496,2000-03-27
full_pre2026,standalone_qqq_cross_100_200_full_cash,1999-03-10,2025-12-31,100000.0000000000,23740249.9178681746,236.4024991787,0.2263001225,29,1.0815922087,66952.3531611472,-0.9093997698,2000-03-27,2009-07-07,3389,2014-11-03,1945.0000000000,5334.0000000000,5334,2000-03-27
full_pre2026,standalone_qqq_cross_100_200_half_floor,1999-03-10,2025-12-31,100000.0000000000,17515094.5900214389,174.1509459002,0.2124698476,29,1.0815922087,23700.0430604239,-0.9580829715,2000-03-27,2009-03-09,3269,2016-12-13,2836.0000000000,6105.0000000000,6105,2000-03-27
full_pre2026,standalone_qqq_cross_100_250_full_cash,1999-03-10,2025-12-31,100000.0000000000,38161271.5712455809,380.6127157125,0.2482021781,17,0.6340368120,30914.9901142005,-0.8415831334,2000-03-27,2000-10-30,217,2013-11-26,4775.0000000000,4992.0000000000,4992,2000-03-27
full_pre2026,standalone_qqq_cross_100_250_half_floor,1999-03-10,2025-12-31,100000.0000000000,26371886.2209528014,262.7188622095,0.2311176773,17,0.6340368120,11828.6730716000,-0.9152572327,2000-03-27,2003-04-25,1124,2014-07-22,4106.0000000000,5230.0000000000,5230,2000-03-27
full_pre2026,standalone_qqq_band_cross_10_50_1_full_cash,1999-03-10,2025-12-31,100000.0000000000,2000813.3511316834,19.0081335113,0.1182275009,123,4.5874428163,45507.1910991579,-0.9245900831,2000-03-27,2003-03-31,1099,2019-03-15,5828.0000000000,6927.0000000000,6927,2000-03-27
full_pre2026,standalone_qqq_band_cross_10_50_1_half_floor,1999-03-10,2025-12-31,100000.0000000000,2913029.7289651893,28.1302972897,0.1340040942,123,4.5874428163,24705.6466891697,-0.9806948648,2000-03-27,2003-03-31,1099,2019-12-19,6107.0000000000,7206.0000000000,7206,2000-03-27
full_pre2026,standalone_qqq_band_cross_10_50_2_full_cash,1999-03-10,2025-12-31,100000.0000000000,4406580.3840003833,43.0658038400,0.1516456785,91,3.3939617584,93806.6255803137,-0.8839091144,2000-03-27,2001-06-19,449,2014-02-18,4627.0000000000,5076.0000000000,5076,2000-03-27
full_pre2026,standalone_qqq_band_cross_10_50_2_half_floor,1999-03-10,2025-12-31,100000.0000000000,4470743.1066704560,43.7074310667,0.1522667474,91,3.3939617584,30991.2398448051,-0.9768325629,2000-03-27,2002-10-09,926,2017-12-18,5549.0000000000,6475.0000000000,6475,2000-03-27
full_pre2026,standalone_qqq_band_cross_10_50_3_full_cash,1999-03-10,2025-12-31,100000.0000000000,10291847.1598295197,101.9184715983,0.1886623879,69,2.5734435311,141799.2288892111,-0.8490819880,2000-03-27,2003-03-31,1099,2007-10-23,1667.0000000000,2766.0000000000,2766,2000-03-27
full_pre2026,standalone_qqq_band_cross_10_50_3_half_floor,1999-03-10,2025-12-31,100000.0000000000,9206496.7883776017,91.0649678838,0.1837320894,69,2.5734435311,42747.1770317822,-0.9622970514,2000-03-27,2003-03-11,1079,2015-07-16,4510.0000000000,5589.0000000000,5589,2000-03-27
full_pre2026,standalone_qqq_band_cross_20_100_1_full_cash,1999-03-10,2025-12-31,100000.0000000000,6729483.1651323726,66.2948316513,0.1699759199,53,1.9767030021,50406.0609539508,-0.8986068558,2000-03-27,2003-04-09,1108,2013-12-26,3914.0000000000,5022.0000000000,5022,2000-03-27
full_pre2026,standalone_qqq_band_cross_20_100_1_half_floor,1999-03-10,2025-12-31,100000.0000000000,8074165.6701842444,79.7416567018,0.1779521631,53,1.9767030021,21134.6698988670,-0.9674017197,2000-03-27,2003-02-07,1047,2017-03-01,5136.0000000000,6183.0000000000,6183,2000-03-27
full_pre2026,standalone_qqq_band_cross_20_100_2_full_cash,1999-03-10,2025-12-31,100000.0000000000,8863125.4397813417,87.6312543978,0.1820551845,45,1.6783327377,57270.7083688474,-0.8808947182,2000-03-27,2003-04-09,1108,2010-03-17,2534.0000000000,3642.0000000000,3642,2000-03-27
full_pre2026,standalone_qqq_band_cross_20_100_2_half_floor,1999-03-10,2025-12-31,100000.0000000000,9873331.1607289091,97.7333116073,0.1868233518,45,1.6783327377,23259.7285380933,-0.9633791066,2000-03-27,2003-02-07,1047,2015-04-24,4459.0000000000,5506.0000000000,5506,2000-03-27
full_pre2026,standalone_qqq_band_cross_20_100_3_full_cash,1999-03-10,2025-12-31,100000.0000000000,12045674.6405436918,119.4567464054,0.1956588060,41,1.5291476054,50366.8508769356,-0.8790821876,2000-03-27,2003-03-11,1079,2014-07-22,4151.0000000000,5230.0000000000,5230,2000-03-27
full_pre2026,standalone_qqq_band_cross_20_100_3_half_floor,1999-03-10,2025-12-31,100000.0000000000,12124957.1503990274,120.2495715040,0.1959513875,41,1.5291476054,21458.6432587292,-0.9632242320,2000-03-27,2003-03-11,1079,2017-02-15,5090.0000000000,6169.0000000000,6169,2000-03-27
full_pre2026,standalone_qqq_band_cross_50_200_1_full_cash,1999-03-10,2025-12-31,100000.0000000000,20175354.3940361440,200.7535439404,0.2188808752,25,0.9324070765,66022.6696178778,-0.8012814985,2000-03-27,2000-05-23,57,2013-08-01,4818.0000000000,4875.0000000000,4875,2000-03-27
full_pre2026,standalone_qqq_band_cross_50_200_1_half_floor,1999-03-10,2025-12-31,100000.0000000000,30155542.9230448119,300.5554292304,0.2372890775,25,0.9324070765,35391.3682264422,-0.8760158268,2000-03-27,2003-03-31,1099,2013-10-17,3853.0000000000,4952.0000000000,4952,2000-03-27
full_pre2026,standalone_qqq_band_cross_50_200_2_full_cash,1999-03-10,2025-12-31,100000.0000000000,45012911.9493543133,449.1291194935,0.2559131620,19,0.7086293781,124672.0674455340,-0.8012814985,2000-03-27,2000-05-23,57,2010-11-02,3815.0000000000,3872.0000000000,3872,2000-03-27
full_pre2026,standalone_qqq_band_cross_50_200_2_half_floor,1999-03-10,2025-12-31,100000.0000000000,39438848.0916439444,393.3884809164,0.2497361273,19,0.7086293781,45550.1507376488,-0.8909869720,2000-03-27,2003-04-09,1108,2013-08-02,3768.0000000000,4876.0000000000,4876,2000-03-27
full_pre2026,standalone_qqq_band_cross_50_200_3_full_cash,1999-03-10,2025-12-31,100000.0000000000,11161762.5981197096,110.6176259812,0.1922650725,19,0.7086293781,33129.0547137257,-0.8440442198,2000-03-27,2000-10-13,200,2014-01-15,4842.0000000000,5042.0000000000,5042,2000-03-27
full_pre2026,standalone_qqq_band_cross_50_200_3_half_floor,1999-03-10,2025-12-31,100000.0000000000,16728474.0462626647,166.2847404626,0.2103937055,19,0.7086293781,19833.3362756918,-0.9217003338,2000-03-27,2002-10-09,926,2014-07-23,4305.0000000000,5231.0000000000,5231,2000-03-27
full_pre2026,standalone_qqq_band_cross_100_200_1_full_cash,1999-03-10,2025-12-31,100000.0000000000,94170065.1912437826,940.7006519124,0.2909692454,19,0.7086293781,72061.6302947601,-0.8012814985,2000-03-27,2000-05-23,57,2003-09-04,1199.0000000000,1256.0000000000,2536,2004-01-26
full_pre2026,standalone_qqq_band_cross_100_200_1_half_floor,1999-03-10,2025-12-31,100000.0000000000,80538566.0641717017,804.3856606417,0.2834623810,19,0.7086293781,36915.3174767920,-0.8137396943,2000-03-27,2003-03-11,1079,2011-02-11,2894.0000000000,3973.0000000000,3973,2000-03-27
full_pre2026,standalone_qqq_band_cross_100_200_2_full_cash,1999-03-10,2025-12-31,100000.0000000000,250453763.0418907404,2503.5376304189,0.3389362669,11,0.4102591137,186825.5120065222,-0.8012814985,2000-03-27,2000-05-23,57,2005-11-25,2012.0000000000,2069.0000000000,2069,2000-03-27
full_pre2026,standalone_qqq_band_cross_100_200_2_half_floor,1999-03-10,2025-12-31,100000.0000000000,98700077.2528440356,986.0007725284,0.2932334008,11,0.4102591137,41592.3939238737,-0.8628436313,2000-03-27,2003-03-31,1099,2011-02-11,2874.0000000000,3973.0000000000,3973,2000-03-27
full_pre2026,standalone_qqq_band_cross_100_200_3_full_cash,1999-03-10,2025-12-31,100000.0000000000,127713101.6445676833,1276.1310164457,0.3057229474,11,0.4102591137,107084.7775006095,-0.8415831334,2000-03-27,2000-10-30,217,2010-03-23,3431.0000000000,3648.0000000000,3648,2000-03-27
full_pre2026,standalone_qqq_band_cross_100_200_3_half_floor,1999-03-10,2025-12-31,100000.0000000000,54913726.2309573442,548.1372623096,0.2652603974,11,0.4102591137,23169.5052841526,-0.9192168556,2000-03-27,2003-03-31,1099,2013-05-08,3691.0000000000,4790.0000000000,4790,2000-03-27
full_pre2026,standalone_qqq_triple_5_20_100_full_cash,1999-03-10,2025-12-31,100000.0000000000,6413863.2045011474,63.1386320450,0.1678816845,453,16.8952162259,170618.8595903850,-0.9116635806,2000-03-09,2003-03-31,1117,2017-11-21,5349.0000000000,6466.0000000000,6466,2000-03-09
full_pre2026,standalone_qqq_triple_5_20_100_half_floor,1999-03-10,2025-12-31,100000.0000000000,3927733.8848684425,38.2773388487,0.1467152108,453,16.8952162259,48920.0858493300,-0.9848409392,2000-03-09,2002-10-09,944,2020-01-13,6305.0000000000,7249.0000000000,7249,2000-03-09
full_pre2026,standalone_qqq_triple_10_50_200_full_cash,1999-03-10,2025-12-31,100000.0000000000,15333716.1069883443,152.3371610699,0.2064699932,193,7.1981826305,228731.6457735191,-0.8306978475,2000-03-27,2003-03-31,1099,2011-02-11,2874.0000000000,3973.0000000000,3973,2000-03-27
full_pre2026,standalone_qqq_triple_10_50_200_half_floor,1999-03-10,2025-12-31,100000.0000000000,7226999.1243775180,71.2699912438,0.1730924072,193,7.1981826305,46159.3214055989,-0.9769908320,2000-03-27,2002-10-09,926,2017-11-21,5522.0000000000,6448.0000000000,6448,2000-03-27
full_pre2026,standalone_qqq_triple_20_50_200_full_cash,1999-03-10,2025-12-31,100000.0000000000,12129433.4099954497,120.2943341000,0.1959678516,157,5.8555164403,130849.6794473853,-0.8663880450,2000-03-27,2003-03-31,1099,2013-11-25,3892.0000000000,4991.0000000000,4991,2000-03-27
full_pre2026,standalone_qqq_triple_20_50_200_half_floor,1999-03-10,2025-12-31,100000.0000000000,6856112.2591609396,67.5611225916,0.1707896696,157,5.8555164403,30667.2467041311,-0.9784268565,2000-03-27,2002-10-09,926,2017-11-03,5504.0000000000,6430.0000000000,6430,2000-03-27
full_pre2026,standalone_qqq_triple_20_100_200_full_cash,1999-03-10,2025-12-31,100000.0000000000,18277991.0713633858,181.7799107136,0.2143993445,97,3.6177394568,71452.3622660851,-0.8652849897,2000-03-27,2009-04-07,3298,2014-07-03,1913.0000000000,5211.0000000000,5211,2000-03-27
full_pre2026,standalone_qqq_triple_20_100_200_half_floor,1999-03-10,2025-12-31,100000.0000000000,10857908.9485038705,107.5790894850,0.1910384073,97,3.6177394568,20004.3743803666,-0.9647586083,2000-03-27,2009-03-09,3269,2017-04-28,2972.0000000000,6241.0000000000,6241,2000-03-27
full_pre2026,standalone_qqq_triple_50_100_200_full_cash,1999-03-10,2025-12-31,100000.0000000000,24018782.2727978304,239.1878227280,0.2268337176,83,3.0955914939,107927.0369018653,-0.8741261109,2000-03-27,2003-03-11,1079,2014-01-15,3963.0000000000,5042.0000000000,5042,2000-03-27
full_pre2026,standalone_qqq_triple_50_100_200_half_floor,1999-03-10,2025-12-31,100000.0000000000,8301399.8133333577,82.0139981333,0.1791721443,83,3.0955914939,17756.3440741305,-0.9779777476,2000-03-27,2009-03-09,3269,2017-11-21,3179.0000000000,6448.0000000000,6448,2000-03-27
full_pre2026,standalone_qqq_triple_50_150_200_full_cash,1999-03-10,2025-12-31,100000.0000000000,27282355.6966729127,271.8235569667,0.2326771330,65,2.4242583989,52533.6937081176,-0.8384348814,2000-03-27,2003-03-11,1079,2013-09-18,3844.0000000000,4923.0000000000,4923,2000-03-27
full_pre2026,standalone_qqq_triple_50_150_200_half_floor,1999-03-10,2025-12-31,100000.0000000000,12780661.6603582688,126.8066166036,0.1983028979,65,2.4242583989,11458.7921886444,-0.9660104056,2000-03-27,2002-10-09,926,2017-03-01,5257.0000000000,6183.0000000000,6183,2000-03-27
full_pre2026,standalone_qqq_slope_50_20_full_cash,1999-03-10,2025-12-31,100000.0000000000,1388024.4335260098,12.8802443353,0.1030803952,329,12.2704771265,187057.5536545239,-0.8016758743,2000-03-27,2003-04-09,1108,2011-01-11,2834.0000000000,3942.0000000000,3942,2000-03-27
full_pre2026,standalone_qqq_slope_50_20_half_floor,1999-03-10,2025-12-31,100000.0000000000,4826687.9382754434,47.2668793828,0.1555636126,329,12.2704771265,152903.7102519561,-0.9472844167,2000-03-27,2003-03-11,1079,2017-05-01,5165.0000000000,6244.0000000000,6244,2000-03-27
full_pre2026,standalone_qqq_slope_100_20_full_cash,1999-03-10,2025-12-31,100000.0000000000,1531051.0483800110,14.3105104838,0.1071225846,249,9.2867744818,86599.9771690505,-0.8933643623,2000-03-27,2003-04-11,1110,2018-01-22,5400.0000000000,6510.0000000000,6510,2000-03-27
full_pre2026,standalone_qqq_slope_100_20_half_floor,1999-03-10,2025-12-31,100000.0000000000,5394460.3958077598,52.9446039581,0.1603666097,249,9.2867744818,82854.7227442005,-0.9542072164,2000-03-27,2003-04-11,1110,2017-07-24,5218.0000000000,6328.0000000000,6328,2000-03-27
full_pre2026,standalone_qqq_slope_150_20_full_cash,1999-03-10,2025-12-31,100000.0000000000,16045335.5481253900,159.4533554813,0.2085129631,145,5.4079610436,183067.1844427366,-0.8967427721,2000-03-27,2003-03-31,1099,2014-07-03,4112.0000000000,5211.0000000000,5211,2000-03-27
full_pre2026,standalone_qqq_slope_150_20_half_floor,1999-03-10,2025-12-31,100000.0000000000,35631993.5083110109,355.3199350831,0.2450137604,145,5.4079610436,179564.9499550942,-0.9054986527,2000-03-27,2003-03-11,1079,2013-10-29,3885.0000000000,4964.0000000000,4964,2000-03-27
full_pre2026,standalone_qqq_slope_200_20_full_cash,1999-03-10,2025-12-31,100000.0000000000,8226552.6334390407,81.2655263344,0.1787738916,139,5.1841833452,89900.6645428377,-0.8287700600,2000-03-27,2000-09-11,168,2015-02-20,5275.0000000000,5443.0000000000,5443,2000-03-27
full_pre2026,standalone_qqq_slope_200_20_half_floor,1999-03-10,2025-12-31,100000.0000000000,18583046.6451727301,184.8304664517,0.2151492602,139,5.1841833452,93160.4418969551,-0.8786768019,2000-03-27,2002-10-09,926,2014-07-22,4304.0000000000,5230.0000000000,5230,2000-03-27
full_pre2026,standalone_qqq_slope_250_20_full_cash,1999-03-10,2025-12-31,100000.0000000000,7766771.9171035364,76.6677191710,0.1762481318,125,4.6620353824,104567.5791442660,-0.8376435842,2000-03-27,2003-06-25,1185,2014-11-14,4160.0000000000,5345.0000000000,5345,2000-03-27
full_pre2026,standalone_qqq_slope_250_20_half_floor,1999-03-10,2025-12-31,100000.0000000000,13213528.3904672153,131.1352839047,0.1997924304,125,4.6620353824,79698.4729419243,-0.8975991246,2000-03-27,2003-06-25,1185,2014-11-26,4172.0000000000,5357.0000000000,5357,2000-03-27
full_pre2026,vo_qqq_price_sma_20_trend_cap,1999-03-10,2025-12-31,100000.0000000000,3753399.0243506408,36.5339902435,0.1447751425,672,25.0631022159,535902.8604965643,-0.4380368482,2015-03-02,2016-02-18,353,2017-05-10,447.0000000000,800.0000000000,1230,1999-12-23
full_pre2026,vo_qqq_price_sma_20_trend_floor,1999-03-10,2025-12-31,100000.0000000000,23879747.7133768313,237.7974771338,0.2265681128,398,14.8439206576,435535.9282220541,-0.9507094764,2000-03-09,2002-08-29,903,2013-10-25,4075.0000000000,4978.0000000000,4978,2000-03-09
full_pre2026,vo_qqq_price_sma_20_blend,1999-03-10,2025-12-31,100000.0000000000,15233850.0758373104,151.3385007584,0.2061760133,897,33.4547659042,857493.4721705224,-0.7616421621,2000-03-09,2002-08-29,903,2010-04-14,2785.0000000000,3688.0000000000,3688,2000-03-09
full_pre2026,vo_qqq_price_sma_20_bear_step_down,1999-03-10,2025-12-31,100000.0000000000,23591615.0446480066,234.9161504465,0.2260129056,696,25.9582130093,1321714.8527817870,-0.3550739878,2007-10-31,2009-07-06,614,2010-03-23,260.0000000000,874.0000000000,1230,1999-12-23
full_pre2026,vo_qqq_price_sma_20_bull_step_up,1999-03-10,2025-12-31,100000.0000000000,100741018.6325764656,1006.4101863258,0.2942209740,424,15.8136240172,1663118.5609983464,-0.7616582333,2000-03-09,2002-08-29,903,2007-09-27,1855.0000000000,2758.0000000000,2758,2000-03-09
full_pre2026,vo_qqq_price_sma_20_cut_confirm,1999-03-10,2025-12-31,100000.0000000000,120988782.0255121589,1208.8878202551,0.3030915664,126,4.6993316655,1348250.4849863551,-0.5474348097,2007-10-31,2009-05-13,560,2009-12-24,225.0000000000,785.0000000000,1243,2000-01-03
full_pre2026,vo_qqq_price_sma_20_raise_confirm,1999-03-10,2025-12-31,100000.0000000000,112007597.4766504765,1119.0759747665,0.2993483438,124,4.6247390994,966204.7095768520,-0.5288301987,2007-10-31,2009-05-13,560,2010-04-14,336.0000000000,896.0000000000,1176,1999-12-23
full_pre2026,vo_qqq_price_sma_20_both_confirm,1999-03-10,2025-12-31,100000.0000000000,76926957.3434365243,768.2695734344,0.2812680681,96,3.5804431737,643962.5975313247,-0.5474346801,2007-10-31,2009-05-13,560,2010-03-23,314.0000000000,874.0000000000,1281,2000-01-03
full_pre2026,vo_qqq_price_sma_50_trend_cap,1999-03-10,2025-12-31,100000.0000000000,4403443.7401524838,43.0344374015,0.1516150943,424,15.8136240172,276849.3888554876,-0.4672714139,2014-11-28,2016-07-05,585,2017-05-30,329.0000000000,914.0000000000,1180,1999-12-23
full_pre2026,vo_qqq_price_sma_50_trend_floor,1999-03-10,2025-12-31,100000.0000000000,204881362.1458825767,2047.8136214588,0.3289441595,245,9.1375893495,3144788.8241282804,-0.8819710306,2000-03-27,2001-10-30,582,2009-10-22,2914.0000000000,3496.0000000000,3496,2000-03-27
full_pre2026,vo_qqq_price_sma_50_blend,1999-03-10,2025-12-31,100000.0000000000,41174903.3914855719,410.7490339149,0.2517456105,560,20.8859185132,1200441.6106187578,-0.6552738036,2000-03-27,2001-10-30,582,2006-11-14,1841.0000000000,2423.0000000000,2423,2000-03-27
full_pre2026,vo_qqq_price_sma_50_bear_step_down,1999-03-10,2025-12-31,100000.0000000000,27544050.4768769667,274.4405047688,0.2331160989,449,16.7460310936,809157.5273738237,-0.3849412395,2007-07-19,2009-05-13,664,2009-11-16,187.0000000000,851.0000000000,1180,1999-12-23
full_pre2026,vo_qqq_price_sma_50_bull_step_up,1999-03-10,2025-12-31,100000.0000000000,290839261.6190959215,2907.3926161910,0.3464225727,276,10.2937741244,4398425.4520609118,-0.6514049781,2000-03-27,2001-10-30,582,2005-11-17,1479.0000000000,2061.0000000000,2061,2000-03-27
full_pre2026,vo_qqq_price_sma_50_cut_confirm,1999-03-10,2025-12-31,100000.0000000000,276330661.5182979107,2762.3066151830,0.3438553140,112,4.1771837026,2479723.9189632125,-0.5447108257,2007-10-31,2009-05-13,560,2009-12-24,225.0000000000,785.0000000000,1159,2000-03-27
full_pre2026,vo_qqq_price_sma_50_raise_confirm,1999-03-10,2025-12-31,100000.0000000000,142079677.4463258386,1419.7967744633,0.3109246338,122,4.5501465332,1160881.9435718074,-0.5288305527,2007-10-31,2009-05-13,560,2010-04-05,327.0000000000,887.0000000000,1176,1999-12-23
full_pre2026,vo_qqq_price_sma_50_both_confirm,1999-03-10,2025-12-31,100000.0000000000,202749558.6812971830,2026.4955868130,0.3284258352,82,3.0582952109,1445227.8399228810,-0.5447109669,2007-10-31,2009-05-13,560,2009-12-24,225.0000000000,785.0000000000,1197,2000-03-27
full_pre2026,vo_qqq_price_sma_100_trend_cap,1999-03-10,2025-12-31,100000.0000000000,5978816.4045990892,58.7881640460,0.1648262363,332,12.3823659757,231246.5631513205,-0.4990204543,2004-01-26,2006-09-07,955,2009-12-23,1203.0000000000,2158.0000000000,2158,2004-01-26
full_pre2026,vo_qqq_price_sma_100_trend_floor,1999-03-10,2025-12-31,100000.0000000000,52724580.7902962342,526.2458079030,0.2633421100,206,7.6830343102,884275.5064349003,-0.9234006348,2000-03-27,2003-04-11,1110,2011-01-11,2832.0000000000,3942.0000000000,3942,2000-03-27
full_pre2026,vo_qqq_price_sma_100_blend,1999-03-10,2025-12-31,100000.0000000000,22838112.5877473205,227.3811258775,0.2245295189,447,16.6714385275,558914.8401242617,-0.7335952911,2000-03-27,2003-04-11,1110,2009-11-16,2411.0000000000,3521.0000000000,3521,2000-03-27
full_pre2026,vo_qqq_price_sma_100_bear_step_down,1999-03-10,2025-12-31,100000.0000000000,29795088.5604997128,296.9508856050,0.2367342844,353,13.1655879199,691249.1752375189,-0.4603025761,2007-10-31,2009-05-13,560,2009-12-21,222.0000000000,782.0000000000,1230,1999-12-23
full_pre2026,vo_qqq_price_sma_100_bull_step_up,1999-03-10,2025-12-31,100000.0000000000,126546669.0541347265,1264.4666905413,0.3052762048,237,8.8392190851,1899316.5598092745,-0.7192182165,2000-03-27,2003-03-11,1079,2006-11-08,1338.0000000000,2417.0000000000,2417,2000-03-27
full_pre2026,vo_qqq_price_sma_100_cut_confirm,1999-03-10,2025-12-31,100000.0000000000,135012030.8373310566,1349.1203083733,0.3084323034,103,3.8415171551,1125699.9154367931,-0.6124238130,2007-10-31,2009-05-13,560,2010-04-14,336.0000000000,896.0000000000,1382,2000-03-27
full_pre2026,vo_qqq_price_sma_100_raise_confirm,1999-03-10,2025-12-31,100000.0000000000,117476493.5567991138,1173.7649355680,0.3016606035,125,4.6620353824,1064367.6429376984,-0.5288301336,2007-10-31,2009-05-13,560,2010-04-05,327.0000000000,887.0000000000,1176,1999-12-23
full_pre2026,vo_qqq_price_sma_100_both_confirm,1999-03-10,2025-12-31,100000.0000000000,87482893.9673005790,873.8289396730,0.2874275492,76,2.8345175125,542055.9094603501,-0.6124238602,2007-10-31,2009-05-13,560,2010-04-14,336.0000000000,896.0000000000,1381,2000-03-27
full_pre2026,vo_qqq_price_sma_150_trend_cap,1999-03-10,2025-12-31,100000.0000000000,43621739.9679169208,435.2173996792,0.2544435121,231,8.6154413867,579475.4791274264,-0.5378212142,2012-04-03,2013-02-25,328,2013-12-20,298.0000000000,626.0000000000,1153,1999-12-23
full_pre2026,vo_qqq_price_sma_150_trend_floor,1999-03-10,2025-12-31,100000.0000000000,30232724.5838965736,301.3272458390,0.2374070415,181,6.7506272337,250177.8724201875,-0.9762074347,2000-03-27,2003-03-11,1079,2014-08-21,4181.0000000000,5260.0000000000,5260,2000-03-27
full_pre2026,vo_qqq_price_sma_150_blend,1999-03-10,2025-12-31,100000.0000000000,48462410.2222275361,483.6241022223,0.2593766168,357,13.3147730522,514493.2369926734,-0.8417236828,2000-03-27,2003-03-11,1079,2010-04-23,2600.0000000000,3679.0000000000,3679,2000-03-27
full_pre2026,vo_qqq_price_sma_150_bear_step_down,1999-03-10,2025-12-31,100000.0000000000,112271782.7750645578,1121.7178277506,0.2994625159,241,8.9884042173,1219242.4372351423,-0.4956132303,2007-10-31,2009-05-13,560,2009-12-24,225.0000000000,785.0000000000,1153,1999-12-23
full_pre2026,vo_qqq_price_sma_150_bull_step_up,1999-03-10,2025-12-31,100000.0000000000,142950365.1558420658,1428.5036515584,0.3112233755,213,7.9441082916,1085736.4497794355,-0.8428364668,2000-03-27,2003-03-11,1079,2007-07-13,1585.0000000000,2664.0000000000,2664,2000-03-27
full_pre2026,vo_qqq_price_sma_150_cut_confirm,1999-03-10,2025-12-31,100000.0000000000,243294773.0078358650,2431.9477300784,0.3374888389,79,2.9464063617,1380343.8028363204,-0.7446517238,2000-03-27,2000-09-18,175,2006-11-21,2255.0000000000,2430.0000000000,2430,2000-03-27
full_pre2026,vo_qqq_price_sma_150_raise_confirm,1999-03-10,2025-12-31,100000.0000000000,109217608.0857086778,1091.1760808571,0.2981265221,128,4.7739242316,1050990.0178997833,-0.5580330715,2007-10-31,2009-05-13,560,2010-04-14,336.0000000000,896.0000000000,1153,1999-12-23
full_pre2026,vo_qqq_price_sma_150_both_confirm,1999-03-10,2025-12-31,100000.0000000000,138886787.9683241248,1387.8678796832,0.3098138301,53,1.9767030021,552090.1395315157,-0.7515395956,2000-03-27,2003-03-11,1079,2007-09-25,1659.0000000000,2738.0000000000,2738,2000-03-27
full_pre2026,vo_qqq_price_sma_200_trend_cap,1999-03-10,2025-12-31,100000.0000000000,29940390.5794824436,298.4039057948,0.2369586992,242,9.0257005004,344455.6448079529,-0.5870159057,2015-07-20,2016-07-05,351,2017-09-13,435.0000000000,786.0000000000,1256,2004-01-26
full_pre2026,vo_qqq_price_sma_200_trend_floor,1999-03-10,2025-12-31,100000.0000000000,47748460.7003867179,476.4846070039,0.2586796978,162,6.0419978556,449225.7889959672,-0.9273291529,2000-03-27,2003-03-11,1079,2012-09-14,3475.0000000000,4554.0000000000,4554,2000-03-27
full_pre2026,vo_qqq_price_sma_200_blend,1999-03-10,2025-12-31,100000.0000000000,49917665.4647807553,498.1766546478,0.2607670640,334,12.4569585418,508140.6376764095,-0.7246128263,2000-03-27,2003-03-11,1079,2007-07-17,1589.0000000000,2668.0000000000,2668,2000-03-27
full_pre2026,vo_qqq_price_sma_200_bear_step_down,1999-03-10,2025-12-31,100000.0000000000,80172276.2559379041,800.7227625594,0.2832441973,252,9.3986633310,823585.2180100111,-0.5080254312,2015-07-20,2016-06-27,343,2017-04-24,301.0000000000,644.0000000000,1180,1999-12-23
full_pre2026,vo_qqq_price_sma_200_bull_step_up,1999-03-10,2025-12-31,100000.0000000000,151936365.1113108397,1518.3636511131,0.3142081513,195,7.2727751966,1264229.5201918760,-0.7262331950,2000-03-27,2003-03-11,1079,2006-01-06,1032.0000000000,2111.0000000000,2111,2000-03-27
full_pre2026,vo_qqq_price_sma_200_cut_confirm,1999-03-10,2025-12-31,100000.0000000000,262466903.4528681040,2623.6690345287,0.3412779101,71,2.6480360972,1150478.2447853147,-0.7451662089,2000-03-27,2000-05-10,44,2006-11-15,2380.0000000000,2424.0000000000,2424,2000-03-27
full_pre2026,vo_qqq_price_sma_200_raise_confirm,1999-03-10,2025-12-31,100000.0000000000,122334034.1908715665,1222.3403419087,0.3036290748,130,4.8485167977,1053626.9611992054,-0.5580329032,2007-10-31,2009-05-13,560,2010-04-14,336.0000000000,896.0000000000,1176,1999-12-23
full_pre2026,vo_qqq_price_sma_200_both_confirm,1999-03-10,2025-12-31,100000.0000000000,166502579.1284379959,1664.0257912844,0.3187031032,47,1.7529253038,403673.5395322333,-0.7451662089,2000-03-27,2000-05-10,44,2007-10-01,2700.0000000000,2744.0000000000,2744,2000-03-27
full_pre2026,vo_qqq_price_sma_250_trend_cap,1999-03-10,2025-12-31,100000.0000000000,43763752.5506570488,436.6375255066,0.2545955882,223,8.3170711222,588125.2157054311,-0.5748252791,2015-07-20,2016-07-05,351,2017-07-24,384.0000000000,735.0000000000,925,2004-06-30
full_pre2026,vo_qqq_price_sma_250_trend_floor,1999-03-10,2025-12-31,100000.0000000000,61076749.9928834587,609.7674999288,0.2702898175,137,5.1095907791,717098.7697490397,-0.8510309518,2000-03-27,2003-04-10,1109,2007-10-09,1643.0000000000,2752.0000000000,2752,2000-03-27
full_pre2026,vo_qqq_price_sma_250_blend,1999-03-10,2025-12-31,100000.0000000000,71934014.4001999348,718.3401440020,0.2780652603,296,11.0396997856,890275.4639820902,-0.5754402522,2000-03-27,2003-04-10,1109,2006-01-06,1002.0000000000,2111.0000000000,2111,2000-03-27
full_pre2026,vo_qqq_price_sma_250_bear_step_down,1999-03-10,2025-12-31,100000.0000000000,89203429.9947324842,891.0342999473,0.2883630640,232,8.6527376698,1138805.4497078634,-0.5059475617,2015-07-20,2016-06-27,343,2017-04-24,301.0000000000,644.0000000000,785,2007-10-31
full_pre2026,vo_qqq_price_sma_250_bull_step_up,1999-03-10,2025-12-31,100000.0000000000,170312122.0778942406,1702.1212207789,0.3198161826,173,6.4522569693,1891039.5163742101,-0.6566702292,2007-10-31,2009-07-07,615,2010-04-22,289.0000000000,904.0000000000,1316,2000-03-27
full_pre2026,vo_qqq_price_sma_250_cut_confirm,1999-03-10,2025-12-31,100000.0000000000,116615406.8634096980,1165.1540686341,0.3013034983,69,2.5734435311,539926.2240853243,-0.8221571195,2000-03-27,2003-02-07,1047,2007-10-23,1719.0000000000,2766.0000000000,2766,2000-03-27
full_pre2026,vo_qqq_price_sma_250_raise_confirm,1999-03-10,2025-12-31,100000.0000000000,133217481.5459368378,1331.1748154594,0.3077794829,132,4.9231093638,1174166.1569644292,-0.5467294158,2007-10-31,2009-07-07,615,2010-04-15,282.0000000000,897.0000000000,897,2007-10-31
full_pre2026,vo_qqq_price_sma_250_both_confirm,1999-03-10,2025-12-31,100000.0000000000,81838310.4895019978,817.3831048950,0.2842289502,47,1.7529253038,212654.4094758836,-0.8236681813,2000-03-27,2003-03-24,1092,2011-02-11,2881.0000000000,3973.0000000000,3973,2000-03-27
full_pre2026,vo_qqq_cross_5_20_trend_cap,1999-03-10,2025-12-31,100000.0000000000,4253571.3728721775,41.5357137287,0.1501287506,375,13.9861061472,243827.5617834330,-0.5006552193,2014-11-28,2016-12-01,734,2019-07-12,953.0000000000,1687.0000000000,1687,2014-11-28
full_pre2026,vo_qqq_cross_5_20_trend_floor,1999-03-10,2025-12-31,100000.0000000000,35598873.3032385558,354.9887330324,0.2449705800,261,9.7343298785,493126.7233380444,-0.9341618702,2000-03-09,2002-09-04,909,2013-10-01,4045.0000000000,4954.0000000000,4954,2000-03-09
full_pre2026,vo_qqq_cross_5_20_blend,1999-03-10,2025-12-31,100000.0000000000,21593628.0780992769,214.9362807810,0.2219731656,541,20.1772891351,605960.7927475870,-0.7070414617,2000-03-09,2002-09-04,909,2010-10-15,2963.0000000000,3872.0000000000,3872,2000-03-09
full_pre2026,vo_qqq_cross_5_20_bear_step_down,1999-03-10,2025-12-31,100000.0000000000,28172526.9720961303,280.7252697210,0.2341541178,413,15.4033649035,819689.3852984258,-0.3792471443,2015-03-02,2016-06-27,483,2017-02-21,239.0000000000,722.0000000000,1239,1999-12-23
full_pre2026,vo_qqq_cross_5_20_bull_step_up,1999-03-10,2025-12-31,100000.0000000000,153617650.6875456870,1535.1765068755,0.3147476703,286,10.6667369550,2013058.8235035753,-0.7070893861,2000-03-09,2002-09-04,909,2007-07-05,1765.0000000000,2674.0000000000,2674,2000-03-09
full_pre2026,vo_qqq_cross_5_20_cut_confirm,1999-03-10,2025-12-31,100000.0000000000,197477181.3931016028,1973.7718139310,0.3271210320,124,4.6247390994,2077731.6773660926,-0.5604889822,2007-10-31,2009-05-13,560,2010-04-14,336.0000000000,896.0000000000,1169,2000-01-03
full_pre2026,vo_qqq_cross_5_20_raise_confirm,1999-03-10,2025-12-31,100000.0000000000,118692725.5582427979,1185.9272555824,0.3021607229,120,4.4755539671,1016393.8844702870,-0.5293312913,2007-10-31,2009-05-13,560,2010-04-14,336.0000000000,896.0000000000,1176,1999-12-23
full_pre2026,vo_qqq_cross_5_20_both_confirm,1999-03-10,2025-12-31,100000.0000000000,144435779.4684143066,1443.3577946841,0.3117290157,90,3.3566654753,1147834.3447571865,-0.5609561713,2007-10-31,2009-05-13,560,2010-04-15,337.0000000000,897.0000000000,1215,2000-01-03
full_pre2026,vo_qqq_cross_10_50_trend_cap,1999-03-10,2025-12-31,100000.0000000000,5021405.3138190843,49.2140531382,0.1572693764,217,8.0932934239,167439.1263948452,-0.5668050065,2011-02-16,2011-12-14,301,2013-10-25,681.0000000000,982.0000000000,1184,1999-12-23
full_pre2026,vo_qqq_cross_10_50_trend_floor,1999-03-10,2025-12-31,100000.0000000000,34672275.7668647543,345.7227576686,0.2437465831,150,5.5944424589,418093.4319135442,-0.9108085029,2000-03-27,2003-02-07,1047,2011-02-07,2922.0000000000,3969.0000000000,3969,2000-03-27
full_pre2026,vo_qqq_cross_10_50_blend,1999-03-10,2025-12-31,100000.0000000000,18188729.9523662850,180.8872995237,0.2141776352,318,11.8602180129,346353.0947831415,-0.6984971742,2000-03-27,2003-03-31,1099,2007-07-02,1554.0000000000,2653.0000000000,2653,2000-03-27
full_pre2026,vo_qqq_cross_10_50_bear_step_down,1999-03-10,2025-12-31,100000.0000000000,24476855.7481182925,243.7685574812,0.2276984459,244,9.1002930665,463486.4393003557,-0.4979123714,2011-02-16,2011-12-14,301,2013-08-02,597.0000000000,898.0000000000,1184,1999-12-23
full_pre2026,vo_qqq_cross_10_50_bull_step_up,1999-03-10,2025-12-31,100000.0000000000,97928459.6228754371,978.2845962288,0.2928549001,181,6.7506272337,1106764.5109642423,-0.6992988136,2000-03-27,2003-02-07,1047,2006-01-11,1069.0000000000,2116.0000000000,2116,2000-03-27
full_pre2026,vo_qqq_cross_10_50_cut_confirm,1999-03-10,2025-12-31,100000.0000000000,204536273.3961055279,2044.3627339611,0.3288606082,106,3.9534060043,1894228.1219182140,-0.5710388572,2007-10-31,2009-05-13,560,2010-03-23,314.0000000000,874.0000000000,1242,2000-03-27
full_pre2026,vo_qqq_cross_10_50_raise_confirm,1999-03-10,2025-12-31,100000.0000000000,118780178.5467930138,1186.8017854679,0.3021964936,123,4.5874428163,1022009.5250666661,-0.5288303429,2007-10-31,2009-05-13,560,2010-04-05,327.0000000000,887.0000000000,887,2007-10-31
full_pre2026,vo_qqq_cross_10_50_both_confirm,1999-03-10,2025-12-31,100000.0000000000,131477126.8598102331,1313.7712685981,0.3071382401,75,2.7972212294,814890.8817658122,-0.5710388147,2007-10-31,2009-05-13,560,2010-03-23,314.0000000000,874.0000000000,1270,2000-03-27
full_pre2026,vo_qqq_cross_20_50_trend_cap,1999-03-10,2025-12-31,100000.0000000000,8336208.5335293105,82.3620853353,0.1793561810,195,7.2727751966,204660.9301391169,-0.5848145810,2014-09-18,2016-06-27,648,2017-11-08,499.0000000000,1147.0000000000,1147,2014-09-18
full_pre2026,vo_qqq_cross_20_50_trend_floor,1999-03-10,2025-12-31,100000.0000000000,22867173.1692099348,227.6717316921,0.2245875971,117,4.3636651179,211950.7400669006,-0.9427186675,2000-03-27,2002-12-31,1009,2013-09-19,3915.0000000000,4924.0000000000,4924,2000-03-27
full_pre2026,vo_qqq_cross_20_50_blend,1999-03-10,2025-12-31,100000.0000000000,20381215.2175689600,202.8121521757,0.2193424640,279,10.4056629736,320381.5449087538,-0.7394736120,2000-03-27,2003-03-31,1099,2007-07-05,1557.0000000000,2656.0000000000,2656,2000-03-27
full_pre2026,vo_qqq_cross_20_50_bear_step_down,1999-03-10,2025-12-31,100000.0000000000,39080782.1229946166,389.8078212299,0.2493110893,221,8.2424785561,629399.1025967932,-0.4712300786,2007-07-19,2009-05-13,664,2009-12-22,223.0000000000,887.0000000000,887,2007-07-19
full_pre2026,vo_qqq_cross_20_50_bull_step_up,1999-03-10,2025-12-31,100000.0000000000,102384808.5223257095,1022.8480852233,0.2950024681,161,6.0047015726,962813.9505193187,-0.7333043483,2000-03-27,2002-12-31,1009,2006-01-09,1105.0000000000,2114.0000000000,2114,2000-03-27
full_pre2026,vo_qqq_cross_20_50_cut_confirm,1999-03-10,2025-12-31,100000.0000000000,90822492.7153296024,907.2249271533,0.2892276732,97,3.6177394568,591300.8908550823,-0.6524887252,2000-03-27,2000-09-21,178,2004-12-06,1537.0000000000,1715.0000000000,1715,2000-03-27
full_pre2026,vo_qqq_cross_20_50_raise_confirm,1999-03-10,2025-12-31,100000.0000000000,109478225.6841705441,1093.7822568417,0.2982419193,135,5.0349982130,1136690.0848397024,-0.5288302885,2007-10-31,2009-05-13,560,2010-04-13,335.0000000000,895.0000000000,895,2007-10-31
full_pre2026,vo_qqq_cross_20_50_both_confirm,1999-03-10,2025-12-31,100000.0000000000,49922919.5720935464,498.2291957209,0.2607720131,78,2.9091100786,285571.5334827703,-0.6739538924,2000-03-27,2003-03-31,1099,2007-05-30,1521.0000000000,2620.0000000000,2620,2000-03-27
full_pre2026,vo_qqq_cross_20_100_trend_cap,1999-03-10,2025-12-31,100000.0000000000,17551493.4710639156,174.5149347106,0.2125637287,160,5.9674052895,194798.3730559082,-0.5695994701,2015-07-20,2016-06-27,343,2017-05-01,308.0000000000,651.0000000000,1374,2004-01-26
full_pre2026,vo_qqq_cross_20_100_trend_floor,1999-03-10,2025-12-31,100000.0000000000,67464327.5286396444,673.6432752864,0.2750110599,87,3.2447766262,371046.9781215643,-0.9180608441,2000-03-27,2003-03-11,1079,2010-10-15,2775.0000000000,3854.0000000000,3854,2000-03-27
full_pre2026,vo_qqq_cross_20_100_blend,1999-03-10,2025-12-31,100000.0000000000,47976512.6426183358,478.7651264262,0.2589033940,219,8.1678859900,388240.5515801569,-0.7020824382,2000-03-27,2003-02-07,1047,2007-07-13,1617.0000000000,2664.0000000000,2664,2000-03-27
full_pre2026,vo_qqq_cross_20_100_bear_step_down,1999-03-10,2025-12-31,100000.0000000000,61372453.5837237462,612.7245358372,0.2705186612,179,6.6760346676,585948.2694548530,-0.5120441670,2015-07-20,2016-06-27,343,2017-03-01,247.0000000000,590.0000000000,782,2007-10-31
full_pre2026,vo_qqq_cross_20_100_bull_step_up,1999-03-10,2025-12-31,100000.0000000000,181048085.3070716858,1809.4808530707,0.3228286879,125,4.6620353824,1070899.4124424090,-0.7045604203,2000-03-27,2003-02-07,1047,2004-12-14,676.0000000000,1723.0000000000,1723,2000-03-27
full_pre2026,vo_qqq_cross_20_100_cut_confirm,1999-03-10,2025-12-31,100000.0000000000,104604632.2211754620,1045.0463222118,0.2960388667,82,3.0582952109,568106.0228249002,-0.7259146041,2000-03-27,2003-03-11,1079,2006-11-16,1346.0000000000,2425.0000000000,2425,2000-03-27
full_pre2026,vo_qqq_cross_20_100_raise_confirm,1999-03-10,2025-12-31,100000.0000000000,74735885.7022846639,746.3588570228,0.2798879725,131,4.8858130808,732762.3774487082,-0.5300289622,2007-10-31,2009-05-13,560,2010-04-05,327.0000000000,887.0000000000,887,2007-10-31
full_pre2026,vo_qqq_cross_20_100_both_confirm,1999-03-10,2025-12-31,100000.0000000000,41285992.3448639661,411.8599234486,0.2518714035,59,2.2004807005,161922.1701030294,-0.7259146041,2000-03-27,2003-03-11,1079,2007-07-13,1585.0000000000,2664.0000000000,2664,2000-03-27
full_pre2026,vo_qqq_cross_20_200_trend_cap,1999-03-10,2025-12-31,100000.0000000000,28580978.5744382106,284.8097857444,0.2348168483,151,5.6317387420,236973.5103851476,-0.6370564255,2015-07-20,2016-06-27,343,2017-08-31,430.0000000000,773.0000000000,896,2007-10-31
full_pre2026,vo_qqq_cross_20_200_trend_floor,1999-03-10,2025-12-31,100000.0000000000,98856584.3312914371,987.5658433129,0.2933098245,72,2.6853323803,469160.5843298441,-0.8012814985,2000-03-27,2000-05-23,57,2007-01-11,2424.0000000000,2481.0000000000,2481,2000-03-27
full_pre2026,vo_qqq_cross_20_200_blend,1999-03-10,2025-12-31,100000.0000000000,72243497.3623507023,721.4349736235,0.2782699157,202,7.5338491780,472531.3836886827,-0.6582958919,2007-10-31,2009-05-13,560,2011-01-12,609.0000000000,1169.0000000000,1381,2000-03-27
full_pre2026,vo_qqq_cross_20_200_bear_step_down,1999-03-10,2025-12-31,100000.0000000000,67975419.0079327673,678.7541900793,0.2753700026,162,6.0419978556,540926.8830082648,-0.5604463580,2015-07-20,2016-06-27,343,2017-04-27,304.0000000000,647.0000000000,896,2007-10-31
full_pre2026,vo_qqq_cross_20_200_bull_step_up,1999-03-10,2025-12-31,100000.0000000000,183383948.6284365356,1832.8394862844,0.3234613034,109,4.0652948535,926951.9761523419,-0.7471548112,2007-10-31,2009-05-13,560,2011-02-04,632.0000000000,1192.0000000000,1256,2000-03-27
full_pre2026,vo_qqq_cross_20_200_cut_confirm,1999-03-10,2025-12-31,100000.0000000000,111238250.3567847013,1111.3825035678,0.2990143750,66,2.4615546819,559251.4161602511,-0.8012814985,2000-03-27,2000-05-23,57,2006-01-06,2054.0000000000,2111.0000000000,2111,2000-03-27
full_pre2026,vo_qqq_cross_20_200_raise_confirm,1999-03-10,2025-12-31,100000.0000000000,94393150.9721476436,942.9315097215,0.2910831774,130,4.8485167977,846892.4591038403,-0.5385670854,2007-10-31,2009-05-13,560,2010-04-06,328.0000000000,888.0000000000,888,2007-10-31
full_pre2026,vo_qqq_cross_20_200_both_confirm,1999-03-10,2025-12-31,100000.0000000000,53022967.2576464415,529.2296725765,0.2636080430,42,1.5664438885,158259.9848796508,-0.8012814985,2000-03-27,2000-05-23,57,2007-07-12,2606.0000000000,2663.0000000000,2663,2000-03-27
full_pre2026,vo_qqq_cross_50_100_trend_cap,1999-03-10,2025-12-31,100000.0000000000,41304298.5443248749,412.0429854432,0.2518921015,151,5.6317387420,471010.0127071998,-0.5924592498,2015-07-20,2016-06-27,343,2017-05-16,323.0000000000,666.0000000000,783,2007-10-31
full_pre2026,vo_qqq_cross_50_100_trend_floor,1999-03-10,2025-12-31,100000.0000000000,44460676.6216624379,443.6067662166,0.2553350792,76,2.8345175125,262916.9301741697,-0.9430313829,2000-03-27,2003-02-07,1047,2012-02-28,3308.0000000000,4355.0000000000,4355,2000-03-27
full_pre2026,vo_qqq_cross_50_100_blend,1999-03-10,2025-12-31,100000.0000000000,63576181.0496878698,634.7618104969,0.2721914216,210,7.8322194425,553774.1433467675,-0.7282483797,2000-03-27,2003-02-07,1047,2007-07-13,1617.0000000000,2664.0000000000,2664,2000-03-27
full_pre2026,vo_qqq_cross_50_100_bear_step_down,1999-03-10,2025-12-31,100000.0000000000,104199359.5601844341,1040.9935956018,0.2958512415,172,6.4149606862,1060018.2377745234,-0.5381218703,2015-07-20,2016-06-27,343,2017-04-24,301.0000000000,644.0000000000,783,2007-10-31
full_pre2026,vo_qqq_cross_50_100_bull_step_up,1999-03-10,2025-12-31,100000.0000000000,179891052.6943534017,1797.9105269435,0.3225124162,119,4.4382576841,1162276.9862842602,-0.7305200885,2000-03-27,2003-02-07,1047,2005-11-25,1022.0000000000,2069.0000000000,2069,2000-03-27
full_pre2026,vo_qqq_cross_50_100_cut_confirm,1999-03-10,2025-12-31,100000.0000000000,102842355.0763577521,1027.4235507636,0.2952178471,74,2.7599249464,583956.0203601198,-0.8068318339,2000-03-27,2002-02-21,696,2007-07-02,1957.0000000000,2653.0000000000,2653,2000-03-27
full_pre2026,vo_qqq_cross_50_100_raise_confirm,1999-03-10,2025-12-31,100000.0000000000,81277590.8385481238,811.7759083855,0.2838996944,133,4.9604056469,797729.3870602632,-0.5691977919,2007-10-31,2009-05-13,560,2010-04-15,337.0000000000,897.0000000000,897,2007-10-31
full_pre2026,vo_qqq_cross_50_100_both_confirm,1999-03-10,2025-12-31,100000.0000000000,44892333.6495248675,447.9233364952,0.2557875249,53,1.9767030021,195286.0511563115,-0.8068318339,2000-03-27,2002-02-21,696,2007-10-31,2078.0000000000,2774.0000000000,2774,2000-03-27
full_pre2026,vo_qqq_cross_50_150_trend_cap,1999-03-10,2025-12-31,100000.0000000000,41890765.7311155796,417.9076573112,0.2525505624,132,4.9231093638,438128.7470060172,-0.5679054703,2015-07-20,2016-06-27,343,2017-05-01,308.0000000000,651.0000000000,1253,2004-01-26
full_pre2026,vo_qqq_cross_50_150_trend_floor,1999-03-10,2025-12-31,100000.0000000000,109667703.2771313339,1095.6770327713,0.2983256510,65,2.4242583989,515679.5894028534,-0.8399047309,2000-03-27,2003-03-11,1079,2007-06-15,1557.0000000000,2636.0000000000,2636,2000-03-27
full_pre2026,vo_qqq_cross_50_150_blend,1999-03-10,2025-12-31,100000.0000000000,89852838.5157430917,897.5283851574,0.2887116604,188,7.0117012152,665538.6799130521,-0.6319005429,2007-10-31,2009-05-13,560,2010-04-14,336.0000000000,896.0000000000,1381,2000-03-27
full_pre2026,vo_qqq_cross_50_150_bear_step_down,1999-03-10,2025-12-31,100000.0000000000,96478784.9692963511,963.7878496930,0.2921359633,152,5.6690350250,947087.8204257149,-0.5296449964,2007-10-31,2009-05-13,560,2010-04-05,327.0000000000,887.0000000000,1149,1999-12-23
full_pre2026,vo_qqq_cross_50_150_bull_step_up,1999-03-10,2025-12-31,100000.0000000000,207006507.3468053043,2069.0650734681,0.3294557227,107,3.9907022873,1180805.3982622290,-0.7230189515,2007-10-31,2009-05-13,560,2010-11-04,540.0000000000,1100.0000000000,1254,2000-03-27
full_pre2026,vo_qqq_cross_50_150_cut_confirm,1999-03-10,2025-12-31,100000.0000000000,139816680.2474537790,1397.1668024745,0.3101398552,67,2.4988509650,699921.2066344381,-0.8012814985,2000-03-27,2000-05-23,57,2005-11-17,2004.0000000000,2061.0000000000,2061,2000-03-27
full_pre2026,vo_qqq_cross_50_150_raise_confirm,1999-03-10,2025-12-31,100000.0000000000,71825137.2536219954,717.2513725362,0.2779930602,126,4.6993316655,733995.6905955039,-0.5713710355,2007-10-31,2009-05-13,560,2010-04-15,337.0000000000,897.0000000000,1149,1999-12-23
full_pre2026,vo_qqq_cross_50_150_both_confirm,1999-03-10,2025-12-31,100000.0000000000,54261815.3966902867,541.6181539669,0.2646969586,39,1.4545550393,184338.7179030516,-0.8012814985,2000-03-27,2000-05-23,57,2006-01-06,2054.0000000000,2111.0000000000,2111,2000-03-27
full_pre2026,vo_qqq_cross_50_200_trend_cap,1999-03-10,2025-12-31,100000.0000000000,42950570.9420410320,428.5057094204,0.2537182705,137,5.1095907791,412825.8639583505,-0.5104935252,2015-07-20,2016-06-27,343,2017-03-01,247.0000000000,590.0000000000,1218,2004-06-30
full_pre2026,vo_qqq_cross_50_200_trend_floor,1999-03-10,2025-12-31,100000.0000000000,215595254.6547636390,2154.9525465476,0.3314729602,60,2.2377769836,895500.9393049525,-0.8012814985,2000-03-27,2000-05-23,57,2004-12-14,1666.0000000000,1723.0000000000,1723,2000-03-27
full_pre2026,vo_qqq_cross_50_200_blend,1999-03-10,2025-12-31,100000.0000000000,124923935.9542228878,1248.2393595422,0.3046480607,185,6.8998123660,831272.0415567582,-0.5702996363,2007-10-31,2009-07-07,615,2010-04-06,273.0000000000,888.0000000000,1249,2000-03-27
full_pre2026,vo_qqq_cross_50_200_bear_step_down,1999-03-10,2025-12-31,100000.0000000000,100116753.7796023339,1000.1675377960,0.2939209643,152,5.6690350250,927416.9322648190,-0.4912643079,2015-07-20,2016-06-27,343,2017-02-15,233.0000000000,576.0000000000,785,2007-10-31
full_pre2026,vo_qqq_cross_50_200_bull_step_up,1999-03-10,2025-12-31,100000.0000000000,293670701.2319983244,2935.7070123200,0.3469091750,102,3.8042208721,1524617.4636447292,-0.6742488629,2007-10-31,2009-07-07,615,2010-10-27,477.0000000000,1092.0000000000,1197,2000-03-27
full_pre2026,vo_qqq_cross_50_200_cut_confirm,1999-03-10,2025-12-31,100000.0000000000,149829241.2298232019,1497.2924122982,0.3135238081,58,2.1631844174,688385.4270849024,-0.8012814985,2000-03-27,2000-05-23,57,2006-11-13,2365.0000000000,2422.0000000000,2422,2000-03-27
full_pre2026,vo_qqq_cross_50_200_raise_confirm,1999-03-10,2025-12-31,100000.0000000000,89033236.6407022476,889.3323664070,0.2882713018,129,4.8112205147,838824.1619068697,-0.5073649577,2007-10-31,2009-07-07,615,2010-04-06,273.0000000000,888.0000000000,888,2007-10-31
full_pre2026,vo_qqq_cross_50_200_both_confirm,1999-03-10,2025-12-31,100000.0000000000,70530419.2252551168,704.3041922526,0.2771263190,33,1.2307773410,201747.7791613758,-0.8012814985,2000-03-27,2000-05-23,57,2007-07-12,2606.0000000000,2663.0000000000,2663,2000-03-27
full_pre2026,vo_qqq_cross_100_200_trend_cap,1999-03-10,2025-12-31,100000.0000000000,24639814.3973102644,245.3981439731,0.2280023182,140,5.2214796283,327794.6417922489,-0.5752162868,2004-06-30,2009-07-07,1833,2011-01-05,547.0000000000,2380.0000000000,2380,2004-06-30
full_pre2026,vo_qqq_cross_100_200_trend_floor,1999-03-10,2025-12-31,100000.0000000000,186274714.0742668808,1861.7471407427,0.3242335469,50,1.8648141530,359670.0489374850,-0.8415832126,2007-10-31,2009-05-13,560,2012-03-26,1048.0000000000,1608.0000000000,2481,2000-03-27
full_pre2026,vo_qqq_cross_100_200_blend,1999-03-10,2025-12-31,100000.0000000000,98083410.4338894039,979.8341043389,0.2929311378,182,6.7879235168,599279.2494323230,-0.7078926976,2007-10-31,2009-07-07,615,2011-02-14,587.0000000000,1202.0000000000,1319,2000-03-27
full_pre2026,vo_qqq_cross_100_200_bear_step_down,1999-03-10,2025-12-31,100000.0000000000,66624467.7941248715,665.2446779412,0.2744154965,150,5.5944424589,732166.0607186082,-0.5400007724,2007-10-31,2009-07-07,615,2010-04-14,281.0000000000,896.0000000000,1176,1999-12-23
full_pre2026,vo_qqq_cross_100_200_bull_step_up,1999-03-10,2025-12-31,100000.0000000000,245214960.9592558742,2451.1496095926,0.3378810520,93,3.4685543245,929243.0110361694,-0.7895924647,2007-10-31,2009-05-13,560,2012-02-27,1020.0000000000,1580.0000000000,1580,2007-10-31
full_pre2026,vo_qqq_cross_100_200_cut_confirm,1999-03-10,2025-12-31,100000.0000000000,386007379.4983755946,3859.0737949838,0.3607134732,47,1.7529253038,741110.9015818835,-0.8012814985,2000-03-27,2000-05-23,57,2005-11-22,2009.0000000000,2066.0000000000,2066,2000-03-27
full_pre2026,vo_qqq_cross_100_200_raise_confirm,1999-03-10,2025-12-31,100000.0000000000,75087094.0321910083,749.8709403219,0.2801117893,129,4.8112205147,698972.8986809468,-0.4855882334,2007-10-31,2009-07-07,615,2010-01-08,185.0000000000,800.0000000000,1176,1999-12-23
full_pre2026,vo_qqq_cross_100_200_both_confirm,1999-03-10,2025-12-31,100000.0000000000,150942915.0488626957,1508.4291504886,0.3138866487,22,0.8205182273,105340.6139520439,-0.8012814985,2000-03-27,2000-05-23,57,2007-07-17,2611.0000000000,2668.0000000000,2668,2000-03-27
full_pre2026,vo_qqq_cross_100_250_trend_cap,1999-03-10,2025-12-31,100000.0000000000,42443689.9334274083,423.4368993343,0.2531632848,137,5.1095907791,443149.2311586668,-0.5314683775,2004-06-30,2005-04-20,294,2010-04-14,1820.0000000000,2114.0000000000,2114,2004-06-30
full_pre2026,vo_qqq_cross_100_250_trend_floor,1999-03-10,2025-12-31,100000.0000000000,172391319.1055722535,1722.9131910557,0.3204136164,39,1.4545550393,244304.1762822222,-0.8415831334,2000-03-27,2000-10-30,217,2007-10-05,2531.0000000000,2748.0000000000,2748,2000-03-27
full_pre2026,vo_qqq_cross_100_250_blend,1999-03-10,2025-12-31,100000.0000000000,119342958.7824314386,1192.4295878243,0.3024260811,169,6.3030718370,606613.3770175441,-0.5719185657,2000-03-27,2000-10-30,217,2006-01-06,1894.0000000000,2111.0000000000,2111,2000-03-27
full_pre2026,vo_qqq_cross_100_250_bear_step_down,1999-03-10,2025-12-31,100000.0000000000,83820651.2323136330,837.2065123231,0.2853758249,146,5.4452573267,865758.0727789203,-0.4576202850,2007-10-31,2009-08-17,656,2010-04-09,235.0000000000,891.0000000000,891,2007-10-31
full_pre2026,vo_qqq_cross_100_250_bull_step_up,1999-03-10,2025-12-31,100000.0000000000,241355962.0452757180,2412.5596204528,0.3370897865,86,3.2074803431,970008.5622912240,-0.6447806547,2007-10-31,2009-05-13,560,2010-11-04,540.0000000000,1100.0000000000,1296,2000-03-27
full_pre2026,vo_qqq_cross_100_250_cut_confirm,1999-03-10,2025-12-31,100000.0000000000,141614571.7851961851,1415.1457178520,0.3107643283,40,1.4918513224,200861.3875592833,-0.8415831334,2000-03-27,2000-10-30,217,2010-12-08,3691.0000000000,3908.0000000000,3908,2000-03-27
full_pre2026,vo_qqq_cross_100_250_raise_confirm,1999-03-10,2025-12-31,100000.0000000000,87946415.4372227490,878.4641543722,0.2876813131,132,4.9231093638,900761.8432669153,-0.4494819304,2024-12-16,2025-04-07,112,,,,800,2007-10-31
full_pre2026,vo_qqq_cross_100_250_both_confirm,1999-03-10,2025-12-31,100000.0000000000,66248604.6447779313,661.4860464478,0.2741466188,18,0.6713330951,46607.7795321755,-0.8415831334,2000-03-27,2000-10-30,217,2013-05-02,4567.0000000000,4784.0000000000,4784,2000-03-27
full_pre2026,vo_qqq_triple_5_20_100_trend_cap,1999-03-10,2025-12-31,100000.0000000000,13533109.2117774840,134.3310921178,0.2008622916,362,13.5012544675,365656.3089700938,-0.4771544897,2015-03-02,2016-06-27,483,2017-06-01,339.0000000000,822.0000000000,1082,2004-01-26
full_pre2026,vo_qqq_triple_5_20_100_trend_floor,1999-03-10,2025-12-31,100000.0000000000,87029323.6964407861,869.2932369644,0.2871779772,239,8.9138116512,1015287.8775968823,-0.8962235636,2000-03-09,2003-03-11,1097,2011-01-12,2864.0000000000,3961.0000000000,3961,2000-03-09
full_pre2026,vo_qqq_triple_5_20_100_blend,1999-03-10,2025-12-31,100000.0000000000,43574897.2843632698,434.7489728436,0.2543932454,591,22.0421032881,776209.8328065909,-0.6673796174,2000-03-09,2003-03-11,1097,2007-07-17,1589.0000000000,2686.0000000000,2686,2000-03-09
full_pre2026,vo_qqq_triple_5_20_100_bear_step_down,1999-03-10,2025-12-31,100000.0000000000,45490508.8537845537,453.9050885378,0.2564076334,482,17.9768084346,852242.5201042984,-0.4141335829,2015-07-20,2016-06-27,343,2017-02-13,231.0000000000,574.0000000000,874,2007-10-31
full_pre2026,vo_qqq_triple_5_20_100_bull_step_up,1999-03-10,2025-12-31,100000.0000000000,205421802.0240638852,2053.2180202406,0.3290747364,328,12.2331808435,1978342.9556737645,-0.6694345113,2000-03-09,2003-03-11,1097,2006-01-06,1032.0000000000,2129.0000000000,2129,2000-03-09
full_pre2026,vo_qqq_triple_5_20_100_cut_confirm,1999-03-10,2025-12-31,100000.0000000000,95877870.8410648704,957.7787084106,0.2918348987,78,2.9091100786,550697.3076442026,-0.7259146041,2000-03-27,2003-03-11,1079,2006-11-14,1344.0000000000,2423.0000000000,2423,2000-03-27
full_pre2026,vo_qqq_triple_5_20_100_raise_confirm,1999-03-10,2025-12-31,100000.0000000000,49044788.3415365219,489.4478834154,0.2599378217,111,4.1398874196,436405.3715180233,-0.5305296747,2007-10-31,2009-05-13,560,2010-04-14,336.0000000000,896.0000000000,1222,1999-12-23
full_pre2026,vo_qqq_triple_5_20_100_both_confirm,1999-03-10,2025-12-31,100000.0000000000,32694784.2572496086,325.9478425725,0.2410254878,51,1.9021104360,129235.2488187321,-0.7105054750,2000-03-27,2000-04-14,18,2007-09-26,2721.0000000000,2739.0000000000,2739,2000-03-27
full_pre2026,vo_qqq_triple_10_50_200_trend_cap,1999-03-10,2025-12-31,100000.0000000000,16976787.9868002199,168.7678798680,0.2110590596,208,7.7576268763,271319.1946822450,-0.5398487789,2007-10-31,2009-05-13,560,2010-04-14,336.0000000000,896.0000000000,896,2007-10-31
full_pre2026,vo_qqq_triple_10_50_200_trend_floor,1999-03-10,2025-12-31,100000.0000000000,157421456.4664937556,1573.2145646649,0.3159476145,133,4.9604056469,1450442.7059745549,-0.8309436888,2000-03-27,2003-03-31,1099,2007-10-05,1649.0000000000,2748.0000000000,2748,2000-03-27
full_pre2026,vo_qqq_triple_10_50_200_blend,1999-03-10,2025-12-31,100000.0000000000,64093891.4243953675,639.9389142440,0.2725762914,337,12.5688473910,752933.4165161636,-0.5967608908,2000-03-27,2003-03-11,1079,2006-01-06,1032.0000000000,2111.0000000000,2111,2000-03-27
full_pre2026,vo_qqq_triple_10_50_200_bear_step_down,1999-03-10,2025-12-31,100000.0000000000,58152777.1767694205,580.5277717677,0.2679677347,280,10.4429592566,789251.0303795692,-0.4417015797,2015-07-20,2016-06-27,343,2017-02-15,233.0000000000,576.0000000000,1141,1999-12-23
full_pre2026,vo_qqq_triple_10_50_200_bull_step_up,1999-03-10,2025-12-31,100000.0000000000,226874057.8395822346,2267.7405783958,0.3340075921,200,7.4592566119,1869903.4106293770,-0.6433014163,2007-10-31,2009-05-13,560,2010-04-14,336.0000000000,896.0000000000,1296,2000-03-27
full_pre2026,vo_qqq_triple_10_50_200_cut_confirm,1999-03-10,2025-12-31,100000.0000000000,196409185.7319699526,1963.0918573197,0.3268526449,53,1.9767030021,814774.1076959863,-0.8012814985,2000-03-27,2000-05-23,57,2006-11-13,2365.0000000000,2422.0000000000,2422,2000-03-27
full_pre2026,vo_qqq_triple_10_50_200_raise_confirm,1999-03-10,2025-12-31,100000.0000000000,67944630.3448004425,678.4463034480,0.2753484532,114,4.2517762688,579623.0957447437,-0.4575739862,2015-07-20,2016-02-09,204,2017-01-25,351.0000000000,555.0000000000,747,2007-10-31
full_pre2026,vo_qqq_triple_10_50_200_both_confirm,1999-03-10,2025-12-31,100000.0000000000,83154762.0101401508,830.5476201014,0.2849935174,28,1.0442959257,204725.5594214919,-0.8012814985,2000-03-27,2000-05-23,57,2007-10-05,2691.0000000000,2748.0000000000,2748,2000-03-27
full_pre2026,vo_qqq_triple_20_50_200_trend_cap,1999-03-10,2025-12-31,100000.0000000000,19065056.4792997241,189.6505647930,0.2163103589,198,7.3846640457,324100.3618183677,-0.5473444878,2007-10-31,2009-05-13,560,2010-04-15,337.0000000000,897.0000000000,1222,2004-01-26
full_pre2026,vo_qqq_triple_20_50_200_trend_floor,1999-03-10,2025-12-31,100000.0000000000,115386093.9586611092,1152.8609395866,0.3007892605,113,4.2144799857,641437.0746049868,-0.8632120564,2000-03-27,2003-03-31,1099,2007-10-23,1667.0000000000,2766.0000000000,2766,2000-03-27
full_pre2026,vo_qqq_triple_20_50_200_blend,1999-03-10,2025-12-31,100000.0000000000,63646146.8251286298,635.4614682513,0.2722436107,306,11.4126626162,652422.7618207895,-0.6008022836,2000-03-27,2003-03-11,1079,2004-12-14,644.0000000000,1723.0000000000,1723,2000-03-27
full_pre2026,vo_qqq_triple_20_50_200_bear_step_down,1999-03-10,2025-12-31,100000.0000000000,67277104.3954255730,671.7710439543,0.2748789164,253,9.4359596140,822294.5007548825,-0.4545357232,2015-07-20,2016-06-27,343,2017-02-13,231.0000000000,574.0000000000,784,2007-10-31
full_pre2026,vo_qqq_triple_20_50_200_bull_step_up,1999-03-10,2025-12-31,100000.0000000000,217199198.9353061318,2170.9919893531,0.3318410871,181,6.7506272337,1513500.3517569075,-0.6666314963,2007-10-31,2009-05-13,560,2010-10-27,532.0000000000,1092.0000000000,1295,2000-03-27
full_pre2026,vo_qqq_triple_20_50_200_cut_confirm,1999-03-10,2025-12-31,100000.0000000000,170850925.6629509628,1707.5092566295,0.3199716729,51,1.9021104360,588692.3306344870,-0.8012814985,2000-03-27,2000-05-23,57,2006-11-14,2366.0000000000,2423.0000000000,2423,2000-03-27
full_pre2026,vo_qqq_triple_20_50_200_raise_confirm,1999-03-10,2025-12-31,100000.0000000000,57072385.6549822465,569.7238565498,0.2670811944,122,4.5501465332,533673.9765585759,-0.5073654015,2007-10-31,2009-07-07,615,2010-04-14,281.0000000000,896.0000000000,896,2007-10-31
full_pre2026,vo_qqq_triple_20_50_200_both_confirm,1999-03-10,2025-12-31,100000.0000000000,73027971.5235895663,729.2797152359,0.2787849168,30,1.1188884918,180280.0654709887,-0.8012814985,2000-03-27,2000-05-23,57,2007-10-31,2717.0000000000,2774.0000000000,2774,2000-03-27
full_pre2026,vo_qqq_triple_20_100_200_trend_cap,1999-03-10,2025-12-31,100000.0000000000,16153428.2300085425,160.5342823001,0.2088156266,168,6.2657755540,212731.3884434228,-0.6209651546,2004-01-26,2009-05-13,1934,2011-01-14,611.0000000000,2545.0000000000,2545,2004-01-26
full_pre2026,vo_qqq_triple_20_100_200_trend_floor,1999-03-10,2025-12-31,100000.0000000000,208554284.5506948829,2084.5428455069,0.3298251302,83,3.0955914939,619835.1042629879,-0.8558569143,2000-03-27,2003-03-11,1079,2007-09-26,1660.0000000000,2739.0000000000,2739,2000-03-27
full_pre2026,vo_qqq_triple_20_100_200_blend,1999-03-10,2025-12-31,100000.0000000000,79487001.7922244221,793.8700179222,0.2828334182,247,9.2121819157,532624.0826632038,-0.6259958345,2000-03-27,2003-03-11,1079,2007-01-12,1403.0000000000,2482.0000000000,2482,2000-03-27
full_pre2026,vo_qqq_triple_20_100_200_bear_step_down,1999-03-10,2025-12-31,100000.0000000000,64194201.3655429557,640.9420136554,0.2726505164,211,7.8695157255,652722.7445801919,-0.4941129439,2007-10-31,2009-05-13,560,2010-03-30,321.0000000000,881.0000000000,881,2007-10-31
full_pre2026,vo_qqq_triple_20_100_200_bull_step_up,1999-03-10,2025-12-31,100000.0000000000,252522393.4987114966,2524.2239349871,0.3393470949,143,5.3333684775,1142139.1535718157,-0.7102298002,2007-10-31,2009-05-13,560,2010-11-04,540.0000000000,1100.0000000000,1298,2000-03-27
full_pre2026,vo_qqq_triple_20_100_200_cut_confirm,1999-03-10,2025-12-31,100000.0000000000,288794257.1622614264,2886.9425716226,0.3460682799,43,1.6037401716,548272.5551338051,-0.8012814985,2000-03-27,2000-05-23,57,2006-01-11,2059.0000000000,2116.0000000000,2116,2000-03-27
full_pre2026,vo_qqq_triple_20_100_200_raise_confirm,1999-03-10,2025-12-31,100000.0000000000,38396333.8362077922,382.9633383621,0.2484880860,117,4.3636651179,353749.0559297135,-0.4855118307,2015-07-20,2016-02-09,204,2017-03-13,398.0000000000,602.0000000000,1222,1999-12-23
full_pre2026,vo_qqq_triple_20_100_200_both_confirm,1999-03-10,2025-12-31,100000.0000000000,141031991.8846455812,1409.3199188465,0.3105628171,20,0.7459256612,94572.6317734336,-0.8012814985,2000-03-27,2000-05-23,57,2007-10-09,2695.0000000000,2752.0000000000,2752,2000-03-27
full_pre2026,vo_qqq_triple_50_100_200_trend_cap,1999-03-10,2025-12-31,100000.0000000000,26657464.3161285743,265.5746431613,0.2316123240,164,6.1165904217,334048.3104285311,-0.6095328296,2007-10-31,2009-05-13,560,2011-01-10,607.0000000000,1167.0000000000,1366,2004-01-26
full_pre2026,vo_qqq_triple_50_100_200_trend_floor,1999-03-10,2025-12-31,100000.0000000000,175361846.2429634929,1752.6184624296,0.3212552380,73,2.7226286633,620204.6684059084,-0.8741261109,2000-03-27,2003-03-11,1079,2007-10-31,1695.0000000000,2774.0000000000,2774,2000-03-27
full_pre2026,vo_qqq_triple_50_100_200_blend,1999-03-10,2025-12-31,100000.0000000000,93505258.0598765165,934.0525805988,0.2906281747,236,8.8019228020,664279.5028698627,-0.6242372409,2000-03-27,2003-03-11,1079,2006-01-06,1032.0000000000,2111.0000000000,2111,2000-03-27
full_pre2026,vo_qqq_triple_50_100_200_bear_step_down,1999-03-10,2025-12-31,100000.0000000000,84543564.9616831690,844.4356496168,0.2857875758,202,7.5338491780,894771.7538395044,-0.4940818723,2007-10-31,2009-05-13,560,2010-03-23,314.0000000000,874.0000000000,874,2007-10-31
full_pre2026,vo_qqq_triple_50_100_200_bull_step_up,1999-03-10,2025-12-31,100000.0000000000,254418791.5230628252,2543.1879152306,0.3397208811,136,5.0722944961,1241241.0992916147,-0.7093336413,2007-10-31,2009-05-13,560,2010-12-09,575.0000000000,1135.0000000000,1372,2000-03-27
full_pre2026,vo_qqq_triple_50_100_200_cut_confirm,1999-03-10,2025-12-31,100000.0000000000,188882677.0741981864,1887.8267707420,0.3249204060,39,1.4545550393,333198.9385995748,-0.8288064569,2000-03-27,2002-02-21,696,2007-09-26,2043.0000000000,2739.0000000000,2739,2000-03-27
full_pre2026,vo_qqq_triple_50_100_200_raise_confirm,1999-03-10,2025-12-31,100000.0000000000,39599434.0695002377,394.9943406950,0.2499255437,115,4.2890725518,473625.7048737644,-0.4859396281,2015-07-20,2016-02-09,204,2017-03-13,398.0000000000,602.0000000000,1222,1999-12-23
full_pre2026,vo_qqq_triple_50_100_200_both_confirm,1999-03-10,2025-12-31,100000.0000000000,101795245.2238380760,1016.9524522384,0.2947235750,18,0.6713330951,67743.1641821473,-0.8281513774,2000-03-27,2000-10-11,198,2011-02-14,3778.0000000000,3976.0000000000,3976,2000-03-27
full_pre2026,vo_qqq_triple_50_150_200_trend_cap,1999-03-10,2025-12-31,100000.0000000000,35446054.5563376844,353.4605455634,0.2447708404,150,5.5944424589,345035.3752728626,-0.5028565684,2007-10-31,2009-05-13,560,2009-12-28,229.0000000000,789.0000000000,1270,2004-01-26
full_pre2026,vo_qqq_triple_50_150_200_trend_floor,1999-03-10,2025-12-31,100000.0000000000,145057746.4871617556,1449.5774648716,0.3119392500,67,2.4988509650,426514.0443998398,-0.8384348814,2000-03-27,2003-03-11,1079,2007-07-17,1589.0000000000,2668.0000000000,2668,2000-03-27
full_pre2026,vo_qqq_triple_50_150_200_blend,1999-03-10,2025-12-31,100000.0000000000,89157195.9306725860,890.5719593067,0.2883381529,216,8.0559971408,538051.8439885369,-0.6061077493,2000-03-27,2003-03-11,1079,2005-12-01,996.0000000000,2075.0000000000,2075,2000-03-27
full_pre2026,vo_qqq_triple_50_150_200_bear_step_down,1999-03-10,2025-12-31,100000.0000000000,84527747.1717381179,844.2774717174,0.2857786028,183,6.8252197999,827408.4721057131,-0.4500545308,2007-10-31,2009-05-13,560,2009-12-23,224.0000000000,784.0000000000,784,2007-10-31
full_pre2026,vo_qqq_triple_50_150_200_bull_step_up,1999-03-10,2025-12-31,100000.0000000000,220674169.1668934524,2205.7416916689,0.3326297441,126,4.6993316655,1019314.3815812019,-0.7053398033,2007-10-31,2009-05-13,560,2010-11-04,540.0000000000,1100.0000000000,1295,2000-03-27
full_pre2026,vo_qqq_triple_50_150_200_cut_confirm,1999-03-10,2025-12-31,100000.0000000000,182644449.4480843246,1825.4444944808,0.3232618701,36,1.3426661901,280622.4613267333,-0.8012814985,2000-03-27,2000-05-23,57,2007-07-12,2606.0000000000,2663.0000000000,2663,2000-03-27
full_pre2026,vo_qqq_triple_50_150_200_raise_confirm,1999-03-10,2025-12-31,100000.0000000000,45255104.7291731834,451.5510472917,0.2561645398,111,4.1398874196,492751.4575132276,-0.4949884013,2015-07-20,2016-06-27,343,2017-02-17,235.0000000000,578.0000000000,1222,1999-12-23
full_pre2026,vo_qqq_triple_50_150_200_both_confirm,1999-03-10,2025-12-31,100000.0000000000,90574676.6756211370,904.7467667562,0.2890963014,18,0.6713330951,55225.1228610767,-0.8012814985,2000-03-27,2000-05-23,57,2010-11-03,3816.0000000000,3873.0000000000,3873,2000-03-27
full_pre2026,vo_tqqq_price_sma_20_trend_cap,1999-03-10,2025-12-31,100000.0000000000,2174303.9047037056,20.7430390470,0.1217009157,679,25.3241761973,324921.1126067367,-0.4335218567,2006-01-11,2009-10-28,1386,2010-11-04,372.0000000000,1758.0000000000,1758,2006-01-11
full_pre2026,vo_tqqq_price_sma_20_trend_floor,1999-03-10,2025-12-31,100000.0000000000,56811246.9459498227,567.1124694595,0.2668644871,392,14.6201429593,970620.8417452954,-0.9184416935,2000-03-09,2002-08-29,903,2011-01-12,3058.0000000000,3961.0000000000,3961,2000-03-09
full_pre2026,vo_tqqq_price_sma_20_blend,1999-03-10,2025-12-31,100000.0000000000,17420631.2073114850,173.2063120731,0.2122253259,895,33.3801733381,955416.5843539382,-0.6991529685,2000-03-09,2002-08-29,903,2007-10-08,1866.0000000000,2769.0000000000,2769,2000-03-09
full_pre2026,vo_tqqq_price_sma_20_bear_step_down,1999-03-10,2025-12-31,100000.0000000000,16042743.1813628413,159.4274318136,0.2085056803,710,26.4803609721,897059.5756610732,-0.4185207617,2007-10-31,2009-07-06,614,2010-04-15,283.0000000000,897.0000000000,1184,1999-12-23
full_pre2026,vo_tqqq_price_sma_20_bull_step_up,1999-03-10,2025-12-31,100000.0000000000,135684268.7589176297,1355.8426875892,0.3086747012,415,15.4779574696,2173028.1998465843,-0.6991843983,2000-03-09,2002-08-29,903,2006-11-16,1540.0000000000,2443.0000000000,2443,2000-03-09
full_pre2026,vo_tqqq_price_sma_20_cut_confirm,1999-03-10,2025-12-31,100000.0000000000,133300562.9691281021,1332.0056296913,0.3078098927,128,4.7739242316,1477673.2979203551,-0.5474348097,2007-10-31,2009-05-13,560,2009-12-24,225.0000000000,785.0000000000,1243,2000-01-03
full_pre2026,vo_tqqq_price_sma_20_raise_confirm,1999-03-10,2025-12-31,100000.0000000000,119341576.4759663492,1192.4157647597,0.3024255185,122,4.5501465332,1007591.9191188003,-0.5288303235,2007-10-31,2009-05-13,560,2010-04-14,336.0000000000,896.0000000000,1176,1999-12-23
full_pre2026,vo_tqqq_price_sma_20_both_confirm,1999-03-10,2025-12-31,100000.0000000000,87833461.7646268606,877.3346176463,0.2876195933,96,3.5804431737,712167.8939065003,-0.5474349763,2007-10-31,2009-05-13,560,2010-03-23,314.0000000000,874.0000000000,1281,2000-01-03
full_pre2026,vo_tqqq_price_sma_50_trend_cap,1999-03-10,2025-12-31,100000.0000000000,7050511.2534755543,69.5051125348,0.1720111922,432,16.1119942816,362199.8864471627,-0.5653676399,2014-11-28,2016-07-06,586,2018-01-12,555.0000000000,1141.0000000000,1180,1999-12-23
full_pre2026,vo_tqqq_price_sma_50_trend_floor,1999-03-10,2025-12-31,100000.0000000000,96895263.0003021657,967.9526300030,0.2923435661,275,10.2564778413,2221061.6869551162,-0.8523975985,2000-03-27,2001-10-30,582,2007-10-31,2192.0000000000,2774.0000000000,2774,2000-03-27
full_pre2026,vo_tqqq_price_sma_50_blend,1999-03-10,2025-12-31,100000.0000000000,35664226.8008920550,355.6422680089,0.2450557474,601,22.4150661187,1185899.9629116468,-0.6229987370,2000-03-27,2001-10-30,582,2006-11-13,1840.0000000000,2422.0000000000,2422,2000-03-27
full_pre2026,vo_tqqq_price_sma_50_bear_step_down,1999-03-10,2025-12-31,100000.0000000000,34809898.2460482419,347.0989824605,0.2439303537,464,17.3054753395,1023212.9339349093,-0.4298899425,2014-11-28,2016-06-27,577,2017-04-24,301.0000000000,878.0000000000,1180,1999-12-23
full_pre2026,vo_tqqq_price_sma_50_bull_step_up,1999-03-10,2025-12-31,100000.0000000000,198262959.6115581691,1981.6295961156,0.3273176072,302,11.2634774839,3813440.0617728699,-0.6188093719,2000-03-27,2001-10-30,582,2004-01-12,804.0000000000,1386.0000000000,1386,2000-03-27
full_pre2026,vo_tqqq_price_sma_50_cut_confirm,1999-03-10,2025-12-31,100000.0000000000,164291352.7204319835,1641.9135272043,0.3180457232,120,4.4755539671,1652659.9585540388,-0.5722922596,2007-10-31,2009-05-13,560,2010-03-23,314.0000000000,874.0000000000,1281,2000-01-03
full_pre2026,vo_tqqq_price_sma_50_raise_confirm,1999-03-10,2025-12-31,100000.0000000000,112423671.0954308063,1123.2367109543,0.2995280399,122,4.5501465332,934555.4698233769,-0.5288300705,2007-10-31,2009-05-13,560,2010-04-05,327.0000000000,887.0000000000,1180,1999-12-23
full_pre2026,vo_tqqq_price_sma_50_both_confirm,1999-03-10,2025-12-31,100000.0000000000,98835960.0995359272,987.3596009954,0.2932997602,88,3.2820729092,708715.9150186209,-0.5722921734,2007-10-31,2009-05-13,560,2010-03-23,314.0000000000,874.0000000000,1338,2000-01-03
full_pre2026,vo_tqqq_price_sma_100_trend_cap,1999-03-10,2025-12-31,100000.0000000000,3403716.5206238953,33.0371652062,0.1406073531,360,13.4266619014,205488.5268553674,-0.5197922525,2004-01-26,2006-09-07,955,2009-12-24,1204.0000000000,2159.0000000000,2159,2004-01-26
full_pre2026,vo_tqqq_price_sma_100_trend_floor,1999-03-10,2025-12-31,100000.0000000000,134271640.8440094292,1341.7164084401,0.3081639829,211,7.8695157255,2277125.8340933090,-0.8623764518,2000-03-27,2003-04-04,1103,2007-10-23,1663.0000000000,2766.0000000000,2766,2000-03-27
full_pre2026,vo_tqqq_price_sma_100_blend,1999-03-10,2025-12-31,100000.0000000000,27300375.1612407006,272.0037516124,0.2327074885,467,17.4173641887,873338.6422000403,-0.6424585296,2000-03-27,2003-04-04,1103,2007-07-02,1550.0000000000,2653.0000000000,2653,2000-03-27
full_pre2026,vo_tqqq_price_sma_100_bear_step_down,1999-03-10,2025-12-31,100000.0000000000,21706946.9285044223,216.0694692850,0.2222117319,387,14.4336615440,694791.8248478794,-0.4352265228,2007-10-31,2009-05-13,560,2009-11-16,187.0000000000,747.0000000000,1181,1999-12-23
full_pre2026,vo_tqqq_price_sma_100_bull_step_up,1999-03-10,2025-12-31,100000.0000000000,193023448.4187713265,1929.2344841877,0.3259924254,238,8.8765153681,3242908.1551081748,-0.6266070076,2000-03-27,2003-02-07,1047,2004-01-08,335.0000000000,1382.0000000000,1382,2000-03-27
full_pre2026,vo_tqqq_price_sma_100_cut_confirm,1999-03-10,2025-12-31,100000.0000000000,217284321.9745987654,2171.8432197460,0.3318605507,105,3.9161097212,1733396.0467942785,-0.6045510992,2007-10-31,2009-05-13,560,2010-04-14,336.0000000000,896.0000000000,1256,2000-03-27
full_pre2026,vo_tqqq_price_sma_100_raise_confirm,1999-03-10,2025-12-31,100000.0000000000,68840105.6291805804,687.4010562918,0.2759714024,122,4.5501465332,693434.6773925581,-0.5288302700,2007-10-31,2009-05-13,560,2010-04-05,327.0000000000,887.0000000000,1181,1999-12-23
full_pre2026,vo_tqqq_price_sma_100_both_confirm,1999-03-10,2025-12-31,100000.0000000000,80397531.5917856097,802.9753159179,0.2833784859,73,2.7226286633,523676.9701253391,-0.6045508553,2007-10-31,2009-05-13,560,2010-04-14,336.0000000000,896.0000000000,1373,2000-03-27
full_pre2026,vo_tqqq_price_sma_150_trend_cap,1999-03-10,2025-12-31,100000.0000000000,10011578.1746416427,99.1157817464,0.1874390011,301,11.2261812009,201594.3859234803,-0.5877159949,2004-01-26,2005-10-27,640,2010-04-15,1631.0000000000,2271.0000000000,2271,2004-01-26
full_pre2026,vo_tqqq_price_sma_150_trend_floor,1999-03-10,2025-12-31,100000.0000000000,185673743.5935710967,1855.7374359357,0.3240739573,168,6.2657755540,1909921.5237895939,-0.7233107616,2000-03-27,2003-04-11,1110,2006-10-16,1284.0000000000,2394.0000000000,2394,2000-03-27
full_pre2026,vo_tqqq_price_sma_150_blend,1999-03-10,2025-12-31,100000.0000000000,53317542.0975329429,532.1754209753,0.2638691694,380,14.1725875625,750767.3552355731,-0.5504423657,2007-10-31,2009-05-13,560,2009-12-24,225.0000000000,785.0000000000,1373,2000-03-27
full_pre2026,vo_tqqq_price_sma_150_bear_step_down,1999-03-10,2025-12-31,100000.0000000000,40682908.7169103771,405.8290871691,0.2511845370,314,11.7110328806,616261.5340334827,-0.4792412744,2007-10-31,2009-05-13,560,2009-12-23,224.0000000000,784.0000000000,1180,1999-12-23
full_pre2026,vo_tqqq_price_sma_150_bull_step_up,1999-03-10,2025-12-31,100000.0000000000,242666987.9224350452,2425.6698792244,0.3373599623,199,7.4219603288,2568950.6434656200,-0.6516260850,2007-10-31,2009-05-13,560,2010-03-23,314.0000000000,874.0000000000,1249,2000-03-27
full_pre2026,vo_tqqq_price_sma_150_cut_confirm,1999-03-10,2025-12-31,100000.0000000000,334421054.1735661030,3343.2105417357,0.3534526044,90,3.3566654753,2244697.5811406863,-0.5767973719,2007-10-31,2009-05-13,560,2010-03-10,301.0000000000,861.0000000000,1386,2000-03-27
full_pre2026,vo_tqqq_price_sma_150_raise_confirm,1999-03-10,2025-12-31,100000.0000000000,73074667.4246634394,729.7466742466,0.2788154041,123,4.5874428163,687940.2726427510,-0.5609570785,2007-10-31,2009-05-13,560,2010-04-14,336.0000000000,896.0000000000,1180,1999-12-23
full_pre2026,vo_tqqq_price_sma_150_both_confirm,1999-03-10,2025-12-31,100000.0000000000,137710571.6758790910,1376.1057167588,0.3093984191,59,2.2004807005,633675.9419611142,-0.6056534590,2007-10-31,2009-05-13,560,2010-03-23,314.0000000000,874.0000000000,2116,2000-03-27
full_pre2026,vo_tqqq_price_sma_200_trend_cap,1999-03-10,2025-12-31,100000.0000000000,31975207.3702796921,318.7520737028,0.2399958408,219,8.1678859900,475476.9381565983,-0.4559981067,2004-01-26,2005-10-27,640,2007-07-12,623.0000000000,1263.0000000000,1263,2004-01-26
full_pre2026,vo_tqqq_price_sma_200_trend_floor,1999-03-10,2025-12-31,100000.0000000000,241831929.5832177401,2417.3192958322,0.3371880368,118,4.4009614010,2098266.4517733948,-0.7722809158,2000-03-27,2003-04-10,1109,2007-01-12,1373.0000000000,2482.0000000000,2482,2000-03-27
full_pre2026,vo_tqqq_price_sma_200_blend,1999-03-10,2025-12-31,100000.0000000000,109063446.7811506838,1089.6344678115,0.2980581371,291,10.8532183703,1263037.9515127509,-0.5355629639,2000-03-27,2003-04-10,1109,2004-01-08,273.0000000000,1382.0000000000,1382,2000-03-27
full_pre2026,vo_tqqq_price_sma_200_bear_step_down,1999-03-10,2025-12-31,100000.0000000000,88486698.6272461265,883.8669862725,0.2879754817,235,8.7646265189,1081978.2917702910,-0.4157400413,2015-07-20,2016-06-27,343,2017-02-13,231.0000000000,574.0000000000,1181,1999-12-23
full_pre2026,vo_tqqq_price_sma_200_bull_step_up,1999-03-10,2025-12-31,100000.0000000000,344723803.9730106592,3446.2380397301,0.3549851324,148,5.5198498928,2923279.8001306579,-0.6035538242,2007-10-31,2009-07-07,615,2010-03-22,258.0000000000,873.0000000000,1260,2000-03-27
full_pre2026,vo_tqqq_price_sma_200_cut_confirm,1999-03-10,2025-12-31,100000.0000000000,300162698.8710514307,3000.6269887105,0.3480080341,83,3.0955914939,1779906.4783654001,-0.6466355554,2000-03-27,2000-09-18,175,2006-01-06,1936.0000000000,2111.0000000000,2111,2000-03-27
full_pre2026,vo_tqqq_price_sma_200_raise_confirm,1999-03-10,2025-12-31,100000.0000000000,68224690.2100385427,681.2469021004,0.2755441258,126,4.6993316655,631607.2492881676,-0.5708790232,2007-10-31,2009-07-07,615,2010-10-27,477.0000000000,1092.0000000000,1181,1999-12-23
full_pre2026,vo_tqqq_price_sma_200_both_confirm,1999-03-10,2025-12-31,100000.0000000000,108363771.5803085119,1082.6377158031,0.2977465915,55,2.0512955683,423996.5161781574,-0.6514541616,2000-03-27,2003-03-24,1092,2007-07-13,1572.0000000000,2664.0000000000,2664,2000-03-27
full_pre2026,vo_tqqq_price_sma_250_trend_cap,1999-03-10,2025-12-31,100000.0000000000,33596937.7289934009,334.9693772899,0.2422859930,207,7.7203305933,411956.8580628096,-0.5375835631,2015-07-20,2016-06-13,329,2017-07-24,406.0000000000,735.0000000000,1226,1999-12-23
full_pre2026,vo_tqqq_price_sma_250_trend_floor,1999-03-10,2025-12-31,100000.0000000000,67147194.9301435053,670.4719493014,0.2747870172,131,4.8858130808,549915.4694841027,-0.8936222149,2000-03-27,2000-09-18,175,2011-01-12,3768.0000000000,3943.0000000000,3943,2000-03-27
full_pre2026,vo_tqqq_price_sma_250_blend,1999-03-10,2025-12-31,100000.0000000000,61926145.0286942944,618.2614502869,0.2709443203,295,11.0024035025,637076.7041124769,-0.6600239996,2000-03-27,2000-09-18,175,2007-05-31,2446.0000000000,2621.0000000000,2621,2000-03-27
full_pre2026,vo_tqqq_price_sma_250_bear_step_down,1999-03-10,2025-12-31,100000.0000000000,79854126.1823592782,797.5412618236,0.2830539083,227,8.4662562545,844008.0336131171,-0.4747466268,2015-07-20,2016-06-27,343,2017-04-24,301.0000000000,644.0000000000,1226,1999-12-23
full_pre2026,vo_tqqq_price_sma_250_bull_step_up,1999-03-10,2025-12-31,100000.0000000000,174715730.2613138258,1746.1573026131,0.3210733521,161,6.0047015726,1296188.4286718082,-0.6655289141,2000-03-27,2000-09-18,175,2004-12-14,1548.0000000000,1723.0000000000,1723,2000-03-27
full_pre2026,vo_tqqq_price_sma_250_cut_confirm,1999-03-10,2025-12-31,100000.0000000000,191354735.7219525278,1912.5473572195,0.3255630948,80,2.9837026447,915417.2558521905,-0.7446517238,2000-03-27,2000-09-18,175,2007-05-09,2424.0000000000,2599.0000000000,2599,2000-03-27
full_pre2026,vo_tqqq_price_sma_250_raise_confirm,1999-03-10,2025-12-31,100000.0000000000,66449349.5788055286,663.4934957881,0.2742904060,122,4.5501465332,621926.0902545436,-0.5651007029,2007-10-31,2009-08-17,656,2010-11-04,444.0000000000,1100.0000000000,1226,1999-12-23
full_pre2026,vo_tqqq_price_sma_250_both_confirm,1999-03-10,2025-12-31,100000.0000000000,67107888.9326952696,670.0788893270,0.2747591780,48,1.7902215868,201602.7983605141,-0.7392719781,2000-03-27,2003-04-30,1129,2011-02-08,2841.0000000000,3970.0000000000,3970,2000-03-27
full_pre2026,vo_tqqq_cross_5_20_trend_cap,1999-03-10,2025-12-31,100000.0000000000,4502672.6429528799,44.0267264295,0.1525726217,388,14.4709578270,252079.1762762105,-0.4928380119,2014-11-28,2016-12-01,734,2019-12-19,1113.0000000000,1847.0000000000,1847,2014-11-28
full_pre2026,vo_tqqq_cross_5_20_trend_floor,1999-03-10,2025-12-31,100000.0000000000,81245675.3362967074,811.4567533630,0.2838808878,258,9.6224410293,1100296.0149331056,-0.8720086651,2000-01-03,2002-09-03,974,2011-04-27,3158.0000000000,4132.0000000000,4132,2000-01-03
full_pre2026,vo_tqqq_cross_5_20_blend,1999-03-10,2025-12-31,100000.0000000000,31187251.3698016182,310.8725136980,0.2388424428,550,20.5129556826,881139.8442448042,-0.5961638763,2000-03-09,2002-09-03,908,2007-07-05,1766.0000000000,2674.0000000000,2674,2000-03-09
full_pre2026,vo_tqqq_cross_5_20_bear_step_down,1999-03-10,2025-12-31,100000.0000000000,28408536.3691470549,283.0853636915,0.2345381727,426,15.8882165833,824794.9382585135,-0.3429702363,2003-09-08,2004-08-06,333,2004-12-14,130.0000000000,463.0000000000,1156,1999-12-23
full_pre2026,vo_tqqq_cross_5_20_bull_step_up,1999-03-10,2025-12-31,100000.0000000000,209584682.7439906597,2094.8468274399,0.3300695944,285,10.6294406719,2639974.8700648500,-0.6360660715,2007-10-31,2009-02-17,475,2010-03-23,399.0000000000,874.0000000000,2132,2000-03-09
full_pre2026,vo_tqqq_cross_5_20_cut_confirm,1999-03-10,2025-12-31,100000.0000000000,212069620.6850715280,2119.6962068507,0.3306544241,126,4.6993316655,2209891.8300258452,-0.5673710288,2007-10-31,2009-05-13,560,2010-04-15,337.0000000000,897.0000000000,1169,2000-01-03
full_pre2026,vo_tqqq_cross_5_20_raise_confirm,1999-03-10,2025-12-31,100000.0000000000,120350702.7783052921,1202.5070277831,0.3028346008,120,4.4755539671,1030574.2048849736,-0.5293310542,2007-10-31,2009-05-13,560,2010-04-14,336.0000000000,896.0000000000,1156,1999-12-23
full_pre2026,vo_tqqq_cross_5_20_both_confirm,1999-03-10,2025-12-31,100000.0000000000,144981558.0581238866,1448.8155805812,0.3119135439,92,3.4312580415,1139772.6390990086,-0.5678306951,2007-10-31,2009-05-13,560,2010-04-22,344.0000000000,904.0000000000,1215,2000-01-03
full_pre2026,vo_tqqq_cross_10_50_trend_cap,1999-03-10,2025-12-31,100000.0000000000,6139100.4019010942,60.3910040190,0.1659761321,215,8.0187008578,169486.4622673941,-0.5371118005,2011-02-16,2012-01-13,331,2013-05-06,479.0000000000,810.0000000000,1183,1999-12-23
full_pre2026,vo_tqqq_cross_10_50_trend_floor,1999-03-10,2025-12-31,100000.0000000000,64615412.2842501849,645.1541228425,0.2729609799,149,5.5571461758,897816.3635202277,-0.8467477538,2000-03-27,2001-06-15,445,2007-10-18,2316.0000000000,2761.0000000000,2761,2000-03-27
full_pre2026,vo_tqqq_cross_10_50_blend,1999-03-10,2025-12-31,100000.0000000000,27968593.0288776457,278.6859302888,0.2338197562,318,11.8602180129,517946.3694090663,-0.5964938863,2000-03-27,2001-06-15,445,2006-10-13,1946.0000000000,2391.0000000000,2391,2000-03-27
full_pre2026,vo_tqqq_cross_10_50_bear_step_down,1999-03-10,2025-12-31,100000.0000000000,26353577.5362850092,262.5357753629,0.2310857894,248,9.2494781987,468651.4951024899,-0.4573559221,2011-02-16,2012-01-13,331,2013-04-30,473.0000000000,804.0000000000,1183,1999-12-23
full_pre2026,vo_tqqq_cross_10_50_bull_step_up,1999-03-10,2025-12-31,100000.0000000000,131124458.4565620124,1310.2445845656,0.3070073024,175,6.5268495354,1594806.9983255435,-0.6421969592,2007-10-31,2009-03-30,516,2010-04-05,371.0000000000,887.0000000000,1382,2000-03-27
full_pre2026,vo_tqqq_cross_10_50_cut_confirm,1999-03-10,2025-12-31,100000.0000000000,173763325.8564804792,1736.6332585648,0.3208040598,116,4.3263688349,1778232.1848697078,-0.5688469311,2007-10-31,2009-05-13,560,2010-04-15,337.0000000000,897.0000000000,1198,2000-03-27
full_pre2026,vo_tqqq_cross_10_50_raise_confirm,1999-03-10,2025-12-31,100000.0000000000,92579316.1744390726,924.7931617444,0.2901492215,119,4.4382576841,803785.4318719152,-0.5288301775,2007-10-31,2009-05-13,560,2010-04-12,334.0000000000,894.0000000000,1183,1999-12-23
full_pre2026,vo_tqqq_cross_10_50_both_confirm,1999-03-10,2025-12-31,100000.0000000000,81581955.6235634089,814.8195562356,0.2840786884,81,3.0209989278,626579.3538462550,-0.5688466423,2007-10-31,2009-05-13,560,2010-09-24,499.0000000000,1059.0000000000,1270,2000-03-27
full_pre2026,vo_tqqq_cross_20_50_trend_cap,1999-03-10,2025-12-31,100000.0000000000,3133829.9025803721,30.3382990258,0.1370984102,193,7.1981826305,112718.2418010812,-0.5261849628,2011-02-16,2011-11-25,282,2013-04-30,522.0000000000,804.0000000000,988,2014-09-18
full_pre2026,vo_tqqq_cross_20_50_trend_floor,1999-03-10,2025-12-31,100000.0000000000,37497566.2787998170,373.9756627880,0.2473856613,117,4.3636651179,441704.5405257085,-0.9261152020,2000-03-27,2003-02-07,1047,2011-01-14,2898.0000000000,3945.0000000000,3945,2000-03-27
full_pre2026,vo_tqqq_cross_20_50_blend,1999-03-10,2025-12-31,100000.0000000000,15727851.9737731386,156.2785197377,0.2076125124,278,10.3683666905,312128.9994276487,-0.7021487529,2000-03-27,2003-02-07,1047,2007-07-06,1610.0000000000,2657.0000000000,2657,2000-03-27
full_pre2026,vo_tqqq_cross_20_50_bear_step_down,1999-03-10,2025-12-31,100000.0000000000,20806009.3607442975,207.0600936074,0.2202809326,223,8.3170711222,411190.6255063826,-0.4626641439,2007-07-19,2009-05-13,664,2009-12-22,223.0000000000,887.0000000000,887,2007-07-19
full_pre2026,vo_tqqq_cross_20_50_bull_step_up,1999-03-10,2025-12-31,100000.0000000000,108671073.3659456819,1085.7107336595,0.2978836621,153,5.7063313081,1206022.2266751567,-0.7045226164,2000-03-27,2003-02-07,1047,2005-11-25,1022.0000000000,2069.0000000000,2069,2000-03-27
full_pre2026,vo_tqqq_cross_20_50_cut_confirm,1999-03-10,2025-12-31,100000.0000000000,101138914.5214585662,1010.3891452146,0.2944112626,99,3.6923320229,739615.6243067821,-0.6524528655,2000-03-27,2000-09-21,178,2005-11-17,1883.0000000000,2061.0000000000,2061,2000-03-27
full_pre2026,vo_tqqq_cross_20_50_raise_confirm,1999-03-10,2025-12-31,100000.0000000000,93587506.3136912137,934.8750631369,0.2906704974,129,4.8112205147,951729.7626284931,-0.5288300173,2007-10-31,2009-05-13,560,2010-04-14,336.0000000000,896.0000000000,896,2007-10-31
full_pre2026,vo_tqqq_cross_20_50_both_confirm,1999-03-10,2025-12-31,100000.0000000000,43787437.1004559547,436.8743710046,0.2546209048,80,2.9837026447,296613.4972154705,-0.6443710639,2000-03-27,2000-09-21,178,2007-05-30,2442.0000000000,2620.0000000000,2620,2000-03-27
full_pre2026,vo_tqqq_cross_20_100_trend_cap,1999-03-10,2025-12-31,100000.0000000000,8685164.1117906999,85.8516411179,0.1811613137,169,6.3030718370,166444.4743579446,-0.5798201478,2015-07-20,2016-06-27,343,2017-05-25,332.0000000000,675.0000000000,2159,2004-01-26
full_pre2026,vo_tqqq_cross_20_100_trend_floor,1999-03-10,2025-12-31,100000.0000000000,77081478.2367226183,769.8147823672,0.2813639628,104,3.8788134382,661897.1309563213,-0.8753254199,2000-03-27,2003-02-07,1047,2007-10-05,1701.0000000000,2748.0000000000,2748,2000-03-27
full_pre2026,vo_tqqq_cross_20_100_blend,1999-03-10,2025-12-31,100000.0000000000,35533627.8540045097,354.3362785400,0.2448854030,237,8.8392190851,469065.1411228873,-0.6364060598,2000-03-27,2003-02-07,1047,2006-11-22,1384.0000000000,2431.0000000000,2431,2000-03-27
full_pre2026,vo_tqqq_cross_20_100_bear_step_down,1999-03-10,2025-12-31,100000.0000000000,39493634.6028533429,393.9363460285,0.2498008331,195,7.2727751966,568819.7294089267,-0.5206203611,2015-07-20,2016-06-27,343,2017-03-30,276.0000000000,619.0000000000,782,2007-10-31
full_pre2026,vo_tqqq_cross_20_100_bull_step_up,1999-03-10,2025-12-31,100000.0000000000,178095386.6301985085,1779.9538663020,0.3220176766,137,5.1095907791,1565456.0903303260,-0.6393498638,2000-03-27,2003-02-07,1047,2004-01-05,332.0000000000,1379.0000000000,1379,2000-03-27
full_pre2026,vo_tqqq_cross_20_100_cut_confirm,1999-03-10,2025-12-31,100000.0000000000,109802610.7813791484,1097.0261078138,0.2983851828,94,3.5058506076,804038.9762192086,-0.7105054750,2000-03-27,2000-04-14,18,2006-01-09,2096.0000000000,2114.0000000000,2114,2000-03-27
full_pre2026,vo_tqqq_cross_20_100_raise_confirm,1999-03-10,2025-12-31,100000.0000000000,54167753.8830632567,540.6775388306,0.2646151249,126,4.6993316655,578321.1216605944,-0.5550068437,2007-10-31,2009-05-13,560,2010-04-14,336.0000000000,896.0000000000,896,2007-10-31
full_pre2026,vo_tqqq_cross_20_100_both_confirm,1999-03-10,2025-12-31,100000.0000000000,31342694.0593513288,312.4269405935,0.2390721820,66,2.4615546819,204708.7868453883,-0.7105054750,2000-03-27,2000-04-14,18,2007-07-12,2645.0000000000,2663.0000000000,2663,2000-03-27
full_pre2026,vo_tqqq_cross_20_200_trend_cap,1999-03-10,2025-12-31,100000.0000000000,22867809.8144282326,227.6780981443,0.2245888686,132,4.9231093638,203020.7174694113,-0.5504082928,2015-07-20,2016-11-04,473,2017-10-27,357.0000000000,830.0000000000,2115,2004-01-26
full_pre2026,vo_tqqq_cross_20_200_trend_floor,1999-03-10,2025-12-31,100000.0000000000,279950477.1151267290,2798.5047711513,0.3445077707,70,2.6107398142,1299292.3864489079,-0.7105054750,2000-03-27,2000-04-14,18,2004-01-07,1363.0000000000,1381.0000000000,1381,2000-03-27
full_pre2026,vo_tqqq_cross_20_200_blend,1999-03-10,2025-12-31,100000.0000000000,105012777.2499658167,1049.1277724997,0.2962271157,191,7.1235900643,704655.5001856302,-0.4991339741,2007-10-31,2009-07-07,615,2009-12-23,169.0000000000,784.0000000000,1250,2000-03-27
full_pre2026,vo_tqqq_cross_20_200_bear_step_down,1999-03-10,2025-12-31,100000.0000000000,83074133.2473605573,829.7413324736,0.2849470260,149,5.5571461758,689997.5139800714,-0.4817236914,2015-07-20,2016-06-27,343,2017-04-25,302.0000000000,645.0000000000,1222,1999-12-23
full_pre2026,vo_tqqq_cross_20_200_bull_step_up,1999-03-10,2025-12-31,100000.0000000000,412171856.0889990330,4120.7185608900,0.3640459009,101,3.7669245890,2099830.1797592188,-0.6114369057,2007-10-31,2009-07-07,615,2010-03-23,259.0000000000,874.0000000000,1197,2000-03-27
full_pre2026,vo_tqqq_cross_20_200_cut_confirm,1999-03-10,2025-12-31,100000.0000000000,192739133.9622074664,1926.3913396221,0.3259195294,71,2.6480360972,913452.3330833733,-0.7105054750,2000-03-27,2000-04-14,18,2006-10-13,2373.0000000000,2391.0000000000,2391,2000-03-27
full_pre2026,vo_tqqq_cross_20_200_raise_confirm,1999-03-10,2025-12-31,100000.0000000000,56169762.5316077173,560.6976253161,0.2663280497,119,4.4382576841,552206.6892798308,-0.5138789640,2015-07-20,2016-06-27,343,2017-03-01,247.0000000000,590.0000000000,1222,1999-12-23
full_pre2026,vo_tqqq_cross_20_200_both_confirm,1999-03-10,2025-12-31,100000.0000000000,57475390.3079120889,573.7539030791,0.2674137637,36,1.3426661901,180763.7230664852,-0.7105054750,2000-03-27,2000-04-14,18,2007-10-05,2730.0000000000,2748.0000000000,2748,2000-03-27
full_pre2026,vo_tqqq_cross_50_100_trend_cap,1999-03-10,2025-12-31,100000.0000000000,16330684.5874008015,162.3068458740,0.2093077557,151,5.6317387420,281742.2608744416,-0.5502245533,2015-07-20,2016-06-27,343,2017-04-28,305.0000000000,648.0000000000,783,2007-10-31
full_pre2026,vo_tqqq_cross_50_100_trend_floor,1999-03-10,2025-12-31,100000.0000000000,48605517.2908617854,485.0551729086,0.2595151203,81,3.0209989278,351319.3745828859,-0.9062595499,2000-03-27,2003-02-07,1047,2010-12-08,2861.0000000000,3908.0000000000,3908,2000-03-27
full_pre2026,vo_tqqq_cross_50_100_blend,1999-03-10,2025-12-31,100000.0000000000,38167864.8132898211,380.6786481329,0.2482102206,212,7.9068120086,440177.3382540342,-0.6861210499,2000-03-27,2003-02-07,1047,2006-11-13,1375.0000000000,2422.0000000000,2422,2000-03-27
full_pre2026,vo_tqqq_cross_50_100_bear_step_down,1999-03-10,2025-12-31,100000.0000000000,60289133.9265269935,601.8913392653,0.2696750410,176,6.5641458184,781680.7934832431,-0.5062004251,2015-07-20,2016-06-27,343,2017-03-01,247.0000000000,590.0000000000,783,2007-10-31
full_pre2026,vo_tqqq_cross_50_100_bull_step_up,1999-03-10,2025-12-31,100000.0000000000,151985505.1167729497,1518.8550511677,0.3142240016,121,4.5128502502,1171776.2016779964,-0.6887476965,2000-03-27,2003-02-07,1047,2004-11-18,650.0000000000,1697.0000000000,1697,2000-03-27
full_pre2026,vo_tqqq_cross_50_100_cut_confirm,1999-03-10,2025-12-31,100000.0000000000,107570276.8904195130,1074.7027689042,0.2973909186,79,2.9464063617,702596.5859630761,-0.7451662089,2000-03-27,2000-05-10,44,2006-10-26,2360.0000000000,2404.0000000000,2404,2000-03-27
full_pre2026,vo_tqqq_cross_50_100_raise_confirm,1999-03-10,2025-12-31,100000.0000000000,55339461.0673292577,552.3946106733,0.2656248896,131,4.8858130808,646345.0479949958,-0.5596065384,2007-10-31,2009-05-13,560,2010-04-14,336.0000000000,896.0000000000,896,2007-10-31
full_pre2026,vo_tqqq_cross_50_100_both_confirm,1999-03-10,2025-12-31,100000.0000000000,31410989.6795886718,313.1098967959,0.2391727740,56,2.0885918513,194645.8218612944,-0.7451662089,2000-03-27,2000-05-10,44,2007-07-05,2612.0000000000,2656.0000000000,2656,2000-03-27
full_pre2026,vo_tqqq_cross_50_150_trend_cap,1999-03-10,2025-12-31,100000.0000000000,31734786.8976080231,316.3478689761,0.2396468447,127,4.7366279485,320028.5214309312,-0.4673232425,2015-07-20,2016-01-27,191,2017-05-01,460.0000000000,651.0000000000,1225,2004-01-26
full_pre2026,vo_tqqq_cross_50_150_trend_floor,1999-03-10,2025-12-31,100000.0000000000,137237163.3203705847,1371.3716332037,0.3092302579,77,2.8718137956,681961.7809241025,-0.8286982145,2000-03-27,2003-02-07,1047,2007-07-13,1617.0000000000,2664.0000000000,2664,2000-03-27
full_pre2026,vo_tqqq_cross_50_150_blend,1999-03-10,2025-12-31,100000.0000000000,90712665.4032678604,906.1266540327,0.2891694943,189,7.0489974982,676730.0513863075,-0.5663243195,2000-03-27,2003-02-07,1047,2004-12-02,664.0000000000,1711.0000000000,1711,2000-03-27
full_pre2026,vo_tqqq_cross_50_150_bear_step_down,1999-03-10,2025-12-31,100000.0000000000,97678257.6994970292,975.7825769950,0.2927315522,152,5.6690350250,905182.7225418816,-0.4254635520,2007-10-31,2008-07-14,257,2009-09-16,429.0000000000,686.0000000000,1141,1999-12-23
full_pre2026,vo_tqqq_cross_50_150_bull_step_up,1999-03-10,2025-12-31,100000.0000000000,291496855.7149378061,2913.9685571494,0.3465359901,112,4.1771837026,1626849.8729904741,-0.6264586368,2007-10-31,2009-05-13,560,2010-03-10,301.0000000000,861.0000000000,1295,2000-03-27
full_pre2026,vo_tqqq_cross_50_150_cut_confirm,1999-03-10,2025-12-31,100000.0000000000,113598237.2666515112,1134.9823726665,0.3000318840,75,2.7972212294,602721.3488958490,-0.8012814985,2000-03-27,2000-05-23,57,2007-07-03,2597.0000000000,2654.0000000000,2654,2000-03-27
full_pre2026,vo_tqqq_cross_50_150_raise_confirm,1999-03-10,2025-12-31,100000.0000000000,48977113.7902882919,488.7711379029,0.2598729379,118,4.4009614010,526736.9014470755,-0.4994235760,2015-07-20,2016-02-09,204,2017-03-30,415.0000000000,619.0000000000,1141,1999-12-23
full_pre2026,vo_tqqq_cross_50_150_both_confirm,1999-03-10,2025-12-31,100000.0000000000,30349813.5372463763,302.4981353725,0.2375854470,39,1.4545550393,118847.7344434396,-0.8012814985,2000-03-27,2000-05-23,57,2007-10-18,2704.0000000000,2761.0000000000,2761,2000-03-27
full_pre2026,vo_tqqq_cross_50_200_trend_cap,1999-03-10,2025-12-31,100000.0000000000,14828609.0085638389,147.2860900856,0.2049637327,123,4.5874428163,160552.2799083311,-0.5275405129,2004-01-26,2007-03-05,1134,2009-12-22,1023.0000000000,2157.0000000000,2157,2004-01-26
full_pre2026,vo_tqqq_cross_50_200_trend_floor,1999-03-10,2025-12-31,100000.0000000000,166848524.8556933701,1667.4852485569,0.3188051890,66,2.4615546819,922777.5921442473,-0.8012814985,2000-03-27,2000-05-23,57,2004-12-14,1666.0000000000,1723.0000000000,1723,2000-03-27
full_pre2026,vo_tqqq_cross_50_200_blend,1999-03-10,2025-12-31,100000.0000000000,65391219.1312185377,652.9121913122,0.2735277417,182,6.7879235168,528888.9999252676,-0.5154731234,2000-03-27,2000-05-23,57,2003-09-02,1197.0000000000,1254.0000000000,1254,2000-03-27
full_pre2026,vo_tqqq_cross_50_200_bear_step_down,1999-03-10,2025-12-31,100000.0000000000,59518147.0885022581,594.1814708850,0.2690657095,142,5.2960721944,587947.8583657934,-0.4339320750,2015-07-20,2016-06-27,343,2017-03-29,275.0000000000,618.0000000000,1222,1999-12-23
full_pre2026,vo_tqqq_cross_50_200_bull_step_up,1999-03-10,2025-12-31,100000.0000000000,259375364.5428182483,2592.7536454282,0.3406853138,101,3.7669245890,1621781.8459237267,-0.6110982852,2007-10-31,2009-05-13,560,2010-03-22,313.0000000000,873.0000000000,1197,2000-03-27
full_pre2026,vo_tqqq_cross_50_200_cut_confirm,1999-03-10,2025-12-31,100000.0000000000,109406099.1538717002,1093.0609915387,0.2982100093,67,2.4988509650,633711.7231443708,-0.8012814985,2000-03-27,2000-05-23,57,2006-10-26,2347.0000000000,2404.0000000000,2404,2000-03-27
full_pre2026,vo_tqqq_cross_50_200_raise_confirm,1999-03-10,2025-12-31,100000.0000000000,37751864.5830002874,376.5186458300,0.2477001412,117,4.3636651179,417769.3572895675,-0.4994235287,2015-07-20,2016-02-09,204,2017-04-25,441.0000000000,645.0000000000,1222,1999-12-23
full_pre2026,vo_tqqq_cross_50_200_both_confirm,1999-03-10,2025-12-31,100000.0000000000,22166248.7604758367,220.6624876048,0.2231665626,30,1.1188884918,97395.1801295826,-0.8012814985,2000-03-27,2000-05-23,57,2007-10-05,2691.0000000000,2748.0000000000,2748,2000-03-27
full_pre2026,vo_tqqq_cross_100_200_trend_cap,1999-03-10,2025-12-31,100000.0000000000,16745090.5307501182,166.4509053075,0.2104385251,128,4.7739242316,233694.7223867083,-0.4624432718,2024-12-16,2025-09-05,263,,,,1222,1999-12-23
full_pre2026,vo_tqqq_cross_100_200_trend_floor,1999-03-10,2025-12-31,100000.0000000000,357687809.8988251686,3575.8780989883,0.3568520534,57,2.1258881344,1373099.7031534191,-0.8012814985,2000-03-27,2000-05-23,57,2005-11-17,2004.0000000000,2061.0000000000,2061,2000-03-27
full_pre2026,vo_tqqq_cross_100_200_blend,1999-03-10,2025-12-31,100000.0000000000,108622764.7741471529,1085.2276477415,0.2978621390,179,6.6760346676,807310.3066247372,-0.5251058474,2007-10-31,2009-05-13,560,2010-03-22,313.0000000000,873.0000000000,1254,2000-03-27
full_pre2026,vo_tqqq_cross_100_200_bear_step_down,1999-03-10,2025-12-31,100000.0000000000,54444499.0969239175,543.4449909692,0.2648555044,145,5.4079610436,650729.6387832401,-0.4551067140,2024-12-16,2025-06-05,171,,,,1222,1999-12-23
full_pre2026,vo_tqqq_cross_100_200_bull_step_up,1999-03-10,2025-12-31,100000.0000000000,322980146.4739819169,3228.8014647398,0.3516965800,97,3.6177394568,1760929.9754975643,-0.6483247582,2007-10-31,2009-05-13,560,2010-04-22,344.0000000000,904.0000000000,1197,2000-03-27
full_pre2026,vo_tqqq_cross_100_200_cut_confirm,1999-03-10,2025-12-31,100000.0000000000,233854678.7516936362,2337.5467875169,0.3355162171,58,2.1631844174,909216.3684317633,-0.8012814985,2000-03-27,2000-05-23,57,2006-11-22,2374.0000000000,2431.0000000000,2431,2000-03-27
full_pre2026,vo_tqqq_cross_100_200_raise_confirm,1999-03-10,2025-12-31,100000.0000000000,43744405.9973448813,436.4440599734,0.2545748986,120,4.4755539671,563244.2237136774,-0.4624434536,2024-12-16,2025-09-05,263,,,,1222,1999-12-23
full_pre2026,vo_tqqq_cross_100_200_both_confirm,1999-03-10,2025-12-31,100000.0000000000,53889922.6407594606,537.8992264076,0.2643726099,24,0.8951107934,179312.8486342415,-0.8012814985,2000-03-27,2000-05-23,57,2010-03-16,3584.0000000000,3641.0000000000,3641,2000-03-27
full_pre2026,vo_tqqq_cross_100_250_trend_cap,1999-03-10,2025-12-31,100000.0000000000,9792368.5209646821,96.9236852096,0.1864589398,125,4.6620353824,130981.7018661539,-0.5816169323,2004-06-30,2007-03-05,978,2011-04-27,1514.0000000000,2492.0000000000,2492,2004-06-30
full_pre2026,vo_tqqq_cross_100_250_trend_floor,1999-03-10,2025-12-31,100000.0000000000,266390662.2138386965,2662.9066221384,0.3420204265,62,2.3123695497,1035628.6258550090,-0.8012814985,2000-03-27,2000-05-23,57,2006-11-14,2366.0000000000,2423.0000000000,2423,2000-03-27
full_pre2026,vo_tqqq_cross_100_250_blend,1999-03-10,2025-12-31,100000.0000000000,71632010.0922744870,715.3201009227,0.2778647316,180,6.7133309507,531347.8392762275,-0.5347784874,2007-10-31,2009-05-13,560,2010-11-04,540.0000000000,1100.0000000000,1381,2000-03-27
full_pre2026,vo_tqqq_cross_100_250_bear_step_down,1999-03-10,2025-12-31,100000.0000000000,36100214.5355072245,360.0021453551,0.2456201033,146,5.4452573267,415612.1517918205,-0.4551066299,2024-12-16,2025-06-05,171,,,,1260,1999-12-23
full_pre2026,vo_tqqq_cross_100_250_bull_step_up,1999-03-10,2025-12-31,100000.0000000000,246522472.6741479039,2464.2247267415,0.3381464328,101,3.7669245890,1358534.5552353784,-0.6578573728,2007-10-31,2009-05-13,560,2010-12-10,576.0000000000,1136.0000000000,1254,2000-03-27
full_pre2026,vo_tqqq_cross_100_250_cut_confirm,1999-03-10,2025-12-31,100000.0000000000,214954140.2650391459,2148.5414026504,0.3313250777,62,2.3123695497,851608.3495373609,-0.8012814985,2000-03-27,2000-05-23,57,2007-01-12,2425.0000000000,2482.0000000000,2482,2000-03-27
full_pre2026,vo_tqqq_cross_100_250_raise_confirm,1999-03-10,2025-12-31,100000.0000000000,25661727.4196546227,255.6172741965,0.2298649039,116,4.3263688349,325113.9542108406,-0.4494819945,2024-12-16,2025-04-07,112,,,,1260,1999-12-23
full_pre2026,vo_tqqq_cross_100_250_both_confirm,1999-03-10,2025-12-31,100000.0000000000,29590375.1184809320,294.9037511848,0.2364163159,24,0.8951107934,99586.0990956969,-0.8012814985,2000-03-27,2000-05-23,57,2011-02-16,3921.0000000000,3978.0000000000,3978,2000-03-27
full_pre2026,vo_tqqq_triple_5_20_100_trend_cap,1999-03-10,2025-12-31,100000.0000000000,11257733.9256069064,111.5773392561,0.1926458366,393,14.6574392423,373782.8776113272,-0.4511429710,2015-03-02,2016-06-27,483,2017-06-01,339.0000000000,822.0000000000,1082,2004-01-26
full_pre2026,vo_tqqq_triple_5_20_100_trend_floor,1999-03-10,2025-12-31,100000.0000000000,107605135.9022110701,1075.0513590221,0.2974065967,235,8.7646265189,1324854.0083517663,-0.8280542371,2000-03-09,2002-09-03,908,2007-10-31,1884.0000000000,2792.0000000000,2792,2000-03-09
full_pre2026,vo_tqqq_triple_5_20_100_blend,1999-03-10,2025-12-31,100000.0000000000,43120628.5231224746,430.2062852312,0.2539030553,616,22.9745103645,906279.6981731991,-0.5625031121,2000-03-09,2003-03-11,1097,2006-11-14,1344.0000000000,2441.0000000000,2441,2000-03-09
full_pre2026,vo_tqqq_triple_5_20_100_bear_step_down,1999-03-10,2025-12-31,100000.0000000000,36826987.7408828959,367.2698774088,0.2465464346,508,18.9465117941,798816.6274304765,-0.4015026911,2015-03-02,2016-06-27,483,2017-02-13,231.0000000000,714.0000000000,800,2007-10-31
full_pre2026,vo_tqqq_triple_5_20_100_bull_step_up,1999-03-10,2025-12-31,100000.0000000000,231205111.7637662292,2311.0511176377,0.3349487727,334,12.4569585418,2507529.6154496069,-0.6171109484,2007-10-31,2009-02-17,475,2010-03-22,398.0000000000,873.0000000000,1399,2000-03-09
full_pre2026,vo_tqqq_triple_5_20_100_cut_confirm,1999-03-10,2025-12-31,100000.0000000000,103760844.5697823167,1036.6084456978,0.2956474334,90,3.3566654753,786311.6710635500,-0.7105054750,2000-03-27,2000-04-14,18,2006-01-11,2098.0000000000,2116.0000000000,2116,2000-03-27
full_pre2026,vo_tqqq_triple_5_20_100_raise_confirm,1999-03-10,2025-12-31,100000.0000000000,38910327.7724479288,388.1032777245,0.2491074346,110,4.1025911365,377487.1445380459,-0.5555077405,2007-10-31,2009-05-13,560,2010-11-04,540.0000000000,1100.0000000000,1222,1999-12-23
full_pre2026,vo_tqqq_triple_5_20_100_both_confirm,1999-03-10,2025-12-31,100000.0000000000,28491175.5253511555,283.9117552535,0.2346719245,58,2.1631844174,182089.5915477704,-0.7105054750,2000-03-27,2000-04-14,18,2007-07-12,2645.0000000000,2663.0000000000,2663,2000-03-27
full_pre2026,vo_tqqq_triple_10_50_200_trend_cap,1999-03-10,2025-12-31,100000.0000000000,15161826.3340099156,150.6182633401,0.2059628401,203,7.5711454610,218388.7307515186,-0.4725044210,2007-10-31,2009-05-13,560,2010-01-04,236.0000000000,796.0000000000,1254,2004-01-26
full_pre2026,vo_tqqq_triple_10_50_200_trend_floor,1999-03-10,2025-12-31,100000.0000000000,149205105.6862807870,1491.0510568628,0.3133193246,139,5.1841833452,1886620.0086891567,-0.7451345747,2000-03-27,2001-06-15,445,2007-01-11,2036.0000000000,2481.0000000000,2481,2000-03-27
full_pre2026,vo_tqqq_triple_10_50_200_blend,1999-03-10,2025-12-31,100000.0000000000,53330523.4866801053,532.3052348668,0.2638806448,338,12.6061436741,708876.4100926287,-0.5107484100,2007-10-31,2009-03-30,516,2009-12-23,268.0000000000,784.0000000000,1386,2000-03-27
full_pre2026,vo_tqqq_triple_10_50_200_bear_step_down,1999-03-10,2025-12-31,100000.0000000000,45735303.2099541500,456.3530320995,0.2566591428,281,10.4802555397,629134.6907889277,-0.3783098935,2007-10-31,2009-05-13,560,2009-11-16,187.0000000000,747.0000000000,1183,1999-12-23
full_pre2026,vo_tqqq_triple_10_50_200_bull_step_up,1999-03-10,2025-12-31,100000.0000000000,224207501.6859457493,2241.0750168595,0.3334194817,196,7.3100714796,2132475.7394633023,-0.6173996566,2007-10-31,2009-05-13,560,2010-03-23,314.0000000000,874.0000000000,1254,2000-03-27
full_pre2026,vo_tqqq_triple_10_50_200_cut_confirm,1999-03-10,2025-12-31,100000.0000000000,138825295.9266847372,1387.2529592668,0.3097921967,63,2.3496658327,735731.8448628910,-0.8012814985,2000-03-27,2000-05-23,57,2006-01-06,2054.0000000000,2111.0000000000,2111,2000-03-27
full_pre2026,vo_tqqq_triple_10_50_200_raise_confirm,1999-03-10,2025-12-31,100000.0000000000,28198491.4959150329,280.9849149592,0.2341965209,102,3.8042208721,283733.3674096331,-0.4994234762,2015-07-20,2016-02-09,204,2017-04-25,441.0000000000,645.0000000000,1222,1999-12-23
full_pre2026,vo_tqqq_triple_10_50_200_both_confirm,1999-03-10,2025-12-31,100000.0000000000,19457362.9886075817,193.5736298861,0.2172346992,30,1.1188884918,85772.1542337743,-0.8012814985,2000-03-27,2000-05-23,57,2007-10-05,2691.0000000000,2748.0000000000,2748,2000-03-27
full_pre2026,vo_tqqq_triple_20_50_200_trend_cap,1999-03-10,2025-12-31,100000.0000000000,8807899.8070629388,87.0789980706,0.1817796582,194,7.2354789135,163642.2369047989,-0.5093315556,2007-10-31,2009-05-13,560,2010-01-04,236.0000000000,796.0000000000,1264,2004-01-26
full_pre2026,vo_tqqq_triple_20_50_200_trend_floor,1999-03-10,2025-12-31,100000.0000000000,118903061.3107796609,1188.0306131078,0.3022467131,111,4.1398874196,1044657.9248812341,-0.8327619016,2000-03-27,2003-02-07,1047,2007-10-05,1701.0000000000,2748.0000000000,2748,2000-03-27
full_pre2026,vo_tqqq_triple_20_50_200_blend,1999-03-10,2025-12-31,100000.0000000000,39876490.5051342100,397.7649050513,0.2502506090,301,11.2261812009,517849.1904016412,-0.5711704521,2000-03-27,2003-02-07,1047,2006-01-06,1064.0000000000,2111.0000000000,2111,2000-03-27
full_pre2026,vo_tqqq_triple_20_50_200_bear_step_down,1999-03-10,2025-12-31,100000.0000000000,39352946.2853353918,392.5294628534,0.2496344983,252,9.3986633310,552984.7948536838,-0.4098694898,2015-07-20,2016-06-27,343,2017-02-15,233.0000000000,576.0000000000,747,2007-10-31
full_pre2026,vo_tqqq_triple_20_50_200_bull_step_up,1999-03-10,2025-12-31,100000.0000000000,200008536.1341382265,1999.0853613414,0.3277516213,175,6.5268495354,1732484.0933569067,-0.6186816078,2021-11-19,2022-12-28,404,2024-01-19,387.0000000000,791.0000000000,1295,2000-03-27
full_pre2026,vo_tqqq_triple_20_50_200_cut_confirm,1999-03-10,2025-12-31,100000.0000000000,142297968.5978929102,1421.9796859789,0.3109996969,59,2.2004807005,628444.2565322947,-0.8012814985,2000-03-27,2000-05-23,57,2006-01-11,2059.0000000000,2116.0000000000,2116,2000-03-27
full_pre2026,vo_tqqq_triple_20_50_200_raise_confirm,1999-03-10,2025-12-31,100000.0000000000,29825987.8920501918,297.2598789205,0.2367820956,110,4.1025911365,337470.5025370631,-0.4994234152,2015-07-20,2016-02-09,204,2017-04-25,441.0000000000,645.0000000000,1222,1999-12-23
full_pre2026,vo_tqqq_triple_20_50_200_both_confirm,1999-03-10,2025-12-31,100000.0000000000,25053529.3210498504,249.5352932105,0.2287651742,30,1.1188884918,109671.5780401990,-0.8012814985,2000-03-27,2000-05-23,57,2007-10-05,2691.0000000000,2748.0000000000,2748,2000-03-27
full_pre2026,vo_tqqq_triple_20_100_200_trend_cap,1999-03-10,2025-12-31,100000.0000000000,11823473.8590208702,117.2347385902,0.1948288153,168,6.2657755540,188196.1610271413,-0.5162803271,2007-10-31,2009-05-13,560,2010-04-05,327.0000000000,887.0000000000,1374,2004-01-26
full_pre2026,vo_tqqq_triple_20_100_200_trend_floor,1999-03-10,2025-12-31,100000.0000000000,245245906.8209662437,2451.4590682097,0.3378873487,101,3.7669245890,1544217.9240119569,-0.7990871481,2000-03-27,2003-02-07,1047,2006-11-15,1377.0000000000,2424.0000000000,2424,2000-03-27
full_pre2026,vo_tqqq_triple_20_100_200_blend,1999-03-10,2025-12-31,100000.0000000000,68738853.6083036661,686.3885360830,0.2759013575,262,9.7716261615,671843.4648451945,-0.5541727768,2000-03-27,2003-02-07,1047,2004-01-07,334.0000000000,1381.0000000000,1381,2000-03-27
full_pre2026,vo_tqqq_triple_20_100_200_bear_step_down,1999-03-10,2025-12-31,100000.0000000000,46521225.6275645643,464.2122562756,0.2574579539,224,8.3543674053,615190.5236824965,-0.4323673999,2007-10-31,2009-05-13,560,2009-12-22,223.0000000000,783.0000000000,783,2007-10-31
full_pre2026,vo_tqqq_triple_20_100_200_bull_step_up,1999-03-10,2025-12-31,100000.0000000000,270667078.2569829226,2705.6707825698,0.3428177817,155,5.7809238742,1847426.2673768525,-0.6347029183,2007-10-31,2009-05-13,560,2010-04-06,328.0000000000,888.0000000000,1254,2000-03-27
full_pre2026,vo_tqqq_triple_20_100_200_cut_confirm,1999-03-10,2025-12-31,100000.0000000000,218069490.1476036310,2179.6949014760,0.3320397368,52,1.9394067191,770610.0475681875,-0.8012814985,2000-03-27,2000-05-23,57,2007-04-25,2528.0000000000,2585.0000000000,2585,2000-03-27
full_pre2026,vo_tqqq_triple_20_100_200_raise_confirm,1999-03-10,2025-12-31,100000.0000000000,22438006.2213960961,223.3800622140,0.2237225826,108,4.0279985704,285236.7408125214,-0.4624435174,2024-12-16,2025-09-05,263,,,,1222,1999-12-23
full_pre2026,vo_tqqq_triple_20_100_200_both_confirm,1999-03-10,2025-12-31,100000.0000000000,60513733.7380443811,604.1373373804,0.2698511375,22,0.8205182273,184267.2567348111,-0.8012814985,2000-03-27,2000-05-23,57,2010-03-16,3584.0000000000,3641.0000000000,3641,2000-03-27
full_pre2026,vo_tqqq_triple_50_100_200_trend_cap,1999-03-10,2025-12-31,100000.0000000000,15956027.7053537481,158.5602770535,0.2082614134,158,5.8928127234,249250.6320866168,-0.5212754620,2007-10-31,2009-05-13,560,2010-03-23,314.0000000000,874.0000000000,874,2007-10-31
full_pre2026,vo_tqqq_triple_50_100_200_trend_floor,1999-03-10,2025-12-31,100000.0000000000,197765405.9834260643,1976.6540598343,0.3271932234,81,3.0209989278,1016312.8634213427,-0.8203817562,2000-03-27,2003-03-11,1079,2007-06-15,1557.0000000000,2636.0000000000,2636,2000-03-27
full_pre2026,vo_tqqq_triple_50_100_200_blend,1999-03-10,2025-12-31,100000.0000000000,69010510.3846259117,689.1051038463,0.2760890626,237,8.8392190851,625434.6955080396,-0.5851183612,2000-03-27,2003-02-07,1047,2005-11-17,1014.0000000000,2061.0000000000,2061,2000-03-27
full_pre2026,vo_tqqq_triple_50_100_200_bear_step_down,1999-03-10,2025-12-31,100000.0000000000,57020050.3041915745,569.2005030419,0.2670378403,205,7.6457380272,711579.1317630142,-0.4371938221,2007-10-31,2009-05-13,560,2009-12-23,224.0000000000,784.0000000000,784,2007-10-31
full_pre2026,vo_tqqq_triple_50_100_200_bull_step_up,1999-03-10,2025-12-31,100000.0000000000,242810419.9410548210,2427.1041994105,0.3373894354,140,5.2214796283,1552945.7249418672,-0.6608897670,2007-10-31,2009-05-13,560,2010-04-14,336.0000000000,896.0000000000,1295,2000-03-27
full_pre2026,vo_tqqq_triple_50_100_200_cut_confirm,1999-03-10,2025-12-31,100000.0000000000,184864363.1596951783,1847.6436315970,0.3238582360,48,1.7902215868,629563.7741237399,-0.8012814985,2000-03-27,2000-05-23,57,2007-05-30,2563.0000000000,2620.0000000000,2620,2000-03-27
full_pre2026,vo_tqqq_triple_50_100_200_raise_confirm,1999-03-10,2025-12-31,100000.0000000000,27828389.2450396568,277.2838924504,0.2335885196,105,3.9161097212,359613.9797984356,-0.4624431496,2024-12-16,2025-09-05,263,,,,1226,1999-12-23
full_pre2026,vo_tqqq_triple_50_100_200_both_confirm,1999-03-10,2025-12-31,100000.0000000000,57312687.5311231762,572.1268753112,0.2672797685,22,0.8205182273,174530.9936626258,-0.8012814985,2000-03-27,2000-05-23,57,2010-03-23,3591.0000000000,3648.0000000000,3648,2000-03-27
full_pre2026,vo_tqqq_triple_50_150_200_trend_cap,1999-03-10,2025-12-31,100000.0000000000,17325806.2221592776,172.2580622216,0.2119785809,142,5.2960721944,220569.1521650799,-0.4867739284,2007-10-31,2008-07-14,257,2009-11-16,490.0000000000,747.0000000000,1374,2004-01-26
full_pre2026,vo_tqqq_triple_50_150_200_trend_floor,1999-03-10,2025-12-31,100000.0000000000,236717615.3031587005,2366.1761530316,0.3361224423,81,3.0209989278,835984.0329750964,-0.8012814985,2000-03-27,2000-05-23,57,2007-04-25,2528.0000000000,2585.0000000000,2585,2000-03-27
full_pre2026,vo_tqqq_triple_50_150_200_blend,1999-03-10,2025-12-31,100000.0000000000,87118746.7457666993,870.1874674577,0.2872272802,221,8.2424785561,620466.9262205021,-0.5164139732,2007-10-31,2009-05-13,560,2010-01-04,236.0000000000,796.0000000000,1380,2000-03-27
full_pre2026,vo_tqqq_triple_50_150_200_bear_step_down,1999-03-10,2025-12-31,100000.0000000000,56491635.7180812955,563.9163571808,0.2665979472,185,6.8998123660,600668.0291358448,-0.4328223452,2007-10-31,2008-07-14,257,2009-12-23,527.0000000000,784.0000000000,1149,1999-12-23
full_pre2026,vo_tqqq_triple_50_150_200_bull_step_up,1999-03-10,2025-12-31,100000.0000000000,317261263.4374797344,3171.6126343748,0.3507962347,134,4.9977019299,1498041.3120522224,-0.6370216141,2007-10-31,2009-05-13,560,2010-04-13,335.0000000000,895.0000000000,1254,2000-03-27
full_pre2026,vo_tqqq_triple_50_150_200_cut_confirm,1999-03-10,2025-12-31,100000.0000000000,401015656.0150614977,4009.1565601506,0.3626506409,44,1.6410364546,744977.0320638207,-0.8012814985,2000-03-27,2000-05-23,57,2006-11-22,2374.0000000000,2431.0000000000,2431,2000-03-27
full_pre2026,vo_tqqq_triple_50_150_200_raise_confirm,1999-03-10,2025-12-31,100000.0000000000,14100831.4779748488,140.0083147797,0.2027042331,103,3.8415171551,213187.4937620778,-0.4994233384,2015-07-20,2016-02-09,204,2017-04-25,441.0000000000,645.0000000000,1226,1999-12-23
full_pre2026,vo_tqqq_triple_50_150_200_both_confirm,1999-03-10,2025-12-31,100000.0000000000,73937630.7608996928,738.3763076090,0.2793754739,20,0.7459256612,63104.9060527856,-0.8012814985,2000-03-27,2000-05-23,57,2010-12-08,3851.0000000000,3908.0000000000,3908,2000-03-27
actual_pre2026,vo,2010-02-11,2025-12-31,100000.0000000000,25918720.9945992753,258.1872099460,0.4188605691,91,5.7285535160,283659.1411483044,-0.4577022582,2021-11-19,2022-09-30,315,2023-06-02,245.0000000000,560.0000000000,560,2021-11-19
actual_pre2026,tqqq_hold,2010-02-11,2025-12-31,100000.0000000000,27127894.7805861458,270.2789478059,0.4229390931,1,0.0629511375,99.9000343789,-0.8165984114,2021-11-19,2022-12-28,404,2024-12-04,707.0000000000,1111.0000000000,1111,2021-11-19
actual_pre2026,qqq_hold,2010-02-11,2025-12-31,100000.0000000000,1637595.3496883775,15.3759534969,0.1924376678,1,0.0629511375,99.8743218882,-0.3511786329,2021-12-27,2022-11-03,311,2023-12-13,405.0000000000,716.0000000000,716,2021-12-27
actual_pre2026,standalone_qqq_price_sma_20_full_cash,2010-02-11,2025-12-31,100000.0000000000,1813714.9908067377,17.1371499081,0.2001301681,433,27.2578425543,228958.5823453116,-0.5398316832,2021-11-19,2022-12-16,392,2023-12-11,360.0000000000,752.0000000000,926,2011-01-18
actual_pre2026,standalone_qqq_price_sma_20_half_floor,2010-02-11,2025-12-31,100000.0000000000,8930658.2311082482,88.3065823111,0.3268148806,434,27.3207936918,434238.9936573743,-0.6901550972,2021-11-19,2022-12-28,404,2024-03-22,450.0000000000,854.0000000000,854,2021-11-19
actual_pre2026,standalone_qqq_price_sma_50_full_cash,2010-02-11,2025-12-31,100000.0000000000,1844986.3390728217,17.4498633907,0.2014223566,247,15.5489309721,102581.2433423628,-0.5354296970,2020-09-02,2023-01-19,869,2023-12-26,341.0000000000,1210.0000000000,1210,2020-09-02
actual_pre2026,standalone_qqq_price_sma_50_half_floor,2010-02-11,2025-12-31,100000.0000000000,8354429.5717055658,82.5442957171,0.3212556241,248,15.6118821096,194960.4345308499,-0.6611156626,2021-11-19,2022-12-28,404,2024-02-08,407.0000000000,811.0000000000,811,2021-11-19
actual_pre2026,standalone_qqq_price_sma_100_full_cash,2010-02-11,2025-12-31,100000.0000000000,1233491.0230583274,11.3349102306,0.1713542348,181,11.3941558945,67699.7575590252,-0.6158890026,2020-02-19,2020-04-21,62,2020-08-26,127.0000000000,189.0000000000,759,2021-11-19
actual_pre2026,standalone_qqq_price_sma_100_half_floor,2010-02-11,2025-12-31,100000.0000000000,6341851.8403911982,62.4185184039,0.2985287007,182,11.4571070321,115371.3277929485,-0.7007007587,2021-11-19,2022-12-28,404,2024-03-01,429.0000000000,833.0000000000,833,2021-11-19
actual_pre2026,standalone_qqq_price_sma_150_full_cash,2010-02-11,2025-12-31,100000.0000000000,9842501.6775745545,97.4250167757,0.3349600165,103,6.4839671665,104929.6648644477,-0.5872563965,2020-02-19,2020-04-21,62,2020-08-21,122.0000000000,184.0000000000,690,2010-04-23
actual_pre2026,standalone_qqq_price_sma_150_half_floor,2010-02-11,2025-12-31,100000.0000000000,17606480.5592371747,175.0648055924,0.3847381000,103,6.4839671665,98435.5595066689,-0.6450797291,2021-11-19,2022-12-28,404,2024-01-22,390.0000000000,794.0000000000,794,2021-11-19
actual_pre2026,standalone_qqq_price_sma_200_full_cash,2010-02-11,2025-12-31,100000.0000000000,4243825.4734445885,41.4382547344,0.2661034355,101,6.3580648914,43663.4586810396,-0.6006732422,2015-07-20,2016-07-05,351,2017-10-11,463.0000000000,814.0000000000,1274,2010-04-23
actual_pre2026,standalone_qqq_price_sma_200_half_floor,2010-02-11,2025-12-31,100000.0000000000,12247039.6437267326,121.4703964373,0.3534553541,101,6.3580648914,61082.8644335210,-0.6345340654,2020-02-19,2020-03-20,30,2020-08-03,136.0000000000,166.0000000000,811,2021-11-19
actual_pre2026,standalone_qqq_price_sma_250_full_cash,2010-02-11,2025-12-31,100000.0000000000,4474820.3034187406,43.7482030342,0.2703348186,91,5.7285535160,64759.6239676517,-0.6826985702,2021-11-19,2023-03-09,475,2024-06-11,460.0000000000,935.0000000000,935,2021-11-19
actual_pre2026,standalone_qqq_price_sma_250_half_floor,2010-02-11,2025-12-31,100000.0000000000,12321384.5347570572,122.2138453476,0.3539710996,91,5.7285535160,82406.1324286719,-0.7028882020,2021-11-19,2023-03-10,476,2024-06-12,460.0000000000,936.0000000000,936,2021-11-19
actual_pre2026,standalone_qqq_cross_5_20_full_cash,2010-02-11,2025-12-31,100000.0000000000,5452093.8677444309,53.5209386774,0.2862300054,215,13.5344945708,259037.2702910609,-0.5656762122,2014-11-28,2016-02-23,452,2019-12-19,1395.0000000000,1847.0000000000,1847,2014-11-28
actual_pre2026,standalone_qqq_cross_5_20_half_floor,2010-02-11,2025-12-31,100000.0000000000,15388096.8604856748,152.8809686049,0.3730481843,216,13.5974457084,332611.4666164021,-0.6697742541,2021-11-19,2022-12-28,404,2024-05-15,504.0000000000,908.0000000000,908,2021-11-19
actual_pre2026,standalone_qqq_cross_5_50_full_cash,2010-02-11,2025-12-31,100000.0000000000,4022540.1955594849,39.2254019556,0.2618424249,121,7.6170876422,103948.4265710994,-0.5147103788,2021-11-19,2023-01-19,426,2023-06-13,145.0000000000,571.0000000000,975,2011-02-16
actual_pre2026,standalone_qqq_cross_5_50_half_floor,2010-02-11,2025-12-31,100000.0000000000,11935923.0331952013,118.3592303320,0.3512647522,122,7.6800387797,145119.0601412800,-0.6727591133,2021-11-19,2022-12-28,404,2024-02-09,408.0000000000,812.0000000000,812,2021-11-19
actual_pre2026,standalone_qqq_cross_5_100_full_cash,2010-02-11,2025-12-31,100000.0000000000,2235292.7090792414,21.3529270908,0.2160239693,83,5.2249444157,31237.9034909214,-0.6632439200,2010-04-23,2011-12-19,605,2013-11-26,708.0000000000,1313.0000000000,1313,2010-04-23
actual_pre2026,standalone_qqq_cross_5_100_half_floor,2010-02-11,2025-12-31,100000.0000000000,8940888.0536892451,88.4088805369,0.3269105043,84,5.2878955533,55543.2429316434,-0.6416815145,2021-11-19,2022-12-28,404,2024-02-07,406.0000000000,810.0000000000,810,2021-11-19
actual_pre2026,standalone_qqq_cross_5_150_full_cash,2010-02-11,2025-12-31,100000.0000000000,5593508.8098398186,54.9350880984,0.2883050714,55,3.4623125646,34596.5161002033,-0.6233943479,2020-02-19,2020-04-21,62,2020-08-26,127.0000000000,189.0000000000,1316,2010-04-23
actual_pre2026,standalone_qqq_cross_5_150_half_floor,2010-02-11,2025-12-31,100000.0000000000,13482232.5031149145,133.8223250311,0.3616670511,55,3.4623125646,38886.1071188788,-0.6482318649,2021-11-19,2022-12-28,404,2024-02-09,408.0000000000,812.0000000000,812,2021-11-19
actual_pre2026,standalone_qqq_cross_5_200_full_cash,2010-02-11,2025-12-31,100000.0000000000,6265800.7912845379,61.6580079128,0.2975428834,43,2.7068989142,17337.2452451271,-0.6663919587,2010-04-23,2011-12-14,600,2014-06-06,905.0000000000,1505.0000000000,1505,2010-04-23
actual_pre2026,standalone_qqq_cross_5_200_half_floor,2010-02-11,2025-12-31,100000.0000000000,14870330.1082481332,147.7033010825,0.3700930190,43,2.7068989142,20453.2984799809,-0.6285869153,2020-02-19,2020-03-20,30,2020-08-05,138.0000000000,168.0000000000,806,2011-04-27
actual_pre2026,standalone_qqq_cross_5_250_full_cash,2010-02-11,2025-12-31,100000.0000000000,5303309.1243514111,52.0330912435,0.2839916273,47,2.9587034643,40152.5965971312,-0.6208706643,2020-02-19,2020-03-12,22,2020-08-20,161.0000000000,183.0000000000,1236,2010-04-23
actual_pre2026,standalone_qqq_cross_5_250_half_floor,2010-02-11,2025-12-31,100000.0000000000,13406461.1756316535,133.0646117563,0.3611840326,47,2.9587034643,46242.7529047271,-0.6563120706,2021-11-19,2023-03-10,476,2024-05-21,438.0000000000,914.0000000000,914,2021-11-19
actual_pre2026,standalone_qqq_cross_10_20_full_cash,2010-02-11,2025-12-31,100000.0000000000,1093391.6907979485,9.9339169080,0.1624977375,188,11.8348138573,84267.0641696961,-0.7149048605,2021-11-19,2023-01-19,426,,,,1503,2021-11-19
actual_pre2026,standalone_qqq_cross_10_20_half_floor,2010-02-11,2025-12-31,100000.0000000000,6671103.4406125341,65.7110344061,0.3026727209,189,11.8977649948,160046.0989187961,-0.7488367482,2021-11-19,2022-12-28,404,2025-09-18,995.0000000000,1399.0000000000,1399,2021-11-19
actual_pre2026,standalone_qqq_cross_10_50_full_cash,2010-02-11,2025-12-31,100000.0000000000,860286.5382237392,7.6028653822,0.1450826860,101,6.3580648914,29117.7219796701,-0.7630367722,2011-02-16,2011-12-14,301,2018-01-03,2212.0000000000,2513.0000000000,2513,2011-02-16
actual_pre2026,standalone_qqq_cross_10_50_half_floor,2010-02-11,2025-12-31,100000.0000000000,5865332.1706531141,57.6533217065,0.2921592220,102,6.4210160290,73884.8819745705,-0.7090169294,2021-11-19,2022-12-28,404,2024-06-17,537.0000000000,941.0000000000,945,2011-02-16
actual_pre2026,standalone_qqq_cross_10_100_full_cash,2010-02-11,2025-12-31,100000.0000000000,3435556.8504057494,33.3555685041,0.2493748726,57,3.5882148397,41836.2342337951,-0.5831978302,2011-04-27,2011-12-19,236,2013-10-18,669.0000000000,905.0000000000,905,2011-04-27
actual_pre2026,standalone_qqq_cross_10_100_half_floor,2010-02-11,2025-12-31,100000.0000000000,11021733.1819644272,109.2173318196,0.3445035520,58,3.6511659772,60925.0481885126,-0.6503074689,2021-11-19,2022-12-28,404,2024-01-25,393.0000000000,797.0000000000,797,2021-11-19
actual_pre2026,standalone_qqq_cross_10_150_full_cash,2010-02-11,2025-12-31,100000.0000000000,4409769.2916443404,43.0976929164,0.2691643061,39,2.4550943640,20498.8998422542,-0.6865236752,2020-02-19,2020-04-21,62,2021-01-08,262.0000000000,324.0000000000,1281,2010-04-23
actual_pre2026,standalone_qqq_cross_10_150_half_floor,2010-02-11,2025-12-31,100000.0000000000,12111492.9820076115,120.1149298201,0.3525074431,39,2.4550943640,25369.5998341336,-0.6841013593,2021-11-19,2022-12-28,404,2024-06-05,525.0000000000,929.0000000000,929,2021-11-19
actual_pre2026,standalone_qqq_cross_10_200_full_cash,2010-02-11,2025-12-31,100000.0000000000,4070369.6922586509,39.7036969226,0.2627817079,35,2.2032898139,12241.6376129075,-0.7174792458,2020-02-19,2020-04-21,62,2021-01-25,279.0000000000,341.0000000000,1397,2010-04-23
actual_pre2026,standalone_qqq_cross_10_200_half_floor,2010-02-11,2025-12-31,100000.0000000000,12298813.1172678620,121.9881311727,0.3538148261,35,2.2032898139,16749.6588716480,-0.6844814253,2020-02-19,2020-03-16,26,2020-08-26,163.0000000000,189.0000000000,791,2021-11-19
actual_pre2026,standalone_qqq_cross_10_250_full_cash,2010-02-11,2025-12-31,100000.0000000000,2321665.2783683101,22.2166527837,0.2189296434,45,2.8328011892,20544.3262207266,-0.7238226822,2020-02-19,2020-04-21,62,2021-02-04,289.0000000000,351.0000000000,862,2015-07-20
actual_pre2026,standalone_qqq_cross_10_250_half_floor,2010-02-11,2025-12-31,100000.0000000000,9153043.8070660550,90.5304380707,0.3288708723,45,2.8328011892,32165.1210041818,-0.6960274888,2020-02-19,2020-03-20,30,2020-08-26,159.0000000000,189.0000000000,921,2021-11-19
actual_pre2026,standalone_qqq_cross_20_50_full_cash,2010-02-11,2025-12-31,100000.0000000000,1063150.6066275071,9.6315060663,0.1604469994,77,4.8472375905,27587.4343170180,-0.7089475356,2021-09-07,2023-03-10,549,2025-10-27,962.0000000000,1511.0000000000,1511,2021-09-07
actual_pre2026,standalone_qqq_cross_20_50_half_floor,2010-02-11,2025-12-31,100000.0000000000,6204086.2765275352,61.0408627653,0.2967346285,78,4.9101887280,55661.0958719545,-0.7418170941,2021-11-19,2022-12-28,404,2024-07-05,555.0000000000,959.0000000000,959,2021-11-19
actual_pre2026,standalone_qqq_cross_20_100_full_cash,2010-02-11,2025-12-31,100000.0000000000,3088081.1797347446,29.8808117973,0.2410166231,37,2.3291920889,18365.3555921688,-0.6844793001,2020-02-19,2020-03-16,26,2021-02-05,326.0000000000,352.0000000000,913,2021-11-19
actual_pre2026,standalone_qqq_cross_20_100_half_floor,2010-02-11,2025-12-31,100000.0000000000,10267805.9823283441,101.6780598233,0.3385198203,37,2.3291920889,25261.3939155045,-0.7133694802,2021-11-19,2022-12-28,404,2024-06-13,533.0000000000,937.0000000000,937,2021-11-19
actual_pre2026,standalone_qqq_cross_20_150_full_cash,2010-02-11,2025-12-31,100000.0000000000,4015878.1625909489,39.1587816259,0.2617107653,29,1.8255829886,14605.9994924648,-0.6844794219,2020-02-19,2020-03-16,26,2021-01-20,310.0000000000,336.0000000000,947,2011-04-27
actual_pre2026,standalone_qqq_cross_20_150_half_floor,2010-02-11,2025-12-31,100000.0000000000,11677430.2452140674,115.7743024521,0.3494035957,29,1.8255829886,19468.2295192509,-0.6844820575,2020-02-19,2020-03-16,26,2020-08-25,162.0000000000,188.0000000000,908,2021-11-19
actual_pre2026,standalone_qqq_cross_20_200_full_cash,2010-02-11,2025-12-31,100000.0000000000,4243138.2583936853,41.4313825839,0.2660905280,29,1.8255829886,12296.5430549522,-0.7161631717,2020-02-19,2020-04-28,69,2021-04-15,352.0000000000,421.0000000000,1274,2010-04-23
actual_pre2026,standalone_qqq_cross_20_200_half_floor,2010-02-11,2025-12-31,100000.0000000000,12848308.6403085999,127.4830864031,0.3575450550,29,1.8255829886,16861.8690678825,-0.6992203756,2020-02-19,2020-03-20,30,2020-08-26,159.0000000000,189.0000000000,794,2021-11-19
actual_pre2026,standalone_qqq_cross_20_250_full_cash,2010-02-11,2025-12-31,100000.0000000000,10935987.4617269952,108.3598746173,0.3438426818,23,1.4478761634,34827.9451455208,-0.6992193064,2020-02-19,2020-03-20,30,2020-09-01,165.0000000000,195.0000000000,675,2015-07-20
actual_pre2026,standalone_qqq_cross_20_250_half_floor,2010-02-11,2025-12-31,100000.0000000000,19962058.2931920439,198.6205829319,0.3957271978,23,1.4478761634,29579.1036694620,-0.6992200652,2020-02-19,2020-03-20,30,2020-08-20,153.0000000000,183.0000000000,791,2021-11-19
actual_pre2026,standalone_qqq_cross_50_100_full_cash,2010-02-11,2025-12-31,100000.0000000000,5594924.0712530231,54.9492407125,0.2883255889,31,1.9514852637,37550.0215380202,-0.6992200222,2020-02-19,2020-03-20,30,2021-06-24,461.0000000000,491.0000000000,808,2015-07-20
actual_pre2026,standalone_qqq_cross_50_100_half_floor,2010-02-11,2025-12-31,100000.0000000000,14994378.7637473755,148.9437876375,0.3708097125,31,1.9514852637,43322.9655913809,-0.6992207339,2020-02-19,2020-03-20,30,2020-08-26,159.0000000000,189.0000000000,810,2021-11-19
actual_pre2026,standalone_qqq_cross_50_150_full_cash,2010-02-11,2025-12-31,100000.0000000000,7157049.4821957899,70.5704948220,0.3084514608,21,1.3219738883,24089.3471074811,-0.6992207352,2020-02-19,2020-03-20,30,2020-09-01,165.0000000000,195.0000000000,814,2015-07-20
actual_pre2026,standalone_qqq_cross_50_150_half_floor,2010-02-11,2025-12-31,100000.0000000000,16957843.9445070848,168.5784394451,0.3814698702,21,1.3219738883,21763.9143926389,-0.6992198321,2020-02-19,2020-03-20,30,2020-08-20,153.0000000000,183.0000000000,791,2021-11-19
actual_pre2026,standalone_qqq_cross_50_200_full_cash,2010-02-11,2025-12-31,100000.0000000000,9414891.5528683811,93.1489155287,0.3312325248,19,1.1960716132,25598.0938542219,-0.6992195357,2020-02-19,2020-03-20,30,2020-08-26,159.0000000000,189.0000000000,665,2015-07-20
actual_pre2026,standalone_qqq_cross_50_200_half_floor,2010-02-11,2025-12-31,100000.0000000000,19212355.8049213998,191.1235580492,0.3923678851,19,1.1960716132,22764.0536880329,-0.6992204079,2020-02-19,2020-03-20,30,2020-08-18,151.0000000000,181.0000000000,754,2021-11-19
actual_pre2026,standalone_qqq_cross_50_250_full_cash,2010-02-11,2025-12-31,100000.0000000000,15069976.5636899620,149.6997656369,0.3712437604,17,1.0701693382,38838.9776566372,-0.6992205068,2020-02-19,2020-03-20,30,2020-07-10,112.0000000000,142.0000000000,754,2021-11-19
actual_pre2026,standalone_qqq_cross_50_250_half_floor,2010-02-11,2025-12-31,100000.0000000000,21936137.3911092877,218.3613739111,0.4040374602,17,1.0701693382,24453.3032818609,-0.6992200823,2020-02-19,2020-03-20,30,2020-07-10,112.0000000000,142.0000000000,833,2021-11-19
actual_pre2026,standalone_qqq_cross_100_150_full_cash,2010-02-11,2025-12-31,100000.0000000000,8767897.9375134185,86.6789793751,0.3252795024,23,1.4478761634,31265.2745932151,-0.7634138073,2018-08-29,2020-03-20,569,2020-08-26,159.0000000000,728.0000000000,1175,2010-04-23
actual_pre2026,standalone_qqq_cross_100_150_half_floor,2010-02-11,2025-12-31,100000.0000000000,19348417.8429949470,192.4841784299,0.3929865808,23,1.4478761634,28981.1600024815,-0.6992202833,2020-02-19,2020-03-20,30,2020-07-10,112.0000000000,142.0000000000,795,2021-11-19
actual_pre2026,standalone_qqq_cross_100_200_full_cash,2010-02-11,2025-12-31,100000.0000000000,18590221.6739089079,184.9022167391,0.3894855830,15,0.9442670631,49860.4142502853,-0.6992203127,2020-02-19,2020-03-20,30,2020-07-10,112.0000000000,142.0000000000,606,2021-11-19
actual_pre2026,standalone_qqq_cross_100_200_half_floor,2010-02-11,2025-12-31,100000.0000000000,24529347.4851156101,244.2934748512,0.4139480450,15,0.9442670631,31882.2397720953,-0.6992199193,2020-02-19,2020-03-20,30,2020-07-10,112.0000000000,142.0000000000,812,2021-11-19
actual_pre2026,standalone_qqq_cross_100_250_full_cash,2010-02-11,2025-12-31,100000.0000000000,22075716.7829792872,219.7571678298,0.4045981880,9,0.5665602378,17134.6779090739,-0.6992197904,2020-02-19,2020-03-20,30,2020-07-10,112.0000000000,142.0000000000,833,2021-11-19
actual_pre2026,standalone_qqq_cross_100_250_half_floor,2010-02-11,2025-12-31,100000.0000000000,25251124.8547494709,251.5112485475,0.4165317219,9,0.5665602378,10865.2688963840,-0.6992200489,2020-02-19,2020-03-20,30,2020-07-10,112.0000000000,142.0000000000,936,2021-11-19
actual_pre2026,standalone_qqq_band_cross_10_50_1_full_cash,2010-02-11,2025-12-31,100000.0000000000,1311570.3193976800,12.1157031940,0.1758887936,73,4.5954330403,26360.7036550243,-0.6738892566,2020-09-02,2023-03-10,919,2024-07-10,488.0000000000,1407.0000000000,1407,2020-09-02
actual_pre2026,standalone_qqq_band_cross_10_50_1_half_floor,2010-02-11,2025-12-31,100000.0000000000,7049314.9659894062,69.4931496599,0.3072027435,74,4.6583841779,55552.7702497685,-0.7194766755,2021-11-19,2022-12-28,404,2024-06-17,537.0000000000,941.0000000000,941,2021-11-19
actual_pre2026,standalone_qqq_band_cross_10_50_2_full_cash,2010-02-11,2025-12-31,100000.0000000000,1356664.1422250862,12.5666414223,0.1783937283,51,3.2105080145,26383.9644317394,-0.7140477839,2021-09-07,2023-03-10,549,,,,1576,2021-09-07
actual_pre2026,standalone_qqq_band_cross_10_50_2_half_floor,2010-02-11,2025-12-31,100000.0000000000,7029235.1265994236,69.2923512660,0.3069680289,52,3.2734591520,45980.9378018011,-0.7593042669,2021-11-19,2022-12-28,404,2025-09-19,996.0000000000,1400.0000000000,1400,2021-11-19
actual_pre2026,standalone_qqq_band_cross_10_50_3_full_cash,2010-02-11,2025-12-31,100000.0000000000,1206256.9932051264,11.0625699321,0.1697090994,41,2.5809966391,15804.9973889503,-0.7767067619,2021-11-19,2023-03-10,476,,,,1503,2021-11-19
actual_pre2026,standalone_qqq_band_cross_10_50_3_half_floor,2010-02-11,2025-12-31,100000.0000000000,6560981.3906768030,64.6098139068,0.3013084600,42,2.6439477766,29291.0663099166,-0.7766499487,2021-11-19,2022-12-28,404,2025-10-24,1031.0000000000,1435.0000000000,1435,2021-11-19
actual_pre2026,standalone_qqq_band_cross_20_100_1_full_cash,2010-02-11,2025-12-31,100000.0000000000,1875965.6835897560,17.7596568359,0.2026823988,31,1.9514852637,13063.8755861282,-0.7245482407,2021-11-19,2023-03-10,476,2024-12-06,637.0000000000,1113.0000000000,1113,2021-11-19
actual_pre2026,standalone_qqq_band_cross_20_100_1_half_floor,2010-02-11,2025-12-31,100000.0000000000,8173531.2456571441,80.7353124566,0.3194361167,31,1.9514852637,20291.2292596856,-0.7430522956,2021-11-19,2022-12-28,404,2024-07-10,560.0000000000,964.0000000000,964,2021-11-19
actual_pre2026,standalone_qqq_band_cross_20_100_2_full_cash,2010-02-11,2025-12-31,100000.0000000000,1564416.8631442599,14.6441686314,0.1890109324,27,1.6996807135,9456.5904754598,-0.7059637576,2020-02-19,2020-05-13,84,2021-06-28,411.0000000000,495.0000000000,1157,2011-04-27
actual_pre2026,standalone_qqq_band_cross_20_100_2_half_floor,2010-02-11,2025-12-31,100000.0000000000,7714940.8805145696,76.1494088051,0.3146487543,27,1.6996807135,17340.3339957576,-0.7250303560,2021-11-19,2022-12-28,404,2024-07-05,555.0000000000,959.0000000000,959,2021-11-19
actual_pre2026,standalone_qqq_band_cross_20_100_3_full_cash,2010-02-11,2025-12-31,100000.0000000000,3915333.9704543971,38.1533397045,0.2596984895,23,1.4478761634,15406.0180981480,-0.6844807661,2020-02-19,2020-03-16,26,2021-02-08,329.0000000000,355.0000000000,1285,2010-04-23
actual_pre2026,standalone_qqq_band_cross_20_100_3_half_floor,2010-02-11,2025-12-31,100000.0000000000,12251564.8328038417,121.5156483280,0.3534868300,23,1.4478761634,20705.1042508491,-0.6950792142,2021-11-19,2022-12-28,404,2024-05-20,509.0000000000,913.0000000000,913,2021-11-19
actual_pre2026,standalone_qqq_band_cross_50_200_1_full_cash,2010-02-11,2025-12-31,100000.0000000000,5689823.3966289312,55.8982339663,0.2896903941,15,0.9442670631,17944.9933984287,-0.6992193232,2020-02-19,2020-03-20,30,2020-07-10,112.0000000000,142.0000000000,768,2021-11-19
actual_pre2026,standalone_qqq_band_cross_50_200_1_half_floor,2010-02-11,2025-12-31,100000.0000000000,14272020.6084054746,141.7202060841,0.3665556144,15,0.9442670631,16338.4198201825,-0.6992202720,2020-02-19,2020-03-20,30,2020-07-10,112.0000000000,142.0000000000,913,2021-11-19
actual_pre2026,standalone_qqq_band_cross_50_200_2_full_cash,2010-02-11,2025-12-31,100000.0000000000,9979638.7736931555,98.7963877369,0.3361233449,11,0.6924625129,27205.6813775208,-0.6992206526,2020-02-19,2020-03-20,30,2020-07-10,112.0000000000,142.0000000000,754,2021-11-19
actual_pre2026,standalone_qqq_band_cross_50_200_2_half_floor,2010-02-11,2025-12-31,100000.0000000000,18550908.4369818084,184.5090843698,0.3893004249,11,0.6924625129,21115.6302611401,-0.6992197713,2020-02-19,2020-03-20,30,2020-07-10,112.0000000000,142.0000000000,833,2021-11-19
actual_pre2026,standalone_qqq_band_cross_50_200_3_full_cash,2010-02-11,2025-12-31,100000.0000000000,4999710.6109849857,48.9971061098,0.2792355266,11,0.6924625129,14304.8486580346,-0.7738495503,2018-08-29,2020-03-20,569,2020-08-28,161.0000000000,730.0000000000,810,2021-11-19
actual_pre2026,standalone_qqq_band_cross_50_200_3_half_floor,2010-02-11,2025-12-31,100000.0000000000,13822714.8890117109,137.2271488901,0.3638065955,11,0.6924625129,16025.1673643996,-0.6992195176,2020-02-19,2020-03-20,30,2020-07-10,112.0000000000,142.0000000000,935,2021-11-19
actual_pre2026,standalone_qqq_band_cross_100_200_1_full_cash,2010-02-11,2025-12-31,100000.0000000000,17515571.6630267464,174.1557166303,0.3842869116,9,0.5665602378,12598.6160670152,-0.6992197753,2020-02-19,2020-03-20,30,2020-07-10,112.0000000000,142.0000000000,754,2021-11-19
actual_pre2026,standalone_qqq_band_cross_100_200_1_half_floor,2010-02-11,2025-12-31,100000.0000000000,23989624.4285818636,238.8962442858,0.4119690704,9,0.5665602378,10576.0847464746,-0.6992198964,2020-02-19,2020-03-20,30,2020-07-10,112.0000000000,142.0000000000,833,2021-11-19
actual_pre2026,standalone_qqq_band_cross_100_200_2_full_cash,2010-02-11,2025-12-31,100000.0000000000,30409848.0885185264,303.0984808852,0.4332058481,5,0.3147556877,22472.7421182636,-0.6992204845,2020-02-19,2020-03-20,30,2020-07-10,112.0000000000,142.0000000000,913,2021-11-19
actual_pre2026,standalone_qqq_band_cross_100_200_2_half_floor,2010-02-11,2025-12-31,100000.0000000000,29169417.7352117598,290.6941773521,0.4294534147,5,0.3147556877,12126.3077963553,-0.6992203669,2020-02-19,2020-03-20,30,2020-07-10,112.0000000000,142.0000000000,938,2021-11-19
actual_pre2026,standalone_qqq_band_cross_100_200_3_full_cash,2010-02-11,2025-12-31,100000.0000000000,23243946.1343428865,231.4394613434,0.4091651609,5,0.3147556877,19283.0215665523,-0.6992205750,2020-02-19,2020-03-20,30,2020-07-10,112.0000000000,142.0000000000,959,2021-11-19
actual_pre2026,standalone_qqq_band_cross_100_200_3_half_floor,2010-02-11,2025-12-31,100000.0000000000,25275378.4152919389,251.7537841529,0.4166173329,5,0.3147556877,10483.8284288673,-0.7237710845,2021-11-19,2022-12-28,404,2024-07-10,560.0000000000,964.0000000000,964,2021-11-19
actual_pre2026,standalone_qqq_triple_5_20_100_full_cash,2010-02-11,2025-12-31,100000.0000000000,5685040.7100685621,55.8504071007,0.2896221235,250,15.7377843847,141915.6525459974,-0.5230382391,2021-11-19,2022-12-07,383,2023-07-17,222.0000000000,605.0000000000,823,2015-03-02
actual_pre2026,standalone_qqq_triple_5_20_100_half_floor,2010-02-11,2025-12-31,100000.0000000000,14464346.4730990138,143.6434647310,0.3677076243,250,15.7377843847,169060.4723580446,-0.6849907132,2021-11-19,2022-12-28,404,2024-05-24,513.0000000000,917.0000000000,917,2021-11-19
actual_pre2026,standalone_qqq_triple_10_50_200_full_cash,2010-02-11,2025-12-31,100000.0000000000,3620141.1454152847,35.2014114542,0.2534977062,118,7.4282342296,51674.3152559934,-0.6362621760,2011-02-16,2011-12-14,301,2013-11-13,700.0000000000,1001.0000000000,1001,2011-02-16
actual_pre2026,standalone_qqq_triple_10_50_200_half_floor,2010-02-11,2025-12-31,100000.0000000000,11554097.1983921714,114.5409719839,0.3485019497,118,7.4282342296,71428.1652050436,-0.6761540568,2021-11-19,2022-12-28,404,2024-02-09,408.0000000000,812.0000000000,812,2021-11-19
actual_pre2026,standalone_qqq_triple_20_50_200_full_cash,2010-02-11,2025-12-31,100000.0000000000,3833045.9982930506,37.3304599829,0.2580152278,96,6.0433092037,39443.1685153325,-0.5713014987,2020-02-19,2020-03-20,30,2020-08-18,151.0000000000,181.0000000000,644,2015-07-20
actual_pre2026,standalone_qqq_triple_20_50_200_half_floor,2010-02-11,2025-12-31,100000.0000000000,11498631.5910810642,113.9863159108,0.3480935159,96,6.0433092037,49620.0891322136,-0.6978251860,2021-11-19,2022-12-28,404,2024-03-01,429.0000000000,833.0000000000,833,2021-11-19
actual_pre2026,standalone_qqq_triple_20_100_200_full_cash,2010-02-11,2025-12-31,100000.0000000000,8771316.9982744306,86.7131699827,0.3253120293,51,3.2105080145,32287.3683256089,-0.6844811497,2020-02-19,2020-03-16,26,2020-08-26,163.0000000000,189.0000000000,791,2021-11-19
actual_pre2026,standalone_qqq_triple_20_100_200_half_floor,2010-02-11,2025-12-31,100000.0000000000,16299230.5471128356,161.9923054711,0.3780292486,51,3.2105080145,28384.7102859360,-0.6911084916,2020-02-19,2020-03-20,30,2020-08-18,151.0000000000,181.0000000000,917,2021-11-19
actual_pre2026,standalone_qqq_triple_50_100_200_full_cash,2010-02-11,2025-12-31,100000.0000000000,11952997.8999276683,118.5299789993,0.3513863580,45,2.8328011892,52135.5523013458,-0.6992198024,2020-02-19,2020-03-20,30,2020-08-26,159.0000000000,189.0000000000,590,2015-07-20
actual_pre2026,standalone_qqq_triple_50_100_200_half_floor,2010-02-11,2025-12-31,100000.0000000000,19942155.6136204824,198.4215561362,0.3956395555,45,2.8328011892,41073.0149797169,-0.6992202957,2020-02-19,2020-03-20,30,2020-08-18,151.0000000000,181.0000000000,810,2021-11-19
actual_pre2026,standalone_qqq_triple_50_150_200_full_cash,2010-02-11,2025-12-31,100000.0000000000,10194228.4837777410,100.9422848378,0.3379139800,37,2.3291920889,18615.8048840327,-0.6992201487,2020-02-19,2020-03-20,30,2020-08-20,153.0000000000,183.0000000000,754,2021-11-19
actual_pre2026,standalone_qqq_triple_50_150_200_half_floor,2010-02-11,2025-12-31,100000.0000000000,18592068.6419087574,184.9206864191,0.3894942728,37,2.3291920889,15830.7003397678,-0.6992207472,2020-02-19,2020-03-20,30,2020-08-06,139.0000000000,169.0000000000,832,2021-11-19
actual_pre2026,standalone_qqq_slope_50_20_full_cash,2010-02-11,2025-12-31,100000.0000000000,330037.6458449644,2.3003764584,0.0780630497,219,13.7862991210,38716.1835216563,-0.6649610023,2014-01-22,2016-12-01,1044,2020-08-06,1344.0000000000,2388.0000000000,2388,2014-01-22
actual_pre2026,standalone_qqq_slope_50_20_half_floor,2010-02-11,2025-12-31,100000.0000000000,3546495.2559224861,34.4649525592,0.2518769241,220,13.8492502585,107813.4720368092,-0.6448870830,2021-11-19,2022-12-28,404,2024-02-09,408.0000000000,812.0000000000,885,2014-11-28
actual_pre2026,standalone_qqq_slope_100_20_full_cash,2010-02-11,2025-12-31,100000.0000000000,819084.6653113959,7.1908466531,0.1415503896,151,9.5056217684,38570.4524092978,-0.6642059962,2018-01-26,2020-04-28,823,2021-02-08,286.0000000000,1109.0000000000,1109,2018-01-26
actual_pre2026,standalone_qqq_slope_100_20_half_floor,2010-02-11,2025-12-31,100000.0000000000,5726027.8722060025,56.2602787221,0.2902054580,152,9.5685729059,83172.2167751250,-0.6334767124,2020-02-19,2020-03-20,30,2020-08-21,154.0000000000,184.0000000000,759,2021-11-19
actual_pre2026,standalone_qqq_slope_150_20_full_cash,2010-02-11,2025-12-31,100000.0000000000,5267396.1481636390,51.6739614816,0.2834425266,83,5.2249444157,56844.3061044212,-0.5872566944,2020-02-19,2020-04-21,62,2020-08-21,122.0000000000,184.0000000000,703,2010-04-23
actual_pre2026,standalone_qqq_slope_150_20_half_floor,2010-02-11,2025-12-31,100000.0000000000,14017679.9229516052,139.1767992295,0.3650095973,83,5.2249444157,68293.8991345556,-0.6345349601,2020-02-19,2020-03-20,30,2020-08-06,139.0000000000,169.0000000000,795,2021-11-19
actual_pre2026,standalone_qqq_slope_200_20_full_cash,2010-02-11,2025-12-31,100000.0000000000,3817276.6113662184,37.1727661137,0.2576887912,85,5.3508466908,37145.0344859312,-0.6031592502,2018-08-29,2020-04-09,589,2020-08-20,133.0000000000,722.0000000000,1274,2010-04-23
actual_pre2026,standalone_qqq_slope_200_20_half_floor,2010-02-11,2025-12-31,100000.0000000000,11316669.8929064572,112.1666989291,0.3467405136,85,5.3508466908,53896.2096311900,-0.6345345184,2020-02-19,2020-03-20,30,2020-08-03,136.0000000000,166.0000000000,833,2021-11-19
actual_pre2026,standalone_qqq_slope_250_20_full_cash,2010-02-11,2025-12-31,100000.0000000000,4099257.0963797825,39.9925709638,0.2633440060,79,4.9731398656,50921.7139805684,-0.6135286985,2015-07-20,2016-07-15,361,2017-11-24,497.0000000000,858.0000000000,936,2021-11-19
actual_pre2026,standalone_qqq_slope_250_20_half_floor,2010-02-11,2025-12-31,100000.0000000000,11551352.9162901323,114.5135291629,0.3484817848,79,4.9731398656,66814.2790805989,-0.6736871071,2021-11-19,2022-12-28,404,2024-06-17,537.0000000000,941.0000000000,941,2021-11-19
actual_pre2026,vo_qqq_price_sma_20_trend_cap,2010-02-11,2025-12-31,100000.0000000000,1763241.9822894342,16.6324198229,0.1979998204,424,26.6912823164,235558.5466648268,-0.4380364432,2015-03-02,2016-02-18,353,2017-05-10,447.0000000000,800.0000000000,800,2015-03-02
actual_pre2026,vo_qqq_price_sma_20_trend_floor,2010-02-11,2025-12-31,100000.0000000000,25719555.4159495346,256.1955541595,0.4181717383,171,10.7646445191,455129.3788312232,-0.6496082367,2021-11-19,2022-12-28,404,2023-12-18,355.0000000000,759.0000000000,759,2021-11-19
actual_pre2026,vo_qqq_price_sma_20_blend,2010-02-11,2025-12-31,100000.0000000000,8051884.3169563003,79.5188431696,0.3181912282,513,32.2939335574,442171.4936235704,-0.4789228646,2021-11-19,2022-12-28,404,2023-06-14,168.0000000000,572.0000000000,694,2015-03-02
actual_pre2026,vo_qqq_price_sma_20_bear_step_down,2010-02-11,2025-12-31,100000.0000000000,7877110.9662369201,77.7711096624,0.3163714590,442,27.8244027921,432607.7023046435,-0.3471726526,2015-03-02,2016-02-18,353,2017-01-25,342.0000000000,695.0000000000,695,2015-03-02
actual_pre2026,vo_qqq_price_sma_20_bull_step_up,2010-02-11,2025-12-31,100000.0000000000,30453488.9103999622,303.5348891040,0.4333352376,179,11.2682536194,497077.1074480573,-0.5800452532,2021-11-19,2022-12-28,404,2023-07-12,196.0000000000,600.0000000000,600,2021-11-19
actual_pre2026,vo_qqq_price_sma_20_cut_confirm,2010-02-11,2025-12-31,100000.0000000000,17847376.8188387938,177.4737681884,0.3859232144,79,4.9731398656,197982.5138182378,-0.5304567917,2021-11-19,2022-12-28,404,2023-07-13,197.0000000000,601.0000000000,601,2021-11-19
actual_pre2026,vo_qqq_price_sma_20_raise_confirm,2010-02-11,2025-12-31,100000.0000000000,21740808.8516206592,216.4080885162,0.4032471341,73,4.5954330403,186380.5899123357,-0.4514843286,2024-12-16,2025-04-07,112,,,,553,2021-11-19
actual_pre2026,vo_qqq_price_sma_20_both_confirm,2010-02-11,2025-12-31,100000.0000000000,15859895.4532128014,157.5989545321,0.3756609458,61,3.8400193899,131960.4795581178,-0.4541860422,2021-11-19,2022-11-03,349,2023-06-15,224.0000000000,573.0000000000,573,2021-11-19
actual_pre2026,vo_qqq_price_sma_50_trend_cap,2010-02-11,2025-12-31,100000.0000000000,1428620.1967266216,13.2862019673,0.1822336741,266,16.7450025853,81224.5859807751,-0.4672703681,2014-11-28,2016-07-05,585,2017-05-30,329.0000000000,914.0000000000,996,2020-09-02
actual_pre2026,vo_qqq_price_sma_50_trend_floor,2010-02-11,2025-12-31,100000.0000000000,32366905.6146143824,322.6690561461,0.4388440483,128,8.0577456050,494024.8192632105,-0.5904730961,2021-11-19,2022-12-28,404,2023-07-18,202.0000000000,606.0000000000,606,2021-11-19
actual_pre2026,vo_qqq_price_sma_50_blend,2010-02-11,2025-12-31,100000.0000000000,7566523.7162223253,74.6652371622,0.3130421438,330,20.7738753878,215884.1425349863,-0.4387548100,2021-11-19,2022-12-28,404,2023-06-13,167.0000000000,571.0000000000,789,2014-11-28
actual_pre2026,vo_qqq_price_sma_50_bear_step_down,2010-02-11,2025-12-31,100000.0000000000,6213394.5826144237,61.1339458261,0.2968570175,283,17.8151719235,177761.2904998324,-0.3697632204,2014-11-28,2016-06-27,577,2017-02-08,226.0000000000,803.0000000000,803,2014-11-28
actual_pre2026,vo_qqq_price_sma_50_bull_step_up,2010-02-11,2025-12-31,100000.0000000000,29552785.1721507162,294.5278517215,0.4306288565,135,8.4984035677,444725.8671148639,-0.5755459263,2021-11-19,2022-12-28,404,2023-07-17,201.0000000000,605.0000000000,605,2021-11-19
actual_pre2026,vo_qqq_price_sma_50_cut_confirm,2010-02-11,2025-12-31,100000.0000000000,27900729.4130955674,278.0072941310,0.4254575261,77,4.8472375905,249729.6406677137,-0.5003604765,2021-11-19,2022-09-30,315,2023-06-14,257.0000000000,572.0000000000,572,2021-11-19
actual_pre2026,vo_qqq_price_sma_50_raise_confirm,2010-02-11,2025-12-31,100000.0000000000,25766411.7704697624,256.6641177047,0.4183342434,69,4.3436284902,209374.4020729841,-0.4514847283,2024-12-16,2025-04-07,112,,,,553,2021-11-19
actual_pre2026,vo_qqq_price_sma_50_both_confirm,2010-02-11,2025-12-31,100000.0000000000,27838095.0816468149,277.3809508165,0.4252558697,57,3.5882148397,197885.1851721788,-0.4595859742,2024-12-16,2025-04-07,112,,,,570,2021-11-19
actual_pre2026,vo_qqq_price_sma_100_trend_cap,2010-02-11,2025-12-31,100000.0000000000,2359279.7830955856,22.5927978310,0.2201634954,201,12.6531786453,84086.9766068152,-0.4674073457,2015-07-20,2016-06-27,343,2017-05-01,308.0000000000,651.0000000000,741,2018-01-26
actual_pre2026,vo_qqq_price_sma_100_trend_floor,2010-02-11,2025-12-31,100000.0000000000,13913507.1896705627,138.1350718967,0.3643687803,117,7.3652830920,230650.2802166768,-0.6601142166,2021-11-19,2022-12-28,404,2024-01-19,387.0000000000,791.0000000000,791,2021-11-19
actual_pre2026,vo_qqq_price_sma_100_blend,2010-02-11,2025-12-31,100000.0000000000,6352133.3477784423,62.5213334778,0.2986611246,260,16.3672957601,151282.7286682154,-0.5006964083,2021-11-19,2022-12-28,404,2023-07-13,197.0000000000,601.0000000000,601,2021-11-19
actual_pre2026,vo_qqq_price_sma_100_bear_step_down,2010-02-11,2025-12-31,100000.0000000000,6909821.8448756263,68.0982184488,0.3055590833,214,13.4715434333,156278.4357616071,-0.4413337737,2015-07-20,2016-06-27,343,2017-02-17,235.0000000000,578.0000000000,578,2015-07-20
actual_pre2026,vo_qqq_price_sma_100_bull_step_up,2010-02-11,2025-12-31,100000.0000000000,16780551.8495864496,166.8055184959,0.3805561773,125,7.8688921923,249901.7008573872,-0.6277443577,2021-11-19,2022-09-30,315,2023-12-15,441.0000000000,756.0000000000,756,2021-11-19
actual_pre2026,vo_qqq_price_sma_100_cut_confirm,2010-02-11,2025-12-31,100000.0000000000,17713382.4235663153,176.1338242357,0.3852658784,71,4.4695307653,146956.6665107927,-0.5132993005,2021-11-19,2022-09-30,315,2023-06-15,258.0000000000,573.0000000000,573,2021-11-19
actual_pre2026,vo_qqq_price_sma_100_raise_confirm,2010-02-11,2025-12-31,100000.0000000000,23167576.7380042076,230.6757673800,0.4088732539,72,4.5324819028,208687.3876405327,-0.4494821287,2024-12-16,2025-04-07,112,,,,557,2021-11-19
actual_pre2026,vo_qqq_price_sma_100_both_confirm,2010-02-11,2025-12-31,100000.0000000000,14885630.5950217340,147.8563059502,0.3701817201,54,3.3993614271,91615.2075259425,-0.4886666894,2024-07-10,2025-04-07,271,,,,571,2021-11-19
actual_pre2026,vo_qqq_price_sma_150_trend_cap,2010-02-11,2025-12-31,100000.0000000000,10381859.3831030950,102.8185938310,0.3394509475,141,8.8761103930,134649.4760376401,-0.5378206914,2012-04-03,2013-02-25,328,2013-12-20,298.0000000000,626.0000000000,626,2012-04-03
actual_pre2026,vo_qqq_price_sma_150_trend_floor,2010-02-11,2025-12-31,100000.0000000000,24941001.3743872643,248.4100137439,0.4154301939,79,4.9731398656,200914.9645087196,-0.5872575862,2020-02-19,2020-04-21,62,2020-08-21,122.0000000000,184.0000000000,601,2021-11-19
actual_pre2026,vo_qqq_price_sma_150_blend,2010-02-11,2025-12-31,100000.0000000000,17706871.4486958869,176.0687144870,0.3852338189,184,11.5830093071,184382.9183348407,-0.4443993516,2020-02-19,2020-04-21,62,2020-08-20,121.0000000000,183.0000000000,557,2021-11-19
actual_pre2026,vo_qqq_price_sma_150_bear_step_down,2010-02-11,2025-12-31,100000.0000000000,19689466.0365923122,195.8946603659,0.3945196435,142,8.9390615305,211524.9145857276,-0.4002160249,2015-07-20,2016-06-27,343,2017-01-25,212.0000000000,555.0000000000,555,2015-07-20
actual_pre2026,vo_qqq_price_sma_150_bull_step_up,2010-02-11,2025-12-31,100000.0000000000,31233563.3353175111,311.3356333532,0.4356192177,87,5.4767489659,234824.1911120068,-0.5509969590,2021-11-19,2022-09-30,315,2023-06-15,258.0000000000,573.0000000000,573,2021-11-19
actual_pre2026,vo_qqq_price_sma_150_cut_confirm,2010-02-11,2025-12-31,100000.0000000000,23987528.6299246252,238.8752862992,0.4119613049,52,3.2734591520,135591.3262216639,-0.5203415457,2021-11-19,2022-09-30,315,2023-06-15,258.0000000000,573.0000000000,573,2021-11-19
actual_pre2026,vo_qqq_price_sma_150_raise_confirm,2010-02-11,2025-12-31,100000.0000000000,22777752.9640694410,226.7775296407,0.4073690354,75,4.7213353154,217893.6628103704,-0.4494817437,2024-12-16,2025-04-07,112,,,,571,2021-11-19
actual_pre2026,vo_qqq_price_sma_150_both_confirm,2010-02-11,2025-12-31,100000.0000000000,21080604.9856610000,209.8060498566,0.4005257005,36,2.2662409514,83358.2129139901,-0.4813651249,2020-02-19,2020-03-09,19,2020-08-26,170.0000000000,189.0000000000,601,2021-11-19
actual_pre2026,vo_qqq_price_sma_200_trend_cap,2010-02-11,2025-12-31,100000.0000000000,7965376.6369475685,78.6537663695,0.3172951726,140,8.8131592554,87720.8828463171,-0.5870150124,2015-07-20,2016-07-05,351,2017-09-13,435.0000000000,786.0000000000,786,2015-07-20
actual_pre2026,vo_qqq_price_sma_200_trend_floor,2010-02-11,2025-12-31,100000.0000000000,13925178.2169947475,138.2517821699,0.3644407977,90,5.6656023785,128959.8425680978,-0.6284616141,2021-11-19,2022-09-30,315,2023-12-26,452.0000000000,767.0000000000,767,2021-11-19
actual_pre2026,vo_qqq_price_sma_200_blend,2010-02-11,2025-12-31,100000.0000000000,11727274.0897986833,116.2727408980,0.3497654575,185,11.6459604447,116591.0145759533,-0.4960594566,2015-07-20,2016-06-27,343,2017-04-24,301.0000000000,644.0000000000,644,2015-07-20
actual_pre2026,vo_qqq_price_sma_200_bear_step_down,2010-02-11,2025-12-31,100000.0000000000,14303614.8966008648,142.0361489660,0.3667458554,141,8.8761103930,144327.6597234881,-0.5080247209,2015-07-20,2016-06-27,343,2017-04-24,301.0000000000,644.0000000000,644,2015-07-20
actual_pre2026,vo_qqq_price_sma_200_bull_step_up,2010-02-11,2025-12-31,100000.0000000000,19535678.4364306256,194.3567843643,0.3938314509,99,6.2321626163,160904.1442194131,-0.6039782928,2021-11-19,2022-09-30,315,2023-12-13,439.0000000000,754.0000000000,754,2021-11-19
actual_pre2026,vo_qqq_price_sma_200_cut_confirm,2010-02-11,2025-12-31,100000.0000000000,25625613.0605423450,255.2561306054,0.4178450943,44,2.7698500517,111818.8207347966,-0.5464916889,2021-11-19,2022-09-30,315,2023-07-13,286.0000000000,601.0000000000,601,2021-11-19
actual_pre2026,vo_qqq_price_sma_200_raise_confirm,2010-02-11,2025-12-31,100000.0000000000,27087587.1126216501,269.8758711262,0.4228059054,77,4.8472375905,231970.0995415631,-0.4494816773,2024-12-16,2025-04-07,112,,,,545,2021-11-19
actual_pre2026,vo_qqq_price_sma_200_both_confirm,2010-02-11,2025-12-31,100000.0000000000,26781244.7399294004,266.8124473993,0.4217875533,30,1.8885341262,64480.2468079117,-0.4813651797,2020-02-19,2020-03-09,19,2020-08-26,170.0000000000,189.0000000000,570,2021-11-19
actual_pre2026,vo_qqq_price_sma_250_trend_cap,2010-02-11,2025-12-31,100000.0000000000,10267602.7421601862,101.6760274216,0.3385181524,134,8.4354524302,134736.0281244501,-0.5748245577,2015-07-20,2016-07-05,351,2017-07-24,384.0000000000,735.0000000000,735,2015-07-20
actual_pre2026,vo_qqq_price_sma_250_trend_floor,2010-02-11,2025-12-31,100000.0000000000,11489537.3557764851,113.8953735578,0.3480263723,90,5.6656023785,133539.8733558856,-0.6699741600,2021-11-19,2022-09-30,315,2024-02-09,497.0000000000,812.0000000000,812,2021-11-19
actual_pre2026,vo_qqq_price_sma_250_blend,2010-02-11,2025-12-31,100000.0000000000,12133301.5723706093,120.3330157237,0.3526606249,178,11.2053024819,147970.2590009125,-0.5314122764,2021-11-19,2023-03-10,476,2023-12-13,278.0000000000,754.0000000000,754,2021-11-19
actual_pre2026,vo_qqq_price_sma_250_bear_step_down,2010-02-11,2025-12-31,100000.0000000000,15712521.5162584297,156.1252151626,0.3748527187,135,8.4984035677,198248.5792253684,-0.5059468239,2015-07-20,2016-06-27,343,2017-04-24,301.0000000000,644.0000000000,644,2015-07-20
actual_pre2026,vo_qqq_price_sma_250_bull_step_up,2010-02-11,2025-12-31,100000.0000000000,17088983.3889228925,169.8898338892,0.3821399695,102,6.4210160290,188414.7367708580,-0.6494564100,2021-11-19,2022-09-30,315,2024-01-29,486.0000000000,801.0000000000,801,2021-11-19
actual_pre2026,vo_qqq_price_sma_250_cut_confirm,2010-02-11,2025-12-31,100000.0000000000,20729670.9072229490,206.2967090722,0.3990464289,42,2.6439477766,95443.9037789456,-0.5727575594,2021-11-19,2022-09-30,315,2023-07-18,291.0000000000,606.0000000000,606,2021-11-19
actual_pre2026,vo_qqq_price_sma_250_raise_confirm,2010-02-11,2025-12-31,100000.0000000000,29287508.3570556641,291.8750835706,0.4298170272,77,4.8472375905,256778.2684329867,-0.4494817126,2024-12-16,2025-04-07,112,,,,553,2021-11-19
actual_pre2026,vo_qqq_price_sma_250_both_confirm,2010-02-11,2025-12-31,100000.0000000000,23423991.4143852368,233.2399141439,0.4098498071,28,1.7626318511,60355.1354663778,-0.4828932802,2024-12-16,2025-04-07,112,,,,601,2021-11-19
actual_pre2026,vo_qqq_cross_5_20_trend_cap,2010-02-11,2025-12-31,100000.0000000000,2703516.3837026251,26.0351638370,0.2306698465,230,14.4787616339,145555.9616334093,-0.5006554033,2014-11-28,2016-12-01,734,2019-07-12,953.0000000000,1687.0000000000,1687,2014-11-28
actual_pre2026,vo_qqq_cross_5_20_trend_floor,2010-02-11,2025-12-31,100000.0000000000,50345721.6247414500,502.4572162474,0.4794204491,115,7.2393808170,686186.2458366953,-0.6491573504,2021-11-19,2022-12-28,404,2023-12-26,363.0000000000,767.0000000000,767,2021-11-19
actual_pre2026,vo_qqq_cross_5_20_blend,2010-02-11,2025-12-31,100000.0000000000,14099335.9739310928,139.9933597393,0.3655087910,303,19.0741946743,388087.7021892732,-0.4509940400,2021-11-19,2022-12-28,404,2023-06-13,167.0000000000,571.0000000000,722,2015-03-02
actual_pre2026,vo_qqq_cross_5_20_bear_step_down,2010-02-11,2025-12-31,100000.0000000000,10518372.6670600921,104.1837266706,0.3405529155,259,16.3043446225,300807.3868240033,-0.3792474632,2015-03-02,2016-06-27,483,2017-02-21,239.0000000000,722.0000000000,722,2015-03-02
actual_pre2026,vo_qqq_cross_5_20_bull_step_up,2010-02-11,2025-12-31,100000.0000000000,48136622.4406959563,480.3662244070,0.4752475136,123,7.7429899173,626800.3968970750,-0.5640869367,2021-11-19,2022-12-28,404,2023-07-12,196.0000000000,600.0000000000,600,2021-11-19
actual_pre2026,vo_qqq_cross_5_20_cut_confirm,2010-02-11,2025-12-31,100000.0000000000,22555533.2304577529,224.5553323046,0.4065007221,83,5.2249444157,236507.9193244423,-0.4764586318,2021-11-19,2022-12-28,404,2023-06-13,167.0000000000,571.0000000000,571,2021-11-19
actual_pre2026,vo_qqq_cross_5_20_raise_confirm,2010-02-11,2025-12-31,100000.0000000000,23503161.3109951988,234.0316131100,0.4101493016,71,4.4695307653,200149.5438895069,-0.4514843454,2024-12-16,2025-04-07,112,,,,553,2021-11-19
actual_pre2026,vo_qqq_cross_5_20_both_confirm,2010-02-11,2025-12-31,100000.0000000000,20459368.7292018980,203.5936872920,0.3978909543,63,3.9659216649,161988.2227651766,-0.4514843318,2024-12-16,2025-04-07,112,,,,570,2021-11-19
actual_pre2026,vo_qqq_cross_10_50_trend_cap,2010-02-11,2025-12-31,100000.0000000000,1407738.2664283093,13.0773826643,0.1811383239,133,8.3725012927,43651.3125439207,-0.5668045290,2011-02-16,2011-12-14,301,2013-10-25,681.0000000000,982.0000000000,982,2011-02-16
actual_pre2026,vo_qqq_cross_10_50_trend_floor,2010-02-11,2025-12-31,100000.0000000000,16054156.7748143766,159.5415677481,0.3767156269,87,5.4767489659,191150.4268449774,-0.6988789808,2021-11-19,2022-12-28,404,2024-03-01,429.0000000000,833.0000000000,833,2021-11-19
actual_pre2026,vo_qqq_cross_10_50_blend,2010-02-11,2025-12-31,100000.0000000000,5487691.1188957496,53.8769111890,0.2867570537,188,11.8348138573,101943.2324590615,-0.5613859505,2011-02-16,2011-12-14,301,2013-09-18,644.0000000000,945.0000000000,945,2011-02-16
actual_pre2026,vo_qqq_cross_10_50_bear_step_down,2010-02-11,2025-12-31,100000.0000000000,5418536.3944720905,53.1853639447,0.2857301968,150,9.4426706308,100285.6691452565,-0.4979118801,2011-02-16,2011-12-14,301,2013-08-02,597.0000000000,898.0000000000,898,2011-02-16
actual_pre2026,vo_qqq_cross_10_50_bull_step_up,2010-02-11,2025-12-31,100000.0000000000,18333830.2382147089,182.3383023821,0.3882713586,95,5.9803580662,205714.5030189815,-0.6245829644,2021-11-19,2022-12-28,404,2023-12-13,350.0000000000,754.0000000000,754,2021-11-19
actual_pre2026,vo_qqq_cross_10_50_cut_confirm,2010-02-11,2025-12-31,100000.0000000000,25073167.3002465554,249.7316730025,0.4159011948,75,4.7213353154,231595.7151357775,-0.5034450166,2021-11-19,2022-09-30,315,2023-06-14,257.0000000000,572.0000000000,572,2021-11-19
actual_pre2026,vo_qqq_cross_10_50_raise_confirm,2010-02-11,2025-12-31,100000.0000000000,23900661.6251256317,238.0066162513,0.4116388762,68,4.2806773526,204392.7887478274,-0.4514846171,2024-12-16,2025-04-07,112,,,,560,2021-11-19
actual_pre2026,vo_qqq_cross_10_50_both_confirm,2010-02-11,2025-12-31,100000.0000000000,24724688.6167635396,246.2468861676,0.4146542481,52,3.2734591520,152678.1251372650,-0.4514842955,2024-12-16,2025-04-07,112,,,,572,2021-11-19
actual_pre2026,vo_qqq_cross_20_50_trend_cap,2010-02-11,2025-12-31,100000.0000000000,1950485.9025469271,18.5048590255,0.2056353071,123,7.7429899173,45315.5206081975,-0.5848137222,2014-09-18,2016-06-27,648,2017-11-08,499.0000000000,1147.0000000000,1147,2014-09-18
actual_pre2026,vo_qqq_cross_20_50_trend_floor,2010-02-11,2025-12-31,100000.0000000000,13845781.3150084130,137.4578131501,0.3639497497,62,3.9029705274,126270.4384516670,-0.7133321384,2021-11-19,2022-12-28,404,2024-05-20,509.0000000000,913.0000000000,913,2021-11-19
actual_pre2026,vo_qqq_cross_20_50_blend,2010-02-11,2025-12-31,100000.0000000000,5968907.3784329202,58.6890737843,0.2935838959,165,10.3869376939,91681.7698379782,-0.5522836186,2021-11-19,2022-12-28,404,2023-12-13,350.0000000000,754.0000000000,754,2021-11-19
actual_pre2026,vo_qqq_cross_20_50_bear_step_down,2010-02-11,2025-12-31,100000.0000000000,7061605.5060043149,69.6160550600,0.3073460996,139,8.7502081179,111729.3925982107,-0.4227633297,2015-07-20,2016-06-27,343,2017-02-09,227.0000000000,570.0000000000,570,2015-07-20
actual_pre2026,vo_qqq_cross_20_50_bull_step_up,2010-02-11,2025-12-31,100000.0000000000,18286256.7443899736,181.8625674439,0.3880443103,81,5.0990421406,170524.7934135474,-0.6639821033,2021-11-19,2022-12-28,404,2024-01-22,390.0000000000,794.0000000000,794,2021-11-19
actual_pre2026,vo_qqq_cross_20_50_cut_confirm,2010-02-11,2025-12-31,100000.0000000000,19230764.3014781065,191.3076430148,0.3924518312,62,3.9029705274,124430.5083698784,-0.4921373849,2021-11-19,2022-09-30,315,2023-06-13,256.0000000000,571.0000000000,571,2021-11-19
actual_pre2026,vo_qqq_cross_20_50_raise_confirm,2010-02-11,2025-12-31,100000.0000000000,22192189.3823125735,220.9218938231,0.4050635527,80,5.0360910031,229155.8593928091,-0.4789030860,2015-07-20,2016-06-27,343,2017-02-13,231.0000000000,574.0000000000,574,2015-07-20
actual_pre2026,vo_qqq_cross_20_50_both_confirm,2010-02-11,2025-12-31,100000.0000000000,16465755.7923267614,163.6575579233,0.3789113221,51,3.2105080145,93439.3643317178,-0.4921368985,2021-11-19,2022-09-30,315,2023-06-14,257.0000000000,572.0000000000,576,2015-07-20
actual_pre2026,vo_qqq_cross_20_100_trend_cap,2010-02-11,2025-12-31,100000.0000000000,5744587.0385408625,56.4458703854,0.2904683086,89,5.6026512410,60998.4783074903,-0.5695986962,2015-07-20,2016-06-27,343,2017-05-01,308.0000000000,651.0000000000,875,2011-04-27
actual_pre2026,vo_qqq_cross_20_100_trend_floor,2010-02-11,2025-12-31,100000.0000000000,13892709.4348691348,137.9270943487,0.3642403051,55,3.4623125646,75689.6346259186,-0.6844823283,2020-02-19,2020-03-16,26,2021-02-05,326.0000000000,352.0000000000,767,2021-11-19
actual_pre2026,vo_qqq_cross_20_100_blend,2010-02-11,2025-12-31,100000.0000000000,10398497.3452576865,102.9849734526,0.3395859773,125,7.8688921923,82711.7429986651,-0.5188313196,2021-11-19,2022-09-30,315,2023-07-13,286.0000000000,601.0000000000,601,2021-11-19
actual_pre2026,vo_qqq_cross_20_100_bear_step_down,2010-02-11,2025-12-31,100000.0000000000,11999210.3971675187,118.9921039717,0.3517146651,98,6.1692114788,112687.8365437836,-0.5120438987,2015-07-20,2016-06-27,343,2017-03-01,247.0000000000,590.0000000000,590,2015-07-20
actual_pre2026,vo_qqq_cross_20_100_bull_step_up,2010-02-11,2025-12-31,100000.0000000000,19168138.7613640800,190.6813876136,0.3921659391,64,4.0288728025,112565.0946820429,-0.6555549112,2021-11-19,2022-09-30,315,2023-12-26,452.0000000000,767.0000000000,767,2021-11-19
actual_pre2026,vo_qqq_cross_20_100_cut_confirm,2010-02-11,2025-12-31,100000.0000000000,12481020.7555670384,123.8102075557,0.3550687463,55,3.4623125646,67174.3422504545,-0.6844820238,2020-02-19,2020-03-16,26,2021-07-06,477.0000000000,503.0000000000,605,2021-11-19
actual_pre2026,vo_qqq_cross_20_100_raise_confirm,2010-02-11,2025-12-31,100000.0000000000,14296012.2211586535,141.9601222116,0.3667001128,72,4.5324819028,138813.7037102391,-0.5024512155,2015-07-20,2016-06-27,343,2017-02-21,239.0000000000,582.0000000000,582,2015-07-20
actual_pre2026,vo_qqq_cross_20_100_both_confirm,2010-02-11,2025-12-31,100000.0000000000,6901327.9406414758,68.0132794064,0.3054579974,36,2.2662409514,26452.0485576729,-0.6844818079,2020-02-19,2020-03-16,26,2021-07-06,477.0000000000,503.0000000000,754,2021-11-19
actual_pre2026,vo_qqq_cross_20_200_trend_cap,2010-02-11,2025-12-31,100000.0000000000,7818230.4100831058,77.1823041008,0.3157498567,90,5.6656023785,62797.4375388034,-0.6370552489,2015-07-20,2016-06-27,343,2017-08-31,430.0000000000,773.0000000000,773,2015-07-20
actual_pre2026,vo_qqq_cross_20_200_trend_floor,2010-02-11,2025-12-31,100000.0000000000,14315599.2172954716,142.1559921730,0.3668179144,43,2.7068989142,67188.1511022241,-0.7161641459,2020-02-19,2020-04-28,69,2021-04-15,352.0000000000,421.0000000000,601,2021-11-19
actual_pre2026,vo_qqq_cross_20_200_blend,2010-02-11,2025-12-31,100000.0000000000,12590828.2220709659,124.9082822207,0.3558161632,119,7.4911853671,81086.2507671896,-0.5423158330,2015-07-20,2016-06-27,343,2017-04-24,301.0000000000,644.0000000000,644,2015-07-20
actual_pre2026,vo_qqq_cross_20_200_bear_step_down,2010-02-11,2025-12-31,100000.0000000000,13632968.6406988166,135.3296864070,0.3626204300,93,5.8544557911,106846.9500704502,-0.5604456902,2015-07-20,2016-06-27,343,2017-04-27,304.0000000000,647.0000000000,647,2015-07-20
actual_pre2026,vo_qqq_cross_20_200_bull_step_up,2010-02-11,2025-12-31,100000.0000000000,19820817.4303894602,197.2081743039,0.3951034585,55,3.4623125646,99326.2233777326,-0.5610406011,2021-11-19,2022-09-30,315,2023-07-13,286.0000000000,601.0000000000,601,2021-11-19
actual_pre2026,vo_qqq_cross_20_200_cut_confirm,2010-02-11,2025-12-31,100000.0000000000,12376165.8745131493,122.7616587451,0.3543492661,41,2.5809966391,61640.8965550291,-0.7046962912,2020-02-19,2020-06-11,113,2021-08-23,438.0000000000,551.0000000000,605,2021-11-19
actual_pre2026,vo_qqq_cross_20_200_raise_confirm,2010-02-11,2025-12-31,100000.0000000000,20093230.8355649635,199.9323083556,0.3963027812,75,4.7213353154,178983.4094587461,-0.4995259167,2015-07-20,2016-06-27,343,2017-02-21,239.0000000000,582.0000000000,582,2015-07-20
actual_pre2026,vo_qqq_cross_20_200_both_confirm,2010-02-11,2025-12-31,100000.0000000000,9617924.1885614172,95.1792418856,0.3330217231,25,1.5737784385,28207.6996245021,-0.7046963512,2020-02-19,2020-06-11,113,2021-08-23,438.0000000000,551.0000000000,645,2015-07-20
actual_pre2026,vo_qqq_cross_50_100_trend_cap,2010-02-11,2025-12-31,100000.0000000000,10100603.7296398692,100.0060372964,0.3371371179,84,5.2878955533,112997.2450871084,-0.5924587738,2015-07-20,2016-06-27,343,2017-05-16,323.0000000000,666.0000000000,666,2015-07-20
actual_pre2026,vo_qqq_cross_50_100_trend_floor,2010-02-11,2025-12-31,100000.0000000000,14295288.8424313664,141.9528884243,0.3666957593,48,3.0216546019,83847.7629665914,-0.6992206940,2020-02-19,2020-03-20,30,2021-04-15,391.0000000000,421.0000000000,753,2021-11-19
actual_pre2026,vo_qqq_cross_50_100_blend,2010-02-11,2025-12-31,100000.0000000000,13667785.9438709524,135.6778594387,0.3628392384,121,7.6170876422,117822.5361527577,-0.5175484461,2015-07-20,2016-06-27,343,2017-03-01,247.0000000000,590.0000000000,590,2015-07-20
actual_pre2026,vo_qqq_cross_50_100_bear_step_down,2010-02-11,2025-12-31,100000.0000000000,16944184.3046669960,168.4418430467,0.3813997929,97,6.1062603413,170776.1978537094,-0.5381213871,2015-07-20,2016-06-27,343,2017-04-24,301.0000000000,644.0000000000,644,2015-07-20
actual_pre2026,vo_qqq_cross_50_100_bull_step_up,2010-02-11,2025-12-31,100000.0000000000,20604142.8165402971,205.0414281654,0.3985115943,61,3.8400193899,132401.3110849826,-0.6271986712,2021-11-19,2022-09-30,315,2023-07-17,290.0000000000,605.0000000000,605,2021-11-19
actual_pre2026,vo_qqq_cross_50_100_cut_confirm,2010-02-11,2025-12-31,100000.0000000000,14134466.4136491306,140.3446641365,0.3657227233,47,2.9587034643,79684.9487627593,-0.6992208221,2020-02-19,2020-03-20,30,2021-06-22,459.0000000000,489.0000000000,606,2021-11-19
actual_pre2026,vo_qqq_cross_50_100_raise_confirm,2010-02-11,2025-12-31,100000.0000000000,17213280.7646106258,171.1328076461,0.3827706738,74,4.6583841779,167468.6531376735,-0.5024864703,2015-07-20,2016-06-27,343,2017-02-21,239.0000000000,582.0000000000,582,2015-07-20
actual_pre2026,vo_qqq_cross_50_100_both_confirm,2010-02-11,2025-12-31,100000.0000000000,9564890.3761106841,94.6489037611,0.3325578097,30,1.8885341262,40970.2848785185,-0.6992200527,2020-02-19,2020-03-20,30,2021-06-28,465.0000000000,495.0000000000,645,2015-07-20
actual_pre2026,vo_qqq_cross_50_150_trend_cap,2010-02-11,2025-12-31,100000.0000000000,11295253.6754237004,111.9525367542,0.3465799315,75,4.7213353154,116269.8143134907,-0.5679045558,2015-07-20,2016-06-27,343,2017-05-01,308.0000000000,651.0000000000,651,2015-07-20
actual_pre2026,vo_qqq_cross_50_150_trend_floor,2010-02-11,2025-12-31,100000.0000000000,16603962.0286737736,165.0396202867,0.3796370668,42,2.6439477766,77431.4030740948,-0.6992201239,2020-02-19,2020-03-20,30,2020-08-31,164.0000000000,194.0000000000,605,2021-11-19
actual_pre2026,vo_qqq_cross_50_150_blend,2010-02-11,2025-12-31,100000.0000000000,15344208.5648977309,152.4420856490,0.3728013337,111,6.9875762668,112562.9224810610,-0.5194252234,2015-07-20,2016-06-27,343,2017-03-15,261.0000000000,604.0000000000,604,2015-07-20
actual_pre2026,vo_qqq_cross_50_150_bear_step_down,2010-02-11,2025-12-31,100000.0000000000,17280890.2329911366,171.8089023299,0.3831119450,85,5.3508466908,168118.8154292701,-0.5208784466,2015-07-20,2016-06-27,343,2017-03-15,261.0000000000,604.0000000000,604,2015-07-20
actual_pre2026,vo_qqq_cross_50_150_bull_step_up,2010-02-11,2025-12-31,100000.0000000000,20309750.3719816878,202.0975037198,0.3972452078,55,3.4623125646,115088.6162377934,-0.5795202974,2024-12-16,2025-04-07,112,,,,601,2021-11-19
actual_pre2026,vo_qqq_cross_50_150_cut_confirm,2010-02-11,2025-12-31,100000.0000000000,14021301.7246502172,139.2130172465,0.3650317964,42,2.6439477766,69586.9571476055,-0.6992200025,2020-02-19,2020-03-20,30,2020-09-01,165.0000000000,195.0000000000,754,2021-11-19
actual_pre2026,vo_qqq_cross_50_150_raise_confirm,2010-02-11,2025-12-31,100000.0000000000,15349506.1716886330,152.4950617169,0.3728311653,72,4.5324819028,155479.0975495914,-0.4949881686,2015-07-20,2016-06-27,343,2017-02-17,235.0000000000,578.0000000000,578,2015-07-20
actual_pre2026,vo_qqq_cross_50_150_both_confirm,2010-02-11,2025-12-31,100000.0000000000,8414704.0141554959,83.1470401416,0.3218536819,23,1.4478761634,28043.5354447791,-0.6992206712,2020-02-19,2020-03-20,30,2020-09-02,166.0000000000,196.0000000000,659,2015-07-20
actual_pre2026,vo_qqq_cross_50_200_trend_cap,2010-02-11,2025-12-31,100000.0000000000,13104816.4478441328,130.0481644784,0.3592354303,78,4.9101887280,123903.7594256450,-0.5104929603,2015-07-20,2016-06-27,343,2017-03-01,247.0000000000,590.0000000000,590,2015-07-20
actual_pre2026,vo_qqq_cross_50_200_trend_floor,2010-02-11,2025-12-31,100000.0000000000,18871635.2435670346,187.7163524357,0.3908003746,36,2.2662409514,77816.2500395681,-0.6992204685,2020-02-19,2020-03-20,30,2020-08-26,159.0000000000,189.0000000000,600,2021-11-19
actual_pre2026,vo_qqq_cross_50_200_blend,2010-02-11,2025-12-31,100000.0000000000,17563243.0805503875,174.6324308055,0.3845237817,108,6.7987228542,115825.7459049378,-0.5126531569,2024-12-16,2025-04-08,113,,,,574,2015-07-20
actual_pre2026,vo_qqq_cross_50_200_bear_step_down,2010-02-11,2025-12-31,100000.0000000000,18628004.4879836515,185.2800448798,0.3896631875,83,5.2249444157,170997.4018916494,-0.4912642505,2015-07-20,2016-06-27,343,2017-02-15,233.0000000000,576.0000000000,576,2015-07-20
actual_pre2026,vo_qqq_cross_50_200_bull_step_up,2010-02-11,2025-12-31,100000.0000000000,21699105.2416806519,215.9910524168,0.4030775339,50,3.1475568769,111922.8201103426,-0.5921945093,2024-12-16,2025-04-08,113,,,,573,2021-11-19
actual_pre2026,vo_qqq_cross_50_200_cut_confirm,2010-02-11,2025-12-31,100000.0000000000,15085993.2365170438,149.8599323652,0.3713354588,37,2.3291920889,68873.4328740910,-0.6992200323,2020-02-19,2020-03-20,30,2020-09-01,165.0000000000,195.0000000000,753,2021-11-19
actual_pre2026,vo_qqq_cross_50_200_raise_confirm,2010-02-11,2025-12-31,100000.0000000000,17897715.4983351827,177.9771549834,0.3861689663,74,4.6583841779,167328.3682109467,-0.4575736247,2015-07-20,2016-02-09,204,2017-01-25,351.0000000000,555.0000000000,555,2015-07-20
actual_pre2026,vo_qqq_cross_50_200_both_confirm,2010-02-11,2025-12-31,100000.0000000000,10455541.1085110530,103.5554110851,0.3400473990,20,1.2590227508,29594.8004147316,-0.6992195630,2020-02-19,2020-03-20,30,2020-09-01,165.0000000000,195.0000000000,604,2015-07-20
actual_pre2026,vo_qqq_cross_100_200_trend_cap,2010-02-11,2025-12-31,100000.0000000000,10159027.2735979408,100.5902727360,0.3376226812,84,5.2878955533,132667.9870794445,-0.4494809475,2024-12-16,2025-04-07,112,,,,553,2021-11-19
actual_pre2026,vo_qqq_cross_100_200_trend_floor,2010-02-11,2025-12-31,100000.0000000000,47696930.1978641599,475.9693019786,0.4743955769,24,1.5108273009,90862.9342460993,-0.6992203284,2020-02-19,2020-03-20,30,2020-07-10,112.0000000000,142.0000000000,754,2021-11-19
actual_pre2026,vo_qqq_cross_100_200_blend,2010-02-11,2025-12-31,100000.0000000000,25197845.0094640106,250.9784500946,0.4163433823,105,6.6098694416,152371.1928620469,-0.5126526456,2024-12-16,2025-04-08,113,2025-10-27,202.0000000000,315.0000000000,572,2021-11-19
actual_pre2026,vo_qqq_cross_100_200_bear_step_down,2010-02-11,2025-12-31,100000.0000000000,15714371.4112542700,156.1437141125,0.3748629078,87,5.4767489659,170965.8107963231,-0.4494819173,2024-12-16,2025-04-07,112,,,,553,2021-11-19
actual_pre2026,vo_qqq_cross_100_200_bull_step_up,2010-02-11,2025-12-31,100000.0000000000,33917619.0243413523,338.1761902434,0.4430891278,43,2.7068989142,127485.7503719634,-0.5921943901,2024-12-16,2025-04-08,113,2025-10-28,203.0000000000,316.0000000000,606,2021-11-19
actual_pre2026,vo_qqq_cross_100_200_cut_confirm,2010-02-11,2025-12-31,100000.0000000000,43830154.1916568950,437.3015419166,0.4665693871,24,1.5108273009,83614.5903720387,-0.6992205014,2020-02-19,2020-03-20,30,2020-07-10,112.0000000000,142.0000000000,754,2021-11-19
actual_pre2026,vo_qqq_cross_100_200_raise_confirm,2010-02-11,2025-12-31,100000.0000000000,16958779.1946016438,168.5877919460,0.3814746664,76,4.7842864529,156545.6576823984,-0.4494816367,2024-12-16,2025-04-07,112,,,,553,2021-11-19
actual_pre2026,vo_qqq_cross_100_200_both_confirm,2010-02-11,2025-12-31,100000.0000000000,28678369.2395111658,285.7836923951,0.4279264831,9,0.5665602378,19620.0776289308,-0.6992198910,2020-02-19,2020-03-20,30,2020-07-10,112.0000000000,142.0000000000,606,2021-11-19
actual_pre2026,vo_qqq_cross_100_250_trend_cap,2010-02-11,2025-12-31,100000.0000000000,16975085.7497424521,168.7508574974,0.3815582495,84,5.2878955533,175128.8519350519,-0.4494813904,2024-12-16,2025-04-07,112,,,,570,2021-11-19
actual_pre2026,vo_qqq_cross_100_250_trend_floor,2010-02-11,2025-12-31,100000.0000000000,33522449.5881850347,334.2244958819,0.4420248944,17,1.0701693382,46954.1381673531,-0.6992203258,2020-02-19,2020-03-20,30,2020-07-10,112.0000000000,142.0000000000,812,2021-11-19
actual_pre2026,vo_qqq_cross_100_250_blend,2010-02-11,2025-12-31,100000.0000000000,26912881.8596216589,268.1288185962,0.4222264757,98,6.1692114788,135732.8589523563,-0.5126529141,2024-12-16,2025-04-08,113,2025-09-19,164.0000000000,277.0000000000,606,2021-11-19
actual_pre2026,vo_qqq_cross_100_250_bear_step_down,2010-02-11,2025-12-31,100000.0000000000,19502557.1021411642,194.0255710214,0.3936825702,87,5.4767489659,199898.4729604755,-0.4494815568,2024-12-16,2025-04-07,112,,,,570,2021-11-19
actual_pre2026,vo_qqq_cross_100_250_bull_step_up,2010-02-11,2025-12-31,100000.0000000000,27694004.8906840757,275.9400489068,0.4247903407,40,2.5180455016,110582.9455931386,-0.6390411001,2021-11-19,2022-09-30,315,2024-01-19,476.0000000000,791.0000000000,791,2021-11-19
actual_pre2026,vo_qqq_cross_100_250_cut_confirm,2010-02-11,2025-12-31,100000.0000000000,33522449.5881850347,334.2244958819,0.4420248944,17,1.0701693382,46954.1381673531,-0.6992203258,2020-02-19,2020-03-20,30,2020-07-10,112.0000000000,142.0000000000,812,2021-11-19
actual_pre2026,vo_qqq_cross_100_250_raise_confirm,2010-02-11,2025-12-31,100000.0000000000,20106159.2313369066,200.0615923134,0.3963593200,81,5.0990421406,204704.6547380170,-0.4494818006,2024-12-16,2025-04-07,112,,,,570,2021-11-19
actual_pre2026,vo_qqq_cross_100_250_both_confirm,2010-02-11,2025-12-31,100000.0000000000,25925478.8990105577,258.2547889901,0.4188838548,7,0.4406579628,17876.9188018988,-0.6992203279,2020-02-19,2020-03-20,30,2020-07-10,112.0000000000,142.0000000000,833,2021-11-19
actual_pre2026,vo_qqq_triple_5_20_100_trend_cap,2010-02-11,2025-12-31,100000.0000000000,4192422.9424675130,40.9242294247,0.2651325306,228,14.3528593588,108394.2354238197,-0.4771528024,2015-03-02,2016-06-27,483,2017-06-01,339.0000000000,822.0000000000,822,2015-03-02
actual_pre2026,vo_qqq_triple_5_20_100_trend_floor,2010-02-11,2025-12-31,100000.0000000000,34846044.7399945706,347.4604473999,0.4455444612,109,6.8616739917,402925.9156023184,-0.5942810547,2021-11-19,2022-12-28,404,2023-12-13,350.0000000000,754.0000000000,754,2021-11-19
actual_pre2026,vo_qqq_triple_5_20_100_blend,2010-02-11,2025-12-31,100000.0000000000,12800990.2796438858,127.0099027964,0.3572297781,333,20.9627288004,224269.0924889469,-0.4789596286,2021-11-19,2022-12-28,404,2023-06-15,169.0000000000,573.0000000000,573,2021-11-19
actual_pre2026,vo_qqq_triple_5_20_100_bear_step_down,2010-02-11,2025-12-31,100000.0000000000,11561640.4549206868,114.6164045492,0.3485573542,293,18.4446832989,213171.6642913049,-0.4141326585,2015-07-20,2016-06-27,343,2017-02-13,231.0000000000,574.0000000000,574,2015-07-20
actual_pre2026,vo_qqq_triple_5_20_100_bull_step_up,2010-02-11,2025-12-31,100000.0000000000,31270653.6778113581,311.7065367781,0.4357264784,150,9.4426706308,299155.4329594088,-0.6011314606,2021-11-19,2022-12-28,404,2023-07-18,202.0000000000,606.0000000000,606,2021-11-19
actual_pre2026,vo_qqq_triple_5_20_100_cut_confirm,2010-02-11,2025-12-31,100000.0000000000,10763696.7496629376,106.6369674966,0.3424999709,53,3.3364102896,61260.2104834136,-0.6844815727,2020-02-19,2020-03-16,26,2021-07-06,477.0000000000,503.0000000000,754,2021-11-19
actual_pre2026,vo_qqq_triple_5_20_100_raise_confirm,2010-02-11,2025-12-31,100000.0000000000,12673213.5388478860,125.7321353885,0.3563729284,62,3.9029705274,111496.2066390682,-0.5024510365,2015-07-20,2016-06-27,343,2017-02-21,239.0000000000,582.0000000000,582,2015-07-20
actual_pre2026,vo_qqq_triple_5_20_100_both_confirm,2010-02-11,2025-12-31,100000.0000000000,6461277.4267964251,63.6127742680,0.3000546287,34,2.1403386763,24959.2116135178,-0.6844809965,2020-02-19,2020-03-16,26,2021-07-06,477.0000000000,503.0000000000,754,2021-11-19
actual_pre2026,vo_qqq_triple_10_50_200_trend_cap,2010-02-11,2025-12-31,100000.0000000000,4406210.9716036581,43.0621097160,0.2690998128,124,7.8059410548,67646.9767839694,-0.5061483836,2011-02-16,2011-12-19,306,2013-05-10,508.0000000000,814.0000000000,814,2011-02-16
actual_pre2026,vo_qqq_triple_10_50_200_trend_floor,2010-02-11,2025-12-31,100000.0000000000,20556090.1267837361,204.5609012678,0.3983060489,81,5.0990421406,188424.2976658383,-0.5848427854,2021-11-19,2022-12-28,404,2023-07-13,197.0000000000,601.0000000000,601,2021-11-19
actual_pre2026,vo_qqq_triple_10_50_200_blend,2010-02-11,2025-12-31,100000.0000000000,10621875.8441318907,105.2187584413,0.3413795213,201,12.6531786453,123131.4265434300,-0.4665648722,2011-02-16,2011-12-19,306,2013-05-02,500.0000000000,806.0000000000,806,2011-02-16
actual_pre2026,vo_qqq_triple_10_50_200_bear_step_down,2010-02-11,2025-12-31,100000.0000000000,10565727.9616078902,104.6572796161,0.3409320498,172,10.8275956567,141491.4863944253,-0.4417005241,2015-07-20,2016-06-27,343,2017-02-15,233.0000000000,576.0000000000,576,2011-02-16
actual_pre2026,vo_qqq_triple_10_50_200_bull_step_up,2010-02-11,2025-12-31,100000.0000000000,21342388.2241311558,212.4238822413,0.4016142280,109,6.8616739917,174913.2195724223,-0.5911073632,2021-11-19,2022-12-28,404,2023-07-17,201.0000000000,605.0000000000,605,2021-11-19
actual_pre2026,vo_qqq_triple_10_50_200_cut_confirm,2010-02-11,2025-12-31,100000.0000000000,20633852.2835585736,205.3385228356,0.3986384520,34,2.1403386763,85223.7141265735,-0.6992200323,2020-02-19,2020-03-20,30,2020-07-10,112.0000000000,142.0000000000,753,2021-11-19
actual_pre2026,vo_qqq_triple_10_50_200_raise_confirm,2010-02-11,2025-12-31,100000.0000000000,13929142.6537476201,138.2914265375,0.3644652478,63,3.9659216649,117750.4278101909,-0.4575737315,2015-07-20,2016-02-09,204,2017-01-25,351.0000000000,555.0000000000,555,2015-07-20
actual_pre2026,vo_qqq_triple_10_50_200_both_confirm,2010-02-11,2025-12-31,100000.0000000000,14534634.2761149704,144.3463427611,0.3681250615,17,1.0701693382,35536.2669091263,-0.6992204516,2020-02-19,2020-03-20,30,2020-07-10,112.0000000000,142.0000000000,604,2015-07-20
actual_pre2026,vo_qqq_triple_20_50_200_trend_cap,2010-02-11,2025-12-31,100000.0000000000,5213084.0243044477,51.1308402430,0.2826054064,124,7.8059410548,86277.7687196044,-0.4825285605,2015-07-20,2016-06-27,343,2017-03-15,261.0000000000,604.0000000000,604,2015-07-20
actual_pre2026,vo_qqq_triple_20_50_200_trend_floor,2010-02-11,2025-12-31,100000.0000000000,18687737.7712975480,185.8773777130,0.3899432866,63,3.9659216649,102896.8871204254,-0.5713006520,2020-02-19,2020-03-20,30,2020-08-18,151.0000000000,181.0000000000,600,2021-11-19
actual_pre2026,vo_qqq_triple_20_50_200_blend,2010-02-11,2025-12-31,100000.0000000000,11017341.5917896535,109.1734159179,0.3444698219,182,11.4571070321,111451.4368346353,-0.4859942806,2021-11-19,2022-12-28,404,2023-06-15,169.0000000000,573.0000000000,573,2021-11-19
actual_pre2026,vo_qqq_triple_20_50_200_bear_step_down,2010-02-11,2025-12-31,100000.0000000000,11986049.3540415056,118.8604935404,0.3516212860,156,9.8203774560,144734.3890709074,-0.4545352055,2015-07-20,2016-06-27,343,2017-02-13,231.0000000000,574.0000000000,574,2015-07-20
actual_pre2026,vo_qqq_triple_20_50_200_bull_step_up,2010-02-11,2025-12-31,100000.0000000000,21224786.0524724424,211.2478605247,0.4011267801,95,5.9803580662,146909.9714295423,-0.6132481273,2021-11-19,2022-12-28,404,2023-12-12,349.0000000000,753.0000000000,753,2021-11-19
actual_pre2026,vo_qqq_triple_20_50_200_cut_confirm,2010-02-11,2025-12-31,100000.0000000000,21531065.4701605774,214.3106547016,0.4023910406,30,1.8885341262,73673.4224556444,-0.6992200323,2020-02-19,2020-03-20,30,2020-07-10,112.0000000000,142.0000000000,605,2021-11-19
actual_pre2026,vo_qqq_triple_20_50_200_raise_confirm,2010-02-11,2025-12-31,100000.0000000000,15053047.7993811574,149.5304779938,0.3711467408,69,4.3436284902,139367.8543761881,-0.4575735560,2015-07-20,2016-02-09,204,2017-01-25,351.0000000000,555.0000000000,555,2015-07-20
actual_pre2026,vo_qqq_triple_20_50_200_both_confirm,2010-02-11,2025-12-31,100000.0000000000,14382437.9668476786,142.8243796685,0.3672187671,17,1.0701693382,35169.0214736192,-0.6992189565,2020-02-19,2020-03-20,30,2020-07-10,112.0000000000,142.0000000000,604,2015-07-20
actual_pre2026,vo_qqq_triple_20_100_200_trend_cap,2010-02-11,2025-12-31,100000.0000000000,7113137.9655678729,70.1313796557,0.3079446367,93,5.8544557911,90439.7958400548,-0.4494815655,2024-12-16,2025-04-07,112,,,,748,2011-04-27
actual_pre2026,vo_qqq_triple_20_100_200_trend_floor,2010-02-11,2025-12-31,100000.0000000000,31755917.2880503088,316.5591728805,0.4371189246,49,3.0846057394,93684.5463884329,-0.6844823258,2020-02-19,2020-03-16,26,2020-08-26,163.0000000000,189.0000000000,606,2021-11-19
actual_pre2026,vo_qqq_triple_20_100_200_blend,2010-02-11,2025-12-31,100000.0000000000,17979413.9727570713,178.7941397276,0.3865664405,139,8.7502081179,118973.8132470538,-0.4871618162,2020-02-19,2020-03-20,30,2020-08-18,151.0000000000,181.0000000000,573,2021-11-19
actual_pre2026,vo_qqq_triple_20_100_200_bear_step_down,2010-02-11,2025-12-31,100000.0000000000,13994825.2033125274,138.9482520331,0.3648693899,118,7.4282342296,140463.4527404514,-0.4044293480,2015-07-20,2016-06-27,343,2017-01-25,212.0000000000,555.0000000000,559,2021-11-19
actual_pre2026,vo_qqq_triple_20_100_200_bull_step_up,2010-02-11,2025-12-31,100000.0000000000,28425227.6382920817,283.2522763829,0.4271297348,71,4.4695307653,127676.5293448078,-0.6141411125,2021-11-19,2022-09-30,315,2023-12-13,439.0000000000,754.0000000000,754,2021-11-19
actual_pre2026,vo_qqq_triple_20_100_200_cut_confirm,2010-02-11,2025-12-31,100000.0000000000,46431651.7326511666,463.3165173265,0.4719022979,22,1.3849250259,87511.5213373515,-0.6992207322,2020-02-19,2020-03-20,30,2020-07-10,112.0000000000,142.0000000000,754,2021-11-19
actual_pre2026,vo_qqq_triple_20_100_200_raise_confirm,2010-02-11,2025-12-31,100000.0000000000,9892457.7050901428,97.9245770509,0.3353855401,68,4.2806773526,89882.0034172392,-0.4855109380,2015-07-20,2016-02-09,204,2017-03-13,398.0000000000,602.0000000000,602,2015-07-20
actual_pre2026,vo_qqq_triple_20_100_200_both_confirm,2010-02-11,2025-12-31,100000.0000000000,30380504.8802885115,302.8050488029,0.4331187513,7,0.4406579628,19969.4826558141,-0.6992205538,2020-02-19,2020-03-20,30,2020-07-10,112.0000000000,142.0000000000,606,2021-11-19
actual_pre2026,vo_qqq_triple_50_100_200_trend_cap,2010-02-11,2025-12-31,100000.0000000000,10363572.7922608647,102.6357279226,0.3393023038,93,5.8544557911,126947.1658711561,-0.4494810355,2024-12-16,2025-04-07,112,,,,569,2015-07-20
actual_pre2026,vo_qqq_triple_50_100_200_trend_floor,2010-02-11,2025-12-31,100000.0000000000,29745706.4206102341,296.4570642061,0.4312149778,43,2.7068989142,104668.8246134704,-0.6992202475,2020-02-19,2020-03-20,30,2020-08-26,159.0000000000,189.0000000000,754,2021-11-19
actual_pre2026,vo_qqq_triple_50_100_200_blend,2010-02-11,2025-12-31,100000.0000000000,20332128.9076164998,202.3212890762,0.3973420755,135,8.4984035677,143097.2675614286,-0.4909420361,2020-02-19,2020-03-20,30,2020-08-24,157.0000000000,187.0000000000,571,2021-11-19
actual_pre2026,vo_qqq_triple_50_100_200_bear_step_down,2010-02-11,2025-12-31,100000.0000000000,16667044.0837411284,165.6704408374,0.3799664419,117,7.3652830920,174746.0822872580,-0.4178007405,2015-07-20,2016-06-27,343,2017-02-08,226.0000000000,569.0000000000,569,2015-07-20
actual_pre2026,vo_qqq_triple_50_100_200_bull_step_up,2010-02-11,2025-12-31,100000.0000000000,28889278.0263792574,287.8927802638,0.4285852893,68,4.2806773526,140129.3035143489,-0.6038850160,2021-11-19,2022-09-30,315,2023-07-18,291.0000000000,606.0000000000,606,2021-11-19
actual_pre2026,vo_qqq_triple_50_100_200_cut_confirm,2010-02-11,2025-12-31,100000.0000000000,44204934.5809107497,441.0493458091,0.4673556654,20,1.2590227508,77425.1784852286,-0.6992207322,2020-02-19,2020-03-20,30,2020-07-10,112.0000000000,142.0000000000,759,2021-11-19
actual_pre2026,vo_qqq_triple_50_100_200_raise_confirm,2010-02-11,2025-12-31,100000.0000000000,8464228.2962940261,83.6422829629,0.3223420774,68,4.2806773526,100220.2817390287,-0.4859386040,2015-07-20,2016-02-09,204,2017-03-13,398.0000000000,602.0000000000,602,2015-07-20
actual_pre2026,vo_qqq_triple_50_100_200_both_confirm,2010-02-11,2025-12-31,100000.0000000000,30380504.8802885115,302.8050488029,0.4331187513,7,0.4406579628,19969.4826558141,-0.6992205538,2020-02-19,2020-03-20,30,2020-07-10,112.0000000000,142.0000000000,606,2021-11-19
actual_pre2026,vo_qqq_triple_50_150_200_trend_cap,2010-02-11,2025-12-31,100000.0000000000,10107712.7487850320,100.0771274879,0.3371963420,87,5.4767489659,96479.9296506309,-0.4809642496,2015-07-20,2016-06-27,343,2017-05-05,312.0000000000,655.0000000000,655,2015-07-20
actual_pre2026,vo_qqq_triple_50_150_200_trend_floor,2010-02-11,2025-12-31,100000.0000000000,25844297.0449942686,257.4429704499,0.4186037500,39,2.4550943640,75334.5787794750,-0.6992205991,2020-02-19,2020-03-20,30,2020-08-20,153.0000000000,183.0000000000,767,2021-11-19
actual_pre2026,vo_qqq_triple_50_150_200_blend,2010-02-11,2025-12-31,100000.0000000000,17812913.1801937707,177.1291318019,0.3857545891,125,7.8688921923,106364.3879867628,-0.4975115119,2024-12-16,2025-04-07,112,2025-10-29,205.0000000000,317.0000000000,576,2015-07-20
actual_pre2026,vo_qqq_triple_50_150_200_bear_step_down,2010-02-11,2025-12-31,100000.0000000000,15232974.7387165688,151.3297473872,0.3721727210,106,6.6728205791,147720.4893389459,-0.4494816329,2024-12-16,2025-04-07,112,,,,582,2015-07-20
actual_pre2026,vo_qqq_triple_50_150_200_bull_step_up,2010-02-11,2025-12-31,100000.0000000000,24402527.4067403190,243.0252740674,0.4134867346,63,3.9659216649,111969.5758857570,-0.5925909438,2021-11-19,2022-09-30,315,2023-12-12,438.0000000000,753.0000000000,753,2021-11-19
actual_pre2026,vo_qqq_triple_50_150_200_cut_confirm,2010-02-11,2025-12-31,100000.0000000000,33540676.6040865108,334.4067660409,0.4420742397,20,1.2590227508,51089.0211723095,-0.6992206547,2020-02-19,2020-03-20,30,2020-07-10,112.0000000000,142.0000000000,796,2021-11-19
actual_pre2026,vo_qqq_triple_50_150_200_raise_confirm,2010-02-11,2025-12-31,100000.0000000000,8694638.2985735908,85.9463829857,0.3245796824,66,4.1547750776,93766.3837693901,-0.4949884204,2015-07-20,2016-06-27,343,2017-02-17,235.0000000000,578.0000000000,654,2011-07-22
actual_pre2026,vo_qqq_triple_50_150_200_both_confirm,2010-02-11,2025-12-31,100000.0000000000,20128036.0484705977,200.2803604847,0.3964549149,8,0.5036091003,12038.9380502921,-0.6992206830,2020-02-19,2020-03-20,30,2020-07-10,112.0000000000,142.0000000000,833,2021-11-19
actual_pre2026,vo_tqqq_price_sma_20_trend_cap,2010-02-11,2025-12-31,100000.0000000000,1334029.5356878599,12.3402953569,0.1771463076,429,27.0060380041,178375.7750748928,-0.4256494291,2015-03-02,2016-02-18,353,2018-01-22,704.0000000000,1057.0000000000,1057,2015-03-02
actual_pre2026,vo_tqqq_price_sma_20_trend_floor,2010-02-11,2025-12-31,100000.0000000000,31834996.6800587401,317.3499668006,0.4373439486,167,10.5128399690,534138.5980056350,-0.6275043891,2021-11-19,2022-12-28,404,2023-07-18,202.0000000000,606.0000000000,668,2018-01-26
actual_pre2026,vo_tqqq_price_sma_20_blend,2010-02-11,2025-12-31,100000.0000000000,7678206.2757895356,75.7820627579,0.3142538182,511,32.1680312823,409229.5224546318,-0.4674209376,2021-11-19,2022-12-28,404,2023-06-12,166.0000000000,570.0000000000,709,2015-03-02
actual_pre2026,vo_tqqq_price_sma_20_bear_step_down,2010-02-11,2025-12-31,100000.0000000000,6358211.2786395252,62.5821127864,0.2987393127,451,28.3909630300,345146.9732108351,-0.3403520651,2015-03-02,2016-02-18,353,2017-02-13,361.0000000000,714.0000000000,714,2015-03-02
actual_pre2026,vo_tqqq_price_sma_20_bull_step_up,2010-02-11,2025-12-31,100000.0000000000,31141644.8616641574,310.4164486166,0.4353528855,172,10.8275956567,493382.6458773409,-0.5725595414,2021-11-19,2022-12-28,404,2023-06-15,169.0000000000,573.0000000000,658,2018-01-26
actual_pre2026,vo_tqqq_price_sma_20_cut_confirm,2010-02-11,2025-12-31,100000.0000000000,19663526.1958041266,195.6352619580,0.3944039178,81,5.0990421406,217074.1352383146,-0.5168512081,2021-11-19,2022-12-28,404,2023-07-13,197.0000000000,601.0000000000,601,2021-11-19
actual_pre2026,vo_tqqq_price_sma_20_raise_confirm,2010-02-11,2025-12-31,100000.0000000000,23387447.7428505495,232.8744774285,0.4097112448,71,4.4695307653,196291.0482226849,-0.4514845455,2024-12-16,2025-04-07,112,,,,553,2021-11-19
actual_pre2026,vo_tqqq_price_sma_20_both_confirm,2010-02-11,2025-12-31,100000.0000000000,18282825.0159577727,181.8282501596,0.3880279107,61,3.8400193899,147431.9299092058,-0.4514845900,2024-12-16,2025-04-07,112,,,,572,2021-11-19
actual_pre2026,vo_tqqq_price_sma_50_trend_cap,2010-02-11,2025-12-31,100000.0000000000,2586607.8686818406,24.8660786868,0.2272498790,278,17.5004162358,124381.1678268496,-0.5653662876,2014-11-28,2016-07-06,586,2018-01-12,555.0000000000,1141.0000000000,1141,2014-11-28
actual_pre2026,vo_tqqq_price_sma_50_trend_floor,2010-02-11,2025-12-31,100000.0000000000,21474379.7861486450,213.7437978615,0.4021583296,142,8.9390615305,488675.7713872952,-0.6393241341,2021-11-19,2022-12-28,404,2024-01-19,387.0000000000,791.0000000000,791,2021-11-19
actual_pre2026,vo_tqqq_price_sma_50_blend,2010-02-11,2025-12-31,100000.0000000000,8231017.3514750767,81.3101735148,0.3200183783,361,22.7253606515,268579.8005694711,-0.4643074739,2021-11-19,2022-12-28,404,2023-06-15,169.0000000000,573.0000000000,824,2014-11-28
actual_pre2026,vo_tqqq_price_sma_50_bear_step_down,2010-02-11,2025-12-31,100000.0000000000,8630728.7880897559,85.3072878809,0.3239646530,301,18.9482923992,249109.1447142344,-0.4298894181,2014-11-28,2016-06-27,577,2017-04-24,301.0000000000,878.0000000000,878,2014-11-28
actual_pre2026,vo_tqqq_price_sma_50_bull_step_up,2010-02-11,2025-12-31,100000.0000000000,24569368.2789393216,244.6936827894,0.4140931576,149,9.3797194933,470183.7810434030,-0.5940310147,2021-11-19,2022-12-28,404,2023-12-13,350.0000000000,754.0000000000,754,2021-11-19
actual_pre2026,vo_tqqq_price_sma_50_cut_confirm,2010-02-11,2025-12-31,100000.0000000000,28243104.3853119686,281.4310438531,0.4265523895,79,4.9731398656,283270.1962936258,-0.4929695414,2021-11-19,2022-09-30,315,2023-06-13,256.0000000000,571.0000000000,571,2021-11-19
actual_pre2026,vo_tqqq_price_sma_50_raise_confirm,2010-02-11,2025-12-31,100000.0000000000,22886868.4894758090,227.8686848948,0.4077924974,69,4.3436284902,189061.3192048645,-0.4514843546,2024-12-16,2025-04-07,112,,,,557,2021-11-19
actual_pre2026,vo_tqqq_price_sma_50_both_confirm,2010-02-11,2025-12-31,100000.0000000000,25688599.9924810454,255.8859999248,0.4180642279,57,3.5882148397,183440.4048649351,-0.4514845533,2024-12-16,2025-04-07,112,,,,570,2021-11-19
actual_pre2026,vo_tqqq_price_sma_100_trend_cap,2010-02-11,2025-12-31,100000.0000000000,1246282.3900451213,11.4628239005,0.1721152120,234,14.7305661841,69049.4826871796,-0.4470562257,2018-01-26,2019-10-08,620,2020-02-14,129.0000000000,749.0000000000,1013,2020-09-02
actual_pre2026,vo_tqqq_price_sma_100_trend_floor,2010-02-11,2025-12-31,100000.0000000000,16705289.0138159320,166.0528901382,0.3801655646,130,8.1836478800,281562.3563665916,-0.6030884691,2021-11-19,2022-09-30,315,2023-07-18,291.0000000000,606.0000000000,606,2021-11-19
actual_pre2026,vo_tqqq_price_sma_100_blend,2010-02-11,2025-12-31,100000.0000000000,5015400.4779653344,49.1540047797,0.2794878693,287,18.0669764736,157209.8351079023,-0.4634701871,2021-11-19,2022-09-30,315,2023-06-14,257.0000000000,572.0000000000,706,2018-01-26
actual_pre2026,vo_tqqq_price_sma_100_bear_step_down,2010-02-11,2025-12-31,100000.0000000000,4664370.1902828868,45.6437019028,0.2736567993,254,15.9895889349,145892.9397710096,-0.4200364424,2015-07-20,2016-06-27,343,2017-02-17,235.0000000000,578.0000000000,578,2015-07-20
actual_pre2026,vo_tqqq_price_sma_100_bull_step_up,2010-02-11,2025-12-31,100000.0000000000,16986722.0523983203,168.8672205240,0.3816178481,135,8.4984035677,283951.4753679235,-0.6030887258,2021-11-19,2022-09-30,315,2023-07-18,291.0000000000,606.0000000000,606,2021-11-19
actual_pre2026,vo_tqqq_price_sma_100_cut_confirm,2010-02-11,2025-12-31,100000.0000000000,21273302.2933567539,211.7330229336,0.4013281805,73,4.5954330403,168996.8131875800,-0.4903894288,2021-11-19,2022-09-30,315,2023-06-13,256.0000000000,571.0000000000,571,2021-11-19
actual_pre2026,vo_tqqq_price_sma_100_raise_confirm,2010-02-11,2025-12-31,100000.0000000000,15363675.7693186477,152.6367576932,0.3729109089,69,4.3436284902,153497.9861736815,-0.4944911712,2015-07-20,2016-06-27,343,2017-02-17,235.0000000000,578.0000000000,578,2015-07-20
actual_pre2026,vo_tqqq_price_sma_100_both_confirm,2010-02-11,2025-12-31,100000.0000000000,12618037.5751057751,125.1803757511,0.3560004223,51,3.2105080145,81573.3237723561,-0.4944918873,2015-07-20,2016-06-27,343,2017-02-17,235.0000000000,578.0000000000,578,2015-07-20
actual_pre2026,vo_tqqq_price_sma_150_trend_cap,2010-02-11,2025-12-31,100000.0000000000,4129377.7043823432,40.2937770438,0.2639263682,179,11.2682536194,76420.2467534404,-0.4935380572,2012-04-03,2013-04-18,380,2013-12-09,235.0000000000,615.0000000000,754,2018-01-26
actual_pre2026,vo_tqqq_price_sma_150_trend_floor,2010-02-11,2025-12-31,100000.0000000000,15260378.9187503681,151.6037891875,0.3723279878,106,6.6728205791,155400.1258552222,-0.5523717998,2020-02-19,2020-05-19,90,2020-09-02,106.0000000000,196.0000000000,624,2018-03-12
actual_pre2026,vo_tqqq_price_sma_150_blend,2010-02-11,2025-12-31,100000.0000000000,8765665.2559900228,86.6566525599,0.3252582556,223,14.0381036711,120015.2205982671,-0.4407208386,2020-02-19,2020-05-19,90,2020-08-31,104.0000000000,194.0000000000,713,2018-01-26
actual_pre2026,vo_tqqq_price_sma_150_bear_step_down,2010-02-11,2025-12-31,100000.0000000000,9083205.0952263996,89.8320509523,0.3282302906,183,11.5200581696,133887.7612618326,-0.4202744625,2015-07-20,2016-06-27,343,2017-02-10,228.0000000000,571.0000000000,713,2018-01-26
actual_pre2026,vo_tqqq_price_sma_150_bull_step_up,2010-02-11,2025-12-31,100000.0000000000,17646138.7500278465,175.4613875003,0.3849342434,113,7.1134785419,185210.5005202004,-0.5187240637,2021-11-19,2022-09-30,315,2023-06-15,258.0000000000,573.0000000000,624,2018-03-12
actual_pre2026,vo_tqqq_price_sma_150_cut_confirm,2010-02-11,2025-12-31,100000.0000000000,20841109.2627776861,207.4110926278,0.3995186947,61,3.8400193899,139363.9385170132,-0.5136291367,2021-11-19,2022-09-30,315,2023-06-15,258.0000000000,573.0000000000,573,2021-11-19
actual_pre2026,vo_tqqq_price_sma_150_raise_confirm,2010-02-11,2025-12-31,100000.0000000000,17016612.6267314330,169.1661262673,0.3817707661,70,4.4065796277,158839.6329136044,-0.4944916743,2015-07-20,2016-06-27,343,2017-02-17,235.0000000000,578.0000000000,578,2015-07-20
actual_pre2026,vo_tqqq_price_sma_150_both_confirm,2010-02-11,2025-12-31,100000.0000000000,14536341.4416569769,144.3634144166,0.3681351768,40,2.5180455016,66406.1484971332,-0.4991048112,2024-07-10,2025-06-05,330,,,,578,2015-07-20
actual_pre2026,vo_tqqq_price_sma_200_trend_cap,2010-02-11,2025-12-31,100000.0000000000,9050650.8105927967,89.5065081059,0.3279301144,137,8.6243058428,131036.6875789526,-0.4219590106,2015-07-20,2016-06-27,343,2017-04-24,301.0000000000,644.0000000000,644,2015-07-20
actual_pre2026,vo_tqqq_price_sma_200_trend_floor,2010-02-11,2025-12-31,100000.0000000000,25390552.5994636379,252.9055259946,0.4170228304,79,4.9731398656,219460.3613265462,-0.5203416642,2021-11-19,2022-09-30,315,2023-06-15,258.0000000000,573.0000000000,573,2021-11-19
actual_pre2026,vo_tqqq_price_sma_200_blend,2010-02-11,2025-12-31,100000.0000000000,16489440.0999188870,163.8944009992,0.3790360968,179,11.2682536194,189019.2678608076,-0.4466515043,2010-04-23,2010-08-31,130,2011-01-05,127.0000000000,257.0000000000,569,2015-07-20
actual_pre2026,vo_tqqq_price_sma_200_bear_step_down,2010-02-11,2025-12-31,100000.0000000000,15950077.6458806936,158.5007764588,0.3761520585,144,9.0649638056,192911.1593018928,-0.4157399817,2015-07-20,2016-06-27,343,2017-02-13,231.0000000000,574.0000000000,574,2015-07-20
actual_pre2026,vo_tqqq_price_sma_200_bull_step_up,2010-02-11,2025-12-31,100000.0000000000,26969692.2903254516,268.6969229033,0.4224152797,87,5.4767489659,227894.8123016079,-0.5203412496,2021-11-19,2022-09-30,315,2023-06-15,258.0000000000,573.0000000000,573,2021-11-19
actual_pre2026,vo_tqqq_price_sma_200_cut_confirm,2010-02-11,2025-12-31,100000.0000000000,23467502.1252668351,233.6750212527,0.4100145225,54,3.3993614271,138642.0096996013,-0.5203418453,2021-11-19,2022-09-30,315,2023-06-15,258.0000000000,573.0000000000,573,2021-11-19
actual_pre2026,vo_tqqq_price_sma_200_raise_confirm,2010-02-11,2025-12-31,100000.0000000000,18215428.6283951551,181.1542862840,0.3877052498,73,4.5954330403,167147.1716971649,-0.4538741467,2024-12-16,2025-06-05,171,,,,555,2015-07-20
actual_pre2026,vo_tqqq_price_sma_200_both_confirm,2010-02-11,2025-12-31,100000.0000000000,16492809.8349683583,163.9280983497,0.3790538357,36,2.2662409514,64006.9527875293,-0.4813645412,2020-02-19,2020-03-09,19,2020-08-26,170.0000000000,189.0000000000,570,2021-11-19
actual_pre2026,vo_tqqq_price_sma_250_trend_cap,2010-02-11,2025-12-31,100000.0000000000,9478169.6113980077,93.7816961140,0.3317940012,127,7.9947944674,112665.5890879486,-0.5375832541,2015-07-20,2016-06-13,329,2017-07-24,406.0000000000,735.0000000000,735,2015-07-20
actual_pre2026,vo_tqqq_price_sma_250_trend_floor,2010-02-11,2025-12-31,100000.0000000000,16043247.3491563313,159.4324734916,0.3766567153,76,4.7842864529,130042.6121465621,-0.6188960179,2020-02-19,2020-05-14,85,2020-12-31,231.0000000000,316.0000000000,601,2021-11-19
actual_pre2026,vo_tqqq_price_sma_250_blend,2010-02-11,2025-12-31,100000.0000000000,13535646.9566169307,134.3564695662,0.3620060253,173,10.8905467942,136988.1674560595,-0.4657146702,2020-02-19,2020-05-14,85,2020-08-31,109.0000000000,194.0000000000,590,2015-07-20
actual_pre2026,vo_tqqq_price_sma_250_bear_step_down,2010-02-11,2025-12-31,100000.0000000000,15017152.6318130083,149.1715263181,0.3709406850,135,8.4984035677,156477.4092765368,-0.4747461176,2015-07-20,2016-06-27,343,2017-04-24,301.0000000000,644.0000000000,644,2015-07-20
actual_pre2026,vo_tqqq_price_sma_250_bull_step_up,2010-02-11,2025-12-31,100000.0000000000,20251071.1143225692,201.5107111432,0.3969907329,85,5.3508466908,149075.9170073141,-0.5566788117,2021-11-19,2022-09-30,315,2023-07-13,286.0000000000,601.0000000000,601,2021-11-19
actual_pre2026,vo_tqqq_price_sma_250_cut_confirm,2010-02-11,2025-12-31,100000.0000000000,23401008.6167364977,233.0100861674,0.4097626871,49,3.0846057394,111273.5038199027,-0.5464913465,2021-11-19,2022-09-30,315,2023-07-13,286.0000000000,601.0000000000,601,2021-11-19
actual_pre2026,vo_tqqq_price_sma_250_raise_confirm,2010-02-11,2025-12-31,100000.0000000000,18757744.3720755577,186.5774437208,0.3902704930,73,4.5954330403,174095.9239307922,-0.4549271813,2024-12-16,2025-05-30,165,,,,555,2015-07-20
actual_pre2026,vo_tqqq_price_sma_250_both_confirm,2010-02-11,2025-12-31,100000.0000000000,16935700.2669835500,168.3570026698,0.3813562410,31,1.9514852637,50251.4114588847,-0.4813649181,2020-02-19,2020-03-09,19,2020-08-26,170.0000000000,189.0000000000,573,2021-11-19
actual_pre2026,vo_tqqq_cross_5_20_trend_cap,2010-02-11,2025-12-31,100000.0000000000,3000008.2380498932,29.0000823805,0.2387581886,240,15.1082730093,158314.6123942625,-0.4928379111,2014-11-28,2016-12-01,734,2019-12-19,1113.0000000000,1847.0000000000,1847,2014-11-28
actual_pre2026,vo_tqqq_cross_5_20_trend_floor,2010-02-11,2025-12-31,100000.0000000000,46331759.7468581647,462.3175974686,0.4717027545,119,7.4911853671,620481.2908871339,-0.6749320363,2021-11-19,2022-12-28,404,2024-01-22,390.0000000000,794.0000000000,794,2021-11-19
actual_pre2026,vo_tqqq_cross_5_20_blend,2010-02-11,2025-12-31,100000.0000000000,13899039.2749178745,137.9903927492,0.3642794259,314,19.7666571872,385759.1259488035,-0.4489570555,2021-11-19,2022-12-28,404,2023-06-12,166.0000000000,570.0000000000,715,2015-03-02
actual_pre2026,vo_tqqq_cross_5_20_bear_step_down,2010-02-11,2025-12-31,100000.0000000000,11113574.8082798086,110.1357480828,0.3452060830,269,16.9338559979,317307.7477527838,-0.3396150680,2015-03-02,2016-06-27,483,2017-02-15,233.0000000000,716.0000000000,716,2015-03-02
actual_pre2026,vo_tqqq_cross_5_20_bull_step_up,2010-02-11,2025-12-31,100000.0000000000,44947116.4995196611,448.4711649952,0.4688944777,128,8.0577456050,562744.5353212904,-0.5837540182,2021-11-19,2022-12-28,404,2023-07-13,197.0000000000,601.0000000000,601,2021-11-19
actual_pre2026,vo_tqqq_cross_5_20_cut_confirm,2010-02-11,2025-12-31,100000.0000000000,25564724.1860290691,254.6472418603,0.4176327796,83,5.2249444157,265566.0003159454,-0.4764585542,2021-11-19,2022-12-28,404,2023-06-13,167.0000000000,571.0000000000,571,2021-11-19
actual_pre2026,vo_tqqq_cross_5_20_raise_confirm,2010-02-11,2025-12-31,100000.0000000000,23503161.3109951988,234.0316131100,0.4101493016,71,4.4695307653,200149.5438895069,-0.4514843454,2024-12-16,2025-04-07,112,,,,553,2021-11-19
actual_pre2026,vo_tqqq_cross_5_20_both_confirm,2010-02-11,2025-12-31,100000.0000000000,23188928.7802437693,230.8892878024,0.4089549586,63,3.9659216649,181667.6672070738,-0.4514846462,2024-12-16,2025-04-07,112,,,,570,2021-11-19
actual_pre2026,vo_tqqq_cross_10_50_trend_cap,2010-02-11,2025-12-31,100000.0000000000,2031006.0675897640,19.3100606759,0.2087094260,131,8.2465990176,52348.0757675220,-0.5371113020,2011-02-16,2012-01-13,331,2013-05-06,479.0000000000,810.0000000000,900,2014-11-28
actual_pre2026,vo_tqqq_cross_10_50_trend_floor,2010-02-11,2025-12-31,100000.0000000000,15735086.5472565815,156.3508654726,0.3749769291,88,5.5397001034,216923.5447445746,-0.6626361501,2021-11-19,2022-12-28,404,2024-01-23,391.0000000000,795.0000000000,795,2021-11-19
actual_pre2026,vo_tqqq_cross_10_50_blend,2010-02-11,2025-12-31,100000.0000000000,6461948.1704935506,63.6194817049,0.3000631241,191,12.0236672699,117191.8633745649,-0.4758373112,2011-02-16,2011-11-25,282,2012-09-14,294.0000000000,576.0000000000,623,2015-05-27
actual_pre2026,vo_tqqq_cross_10_50_bear_step_down,2010-02-11,2025-12-31,100000.0000000000,6532995.9733267128,64.3299597333,0.3009583405,154,9.6944751810,113666.8736775387,-0.4573556422,2011-02-16,2012-01-13,331,2013-04-30,473.0000000000,804.0000000000,804,2011-02-16
actual_pre2026,vo_tqqq_cross_10_50_bull_step_up,2010-02-11,2025-12-31,100000.0000000000,17908851.6160345003,178.0885161603,0.3862232450,93,5.8544557911,216439.7251533617,-0.6023875950,2021-11-19,2022-12-28,404,2023-12-12,349.0000000000,753.0000000000,753,2021-11-19
actual_pre2026,vo_tqqq_cross_10_50_cut_confirm,2010-02-11,2025-12-31,100000.0000000000,24408833.2326250225,243.0883323263,0.4135097252,79,4.9731398656,248927.1825342802,-0.4575467756,2021-11-19,2022-09-30,315,2023-06-02,245.0000000000,560.0000000000,560,2021-11-19
actual_pre2026,vo_tqqq_cross_10_50_raise_confirm,2010-02-11,2025-12-31,100000.0000000000,19277065.1862546764,191.7706518625,0.3926626392,68,4.2806773526,166210.5942125183,-0.4514844516,2024-12-16,2025-04-07,112,,,,570,2021-11-19
actual_pre2026,vo_tqqq_cross_10_50_both_confirm,2010-02-11,2025-12-31,100000.0000000000,18192244.6703192890,180.9224467032,0.3875939977,56,3.5252637022,139002.8695159649,-0.4522781701,2011-07-22,2011-11-25,126,2012-09-06,286.0000000000,412.0000000000,570,2021-11-19
actual_pre2026,vo_tqqq_cross_20_50_trend_cap,2010-02-11,2025-12-31,100000.0000000000,971765.4088934369,8.7176540889,0.1538998470,121,7.6170876422,31713.3831653483,-0.5261846917,2011-02-16,2011-11-25,282,2013-04-30,522.0000000000,804.0000000000,988,2014-09-18
actual_pre2026,vo_tqqq_cross_20_50_trend_floor,2010-02-11,2025-12-31,100000.0000000000,13500917.0679527726,134.0091706795,0.3617857684,68,4.2806773526,157899.1046095165,-0.7277242949,2021-11-19,2022-12-28,404,2024-06-13,533.0000000000,937.0000000000,937,2021-11-19
actual_pre2026,vo_tqqq_cross_20_50_blend,2010-02-11,2025-12-31,100000.0000000000,4274979.2231454253,41.7497922315,0.2666865265,168,10.5757911065,82933.8976734457,-0.5623799636,2021-11-19,2023-03-10,476,2024-01-19,315.0000000000,791.0000000000,791,2021-11-19
actual_pre2026,vo_tqqq_cross_20_50_bear_step_down,2010-02-11,2025-12-31,100000.0000000000,4503262.3072190713,44.0326230722,0.2708415951,141,8.8761103930,86752.7643682773,-0.4351427533,2011-02-16,2011-11-25,282,2012-08-17,266.0000000000,548.0000000000,710,2015-03-02
actual_pre2026,vo_tqqq_cross_20_50_bull_step_up,2010-02-11,2025-12-31,100000.0000000000,16281222.8154492341,161.8122281545,0.3779333574,83,5.2249444157,179632.0577233307,-0.6634971791,2021-11-19,2022-12-28,404,2024-02-08,407.0000000000,811.0000000000,811,2021-11-19
actual_pre2026,vo_tqqq_cross_20_50_cut_confirm,2010-02-11,2025-12-31,100000.0000000000,22641443.4125931934,225.4144341259,0.4068373587,64,4.0288728025,164792.5166190418,-0.4813651145,2020-02-19,2020-03-09,19,2020-08-26,170.0000000000,189.0000000000,570,2021-11-19
actual_pre2026,vo_tqqq_cross_20_50_raise_confirm,2010-02-11,2025-12-31,100000.0000000000,19665546.5522528216,195.6554655225,0.3944129364,78,4.9101887280,198789.1721941892,-0.4794339720,2015-07-20,2016-06-27,343,2017-02-13,231.0000000000,574.0000000000,574,2015-07-20
actual_pre2026,vo_tqqq_cross_20_50_both_confirm,2010-02-11,2025-12-31,100000.0000000000,16382592.3749811165,162.8259237498,0.3784718611,53,3.3364102896,110206.5086268054,-0.4813648274,2020-02-19,2020-03-09,19,2020-08-26,170.0000000000,189.0000000000,574,2015-07-20
actual_pre2026,vo_tqqq_cross_20_100_trend_cap,2010-02-11,2025-12-31,100000.0000000000,2988649.4965546513,28.8864949655,0.2384624081,103,6.4839671665,54380.0503380983,-0.5798195694,2015-07-20,2016-06-27,343,2017-05-25,332.0000000000,675.0000000000,875,2011-04-27
actual_pre2026,vo_tqqq_cross_20_100_trend_floor,2010-02-11,2025-12-31,100000.0000000000,10194541.1480117925,100.9454114801,0.3379165631,71,4.4695307653,86852.0763821067,-0.6844820342,2020-02-19,2020-03-16,26,2021-07-23,494.0000000000,520.0000000000,759,2021-11-19
actual_pre2026,vo_tqqq_cross_20_100_blend,2010-02-11,2025-12-31,100000.0000000000,6410197.0861329725,63.1019708613,0.2994052254,146,9.1908660807,83176.8558954977,-0.5016587347,2015-07-20,2016-06-27,343,2017-03-01,247.0000000000,590.0000000000,601,2021-11-19
actual_pre2026,vo_tqqq_cross_20_100_bear_step_down,2010-02-11,2025-12-31,100000.0000000000,7676599.4009742569,75.7659940097,0.3142365022,119,7.4911853671,108634.8173460278,-0.5206201145,2015-07-20,2016-06-27,343,2017-03-30,276.0000000000,619.0000000000,748,2011-04-27
actual_pre2026,vo_tqqq_cross_20_100_bull_step_up,2010-02-11,2025-12-31,100000.0000000000,14844087.8108760081,147.4408781088,0.3699406859,78,4.9101887280,129650.7360645547,-0.6263310110,2021-11-19,2022-09-30,315,2023-12-18,444.0000000000,759.0000000000,759,2021-11-19
actual_pre2026,vo_tqqq_cross_20_100_cut_confirm,2010-02-11,2025-12-31,100000.0000000000,10711695.0034897961,106.1169500349,0.3420907485,63,3.9659216649,77722.5222548232,-0.6844817628,2020-02-19,2020-03-16,26,2021-08-27,529.0000000000,555.0000000000,606,2021-11-19
actual_pre2026,vo_tqqq_cross_20_100_raise_confirm,2010-02-11,2025-12-31,100000.0000000000,12270445.7167701982,121.7044571677,0.3536180424,71,4.4695307653,129618.0926760290,-0.5061098500,2015-07-20,2016-06-27,343,2017-02-21,239.0000000000,582.0000000000,582,2015-07-20
actual_pre2026,vo_tqqq_cross_20_100_both_confirm,2010-02-11,2025-12-31,100000.0000000000,5072783.7398738246,49.7278373987,0.2804045165,43,2.7068989142,32420.8824846300,-0.6904047401,2020-02-19,2020-06-11,113,2021-09-03,449.0000000000,562.0000000000,759,2021-11-19
actual_pre2026,vo_tqqq_cross_20_200_trend_cap,2010-02-11,2025-12-31,100000.0000000000,6937200.5117151374,68.3720051172,0.3058841262,80,5.0360910031,59828.3707648491,-0.5504076016,2015-07-20,2016-11-04,473,2017-10-27,357.0000000000,830.0000000000,830,2015-07-20
actual_pre2026,vo_tqqq_cross_20_200_trend_floor,2010-02-11,2025-12-31,100000.0000000000,18781384.3168057092,186.8138431681,0.3903807262,42,2.6439477766,86664.7531438486,-0.6844822089,2020-02-19,2020-03-16,26,2021-02-12,333.0000000000,359.0000000000,601,2021-11-19
actual_pre2026,vo_tqqq_cross_20_200_blend,2010-02-11,2025-12-31,100000.0000000000,13186277.7682505976,130.8627776825,0.3597657737,114,7.1764296794,87563.5174115261,-0.4834173314,2020-02-19,2020-03-16,26,2020-09-01,169.0000000000,195.0000000000,644,2015-07-20
actual_pre2026,vo_tqqq_cross_20_200_bear_step_down,2010-02-11,2025-12-31,100000.0000000000,15319130.4635879919,152.1913046359,0.3726599842,86,5.4137978283,125929.9770404705,-0.4817229915,2015-07-20,2016-06-27,343,2017-04-25,302.0000000000,645.0000000000,645,2015-07-20
actual_pre2026,vo_tqqq_cross_20_200_bull_step_up,2010-02-11,2025-12-31,100000.0000000000,26178165.5128043741,260.7816551280,0.4197504785,51,3.2105080145,132785.3736020633,-0.5395077315,2021-11-19,2022-09-30,315,2023-07-13,286.0000000000,601.0000000000,601,2021-11-19
actual_pre2026,vo_tqqq_cross_20_200_cut_confirm,2010-02-11,2025-12-31,100000.0000000000,17243212.8507070132,171.4321285071,0.3829219161,42,2.6439477766,81173.7352856165,-0.6844822089,2020-02-19,2020-03-16,26,2021-06-24,465.0000000000,491.0000000000,601,2021-11-19
actual_pre2026,vo_tqqq_cross_20_200_raise_confirm,2010-02-11,2025-12-31,100000.0000000000,11150508.2568535581,110.5050825685,0.3454870680,72,4.5324819028,108652.7622844323,-0.5138784866,2015-07-20,2016-06-27,343,2017-03-01,247.0000000000,590.0000000000,590,2015-07-20
actual_pre2026,vo_tqqq_cross_20_200_both_confirm,2010-02-11,2025-12-31,100000.0000000000,7418195.5422945442,73.1819554229,0.3114067179,23,1.4478761634,23081.9170373528,-0.6844809283,2020-02-19,2020-03-16,26,2021-06-24,465.0000000000,491.0000000000,590,2015-07-20
actual_pre2026,vo_tqqq_cross_50_100_trend_cap,2010-02-11,2025-12-31,100000.0000000000,3135248.0439609443,30.3524804396,0.2422014119,85,5.3508466908,52172.7024713159,-0.5502239676,2015-07-20,2016-06-27,343,2017-04-28,305.0000000000,648.0000000000,720,2018-01-26
actual_pre2026,vo_tqqq_cross_50_100_trend_floor,2010-02-11,2025-12-31,100000.0000000000,11501888.3060482517,114.0188830605,0.3481175484,54,3.3993614271,82404.1307571310,-0.6992203003,2020-02-19,2020-03-20,30,2021-06-28,465.0000000000,495.0000000000,805,2021-11-19
actual_pre2026,vo_tqqq_cross_50_100_blend,2010-02-11,2025-12-31,100000.0000000000,6963133.3047264963,68.6313330473,0.3061908968,125,7.8688921923,79063.9257577684,-0.5151135624,2021-11-19,2022-12-28,404,2023-07-18,202.0000000000,606.0000000000,606,2021-11-19
actual_pre2026,vo_tqqq_cross_50_100_bear_step_down,2010-02-11,2025-12-31,100000.0000000000,8651474.0981227513,85.5147409812,0.3241647607,101,6.3580648914,110665.9239796140,-0.5062001609,2015-07-20,2016-06-27,343,2017-03-01,247.0000000000,590.0000000000,590,2015-07-20
actual_pre2026,vo_tqqq_cross_50_100_bull_step_up,2010-02-11,2025-12-31,100000.0000000000,16773674.6765364558,166.7367467654,0.3805205531,65,4.0918239400,128542.3089363896,-0.6387310401,2021-11-19,2022-12-28,404,2024-01-19,387.0000000000,791.0000000000,791,2021-11-19
actual_pre2026,vo_tqqq_cross_50_100_cut_confirm,2010-02-11,2025-12-31,100000.0000000000,11280099.6831427030,111.8009968314,0.3464661321,52,3.2734591520,73082.2433144605,-0.6992203624,2020-02-19,2020-03-20,30,2021-08-25,523.0000000000,553.0000000000,754,2021-11-19
actual_pre2026,vo_tqqq_cross_50_100_raise_confirm,2010-02-11,2025-12-31,100000.0000000000,11434063.4423915520,113.3406344239,0.3476157215,72,4.5324819028,132112.6270484448,-0.4981640336,2015-07-20,2016-02-09,204,2017-02-15,372.0000000000,576.0000000000,576,2015-07-20
actual_pre2026,vo_tqqq_cross_50_100_both_confirm,2010-02-11,2025-12-31,100000.0000000000,4984471.6591143385,48.8447165911,0.2789897247,33,2.0773875388,30245.7006201248,-0.6992202233,2020-02-19,2020-03-20,30,2021-10-29,588.0000000000,618.0000000000,644,2015-07-20
actual_pre2026,vo_tqqq_cross_50_150_trend_cap,2010-02-11,2025-12-31,100000.0000000000,6464750.1129147373,63.6475011291,0.3000986034,73,4.5954330403,63902.6754939091,-0.4673220152,2015-07-20,2016-01-27,191,2017-05-01,460.0000000000,651.0000000000,651,2015-07-20
actual_pre2026,vo_tqqq_cross_50_150_trend_floor,2010-02-11,2025-12-31,100000.0000000000,17810391.9622207358,177.1039196222,0.3857422411,48,3.0216546019,87936.8445045476,-0.6992201309,2020-02-19,2020-03-20,30,2021-01-08,294.0000000000,324.0000000000,605,2021-11-19
actual_pre2026,vo_tqqq_cross_50_150_blend,2010-02-11,2025-12-31,100000.0000000000,12096335.7807862777,119.9633578079,0.3524008279,112,7.0505274043,89412.4096566135,-0.4909417761,2020-02-19,2020-03-20,30,2020-09-01,165.0000000000,195.0000000000,574,2015-07-20
actual_pre2026,vo_tqqq_cross_50_150_bear_step_down,2010-02-11,2025-12-31,100000.0000000000,13549541.6235042252,134.4954162350,0.3620939970,87,5.4767489659,124419.8447934243,-0.4204063359,2015-07-20,2016-06-27,343,2017-02-15,233.0000000000,576.0000000000,576,2015-07-20
actual_pre2026,vo_tqqq_cross_50_150_bull_step_up,2010-02-11,2025-12-31,100000.0000000000,22161042.7381299958,220.6104273813,0.4049393313,58,3.6511659772,123029.9223188030,-0.5764431129,2021-11-19,2022-09-30,315,2023-07-17,290.0000000000,605.0000000000,605,2021-11-19
actual_pre2026,vo_tqqq_cross_50_150_cut_confirm,2010-02-11,2025-12-31,100000.0000000000,14354553.8020287901,142.5455380203,0.3670517498,48,3.0216546019,75640.2832661503,-0.6992201309,2020-02-19,2020-03-20,30,2021-04-16,392.0000000000,422.0000000000,753,2021-11-19
actual_pre2026,vo_tqqq_cross_50_150_raise_confirm,2010-02-11,2025-12-31,100000.0000000000,8352000.6552942004,82.5200065529,0.3212314392,67,4.2177262151,88792.7447237319,-0.4994235414,2015-07-20,2016-02-09,204,2017-03-30,415.0000000000,619.0000000000,651,2011-07-22
actual_pre2026,vo_tqqq_cross_50_150_both_confirm,2010-02-11,2025-12-31,100000.0000000000,4757619.6922493745,46.5761969225,0.2752448877,24,1.5108273009,18332.6957921143,-0.6992201005,2020-02-19,2020-03-20,30,2021-06-28,465.0000000000,495.0000000000,654,2011-07-22
actual_pre2026,vo_tqqq_cross_50_200_trend_cap,2010-02-11,2025-12-31,100000.0000000000,4981216.7947369777,48.8121679474,0.2789371330,74,4.6583841779,52196.3201773470,-0.4830377789,2015-07-20,2016-11-04,473,2017-06-02,210.0000000000,683.0000000000,683,2015-07-20
actual_pre2026,vo_tqqq_cross_50_200_trend_floor,2010-02-11,2025-12-31,100000.0000000000,12171257.4861471821,120.7125748615,0.3529266099,40,2.5180455016,66855.3628467332,-0.6992200939,2020-02-19,2020-03-20,30,2020-08-26,159.0000000000,189.0000000000,760,2021-11-19
actual_pre2026,vo_tqqq_cross_50_200_blend,2010-02-11,2025-12-31,100000.0000000000,8810795.3147183917,87.1079531472,0.3256867446,109,6.8616739917,70417.3413760430,-0.4909415371,2020-02-19,2020-03-20,30,2020-08-26,159.0000000000,189.0000000000,645,2015-07-20
actual_pre2026,vo_tqqq_cross_50_200_bear_step_down,2010-02-11,2025-12-31,100000.0000000000,11170163.5963215716,110.7016359632,0.3456362480,83,5.2249444157,109105.9768928672,-0.4339317857,2015-07-20,2016-06-27,343,2017-03-29,275.0000000000,618.0000000000,618,2015-07-20
actual_pre2026,vo_tqqq_cross_50_200_bull_step_up,2010-02-11,2025-12-31,100000.0000000000,16870038.5753411800,167.7003857534,0.3810184809,53,3.3364102896,104948.0691611987,-0.5876946918,2021-11-19,2022-09-30,315,2023-12-13,439.0000000000,754.0000000000,754,2021-11-19
actual_pre2026,vo_tqqq_cross_50_200_cut_confirm,2010-02-11,2025-12-31,100000.0000000000,10153235.0070083011,100.5323500701,0.3375746582,40,2.5180455016,58299.9969481570,-0.6992200939,2020-02-19,2020-03-20,30,2021-01-08,294.0000000000,324.0000000000,760,2021-11-19
actual_pre2026,vo_tqqq_cross_50_200_raise_confirm,2010-02-11,2025-12-31,100000.0000000000,7141421.7880879156,70.4142178809,0.3082714217,70,4.4065796277,78094.1384770880,-0.4994230686,2015-07-20,2016-02-09,204,2017-04-25,441.0000000000,645.0000000000,651,2011-07-22
actual_pre2026,vo_tqqq_cross_50_200_both_confirm,2010-02-11,2025-12-31,100000.0000000000,2850052.3954772293,27.5005239548,0.2347659405,19,1.1960716132,12328.6188774466,-0.6992181126,2020-02-19,2020-03-20,30,2021-01-21,307.0000000000,337.0000000000,753,2021-11-19
actual_pre2026,vo_tqqq_cross_100_200_trend_cap,2010-02-11,2025-12-31,100000.0000000000,5281124.3206817918,51.8112432068,0.2836528400,78,4.9101887280,71901.5519963635,-0.4624425782,2024-12-16,2025-09-05,263,,,,1109,2010-04-23
actual_pre2026,vo_tqqq_cross_100_200_trend_floor,2010-02-11,2025-12-31,100000.0000000000,30334766.0667007118,302.3476606670,0.4329828317,33,2.0773875388,116005.9382874289,-0.6992203461,2020-02-19,2020-03-20,30,2020-08-17,150.0000000000,180.0000000000,573,2021-11-19
actual_pre2026,vo_tqqq_cross_100_200_blend,2010-02-11,2025-12-31,100000.0000000000,14727718.1443210337,146.2771814432,0.3692621201,107,6.7357717166,108571.6660865963,-0.5126526774,2024-12-16,2025-04-08,113,,,,572,2021-11-19
actual_pre2026,vo_tqqq_cross_100_200_bear_step_down,2010-02-11,2025-12-31,100000.0000000000,10389421.4670071099,102.8942146701,0.3395123447,87,5.4767489659,122870.2160493147,-0.4551058677,2024-12-16,2025-06-05,171,,,,570,2021-11-19
actual_pre2026,vo_tqqq_cross_100_200_bull_step_up,2010-02-11,2025-12-31,100000.0000000000,23788499.4259191379,236.8849942592,0.4112209298,51,3.2105080145,129161.8630588911,-0.5921944225,2024-12-16,2025-04-08,113,,,,601,2021-11-19
actual_pre2026,vo_tqqq_cross_100_200_cut_confirm,2010-02-11,2025-12-31,100000.0000000000,27393897.8858355209,272.9389788584,0.4238134189,33,2.0773875388,106011.7134218266,-0.6992205080,2020-02-19,2020-03-20,30,2020-08-20,153.0000000000,183.0000000000,573,2021-11-19
actual_pre2026,vo_tqqq_cross_100_200_raise_confirm,2010-02-11,2025-12-31,100000.0000000000,8926696.6078782212,88.2669660788,0.3267778216,72,4.5324819028,113887.7716684803,-0.4624428196,2024-12-16,2025-09-05,263,,,,658,2011-07-22
actual_pre2026,vo_tqqq_cross_100_200_both_confirm,2010-02-11,2025-12-31,100000.0000000000,9434745.9301600028,93.3474593016,0.3314090756,14,0.8813159255,31157.2172447984,-0.7060854689,2018-08-29,2020-03-20,569,2020-08-24,157.0000000000,726.0000000000,726,2018-08-29
actual_pre2026,vo_tqqq_cross_100_250_trend_cap,2010-02-11,2025-12-31,100000.0000000000,6134476.1487839799,60.3447614878,0.2958138759,78,4.9101887280,79381.0812898315,-0.4494809820,2024-12-16,2025-04-07,112,,,,742,2011-07-22
actual_pre2026,vo_tqqq_cross_100_250_trend_floor,2010-02-11,2025-12-31,100000.0000000000,33769710.4341912568,336.6971043419,0.4426921614,33,2.0773875388,130559.1212297973,-0.6992204450,2020-02-19,2020-03-20,30,2020-07-10,112.0000000000,142.0000000000,759,2021-11-19
actual_pre2026,vo_tqqq_cross_100_250_blend,2010-02-11,2025-12-31,100000.0000000000,16661053.7811929528,165.6105378119,0.3799352145,107,6.7357717166,122363.9203094487,-0.5126530517,2024-12-16,2025-04-08,113,,,,753,2021-11-19
actual_pre2026,vo_tqqq_cross_100_250_bear_step_down,2010-02-11,2025-12-31,100000.0000000000,11742888.4135539737,116.4288841355,0.3498785196,87,5.4767489659,133399.0736827358,-0.4551057067,2024-12-16,2025-06-05,171,,,,572,2021-11-19
actual_pre2026,vo_tqqq_cross_100_250_bull_step_up,2010-02-11,2025-12-31,100000.0000000000,26653112.0187727958,265.5311201877,0.4213583698,51,3.2105080145,146027.6709455676,-0.5921945457,2024-12-16,2025-04-08,113,,,,754,2021-11-19
actual_pre2026,vo_tqqq_cross_100_250_cut_confirm,2010-02-11,2025-12-31,100000.0000000000,29952713.0379332267,298.5271303793,0.4318399438,33,2.0773875388,117921.5482270525,-0.6992203791,2020-02-19,2020-03-20,30,2020-07-10,112.0000000000,142.0000000000,759,2021-11-19
actual_pre2026,vo_tqqq_cross_100_250_raise_confirm,2010-02-11,2025-12-31,100000.0000000000,7779859.4174231477,76.7985941742,0.3153424087,72,4.5324819028,97356.5228163001,-0.4494816230,2024-12-16,2025-04-07,112,,,,665,2011-07-22
actual_pre2026,vo_tqqq_cross_100_250_both_confirm,2010-02-11,2025-12-31,100000.0000000000,8990734.2754269242,88.9073427543,0.3273749822,14,0.8813159255,29856.3491860476,-0.6992193599,2020-02-19,2020-03-20,30,2020-07-10,112.0000000000,142.0000000000,908,2021-11-19
actual_pre2026,vo_tqqq_triple_5_20_100_trend_cap,2010-02-11,2025-12-31,100000.0000000000,3291094.1683482230,31.9109416835,0.2460007349,258,16.2413934850,104275.6186579549,-0.4511423808,2015-03-02,2016-06-27,483,2017-06-01,339.0000000000,822.0000000000,822,2015-03-02
actual_pre2026,vo_tqqq_triple_5_20_100_trend_floor,2010-02-11,2025-12-31,100000.0000000000,27965960.1939113364,278.6596019391,0.4256670915,111,6.9875762668,341368.7344373005,-0.5826947422,2021-11-19,2022-12-28,404,2023-12-13,350.0000000000,754.0000000000,754,2021-11-19
actual_pre2026,vo_tqqq_triple_5_20_100_blend,2010-02-11,2025-12-31,100000.0000000000,10085061.1234478038,99.8506112345,0.3370074986,363,22.8512629266,208302.7802784602,-0.4581797241,2021-11-19,2022-12-28,404,2023-06-14,168.0000000000,572.0000000000,710,2015-03-02
actual_pre2026,vo_tqqq_triple_5_20_100_bear_step_down,2010-02-11,2025-12-31,100000.0000000000,9599883.4734627865,94.9988347346,0.3328641815,322,20.2702662875,204660.3235486112,-0.4015026558,2015-03-02,2016-06-27,483,2017-02-13,231.0000000000,714.0000000000,714,2015-03-02
actual_pre2026,vo_tqqq_triple_5_20_100_bull_step_up,2010-02-11,2025-12-31,100000.0000000000,27030257.4369863160,269.3025743699,0.4226161521,165,10.3869376939,291364.8766132821,-0.5938382451,2021-11-19,2022-12-28,404,2023-07-18,202.0000000000,606.0000000000,606,2021-11-19
actual_pre2026,vo_tqqq_triple_5_20_100_cut_confirm,2010-02-11,2025-12-31,100000.0000000000,9841562.6066377424,97.4156260664,0.3349519982,61,3.8400193899,73984.7143340086,-0.6844823931,2020-02-19,2020-03-16,26,2021-08-27,529.0000000000,555.0000000000,756,2021-11-19
actual_pre2026,vo_tqqq_triple_5_20_100_raise_confirm,2010-02-11,2025-12-31,100000.0000000000,10877545.2607650682,107.7754526077,0.3433894605,61,3.8400193899,104171.8096391787,-0.5061097810,2015-07-20,2016-06-27,343,2017-02-21,239.0000000000,582.0000000000,582,2015-07-20
actual_pre2026,vo_tqqq_triple_5_20_100_both_confirm,2010-02-11,2025-12-31,100000.0000000000,5100470.9996377667,50.0047099964,0.2808433263,41,2.5809966391,32008.6215773396,-0.6904051841,2020-02-19,2020-06-11,113,2021-09-03,449.0000000000,562.0000000000,759,2021-11-19
actual_pre2026,vo_tqqq_triple_10_50_200_trend_cap,2010-02-11,2025-12-31,100000.0000000000,4299585.5001831539,41.9958550018,0.2671442637,127,7.9947944674,59487.1536374283,-0.4519747025,2011-02-16,2012-01-10,328,2013-05-15,491.0000000000,819.0000000000,819,2011-02-16
actual_pre2026,vo_tqqq_triple_10_50_200_trend_floor,2010-02-11,2025-12-31,100000.0000000000,13360227.2188508362,132.6022721885,0.3608880473,85,5.3508466908,167982.2697022126,-0.5818157146,2021-11-19,2022-12-28,404,2023-12-13,350.0000000000,754.0000000000,754,2021-11-19
actual_pre2026,vo_tqqq_triple_10_50_200_blend,2010-02-11,2025-12-31,100000.0000000000,7888538.9882712001,77.8853898827,0.3164916000,208,13.0938366081,103307.2345851599,-0.4515797875,2021-11-19,2022-12-28,404,2023-06-15,169.0000000000,573.0000000000,576,2015-07-20
actual_pre2026,vo_tqqq_triple_10_50_200_bear_step_down,2010-02-11,2025-12-31,100000.0000000000,8901927.9586310238,88.0192795863,0.3265457732,178,11.2053024819,120633.3470431544,-0.3774880219,2011-02-16,2012-01-13,331,2012-09-14,245.0000000000,576.0000000000,576,2011-02-16
actual_pre2026,vo_tqqq_triple_10_50_200_bull_step_up,2010-02-11,2025-12-31,100000.0000000000,17779706.1412990019,176.7970614130,0.3855918227,111,6.9875762668,168204.3308083595,-0.5899743271,2021-11-19,2022-09-30,315,2023-12-13,439.0000000000,754.0000000000,754,2021-11-19
actual_pre2026,vo_tqqq_triple_10_50_200_cut_confirm,2010-02-11,2025-12-31,100000.0000000000,12558850.2133676000,124.5885021337,0.3555991337,38,2.3921432265,66061.0215765503,-0.6992200939,2020-02-19,2020-03-20,30,2020-08-26,159.0000000000,189.0000000000,760,2021-11-19
actual_pre2026,vo_tqqq_triple_10_50_200_raise_confirm,2010-02-11,2025-12-31,100000.0000000000,5055138.2232862469,49.5513822329,0.2801236838,59,3.7141171148,50076.0167683110,-0.4994226647,2015-07-20,2016-02-09,204,2017-04-25,441.0000000000,645.0000000000,654,2011-07-22
actual_pre2026,vo_tqqq_triple_10_50_200_both_confirm,2010-02-11,2025-12-31,100000.0000000000,2850052.3954772293,27.5005239548,0.2347659405,19,1.1960716132,12328.6188774466,-0.6992181126,2020-02-19,2020-03-20,30,2021-01-21,307.0000000000,337.0000000000,753,2021-11-19
actual_pre2026,vo_tqqq_triple_20_50_200_trend_cap,2010-02-11,2025-12-31,100000.0000000000,2795516.7273560548,26.9551672736,0.2332650792,122,7.6800387797,49474.0905712418,-0.4351970506,2021-11-19,2023-03-10,476,2023-07-12,124.0000000000,600.0000000000,807,2011-02-16
actual_pre2026,vo_tqqq_triple_20_50_200_trend_floor,2010-02-11,2025-12-31,100000.0000000000,12762724.3346332386,126.6272433463,0.3569740168,67,4.2177262151,111499.7427448289,-0.5774303787,2021-11-19,2022-12-28,404,2023-12-18,355.0000000000,759.0000000000,759,2021-11-19
actual_pre2026,vo_tqqq_triple_20_50_200_blend,2010-02-11,2025-12-31,100000.0000000000,6421858.1816494213,63.2185818165,0.2995539033,185,11.6459604447,82082.5973320895,-0.4942105079,2021-11-19,2022-12-28,404,2023-07-18,202.0000000000,606.0000000000,606,2021-11-19
actual_pre2026,vo_tqqq_triple_20_50_200_bear_step_down,2010-02-11,2025-12-31,100000.0000000000,7459696.2088031722,73.5969620880,0.3118673583,160,10.0721820062,103126.9972872007,-0.4098691061,2015-07-20,2016-06-27,343,2017-02-15,233.0000000000,576.0000000000,576,2015-07-20
actual_pre2026,vo_tqqq_triple_20_50_200_bull_step_up,2010-02-11,2025-12-31,100000.0000000000,16843772.7754311189,167.4377277543,0.3808830261,100,6.2951137539,145134.4429549202,-0.6186808987,2021-11-19,2022-12-28,404,2024-01-19,387.0000000000,791.0000000000,791,2021-11-19
actual_pre2026,vo_tqqq_triple_20_50_200_cut_confirm,2010-02-11,2025-12-31,100000.0000000000,14811934.7268847805,147.1193472688,0.3697536971,34,2.1403386763,64875.6422835236,-0.6992207839,2020-02-19,2020-03-20,30,2020-08-26,159.0000000000,189.0000000000,754,2021-11-19
actual_pre2026,vo_tqqq_triple_20_50_200_raise_confirm,2010-02-11,2025-12-31,100000.0000000000,5305116.6263439069,52.0511662634,0.2840191713,65,4.0918239400,59168.6661761927,-0.4994224136,2015-07-20,2016-02-09,204,2017-04-25,441.0000000000,645.0000000000,654,2011-07-22
actual_pre2026,vo_tqqq_triple_20_50_200_both_confirm,2010-02-11,2025-12-31,100000.0000000000,3221287.8003559429,31.2128780036,0.2443202653,19,1.1960716132,13907.0669635458,-0.6992197330,2020-02-19,2020-03-20,30,2021-01-21,307.0000000000,337.0000000000,753,2021-11-19
actual_pre2026,vo_tqqq_triple_20_100_200_trend_cap,2010-02-11,2025-12-31,100000.0000000000,4234173.4084243374,41.3417340842,0.2659219681,101,6.3580648914,65019.9612117648,-0.4582596034,2024-12-16,2025-06-05,171,,,,807,2011-04-27
actual_pre2026,vo_tqqq_triple_20_100_200_trend_floor,2010-02-11,2025-12-31,100000.0000000000,20812556.5628012307,207.1255656280,0.3993979168,65,4.0918239400,130444.4107104908,-0.6844823066,2020-02-19,2020-03-16,26,2020-12-28,287.0000000000,313.0000000000,601,2021-11-19
actual_pre2026,vo_tqqq_triple_20_100_200_blend,2010-02-11,2025-12-31,100000.0000000000,10800136.4484055806,107.0013644841,0.3427856268,162,10.1980842813,104386.2475806351,-0.4871617633,2020-02-19,2020-03-20,30,2020-08-26,159.0000000000,189.0000000000,573,2021-11-19
actual_pre2026,vo_tqqq_triple_20_100_200_bear_step_down,2010-02-11,2025-12-31,100000.0000000000,9039578.0587858781,89.3957805879,0.3278277842,141,8.8761103930,117919.1116856435,-0.3963148616,2015-07-20,2016-06-27,343,2017-02-08,226.0000000000,569.0000000000,570,2021-11-19
actual_pre2026,vo_tqqq_triple_20_100_200_bull_step_up,2010-02-11,2025-12-31,100000.0000000000,20981466.5331278667,208.8146653313,0.4001101608,90,5.6656023785,142518.1098610430,-0.5890122672,2021-11-19,2022-09-30,315,2023-12-12,438.0000000000,753.0000000000,753,2021-11-19
actual_pre2026,vo_tqqq_triple_20_100_200_cut_confirm,2010-02-11,2025-12-31,100000.0000000000,32496010.6884304360,323.9601068843,0.4392046678,27,1.6996807135,114243.5725800487,-0.6992200095,2020-02-19,2020-03-20,30,2020-07-10,112.0000000000,142.0000000000,573,2021-11-19
actual_pre2026,vo_tqqq_triple_20_100_200_raise_confirm,2010-02-11,2025-12-31,100000.0000000000,5110485.3300316678,50.1048533003,0.2810014919,62,3.9029705274,63897.3874254268,-0.4624419345,2024-12-16,2025-09-05,263,,,,720,2011-07-22
actual_pre2026,vo_tqqq_triple_20_100_200_both_confirm,2010-02-11,2025-12-31,100000.0000000000,10594421.9090276491,104.9442190903,0.3411610044,12,0.7554136505,32024.6499170934,-0.7060854456,2018-08-29,2020-03-20,569,2020-07-20,122.0000000000,691.0000000000,691,2018-08-29
actual_pre2026,vo_tqqq_triple_50_100_200_trend_cap,2010-02-11,2025-12-31,100000.0000000000,4286164.3418989321,41.8616434190,0.2668949024,89,5.6026512410,64893.7632767696,-0.4538779069,2024-12-16,2025-07-01,197,,,,574,2015-07-20
actual_pre2026,vo_tqqq_triple_50_100_200_trend_floor,2010-02-11,2025-12-31,100000.0000000000,22546587.8323631659,224.4658783236,0.4064656008,53,3.3364102896,115383.7731067421,-0.6992207708,2020-02-19,2020-03-20,30,2021-01-07,293.0000000000,323.0000000000,606,2021-11-19
actual_pre2026,vo_tqqq_triple_50_100_200_blend,2010-02-11,2025-12-31,100000.0000000000,10964964.6538212597,108.6496465382,0.3440665600,141,8.8761103930,98303.2585102765,-0.4909416060,2020-02-19,2020-03-20,30,2020-08-26,159.0000000000,189.0000000000,601,2021-11-19
actual_pre2026,vo_tqqq_triple_50_100_200_bear_step_down,2010-02-11,2025-12-31,100000.0000000000,9556445.3690836783,94.5644536908,0.3324837147,122,7.6800387797,117836.4929102142,-0.3972620904,2024-12-16,2025-06-05,171,,,,570,2021-11-19
actual_pre2026,vo_tqqq_triple_50_100_200_bull_step_up,2010-02-11,2025-12-31,100000.0000000000,21755495.1064712666,216.5549510647,0.4033067875,78,4.9101887280,138489.6434130269,-0.5912373015,2021-11-19,2022-09-30,315,2023-12-13,439.0000000000,754.0000000000,754,2021-11-19
actual_pre2026,vo_tqqq_triple_50_100_200_cut_confirm,2010-02-11,2025-12-31,100000.0000000000,29864370.0549587384,297.6437005496,0.4315737273,25,1.5737784385,101139.9657058227,-0.6992206255,2020-02-19,2020-03-20,30,2020-07-10,112.0000000000,142.0000000000,601,2021-11-19
actual_pre2026,vo_tqqq_triple_50_100_200_raise_confirm,2010-02-11,2025-12-31,100000.0000000000,5763846.8808256024,56.6384688083,0.2907402426,61,3.8400193899,73537.7000834152,-0.4624421439,2024-12-16,2025-09-05,263,,,,665,2011-07-22
actual_pre2026,vo_tqqq_triple_50_100_200_both_confirm,2010-02-11,2025-12-31,100000.0000000000,10447182.6830397304,103.4718268304,0.3399799362,12,0.7554136505,31574.2265035320,-0.7060858466,2018-08-29,2020-03-20,569,2020-07-20,122.0000000000,691.0000000000,691,2018-08-29
actual_pre2026,vo_tqqq_triple_50_150_200_trend_cap,2010-02-11,2025-12-31,100000.0000000000,5107664.3604342584,50.0766436043,0.2809569671,85,5.3508466908,63415.7871321450,-0.4494805823,2024-12-16,2025-04-07,112,,,,875,2011-04-27
actual_pre2026,vo_tqqq_triple_50_150_200_trend_floor,2010-02-11,2025-12-31,100000.0000000000,28215390.2191101015,281.1539021911,0.4264642277,47,2.9587034643,98927.8152317963,-0.6992206989,2020-02-19,2020-03-20,30,2020-08-26,159.0000000000,189.0000000000,756,2021-11-19
actual_pre2026,vo_tqqq_triple_50_150_200_blend,2010-02-11,2025-12-31,100000.0000000000,13813880.1534706950,137.1388015347,0.3637517063,130,8.1836478800,97377.0796351899,-0.4909419371,2020-02-19,2020-03-20,30,2020-08-24,157.0000000000,187.0000000000,601,2021-11-19
actual_pre2026,vo_tqqq_triple_50_150_200_bear_step_down,2010-02-11,2025-12-31,100000.0000000000,11158140.8963893168,110.5814089639,0.3455450274,111,6.9875762668,117249.9278090170,-0.3998453675,2024-12-16,2025-04-07,112,,,,570,2021-11-19
actual_pre2026,vo_tqqq_triple_50_150_200_bull_step_up,2010-02-11,2025-12-31,100000.0000000000,26622799.5630883165,265.2279956309,0.4212565548,68,4.2806773526,125000.0319053267,-0.5815784536,2021-11-19,2022-09-30,315,2023-12-12,438.0000000000,753.0000000000,753,2021-11-19
actual_pre2026,vo_tqqq_triple_50_150_200_cut_confirm,2010-02-11,2025-12-31,100000.0000000000,50033190.5867436379,499.3319058674,0.4788406305,23,1.4478761634,92483.9940573297,-0.6992207433,2020-02-19,2020-03-20,30,2020-07-10,112.0000000000,142.0000000000,760,2021-11-19
actual_pre2026,vo_tqqq_triple_50_150_200_raise_confirm,2010-02-11,2025-12-31,100000.0000000000,3331396.0727784513,32.3139607278,0.2469557888,60,3.7770682523,49367.9821401200,-0.4994223602,2015-07-20,2016-02-09,204,2017-04-25,441.0000000000,645.0000000000,788,2011-07-22
actual_pre2026,vo_tqqq_triple_50_150_200_both_confirm,2010-02-11,2025-12-31,100000.0000000000,17524292.4211993888,174.2429242120,0.3843302885,9,0.5665602378,14596.8151395795,-0.6992207084,2020-02-19,2020-03-20,30,2020-07-10,112.0000000000,142.0000000000,914,2021-11-19
decade_2016_2025,vo,2016-01-04,2025-12-31,100000.0000000000,2420041.8906166693,23.2004189062,0.3756633776,67,6.7062887092,26146.4000738179,-0.4576945557,2021-11-19,2022-09-30,315,2023-06-02,245.0000000000,560.0000000000,560,2021-11-19
decade_2016_2025,tqqq_hold,2016-01-04,2025-12-31,100000.0000000000,2483454.8324673246,23.8345483247,0.3792295979,1,0.1000938613,99.8987616011,-0.8165978657,2021-11-19,2022-12-28,404,2024-12-04,707.0000000000,1111.0000000000,1111,2021-11-19
decade_2016_2025,qqq_hold,2016-01-04,2025-12-31,100000.0000000000,602511.6213117418,5.0251162131,0.1969327535,1,0.1000938613,99.8327314426,-0.3511259038,2021-12-27,2022-11-03,311,2023-12-13,405.0000000000,716.0000000000,716,2021-12-27
decade_2016_2025,standalone_qqq_price_sma_20_full_cash,2016-01-04,2025-12-31,100000.0000000000,958304.3211451223,8.5830432115,0.2538410084,251,25.1235591943,103630.9776923524,-0.5398259982,2021-11-19,2022-12-16,392,2023-12-11,360.0000000000,752.0000000000,752,2021-11-19
decade_2016_2025,standalone_qqq_price_sma_20_half_floor,2016-01-04,2025-12-31,100000.0000000000,1880385.8638920670,17.8038586389,0.3413567538,252,25.2236530556,85774.7901942851,-0.6901481342,2021-11-19,2022-12-28,404,2024-03-22,450.0000000000,854.0000000000,854,2021-11-19
decade_2016_2025,standalone_qqq_price_sma_50_full_cash,2016-01-04,2025-12-31,100000.0000000000,1291821.4009207129,11.9182140092,0.2918870548,139,13.9130467251,60963.0086575817,-0.5354286772,2020-09-02,2023-01-19,869,2023-12-26,341.0000000000,1210.0000000000,1210,2020-09-02
decade_2016_2025,standalone_qqq_price_sma_50_half_floor,2016-01-04,2025-12-31,100000.0000000000,2054441.6745451135,19.5444167455,0.3532953601,140,14.0131405865,44403.0582389399,-0.6611105184,2021-11-19,2022-12-28,404,2024-02-08,407.0000000000,811.0000000000,811,2021-11-19
decade_2016_2025,standalone_qqq_price_sma_100_full_cash,2016-01-04,2025-12-31,100000.0000000000,439023.6232710060,3.3902362327,0.1596023685,113,11.3106063305,19796.9382354712,-0.6158744095,2020-02-19,2020-04-21,62,2020-08-26,127.0000000000,189.0000000000,759,2021-11-19
decade_2016_2025,standalone_qqq_price_sma_100_half_floor,2016-01-04,2025-12-31,100000.0000000000,1127835.3690322032,10.2783536903,0.2744515687,113,11.3106063305,18929.8269940646,-0.7006900902,2021-11-19,2022-12-28,404,2024-03-01,429.0000000000,833.0000000000,833,2021-11-19
decade_2016_2025,standalone_qqq_price_sma_150_full_cash,2016-01-04,2025-12-31,100000.0000000000,3515072.3591844928,34.1507235918,0.4280339433,49,4.9045992053,35172.1337292109,-0.5872528145,2020-02-19,2020-04-21,62,2020-08-21,122.0000000000,184.0000000000,553,2021-11-19
decade_2016_2025,standalone_qqq_price_sma_150_half_floor,2016-01-04,2025-12-31,100000.0000000000,3133252.2394076241,30.3325223941,0.4116919948,49,4.9045992053,16698.8079419968,-0.6450770720,2021-11-19,2022-12-28,404,2024-01-22,390.0000000000,794.0000000000,794,2021-11-19
decade_2016_2025,standalone_qqq_price_sma_200_full_cash,2016-01-04,2025-12-31,100000.0000000000,1762307.9966956382,16.6230799670,0.3326777290,51,5.1047869279,15992.4435921178,-0.5802109755,2018-08-29,2020-04-09,589,2020-08-06,119.0000000000,708.0000000000,754,2021-11-19
decade_2016_2025,standalone_qqq_price_sma_200_half_floor,2016-01-04,2025-12-31,100000.0000000000,2332641.1532405689,22.3264115324,0.3706077443,51,5.1047869279,10938.4131709916,-0.6345284178,2020-02-19,2020-03-20,30,2020-08-03,136.0000000000,166.0000000000,811,2021-11-19
decade_2016_2025,standalone_qqq_price_sma_250_full_cash,2016-01-04,2025-12-31,100000.0000000000,1511728.4554462524,14.1172845545,0.3123754141,53,5.3049746506,20027.5133850645,-0.6826921076,2021-11-19,2023-03-09,475,2024-06-11,460.0000000000,935.0000000000,935,2021-11-19
decade_2016_2025,standalone_qqq_price_sma_250_half_floor,2016-01-04,2025-12-31,100000.0000000000,2119361.5801014416,20.1936158010,0.3575160878,53,5.3049746506,13496.3160622650,-0.7028837225,2021-11-19,2023-03-10,476,2024-06-12,460.0000000000,936.0000000000,936,2021-11-19
decade_2016_2025,standalone_qqq_cross_5_20_full_cash,2016-01-04,2025-12-31,100000.0000000000,1970096.0484270996,18.7009604843,0.3476286717,131,13.1122958345,85300.1276052963,-0.5200925446,2021-11-19,2022-07-13,236,2023-07-13,365.0000000000,601.0000000000,601,2021-11-19
decade_2016_2025,standalone_qqq_cross_5_20_half_floor,2016-01-04,2025-12-31,100000.0000000000,2678694.2238113470,25.7869422381,0.3897169064,131,13.1122958345,55136.0580146510,-0.6697660922,2021-11-19,2022-12-28,404,2024-05-15,504.0000000000,908.0000000000,908,2021-11-19
decade_2016_2025,standalone_qqq_cross_5_50_full_cash,2016-01-04,2025-12-31,100000.0000000000,1699455.0397353536,15.9945503974,0.3278421378,73,7.3068518772,40065.9867649887,-0.5147073821,2021-11-19,2023-01-19,426,2023-06-13,145.0000000000,571.0000000000,571,2021-11-19
decade_2016_2025,standalone_qqq_cross_5_50_half_floor,2016-01-04,2025-12-31,100000.0000000000,2287933.9315998764,21.8793393160,0.3679554282,73,7.3068518772,26489.8870127208,-0.6727511678,2021-11-19,2022-12-28,404,2024-02-09,408.0000000000,812.0000000000,812,2021-11-19
decade_2016_2025,standalone_qqq_cross_5_100_full_cash,2016-01-04,2025-12-31,100000.0000000000,1789947.6989940619,16.8994769899,0.3347552182,47,4.7044114826,22161.4019756942,-0.4937392741,2020-02-19,2020-04-21,62,2020-07-09,79.0000000000,141.0000000000,553,2021-11-19
decade_2016_2025,standalone_qqq_cross_5_100_half_floor,2016-01-04,2025-12-31,100000.0000000000,2306858.3058578121,22.0685830586,0.3690837853,47,4.7044114826,13558.7177444671,-0.6416777505,2021-11-19,2022-12-28,404,2024-02-07,406.0000000000,810.0000000000,810,2021-11-19
decade_2016_2025,standalone_qqq_cross_5_150_full_cash,2016-01-04,2025-12-31,100000.0000000000,2452283.5877888259,23.5228358779,0.3774869594,23,2.3021588106,13744.3213459421,-0.6233963698,2020-02-19,2020-04-21,62,2020-08-26,127.0000000000,189.0000000000,571,2021-11-19
decade_2016_2025,standalone_qqq_cross_5_150_half_floor,2016-01-04,2025-12-31,100000.0000000000,2617440.6799302814,25.1744067993,0.3865028563,23,2.3021588106,7124.7327836790,-0.6482298206,2021-11-19,2022-12-28,404,2024-02-09,408.0000000000,812.0000000000,812,2021-11-19
decade_2016_2025,standalone_qqq_cross_5_200_full_cash,2016-01-04,2025-12-31,100000.0000000000,2955828.8607645603,28.5582886076,0.4034791606,17,1.7015956426,7130.8150995713,-0.6208650030,2020-02-19,2020-03-12,22,2020-08-20,161.0000000000,183.0000000000,570,2021-11-19
decade_2016_2025,standalone_qqq_cross_5_200_half_floor,2016-01-04,2025-12-31,100000.0000000000,2991626.6568760173,28.9162665688,0.4051712972,17,1.7015956426,3818.8721131967,-0.6285813560,2020-02-19,2020-03-20,30,2020-08-05,138.0000000000,168.0000000000,791,2021-11-19
decade_2016_2025,standalone_qqq_cross_5_250_full_cash,2016-01-04,2025-12-31,100000.0000000000,1580726.0160345563,14.8072601603,0.3182512335,29,2.9027219786,11276.5264310301,-0.6208650152,2020-02-19,2020-03-12,22,2020-08-20,161.0000000000,183.0000000000,796,2021-11-19
decade_2016_2025,standalone_qqq_cross_5_250_half_floor,2016-01-04,2025-12-31,100000.0000000000,2162402.5492965546,20.6240254930,0.3602506853,29,2.9027219786,7227.6684734653,-0.6563049534,2021-11-19,2023-03-10,476,2024-05-21,438.0000000000,914.0000000000,914,2021-11-19
decade_2016_2025,standalone_qqq_cross_10_20_full_cash,2016-01-04,2025-12-31,100000.0000000000,462017.4768741859,3.6201747687,0.1655428006,112,11.2105124692,29775.9727809620,-0.7149021518,2021-11-19,2023-01-19,426,,,,1503,2021-11-19
decade_2016_2025,standalone_qqq_cross_10_20_half_floor,2016-01-04,2025-12-31,100000.0000000000,1236754.9274506397,11.3675492745,0.2862662905,113,11.3106063305,27502.0832519606,-0.7488280443,2021-11-19,2022-12-28,404,2025-09-18,995.0000000000,1399.0000000000,1399,2021-11-19
decade_2016_2025,standalone_qqq_cross_10_50_full_cash,2016-01-04,2025-12-31,100000.0000000000,861347.1476101582,7.6134714761,0.2405252232,61,6.1057255412,24839.3968353129,-0.5868633888,2020-09-02,2023-03-10,919,2024-03-01,357.0000000000,1276.0000000000,1276,2020-09-02
decade_2016_2025,standalone_qqq_cross_10_50_half_floor,2016-01-04,2025-12-31,100000.0000000000,1639506.0822546496,15.3950608225,0.3230776030,62,6.2058194026,19475.2077554235,-0.7090136814,2021-11-19,2022-12-28,404,2024-06-17,537.0000000000,941.0000000000,941,2021-11-19
decade_2016_2025,standalone_qqq_cross_10_100_full_cash,2016-01-04,2025-12-31,100000.0000000000,1888941.4067652887,17.8894140677,0.3419663817,37,3.7034728693,21413.9932482546,-0.4813591010,2020-02-19,2020-03-09,19,2020-07-06,119.0000000000,138.0000000000,667,2018-03-12
decade_2016_2025,standalone_qqq_cross_10_100_half_floor,2016-01-04,2025-12-31,100000.0000000000,2366570.4899292472,22.6657048993,0.3725902865,37,3.7034728693,12607.2450888932,-0.6503012476,2021-11-19,2022-12-28,404,2024-01-25,393.0000000000,797.0000000000,797,2021-11-19
decade_2016_2025,standalone_qqq_cross_10_150_full_cash,2016-01-04,2025-12-31,100000.0000000000,1768608.1471359185,16.6860814714,0.3331538355,19,1.9017833653,7404.4780158566,-0.6865233342,2020-02-19,2020-04-21,62,2021-01-08,262.0000000000,324.0000000000,791,2021-11-19
decade_2016_2025,standalone_qqq_cross_10_150_half_floor,2016-01-04,2025-12-31,100000.0000000000,2226332.8829966197,21.2633288300,0.3642234067,19,1.9017833653,4448.2576908043,-0.6840970273,2021-11-19,2022-12-28,404,2024-06-05,525.0000000000,929.0000000000,929,2021-11-19
decade_2016_2025,standalone_qqq_cross_10_200_full_cash,2016-01-04,2025-12-31,100000.0000000000,1680034.5244437566,15.8003452444,0.3263154560,15,1.5014079200,4300.5528435831,-0.7174780704,2020-02-19,2020-04-21,62,2021-01-25,279.0000000000,341.0000000000,572,2021-11-19
decade_2016_2025,standalone_qqq_cross_10_200_half_floor,2016-01-04,2025-12-31,100000.0000000000,2312348.8899063263,22.1234888991,0.3694095998,15,1.5014079200,2931.9432250086,-0.6844780533,2020-02-19,2020-03-16,26,2020-08-26,163.0000000000,189.0000000000,791,2021-11-19
decade_2016_2025,standalone_qqq_cross_10_250_full_cash,2016-01-04,2025-12-31,100000.0000000000,779602.8402807714,6.7960284028,0.2282055448,25,2.5023465333,6008.1007483076,-0.7238200674,2020-02-19,2020-04-21,62,2021-02-04,289.0000000000,351.0000000000,796,2021-11-19
decade_2016_2025,standalone_qqq_cross_10_250_half_floor,2016-01-04,2025-12-31,100000.0000000000,1566664.6988118056,14.6666469881,0.3170727604,25,2.5023465333,5234.5475551963,-0.6960274775,2020-02-19,2020-03-20,30,2020-08-26,159.0000000000,189.0000000000,921,2021-11-19
decade_2016_2025,standalone_qqq_cross_20_50_full_cash,2016-01-04,2025-12-31,100000.0000000000,703693.4563646468,6.0369345636,0.2156761257,45,4.5042237599,15283.0470631488,-0.7089445245,2021-09-07,2023-03-10,549,2025-10-27,962.0000000000,1511.0000000000,1511,2021-09-07
decade_2016_2025,standalone_qqq_cross_20_50_half_floor,2016-01-04,2025-12-31,100000.0000000000,1436112.2343994286,13.3611223440,0.3056520454,46,4.6043176213,11932.0090071817,-0.7418114304,2021-11-19,2022-12-28,404,2024-07-05,555.0000000000,959.0000000000,959,2021-11-19
decade_2016_2025,standalone_qqq_cross_20_100_full_cash,2016-01-04,2025-12-31,100000.0000000000,1214829.9162201905,11.1482991622,0.2839654629,19,1.9017833653,6121.8522104908,-0.6844801727,2020-02-19,2020-03-16,26,2021-02-05,326.0000000000,352.0000000000,913,2021-11-19
decade_2016_2025,standalone_qqq_cross_20_100_half_floor,2016-01-04,2025-12-31,100000.0000000000,1882146.9773286246,17.8214697733,0.3414824462,19,1.9017833653,4295.2244711899,-0.7133620249,2021-11-19,2022-12-28,404,2024-06-13,533.0000000000,937.0000000000,937,2021-11-19
decade_2016_2025,standalone_qqq_cross_20_150_full_cash,2016-01-04,2025-12-31,100000.0000000000,1635755.0637454942,15.3575506375,0.3227743002,15,1.5014079200,5299.5565017984,-0.6844797898,2020-02-19,2020-03-16,26,2021-01-20,310.0000000000,336.0000000000,756,2021-11-19
decade_2016_2025,standalone_qqq_cross_20_150_half_floor,2016-01-04,2025-12-31,100000.0000000000,2149385.4549887944,20.4938545499,0.3594288532,15,1.5014079200,3422.0308605114,-0.6844762819,2020-02-19,2020-03-16,26,2020-08-25,162.0000000000,188.0000000000,908,2021-11-19
decade_2016_2025,standalone_qqq_cross_20_200_full_cash,2016-01-04,2025-12-31,100000.0000000000,1630151.8211681070,15.3015182117,0.3223200610,13,1.3012201973,4075.5376500057,-0.7161583608,2020-02-19,2020-04-28,69,2021-04-15,352.0000000000,421.0000000000,573,2021-11-19
decade_2016_2025,standalone_qqq_cross_20_200_half_floor,2016-01-04,2025-12-31,100000.0000000000,2303157.7098749601,22.0315770987,0.3688637958,13,1.3012201973,2852.1901989359,-0.6992167467,2020-02-19,2020-03-20,30,2020-08-26,159.0000000000,189.0000000000,794,2021-11-19
decade_2016_2025,standalone_qqq_cross_20_250_full_cash,2016-01-04,2025-12-31,100000.0000000000,2138260.7877193429,20.3826078772,0.3587229418,15,1.5014079200,6533.7793392896,-0.6992138489,2020-02-19,2020-03-20,30,2020-09-01,165.0000000000,195.0000000000,600,2021-11-19
decade_2016_2025,standalone_qqq_cross_20_250_half_floor,2016-01-04,2025-12-31,100000.0000000000,2600987.5840257248,25.0098758403,0.3856280125,15,1.5014079200,3789.9019467615,-0.6992139520,2020-02-19,2020-03-20,30,2020-08-20,153.0000000000,183.0000000000,791,2021-11-19
decade_2016_2025,standalone_qqq_cross_50_100_full_cash,2016-01-04,2025-12-31,100000.0000000000,1376840.5869719968,12.7684058697,0.3001553971,19,1.9017833653,8627.6946247081,-0.6992152834,2020-02-19,2020-03-20,30,2021-06-24,461.0000000000,491.0000000000,571,2021-11-19
decade_2016_2025,standalone_qqq_cross_50_100_half_floor,2016-01-04,2025-12-31,100000.0000000000,2175451.9299237342,20.7545192992,0.3610700994,19,1.9017833653,6099.1185381444,-0.6992175951,2020-02-19,2020-03-20,30,2020-08-26,159.0000000000,189.0000000000,810,2021-11-19
decade_2016_2025,standalone_qqq_cross_50_150_full_cash,2016-01-04,2025-12-31,100000.0000000000,1255381.2393115941,11.5538123931,0.2881922913,11,1.1010324747,3839.1714881877,-0.6992108867,2020-02-19,2020-03-20,30,2020-09-01,165.0000000000,195.0000000000,571,2021-11-19
decade_2016_2025,standalone_qqq_cross_50_150_half_floor,2016-01-04,2025-12-31,100000.0000000000,2068169.7587735355,19.6816975877,0.3541977910,11,1.1010324747,2550.8809895489,-0.6992207962,2020-02-19,2020-03-20,30,2020-08-20,153.0000000000,183.0000000000,791,2021-11-19
decade_2016_2025,standalone_qqq_cross_50_200_full_cash,2016-01-04,2025-12-31,100000.0000000000,1865021.8375959941,17.6502183760,0.3402556917,11,1.1010324747,4785.1226944975,-0.6992087941,2020-02-19,2020-03-20,30,2020-08-26,159.0000000000,189.0000000000,553,2021-11-19
decade_2016_2025,standalone_qqq_cross_50_200_half_floor,2016-01-04,2025-12-31,100000.0000000000,2529174.1517770020,24.2917415178,0.3817502726,11,1.1010324747,2926.4250825939,-0.6992126170,2020-02-19,2020-03-20,30,2020-08-18,151.0000000000,181.0000000000,754,2021-11-19
decade_2016_2025,standalone_qqq_cross_50_250_full_cash,2016-01-04,2025-12-31,100000.0000000000,2001820.3691628326,19.0182036916,0.3497852061,9,0.9008447520,4888.4915440916,-0.6992142362,2020-02-19,2020-03-20,30,2020-07-10,112.0000000000,142.0000000000,754,2021-11-19
decade_2016_2025,standalone_qqq_cross_50_250_half_floor,2016-01-04,2025-12-31,100000.0000000000,2399353.8528722906,22.9935385287,0.3744817180,9,0.9008447520,2608.5494656731,-0.6992172348,2020-02-19,2020-03-20,30,2020-07-10,112.0000000000,142.0000000000,833,2021-11-19
decade_2016_2025,standalone_qqq_cross_100_150_full_cash,2016-01-04,2025-12-31,100000.0000000000,2106979.5796982385,20.0697957970,0.3567201437,11,1.1010324747,6950.6066390688,-0.7634118239,2018-08-29,2020-03-20,569,2020-08-26,159.0000000000,728.0000000000,728,2018-08-29
decade_2016_2025,standalone_qqq_cross_100_150_half_floor,2016-01-04,2025-12-31,100000.0000000000,2721003.5667310674,26.2100356673,0.3918985317,12,1.2011263360,3865.3797218077,-0.6992141657,2020-02-19,2020-03-20,30,2020-07-10,112.0000000000,142.0000000000,795,2021-11-19
decade_2016_2025,standalone_qqq_cross_100_200_full_cash,2016-01-04,2025-12-31,100000.0000000000,2661945.9917284437,25.6194599173,0.3888447296,11,1.1010324747,7148.6742091054,-0.6992110429,2020-02-19,2020-03-20,30,2020-07-10,112.0000000000,142.0000000000,606,2021-11-19
decade_2016_2025,standalone_qqq_cross_100_200_half_floor,2016-01-04,2025-12-31,100000.0000000000,2771914.8333195001,26.7191483332,0.3944835950,11,1.1010324747,3658.7711613381,-0.6992197973,2020-02-19,2020-03-20,30,2020-07-10,112.0000000000,142.0000000000,812,2021-11-19
decade_2016_2025,standalone_qqq_cross_100_250_full_cash,2016-01-04,2025-12-31,100000.0000000000,2512287.4872763231,24.1228748728,0.3808240605,7,0.7006570293,1999.3167820061,-0.6992126943,2020-02-19,2020-03-20,30,2020-07-10,112.0000000000,142.0000000000,833,2021-11-19
decade_2016_2025,standalone_qqq_cross_100_250_half_floor,2016-01-04,2025-12-31,100000.0000000000,2562181.2201704648,24.6218122017,0.3835447106,7,0.7006570293,1174.7682113881,-0.6992145613,2020-02-19,2020-03-20,30,2020-07-10,112.0000000000,142.0000000000,936,2021-11-19
decade_2016_2025,standalone_qqq_band_cross_10_50_1_full_cash,2016-01-04,2025-12-31,100000.0000000000,984122.2403415496,8.8412224034,0.2571818822,45,4.5042237599,17242.5457765346,-0.6738923979,2020-09-02,2023-03-10,919,2024-07-10,488.0000000000,1407.0000000000,1407,2020-09-02
decade_2016_2025,standalone_qqq_band_cross_10_50_1_half_floor,2016-01-04,2025-12-31,100000.0000000000,1744676.4798249584,16.4467647982,0.3313371157,45,4.5042237599,13022.4037533637,-0.7194710216,2021-11-19,2022-12-28,404,2024-06-17,537.0000000000,941.0000000000,941,2021-11-19
decade_2016_2025,standalone_qqq_band_cross_10_50_2_full_cash,2016-01-04,2025-12-31,100000.0000000000,946747.0928440782,8.4674709284,0.2523191700,31,3.1029097013,16789.7242926475,-0.7140452287,2021-09-07,2023-03-10,549,,,,1576,2021-09-07
decade_2016_2025,standalone_qqq_band_cross_10_50_2_half_floor,2016-01-04,2025-12-31,100000.0000000000,1668167.2700178202,15.6816727002,0.3253747138,31,3.1029097013,10503.0970734482,-0.7593010096,2021-11-19,2022-12-28,404,2025-09-19,996.0000000000,1400.0000000000,1400,2021-11-19
decade_2016_2025,standalone_qqq_band_cross_10_50_3_full_cash,2016-01-04,2025-12-31,100000.0000000000,965286.3480573823,8.6528634806,0.2547524072,25,2.5023465333,11372.1357932271,-0.7767054543,2021-11-19,2023-03-10,476,,,,1503,2021-11-19
decade_2016_2025,standalone_qqq_band_cross_10_50_3_half_floor,2016-01-04,2025-12-31,100000.0000000000,1658828.0727289401,15.5882807273,0.3246301317,25,2.5023465333,7062.7836978226,-0.7766469900,2021-11-19,2022-12-28,404,2025-10-24,1031.0000000000,1435.0000000000,1435,2021-11-19
decade_2016_2025,standalone_qqq_band_cross_20_100_1_full_cash,2016-01-04,2025-12-31,100000.0000000000,782402.0012935214,6.8240200129,0.2286462340,17,1.7015956426,4611.4098603264,-0.7245435800,2021-11-19,2023-03-10,476,2024-12-06,637.0000000000,1113.0000000000,1113,2021-11-19
decade_2016_2025,standalone_qqq_band_cross_20_100_1_half_floor,2016-01-04,2025-12-31,100000.0000000000,1528119.7023903753,14.2811970239,0.3137928201,17,1.7015956426,3572.7670201794,-0.7430441203,2021-11-19,2022-12-28,404,2024-07-10,560.0000000000,964.0000000000,964,2021-11-19
decade_2016_2025,standalone_qqq_band_cross_20_100_2_full_cash,2016-01-04,2025-12-31,100000.0000000000,869551.2960918453,7.6955129609,0.2417028679,15,1.5014079200,4521.4043178761,-0.7059652010,2020-02-19,2020-05-13,84,2021-06-28,411.0000000000,495.0000000000,959,2021-11-19
decade_2016_2025,standalone_qqq_band_cross_20_100_2_half_floor,2016-01-04,2025-12-31,100000.0000000000,1625544.3988623470,15.2554439886,0.3219454962,15,1.5014079200,3497.0294957511,-0.7250267608,2021-11-19,2022-12-28,404,2024-07-05,555.0000000000,959.0000000000,959,2021-11-19
decade_2016_2025,standalone_qqq_band_cross_20_100_3_full_cash,2016-01-04,2025-12-31,100000.0000000000,1500012.6465171985,14.0001264652,0.3113538085,13,1.3012201973,5440.1125212108,-0.6844756424,2020-02-19,2020-03-16,26,2021-02-08,329.0000000000,355.0000000000,795,2021-11-19
decade_2016_2025,standalone_qqq_band_cross_20_100_3_half_floor,2016-01-04,2025-12-31,100000.0000000000,2172799.8548877109,20.7279985489,0.3609039256,13,1.3012201973,3561.2818154438,-0.6950758239,2021-11-19,2022-12-28,404,2024-05-20,509.0000000000,913.0000000000,913,2021-11-19
decade_2016_2025,standalone_qqq_band_cross_50_200_1_full_cash,2016-01-04,2025-12-31,100000.0000000000,1206897.2519832640,11.0689725198,0.2831237891,9,0.9008447520,3562.4214319340,-0.6992081657,2020-02-19,2020-03-20,30,2020-07-10,112.0000000000,142.0000000000,768,2021-11-19
decade_2016_2025,standalone_qqq_band_cross_50_200_1_half_floor,2016-01-04,2025-12-31,100000.0000000000,1928945.2083015637,18.2894520830,0.3447843025,9,0.9008447520,2159.0649946194,-0.6992169517,2020-02-19,2020-03-20,30,2020-07-10,112.0000000000,142.0000000000,913,2021-11-19
decade_2016_2025,standalone_qqq_band_cross_50_200_2_full_cash,2016-01-04,2025-12-31,100000.0000000000,1279854.5684553867,11.7985456846,0.2906841650,9,0.9008447520,3532.7539955299,-0.6992080224,2020-02-19,2020-03-20,30,2020-07-10,112.0000000000,142.0000000000,754,2021-11-19
decade_2016_2025,standalone_qqq_band_cross_50_200_2_half_floor,2016-01-04,2025-12-31,100000.0000000000,1981824.6470122358,18.8182464701,0.3484295672,9,0.9008447520,2327.0070112904,-0.6992160194,2020-02-19,2020-03-20,30,2020-07-10,112.0000000000,142.0000000000,833,2021-11-19
decade_2016_2025,standalone_qqq_band_cross_50_200_3_full_cash,2016-01-04,2025-12-31,100000.0000000000,840179.9597245342,7.4017995972,0.2374395563,9,0.9008447520,2441.5733856832,-0.7738475030,2018-08-29,2020-03-20,569,2020-08-28,161.0000000000,730.0000000000,810,2021-11-19
decade_2016_2025,standalone_qqq_band_cross_50_200_3_half_floor,2016-01-04,2025-12-31,100000.0000000000,1638325.8257539105,15.3832582575,0.3229822363,9,0.9008447520,1971.4714908893,-0.6992179052,2020-02-19,2020-03-20,30,2020-07-10,112.0000000000,142.0000000000,935,2021-11-19
decade_2016_2025,standalone_qqq_band_cross_100_200_1_full_cash,2016-01-04,2025-12-31,100000.0000000000,2648196.3175241491,25.4819631752,0.3881250059,7,0.7006570293,1945.1928670551,-0.6992193964,2020-02-19,2020-03-20,30,2020-07-10,112.0000000000,142.0000000000,754,2021-11-19
decade_2016_2025,standalone_qqq_band_cross_100_200_1_half_floor,2016-01-04,2025-12-31,100000.0000000000,2735782.8534344919,26.3578285343,0.3926534159,7,0.7006570293,1277.8790739495,-0.6992201823,2020-02-19,2020-03-20,30,2020-07-10,112.0000000000,142.0000000000,833,2021-11-19
decade_2016_2025,standalone_qqq_band_cross_100_200_2_full_cash,2016-01-04,2025-12-31,100000.0000000000,2783878.9546609651,26.8387895466,0.3950848792,5,0.5004693067,2148.0268445459,-0.6992151164,2020-02-19,2020-03-20,30,2020-07-10,112.0000000000,142.0000000000,913,2021-11-19
decade_2016_2025,standalone_qqq_band_cross_100_200_2_half_floor,2016-01-04,2025-12-31,100000.0000000000,2670346.9462642688,25.7034694626,0.3892828309,5,0.5004693067,1200.8885106799,-0.6992181277,2020-02-19,2020-03-20,30,2020-07-10,112.0000000000,142.0000000000,938,2021-11-19
decade_2016_2025,standalone_qqq_band_cross_100_200_3_full_cash,2016-01-04,2025-12-31,100000.0000000000,2127896.1185686458,20.2789611857,0.3580622754,5,0.5004693067,1856.0416075348,-0.6992197409,2020-02-19,2020-03-20,30,2020-07-10,112.0000000000,142.0000000000,959,2021-11-19
decade_2016_2025,standalone_qqq_band_cross_100_200_3_half_floor,2016-01-04,2025-12-31,100000.0000000000,2313844.3540124376,22.1384435401,0.3694982209,5,0.5004693067,1050.5187377078,-0.7237674037,2021-11-19,2022-12-28,404,2024-07-10,560.0000000000,964.0000000000,964,2021-11-19
decade_2016_2025,standalone_qqq_triple_5_20_100_full_cash,2016-01-04,2025-12-31,100000.0000000000,1980883.2508673898,18.8088325087,0.3483654410,149,14.9139853384,45544.4888328382,-0.5230361356,2021-11-19,2022-12-07,383,2023-07-17,222.0000000000,605.0000000000,605,2021-11-19
decade_2016_2025,standalone_qqq_triple_5_20_100_half_floor,2016-01-04,2025-12-31,100000.0000000000,2500489.6415497726,24.0048964155,0.3801736334,149,14.9139853384,27843.8577965774,-0.6849858312,2021-11-19,2022-12-28,404,2024-05-24,513.0000000000,917.0000000000,917,2021-11-19
decade_2016_2025,standalone_qqq_triple_10_50_200_full_cash,2016-01-04,2025-12-31,100000.0000000000,1485964.3250891380,13.8596432509,0.3101193002,72,7.2067580159,19662.6853515278,-0.4961514947,2020-02-19,2020-03-20,30,2020-07-09,111.0000000000,141.0000000000,572,2021-11-19
decade_2016_2025,standalone_qqq_triple_10_50_200_half_floor,2016-01-04,2025-12-31,100000.0000000000,2111316.5492916112,20.1131654929,0.3569994122,72,7.2067580159,12530.5715000365,-0.6761477174,2021-11-19,2022-12-28,404,2024-02-09,408.0000000000,812.0000000000,812,2021-11-19
decade_2016_2025,standalone_qqq_triple_20_50_200_full_cash,2016-01-04,2025-12-31,100000.0000000000,1312709.2318078084,12.1270923181,0.2939628468,56,5.6052562346,12208.5424718906,-0.5713011992,2020-02-19,2020-03-20,30,2020-08-18,151.0000000000,181.0000000000,605,2021-11-19
decade_2016_2025,standalone_qqq_triple_20_50_200_half_floor,2016-01-04,2025-12-31,100000.0000000000,1965108.8964940454,18.6510889649,0.3472868197,56,5.6052562346,8018.8581617171,-0.6978176803,2021-11-19,2022-12-28,404,2024-03-01,429.0000000000,833.0000000000,833,2021-11-19
decade_2016_2025,standalone_qqq_triple_20_100_200_full_cash,2016-01-04,2025-12-31,100000.0000000000,2011720.7180662081,19.1172071807,0.3504519101,29,2.9027219786,6991.4232127461,-0.6844783339,2020-02-19,2020-03-16,26,2020-08-26,163.0000000000,189.0000000000,791,2021-11-19
decade_2016_2025,standalone_qqq_triple_20_100_200_half_floor,2016-01-04,2025-12-31,100000.0000000000,2339798.0590225994,22.3979805902,0.3710280828,29,2.9027219786,3954.5015715445,-0.6911041283,2020-02-19,2020-03-20,30,2020-08-18,151.0000000000,181.0000000000,917,2021-11-19
decade_2016_2025,standalone_qqq_triple_50_100_200_full_cash,2016-01-04,2025-12-31,100000.0000000000,2166692.6398127507,20.6669263981,0.3605205642,29,2.9027219786,9207.0671111288,-0.6992175210,2020-02-19,2020-03-20,30,2020-08-26,159.0000000000,189.0000000000,573,2021-11-19
decade_2016_2025,standalone_qqq_triple_50_100_200_half_floor,2016-01-04,2025-12-31,100000.0000000000,2543448.9283012114,24.4344892830,0.3825288955,29,2.9027219786,5183.8479398173,-0.6992165235,2020-02-19,2020-03-20,30,2020-08-18,151.0000000000,181.0000000000,810,2021-11-19
decade_2016_2025,standalone_qqq_triple_50_150_200_full_cash,2016-01-04,2025-12-31,100000.0000000000,1692335.2246473045,15.9233522465,0.3272842678,19,1.9017833653,2853.9130674582,-0.6992114135,2020-02-19,2020-03-20,30,2020-08-20,153.0000000000,183.0000000000,754,2021-11-19
decade_2016_2025,standalone_qqq_triple_50_150_200_half_floor,2016-01-04,2025-12-31,100000.0000000000,2252252.9205170483,21.5225292052,0.3658049247,19,1.9017833653,1867.4378917812,-0.6992206139,2020-02-19,2020-03-20,30,2020-08-06,139.0000000000,169.0000000000,832,2021-11-19
decade_2016_2025,standalone_qqq_slope_50_20_full_cash,2016-01-04,2025-12-31,100000.0000000000,325815.1200190450,2.2581512002,0.1254994099,133,13.3124835571,25539.4801091115,-0.5501421459,2020-09-02,2022-09-13,741,2024-02-09,514.0000000000,1255.0000000000,1255,2020-09-02
decade_2016_2025,standalone_qqq_slope_50_20_half_floor,2016-01-04,2025-12-31,100000.0000000000,1028025.0782878359,9.2802507829,0.2626859816,134,13.4125774185,27635.3045738739,-0.6448802557,2021-11-19,2022-12-28,404,2024-02-09,408.0000000000,812.0000000000,812,2021-11-19
decade_2016_2025,standalone_qqq_slope_100_20_full_cash,2016-01-04,2025-12-31,100000.0000000000,510990.7376353422,4.1099073764,0.1773559838,87,8.7081659359,18631.8770542759,-0.6642043097,2018-01-26,2020-04-28,823,2021-02-08,286.0000000000,1109.0000000000,1109,2018-01-26
decade_2016_2025,standalone_qqq_slope_100_20_half_floor,2016-01-04,2025-12-31,100000.0000000000,1324132.5397978444,12.2413253980,0.2950855323,87,8.7081659359,17476.3639803844,-0.6334707826,2020-02-19,2020-03-20,30,2020-08-21,154.0000000000,184.0000000000,759,2021-11-19
decade_2016_2025,standalone_qqq_slope_150_20_full_cash,2016-01-04,2025-12-31,100000.0000000000,2033694.2619674003,19.3369426197,0.3519211543,41,4.1038483146,19908.3716579739,-0.5872544237,2020-02-19,2020-04-21,62,2020-08-21,122.0000000000,184.0000000000,573,2021-11-19
decade_2016_2025,standalone_qqq_slope_150_20_half_floor,2016-01-04,2025-12-31,100000.0000000000,2586024.8020111988,24.8602480201,0.3848280770,41,4.1038483146,11905.2769757273,-0.6345269294,2020-02-19,2020-03-20,30,2020-08-06,139.0000000000,169.0000000000,795,2021-11-19
decade_2016_2025,standalone_qqq_slope_200_20_full_cash,2016-01-04,2025-12-31,100000.0000000000,1596006.1085573188,14.9600610856,0.3195212036,45,4.5042237599,13697.7740518897,-0.6031572587,2018-08-29,2020-04-09,589,2020-08-20,133.0000000000,722.0000000000,756,2021-11-19
decade_2016_2025,standalone_qqq_slope_200_20_half_floor,2016-01-04,2025-12-31,100000.0000000000,2160882.7322292468,20.6088273223,0.3601549618,45,4.5042237599,9705.0735553958,-0.6345265424,2020-02-19,2020-03-20,30,2020-08-03,136.0000000000,166.0000000000,833,2021-11-19
decade_2016_2025,standalone_qqq_slope_250_20_full_cash,2016-01-04,2025-12-31,100000.0000000000,1384876.9911086194,12.8487699111,0.3009130022,41,4.1038483146,15353.0831108544,-0.6047106965,2020-02-19,2020-04-07,48,2020-08-06,121.0000000000,169.0000000000,936,2021-11-19
decade_2016_2025,standalone_qqq_slope_250_20_half_floor,2016-01-04,2025-12-31,100000.0000000000,1986869.2818219042,18.8686928182,0.3487727325,41,4.1038483146,10814.3069637106,-0.6736855357,2021-11-19,2022-12-28,404,2024-06-17,537.0000000000,941.0000000000,941,2021-11-19
decade_2016_2025,vo_qqq_price_sma_20_trend_cap,2016-01-04,2025-12-31,100000.0000000000,703093.3421515488,6.0309334215,0.2155723149,245,24.5229960263,78880.8862447935,-0.3432953212,2020-09-02,2021-03-30,209,2021-10-29,213.0000000000,422.0000000000,553,2021-11-19
decade_2016_2025,vo_qqq_price_sma_20_trend_floor,2016-01-04,2025-12-31,100000.0000000000,3187968.6878181817,30.8796868782,0.4141403899,122,12.2114510825,55661.2203534308,-0.6496029938,2021-11-19,2022-12-28,404,2023-12-18,355.0000000000,759.0000000000,759,2021-11-19
decade_2016_2025,vo_qqq_price_sma_20_blend,2016-01-04,2025-12-31,100000.0000000000,1718274.0930701874,16.1827409307,0.3293066325,312,31.2292847355,88419.9298036421,-0.4789057914,2021-11-19,2022-12-28,404,2023-06-14,168.0000000000,572.0000000000,572,2021-11-19
decade_2016_2025,vo_qqq_price_sma_20_bear_step_down,2016-01-04,2025-12-31,100000.0000000000,1570162.3747372101,14.7016237474,0.3173667858,260,26.0244039463,80350.9616587280,-0.2897641939,2020-09-02,2021-05-12,252,2021-07-23,72.0000000000,324.0000000000,545,2021-11-19
decade_2016_2025,vo_qqq_price_sma_20_bull_step_up,2016-01-04,2025-12-31,100000.0000000000,3344917.3125909986,32.4491731259,0.4209592369,129,12.9121081118,54026.7221490018,-0.5800419409,2021-11-19,2022-12-28,404,2023-07-12,196.0000000000,600.0000000000,600,2021-11-19
decade_2016_2025,vo_qqq_price_sma_20_cut_confirm,2016-01-04,2025-12-31,100000.0000000000,1756220.0804810631,16.5622008048,0.3322162038,61,6.1057255412,19280.3374500236,-0.5304442909,2021-11-19,2022-12-28,404,2023-07-13,197.0000000000,601.0000000000,601,2021-11-19
decade_2016_2025,vo_qqq_price_sma_20_raise_confirm,2016-01-04,2025-12-31,100000.0000000000,2223017.2406812757,21.2301724068,0.3640199080,51,5.1047869279,18730.6481936073,-0.4514815225,2024-12-16,2025-04-07,112,,,,553,2021-11-19
decade_2016_2025,vo_qqq_price_sma_20_both_confirm,2016-01-04,2025-12-31,100000.0000000000,1661763.2963057100,15.6176329631,0.3248645526,45,4.5042237599,13639.5033339363,-0.4541812790,2021-11-19,2022-11-03,349,2023-06-15,224.0000000000,573.0000000000,573,2021-11-19
decade_2016_2025,vo_qqq_price_sma_50_trend_cap,2016-01-04,2025-12-31,100000.0000000000,798805.9281304020,6.9880592813,0.2312006391,153,15.3143607838,35298.9248987953,-0.4463640905,2019-04-29,2019-10-08,162,2020-02-12,127.0000000000,289.0000000000,996,2020-09-02
decade_2016_2025,vo_qqq_price_sma_50_trend_floor,2016-01-04,2025-12-31,100000.0000000000,3811968.9396157865,37.1196893962,0.4396712903,90,9.0084475199,57766.4025468295,-0.5904697449,2021-11-19,2022-12-28,404,2023-07-18,202.0000000000,606.0000000000,606,2021-11-19
decade_2016_2025,vo_qqq_price_sma_50_blend,2016-01-04,2025-12-31,100000.0000000000,1882166.9043214037,17.8216690432,0.3414838678,199,19.9186784050,49810.7810238948,-0.4387518007,2021-11-19,2022-12-28,404,2023-06-13,167.0000000000,571.0000000000,571,2021-11-19
decade_2016_2025,vo_qqq_price_sma_50_bear_step_down,2016-01-04,2025-12-31,100000.0000000000,1493690.7808620557,13.9369078086,0.3107995624,162,16.2152055358,38644.6675579624,-0.3693892312,2019-04-29,2019-10-08,162,2020-01-13,97.0000000000,259.0000000000,553,2021-11-19
decade_2016_2025,vo_qqq_price_sma_50_bull_step_up,2016-01-04,2025-12-31,100000.0000000000,3182473.3901435146,30.8247339014,0.4138962076,97,9.7091045492,47519.6523364435,-0.5755403371,2021-11-19,2022-12-28,404,2023-07-17,201.0000000000,605.0000000000,605,2021-11-19
decade_2016_2025,vo_qqq_price_sma_50_cut_confirm,2016-01-04,2025-12-31,100000.0000000000,2557395.2169189053,24.5739521692,0.3832858124,57,5.7053500959,22669.3801648823,-0.5003520126,2021-11-19,2022-09-30,315,2023-06-14,257.0000000000,572.0000000000,572,2021-11-19
decade_2016_2025,vo_qqq_price_sma_50_raise_confirm,2016-01-04,2025-12-31,100000.0000000000,2526094.8434382351,24.2609484344,0.3815817921,47,4.7044114826,20195.2820743411,-0.4514823595,2024-12-16,2025-04-07,112,,,,553,2021-11-19
decade_2016_2025,vo_qqq_price_sma_50_both_confirm,2016-01-04,2025-12-31,100000.0000000000,2679232.3107957575,25.7923231080,0.3897448462,39,3.9036605919,18832.5361676700,-0.4595815087,2024-12-16,2025-04-07,112,,,,570,2021-11-19
decade_2016_2025,vo_qqq_price_sma_100_trend_cap,2016-01-04,2025-12-31,100000.0000000000,667554.1349303196,5.6755413493,0.2092776783,135,13.5126712798,20012.1227883445,-0.4535475604,2018-01-26,2019-10-08,620,2020-02-06,121.0000000000,741.0000000000,741,2018-01-26
decade_2016_2025,vo_qqq_price_sma_100_trend_floor,2016-01-04,2025-12-31,100000.0000000000,1631684.2107501151,15.3168421075,0.3224444269,84,8.4078843519,26648.3645819235,-0.6601083323,2021-11-19,2022-12-28,404,2024-01-19,387.0000000000,791.0000000000,791,2021-11-19
decade_2016_2025,vo_qqq_price_sma_100_blend,2016-01-04,2025-12-31,100000.0000000000,1133023.0181692950,10.3302301817,0.2750371113,173,17.3162380104,25155.1042118664,-0.5006829020,2021-11-19,2022-12-28,404,2023-07-13,197.0000000000,601.0000000000,601,2021-11-19
decade_2016_2025,vo_qqq_price_sma_100_bear_step_down,2016-01-04,2025-12-31,100000.0000000000,1208887.8472752613,11.0888784728,0.2833354626,141,14.1132344478,25416.4898490174,-0.3703183142,2020-02-19,2020-06-11,113,2020-09-01,82.0000000000,195.0000000000,553,2021-11-19
decade_2016_2025,vo_qqq_price_sma_100_bull_step_up,2016-01-04,2025-12-31,100000.0000000000,1829215.8234991264,17.2921582350,0.3376576353,93,9.3087291039,26893.7242972020,-0.6277352645,2021-11-19,2022-09-30,315,2023-12-15,441.0000000000,756.0000000000,756,2021-11-19
decade_2016_2025,vo_qqq_price_sma_100_cut_confirm,2016-01-04,2025-12-31,100000.0000000000,1706313.8342492040,16.0631383425,0.3283775702,49,4.9045992053,13906.8943999571,-0.5132897533,2021-11-19,2022-09-30,315,2023-06-15,258.0000000000,573.0000000000,573,2021-11-19
decade_2016_2025,vo_qqq_price_sma_100_raise_confirm,2016-01-04,2025-12-31,100000.0000000000,2757837.4680105941,26.5783746801,0.3937731068,51,5.1047869279,24478.0659075395,-0.4494805161,2024-12-16,2025-04-07,112,,,,557,2021-11-19
decade_2016_2025,vo_qqq_price_sma_100_both_confirm,2016-01-04,2025-12-31,100000.0000000000,1828127.7375831257,17.2812773758,0.3375779704,35,3.5032851466,10982.2681144125,-0.4886670665,2024-07-10,2025-04-07,271,,,,571,2021-11-19
decade_2016_2025,vo_qqq_price_sma_150_trend_cap,2016-01-04,2025-12-31,100000.0000000000,2619103.4209128357,25.1910342091,0.3865909920,80,8.0075089065,31947.7795215256,-0.3055674379,2019-04-29,2019-10-08,162,2019-12-19,72.0000000000,234.0000000000,544,2021-11-19
decade_2016_2025,vo_qqq_price_sma_150_trend_floor,2016-01-04,2025-12-31,100000.0000000000,3261819.3267660346,31.6181932677,0.4173856957,49,4.9045992053,25936.8876096699,-0.5872566518,2020-02-19,2020-04-21,62,2020-08-21,122.0000000000,184.0000000000,601,2021-11-19
decade_2016_2025,vo_qqq_price_sma_150_blend,2016-01-04,2025-12-31,100000.0000000000,3144222.6718673469,30.4422267187,0.4121859557,110,11.0103247465,31691.0153490999,-0.4443959095,2020-02-19,2020-04-21,62,2020-08-20,121.0000000000,183.0000000000,557,2021-11-19
decade_2016_2025,vo_qqq_price_sma_150_bear_step_down,2016-01-04,2025-12-31,100000.0000000000,3394364.7391464543,32.9436473915,0.4230479361,79,7.9074150452,35319.3258590620,-0.3153028264,2023-07-19,2023-10-26,99,2023-12-13,48.0000000000,147.0000000000,544,2021-11-19
decade_2016_2025,vo_qqq_price_sma_150_bull_step_up,2016-01-04,2025-12-31,100000.0000000000,3750362.4832320083,36.5036248323,0.4373252967,57,5.7053500959,27896.1961734142,-0.5509912695,2021-11-19,2022-09-30,315,2023-06-15,258.0000000000,573.0000000000,573,2021-11-19
decade_2016_2025,vo_qqq_price_sma_150_cut_confirm,2016-01-04,2025-12-31,100000.0000000000,2473138.4778475477,23.7313847785,0.3786550488,36,3.6033790079,13787.9543275656,-0.5203383945,2021-11-19,2022-09-30,315,2023-06-15,258.0000000000,573.0000000000,573,2021-11-19
decade_2016_2025,vo_qqq_price_sma_150_raise_confirm,2016-01-04,2025-12-31,100000.0000000000,2584846.3910989258,24.8484639110,0.3847649004,54,5.4050685119,24371.9892932449,-0.4494773993,2024-12-16,2025-04-07,112,,,,571,2021-11-19
decade_2016_2025,vo_qqq_price_sma_150_both_confirm,2016-01-04,2025-12-31,100000.0000000000,2641572.3508411492,25.4157235084,0.3877770748,23,2.3021588106,10248.0197159503,-0.4813636670,2020-02-19,2020-03-09,19,2020-08-26,170.0000000000,189.0000000000,601,2021-11-19
decade_2016_2025,vo_qqq_price_sma_200_trend_cap,2016-01-04,2025-12-31,100000.0000000000,2144439.2081397800,20.4443920814,0.3591153979,80,8.0075089065,22105.1021341200,-0.3493248032,2018-08-29,2019-06-03,278,2019-12-23,203.0000000000,481.0000000000,553,2021-11-19
decade_2016_2025,vo_qqq_price_sma_200_trend_floor,2016-01-04,2025-12-31,100000.0000000000,1969587.4068404092,18.6958740684,0.3475938417,52,5.2048807893,17581.3640939576,-0.6284582000,2021-11-19,2022-09-30,315,2023-12-26,452.0000000000,767.0000000000,767,2021-11-19
decade_2016_2025,vo_qqq_price_sma_200_blend,2016-01-04,2025-12-31,100000.0000000000,2228784.1514291586,21.2878415143,0.3643736789,113,11.3106063305,21180.0174236853,-0.4629180536,2021-11-19,2022-09-30,315,2023-06-15,258.0000000000,573.0000000000,573,2021-11-19
decade_2016_2025,vo_qqq_price_sma_200_bear_step_down,2016-01-04,2025-12-31,100000.0000000000,2676846.4353897530,25.7684643539,0.3896209226,80,8.0075089065,26014.2579497135,-0.3314159632,2023-07-19,2023-10-26,99,2023-12-12,47.0000000000,146.0000000000,553,2021-11-19
decade_2016_2025,vo_qqq_price_sma_200_bull_step_up,2016-01-04,2025-12-31,100000.0000000000,2550796.2463592961,24.5079624636,0.3829281260,59,5.9055378186,20476.1742112771,-0.6039719246,2021-11-19,2022-09-30,315,2023-12-13,439.0000000000,754.0000000000,754,2021-11-19
decade_2016_2025,vo_qqq_price_sma_200_cut_confirm,2016-01-04,2025-12-31,100000.0000000000,2688055.0610806067,25.8805506108,0.3902022434,32,3.2030035626,11581.2804810236,-0.5464864021,2021-11-19,2022-09-30,315,2023-07-13,286.0000000000,601.0000000000,601,2021-11-19
decade_2016_2025,vo_qqq_price_sma_200_raise_confirm,2016-01-04,2025-12-31,100000.0000000000,3161484.1032932773,30.6148410329,0.4129600475,53,5.3049746506,26699.8523368771,-0.4494806141,2024-12-16,2025-04-07,112,,,,545,2021-11-19
decade_2016_2025,vo_qqq_price_sma_200_both_confirm,2016-01-04,2025-12-31,100000.0000000000,3511621.9800048452,34.1162198000,0.4278935745,18,1.8016895040,8284.3023439230,-0.4813642279,2020-02-19,2020-03-09,19,2020-08-26,170.0000000000,189.0000000000,570,2021-11-19
decade_2016_2025,vo_qqq_price_sma_250_trend_cap,2016-01-04,2025-12-31,100000.0000000000,2084671.5253783725,19.8467152538,0.3552754458,87,8.7081659359,26237.6174615442,-0.4026999932,2021-11-19,2023-03-09,475,2023-06-15,98.0000000000,573.0000000000,573,2021-11-19
decade_2016_2025,vo_qqq_price_sma_250_trend_floor,2016-01-04,2025-12-31,100000.0000000000,1780858.3247407712,16.8085832474,0.3340752367,60,6.0056316799,19894.3057497699,-0.6699670436,2021-11-19,2022-09-30,315,2024-02-09,497.0000000000,812.0000000000,812,2021-11-19
decade_2016_2025,vo_qqq_price_sma_250_blend,2016-01-04,2025-12-31,100000.0000000000,2109209.8754653763,20.0920987547,0.3568638227,118,11.8110756372,24804.4913742967,-0.5314070830,2021-11-19,2023-03-10,476,2023-12-13,278.0000000000,754.0000000000,754,2021-11-19
decade_2016_2025,vo_qqq_price_sma_250_bear_step_down,2016-01-04,2025-12-31,100000.0000000000,2433644.7013688171,23.3364470137,0.3764353994,87,8.7081659359,29854.4137894961,-0.4026966249,2021-11-19,2023-03-09,475,2023-06-15,98.0000000000,573.0000000000,573,2021-11-19
decade_2016_2025,vo_qqq_price_sma_250_bull_step_up,2016-01-04,2025-12-31,100000.0000000000,2243024.5976337511,21.4302459763,0.3652437427,71,7.1066641546,24172.4457452905,-0.6494528986,2021-11-19,2022-09-30,315,2024-01-29,486.0000000000,801.0000000000,801,2021-11-19
decade_2016_2025,vo_qqq_price_sma_250_cut_confirm,2016-01-04,2025-12-31,100000.0000000000,2310495.6404823121,22.1049564048,0.3692997048,32,3.2030035626,10498.8481446662,-0.5727543173,2021-11-19,2022-09-30,315,2023-07-18,291.0000000000,606.0000000000,606,2021-11-19
decade_2016_2025,vo_qqq_price_sma_250_raise_confirm,2016-01-04,2025-12-31,100000.0000000000,3051293.9746689005,29.5129397467,0.4079516490,53,5.3049746506,26402.7132316619,-0.4494781012,2024-12-16,2025-04-07,112,,,,553,2021-11-19
decade_2016_2025,vo_qqq_price_sma_250_both_confirm,2016-01-04,2025-12-31,100000.0000000000,2913125.1643106649,28.1312516431,0.4014362961,18,1.8016895040,7360.5922766371,-0.4828922154,2024-12-16,2025-04-07,112,,,,601,2021-11-19
decade_2016_2025,vo_qqq_cross_5_20_trend_cap,2016-01-04,2025-12-31,100000.0000000000,881040.7157816483,7.8104071578,0.2433353929,142,14.2133283091,40018.6733890521,-0.3146265238,2023-07-19,2023-10-20,93,2024-02-09,112.0000000000,205.0000000000,545,2021-11-19
decade_2016_2025,vo_qqq_cross_5_20_trend_floor,2016-01-04,2025-12-31,100000.0000000000,5204549.0304338653,51.0454903043,0.4852494917,82,8.2076966292,70377.9898200814,-0.6491537645,2021-11-19,2022-12-28,404,2023-12-26,363.0000000000,767.0000000000,767,2021-11-19
decade_2016_2025,vo_qqq_cross_5_20_blend,2016-01-04,2025-12-31,100000.0000000000,2470274.7261084234,23.7027472611,0.3784951753,194,19.4182090984,64906.5868997280,-0.4509842608,2021-11-19,2022-12-28,404,2023-06-13,167.0000000000,571.0000000000,571,2021-11-19
decade_2016_2025,vo_qqq_cross_5_20_bear_step_down,2016-01-04,2025-12-31,100000.0000000000,1881981.3247648692,17.8198132476,0.3414706279,160,16.0150178131,50716.3994003250,-0.3137730054,2023-07-19,2023-10-26,99,2023-12-18,53.0000000000,152.0000000000,440,2021-11-19
decade_2016_2025,vo_qqq_cross_5_20_bull_step_up,2016-01-04,2025-12-31,100000.0000000000,4820722.6528513422,47.2072265285,0.4739039874,89,8.9083536585,62344.1680755802,-0.5640833457,2021-11-19,2022-12-28,404,2023-07-12,196.0000000000,600.0000000000,600,2021-11-19
decade_2016_2025,vo_qqq_cross_5_20_cut_confirm,2016-01-04,2025-12-31,100000.0000000000,2128779.9853575262,20.2877998536,0.3581187278,61,6.1057255412,22071.3151046325,-0.4764486298,2021-11-19,2022-12-28,404,2023-06-13,167.0000000000,571.0000000000,571,2021-11-19
decade_2016_2025,vo_qqq_cross_5_20_raise_confirm,2016-01-04,2025-12-31,100000.0000000000,2511612.2912784461,24.1161229128,0.3807869105,49,4.9045992053,21055.4343732880,-0.4514821313,2024-12-16,2025-04-07,112,,,,553,2021-11-19
decade_2016_2025,vo_qqq_cross_5_20_both_confirm,2016-01-04,2025-12-31,100000.0000000000,2209311.4805387682,21.0931148054,0.3631758034,43,4.3040360373,17247.9009910211,-0.4514806091,2024-12-16,2025-04-07,112,,,,570,2021-11-19
decade_2016_2025,vo_qqq_cross_10_50_trend_cap,2016-01-04,2025-12-31,100000.0000000000,764561.0690358200,6.6456106904,0.2258127557,83,8.3077904905,20155.8682834832,-0.3416289195,2020-09-02,2021-05-12,252,2021-08-27,107.0000000000,359.0000000000,545,2021-11-19
decade_2016_2025,vo_qqq_cross_10_50_trend_floor,2016-01-04,2025-12-31,100000.0000000000,2700648.7509185742,26.0064875092,0.3908528021,64,6.4060071252,31845.5258497869,-0.6988752931,2021-11-19,2022-12-28,404,2024-03-01,429.0000000000,833.0000000000,833,2021-11-19
decade_2016_2025,vo_qqq_cross_10_50_blend,2016-01-04,2025-12-31,100000.0000000000,1572540.0921279360,14.7254009213,0.3175663277,126,12.6118265278,27738.2268998157,-0.5025719522,2021-11-19,2022-12-28,404,2023-07-12,196.0000000000,600.0000000000,600,2021-11-19
decade_2016_2025,vo_qqq_cross_10_50_bear_step_down,2016-01-04,2025-12-31,100000.0000000000,1456690.0153003074,13.5669001530,0.3075126808,95,9.5089168265,25367.2577021926,-0.3416261728,2020-09-02,2021-05-12,252,2021-08-23,103.0000000000,355.0000000000,545,2021-11-19
decade_2016_2025,vo_qqq_cross_10_50_bull_step_up,2016-01-04,2025-12-31,100000.0000000000,2679859.9080021475,25.7985990800,0.3897774274,71,7.1066641546,29776.0491180260,-0.6245798910,2021-11-19,2022-12-28,404,2023-12-13,350.0000000000,754.0000000000,754,2021-11-19
decade_2016_2025,vo_qqq_cross_10_50_cut_confirm,2016-01-04,2025-12-31,100000.0000000000,2490349.5201937458,23.9034952019,0.3796123877,57,5.7053500959,22796.4614331593,-0.5034365065,2021-11-19,2022-09-30,315,2023-06-14,257.0000000000,572.0000000000,572,2021-11-19
decade_2016_2025,vo_qqq_cross_10_50_raise_confirm,2016-01-04,2025-12-31,100000.0000000000,2336994.9381434456,22.3699493814,0.3708635883,47,4.7044114826,19644.9214208438,-0.4514837146,2024-12-16,2025-04-07,112,,,,560,2021-11-19
decade_2016_2025,vo_qqq_cross_10_50_both_confirm,2016-01-04,2025-12-31,100000.0000000000,2571694.6850220878,24.7169468502,0.3840580505,37,3.7034728693,15680.3519914421,-0.4514813675,2024-12-16,2025-04-07,112,,,,572,2021-11-19
decade_2016_2025,vo_qqq_cross_20_50_trend_cap,2016-01-04,2025-12-31,100000.0000000000,1014142.5585274063,9.1414255853,0.2609687815,82,8.2076966292,20615.5482977109,-0.4223105899,2021-09-07,2023-03-10,549,2023-06-15,97.0000000000,646.0000000000,646,2021-09-07
decade_2016_2025,vo_qqq_cross_20_50_trend_floor,2016-01-04,2025-12-31,100000.0000000000,1647260.9174197679,15.4726091742,0.3237026747,42,4.2039421759,14695.5769471838,-0.7133272622,2021-11-19,2022-12-28,404,2024-05-20,509.0000000000,913.0000000000,913,2021-11-19
decade_2016_2025,vo_qqq_cross_20_50_blend,2016-01-04,2025-12-31,100000.0000000000,1405636.1556859943,13.0563615569,0.3028518465,109,10.9102308852,20305.9687417121,-0.5522716610,2021-11-19,2022-12-28,404,2023-12-13,350.0000000000,754.0000000000,754,2021-11-19
decade_2016_2025,vo_qqq_cross_20_50_bear_step_down,2016-01-04,2025-12-31,100000.0000000000,1678203.3624830290,15.7820336248,0.3261706869,89,8.9083536585,25082.4878012538,-0.3415960780,2021-11-19,2023-03-10,476,2023-06-02,84.0000000000,560.0000000000,560,2021-11-19
decade_2016_2025,vo_qqq_cross_20_50_bull_step_up,2016-01-04,2025-12-31,100000.0000000000,2080904.0065067760,19.8090400651,0.3550300844,59,5.9055378186,19083.6071363152,-0.6639783080,2021-11-19,2022-12-28,404,2024-01-22,390.0000000000,794.0000000000,794,2021-11-19
decade_2016_2025,vo_qqq_cross_20_50_cut_confirm,2016-01-04,2025-12-31,100000.0000000000,1908668.2153659144,18.0866821537,0.3433626064,43,4.3040360373,12054.0985744005,-0.4921311457,2021-11-19,2022-09-30,315,2023-06-13,256.0000000000,571.0000000000,571,2021-11-19
decade_2016_2025,vo_qqq_cross_20_50_raise_confirm,2016-01-04,2025-12-31,100000.0000000000,2607209.0432963977,25.0720904330,0.3859594038,59,5.9055378186,26518.8847215120,-0.4576900699,2021-11-19,2022-09-30,315,2023-06-12,255.0000000000,570.0000000000,570,2021-11-19
decade_2016_2025,vo_qqq_cross_20_50_both_confirm,2016-01-04,2025-12-31,100000.0000000000,2056277.4862773167,19.5627748628,0.3534163530,35,3.5032851466,11318.3096041966,-0.4921339284,2021-11-19,2022-09-30,315,2023-06-14,257.0000000000,572.0000000000,572,2021-11-19
decade_2016_2025,vo_qqq_cross_20_100_trend_cap,2016-01-04,2025-12-31,100000.0000000000,2039140.8926392733,19.3914089264,0.3522831291,61,6.1057255412,20404.8757987139,-0.3656177845,2021-11-19,2023-03-10,476,2023-06-12,94.0000000000,570.0000000000,570,2021-11-19
decade_2016_2025,vo_qqq_cross_20_100_trend_floor,2016-01-04,2025-12-31,100000.0000000000,1438516.0676898179,13.3851606769,0.3058706323,36,3.6033790079,7605.0833157130,-0.6844730077,2020-02-19,2020-03-16,26,2021-02-05,326.0000000000,352.0000000000,767,2021-11-19
decade_2016_2025,vo_qqq_cross_20_100_blend,2016-01-04,2025-12-31,100000.0000000000,1931645.7297592061,18.3164572976,0.3449726303,83,8.3077904905,14745.5876201317,-0.5188242348,2021-11-19,2022-09-30,315,2023-07-13,286.0000000000,601.0000000000,601,2021-11-19
decade_2016_2025,vo_qqq_cross_20_100_bear_step_down,2016-01-04,2025-12-31,100000.0000000000,2321517.8591617709,22.2151785916,0.3699521430,62,6.2058194026,21028.8400286953,-0.3656083988,2021-11-19,2023-03-10,476,2023-06-12,94.0000000000,570.0000000000,570,2021-11-19
decade_2016_2025,vo_qqq_cross_20_100_bull_step_up,2016-01-04,2025-12-31,100000.0000000000,1966815.7397009213,18.6681573970,0.3474039057,44,4.4041298986,11318.6013565651,-0.6555532517,2021-11-19,2022-09-30,315,2023-12-26,452.0000000000,767.0000000000,767,2021-11-19
decade_2016_2025,vo_qqq_cross_20_100_cut_confirm,2016-01-04,2025-12-31,100000.0000000000,1296218.5424163644,11.9621854242,0.2923265313,36,3.6033790079,6744.0593231027,-0.6844764260,2020-02-19,2020-03-16,26,2021-07-06,477.0000000000,503.0000000000,605,2021-11-19
decade_2016_2025,vo_qqq_cross_20_100_raise_confirm,2016-01-04,2025-12-31,100000.0000000000,2455237.5921465661,23.5523759215,0.3776529564,54,5.4050685119,23420.2825455928,-0.4494774659,2024-12-16,2025-04-07,112,,,,572,2021-11-19
decade_2016_2025,vo_qqq_cross_20_100_both_confirm,2016-01-04,2025-12-31,100000.0000000000,1318322.7680985471,12.1832276810,0.2945156405,23,2.3021588106,4764.4464522213,-0.6844770211,2020-02-19,2020-03-16,26,2021-07-06,477.0000000000,503.0000000000,754,2021-11-19
decade_2016_2025,vo_qqq_cross_20_200_trend_cap,2016-01-04,2025-12-31,100000.0000000000,2464976.1661982373,23.6497616620,0.3781989346,55,5.5051623733,18886.0030103829,-0.4184556043,2016-01-04,2016-06-27,175,2017-01-24,211.0000000000,386.0000000000,553,2021-11-19
decade_2016_2025,vo_qqq_cross_20_200_trend_floor,2016-01-04,2025-12-31,100000.0000000000,1595496.5350763658,14.9549653508,0.3194790282,30,3.0028158400,7312.9655428705,-0.7161579540,2020-02-19,2020-04-28,69,2021-04-15,352.0000000000,421.0000000000,601,2021-11-19
decade_2016_2025,vo_qqq_cross_20_200_blend,2016-01-04,2025-12-31,100000.0000000000,2270792.1667941147,21.7079216679,0.3669260855,79,7.9074150452,14175.7910406715,-0.5062592034,2020-02-19,2020-04-28,69,2020-09-01,126.0000000000,195.0000000000,570,2021-11-19
decade_2016_2025,vo_qqq_cross_20_200_bear_step_down,2016-01-04,2025-12-31,100000.0000000000,2780399.7389798225,26.8039973898,0.3949102635,57,5.7053500959,21161.0269569040,-0.3609375055,2016-01-04,2016-06-27,175,2016-10-10,105.0000000000,280.0000000000,553,2021-11-19
decade_2016_2025,vo_qqq_cross_20_200_bull_step_up,2016-01-04,2025-12-31,100000.0000000000,2359115.7289370606,22.5911572894,0.3721568964,39,3.9036605919,11630.8098107962,-0.5610340719,2021-11-19,2022-09-30,315,2023-07-13,286.0000000000,601.0000000000,601,2021-11-19
decade_2016_2025,vo_qqq_cross_20_200_cut_confirm,2016-01-04,2025-12-31,100000.0000000000,1229751.1178334695,11.2975111783,0.2855353228,32,3.2030035626,5989.3780674816,-0.7046893170,2020-02-19,2020-06-11,113,2021-08-23,438.0000000000,551.0000000000,605,2021-11-19
decade_2016_2025,vo_qqq_cross_20_200_raise_confirm,2016-01-04,2025-12-31,100000.0000000000,2727217.7511369362,26.2721775114,0.3922163831,52,5.2048807893,23835.6004530715,-0.4494769786,2024-12-16,2025-04-07,112,,,,553,2021-11-19
decade_2016_2025,vo_qqq_cross_20_200_both_confirm,2016-01-04,2025-12-31,100000.0000000000,1389222.5372972807,12.8922253730,0.3013210176,17,1.7015956426,3874.6863828782,-0.7046952752,2020-02-19,2020-06-11,113,2021-08-23,438.0000000000,551.0000000000,600,2021-11-19
decade_2016_2025,vo_qqq_cross_50_100_trend_cap,2016-01-04,2025-12-31,100000.0000000000,2243113.5697223712,21.4311356972,0.3652491630,61,6.1057255412,24270.4143814510,-0.3656696572,2016-01-04,2016-06-27,175,2016-10-24,119.0000000000,294.0000000000,545,2021-11-19
decade_2016_2025,vo_qqq_cross_50_100_trend_floor,2016-01-04,2025-12-31,100000.0000000000,1465426.4866531966,13.6542648665,0.3082954850,32,3.2030035626,8390.8955139551,-0.6992145919,2020-02-19,2020-03-20,30,2021-04-15,391.0000000000,421.0000000000,753,2021-11-19
decade_2016_2025,vo_qqq_cross_50_100_blend,2016-01-04,2025-12-31,100000.0000000000,2002551.4322559107,19.0255143226,0.3498345383,85,8.5079782132,16810.7337432693,-0.4915801738,2021-11-19,2022-10-12,327,2023-06-12,243.0000000000,570.0000000000,570,2021-11-19
decade_2016_2025,vo_qqq_cross_50_100_bear_step_down,2016-01-04,2025-12-31,100000.0000000000,2646648.5723796394,25.4664857238,0.3880437790,65,6.5061009866,26058.9198002289,-0.3498799874,2016-01-04,2016-06-27,175,2016-09-22,87.0000000000,262.0000000000,545,2021-11-19
decade_2016_2025,vo_qqq_cross_50_100_bull_step_up,2016-01-04,2025-12-31,100000.0000000000,2136089.6001628749,20.3608960016,0.3585847846,43,4.3040360373,13509.2888787990,-0.6271939916,2021-11-19,2022-09-30,315,2023-07-17,290.0000000000,605.0000000000,605,2021-11-19
decade_2016_2025,vo_qqq_cross_50_100_cut_confirm,2016-01-04,2025-12-31,100000.0000000000,1426290.8159628373,13.2629081596,0.3047555236,31,3.1029097013,7837.5771100003,-0.6992145919,2020-02-19,2020-03-20,30,2021-06-22,459.0000000000,489.0000000000,606,2021-11-19
decade_2016_2025,vo_qqq_cross_50_100_raise_confirm,2016-01-04,2025-12-31,100000.0000000000,2765556.7505721655,26.6555675057,0.3941631040,55,5.5051623733,26486.6084574508,-0.4494793918,2024-12-16,2025-04-07,112,,,,545,2021-11-19
decade_2016_2025,vo_qqq_cross_50_100_both_confirm,2016-01-04,2025-12-31,100000.0000000000,1631992.0450524515,15.3199204505,0.3224693975,19,1.9017833653,6749.9790452964,-0.6992148895,2020-02-19,2020-03-20,30,2021-06-28,465.0000000000,495.0000000000,573,2021-11-19
decade_2016_2025,vo_qqq_cross_50_150_trend_cap,2016-01-04,2025-12-31,100000.0000000000,1947517.9548551086,18.4751795486,0.3460747554,52,5.2048807893,19438.9118172533,-0.4509808881,2024-12-16,2025-07-01,197,,,,545,2021-11-19
decade_2016_2025,vo_qqq_cross_50_150_trend_floor,2016-01-04,2025-12-31,100000.0000000000,1585165.0648293807,14.8516506483,0.3186213094,29,2.9027219786,7211.2357139776,-0.6992164135,2020-02-19,2020-03-20,30,2020-08-31,164.0000000000,194.0000000000,605,2021-11-19
decade_2016_2025,vo_qqq_cross_50_150_blend,2016-01-04,2025-12-31,100000.0000000000,1910194.8228296337,18.1019482283,0.3434701146,77,7.7072273226,13651.8128075886,-0.4975103467,2024-12-16,2025-04-07,112,,,,570,2021-11-19
decade_2016_2025,vo_qqq_cross_50_150_bear_step_down,2016-01-04,2025-12-31,100000.0000000000,2180500.4778089016,20.8050047781,0.3613859283,55,5.5051623733,20718.1704135593,-0.4551025110,2024-12-16,2025-06-05,171,,,,545,2021-11-19
decade_2016_2025,vo_qqq_cross_50_150_bull_step_up,2016-01-04,2025-12-31,100000.0000000000,1877486.1493938591,17.7748614939,0.3411495672,39,3.9036605919,10450.7805591116,-0.5795193388,2024-12-16,2025-04-07,112,,,,601,2021-11-19
decade_2016_2025,vo_qqq_cross_50_150_cut_confirm,2016-01-04,2025-12-31,100000.0000000000,1409431.3700021675,13.0943137000,0.3032035194,29,2.9027219786,6810.0399435992,-0.6992164135,2020-02-19,2020-03-20,30,2020-09-01,165.0000000000,195.0000000000,754,2021-11-19
decade_2016_2025,vo_qqq_cross_50_150_raise_confirm,2016-01-04,2025-12-31,100000.0000000000,2276182.9889076473,21.7618298891,0.3672505495,51,5.1047869279,22612.1593346607,-0.4509797384,2024-12-16,2025-07-01,197,,,,545,2021-11-19
decade_2016_2025,vo_qqq_cross_50_150_both_confirm,2016-01-04,2025-12-31,100000.0000000000,1324549.9375088946,12.2454993751,0.2951263890,13,1.3012201973,4171.8756255240,-0.6992121914,2020-02-19,2020-03-20,30,2020-09-02,166.0000000000,196.0000000000,601,2021-11-19
decade_2016_2025,vo_qqq_cross_50_200_trend_cap,2016-01-04,2025-12-31,100000.0000000000,2299698.3358748108,21.9969833587,0.3686578584,52,5.2048807893,21203.6770114621,-0.4494776292,2024-12-16,2025-04-07,112,,,,544,2021-11-19
decade_2016_2025,vo_qqq_cross_50_200_trend_floor,2016-01-04,2025-12-31,100000.0000000000,1998348.1083853717,18.9834810839,0.3495506761,28,2.8026281173,8102.8424651321,-0.6992197144,2020-02-19,2020-03-20,30,2020-08-26,159.0000000000,189.0000000000,600,2021-11-19
decade_2016_2025,vo_qqq_cross_50_200_blend,2016-01-04,2025-12-31,100000.0000000000,2342327.6838429682,22.4232768384,0.3711763757,76,7.6071334612,15132.8395308364,-0.5126524482,2024-12-16,2025-04-08,113,,,,553,2021-11-19
decade_2016_2025,vo_qqq_cross_50_200_bear_step_down,2016-01-04,2025-12-31,100000.0000000000,2495013.6310256822,23.9501363103,0.3798707966,55,5.5051623733,22458.2811726323,-0.4551040828,2024-12-16,2025-06-05,171,,,,544,2021-11-19
decade_2016_2025,vo_qqq_cross_50_200_bull_step_up,2016-01-04,2025-12-31,100000.0000000000,2207105.5771253165,21.0710557713,0.3630395071,38,3.8035667306,11236.2021943786,-0.5921933462,2024-12-16,2025-04-08,113,,,,573,2021-11-19
decade_2016_2025,vo_qqq_cross_50_200_cut_confirm,2016-01-04,2025-12-31,100000.0000000000,1633246.4335917537,15.3324643359,0.3225711060,29,2.9027219786,7317.9451493161,-0.6992197144,2020-02-19,2020-03-20,30,2020-09-01,165.0000000000,195.0000000000,753,2021-11-19
decade_2016_2025,vo_qqq_cross_50_200_raise_confirm,2016-01-04,2025-12-31,100000.0000000000,2612916.7347625904,25.1291673476,0.3862628036,51,5.1047869279,23992.6846521441,-0.4494776692,2024-12-16,2025-04-07,112,,,,544,2021-11-19
decade_2016_2025,vo_qqq_cross_50_200_both_confirm,2016-01-04,2025-12-31,100000.0000000000,1753402.0661649101,16.5340206616,0.3320020823,13,1.3012201973,4771.4277374373,-0.6992102107,2020-02-19,2020-03-20,30,2020-09-01,165.0000000000,195.0000000000,571,2021-11-19
decade_2016_2025,vo_qqq_cross_100_200_trend_cap,2016-01-04,2025-12-31,100000.0000000000,1645115.4391274040,15.4511543913,0.3235300057,59,5.9055378186,21056.8897462005,-0.4494744479,2024-12-16,2025-04-07,112,,,,553,2021-11-19
decade_2016_2025,vo_qqq_cross_100_200_trend_floor,2016-01-04,2025-12-31,100000.0000000000,3937939.1804569634,38.3793918046,0.4443639308,21,2.1019710880,7562.4601167536,-0.6992147057,2020-02-19,2020-03-20,30,2020-07-10,112.0000000000,142.0000000000,754,2021-11-19
decade_2016_2025,vo_qqq_cross_100_200_blend,2016-01-04,2025-12-31,100000.0000000000,2845533.4882184304,27.4553348822,0.3981470795,77,7.7072273226,17043.7147485453,-0.5126500474,2024-12-16,2025-04-08,113,2025-10-27,202.0000000000,315.0000000000,572,2021-11-19
decade_2016_2025,vo_qqq_cross_100_200_bear_step_down,2016-01-04,2025-12-31,100000.0000000000,2068984.9206538680,19.6898492065,0.3542512068,61,6.1057255412,22124.6507864641,-0.4494755796,2024-12-16,2025-04-07,112,,,,553,2021-11-19
decade_2016_2025,vo_qqq_cross_100_200_bull_step_up,2016-01-04,2025-12-31,100000.0000000000,3085139.1149814771,29.8513911498,0.4095070762,35,3.5032851466,11553.5176312000,-0.5921925067,2024-12-16,2025-04-08,113,2025-10-28,203.0000000000,316.0000000000,606,2021-11-19
decade_2016_2025,vo_qqq_cross_100_200_cut_confirm,2016-01-04,2025-12-31,100000.0000000000,3618714.4306121380,35.1871443061,0.4321935688,21,2.1019710880,6964.0688311682,-0.6992194090,2020-02-19,2020-03-20,30,2020-07-10,112.0000000000,142.0000000000,754,2021-11-19
decade_2016_2025,vo_qqq_cross_100_200_raise_confirm,2016-01-04,2025-12-31,100000.0000000000,2088120.8988017889,19.8812089880,0.3554997382,53,5.3049746506,18907.1975683051,-0.4494815844,2024-12-16,2025-04-07,112,,,,553,2021-11-19
decade_2016_2025,vo_qqq_cross_100_200_both_confirm,2016-01-04,2025-12-31,100000.0000000000,3122379.5078004985,30.2237950780,0.4112008950,7,0.7006570293,2184.4116827593,-0.6992114700,2020-02-19,2020-03-20,30,2020-07-10,112.0000000000,142.0000000000,606,2021-11-19
decade_2016_2025,vo_qqq_cross_100_250_trend_cap,2016-01-04,2025-12-31,100000.0000000000,1852404.5889504454,17.5240458895,0.3393453561,59,5.9055378186,18734.0927891364,-0.4494789143,2024-12-16,2025-04-07,112,,,,570,2021-11-19
decade_2016_2025,vo_qqq_cross_100_250_trend_floor,2016-01-04,2025-12-31,100000.0000000000,3282218.6028771577,31.8221860288,0.4182704676,15,1.5014079200,4670.5857834867,-0.6992159950,2020-02-19,2020-03-20,30,2020-07-10,112.0000000000,142.0000000000,812,2021-11-19
decade_2016_2025,vo_qqq_cross_100_250_blend,2016-01-04,2025-12-31,100000.0000000000,2765018.3496343009,26.6501834963,0.3941359345,72,7.2067580159,13798.4765235280,-0.5126492189,2024-12-16,2025-04-08,113,2025-09-19,164.0000000000,277.0000000000,606,2021-11-19
decade_2016_2025,vo_qqq_cross_100_250_bear_step_down,2016-01-04,2025-12-31,100000.0000000000,2044771.2487744987,19.4477124877,0.3526564005,61,6.1057255412,20587.2063036815,-0.4494782170,2024-12-16,2025-04-07,112,,,,570,2021-11-19
decade_2016_2025,vo_qqq_cross_100_250_bull_step_up,2016-01-04,2025-12-31,100000.0000000000,2663855.6103101233,25.6385561031,0.3889444234,32,3.2030035626,10592.5878200713,-0.6390359123,2021-11-19,2022-09-30,315,2024-01-19,476.0000000000,791.0000000000,791,2021-11-19
decade_2016_2025,vo_qqq_cross_100_250_cut_confirm,2016-01-04,2025-12-31,100000.0000000000,3282218.6028771577,31.8221860288,0.4182704676,15,1.5014079200,4670.5857834867,-0.6992159950,2020-02-19,2020-03-20,30,2020-07-10,112.0000000000,142.0000000000,812,2021-11-19
decade_2016_2025,vo_qqq_cross_100_250_raise_confirm,2016-01-04,2025-12-31,100000.0000000000,1939580.7302982446,18.3958073030,0.3455246302,57,5.7053500959,19405.2183292757,-0.4494755748,2024-12-16,2025-04-07,112,,,,570,2021-11-19
decade_2016_2025,vo_qqq_cross_100_250_both_confirm,2016-01-04,2025-12-31,100000.0000000000,2630599.8663727450,25.3059986637,0.3871990017,5,0.5004693067,1886.2221831448,-0.6992146635,2020-02-19,2020-03-20,30,2020-07-10,112.0000000000,142.0000000000,833,2021-11-19
decade_2016_2025,vo_qqq_triple_5_20_100_trend_cap,2016-01-04,2025-12-31,100000.0000000000,1439915.7161275228,13.3991571613,0.3059977546,137,13.7128590025,33660.8981149377,-0.3549969756,2021-11-19,2022-10-27,342,2023-05-26,211.0000000000,553.0000000000,553,2021-11-19
decade_2016_2025,vo_qqq_triple_5_20_100_trend_floor,2016-01-04,2025-12-31,100000.0000000000,3303213.8375644945,32.0321383756,0.4191759354,75,7.5070395999,37760.6516884000,-0.5942783113,2021-11-19,2022-12-28,404,2023-12-13,350.0000000000,754.0000000000,754,2021-11-19
decade_2016_2025,vo_qqq_triple_5_20_100_blend,2016-01-04,2025-12-31,100000.0000000000,2264845.2496263757,21.6484524963,0.3665673459,208,20.8195231570,37981.7499647443,-0.4789600023,2021-11-19,2022-12-28,404,2023-06-15,169.0000000000,573.0000000000,573,2021-11-19
decade_2016_2025,vo_qqq_triple_5_20_100_bear_step_down,2016-01-04,2025-12-31,100000.0000000000,2109628.8059474435,20.0962880595,0.3568907955,178,17.8167073171,37094.3561916321,-0.3017387171,2024-12-16,2025-04-01,106,2025-09-19,171.0000000000,277.0000000000,553,2021-11-19
decade_2016_2025,vo_qqq_triple_5_20_100_bull_step_up,2016-01-04,2025-12-31,100000.0000000000,3158149.7617358854,30.5814976174,0.4128108152,106,10.6099493012,29885.4211371996,-0.6011255612,2021-11-19,2022-12-28,404,2023-07-18,202.0000000000,606.0000000000,606,2021-11-19
decade_2016_2025,vo_qqq_triple_5_20_100_cut_confirm,2016-01-04,2025-12-31,100000.0000000000,1103830.8897975637,10.0383088980,0.2717101646,36,3.6033790079,6061.7476951464,-0.6844782913,2020-02-19,2020-03-16,26,2021-07-06,477.0000000000,503.0000000000,754,2021-11-19
decade_2016_2025,vo_qqq_triple_5_20_100_raise_confirm,2016-01-04,2025-12-31,100000.0000000000,2086929.4503412424,19.8692945034,0.3554223030,46,4.6043176213,17972.6181832305,-0.4514824889,2024-12-16,2025-04-07,112,,,,572,2021-11-19
decade_2016_2025,vo_qqq_triple_5_20_100_both_confirm,2016-01-04,2025-12-31,100000.0000000000,1208860.2625270772,11.0886026253,0.2833325315,23,2.3021588106,4403.7103571740,-0.6844824166,2020-02-19,2020-03-16,26,2021-07-06,477.0000000000,503.0000000000,754,2021-11-19
decade_2016_2025,vo_qqq_triple_10_50_200_trend_cap,2016-01-04,2025-12-31,100000.0000000000,1378260.8047257196,12.7826080473,0.3002895723,74,7.4069457386,19655.0583517629,-0.4343426639,2024-12-16,2025-04-07,112,,,,553,2021-11-19
decade_2016_2025,vo_qqq_triple_10_50_200_trend_floor,2016-01-04,2025-12-31,100000.0000000000,2567760.7022709246,24.6776070227,0.3838459831,63,6.3059132639,23305.4799095623,-0.5848370062,2021-11-19,2022-12-28,404,2023-07-13,197.0000000000,601.0000000000,601,2021-11-19
decade_2016_2025,vo_qqq_triple_10_50_200_blend,2016-01-04,2025-12-31,100000.0000000000,2024010.2068796987,19.2401020688,0.3512754068,134,13.4125774185,22701.8660938279,-0.4579787739,2021-11-19,2022-12-28,404,2023-06-12,166.0000000000,570.0000000000,570,2021-11-19
decade_2016_2025,vo_qqq_triple_10_50_200_bear_step_down,2016-01-04,2025-12-31,100000.0000000000,1976305.3601708591,18.7630536017,0.3480532117,108,10.8101370238,25544.3436087654,-0.3763629276,2024-12-16,2025-04-07,112,2025-10-27,203.0000000000,315.0000000000,544,2021-11-19
decade_2016_2025,vo_qqq_triple_10_50_200_bull_step_up,2016-01-04,2025-12-31,100000.0000000000,2549258.7452525808,24.4925874525,0.3828446686,80,8.0075089065,20681.3816626399,-0.5911000785,2021-11-19,2022-12-28,404,2023-07-17,201.0000000000,605.0000000000,605,2021-11-19
decade_2016_2025,vo_qqq_triple_10_50_200_cut_confirm,2016-01-04,2025-12-31,100000.0000000000,2233881.4863650510,21.3388148637,0.3646856896,26,2.6024403946,9088.0916840361,-0.6992197144,2020-02-19,2020-03-20,30,2020-07-10,112.0000000000,142.0000000000,753,2021-11-19
decade_2016_2025,vo_qqq_triple_10_50_200_raise_confirm,2016-01-04,2025-12-31,100000.0000000000,2197613.9665568639,20.9761396656,0.3624516462,43,4.3040360373,18163.7086385567,-0.4514827445,2024-12-16,2025-04-07,112,,,,544,2021-11-19
decade_2016_2025,vo_qqq_triple_10_50_200_both_confirm,2016-01-04,2025-12-31,100000.0000000000,2398243.7377665350,22.9824373777,0.3744180516,10,1.0009386133,5673.1605497309,-0.6992102107,2020-02-19,2020-03-20,30,2020-07-10,112.0000000000,142.0000000000,571,2021-11-19
decade_2016_2025,vo_qqq_triple_20_50_200_trend_cap,2016-01-04,2025-12-31,100000.0000000000,1335216.2173351678,12.3521621734,0.2961665385,80,8.0075089065,20810.9116553833,-0.4494733262,2024-12-16,2025-04-07,112,,,,572,2021-11-19
decade_2016_2025,vo_qqq_triple_20_50_200_trend_floor,2016-01-04,2025-12-31,100000.0000000000,2335611.5955913463,22.3561159559,0.3707823446,43,4.3040360373,12539.1313501904,-0.5713018558,2020-02-19,2020-03-20,30,2020-08-18,151.0000000000,181.0000000000,600,2021-11-19
decade_2016_2025,vo_qqq_triple_20_50_200_blend,2016-01-04,2025-12-31,100000.0000000000,1915184.5378535728,18.1518453785,0.3438209663,118,11.8110756372,18626.5660386894,-0.4859852828,2021-11-19,2022-12-28,404,2023-06-15,169.0000000000,573.0000000000,573,2021-11-19
decade_2016_2025,vo_qqq_triple_20_50_200_bear_step_down,2016-01-04,2025-12-31,100000.0000000000,2108801.5379428631,20.0880153794,0.3568375272,97,9.7091045492,24564.9501747964,-0.3723388146,2024-12-16,2025-04-07,112,2025-10-27,203.0000000000,315.0000000000,553,2021-11-19
decade_2016_2025,vo_qqq_triple_20_50_200_bull_step_up,2016-01-04,2025-12-31,100000.0000000000,2256929.6120411395,21.5692961204,0.3660885286,68,6.8063825706,15390.2958050690,-0.6132440029,2021-11-19,2022-12-28,404,2023-12-12,349.0000000000,753.0000000000,753,2021-11-19
decade_2016_2025,vo_qqq_triple_20_50_200_cut_confirm,2016-01-04,2025-12-31,100000.0000000000,2331018.3374958178,22.3101833750,0.3705122719,22,2.2020649493,7837.6613245582,-0.6992197144,2020-02-19,2020-03-20,30,2020-07-10,112.0000000000,142.0000000000,605,2021-11-19
decade_2016_2025,vo_qqq_triple_20_50_200_raise_confirm,2016-01-04,2025-12-31,100000.0000000000,2520245.9856454656,24.2024598565,0.3812612698,49,4.9045992053,22914.5433888207,-0.4494777200,2024-12-16,2025-04-07,112,,,,544,2021-11-19
decade_2016_2025,vo_qqq_triple_20_50_200_both_confirm,2016-01-04,2025-12-31,100000.0000000000,2398243.7377665350,22.9824373777,0.3744180516,10,1.0009386133,5673.1605497309,-0.6992102107,2020-02-19,2020-03-20,30,2020-07-10,112.0000000000,142.0000000000,571,2021-11-19
decade_2016_2025,vo_qqq_triple_20_100_200_trend_cap,2016-01-04,2025-12-31,100000.0000000000,1650021.1106057386,15.5002111061,0.3239245187,63,6.3059132639,20302.9290784670,-0.4494819033,2024-12-16,2025-04-07,112,,,,570,2021-11-19
decade_2016_2025,vo_qqq_triple_20_100_200_trend_floor,2016-01-04,2025-12-31,100000.0000000000,2942578.2584185982,28.4257825842,0.4028481344,33,3.3030974240,8555.6256255426,-0.6844824614,2020-02-19,2020-03-16,26,2020-08-26,163.0000000000,189.0000000000,606,2021-11-19
decade_2016_2025,vo_qqq_triple_20_100_200_blend,2016-01-04,2025-12-31,100000.0000000000,2591536.8257922987,24.9153682579,0.3851232425,93,9.3087291039,16780.1133076676,-0.4871530261,2020-02-19,2020-03-20,30,2020-08-18,151.0000000000,181.0000000000,573,2021-11-19
decade_2016_2025,vo_qqq_triple_20_100_200_bear_step_down,2016-01-04,2025-12-31,100000.0000000000,2227623.2202983047,21.2762322030,0.3643025279,75,7.5070395999,21798.7039207228,-0.3876165708,2024-12-16,2025-04-07,112,2025-10-28,204.0000000000,316.0000000000,559,2021-11-19
decade_2016_2025,vo_qqq_triple_20_100_200_bull_step_up,2016-01-04,2025-12-31,100000.0000000000,2736886.9405281264,26.3688694053,0.3927096621,49,4.9045992053,12157.5252160562,-0.6141371648,2021-11-19,2022-09-30,315,2023-12-13,439.0000000000,754.0000000000,754,2021-11-19
decade_2016_2025,vo_qqq_triple_20_100_200_cut_confirm,2016-01-04,2025-12-31,100000.0000000000,3833491.6798992567,37.3349167990,0.4404828458,19,1.9017833653,7285.8407866570,-0.6992198903,2020-02-19,2020-03-20,30,2020-07-10,112.0000000000,142.0000000000,754,2021-11-19
decade_2016_2025,vo_qqq_triple_20_100_200_raise_confirm,2016-01-04,2025-12-31,100000.0000000000,2278334.5551159545,21.7833455512,0.3673798555,51,5.1047869279,20244.7738483547,-0.4494795664,2024-12-16,2025-04-07,112,,,,553,2021-11-19
decade_2016_2025,vo_qqq_triple_20_100_200_both_confirm,2016-01-04,2025-12-31,100000.0000000000,3307742.9122055760,32.0774291221,0.4193705829,5,0.5004693067,2222.4731115230,-0.6992134919,2020-02-19,2020-03-20,30,2020-07-10,112.0000000000,142.0000000000,606,2021-11-19
decade_2016_2025,vo_qqq_triple_50_100_200_trend_cap,2016-01-04,2025-12-31,100000.0000000000,1901556.7437441316,18.0155674374,0.3428607738,67,6.7062887092,22774.0835725190,-0.4494774332,2024-12-16,2025-04-07,112,,,,545,2021-11-19
decade_2016_2025,vo_qqq_triple_50_100_200_trend_floor,2016-01-04,2025-12-31,100000.0000000000,2752322.9670992331,26.5232296710,0.3934938987,29,2.9027219786,9576.6202201906,-0.6992203087,2020-02-19,2020-03-20,30,2020-08-26,159.0000000000,189.0000000000,754,2021-11-19
decade_2016_2025,vo_qqq_triple_50_100_200_blend,2016-01-04,2025-12-31,100000.0000000000,2594319.2500021183,24.9431925000,0.3852720251,95,9.5089168265,17963.2290544936,-0.4909407785,2020-02-19,2020-03-20,30,2020-08-24,157.0000000000,187.0000000000,571,2021-11-19
decade_2016_2025,vo_qqq_triple_50_100_200_bear_step_down,2016-01-04,2025-12-31,100000.0000000000,2376122.6293890430,22.7612262939,0.3731438177,79,7.9074150452,24424.0321425479,-0.3915993372,2024-12-16,2025-04-07,112,,,,553,2021-11-19
decade_2016_2025,vo_qqq_triple_50_100_200_bull_step_up,2016-01-04,2025-12-31,100000.0000000000,2791805.4362268224,26.9180543623,0.3954819633,48,4.8045053439,13413.6660884722,-0.6038811549,2021-11-19,2022-09-30,315,2023-07-18,291.0000000000,606.0000000000,606,2021-11-19
decade_2016_2025,vo_qqq_triple_50_100_200_cut_confirm,2016-01-04,2025-12-31,100000.0000000000,3649647.4309499450,35.4964743095,0.4334142782,17,1.7015956426,6453.0836515397,-0.6992198903,2020-02-19,2020-03-20,30,2020-07-10,112.0000000000,142.0000000000,759,2021-11-19
decade_2016_2025,vo_qqq_triple_50_100_200_raise_confirm,2016-01-04,2025-12-31,100000.0000000000,1634430.3485513362,15.3443034855,0.3226670358,50,5.0046930666,18913.2179131324,-0.4766496581,2024-12-16,2025-08-21,248,,,,553,2021-11-19
decade_2016_2025,vo_qqq_triple_50_100_200_both_confirm,2016-01-04,2025-12-31,100000.0000000000,3307742.9122055760,32.0774291221,0.4193705829,5,0.5004693067,2222.4731115230,-0.6992134919,2020-02-19,2020-03-20,30,2020-07-10,112.0000000000,142.0000000000,606,2021-11-19
decade_2016_2025,vo_qqq_triple_50_150_200_trend_cap,2016-01-04,2025-12-31,100000.0000000000,1657362.3198765176,15.5736231988,0.3245129299,57,5.7053500959,15282.2734611902,-0.4494737063,2024-12-16,2025-04-07,112,,,,553,2021-11-19
decade_2016_2025,vo_qqq_triple_50_150_200_trend_floor,2016-01-04,2025-12-31,100000.0000000000,2479594.8686115127,23.7959486861,0.3790148767,27,2.7025342560,7141.0834931256,-0.6992131358,2020-02-19,2020-03-20,30,2020-08-20,153.0000000000,183.0000000000,767,2021-11-19
decade_2016_2025,vo_qqq_triple_50_150_200_blend,2016-01-04,2025-12-31,100000.0000000000,2222427.8312347317,21.2242783123,0.3639837042,83,8.3077904905,12976.9773098207,-0.4975071814,2024-12-16,2025-04-07,112,2025-10-29,205.0000000000,317.0000000000,573,2021-11-19
decade_2016_2025,vo_qqq_triple_50_150_200_bear_step_down,2016-01-04,2025-12-31,100000.0000000000,1970579.8776277667,18.7057987763,0.3476617950,67,6.7062887092,18633.6420903299,-0.4494749106,2024-12-16,2025-04-07,112,,,,553,2021-11-19
decade_2016_2025,vo_qqq_triple_50_150_200_bull_step_up,2016-01-04,2025-12-31,100000.0000000000,2343064.1697907289,22.4306416979,0.3712195232,45,4.5042237599,10637.3082782314,-0.5925843965,2021-11-19,2022-09-30,315,2023-12-12,438.0000000000,753.0000000000,753,2021-11-19
decade_2016_2025,vo_qqq_triple_50_150_200_cut_confirm,2016-01-04,2025-12-31,100000.0000000000,3291615.7616670826,31.9161576167,0.4186763842,17,1.7015956426,5072.8507590092,-0.6992193142,2020-02-19,2020-03-20,30,2020-07-10,112.0000000000,142.0000000000,796,2021-11-19
decade_2016_2025,vo_qqq_triple_50_150_200_raise_confirm,2016-01-04,2025-12-31,100000.0000000000,1759129.6839817378,16.5912968398,0.3324369603,46,4.6043176213,18486.9899827180,-0.4509792585,2024-12-16,2025-07-01,197,,,,570,2021-11-19
decade_2016_2025,vo_qqq_triple_50_150_200_both_confirm,2016-01-04,2025-12-31,100000.0000000000,2974496.1952361544,28.7449619524,0.4043638391,6,0.6005631680,1817.6804726726,-0.6992192535,2020-02-19,2020-03-20,30,2020-07-10,112.0000000000,142.0000000000,833,2021-11-19
decade_2016_2025,vo_tqqq_price_sma_20_trend_cap,2016-01-04,2025-12-31,100000.0000000000,568191.9083996967,4.6819190840,0.1899270093,244,24.4229021650,60675.4632546978,-0.3571685021,2020-09-02,2021-03-30,209,2021-11-03,218.0000000000,427.0000000000,553,2021-11-19
decade_2016_2025,vo_tqqq_price_sma_20_trend_floor,2016-01-04,2025-12-31,100000.0000000000,3914318.3369278871,38.1431833693,0.4434943989,115,11.5107940532,64886.1867221899,-0.6274994262,2021-11-19,2022-12-28,404,2023-07-18,202.0000000000,606.0000000000,668,2018-01-26
decade_2016_2025,vo_tqqq_price_sma_20_blend,2016-01-04,2025-12-31,100000.0000000000,1685406.5119871325,15.8540651199,0.3267393401,302,30.2283461222,83760.5765079754,-0.4674109983,2021-11-19,2022-12-28,404,2023-06-12,166.0000000000,570.0000000000,570,2021-11-19
decade_2016_2025,vo_tqqq_price_sma_20_bear_step_down,2016-01-04,2025-12-31,100000.0000000000,1351666.5334519222,12.5166653345,0.2977561660,259,25.9243100850,67332.0101077434,-0.3047779149,2020-09-02,2021-05-12,252,2021-08-23,103.0000000000,355.0000000000,545,2021-11-19
decade_2016_2025,vo_tqqq_price_sma_20_bull_step_up,2016-01-04,2025-12-31,100000.0000000000,3511178.7037927401,34.1117870379,0.4278755321,119,11.9111694985,55021.1393917329,-0.5725521761,2021-11-19,2022-12-28,404,2023-06-15,169.0000000000,573.0000000000,658,2018-01-26
decade_2016_2025,vo_tqqq_price_sma_20_cut_confirm,2016-01-04,2025-12-31,100000.0000000000,1824664.6992907149,17.2466469929,0.3373241376,61,6.1057255412,19921.1562350173,-0.5168394280,2021-11-19,2022-12-28,404,2023-07-13,197.0000000000,601.0000000000,601,2021-11-19
decade_2016_2025,vo_tqqq_price_sma_20_raise_confirm,2016-01-04,2025-12-31,100000.0000000000,2568862.7685382920,24.6886276854,0.3839054212,49,4.9045992053,21225.9848722541,-0.4514830461,2024-12-16,2025-04-07,112,,,,553,2021-11-19
decade_2016_2025,vo_tqqq_price_sma_20_both_confirm,2016-01-04,2025-12-31,100000.0000000000,1995024.5268140538,18.9502452681,0.3493258446,43,4.3040360373,15870.0325887746,-0.4514805618,2024-12-16,2025-04-07,112,,,,572,2021-11-19
decade_2016_2025,vo_tqqq_price_sma_50_trend_cap,2016-01-04,2025-12-31,100000.0000000000,1359496.3884515045,12.5949638845,0.2985066742,159,15.9149239518,52039.5834631744,-0.3622366035,2020-09-02,2021-06-03,274,2021-11-18,168.0000000000,442.0000000000,552,2021-11-19
decade_2016_2025,vo_tqqq_price_sma_50_trend_floor,2016-01-04,2025-12-31,100000.0000000000,2298604.7552073030,21.9860475521,0.3685926993,108,10.8101370238,51853.1432300605,-0.6393184445,2021-11-19,2022-12-28,404,2024-01-19,387.0000000000,791.0000000000,791,2021-11-19
decade_2016_2025,vo_tqqq_price_sma_50_blend,2016-01-04,2025-12-31,100000.0000000000,1891361.5406847580,17.9136154068,0.3421383783,225,22.5211187997,56930.4578004696,-0.4642983401,2021-11-19,2022-12-28,404,2023-06-15,169.0000000000,573.0000000000,573,2021-11-19
decade_2016_2025,vo_tqqq_price_sma_50_bear_step_down,2016-01-04,2025-12-31,100000.0000000000,1983394.0404372718,18.8339404044,0.3485364106,174,17.4163318717,52182.5498440461,-0.3450625535,2020-09-02,2021-05-12,252,2021-08-30,110.0000000000,362.0000000000,552,2021-11-19
decade_2016_2025,vo_tqqq_price_sma_50_bull_step_up,2016-01-04,2025-12-31,100000.0000000000,2486878.3245753190,23.8687832458,0.3794197879,115,11.5107940532,47159.8060883005,-0.5940270142,2021-11-19,2022-12-28,404,2023-12-13,350.0000000000,754.0000000000,754,2021-11-19
decade_2016_2025,vo_tqqq_price_sma_50_cut_confirm,2016-01-04,2025-12-31,100000.0000000000,2588755.0591265475,24.8875505913,0.3849743513,59,5.9055378186,25743.5644405328,-0.4929608639,2021-11-19,2022-09-30,315,2023-06-13,256.0000000000,571.0000000000,571,2021-11-19
decade_2016_2025,vo_tqqq_price_sma_50_raise_confirm,2016-01-04,2025-12-31,100000.0000000000,2465803.1524363924,23.6580315244,0.3782452088,47,4.7044114826,20023.1951070044,-0.4514815955,2024-12-16,2025-04-07,112,,,,557,2021-11-19
decade_2016_2025,vo_tqqq_price_sma_50_both_confirm,2016-01-04,2025-12-31,100000.0000000000,2716956.1431601560,26.1695614316,0.3916911571,39,3.9036605919,19177.4048263314,-0.4514843526,2024-12-16,2025-04-07,112,,,,570,2021-11-19
decade_2016_2025,vo_tqqq_price_sma_100_trend_cap,2016-01-04,2025-12-31,100000.0000000000,520945.7837762068,4.2094578378,0.1796319638,152,15.2142669224,23543.6019618215,-0.4470526897,2018-01-26,2019-10-08,620,2020-02-14,129.0000000000,749.0000000000,1013,2020-09-02
decade_2016_2025,vo_tqqq_price_sma_100_trend_floor,2016-01-04,2025-12-31,100000.0000000000,1584687.8058560241,14.8468780586,0.3185815659,90,9.0084475199,26303.8706065541,-0.6030772477,2021-11-19,2022-09-30,315,2023-07-18,291.0000000000,606.0000000000,606,2021-11-19
decade_2016_2025,vo_tqqq_price_sma_100_blend,2016-01-04,2025-12-31,100000.0000000000,972170.3902861564,8.7217039029,0.2556452259,187,18.7175520691,28235.8533985338,-0.4634530492,2021-11-19,2022-09-30,315,2023-06-14,257.0000000000,572.0000000000,706,2018-01-26
decade_2016_2025,vo_tqqq_price_sma_100_bear_step_down,2016-01-04,2025-12-31,100000.0000000000,957265.4447455355,8.5726544475,0.2537048883,161,16.1151116744,27471.6880289227,-0.3788066033,2020-02-19,2020-06-11,113,2020-09-01,82.0000000000,195.0000000000,557,2021-11-19
decade_2016_2025,vo_tqqq_price_sma_100_bull_step_up,2016-01-04,2025-12-31,100000.0000000000,1611402.9703351674,15.1140297034,0.3207898590,95,9.5089168265,26530.7513242616,-0.6030810736,2021-11-19,2022-09-30,315,2023-07-18,291.0000000000,606.0000000000,606,2021-11-19
decade_2016_2025,vo_tqqq_price_sma_100_cut_confirm,2016-01-04,2025-12-31,100000.0000000000,2011705.3091833703,19.1170530918,0.3504508747,51,5.1047869279,15731.4519184404,-0.4903805065,2021-11-19,2022-09-30,315,2023-06-13,256.0000000000,571.0000000000,571,2021-11-19
decade_2016_2025,vo_tqqq_price_sma_100_raise_confirm,2016-01-04,2025-12-31,100000.0000000000,2193739.5847449508,20.9373958474,0.3622110303,51,5.1047869279,21517.7375982426,-0.4549240692,2024-12-16,2025-05-30,165,,,,571,2021-11-19
decade_2016_2025,vo_tqqq_price_sma_100_both_confirm,2016-01-04,2025-12-31,100000.0000000000,1824730.1677706721,17.2473016777,0.3373289403,35,3.5032851466,11503.8158406294,-0.4552404026,2024-12-16,2025-05-30,165,,,,573,2021-11-19
decade_2016_2025,vo_tqqq_price_sma_150_trend_cap,2016-01-04,2025-12-31,100000.0000000000,1352194.8670283540,12.5219486703,0.2978069309,100,10.0093861332,21226.7566780689,-0.4713959204,2018-01-26,2019-10-08,620,2020-02-19,134.0000000000,754.0000000000,754,2018-01-26
decade_2016_2025,vo_tqqq_price_sma_150_trend_floor,2016-01-04,2025-12-31,100000.0000000000,1769883.5963309677,16.6988359633,0.3332500363,67,6.7062887092,17581.0780363575,-0.5523687785,2020-02-19,2020-05-19,90,2020-09-02,106.0000000000,196.0000000000,624,2018-03-12
decade_2016_2025,vo_tqqq_price_sma_150_blend,2016-01-04,2025-12-31,100000.0000000000,1667639.8309402259,15.6763983094,0.3253327630,130,13.0122019731,21055.9332409951,-0.4407147252,2020-02-19,2020-05-19,90,2020-08-31,104.0000000000,194.0000000000,713,2018-01-26
decade_2016_2025,vo_tqqq_price_sma_150_bear_step_down,2016-01-04,2025-12-31,100000.0000000000,1773006.7215804006,16.7300672158,0.3334853348,104,10.4097615785,24275.6910895783,-0.3650218866,2018-01-26,2019-10-08,620,2020-01-09,93.0000000000,713.0000000000,713,2018-01-26
decade_2016_2025,vo_tqqq_price_sma_150_bull_step_up,2016-01-04,2025-12-31,100000.0000000000,1994060.8947057431,18.9406089471,0.3492605944,75,7.5070395999,20514.5853993866,-0.5187188740,2021-11-19,2022-09-30,315,2023-06-15,258.0000000000,573.0000000000,624,2018-03-12
decade_2016_2025,vo_tqqq_price_sma_150_cut_confirm,2016-01-04,2025-12-31,100000.0000000000,1970180.7223776407,18.7018072238,0.3476344690,45,4.5042237599,12983.5502735056,-0.5136244853,2021-11-19,2022-09-30,315,2023-06-15,258.0000000000,573.0000000000,573,2021-11-19
decade_2016_2025,vo_tqqq_price_sma_150_raise_confirm,2016-01-04,2025-12-31,100000.0000000000,2379071.2373508224,22.7907123735,0.3733142804,49,4.9045992053,21782.4334678489,-0.4607194795,2024-12-16,2025-06-05,171,,,,553,2021-11-19
decade_2016_2025,vo_tqqq_price_sma_150_both_confirm,2016-01-04,2025-12-31,100000.0000000000,2000584.1441230453,19.0058414412,0.3497017487,27,2.7025342560,8898.3006205150,-0.4991004379,2024-07-10,2025-06-05,330,,,,570,2021-11-19
decade_2016_2025,vo_tqqq_price_sma_200_trend_cap,2016-01-04,2025-12-31,100000.0000000000,2274731.9753702460,21.7473197537,0.3671632837,83,8.3077904905,31122.9980838319,-0.3477116128,2018-08-29,2019-08-05,341,2019-12-26,143.0000000000,484.0000000000,545,2021-11-19
decade_2016_2025,vo_tqqq_price_sma_200_trend_floor,2016-01-04,2025-12-31,100000.0000000000,3348199.8044351181,32.4819980444,0.4210987502,51,5.1047869279,28627.7912955850,-0.5203375210,2021-11-19,2022-09-30,315,2023-06-15,258.0000000000,573.0000000000,573,2021-11-19
decade_2016_2025,vo_tqqq_price_sma_200_blend,2016-01-04,2025-12-31,100000.0000000000,2934361.9166714903,28.3436191667,0.4024555665,116,11.6108879145,32677.1768503826,-0.3811322746,2024-12-16,2025-05-21,156,2025-10-27,159.0000000000,315.0000000000,557,2021-11-19
decade_2016_2025,vo_tqqq_price_sma_200_bear_step_down,2016-01-04,2025-12-31,100000.0000000000,2927924.3369761873,28.2792433698,0.4021472941,89,8.9083536585,34314.5031742830,-0.3314156262,2023-07-19,2023-10-26,99,2023-12-13,48.0000000000,147.0000000000,545,2021-11-19
decade_2016_2025,vo_tqqq_price_sma_200_bull_step_up,2016-01-04,2025-12-31,100000.0000000000,3453120.8833388318,33.5312088334,0.4254945354,59,5.9055378186,28881.5943405763,-0.5203387669,2021-11-19,2022-09-30,315,2023-06-15,258.0000000000,573.0000000000,573,2021-11-19
decade_2016_2025,vo_tqqq_price_sma_200_cut_confirm,2016-01-04,2025-12-31,100000.0000000000,2363369.8992970395,22.6336989930,0.3724043676,40,4.0037544533,13795.8056993917,-0.5203369254,2021-11-19,2022-09-30,315,2023-06-15,258.0000000000,573.0000000000,573,2021-11-19
decade_2016_2025,vo_tqqq_price_sma_200_raise_confirm,2016-01-04,2025-12-31,100000.0000000000,2357759.1111208089,22.5775911112,0.3720778955,50,5.0046930666,21239.3176845239,-0.4538719704,2024-12-16,2025-06-05,171,,,,553,2021-11-19
decade_2016_2025,vo_tqqq_price_sma_200_both_confirm,2016-01-04,2025-12-31,100000.0000000000,2302556.4211009634,22.0255642110,0.3688280209,23,2.3021588106,8728.9058641155,-0.4813640194,2020-02-19,2020-03-09,19,2020-08-26,170.0000000000,189.0000000000,570,2021-11-19
decade_2016_2025,vo_tqqq_price_sma_250_trend_cap,2016-01-04,2025-12-31,100000.0000000000,2620802.6074613705,25.2080260746,0.3866810076,74,7.4069457386,29390.2510108635,-0.3314157971,2023-07-19,2023-10-26,99,2023-12-12,47.0000000000,146.0000000000,553,2021-11-19
decade_2016_2025,vo_tqqq_price_sma_250_trend_floor,2016-01-04,2025-12-31,100000.0000000000,1986026.5854313904,18.8602658543,0.3487154620,50,5.0046930666,15796.8621608098,-0.6188914179,2020-02-19,2020-05-14,85,2020-12-31,231.0000000000,316.0000000000,601,2021-11-19
decade_2016_2025,vo_tqqq_price_sma_250_blend,2016-01-04,2025-12-31,100000.0000000000,2443117.0698074945,23.4311706981,0.3769707093,111,11.1104186078,23858.0569755487,-0.4657126889,2020-02-19,2020-05-14,85,2020-08-31,109.0000000000,194.0000000000,570,2021-11-19
decade_2016_2025,vo_tqqq_price_sma_250_bear_step_down,2016-01-04,2025-12-31,100000.0000000000,2890900.1364558092,27.9090013646,0.4003624068,80,8.0075089065,29090.7697689146,-0.3314155009,2023-07-19,2023-10-26,99,2023-12-12,47.0000000000,146.0000000000,553,2021-11-19
decade_2016_2025,vo_tqqq_price_sma_250_bull_step_up,2016-01-04,2025-12-31,100000.0000000000,2503635.0017491220,24.0363500175,0.3803473098,57,5.7053500959,18126.8367408259,-0.5566711056,2021-11-19,2022-09-30,315,2023-07-13,286.0000000000,601.0000000000,601,2021-11-19
decade_2016_2025,vo_tqqq_price_sma_250_cut_confirm,2016-01-04,2025-12-31,100000.0000000000,2408952.7880581906,23.0895278806,0.3750311256,38,3.8035667306,11306.7689376618,-0.5464876319,2021-11-19,2022-09-30,315,2023-07-13,286.0000000000,601.0000000000,601,2021-11-19
decade_2016_2025,vo_tqqq_price_sma_250_raise_confirm,2016-01-04,2025-12-31,100000.0000000000,2324113.5394224008,22.2411353942,0.3701053836,50,5.0046930666,21185.0046043241,-0.4549209903,2024-12-16,2025-05-30,165,,,,553,2021-11-19
decade_2016_2025,vo_tqqq_price_sma_250_both_confirm,2016-01-04,2025-12-31,100000.0000000000,2313484.7206661096,22.1348472067,0.3694769138,21,2.1019710880,6687.1135245259,-0.4813632651,2020-02-19,2020-03-09,19,2020-08-26,170.0000000000,189.0000000000,573,2021-11-19
decade_2016_2025,vo_tqqq_cross_5_20_trend_cap,2016-01-04,2025-12-31,100000.0000000000,1052368.0511823434,9.5236805118,0.2656473306,150,15.0140791998,47555.4556833913,-0.3111164946,2018-01-26,2018-04-24,88,2019-07-12,444.0000000000,532.0000000000,532,2018-01-26
decade_2016_2025,vo_tqqq_cross_5_20_trend_floor,2016-01-04,2025-12-31,100000.0000000000,4968937.1141762771,48.6893711418,0.4783782467,86,8.6080720745,65999.8631935706,-0.6749296197,2021-11-19,2022-12-28,404,2024-01-22,390.0000000000,794.0000000000,794,2021-11-19
decade_2016_2025,vo_tqqq_cross_5_20_blend,2016-01-04,2025-12-31,100000.0000000000,2572201.6106783682,24.7220161068,0.3840853559,203,20.3190538504,68229.6367768902,-0.4489510839,2021-11-19,2022-12-28,404,2023-06-12,166.0000000000,570.0000000000,570,2021-11-19
decade_2016_2025,vo_tqqq_cross_5_20_bear_step_down,2016-01-04,2025-12-31,100000.0000000000,2109127.7135514175,20.0912771355,0.3568585321,168,16.8157687038,56977.4345225580,-0.3151975239,2018-01-26,2018-04-24,88,2019-04-17,358.0000000000,446.0000000000,446,2018-01-26
decade_2016_2025,vo_tqqq_cross_5_20_bull_step_up,2016-01-04,2025-12-31,100000.0000000000,4688746.4396397183,45.8874643964,0.4698144827,94,9.4088229652,58277.1873437800,-0.5837516497,2021-11-19,2022-12-28,404,2023-07-13,197.0000000000,601.0000000000,601,2021-11-19
decade_2016_2025,vo_tqqq_cross_5_20_cut_confirm,2016-01-04,2025-12-31,100000.0000000000,2412785.7518493989,23.1278575185,0.3752499601,61,6.1057255412,24813.6169966838,-0.4764488707,2021-11-19,2022-12-28,404,2023-06-13,167.0000000000,571.0000000000,571,2021-11-19
decade_2016_2025,vo_tqqq_cross_5_20_raise_confirm,2016-01-04,2025-12-31,100000.0000000000,2511612.2912784461,24.1161229128,0.3807869105,49,4.9045992053,21055.4343732880,-0.4514821313,2024-12-16,2025-04-07,112,,,,553,2021-11-19
decade_2016_2025,vo_tqqq_cross_5_20_both_confirm,2016-01-04,2025-12-31,100000.0000000000,2504095.4220283562,24.0409542203,0.3803727162,43,4.3040360373,19373.1953543110,-0.4514817249,2024-12-16,2025-04-07,112,,,,570,2021-11-19
decade_2016_2025,vo_tqqq_cross_10_50_trend_cap,2016-01-04,2025-12-31,100000.0000000000,712785.7881159235,6.1278578812,0.2172392928,81,8.1076027679,15392.5164679704,-0.3748399894,2020-09-02,2021-05-12,252,2021-09-03,114.0000000000,366.0000000000,721,2018-01-26
decade_2016_2025,vo_tqqq_cross_10_50_trend_floor,2016-01-04,2025-12-31,100000.0000000000,1917146.6031745127,18.1714660317,0.3439587036,66,6.6061948479,26102.2483763131,-0.6626297769,2021-11-19,2022-12-28,404,2024-01-23,391.0000000000,795.0000000000,795,2021-11-19
decade_2016_2025,vo_tqqq_cross_10_50_blend,2016-01-04,2025-12-31,100000.0000000000,1280487.4002271723,11.8048740023,0.2907480294,127,12.7119203891,21814.4216089262,-0.4734410919,2021-11-19,2022-12-28,404,2023-06-15,169.0000000000,573.0000000000,573,2021-11-19
decade_2016_2025,vo_tqqq_cross_10_50_bear_step_down,2016-01-04,2025-12-31,100000.0000000000,1368982.5642847396,12.6898256428,0.2994107505,96,9.6090106879,22220.8283571644,-0.3748384921,2020-09-02,2021-05-12,252,2021-08-30,110.0000000000,362.0000000000,545,2021-11-19
decade_2016_2025,vo_tqqq_cross_10_50_bull_step_up,2016-01-04,2025-12-31,100000.0000000000,2182006.5429409896,20.8200654294,0.3614800178,71,7.1066641546,26043.3731212210,-0.6023803586,2021-11-19,2022-12-28,404,2023-12-12,349.0000000000,753.0000000000,753,2021-11-19
decade_2016_2025,vo_tqqq_cross_10_50_cut_confirm,2016-01-04,2025-12-31,100000.0000000000,2456046.1816450432,23.5604618165,0.3776983628,59,5.9055378186,24751.3745146084,-0.4575413837,2021-11-19,2022-09-30,315,2023-06-02,245.0000000000,560.0000000000,560,2021-11-19
decade_2016_2025,vo_tqqq_cross_10_50_raise_confirm,2016-01-04,2025-12-31,100000.0000000000,2293918.9676841749,21.9391896768,0.3683131884,47,4.7044114826,19419.0009326487,-0.4514827067,2024-12-16,2025-04-07,112,,,,570,2021-11-19
decade_2016_2025,vo_tqqq_cross_10_50_both_confirm,2016-01-04,2025-12-31,100000.0000000000,2332932.5721845403,22.3293257218,0.3706248825,39,3.9036605919,17514.1090037911,-0.4514817480,2024-12-16,2025-04-07,112,,,,570,2021-11-19
decade_2016_2025,vo_tqqq_cross_20_50_trend_cap,2016-01-04,2025-12-31,100000.0000000000,528437.6426312900,4.2843764263,0.1813191271,81,8.1076027679,14522.2916675800,-0.4650768368,2021-09-07,2023-03-10,549,2023-07-17,129.0000000000,678.0000000000,706,2018-01-26
decade_2016_2025,vo_tqqq_cross_20_50_trend_floor,2016-01-04,2025-12-31,100000.0000000000,1354246.9209921192,12.5424692099,0.2980039329,47,4.7044114826,15529.9977513296,-0.7277210445,2021-11-19,2022-12-28,404,2024-06-13,533.0000000000,937.0000000000,937,2021-11-19
decade_2016_2025,vo_tqqq_cross_20_50_blend,2016-01-04,2025-12-31,100000.0000000000,949209.1578766499,8.4920915788,0.2526447670,113,11.3106063305,17206.0300093925,-0.5623696492,2021-11-19,2023-03-10,476,2024-01-19,315.0000000000,791.0000000000,791,2021-11-19
decade_2016_2025,vo_tqqq_cross_20_50_bear_step_down,2016-01-04,2025-12-31,100000.0000000000,1102558.5079406851,10.0255850794,0.2715633613,92,9.2086352425,19838.9020786106,-0.3655056802,2021-11-19,2023-03-10,476,2023-06-12,94.0000000000,570.0000000000,570,2021-11-19
decade_2016_2025,vo_tqqq_cross_20_50_bull_step_up,2016-01-04,2025-12-31,100000.0000000000,1718323.8636647838,16.1832386366,0.3293104864,61,6.1057255412,18647.6517058816,-0.6634926758,2021-11-19,2022-12-28,404,2024-02-08,407.0000000000,811.0000000000,811,2021-11-19
decade_2016_2025,vo_tqqq_cross_20_50_cut_confirm,2016-01-04,2025-12-31,100000.0000000000,2231826.2313266071,21.3182623133,0.3645599635,45,4.5042237599,15951.0913376574,-0.4813602314,2020-02-19,2020-03-09,19,2020-08-26,170.0000000000,189.0000000000,570,2021-11-19
decade_2016_2025,vo_tqqq_cross_20_50_raise_confirm,2016-01-04,2025-12-31,100000.0000000000,2603374.2689561844,25.0337426896,0.3857552256,57,5.7053500959,25899.7576402149,-0.4697306971,2024-12-16,2025-04-07,112,,,,559,2021-11-19
decade_2016_2025,vo_tqqq_cross_20_50_both_confirm,2016-01-04,2025-12-31,100000.0000000000,2289633.6966576511,21.8963369666,0.3680571186,37,3.7034728693,15043.7961925413,-0.4813603699,2020-02-19,2020-03-09,19,2020-08-26,170.0000000000,189.0000000000,571,2021-11-19
decade_2016_2025,vo_tqqq_cross_20_100_trend_cap,2016-01-04,2025-12-31,100000.0000000000,1262198.2664640285,11.6219826646,0.2888907629,75,7.5070395999,21598.3851176460,-0.3629843214,2021-11-19,2023-03-10,476,2023-06-12,94.0000000000,570.0000000000,570,2021-11-19
decade_2016_2025,vo_tqqq_cross_20_100_trend_floor,2016-01-04,2025-12-31,100000.0000000000,1141691.3255567690,10.4169132556,0.2760101620,46,4.6043176213,9357.9348343740,-0.6844755116,2020-02-19,2020-03-16,26,2021-07-23,494.0000000000,520.0000000000,759,2021-11-19
decade_2016_2025,vo_tqqq_cross_20_100_blend,2016-01-04,2025-12-31,100000.0000000000,1351850.1784257728,12.5185017843,0.2977738136,102,10.2095738559,16812.5645516118,-0.4919578814,2020-02-19,2020-06-11,113,2021-01-20,223.0000000000,336.0000000000,601,2021-11-19
decade_2016_2025,vo_tqqq_cross_20_100_bear_step_down,2016-01-04,2025-12-31,100000.0000000000,1701326.6349137761,16.0132663491,0.3279884367,80,8.0075089065,23172.3486205838,-0.3629868122,2021-11-19,2023-03-10,476,2023-06-12,94.0000000000,570.0000000000,570,2021-11-19
decade_2016_2025,vo_tqqq_cross_20_100_bull_step_up,2016-01-04,2025-12-31,100000.0000000000,1662392.6627089619,15.6239266271,0.3249147683,53,5.3049746506,14151.1260804424,-0.6263217625,2021-11-19,2022-09-30,315,2023-12-18,444.0000000000,759.0000000000,759,2021-11-19
decade_2016_2025,vo_tqqq_cross_20_100_cut_confirm,2016-01-04,2025-12-31,100000.0000000000,1143889.9667321823,10.4388996673,0.2762559107,42,4.2039421759,7970.9084741457,-0.6844813415,2020-02-19,2020-03-16,26,2021-08-27,529.0000000000,555.0000000000,606,2021-11-19
decade_2016_2025,vo_tqqq_cross_20_100_raise_confirm,2016-01-04,2025-12-31,100000.0000000000,2084031.5861852230,19.8403158619,0.3552337976,53,5.3049746506,21594.2426186712,-0.4670195351,2024-12-16,2025-06-05,171,,,,572,2021-11-19
decade_2016_2025,vo_tqqq_cross_20_100_both_confirm,2016-01-04,2025-12-31,100000.0000000000,986439.7229371070,8.8643972294,0.2574778968,28,2.8026281173,5898.4784099717,-0.6904016249,2020-02-19,2020-06-11,113,2021-09-03,449.0000000000,562.0000000000,759,2021-11-19
decade_2016_2025,vo_tqqq_cross_20_200_trend_cap,2016-01-04,2025-12-31,100000.0000000000,1898944.3609977665,17.9894436100,0.3426760024,55,5.5051623733,15640.7655937755,-0.3968303755,2018-08-29,2019-06-03,278,2019-12-20,200.0000000000,478.0000000000,553,2021-11-19
decade_2016_2025,vo_tqqq_cross_20_200_trend_floor,2016-01-04,2025-12-31,100000.0000000000,1890400.9413519315,17.9040094135,0.3420701331,32,3.2030035626,8575.6361781266,-0.6844777204,2020-02-19,2020-03-16,26,2021-02-12,333.0000000000,359.0000000000,601,2021-11-19
decade_2016_2025,vo_tqqq_cross_20_200_blend,2016-01-04,2025-12-31,100000.0000000000,2112590.4051934145,20.1259040519,0.3570813409,80,8.0075089065,13655.0560077979,-0.4834128207,2020-02-19,2020-03-16,26,2020-09-01,169.0000000000,195.0000000000,570,2021-11-19
decade_2016_2025,vo_tqqq_cross_20_200_bear_step_down,2016-01-04,2025-12-31,100000.0000000000,2558586.5723141409,24.5858657231,0.3833502993,58,5.8054439572,20515.8650446976,-0.3366592168,2024-12-16,2025-03-13,87,2025-10-08,209.0000000000,296.0000000000,553,2021-11-19
decade_2016_2025,vo_tqqq_cross_20_200_bull_step_up,2016-01-04,2025-12-31,100000.0000000000,2596231.2694448093,24.9623126944,0.3853741819,39,3.9036605919,13020.7843327521,-0.5395017875,2021-11-19,2022-09-30,315,2023-07-13,286.0000000000,601.0000000000,601,2021-11-19
decade_2016_2025,vo_tqqq_cross_20_200_cut_confirm,2016-01-04,2025-12-31,100000.0000000000,1735577.6269093961,16.3557762691,0.3306405076,32,3.2030035626,8022.9739435115,-0.6844777204,2020-02-19,2020-03-16,26,2021-06-24,465.0000000000,491.0000000000,601,2021-11-19
decade_2016_2025,vo_tqqq_cross_20_200_raise_confirm,2016-01-04,2025-12-31,100000.0000000000,2135643.5428415001,20.3564354284,0.3585563854,51,5.1047869279,20307.6362287009,-0.4658782738,2024-12-16,2025-06-20,186,,,,553,2021-11-19
decade_2016_2025,vo_tqqq_cross_20_200_both_confirm,2016-01-04,2025-12-31,100000.0000000000,1531636.0923266134,14.3163609233,0.3140951108,16,1.6015017813,4518.0844583441,-0.6844781193,2020-02-19,2020-03-16,26,2021-06-24,465.0000000000,491.0000000000,573,2021-11-19
decade_2016_2025,vo_tqqq_cross_50_100_trend_cap,2016-01-04,2025-12-31,100000.0000000000,1012438.8902900934,9.1243889029,0.2607565908,62,6.2058194026,15898.8873539826,-0.3871905530,2024-07-10,2025-07-01,356,,,,720,2018-01-26
decade_2016_2025,vo_tqqq_cross_50_100_trend_floor,2016-01-04,2025-12-31,100000.0000000000,1111229.7273712503,10.1122972737,0.2725608134,38,3.8035667306,7755.3565887628,-0.6992137471,2020-02-19,2020-03-20,30,2021-06-28,465.0000000000,495.0000000000,805,2021-11-19
decade_2016_2025,vo_tqqq_cross_50_100_blend,2016-01-04,2025-12-31,100000.0000000000,1186908.5502953995,10.8690855030,0.2809806576,89,8.9083536585,12993.5024548518,-0.5151064029,2021-11-19,2022-12-28,404,2023-07-18,202.0000000000,606.0000000000,606,2021-11-19
decade_2016_2025,vo_tqqq_cross_50_100_bear_step_down,2016-01-04,2025-12-31,100000.0000000000,1566581.0928009213,14.6658109280,0.3170657250,69,6.9064764319,19377.6858227889,-0.3556420541,2021-11-19,2023-03-10,476,2023-06-12,94.0000000000,570.0000000000,570,2021-11-19
decade_2016_2025,vo_tqqq_cross_50_100_bull_step_up,2016-01-04,2025-12-31,100000.0000000000,1638966.9913188680,15.3896699132,0.3230340513,47,4.7044114826,12342.1422165632,-0.6387272131,2021-11-19,2022-12-28,404,2024-01-19,387.0000000000,791.0000000000,791,2021-11-19
decade_2016_2025,vo_tqqq_cross_50_100_cut_confirm,2016-01-04,2025-12-31,100000.0000000000,1114217.6985745856,10.1421769857,0.2729028981,36,3.6033790079,7011.2683509504,-0.6992137471,2020-02-19,2020-03-20,30,2021-08-25,523.0000000000,553.0000000000,754,2021-11-19
decade_2016_2025,vo_tqqq_cross_50_100_raise_confirm,2016-01-04,2025-12-31,100000.0000000000,1875934.5845284911,17.7593458453,0.3410385886,53,5.3049746506,21244.1469122500,-0.4582681816,2024-12-16,2025-07-01,197,,,,553,2021-11-19
decade_2016_2025,vo_tqqq_cross_50_100_both_confirm,2016-01-04,2025-12-31,100000.0000000000,854352.3447029612,7.5435234470,0.2395131720,22,2.2020649493,4932.4959759694,-0.6992193433,2020-02-19,2020-03-20,30,2021-10-29,588.0000000000,618.0000000000,618,2020-02-19
decade_2016_2025,vo_tqqq_cross_50_150_trend_cap,2016-01-04,2025-12-31,100000.0000000000,1798988.3665893681,16.9898836659,0.3354284805,52,5.2048807893,17120.0654098202,-0.3763030715,2018-08-29,2019-06-03,278,2019-12-20,200.0000000000,478.0000000000,553,2021-11-19
decade_2016_2025,vo_tqqq_cross_50_150_trend_floor,2016-01-04,2025-12-31,100000.0000000000,1726508.8038625782,16.2650880386,0.3299429207,33,3.3030974240,8324.5263933419,-0.6992186004,2020-02-19,2020-03-20,30,2021-01-08,294.0000000000,324.0000000000,605,2021-11-19
decade_2016_2025,vo_tqqq_cross_50_150_blend,2016-01-04,2025-12-31,100000.0000000000,1897671.2824521228,17.9767128245,0.3425858759,79,7.9074150452,13648.7282009334,-0.4909349565,2020-02-19,2020-03-20,30,2020-09-01,165.0000000000,195.0000000000,571,2021-11-19
decade_2016_2025,vo_tqqq_cross_50_150_bear_step_down,2016-01-04,2025-12-31,100000.0000000000,2259194.8023638614,21.5919480236,0.3662257042,57,5.7053500959,20208.5388102993,-0.3487604545,2024-12-16,2025-06-05,171,2025-10-28,145.0000000000,316.0000000000,553,2021-11-19
decade_2016_2025,vo_tqqq_cross_50_150_bull_step_up,2016-01-04,2025-12-31,100000.0000000000,2172665.9009994739,20.7266590100,0.3608955274,41,4.1038483146,11849.9413600974,-0.5764399904,2021-11-19,2022-09-30,315,2023-07-17,290.0000000000,605.0000000000,605,2021-11-19
decade_2016_2025,vo_tqqq_cross_50_150_cut_confirm,2016-01-04,2025-12-31,100000.0000000000,1391487.0864086223,12.9148708641,0.3015331873,33,3.3030974240,7132.4858233196,-0.6992186004,2020-02-19,2020-03-20,30,2021-04-16,392.0000000000,422.0000000000,753,2021-11-19
decade_2016_2025,vo_tqqq_cross_50_150_raise_confirm,2016-01-04,2025-12-31,100000.0000000000,1753577.9787796512,16.5357797878,0.3320154578,49,4.9045992053,18179.6101478160,-0.4546992726,2024-12-16,2025-08-01,228,,,,553,2021-11-19
decade_2016_2025,vo_tqqq_cross_50_150_both_confirm,2016-01-04,2025-12-31,100000.0000000000,1010268.6803048152,9.1026868030,0.2604858268,15,1.5014079200,3628.5274573404,-0.6992140757,2020-02-19,2020-03-20,30,2021-06-28,465.0000000000,495.0000000000,601,2021-11-19
decade_2016_2025,vo_tqqq_cross_50_200_trend_cap,2016-01-04,2025-12-31,100000.0000000000,1388540.7869965015,12.8854078700,0.3012570822,49,4.9045992053,13881.4908045921,-0.4287270801,2018-08-29,2019-06-03,278,2020-01-02,213.0000000000,491.0000000000,553,2021-11-19
decade_2016_2025,vo_tqqq_cross_50_200_trend_floor,2016-01-04,2025-12-31,100000.0000000000,1444190.6982851073,13.4419069829,0.3063853402,32,3.2030035626,7787.7343077531,-0.6992191012,2020-02-19,2020-03-20,30,2020-08-26,159.0000000000,189.0000000000,760,2021-11-19
decade_2016_2025,vo_tqqq_cross_50_200_blend,2016-01-04,2025-12-31,100000.0000000000,1530555.2238657046,14.3055522387,0.3140022592,77,7.7072273226,11870.4903998550,-0.4909305053,2020-02-19,2020-03-20,30,2020-08-26,159.0000000000,189.0000000000,573,2021-11-19
decade_2016_2025,vo_tqqq_cross_50_200_bear_step_down,2016-01-04,2025-12-31,100000.0000000000,1873534.2226012410,17.7353422260,0.3408667353,55,5.5051623733,17807.8909728920,-0.4057961547,2024-12-16,2025-06-05,171,,,,553,2021-11-19
decade_2016_2025,vo_tqqq_cross_50_200_bull_step_up,2016-01-04,2025-12-31,100000.0000000000,1831728.4619561657,17.3172846196,0.3378414368,41,4.1038483146,11242.2303332340,-0.5876860469,2021-11-19,2022-09-30,315,2023-12-13,439.0000000000,754.0000000000,754,2021-11-19
decade_2016_2025,vo_tqqq_cross_50_200_cut_confirm,2016-01-04,2025-12-31,100000.0000000000,1204706.7090422679,11.0470670904,0.2828904903,32,3.2030035626,6772.5219814803,-0.6992191012,2020-02-19,2020-03-20,30,2021-01-08,294.0000000000,324.0000000000,760,2021-11-19
decade_2016_2025,vo_tqqq_cross_50_200_raise_confirm,2016-01-04,2025-12-31,100000.0000000000,1505640.5266905231,14.0564052669,0.3118454462,48,4.8045053439,15940.7247223270,-0.4638607872,2024-12-16,2025-08-01,228,,,,553,2021-11-19
decade_2016_2025,vo_tqqq_cross_50_200_both_confirm,2016-01-04,2025-12-31,100000.0000000000,754029.5113099462,6.5402951131,0.2241120898,13,1.3012201973,3007.8155788789,-0.6992134830,2020-02-19,2020-03-20,30,2021-01-21,307.0000000000,337.0000000000,753,2021-11-19
decade_2016_2025,vo_tqqq_cross_100_200_trend_cap,2016-01-04,2025-12-31,100000.0000000000,1072831.7806979620,9.7283178070,0.2680894520,49,4.9045992053,13940.5604859139,-0.4624362592,2024-12-16,2025-09-05,263,,,,573,2021-11-19
decade_2016_2025,vo_tqqq_cross_100_200_trend_floor,2016-01-04,2025-12-31,100000.0000000000,2896549.7357312576,27.9654973573,0.4006360917,30,3.0028158400,11136.3421846654,-0.6992115768,2020-02-19,2020-03-20,30,2020-08-17,150.0000000000,180.0000000000,573,2021-11-19
decade_2016_2025,vo_tqqq_cross_100_200_blend,2016-01-04,2025-12-31,100000.0000000000,1950887.2995424985,18.5088729954,0.3463076733,76,7.6071334612,14095.2103006720,-0.5126507291,2024-12-16,2025-04-08,113,,,,572,2021-11-19
decade_2016_2025,vo_tqqq_cross_100_200_bear_step_down,2016-01-04,2025-12-31,100000.0000000000,1484491.9915247089,13.8449199152,0.3099893103,58,5.8054439572,17059.3787526303,-0.4551001419,2024-12-16,2025-06-05,171,,,,570,2021-11-19
decade_2016_2025,vo_tqqq_cross_100_200_bull_step_up,2016-01-04,2025-12-31,100000.0000000000,2338703.1758932546,22.3870317589,0.3709638533,43,4.3040360373,12654.0406739337,-0.5921927978,2024-12-16,2025-04-08,113,,,,601,2021-11-19
decade_2016_2025,vo_tqqq_cross_100_200_cut_confirm,2016-01-04,2025-12-31,100000.0000000000,2615735.8626593379,25.1573586266,0.3864124380,30,3.0028158400,10182.0361981508,-0.6992115913,2020-02-19,2020-03-20,30,2020-08-20,153.0000000000,183.0000000000,573,2021-11-19
decade_2016_2025,vo_tqqq_cross_100_200_raise_confirm,2016-01-04,2025-12-31,100000.0000000000,1250422.9241477917,11.5042292415,0.2876821157,49,4.9045992053,15567.9194332594,-0.4624364269,2024-12-16,2025-09-05,263,,,,573,2021-11-19
decade_2016_2025,vo_tqqq_cross_100_200_both_confirm,2016-01-04,2025-12-31,100000.0000000000,1351556.6013407428,12.5155660134,0.2977456010,12,1.2011263360,4502.5591032663,-0.7060822842,2018-08-29,2020-03-20,569,2020-08-24,157.0000000000,726.0000000000,726,2018-08-29
decade_2016_2025,vo_tqqq_cross_100_250_trend_cap,2016-01-04,2025-12-31,100000.0000000000,1191140.4165832330,10.9114041658,0.2814370821,49,4.9045992053,14724.8745237635,-0.4494816874,2024-12-16,2025-04-07,112,,,,606,2021-11-19
decade_2016_2025,vo_tqqq_cross_100_250_trend_floor,2016-01-04,2025-12-31,100000.0000000000,2881672.0368615771,27.8167203686,0.3999143308,30,3.0028158400,11201.3966423549,-0.6992143144,2020-02-19,2020-03-20,30,2020-07-10,112.0000000000,142.0000000000,759,2021-11-19
decade_2016_2025,vo_tqqq_cross_100_250_blend,2016-01-04,2025-12-31,100000.0000000000,2065940.4482518153,19.6594044825,0.3540516121,76,7.6071334612,14882.8889200557,-0.5126464292,2024-12-16,2025-04-08,113,,,,753,2021-11-19
decade_2016_2025,vo_tqqq_cross_100_250_bear_step_down,2016-01-04,2025-12-31,100000.0000000000,1667147.2095574455,15.6714720956,0.3252935706,58,5.8054439572,18431.7859900845,-0.4551034466,2024-12-16,2025-06-05,171,,,,572,2021-11-19
decade_2016_2025,vo_tqqq_cross_100_250_bull_step_up,2016-01-04,2025-12-31,100000.0000000000,2468650.3685457450,23.6865036855,0.3784044188,43,4.3040360373,13482.3510961299,-0.5921925417,2024-12-16,2025-04-08,113,,,,754,2021-11-19
decade_2016_2025,vo_tqqq_cross_100_250_cut_confirm,2016-01-04,2025-12-31,100000.0000000000,2555949.8016100903,24.5594980161,0.3832075371,30,3.0028158400,10123.0299278518,-0.6992204084,2020-02-19,2020-03-20,30,2020-07-10,112.0000000000,142.0000000000,759,2021-11-19
decade_2016_2025,vo_tqqq_cross_100_250_raise_confirm,2016-01-04,2025-12-31,100000.0000000000,1154560.4866260202,10.5456048663,0.2774425824,49,4.9045992053,14054.5783207796,-0.4494731546,2024-12-16,2025-04-07,112,,,,606,2021-11-19
decade_2016_2025,vo_tqqq_cross_100_250_both_confirm,2016-01-04,2025-12-31,100000.0000000000,1219359.0547253345,11.1935905473,0.2844437993,12,1.2011263360,4086.4223381410,-0.6992122861,2020-02-19,2020-03-20,30,2020-07-10,112.0000000000,142.0000000000,908,2021-11-19
decade_2016_2025,vo_tqqq_triple_5_20_100_trend_cap,2016-01-04,2025-12-31,100000.0000000000,1343941.3841572646,12.4394138416,0.2970118501,159,15.9149239518,38442.3735554136,-0.3245779934,2021-11-19,2022-10-27,342,2023-05-26,211.0000000000,553.0000000000,553,2021-11-19
decade_2016_2025,vo_tqqq_triple_5_20_100_trend_floor,2016-01-04,2025-12-31,100000.0000000000,2648844.9920751583,25.4884499208,0.3881590361,79,7.9074150452,31841.5350570253,-0.5826906924,2021-11-19,2022-12-28,404,2023-12-13,350.0000000000,754.0000000000,754,2021-11-19
decade_2016_2025,vo_tqqq_triple_5_20_100_blend,2016-01-04,2025-12-31,100000.0000000000,1946445.1333756102,18.4644513338,0.3460005167,234,23.4219635517,38349.6839749927,-0.4581675720,2021-11-19,2022-12-28,404,2023-06-14,168.0000000000,572.0000000000,572,2021-11-19
decade_2016_2025,vo_tqqq_triple_5_20_100_bear_step_down,2016-01-04,2025-12-31,100000.0000000000,1931181.7264404960,18.3118172644,0.3449402887,202,20.2189599890,39178.0616101625,-0.2968622111,2020-02-19,2020-06-11,113,2020-08-26,76.0000000000,189.0000000000,545,2021-11-19
decade_2016_2025,vo_tqqq_triple_5_20_100_bull_step_up,2016-01-04,2025-12-31,100000.0000000000,2891503.4431987721,27.9150344320,0.4003916559,118,11.8110756372,30781.2613595635,-0.5938307595,2021-11-19,2022-12-28,404,2023-07-18,202.0000000000,606.0000000000,606,2021-11-19
decade_2016_2025,vo_tqqq_triple_5_20_100_cut_confirm,2016-01-04,2025-12-31,100000.0000000000,1062330.5880432827,9.6233058804,0.2668415377,42,4.2039421759,7747.1502956171,-0.6844813415,2020-02-19,2020-03-16,26,2021-08-27,529.0000000000,555.0000000000,756,2021-11-19
decade_2016_2025,vo_tqqq_triple_5_20_100_raise_confirm,2016-01-04,2025-12-31,100000.0000000000,1771416.5426038112,16.7141654260,0.3333655762,45,4.5042237599,16576.1476164283,-0.4689565752,2024-12-16,2025-06-05,171,,,,572,2021-11-19
decade_2016_2025,vo_tqqq_triple_5_20_100_both_confirm,2016-01-04,2025-12-31,100000.0000000000,986439.7229371070,8.8643972294,0.2574778968,28,2.8026281173,5898.4784099717,-0.6904016249,2020-02-19,2020-06-11,113,2021-09-03,449.0000000000,562.0000000000,759,2021-11-19
decade_2016_2025,vo_tqqq_triple_10_50_200_trend_cap,2016-01-04,2025-12-31,100000.0000000000,1363875.3481567665,12.6387534816,0.2989247123,73,7.3068518772,17235.0915902692,-0.3472526289,2024-12-16,2025-04-04,109,2025-10-27,206.0000000000,315.0000000000,553,2021-11-19
decade_2016_2025,vo_tqqq_triple_10_50_200_trend_floor,2016-01-04,2025-12-31,100000.0000000000,1487369.1638839459,13.8736916388,0.3102432232,67,6.7062887092,18395.9476884551,-0.5818082670,2021-11-19,2022-12-28,404,2023-12-13,350.0000000000,754.0000000000,754,2021-11-19
decade_2016_2025,vo_tqqq_triple_10_50_200_blend,2016-01-04,2025-12-31,100000.0000000000,1437923.0709608018,13.3792307096,0.3058167401,136,13.6127651411,17951.7876835825,-0.4515661402,2021-11-19,2022-12-28,404,2023-06-15,169.0000000000,573.0000000000,573,2021-11-19
decade_2016_2025,vo_tqqq_triple_10_50_200_bear_step_down,2016-01-04,2025-12-31,100000.0000000000,1651525.4393590740,15.5152543936,0.3240452850,110,11.0103247465,21360.3348131861,-0.3243658271,2024-12-16,2025-04-04,109,2025-10-24,203.0000000000,312.0000000000,553,2021-11-19
decade_2016_2025,vo_tqqq_triple_10_50_200_bull_step_up,2016-01-04,2025-12-31,100000.0000000000,2016574.1660031178,19.1657416600,0.3507776704,84,8.4078843519,18839.8066614718,-0.5899660984,2021-11-19,2022-09-30,315,2023-12-13,439.0000000000,754.0000000000,754,2021-11-19
decade_2016_2025,vo_tqqq_triple_10_50_200_cut_confirm,2016-01-04,2025-12-31,100000.0000000000,1490151.3038452370,13.9015130385,0.3104883294,30,3.0028158400,7693.3516472003,-0.6992191012,2020-02-19,2020-03-20,30,2020-08-26,159.0000000000,189.0000000000,760,2021-11-19
decade_2016_2025,vo_tqqq_triple_10_50_200_raise_confirm,2016-01-04,2025-12-31,100000.0000000000,1270681.5288550463,11.7068152886,0.2897552312,40,4.0037544533,12075.0830604917,-0.4658132689,2024-12-16,2025-08-01,228,,,,553,2021-11-19
decade_2016_2025,vo_tqqq_triple_10_50_200_both_confirm,2016-01-04,2025-12-31,100000.0000000000,754029.5113099462,6.5402951131,0.2241120898,13,1.3012201973,3007.8155788789,-0.6992134830,2020-02-19,2020-03-20,30,2021-01-21,307.0000000000,337.0000000000,753,2021-11-19
decade_2016_2025,vo_tqqq_triple_20_50_200_trend_cap,2016-01-04,2025-12-31,100000.0000000000,1009322.5493498535,9.0932254935,0.2603676199,76,7.6071334612,16433.4429885817,-0.4351808924,2021-11-19,2023-03-10,476,2023-07-12,124.0000000000,600.0000000000,600,2021-11-19
decade_2016_2025,vo_tqqq_triple_20_50_200_trend_floor,2016-01-04,2025-12-31,100000.0000000000,1411651.3059233367,13.1165130592,0.3034088287,49,4.9045992053,12033.8793804546,-0.5774234746,2021-11-19,2022-12-28,404,2023-12-18,355.0000000000,759.0000000000,759,2021-11-19
decade_2016_2025,vo_tqqq_triple_20_50_200_blend,2016-01-04,2025-12-31,100000.0000000000,1250386.7733072538,11.5038677331,0.2876783894,122,12.2114510825,15208.4904146151,-0.4942068218,2021-11-19,2022-12-28,404,2023-07-18,202.0000000000,606.0000000000,606,2021-11-19
decade_2016_2025,vo_tqqq_triple_20_50_200_bear_step_down,2016-01-04,2025-12-31,100000.0000000000,1500288.6930411665,14.0028869304,0.3113779619,102,10.2095738559,19823.2735041889,-0.3485896406,2024-12-16,2025-04-04,109,2025-10-27,206.0000000000,315.0000000000,559,2021-11-19
decade_2016_2025,vo_tqqq_triple_20_50_200_bull_step_up,2016-01-04,2025-12-31,100000.0000000000,1795669.2479821118,16.9566924798,0.3351816588,74,7.4069457386,15238.8242451093,-0.6186729578,2021-11-19,2022-12-28,404,2024-01-19,387.0000000000,791.0000000000,791,2021-11-19
decade_2016_2025,vo_tqqq_triple_20_50_200_cut_confirm,2016-01-04,2025-12-31,100000.0000000000,1554956.1396160447,14.5495613962,0.3160841857,26,2.6024403946,6668.5079865801,-0.6992191012,2020-02-19,2020-03-20,30,2020-08-26,159.0000000000,189.0000000000,754,2021-11-19
decade_2016_2025,vo_tqqq_triple_20_50_200_raise_confirm,2016-01-04,2025-12-31,100000.0000000000,1383525.9013020543,12.8352590130,0.3007859099,46,4.6043176213,14913.8754765867,-0.4835882008,2024-12-16,2025-08-01,228,,,,553,2021-11-19
decade_2016_2025,vo_tqqq_triple_20_50_200_both_confirm,2016-01-04,2025-12-31,100000.0000000000,754029.5113099462,6.5402951131,0.2241120898,13,1.3012201973,3007.8155788789,-0.6992134830,2020-02-19,2020-03-20,30,2021-01-21,307.0000000000,337.0000000000,753,2021-11-19
decade_2016_2025,vo_tqqq_triple_20_100_200_trend_cap,2016-01-04,2025-12-31,100000.0000000000,1168616.4816647850,10.6861648166,0.2789907802,66,6.6061948479,17157.6769722723,-0.4582597278,2024-12-16,2025-06-05,171,,,,572,2021-11-19
decade_2016_2025,vo_tqqq_triple_20_100_200_trend_floor,2016-01-04,2025-12-31,100000.0000000000,2160147.0608325829,20.6014706083,0.3601086049,47,4.7044114826,13317.5230060137,-0.6844771911,2020-02-19,2020-03-16,26,2020-12-28,287.0000000000,313.0000000000,601,2021-11-19
decade_2016_2025,vo_tqqq_triple_20_100_200_blend,2016-01-04,2025-12-31,100000.0000000000,1799507.5783000318,16.9950757830,0.3354670539,111,11.1104186078,16918.0087073541,-0.4871582474,2020-02-19,2020-03-20,30,2020-08-26,159.0000000000,189.0000000000,573,2021-11-19
decade_2016_2025,vo_tqqq_triple_20_100_200_bear_step_down,2016-01-04,2025-12-31,100000.0000000000,1603097.9002745640,15.0309790027,0.3201069080,92,9.2086352425,20244.9391020375,-0.3886720942,2024-12-16,2025-06-05,171,,,,570,2021-11-19
decade_2016_2025,vo_tqqq_triple_20_100_200_bull_step_up,2016-01-04,2025-12-31,100000.0000000000,2196969.6807452738,20.9696968075,0.3624116598,64,6.4060071252,14721.6413520706,-0.5890075415,2021-11-19,2022-09-30,315,2023-12-12,438.0000000000,753.0000000000,753,2021-11-19
decade_2016_2025,vo_tqqq_triple_20_100_200_cut_confirm,2016-01-04,2025-12-31,100000.0000000000,3102952.3042827235,30.0295230428,0.4103195624,24,2.4022526720,10968.1724122517,-0.6992122379,2020-02-19,2020-03-20,30,2020-07-10,112.0000000000,142.0000000000,573,2021-11-19
decade_2016_2025,vo_tqqq_triple_20_100_200_raise_confirm,2016-01-04,2025-12-31,100000.0000000000,1333506.5566574591,12.3350655666,0.2960003209,45,4.5042237599,16242.3642602453,-0.4624381135,2024-12-16,2025-09-05,263,,,,573,2021-11-19
decade_2016_2025,vo_tqqq_triple_20_100_200_both_confirm,2016-01-04,2025-12-31,100000.0000000000,1517677.7473702750,14.1767774737,0.3128914611,10,1.0009386133,4626.8011751601,-0.7060803043,2018-08-29,2020-03-20,569,2020-07-20,122.0000000000,691.0000000000,691,2018-08-29
decade_2016_2025,vo_tqqq_triple_50_100_200_trend_cap,2016-01-04,2025-12-31,100000.0000000000,1030098.7666089698,9.3009876661,0.2629406932,60,6.0056316799,14926.8695632391,-0.4538699049,2024-12-16,2025-07-01,197,,,,572,2021-11-19
decade_2016_2025,vo_tqqq_triple_50_100_200_trend_floor,2016-01-04,2025-12-31,100000.0000000000,2192090.3270276892,20.9209032703,0.3621084882,39,3.9036605919,11106.4864787562,-0.6992154642,2020-02-19,2020-03-20,30,2021-01-07,293.0000000000,323.0000000000,606,2021-11-19
decade_2016_2025,vo_tqqq_triple_50_100_200_blend,2016-01-04,2025-12-31,100000.0000000000,1645487.8792949978,15.4548787929,0.3235599944,98,9.8091984105,14380.2001322887,-0.4909312832,2020-02-19,2020-03-20,30,2020-08-26,159.0000000000,189.0000000000,601,2021-11-19
decade_2016_2025,vo_tqqq_triple_50_100_200_bear_step_down,2016-01-04,2025-12-31,100000.0000000000,1533485.1892318637,14.3348518923,0.3142538201,81,8.1076027679,18343.5186060458,-0.3972546435,2024-12-16,2025-06-05,171,,,,570,2021-11-19
decade_2016_2025,vo_tqqq_triple_50_100_200_bull_step_up,2016-01-04,2025-12-31,100000.0000000000,2131208.4327076576,20.3120843271,0.3582737237,58,5.8054439572,13436.6372781156,-0.5912320987,2021-11-19,2022-09-30,315,2023-12-13,439.0000000000,754.0000000000,754,2021-11-19
decade_2016_2025,vo_tqqq_triple_50_100_200_cut_confirm,2016-01-04,2025-12-31,100000.0000000000,2851683.1189177153,27.5168311892,0.3984492302,22,2.2020649493,9716.9798304307,-0.6992142307,2020-02-19,2020-03-20,30,2020-07-10,112.0000000000,142.0000000000,601,2021-11-19
decade_2016_2025,vo_tqqq_triple_50_100_200_raise_confirm,2016-01-04,2025-12-31,100000.0000000000,1169920.9976079999,10.6992099761,0.2791336151,43,4.3040360373,14526.4118431444,-0.4624349573,2024-12-16,2025-09-05,263,,,,573,2021-11-19
decade_2016_2025,vo_tqqq_triple_50_100_200_both_confirm,2016-01-04,2025-12-31,100000.0000000000,1496599.8002614300,13.9659980026,0.3110548616,10,1.0009386133,4562.3344119476,-0.7060822868,2018-08-29,2020-03-20,569,2020-07-20,122.0000000000,691.0000000000,691,2018-08-29
decade_2016_2025,vo_tqqq_triple_50_150_200_trend_cap,2016-01-04,2025-12-31,100000.0000000000,1324396.1322747292,12.2439613227,0.2951113352,57,5.7053500959,15851.7062120571,-0.4494738515,2024-12-16,2025-04-07,112,,,,571,2021-11-19
decade_2016_2025,vo_tqqq_triple_50_150_200_trend_floor,2016-01-04,2025-12-31,100000.0000000000,2480368.2376401429,23.8036823764,0.3790579216,33,3.3030974240,8589.5532163682,-0.6992187360,2020-02-19,2020-03-20,30,2020-08-26,159.0000000000,189.0000000000,756,2021-11-19
decade_2016_2025,vo_tqqq_triple_50_150_200_blend,2016-01-04,2025-12-31,100000.0000000000,2018376.1970154722,19.1837619702,0.3508984420,89,8.9083536585,13916.5235856269,-0.4909365917,2020-02-19,2020-03-20,30,2020-08-24,157.0000000000,187.0000000000,601,2021-11-19
decade_2016_2025,vo_tqqq_triple_50_150_200_bear_step_down,2016-01-04,2025-12-31,100000.0000000000,1828192.5504449727,17.2819255044,0.3375827169,72,7.2067580159,18697.8981761880,-0.3998403067,2024-12-16,2025-04-07,112,,,,570,2021-11-19
decade_2016_2025,vo_tqqq_triple_50_150_200_bull_step_up,2016-01-04,2025-12-31,100000.0000000000,2490298.8407035288,23.9029884070,0.3796095775,50,5.0046930666,11566.1996816122,-0.5815705521,2021-11-19,2022-09-30,315,2023-12-12,438.0000000000,753.0000000000,753,2021-11-19
decade_2016_2025,vo_tqqq_triple_50_150_200_cut_confirm,2016-01-04,2025-12-31,100000.0000000000,4042024.4258671273,39.4202442587,0.4481404710,20,2.0018772266,7532.3502574738,-0.6992162467,2020-02-19,2020-03-20,30,2020-07-10,112.0000000000,142.0000000000,760,2021-11-19
decade_2016_2025,vo_tqqq_triple_50_150_200_raise_confirm,2016-01-04,2025-12-31,100000.0000000000,893714.6554937587,7.9371465549,0.2451141503,42,4.2039421759,12737.9715267234,-0.4980327913,2024-12-16,2025-11-20,339,,,,753,2021-11-19
decade_2016_2025,vo_tqqq_triple_50_150_200_both_confirm,2016-01-04,2025-12-31,100000.0000000000,2516326.6034075134,24.1632660341,0.3810461095,7,0.7006570293,2126.5762615201,-0.6992194322,2020-02-19,2020-03-20,30,2020-07-10,112.0000000000,142.0000000000,914,2021-11-19
full_current,vo,1999-03-10,2026-08-07,100000.0000000000,217431520.6373295784,2173.3152063733,0.3235705791,161,5.8733562225,2768243.0365675683,-0.5288304467,2007-10-31,2009-05-13,560,2010-04-05,327.0000000000,887.0000000000,887,2007-10-31
full_current,tqqq_hold,1999-03-10,2026-08-07,100000.0000000000,530607.4031414206,4.3060740314,0.0627719252,1,0.0364804734,99.8914640920,-0.9995527359,2000-03-27,2009-03-09,3269,,,,9629,2000-03-27
full_current,qqq_hold,1999-03-10,2026-08-07,100000.0000000000,1673116.2401389743,15.7311624014,0.1082425281,1,0.0364804734,99.8753722818,-0.8295498048,2000-03-27,2002-10-09,926,2015-02-20,4517.0000000000,5443.0000000000,5443,2000-03-27
full_current,standalone_qqq_price_sma_20_full_cash,1999-03-10,2026-08-07,100000.0000000000,565502.2994052573,4.6550229941,0.0652441607,793,28.9290154315,89226.5079814516,-0.9515846200,2000-03-09,2003-04-16,1133,2021-11-03,6776.0000000000,7909.0000000000,7909,2000-03-09
full_current,standalone_qqq_price_sma_20_half_floor,1999-03-10,2026-08-07,100000.0000000000,1686217.9190529059,15.8621791905,0.1085579291,793,28.9290154315,90544.9450811873,-0.9900077881,2000-03-09,2002-10-09,944,2020-08-25,6530.0000000000,7474.0000000000,7474,2000-03-09
full_current,standalone_qqq_price_sma_50_full_cash,1999-03-10,2026-08-07,100000.0000000000,5562492.7747152541,54.6249277472,0.1578925407,433,15.7960449960,385047.2190377931,-0.8845838359,2000-03-27,2001-10-30,582,2014-08-18,4675.0000000000,5257.0000000000,5257,2000-03-27
full_current,standalone_qqq_price_sma_50_half_floor,1999-03-10,2026-08-07,100000.0000000000,5968160.3831827743,58.6816038318,0.1608697692,433,15.7960449960,154109.4037010512,-0.9809419353,2000-03-27,2002-10-09,926,2018-08-27,5801.0000000000,6727.0000000000,6727,2000-03-27
full_current,standalone_qqq_price_sma_100_full_cash,1999-03-10,2026-08-07,100000.0000000000,1962541.2001205231,18.6254120012,0.1147119098,317,11.5643100779,114016.8421179400,-0.9368448370,2000-03-27,2003-04-11,1110,2018-01-05,5383.0000000000,6493.0000000000,6493,2000-03-27
full_current,standalone_qqq_price_sma_100_half_floor,1999-03-10,2026-08-07,100000.0000000000,4506407.4408139102,44.0640744081,0.1490330430,317,11.5643100779,80264.9910562760,-0.9761830985,2000-03-27,2003-04-11,1110,2018-01-11,5389.0000000000,6499.0000000000,6499,2000-03-27
full_current,standalone_qqq_price_sma_150_full_cash,1999-03-10,2026-08-07,100000.0000000000,8731980.8786697462,86.3198087867,0.1770982473,221,8.0621846284,131401.6051141476,-0.9791253074,2000-03-27,2003-03-31,1099,2019-12-20,6108.0000000000,7207.0000000000,7207,2000-03-27
full_current,standalone_qqq_price_sma_150_half_floor,1999-03-10,2026-08-07,100000.0000000000,13493223.6954614278,133.9322369546,0.1959351484,221,8.0621846284,97407.6535997793,-0.9803287347,2000-03-27,2003-03-11,1079,2017-11-22,5370.0000000000,6449.0000000000,6449,2000-03-27
full_current,standalone_qqq_price_sma_200_full_cash,1999-03-10,2026-08-07,100000.0000000000,10131075.2336927205,100.3107523369,0.1834972787,189,6.8948094786,100615.0959458500,-0.9343789861,2000-03-27,2003-03-31,1099,2017-10-27,5324.0000000000,6423.0000000000,6423,2000-03-27
full_current,standalone_qqq_price_sma_200_half_floor,1999-03-10,2026-08-07,100000.0000000000,13838801.5054489411,137.3880150545,0.1970389617,189,6.8948094786,62341.6995326693,-0.9673980371,2000-03-27,2003-03-11,1079,2017-06-02,5197.0000000000,6276.0000000000,6276,2000-03-27
full_current,standalone_qqq_price_sma_250_full_cash,1999-03-10,2026-08-07,100000.0000000000,18656385.4858553633,185.5638548586,0.2101546183,149,5.4355905414,236353.8737600635,-0.8715844123,2000-03-27,2003-04-10,1109,2013-12-09,3896.0000000000,5005.0000000000,5005,2000-03-27
full_current,standalone_qqq_price_sma_250_half_floor,1999-03-10,2026-08-07,100000.0000000000,32953306.9304604642,328.5330693046,0.2355324258,149,5.4355905414,183684.5460448754,-0.9112978149,2000-03-27,2003-04-09,1108,2013-12-23,3911.0000000000,5019.0000000000,5019,2000-03-27
full_current,standalone_qqq_cross_5_20_full_cash,1999-03-10,2026-08-07,100000.0000000000,936496.7977858168,8.3649679779,0.0850281599,411,14.9934745805,59357.5502413723,-0.9529994116,2000-03-09,2009-02-20,3270,2020-07-06,4154.0000000000,7424.0000000000,7424,2000-03-09
full_current,standalone_qqq_cross_5_20_half_floor,1999-03-10,2026-08-07,100000.0000000000,2179626.4444293976,20.7962644443,0.1189864084,411,14.9934745805,55504.2859843570,-0.9892600598,2000-03-09,2009-03-09,3287,2020-07-09,4140.0000000000,7427.0000000000,7427,2000-03-09
full_current,standalone_qqq_cross_5_50_full_cash,1999-03-10,2026-08-07,100000.0000000000,8423089.3625611924,83.2308936256,0.1755527142,214,7.8068213144,207516.9024688063,-0.8386261437,2000-03-27,2009-03-20,3280,2014-01-22,1769.0000000000,5049.0000000000,5049,2000-03-27
full_current,standalone_qqq_cross_5_50_half_floor,1999-03-10,2026-08-07,100000.0000000000,6657890.3785422351,65.5789037854,0.1655104825,214,7.8068213144,71218.0387249637,-0.9777189572,2000-03-27,2002-10-09,926,2018-01-17,5579.0000000000,6505.0000000000,6505,2000-03-27
full_current,standalone_qqq_cross_5_100_full_cash,1999-03-10,2026-08-07,100000.0000000000,5716854.4396273419,56.1685443963,0.1590493404,143,5.2167077008,75479.0748119034,-0.9097476764,2000-03-27,2009-03-30,3290,2020-02-10,3969.0000000000,7259.0000000000,7259,2000-03-27
full_current,standalone_qqq_cross_5_100_half_floor,1999-03-10,2026-08-07,100000.0000000000,13776545.2909671217,136.7654529097,0.1968420842,143,5.2167077008,74763.6790905701,-0.9529781092,2000-03-27,2003-03-31,1099,2017-06-01,5176.0000000000,6275.0000000000,6275,2000-03-27
full_current,standalone_qqq_cross_5_150_full_cash,1999-03-10,2026-08-07,100000.0000000000,13895992.4363723062,137.9599243637,0.1972190702,91,3.3197230823,92390.3788631160,-0.9465225867,2000-03-27,2003-03-31,1099,2017-08-31,5267.0000000000,6366.0000000000,6366,2000-03-27
full_current,standalone_qqq_cross_5_150_half_floor,1999-03-10,2026-08-07,100000.0000000000,14617982.5022095181,145.1798250221,0.1994333459,91,3.3197230823,43016.9385069402,-0.9727238369,2000-03-27,2003-03-11,1079,2017-06-02,5197.0000000000,6276.0000000000,6276,2000-03-27
full_current,standalone_qqq_cross_5_200_full_cash,1999-03-10,2026-08-07,100000.0000000000,16573783.6000542268,164.7378360005,0.2049403643,83,3.0278792948,62280.6587996134,-0.9250697541,2000-03-27,2003-03-31,1099,2017-10-27,5324.0000000000,6423.0000000000,6423,2000-03-27
full_current,standalone_qqq_cross_5_200_half_floor,1999-03-10,2026-08-07,100000.0000000000,18259533.3628119007,181.5953336281,0.2092057788,83,3.0278792948,31932.1733829094,-0.9619888853,2000-03-27,2003-03-31,1099,2017-05-25,5169.0000000000,6268.0000000000,6268,2000-03-27
full_current,standalone_qqq_cross_5_250_full_cash,1999-03-10,2026-08-07,100000.0000000000,45953605.3452777937,458.5360534528,0.2506122520,71,2.5901136137,323359.3746718552,-0.8012814985,2000-03-27,2000-05-23,57,2007-10-31,2717.0000000000,2774.0000000000,2774,2000-03-27
full_current,standalone_qqq_cross_5_250_half_floor,1999-03-10,2026-08-07,100000.0000000000,49782163.7289796174,496.8216372898,0.2542685362,71,2.5901136137,155524.1296694404,-0.8884081437,2000-03-27,2003-03-31,1099,2013-09-18,3824.0000000000,4923.0000000000,4923,2000-03-27
full_current,standalone_qqq_cross_10_20_full_cash,1999-03-10,2026-08-07,100000.0000000000,339575.8100949966,2.3957581009,0.0456078229,344,12.5492828606,30170.3013628759,-0.9686406921,2000-03-27,2003-03-31,1099,,,,9629,2000-03-27
full_current,standalone_qqq_cross_10_20_half_floor,1999-03-10,2026-08-07,100000.0000000000,1171782.4094348927,10.7178240943,0.0939363250,344,12.5492828606,28345.4444399564,-0.9922921403,2000-03-27,2002-10-09,926,2021-04-13,6761.0000000000,7687.0000000000,7687,2000-03-27
full_current,standalone_qqq_cross_10_50_full_cash,1999-03-10,2026-08-07,100000.0000000000,1107457.6763129081,10.0745767631,0.0916855162,174,6.3476023771,40936.4904856382,-0.9244245903,2000-03-27,2003-03-31,1099,2020-02-19,6169.0000000000,7268.0000000000,7268,2000-03-27
full_current,standalone_qqq_cross_10_50_half_floor,1999-03-10,2026-08-07,100000.0000000000,2418544.8609582931,23.1854486096,0.1232403866,174,6.3476023771,28548.5963080132,-0.9827909605,2000-03-27,2002-10-09,926,2020-02-19,6342.0000000000,7268.0000000000,7268,2000-03-27
full_current,standalone_qqq_cross_10_100_full_cash,1999-03-10,2026-08-07,100000.0000000000,20181543.4095794447,200.8154340958,0.2136286686,99,3.6115668698,248814.0016586652,-0.8799991949,2000-03-27,2003-03-31,1099,2011-01-14,2846.0000000000,3945.0000000000,3945,2000-03-27
full_current,standalone_qqq_cross_10_100_half_floor,1999-03-10,2026-08-07,100000.0000000000,22244969.3123530820,221.4496931235,0.2179462644,99,3.6115668698,112809.5713015055,-0.9532259459,2000-03-27,2003-03-31,1099,2014-08-25,4165.0000000000,5264.0000000000,5264,2000-03-27
full_current,standalone_qqq_cross_10_150_full_cash,1999-03-10,2026-08-07,100000.0000000000,6137520.9802029338,60.3752098020,0.1620553936,73,2.6630745605,37273.7964579934,-0.9532855963,2000-03-27,2003-03-11,1079,2018-06-14,5574.0000000000,6653.0000000000,6653,2000-03-27
full_current,standalone_qqq_cross_10_150_half_floor,1999-03-10,2026-08-07,100000.0000000000,9148151.0948703438,90.4815109487,0.1790992643,73,2.6630745605,22686.4822142184,-0.9766184728,2000-03-27,2003-03-11,1079,2018-01-05,5414.0000000000,6493.0000000000,6493,2000-03-27
full_current,standalone_qqq_cross_10_200_full_cash,1999-03-10,2026-08-07,100000.0000000000,10623912.8029371444,105.2391280294,0.1855498442,69,2.5171526668,47422.3732347844,-0.9203661598,2000-03-27,2003-03-31,1099,2017-06-02,5177.0000000000,6276.0000000000,6276,2000-03-27
full_current,standalone_qqq_cross_10_200_half_floor,1999-03-10,2026-08-07,100000.0000000000,13827298.1327873003,137.2729813279,0.1970026481,69,2.5171526668,25088.8423578331,-0.9628040544,2000-03-27,2003-03-31,1099,2017-06-01,5176.0000000000,6275.0000000000,6275,2000-03-27
full_current,standalone_qqq_cross_10_250_full_cash,1999-03-10,2026-08-07,100000.0000000000,20037219.0774649270,199.3721907746,0.2133109576,57,2.0793869856,128350.8097136222,-0.8091606014,2000-03-27,2003-03-31,1099,2009-12-28,2464.0000000000,3563.0000000000,3563,2000-03-27
full_current,standalone_qqq_cross_10_250_half_floor,1999-03-10,2026-08-07,100000.0000000000,31793343.5808988847,316.9334358090,0.2339183119,57,2.0793869856,79818.7432398391,-0.9040472288,2000-03-27,2003-03-31,1099,2013-10-18,3854.0000000000,4953.0000000000,4953,2000-03-27
full_current,standalone_qqq_cross_20_50_full_cash,1999-03-10,2026-08-07,100000.0000000000,1220987.5496354289,11.2098754964,0.0955791040,132,4.8154224930,34454.3067216913,-0.9517727716,2000-03-27,2003-03-31,1099,2020-02-05,6155.0000000000,7254.0000000000,7254,2000-03-27
full_current,standalone_qqq_cross_20_50_half_floor,1999-03-10,2026-08-07,100000.0000000000,2721253.1507352861,26.2125315074,0.1280829892,132,4.8154224930,23743.9071384911,-0.9859323548,2000-03-27,2002-10-09,926,2020-01-17,6309.0000000000,7235.0000000000,7235,2000-03-27
full_current,standalone_qqq_cross_20_100_full_cash,1999-03-10,2026-08-07,100000.0000000000,7066015.3722606953,69.6601537226,0.1680428198,71,2.5901136137,54028.5144579297,-0.9210403362,2000-03-27,2003-03-31,1099,2015-07-17,4491.0000000000,5590.0000000000,5590,2000-03-27
full_current,standalone_qqq_cross_20_100_half_floor,1999-03-10,2026-08-07,100000.0000000000,10851490.2894873805,107.5149028949,0.1864668718,71,2.5901136137,30590.7546911569,-0.9674622149,2000-03-27,2003-03-11,1079,2017-05-16,5180.0000000000,6259.0000000000,6259,2000-03-27
full_current,standalone_qqq_cross_20_150_full_cash,1999-03-10,2026-08-07,100000.0000000000,5402107.9156731702,53.0210791567,0.1566573657,61,2.2253088793,30076.7080565716,-0.9471372374,2000-03-27,2003-03-11,1079,2018-03-12,5480.0000000000,6559.0000000000,6559,2000-03-27
full_current,standalone_qqq_cross_20_150_half_floor,1999-03-10,2026-08-07,100000.0000000000,7913194.0010193009,78.1319400102,0.1728778183,61,2.2253088793,17572.1757156404,-0.9769589777,2000-03-27,2003-03-11,1079,2018-01-17,5426.0000000000,6505.0000000000,6505,2000-03-27
full_current,standalone_qqq_cross_20_200_full_cash,1999-03-10,2026-08-07,100000.0000000000,13652155.2264062688,135.5215522641,0.1964461356,51,1.8605041450,68108.1716678971,-0.8134302598,2000-03-27,2003-03-31,1099,2014-06-05,4084.0000000000,5183.0000000000,5183,2000-03-27
full_current,standalone_qqq_cross_20_200_half_floor,1999-03-10,2026-08-07,100000.0000000000,17501441.7518557087,174.0144175186,0.2073366801,51,1.8605041450,31729.4064671397,-0.9401566656,2000-03-27,2003-03-31,1099,2015-02-26,4350.0000000000,5449.0000000000,5449,2000-03-27
full_current,standalone_qqq_cross_20_250_full_cash,1999-03-10,2026-08-07,100000.0000000000,54764668.6575861573,546.6466865759,0.2586407645,35,1.2768165701,125901.7831849449,-0.8230162091,2000-03-27,2003-04-09,1108,2013-07-11,3746.0000000000,4854.0000000000,4854,2000-03-27
full_current,standalone_qqq_cross_20_250_half_floor,1999-03-10,2026-08-07,100000.0000000000,49096464.8260175362,489.9646482602,0.2536340691,35,1.2768165701,52235.9360124751,-0.9109660134,2000-03-27,2003-04-09,1108,2013-12-06,3894.0000000000,5002.0000000000,5002,2000-03-27
full_current,standalone_qqq_cross_50_100_full_cash,1999-03-10,2026-08-07,100000.0000000000,9505215.6349422578,94.0521563494,0.1807473763,59,2.1523479325,88275.7888520996,-0.9430313829,2000-03-27,2003-02-07,1047,2014-09-02,4225.0000000000,5272.0000000000,5272,2000-03-27
full_current,standalone_qqq_cross_50_100_half_floor,1999-03-10,2026-08-07,100000.0000000000,9106526.6749081928,90.0652667491,0.1789031183,59,2.1523479325,30082.6182484438,-0.9828580324,2000-03-27,2003-02-07,1047,2017-11-22,5402.0000000000,6449.0000000000,6449,2000-03-27
full_current,standalone_qqq_cross_50_150_full_cash,1999-03-10,2026-08-07,100000.0000000000,20254295.6886633746,201.5429568866,0.2137879941,37,1.3497775170,121241.3268086650,-0.8434465747,2000-03-27,2003-03-11,1079,2012-02-09,3257.0000000000,4336.0000000000,4336,2000-03-27
full_current,standalone_qqq_cross_50_150_half_floor,1999-03-10,2026-08-07,100000.0000000000,21489644.0943701379,213.8964409437,0.2164123651,37,1.3497775170,39561.8763950964,-0.9499682600,2000-03-27,2003-03-11,1079,2014-07-03,4132.0000000000,5211.0000000000,5211,2000-03-27
full_current,standalone_qqq_cross_50_200_full_cash,1999-03-10,2026-08-07,100000.0000000000,69665357.1900441647,695.6535719004,0.2697394157,33,1.2038556233,138101.6191606592,-0.8012814985,2000-03-27,2000-05-23,57,2007-10-31,2717.0000000000,2774.0000000000,2774,2000-03-27
full_current,standalone_qqq_cross_50_200_half_floor,1999-03-10,2026-08-07,100000.0000000000,79937823.9798572809,798.3782397986,0.2761266518,33,1.2038556233,68327.0768464536,-0.8626521804,2000-03-27,2003-03-11,1079,2013-05-03,3706.0000000000,4785.0000000000,4785,2000-03-27
full_current,standalone_qqq_cross_50_250_full_cash,1999-03-10,2026-08-07,100000.0000000000,52262763.5313811526,521.6276353138,0.2564955203,29,1.0579337295,97024.9211294088,-0.8411121522,2000-03-27,2000-10-12,199,2013-05-10,4593.0000000000,4792.0000000000,4792,2000-03-27
full_current,standalone_qqq_cross_50_250_half_floor,1999-03-10,2026-08-07,100000.0000000000,44060646.1894544512,439.6064618945,0.2486945817,29,1.0579337295,35398.2403765938,-0.9026508110,2000-03-27,2003-04-25,1124,2013-12-06,3878.0000000000,5002.0000000000,5002,2000-03-27
full_current,standalone_qqq_cross_100_150_full_cash,1999-03-10,2026-08-07,100000.0000000000,8665404.6936335899,85.6540469363,0.1767696382,39,1.4227384638,24321.9935271838,-0.9559678428,2000-03-27,2009-05-13,3334,2017-05-26,2935.0000000000,6269.0000000000,6269,2000-03-27
full_current,standalone_qqq_cross_100_150_half_floor,1999-03-10,2026-08-07,100000.0000000000,8741319.9690830968,86.4131996908,0.1771441504,39,1.4227384638,9984.5760928651,-0.9829970136,2000-03-27,2009-03-09,3269,2018-01-08,3227.0000000000,6496.0000000000,6496,2000-03-27
full_current,standalone_qqq_cross_100_200_full_cash,1999-03-10,2026-08-07,100000.0000000000,33667231.4114520252,335.6723141145,0.2364988665,29,1.0579337295,66952.3531611472,-0.9093997698,2000-03-27,2009-07-07,3389,2014-11-03,1945.0000000000,5334.0000000000,5334,2000-03-27
full_current,standalone_qqq_cross_100_200_half_floor,1999-03-10,2026-08-07,100000.0000000000,24839029.6280910596,247.3902962809,0.2228569187,29,1.0579337295,23700.0430604239,-0.9580829715,2000-03-27,2009-03-09,3269,2016-12-13,2836.0000000000,6105.0000000000,6105,2000-03-27
full_current,standalone_qqq_cross_100_250_full_cash,1999-03-10,2026-08-07,100000.0000000000,54118405.0446575657,540.1840504466,0.2580958195,17,0.6201680483,30914.9901142005,-0.8415831334,2000-03-27,2000-10-30,217,2013-11-26,4775.0000000000,4992.0000000000,4992,2000-03-27
full_current,standalone_qqq_cross_100_250_half_floor,1999-03-10,2026-08-07,100000.0000000000,37399289.2614176050,372.9928926142,0.2412500330,17,0.6201680483,11828.6730716000,-0.9152572327,2000-03-27,2003-04-25,1124,2014-07-22,4106.0000000000,5230.0000000000,5230,2000-03-27
full_current,standalone_qqq_band_cross_10_50_1_full_cash,1999-03-10,2026-08-07,100000.0000000000,2205022.8256179923,21.0502282562,0.1194593951,126,4.5965396524,51365.3639899052,-0.9245900831,2000-03-27,2003-03-31,1099,2019-03-15,5828.0000000000,6927.0000000000,6927,2000-03-27
full_current,standalone_qqq_band_cross_10_50_1_half_floor,1999-03-10,2026-08-07,100000.0000000000,3659495.0996927563,35.5949509969,0.1403399632,126,4.5965396524,29134.5043559689,-0.9806948648,2000-03-27,2003-03-31,1099,2019-12-19,6107.0000000000,7206.0000000000,7206,2000-03-27
full_current,standalone_qqq_band_cross_10_50_2_full_cash,1999-03-10,2026-08-07,100000.0000000000,3873090.6096726563,37.7309060967,0.1427022833,94,3.4291645026,105004.8800018212,-0.8839091144,2000-03-27,2001-06-19,449,2014-02-18,4627.0000000000,5076.0000000000,5076,2000-03-27
full_current,standalone_qqq_band_cross_10_50_2_half_floor,1999-03-10,2026-08-07,100000.0000000000,5066347.5220159190,49.6634752202,0.1539528917,94,3.4291645026,37003.3219204604,-0.9768325629,2000-03-27,2002-10-09,926,2017-12-18,5549.0000000000,6475.0000000000,6475,2000-03-27
full_current,standalone_qqq_band_cross_10_50_3_full_cash,1999-03-10,2026-08-07,100000.0000000000,8119238.5086634140,80.1923850866,0.1739781722,72,2.6265940871,165456.4630719332,-0.8490819880,2000-03-27,2003-03-31,1099,2007-10-23,1667.0000000000,2766.0000000000,2766,2000-03-27
full_current,standalone_qqq_band_cross_10_50_3_half_floor,1999-03-10,2026-08-07,100000.0000000000,9970664.6912855431,98.7066469129,0.1828084047,72,2.6265940871,54190.1864912171,-0.9622970514,2000-03-27,2003-03-11,1079,2015-07-16,4510.0000000000,5589.0000000000,5589,2000-03-27
full_current,standalone_qqq_band_cross_20_100_1_full_cash,1999-03-10,2026-08-07,100000.0000000000,7624742.0675829230,75.2474206758,0.1712900792,55,2.0064260388,62823.7203277483,-0.8986068558,2000-03-27,2003-04-09,1108,2013-12-26,3914.0000000000,5022.0000000000,5022,2000-03-27
full_current,standalone_qqq_band_cross_20_100_1_half_floor,1999-03-10,2026-08-07,100000.0000000000,10299352.7332795300,101.9935273328,0.1842087324,55,2.0064260388,28584.1819543191,-0.9674017197,2000-03-27,2003-02-07,1047,2017-03-01,5136.0000000000,6183.0000000000,6183,2000-03-27
full_current,standalone_qqq_band_cross_20_100_2_full_cash,1999-03-10,2026-08-07,100000.0000000000,8889881.5073897839,87.8988150739,0.1778680667,47,1.7145822513,71815.5406441336,-0.8808947182,2000-03-27,2003-04-09,1108,2010-03-17,2534.0000000000,3642.0000000000,3642,2000-03-27
full_current,standalone_qqq_band_cross_20_100_2_half_floor,1999-03-10,2026-08-07,100000.0000000000,11952488.5031338092,118.5248850313,0.1906569836,47,1.7145822513,31361.0181154513,-0.9633791066,2000-03-27,2003-02-07,1047,2015-04-24,4459.0000000000,5506.0000000000,5506,2000-03-27
full_current,standalone_qqq_band_cross_20_100_3_full_cash,1999-03-10,2026-08-07,100000.0000000000,10908449.4198102206,108.0844941981,0.1866934897,43,1.5686603576,69059.8640805729,-0.8790821876,2000-03-27,2003-03-11,1079,2014-07-22,4151.0000000000,5230.0000000000,5230,2000-03-27
full_current,standalone_qqq_band_cross_20_100_3_half_floor,1999-03-10,2026-08-07,100000.0000000000,14087615.6708775833,139.8761567088,0.1978173769,43,1.5686603576,30866.6357287318,-0.9632242320,2000-03-27,2003-03-11,1079,2017-02-15,5090.0000000000,6169.0000000000,6169,2000-03-27
full_current,standalone_qqq_band_cross_50_200_1_full_cash,1999-03-10,2026-08-07,100000.0000000000,28611678.0495853350,285.1167804959,0.2291810711,25,0.9120118358,66022.6696178778,-0.8012814985,2000-03-27,2000-05-23,57,2013-08-01,4818.0000000000,4875.0000000000,4875,2000-03-27
full_current,standalone_qqq_band_cross_50_200_1_half_floor,1999-03-10,2026-08-07,100000.0000000000,42765080.5283587202,426.6508052836,0.2473357880,25,0.9120118358,35391.3682264422,-0.8760158268,2000-03-27,2003-03-31,1099,2013-10-17,3853.0000000000,4952.0000000000,4952,2000-03-27
full_current,standalone_qqq_band_cross_50_200_2_full_cash,1999-03-10,2026-08-07,100000.0000000000,63835049.9557880536,637.3504995579,0.2656973992,19,0.6931289952,124672.0674455340,-0.8012814985,2000-03-27,2000-05-23,57,2010-11-02,3815.0000000000,3872.0000000000,3872,2000-03-27
full_current,standalone_qqq_band_cross_50_200_2_half_floor,1999-03-10,2026-08-07,100000.0000000000,55930195.9881641120,558.3019598816,0.2596080844,19,0.6931289952,45550.1507376488,-0.8909869720,2000-03-27,2003-04-09,1108,2013-08-02,3768.0000000000,4876.0000000000,4876,2000-03-27
full_current,standalone_qqq_band_cross_50_200_3_full_cash,1999-03-10,2026-08-07,100000.0000000000,15829051.8791498765,157.2905187915,0.2029211371,19,0.6931289952,33129.0547137257,-0.8440442198,2000-03-27,2000-10-13,200,2014-01-15,4842.0000000000,5042.0000000000,5042,2000-03-27
full_current,standalone_qqq_band_cross_50_200_3_half_floor,1999-03-10,2026-08-07,100000.0000000000,23723479.3273278624,236.2347932733,0.2208087459,19,0.6931289952,19833.3362756918,-0.9217003338,2000-03-27,2002-10-09,926,2014-07-23,4305.0000000000,5231.0000000000,5231,2000-03-27
full_current,standalone_qqq_band_cross_100_200_1_full_cash,1999-03-10,2026-08-07,100000.0000000000,133547282.8164307624,1334.4728281643,0.3002433660,19,0.6931289952,72061.6302947601,-0.8012814985,2000-03-27,2000-05-23,57,2003-09-04,1199.0000000000,1256.0000000000,2536,2004-01-26
full_current,standalone_qqq_band_cross_100_200_1_half_floor,1999-03-10,2026-08-07,100000.0000000000,114215769.1525586843,1141.1576915256,0.2928474841,19,0.6931289952,36915.3174767920,-0.8137396943,2000-03-27,2003-03-11,1079,2011-02-11,2894.0000000000,3973.0000000000,3973,2000-03-27
full_current,standalone_qqq_band_cross_100_200_2_full_cash,1999-03-10,2026-08-07,100000.0000000000,355181023.2871842980,3550.8102328718,0.3474792555,11,0.4012852078,186825.5120065222,-0.8012814985,2000-03-27,2000-05-23,57,2005-11-25,2012.0000000000,2069.0000000000,2069,2000-03-27
full_current,standalone_qqq_band_cross_100_200_2_half_floor,1999-03-10,2026-08-07,100000.0000000000,139971517.4693356454,1398.7151746934,0.3024738619,11,0.4012852078,41592.3939238737,-0.8628436313,2000-03-27,2003-03-31,1099,2011-02-11,2874.0000000000,3973.0000000000,3973,2000-03-27
full_current,standalone_qqq_band_cross_100_200_3_full_cash,1999-03-10,2026-08-07,100000.0000000000,181116340.8333194554,1810.1634083332,0.3147762092,11,0.4012852078,107084.7775006095,-0.8415831334,2000-03-27,2000-10-30,217,2010-03-23,3431.0000000000,3648.0000000000,3648,2000-03-27
full_current,standalone_qqq_band_cross_100_200_3_half_floor,1999-03-10,2026-08-07,100000.0000000000,77875899.7583952248,777.7589975840,0.2749106621,11,0.4012852078,23169.5052841526,-0.9192168556,2000-03-27,2003-03-31,1099,2013-05-08,3691.0000000000,4790.0000000000,4790,2000-03-27
full_current,standalone_qqq_triple_5_20_100_full_cash,1999-03-10,2026-08-07,100000.0000000000,7143390.2044261005,70.4339020443,0.1685069754,471,17.1823029864,226111.0185816919,-0.9116635806,2000-03-09,2003-03-31,1117,2017-11-21,5349.0000000000,6466.0000000000,6466,2000-03-09
full_current,standalone_qqq_triple_5_20_100_half_floor,1999-03-10,2026-08-07,100000.0000000000,4955932.3525974927,48.5593235260,0.1530256696,471,17.1823029864,67033.7767392608,-0.9848409392,2000-03-09,2002-10-09,944,2020-01-13,6305.0000000000,7249.0000000000,7249,2000-03-09
full_current,standalone_qqq_triple_10_50_200_full_cash,1999-03-10,2026-08-07,100000.0000000000,19758280.1200689822,196.5828012007,0.2126906118,196,7.1501727926,253148.2714370927,-0.8306978475,2000-03-27,2003-03-31,1099,2011-02-11,2874.0000000000,3973.0000000000,3973,2000-03-27
full_current,standalone_qqq_triple_10_50_200_half_floor,1999-03-10,2026-08-07,100000.0000000000,9775220.8570905328,96.7522085709,0.1819545036,196,7.1501727926,51957.4838428159,-0.9769908320,2000-03-27,2002-10-09,926,2017-11-21,5522.0000000000,6448.0000000000,6448,2000-03-27
full_current,standalone_qqq_triple_20_50_200_full_cash,1999-03-10,2026-08-07,100000.0000000000,15641643.4910884760,155.4164349109,0.2023985952,160,5.8368757491,150402.5670983958,-0.8663880450,2000-03-27,2003-03-31,1099,2013-11-25,3892.0000000000,4991.0000000000,4991,2000-03-27
full_current,standalone_qqq_triple_20_50_200_half_floor,1999-03-10,2026-08-07,100000.0000000000,9277320.2193093598,91.7732021931,0.1797025168,160,5.8368757491,36259.7796523210,-0.9784268565,2000-03-27,2002-10-09,926,2017-11-03,5504.0000000000,6430.0000000000,6430,2000-03-27
full_current,standalone_qqq_triple_20_100_200_full_cash,1999-03-10,2026-08-07,100000.0000000000,22985221.6453672238,228.8522164537,0.2194016165,99,3.6115668698,88233.1115037107,-0.8652849897,2000-03-27,2009-04-07,3298,2014-07-03,1913.0000000000,5211.0000000000,5211,2000-03-27
full_current,standalone_qqq_triple_20_100_200_half_floor,1999-03-10,2026-08-07,100000.0000000000,14526167.2691751644,144.2616726918,0.1991576810,99,3.6115668698,24988.5810528799,-0.9647586083,2000-03-27,2009-03-09,3269,2017-04-28,2972.0000000000,6241.0000000000,6241,2000-03-27
full_current,standalone_qqq_triple_50_100_200_full_cash,1999-03-10,2026-08-07,100000.0000000000,28399671.6732360497,282.9967167324,0.2288476163,85,3.1008402417,129841.8866145426,-0.8741261109,2000-03-27,2003-03-11,1079,2014-01-15,3963.0000000000,5042.0000000000,5042,2000-03-27
full_current,standalone_qqq_triple_50_100_200_half_floor,1999-03-10,2026-08-07,100000.0000000000,10794079.8830539212,106.9407988305,0.1862372957,85,3.1008402417,21543.4222790869,-0.9779777476,2000-03-27,2009-03-09,3269,2017-11-21,3179.0000000000,6448.0000000000,6448,2000-03-27
full_current,standalone_qqq_triple_50_150_200_full_cash,1999-03-10,2026-08-07,100000.0000000000,30716248.3898012154,306.1624838980,0.2323678743,67,2.4441917199,72775.7431644708,-0.8384348814,2000-03-27,2003-03-11,1079,2013-09-18,3844.0000000000,4923.0000000000,4923,2000-03-27
full_current,standalone_qqq_triple_50_150_200_half_floor,1999-03-10,2026-08-07,100000.0000000000,16257069.2215841878,161.5706922158,0.2040925470,67,2.4441917199,16200.1078832706,-0.9660104056,2000-03-27,2002-10-09,926,2017-03-01,5257.0000000000,6183.0000000000,6183,2000-03-27
full_current,standalone_qqq_slope_50_20_full_cash,1999-03-10,2026-08-07,100000.0000000000,1277524.1814597284,11.7752418146,0.0973896747,341,12.4398414403,203777.1867571150,-0.8016758743,2000-03-27,2003-04-09,1108,2011-01-11,2834.0000000000,3942.0000000000,3942,2000-03-27
full_current,standalone_qqq_slope_50_20_half_floor,1999-03-10,2026-08-07,100000.0000000000,5549302.2285359278,54.4930222854,0.1577922597,341,12.4398414403,184300.4160840667,-0.9472844167,2000-03-27,2003-03-11,1079,2017-05-01,5165.0000000000,6244.0000000000,6244,2000-03-27
full_current,standalone_qqq_slope_100_20_full_cash,1999-03-10,2026-08-07,100000.0000000000,1493457.7175957959,13.9345771760,0.1036595206,257,9.3754816720,97498.6589611398,-0.8933643623,2000-03-27,2003-04-11,1110,2018-01-22,5400.0000000000,6510.0000000000,6510,2000-03-27
full_current,standalone_qqq_slope_100_20_half_floor,1999-03-10,2026-08-07,100000.0000000000,6397480.9316662010,62.9748093167,0.1638153028,257,9.3754816720,103190.7346350401,-0.9542072164,2000-03-27,2003-04-11,1110,2017-07-24,5218.0000000000,6328.0000000000,6328,2000-03-27
full_current,standalone_qqq_slope_150_20_full_cash,1999-03-10,2026-08-07,100000.0000000000,19755445.8642543331,196.5544586425,0.2126842654,153,5.5815124351,293044.8432349751,-0.8967427721,2000-03-27,2003-03-31,1099,2014-07-03,4112.0000000000,5211.0000000000,5211,2000-03-27
full_current,standalone_qqq_slope_150_20_half_floor,1999-03-10,2026-08-07,100000.0000000000,47123669.0427130610,470.2366904271,0.2517598798,153,5.5815124351,304920.2495774865,-0.9054986527,2000-03-27,2003-03-11,1079,2013-10-29,3885.0000000000,4964.0000000000,4964,2000-03-27
full_current,standalone_qqq_slope_200_20_full_cash,1999-03-10,2026-08-07,100000.0000000000,10919546.5774298795,108.1954657743,0.1867375082,141,5.1437467539,103964.7237047192,-0.8287700600,2000-03-27,2000-09-11,168,2015-02-20,5275.0000000000,5443.0000000000,5443,2000-03-27
full_current,standalone_qqq_slope_200_20_half_floor,1999-03-10,2026-08-07,100000.0000000000,25509893.7818877250,254.0989378189,0.2240463719,141,5.1437467539,109045.1905243648,-0.8786768019,2000-03-27,2002-10-09,926,2014-07-22,4304.0000000000,5230.0000000000,5230,2000-03-27
full_current,standalone_qqq_slope_250_20_full_cash,1999-03-10,2026-08-07,100000.0000000000,10249793.9730728194,101.4979397307,0.1840003754,127,4.6330201258,116287.2018068900,-0.8376435842,2000-03-27,2003-06-25,1185,2014-11-14,4160.0000000000,5345.0000000000,5345,2000-03-27
full_current,standalone_qqq_slope_250_20_half_floor,1999-03-10,2026-08-07,100000.0000000000,18088330.7276486792,179.8833072765,0.2087902981,127,4.6330201258,89667.7459428417,-0.8975991246,2000-03-27,2003-06-25,1185,2014-11-26,4172.0000000000,5357.0000000000,5357,2000-03-27
full_current,vo_qqq_price_sma_20_trend_cap,1999-03-10,2026-08-07,100000.0000000000,3701945.9367618132,36.0194593676,0.1408198562,701,25.5728118757,610913.6187903516,-0.4682206937,2025-10-29,2026-03-12,134,,,,1230,1999-12-23
full_current,vo_qqq_price_sma_20_trend_floor,1999-03-10,2026-08-07,100000.0000000000,31383651.6716838554,312.8365167168,0.2333346267,414,15.1029160008,676758.0936535322,-0.9507094764,2000-03-09,2002-08-29,903,2013-10-25,4075.0000000000,4978.0000000000,4978,2000-03-09
full_current,vo_qqq_price_sma_20_blend,1999-03-10,2026-08-07,100000.0000000000,17493486.3163501658,173.9348631635,0.2073166551,929,33.8903598182,1089187.9857504356,-0.7616421621,2000-03-09,2002-08-29,903,2010-04-14,2785.0000000000,3688.0000000000,3688,2000-03-09
full_current,vo_qqq_price_sma_20_bear_step_down,1999-03-10,2026-08-07,100000.0000000000,24227267.1928691939,241.2726719287,0.2217449551,726,26.4848237115,1676169.2274173652,-0.4053744474,2025-10-29,2026-03-30,152,2026-06-02,64.0000000000,216.0000000000,1230,1999-12-23
full_current,vo_qqq_price_sma_20_bull_step_up,1999-03-10,2026-08-07,100000.0000000000,132397557.2233118415,1322.9755722331,0.2998333017,440,16.0514083100,2680757.3715453185,-0.7616582333,2000-03-09,2002-08-29,903,2007-09-27,1855.0000000000,2758.0000000000,2758,2000-03-09
full_current,vo_qqq_price_sma_20_cut_confirm,1999-03-10,2026-08-07,100000.0000000000,142591141.9849011302,1424.9114198490,0.3033552011,131,4.7789420196,1653302.7408330112,-0.5474348097,2007-10-31,2009-05-13,560,2009-12-24,225.0000000000,785.0000000000,1243,2000-01-03
full_current,vo_qqq_price_sma_20_raise_confirm,1999-03-10,2026-08-07,100000.0000000000,127785933.5534338355,1276.8593355343,0.2981532722,131,4.7789420196,1368588.9751318996,-0.5288301987,2007-10-31,2009-05-13,560,2010-04-14,336.0000000000,896.0000000000,1176,1999-12-23
full_current,vo_qqq_price_sma_20_both_confirm,1999-03-10,2026-08-07,100000.0000000000,90302471.1840929240,902.0247118409,0.2818149190,101,3.6845278166,837920.6248080165,-0.5474346801,2007-10-31,2009-05-13,560,2010-03-23,314.0000000000,874.0000000000,1281,2000-01-03
full_current,vo_qqq_price_sma_50_trend_cap,1999-03-10,2026-08-07,100000.0000000000,4555713.1819577543,44.5571318196,0.1494892702,442,16.1243692569,331973.2725969646,-0.4672714139,2014-11-28,2016-07-05,585,2017-05-30,329.0000000000,914.0000000000,1180,1999-12-23
full_current,vo_qqq_price_sma_50_trend_floor,1999-03-10,2026-08-07,100000.0000000000,245672481.5006239414,2455.7248150062,0.3294800069,255,9.3025207251,4317563.0966211949,-0.8819710306,2000-03-27,2001-10-30,582,2009-10-22,2914.0000000000,3496.0000000000,3496,2000-03-27
full_current,vo_qqq_price_sma_50_blend,1999-03-10,2026-08-07,100000.0000000000,46191141.2472230196,460.9114124722,0.2508474934,581,21.1951550639,1577894.2398183383,-0.6552738036,2000-03-27,2001-10-30,582,2006-11-14,1841.0000000000,2423.0000000000,2423,2000-03-27
full_current,vo_qqq_price_sma_50_bear_step_down,1999-03-10,2026-08-07,100000.0000000000,27543078.5112566203,274.4307851126,0.2274754377,468,17.0728615661,1067994.7701986132,-0.3849412395,2007-07-19,2009-05-13,664,2009-11-16,187.0000000000,851.0000000000,1180,1999-12-23
full_current,vo_qqq_price_sma_50_bull_step_up,1999-03-10,2026-08-07,100000.0000000000,348744271.1804093719,3486.4427118041,0.3465805446,286,10.4334154015,6063236.5668159444,-0.6514049781,2000-03-27,2001-10-30,582,2005-11-17,1479.0000000000,2061.0000000000,2061,2000-03-27
full_current,vo_qqq_price_sma_50_cut_confirm,1999-03-10,2026-08-07,100000.0000000000,312559179.9100199342,3124.5917991002,0.3412100017,117,4.2682153915,3157397.9924249798,-0.5447108257,2007-10-31,2009-05-13,560,2009-12-24,225.0000000000,785.0000000000,1159,2000-03-27
full_current,vo_qqq_price_sma_50_raise_confirm,1999-03-10,2026-08-07,100000.0000000000,156247030.2826879025,1561.4703028269,0.3077109657,129,4.7059810727,1671299.3567243484,-0.5288305527,2007-10-31,2009-05-13,560,2010-04-05,327.0000000000,887.0000000000,1176,1999-12-23
full_current,vo_qqq_price_sma_50_both_confirm,1999-03-10,2026-08-07,100000.0000000000,220181572.0321072936,2200.8157203211,0.3241775856,87,3.1738011886,1942451.4108651963,-0.5447109669,2007-10-31,2009-05-13,560,2009-12-24,225.0000000000,785.0000000000,1197,2000-03-27
full_current,vo_qqq_price_sma_100_trend_cap,1999-03-10,2026-08-07,100000.0000000000,6453472.9392225286,63.5347293922,0.1641853328,346,12.6222438074,285577.0133010708,-0.4990204543,2004-01-26,2006-09-07,955,2009-12-23,1203.0000000000,2158.0000000000,2158,2004-01-26
full_current,vo_qqq_price_sma_100_trend_floor,1999-03-10,2026-08-07,100000.0000000000,67104159.0647541583,670.0415906475,0.2680055598,210,7.6608994207,984020.0694517926,-0.9234006348,2000-03-27,2003-04-11,1110,2011-01-11,2832.0000000000,3942.0000000000,3942,2000-03-27
full_current,vo_qqq_price_sma_100_blend,1999-03-10,2026-08-07,100000.0000000000,26969383.8433413059,268.6938384334,0.2265332496,462,16.8539787255,687083.1645339591,-0.7335952911,2000-03-27,2003-04-11,1110,2009-11-16,2411.0000000000,3521.0000000000,3521,2000-03-27
full_current,vo_qqq_price_sma_100_bear_step_down,1999-03-10,2026-08-07,100000.0000000000,31260636.7702463195,311.6063677025,0.2331579346,368,13.4248142229,903819.1558518235,-0.4603025761,2007-10-31,2009-05-13,560,2009-12-21,222.0000000000,782.0000000000,1230,1999-12-23
full_current,vo_qqq_price_sma_100_bull_step_up,1999-03-10,2026-08-07,100000.0000000000,160553285.8071758747,1604.5328580718,0.3090086186,243,8.8647550439,2293987.0995357735,-0.7192182165,2000-03-27,2003-03-11,1079,2006-11-08,1338.0000000000,2417.0000000000,2417,2000-03-27
full_current,vo_qqq_price_sma_100_cut_confirm,1999-03-10,2026-08-07,100000.0000000000,142965864.1191381216,1428.6586411914,0.3034799943,106,3.8669301838,1299423.1353601995,-0.6124238130,2007-10-31,2009-05-13,560,2010-04-14,336.0000000000,896.0000000000,1382,2000-03-27
full_current,vo_qqq_price_sma_100_raise_confirm,1999-03-10,2026-08-07,100000.0000000000,134559047.4889306128,1344.5904748893,0.3006014207,132,4.8154224930,1486398.8305930484,-0.5288301336,2007-10-31,2009-05-13,560,2010-04-05,327.0000000000,887.0000000000,1176,1999-12-23
full_current,vo_qqq_price_sma_100_both_confirm,1999-03-10,2026-08-07,100000.0000000000,92636674.9491668344,925.3667494917,0.2830088347,79,2.8819574011,654622.2089414336,-0.6124238602,2007-10-31,2009-05-13,560,2010-04-14,336.0000000000,896.0000000000,1381,2000-03-27
full_current,vo_qqq_price_sma_150_trend_cap,1999-03-10,2026-08-07,100000.0000000000,45567147.5729270279,454.6714757293,0.2502270121,245,8.9377159908,989194.7331984319,-0.5378212142,2012-04-03,2013-02-25,328,2013-12-20,298.0000000000,626.0000000000,1153,1999-12-23
full_current,vo_qqq_price_sma_150_trend_floor,1999-03-10,2026-08-07,100000.0000000000,40430286.8248674646,403.3028682487,0.2447837178,183,6.6759266380,274640.3984828405,-0.9762074347,2000-03-27,2003-03-11,1079,2014-08-21,4181.0000000000,5260.0000000000,5260,2000-03-27
full_current,vo_qqq_price_sma_150_blend,1999-03-10,2026-08-07,100000.0000000000,57624606.9047155455,575.2460690472,0.2609802540,372,13.5707361167,771403.3516075475,-0.8417236828,2000-03-27,2003-03-11,1079,2010-04-23,2600.0000000000,3679.0000000000,3679,2000-03-27
full_current,vo_qqq_price_sma_150_bear_step_down,1999-03-10,2026-08-07,100000.0000000000,118728531.8879032433,1186.2853188790,0.2946763822,256,9.3390011986,1988196.0195021585,-0.4956132303,2007-10-31,2009-05-13,560,2009-12-24,225.0000000000,785.0000000000,1153,1999-12-23
full_current,vo_qqq_price_sma_150_bull_step_up,1999-03-10,2026-08-07,100000.0000000000,190566700.4031129777,1904.6670040311,0.3172180339,217,7.9162627347,1379557.6889303266,-0.8428364668,2000-03-27,2003-03-11,1079,2007-07-13,1585.0000000000,2664.0000000000,2664,2000-03-27
full_current,vo_qqq_price_sma_150_cut_confirm,1999-03-10,2026-08-07,100000.0000000000,283100182.2007948160,2830.0018220079,0.3363752103,81,2.9549183480,1577203.1539033933,-0.7446517238,2000-03-27,2000-09-18,175,2006-11-21,2255.0000000000,2430.0000000000,2430,2000-03-27
full_current,vo_qqq_price_sma_150_raise_confirm,1999-03-10,2026-08-07,100000.0000000000,125099219.5964661539,1249.9921959647,0.2971473542,135,4.9248639133,1443351.2227693184,-0.5580330715,2007-10-31,2009-05-13,560,2010-04-14,336.0000000000,896.0000000000,1153,1999-12-23
full_current,vo_qqq_price_sma_150_both_confirm,1999-03-10,2026-08-07,100000.0000000000,161610020.6670854688,1615.1002066709,0.3093219302,55,2.0064260388,664468.8356417225,-0.7515395956,2000-03-27,2003-03-11,1079,2007-09-25,1659.0000000000,2738.0000000000,2738,2000-03-27
full_current,vo_qqq_price_sma_200_trend_cap,1999-03-10,2026-08-07,100000.0000000000,33717438.9254468977,336.1743892545,0.2365660873,250,9.1201183580,477574.3122686988,-0.5870159057,2015-07-20,2016-07-05,351,2017-09-13,435.0000000000,786.0000000000,1256,2004-01-26
full_current,vo_qqq_price_sma_200_trend_floor,1999-03-10,2026-08-07,100000.0000000000,63854109.3144028485,637.5410931440,0.2657111833,164,5.9827976428,487860.9606283865,-0.9273291529,2000-03-27,2003-03-11,1079,2012-09-14,3475.0000000000,4554.0000000000,4554,2000-03-27
full_current,vo_qqq_price_sma_200_blend,1999-03-10,2026-08-07,100000.0000000000,61519646.3011842668,614.1964630118,0.2639926394,343,12.5128023871,644072.3477086885,-0.7246128263,2000-03-27,2003-03-11,1079,2007-07-17,1589.0000000000,2668.0000000000,2668,2000-03-27
full_current,vo_qqq_price_sma_200_bear_step_down,1999-03-10,2026-08-07,100000.0000000000,87874958.8512217999,877.7495885122,0.2805413116,261,9.5214035657,1170521.4552179882,-0.5080254312,2015-07-20,2016-06-27,343,2017-04-24,301.0000000000,644.0000000000,1180,1999-12-23
full_current,vo_qqq_price_sma_200_bull_step_up,1999-03-10,2026-08-07,100000.0000000000,202545917.2303148806,2024.4591723031,0.3201507977,199,7.2596142129,1576520.6153013087,-0.7262331950,2000-03-27,2003-03-11,1079,2006-01-06,1032.0000000000,2111.0000000000,2111,2000-03-27
full_current,vo_qqq_price_sma_200_cut_confirm,1999-03-10,2026-08-07,100000.0000000000,305409056.8436045647,3053.0905684360,0.3400781991,73,2.6630745605,1362850.4693235729,-0.7451662089,2000-03-27,2000-05-10,44,2006-11-15,2380.0000000000,2424.0000000000,2424,2000-03-27
full_current,vo_qqq_price_sma_200_raise_confirm,1999-03-10,2026-08-07,100000.0000000000,140122949.3505571187,1400.2294935056,0.3025252404,137,4.9978248602,1493108.6925549177,-0.5580329032,2007-10-31,2009-05-13,560,2010-04-14,336.0000000000,896.0000000000,1176,1999-12-23
full_current,vo_qqq_price_sma_200_both_confirm,1999-03-10,2026-08-07,100000.0000000000,193744028.5937026739,1936.4402859370,0.3180128535,49,1.7875431982,538397.2795205940,-0.7451662089,2000-03-27,2000-05-10,44,2007-10-01,2700.0000000000,2744.0000000000,2744,2000-03-27
full_current,vo_qqq_price_sma_250_trend_cap,1999-03-10,2026-08-07,100000.0000000000,46694281.1585959047,465.9428115860,0.2513419476,231,8.4269893628,767628.6881773473,-0.5748252791,2015-07-20,2016-07-05,351,2017-07-24,384.0000000000,735.0000000000,925,2004-06-30
full_current,vo_qqq_price_sma_250_trend_floor,1999-03-10,2026-08-07,100000.0000000000,86615993.7473618388,865.1599374736,0.2798673765,137,4.9978248602,717098.7697490397,-0.8510309518,2000-03-27,2003-04-10,1109,2007-10-09,1643.0000000000,2752.0000000000,2752,2000-03-27
full_current,vo_qqq_price_sma_250_blend,1999-03-10,2026-08-07,100000.0000000000,89025035.2713097930,889.2503527131,0.2811488757,304,11.0900639233,1051092.3615667887,-0.5754402522,2000-03-27,2003-04-10,1109,2006-01-06,1002.0000000000,2111.0000000000,2111,2000-03-27
full_current,vo_qqq_price_sma_250_bear_step_down,1999-03-10,2026-08-07,100000.0000000000,99478369.6902343929,993.7836969023,0.2863482520,239,8.7188331502,1447837.9143641503,-0.5059475617,2015-07-20,2016-06-27,343,2017-04-24,301.0000000000,644.0000000000,785,2007-10-31
full_current,vo_qqq_price_sma_250_bull_step_up,1999-03-10,2026-08-07,100000.0000000000,240768628.6883311868,2406.6862868833,0.3285024672,175,6.3840828506,2116126.0569942850,-0.6566702292,2007-10-31,2009-07-07,615,2010-04-22,289.0000000000,904.0000000000,1316,2000-03-27
full_current,vo_qqq_price_sma_250_cut_confirm,1999-03-10,2026-08-07,100000.0000000000,165378145.4429300427,1652.7814544293,0.3104232970,69,2.5171526668,539926.2240853243,-0.8221571195,2000-03-27,2003-02-07,1047,2007-10-23,1719.0000000000,2766.0000000000,2766,2000-03-27
full_current,vo_qqq_price_sma_250_raise_confirm,1999-03-10,2026-08-07,100000.0000000000,152588987.5494870543,1524.8898754949,0.3065812850,139,5.0707858070,1652746.3486079541,-0.5467294158,2007-10-31,2009-07-07,615,2010-04-15,282.0000000000,897.0000000000,897,2007-10-31
full_current,vo_qqq_price_sma_250_both_confirm,1999-03-10,2026-08-07,100000.0000000000,116058994.2464882135,1159.5899424649,0.2936027604,47,1.7145822513,212654.4094758836,-0.8236681813,2000-03-27,2003-03-24,1092,2011-02-11,2881.0000000000,3973.0000000000,3973,2000-03-27
full_current,vo_qqq_cross_5_20_trend_cap,1999-03-10,2026-08-07,100000.0000000000,4113528.2300195955,40.1352823002,0.1452157404,395,14.4097870056,298792.7239485107,-0.5006552193,2014-11-28,2016-12-01,734,2019-07-12,953.0000000000,1687.0000000000,1687,2014-11-28
full_current,vo_qqq_cross_5_20_trend_floor,1999-03-10,2026-08-07,100000.0000000000,46073777.7162547708,459.7377771625,0.2507314096,271,9.8862083000,700526.8201205173,-0.9341618702,2000-03-09,2002-09-04,909,2013-10-01,4045.0000000000,4954.0000000000,4954,2000-03-09
full_current,vo_qqq_cross_5_20_blend,1999-03-10,2026-08-07,100000.0000000000,24384492.1353784800,242.8449213538,0.2220332944,564,20.5749870156,811775.7829337277,-0.7070414617,2000-03-09,2002-09-04,909,2010-10-15,2963.0000000000,3872.0000000000,3872,2000-03-09
full_current,vo_qqq_cross_5_20_bear_step_down,1999-03-10,2026-08-07,100000.0000000000,28303661.3079428747,282.0366130794,0.2286958163,434,15.8325254694,1093477.0808697138,-0.3792471443,2015-03-02,2016-06-27,483,2017-02-21,239.0000000000,722.0000000000,1239,1999-12-23
full_current,vo_qqq_cross_5_20_bull_step_up,1999-03-10,2026-08-07,100000.0000000000,198819314.3069952726,1987.1931430700,0.3192567663,296,10.7982201358,2908039.9144512229,-0.7070893861,2000-03-09,2002-09-04,909,2007-07-05,1765.0000000000,2674.0000000000,2674,2000-03-09
full_current,vo_qqq_cross_5_20_cut_confirm,1999-03-10,2026-08-07,100000.0000000000,223251551.2576398551,2231.5155125764,0.3248466388,129,4.7059810727,2561856.7559805382,-0.5604889822,2007-10-31,2009-05-13,560,2010-04-14,336.0000000000,896.0000000000,1169,2000-01-03
full_current,vo_qqq_cross_5_20_raise_confirm,1999-03-10,2026-08-07,100000.0000000000,134881678.0386448205,1347.8167803864,0.3007150515,127,4.6330201258,1442794.2076560340,-0.5293312913,2007-10-31,2009-05-13,560,2010-04-14,336.0000000000,896.0000000000,1176,1999-12-23
full_current,vo_qqq_cross_5_20_both_confirm,1999-03-10,2026-08-07,100000.0000000000,162001563.5731327832,1619.0156357313,0.3094375179,95,3.4656449760,1501925.6751899153,-0.5609561713,2007-10-31,2009-05-13,560,2010-04-15,337.0000000000,897.0000000000,1215,2000-01-03
full_current,vo_qqq_cross_10_50_trend_cap,1999-03-10,2026-08-07,100000.0000000000,5654400.8796287701,55.5440087963,0.1585849764,224,8.1716260487,188821.2059548596,-0.5668050065,2011-02-16,2011-12-14,301,2013-10-25,681.0000000000,982.0000000000,1184,1999-12-23
full_current,vo_qqq_cross_10_50_trend_floor,1999-03-10,2026-08-07,100000.0000000000,40688945.8220587000,405.8894582206,0.2450733456,155,5.6544733819,505260.7227699390,-0.9108085029,2000-03-27,2003-02-07,1047,2011-02-07,2922.0000000000,3969.0000000000,3969,2000-03-27
full_current,vo_qqq_cross_10_50_blend,1999-03-10,2026-08-07,100000.0000000000,21105445.9161569923,210.0544591616,0.2156120962,328,11.9655952857,407623.8577584311,-0.6984971742,2000-03-27,2003-03-31,1099,2007-07-02,1554.0000000000,2653.0000000000,2653,2000-03-27
full_current,vo_qqq_cross_10_50_bear_step_down,1999-03-10,2026-08-07,100000.0000000000,25104364.9080586284,250.0436490806,0.2233310202,252,9.1930793048,558418.6924749499,-0.4979123714,2011-02-16,2011-12-14,301,2013-08-02,597.0000000000,898.0000000000,1184,1999-12-23
full_current,vo_qqq_cross_10_50_bull_step_up,1999-03-10,2026-08-07,100000.0000000000,114921958.0771808475,1148.2195807718,0.2931382291,186,6.7853680583,1352960.1511928660,-0.6992988136,2000-03-27,2003-02-07,1047,2006-01-11,1069.0000000000,2116.0000000000,2116,2000-03-27
full_current,vo_qqq_cross_10_50_cut_confirm,1999-03-10,2026-08-07,100000.0000000000,224062067.2354382873,2239.6206723544,0.3250217987,111,4.0493325509,2385242.5280193239,-0.5710388572,2007-10-31,2009-05-13,560,2010-03-23,314.0000000000,874.0000000000,1242,2000-03-27
full_current,vo_qqq_cross_10_50_raise_confirm,1999-03-10,2026-08-07,100000.0000000000,131682793.3789768815,1315.8279337898,0.2995766390,129,4.7059810727,1382882.6980822117,-0.5288303429,2007-10-31,2009-05-13,560,2010-04-05,327.0000000000,887.0000000000,887,2007-10-31
full_current,vo_qqq_cross_10_50_both_confirm,1999-03-10,2026-08-07,100000.0000000000,139402751.2580584288,1393.0275125806,0.3022804091,79,2.8819574011,1060816.4326106794,-0.5710388147,2007-10-31,2009-05-13,560,2010-03-23,314.0000000000,874.0000000000,1270,2000-03-27
full_current,vo_qqq_cross_20_50_trend_cap,1999-03-10,2026-08-07,100000.0000000000,9385870.6321303807,92.8587063213,0.1802032491,202,7.3690556332,240026.8764108737,-0.5848145810,2014-09-18,2016-06-27,648,2017-11-08,499.0000000000,1147.0000000000,1147,2014-09-18
full_current,vo_qqq_cross_20_50_trend_floor,1999-03-10,2026-08-07,100000.0000000000,26883425.9764839001,267.8342597648,0.2263904187,121,4.4141372853,269509.5309096181,-0.9427186675,2000-03-27,2002-12-31,1009,2013-09-19,3915.0000000000,4924.0000000000,4924,2000-03-27
full_current,vo_qqq_cross_20_50_blend,1999-03-10,2026-08-07,100000.0000000000,23681265.9059614576,235.8126590596,0.2207294314,288,10.5063763484,388904.7366851293,-0.7394736120,2000-03-27,2003-03-31,1099,2007-07-05,1557.0000000000,2656.0000000000,2656,2000-03-27
full_current,vo_qqq_cross_20_50_bear_step_down,1999-03-10,2026-08-07,100000.0000000000,39994463.3518348187,398.9446335183,0.2442916515,229,8.3540284159,780098.3862971814,-0.4712300786,2007-07-19,2009-05-13,664,2009-12-22,223.0000000000,887.0000000000,887,2007-07-19
full_current,vo_qqq_cross_20_50_bull_step_up,1999-03-10,2026-08-07,100000.0000000000,120367126.1995249391,1202.6712619952,0.2953239225,165,6.0192781163,1220526.1051721817,-0.7333043483,2000-03-27,2002-12-31,1009,2006-01-09,1105.0000000000,2114.0000000000,2114,2000-03-27
full_current,vo_qqq_cross_20_50_cut_confirm,1999-03-10,2026-08-07,100000.0000000000,101755784.8779417276,1016.5578487794,0.2874108951,101,3.6845278166,812619.1532758529,-0.6524887252,2000-03-27,2000-09-21,178,2004-12-06,1537.0000000000,1715.0000000000,1715,2000-03-27
full_current,vo_qqq_cross_20_50_raise_confirm,1999-03-10,2026-08-07,100000.0000000000,121370418.6994215995,1212.7041869942,0.2957162245,141,5.1437467539,1469302.3810238012,-0.5288302885,2007-10-31,2009-05-13,560,2010-04-13,335.0000000000,895.0000000000,895,2007-10-31
full_current,vo_qqq_cross_20_50_both_confirm,1999-03-10,2026-08-07,100000.0000000000,54136325.3550045490,540.3632535500,0.2581110147,81,2.9549183480,380156.5970212257,-0.6739538924,2000-03-27,2003-03-31,1099,2007-05-30,1521.0000000000,2620.0000000000,2620,2000-03-27
full_current,vo_qqq_cross_20_100_trend_cap,1999-03-10,2026-08-07,100000.0000000000,18386720.4705342054,182.8672047053,0.2095120180,168,6.1287195366,271705.3383842413,-0.5695994701,2015-07-20,2016-06-27,343,2017-05-01,308.0000000000,651.0000000000,1374,2004-01-26
full_current,vo_qqq_cross_20_100_trend_floor,1999-03-10,2026-08-07,100000.0000000000,80447868.6561972797,803.4786865620,0.2764227792,89,3.2467621354,425635.0506361009,-0.9180608441,2000-03-27,2003-03-11,1079,2010-10-15,2775.0000000000,3854.0000000000,3854,2000-03-27
full_current,vo_qqq_cross_20_100_blend,1999-03-10,2026-08-07,100000.0000000000,54059240.0483429581,539.5924004834,0.2580456173,228,8.3175479425,515099.1143921526,-0.7020824382,2000-03-27,2003-02-07,1047,2007-07-13,1617.0000000000,2664.0000000000,2664,2000-03-27
full_current,vo_qqq_cross_20_100_bear_step_down,1999-03-10,2026-08-07,100000.0000000000,60478220.0155913085,603.7822001559,0.2632056178,188,6.8583290052,838913.4938832789,-0.5120441670,2015-07-20,2016-06-27,343,2017-03-01,247.0000000000,590.0000000000,782,2007-10-31
full_current,vo_qqq_cross_20_100_bull_step_up,1999-03-10,2026-08-07,100000.0000000000,215212011.7932336926,2151.1201179323,0.3230752581,129,4.7059810727,1418587.0559129030,-0.7045604203,2000-03-27,2003-02-07,1047,2004-12-14,676.0000000000,1723.0000000000,1723,2000-03-27
full_current,vo_qqq_cross_20_100_cut_confirm,1999-03-10,2026-08-07,100000.0000000000,121718957.0582191050,1216.1895705822,0.2958517772,84,3.0643597683,652745.7351793087,-0.7259146041,2000-03-27,2003-03-11,1079,2006-11-16,1346.0000000000,2425.0000000000,2425,2000-03-27
full_current,vo_qqq_cross_20_100_raise_confirm,1999-03-10,2026-08-07,100000.0000000000,85603421.4968208224,855.0342149682,0.2793184538,138,5.0343053336,1001248.9740268555,-0.5300289622,2007-10-31,2009-05-13,560,2010-04-05,327.0000000000,887.0000000000,887,2007-10-31
full_current,vo_qqq_cross_20_100_both_confirm,1999-03-10,2026-08-07,100000.0000000000,48040769.5707678273,479.4076957077,0.2526403606,61,2.2253088793,195328.3086914089,-0.7259146041,2000-03-27,2003-03-11,1079,2007-07-13,1585.0000000000,2664.0000000000,2664,2000-03-27
full_current,vo_qqq_cross_20_200_trend_cap,1999-03-10,2026-08-07,100000.0000000000,25053829.7424404249,249.5382974244,0.2232410973,159,5.8003952757,340265.1138842314,-0.6370564255,2015-07-20,2016-06-27,343,2017-08-31,430.0000000000,773.0000000000,896,2007-10-31
full_current,vo_qqq_cross_20_200_trend_floor,1999-03-10,2026-08-07,100000.0000000000,121162705.0553948283,1210.6270505539,0.2956352626,74,2.6995550340,549149.3662833051,-0.8012814985,2000-03-27,2000-05-23,57,2007-01-11,2424.0000000000,2481.0000000000,2481,2000-03-27
full_current,vo_qqq_cross_20_200_blend,1999-03-10,2026-08-07,100000.0000000000,75303735.9129694998,752.0373591297,0.2733495194,211,7.6973798941,646709.6861054442,-0.6582958919,2007-10-31,2009-05-13,560,2011-01-12,609.0000000000,1169.0000000000,1381,2000-03-27
full_current,vo_qqq_cross_20_200_bear_step_down,1999-03-10,2026-08-07,100000.0000000000,62284742.7100521252,621.8474271005,0.2645626968,171,6.2381609569,797713.6473993922,-0.5604463580,2015-07-20,2016-06-27,343,2017-04-27,304.0000000000,647.0000000000,896,2007-10-31
full_current,vo_qqq_cross_20_200_bull_step_up,1999-03-10,2026-08-07,100000.0000000000,224056151.2475055754,2239.5615124751,0.3250205224,113,4.1222934978,1284797.7647697558,-0.7471548112,2007-10-31,2009-05-13,560,2011-02-04,632.0000000000,1192.0000000000,1256,2000-03-27
full_current,vo_qqq_cross_20_200_cut_confirm,1999-03-10,2026-08-07,100000.0000000000,129437913.3833508193,1293.3791338335,0.2987617120,68,2.4806721934,649258.6210960073,-0.8012814985,2000-03-27,2000-05-23,57,2006-01-06,2054.0000000000,2111.0000000000,2111,2000-03-27
full_current,vo_qqq_cross_20_200_raise_confirm,1999-03-10,2026-08-07,100000.0000000000,108119096.4517965019,1080.1909645180,0.2902628595,137,4.9978248602,1185997.2696850074,-0.5385670854,2007-10-31,2009-05-13,560,2010-04-06,328.0000000000,888.0000000000,888,2007-10-31
full_current,vo_qqq_cross_20_200_both_confirm,1999-03-10,2026-08-07,100000.0000000000,61698030.6628007293,615.9803066280,0.2641261581,44,1.6051408310,201162.9870795402,-0.8012814985,2000-03-27,2000-05-23,57,2007-07-12,2606.0000000000,2663.0000000000,2663,2000-03-27
full_current,vo_qqq_cross_50_100_trend_cap,1999-03-10,2026-08-07,100000.0000000000,38527319.3369162679,384.2731933692,0.2425963390,157,5.7274343288,602354.4187224256,-0.5924592498,2015-07-20,2016-06-27,343,2017-05-16,323.0000000000,666.0000000000,783,2007-10-31
full_current,vo_qqq_cross_50_100_trend_floor,1999-03-10,2026-08-07,100000.0000000000,51734861.8077020198,516.3486180770,0.2560302510,78,2.8454769277,298891.8254465860,-0.9430313829,2000-03-27,2003-02-07,1047,2012-02-28,3308.0000000000,4355.0000000000,4355,2000-03-27
full_current,vo_qqq_cross_50_100_blend,1999-03-10,2026-08-07,100000.0000000000,66947833.3185552955,668.4783331856,0.2678976774,218,7.9527432082,683562.6355100315,-0.7282483797,2000-03-27,2003-02-07,1047,2007-07-13,1617.0000000000,2664.0000000000,2664,2000-03-27
full_current,vo_qqq_cross_50_100_bear_step_down,1999-03-10,2026-08-07,100000.0000000000,95602883.4679719508,955.0288346797,0.2844848693,179,6.5300047443,1378293.0811923507,-0.5381218703,2015-07-20,2016-06-27,343,2017-04-24,301.0000000000,644.0000000000,783,2007-10-31
full_current,vo_qqq_cross_50_100_bull_step_up,1999-03-10,2026-08-07,100000.0000000000,208664753.7502692938,2085.6475375027,0.3215849204,123,4.4870982321,1502907.5818052376,-0.7305200885,2000-03-27,2003-02-07,1047,2005-11-25,1022.0000000000,2069.0000000000,2069,2000-03-27
full_current,vo_qqq_cross_50_100_cut_confirm,1999-03-10,2026-08-07,100000.0000000000,119668352.7503406852,1195.6835275034,0.2950488261,76,2.7725159808,667169.8087199666,-0.8068318339,2000-03-27,2002-02-21,696,2007-07-02,1957.0000000000,2653.0000000000,2653,2000-03-27
full_current,vo_qqq_cross_50_100_raise_confirm,1999-03-10,2026-08-07,100000.0000000000,91048348.3948274553,909.4834839483,0.2821996270,138,5.0343053336,995768.6725934374,-0.5691977919,2007-10-31,2009-05-13,560,2010-04-15,337.0000000000,897.0000000000,897,2007-10-31
full_current,vo_qqq_cross_50_100_both_confirm,1999-03-10,2026-08-07,100000.0000000000,49651597.2345869690,495.5159723459,0.2541483767,55,2.0064260388,231610.1848894611,-0.8068318339,2000-03-27,2002-02-21,696,2007-10-31,2078.0000000000,2774.0000000000,2774,2000-03-27
full_current,vo_qqq_cross_50_150_trend_cap,1999-03-10,2026-08-07,100000.0000000000,34373243.6616753042,342.7324366168,0.2374353693,139,5.0707858070,583816.6494620532,-0.5679054703,2015-07-20,2016-06-27,343,2017-05-01,308.0000000000,651.0000000000,1253,2004-01-26
full_current,vo_qqq_cross_50_150_trend_floor,1999-03-10,2026-08-07,100000.0000000000,127610411.0767870098,1275.1041107679,0.2980881808,67,2.4441917199,604416.0084256387,-0.8399047309,2000-03-27,2003-03-11,1079,2007-06-15,1557.0000000000,2636.0000000000,2636,2000-03-27
full_current,vo_qqq_cross_50_150_blend,1999-03-10,2026-08-07,100000.0000000000,88595397.7755622268,884.9539777556,0.2809227958,196,7.1501727926,876112.6765921987,-0.6319005429,2007-10-31,2009-05-13,560,2010-04-14,336.0000000000,896.0000000000,1381,2000-03-27
full_current,vo_qqq_cross_50_150_bear_step_down,1999-03-10,2026-08-07,100000.0000000000,82749735.9110430181,826.4973591104,0.2777371074,160,5.8368757491,1297815.3194592886,-0.5296449964,2007-10-31,2009-05-13,560,2010-04-05,327.0000000000,887.0000000000,1149,1999-12-23
full_current,vo_qqq_cross_50_150_bull_step_up,1999-03-10,2026-08-07,100000.0000000000,240117343.1079992056,2400.1734310800,0.3283711985,111,4.0493325509,1572780.2019747354,-0.7230189515,2007-10-31,2009-05-13,560,2010-11-04,540.0000000000,1100.0000000000,1254,2000-03-27
full_current,vo_qqq_cross_50_150_cut_confirm,1999-03-10,2026-08-07,100000.0000000000,162692054.0515863597,1625.9205405159,0.3096407038,69,2.5171526668,813052.3324493170,-0.8012814985,2000-03-27,2000-05-23,57,2005-11-17,2004.0000000000,2061.0000000000,2061,2000-03-27
full_current,vo_qqq_cross_50_150_raise_confirm,1999-03-10,2026-08-07,100000.0000000000,82269408.5142111778,821.6940851421,0.2774657822,133,4.8519029664,992025.5929742558,-0.5713710355,2007-10-31,2009-05-13,560,2010-04-15,337.0000000000,897.0000000000,1149,1999-12-23
full_current,vo_qqq_cross_50_150_both_confirm,1999-03-10,2026-08-07,100000.0000000000,63139574.9308136255,630.3957493081,0.2651916881,41,1.4956994107,228244.0566883345,-0.8012814985,2000-03-27,2000-05-23,57,2006-01-06,2054.0000000000,2111.0000000000,2111,2000-03-27
full_current,vo_qqq_cross_50_200_trend_cap,1999-03-10,2026-08-07,100000.0000000000,49196121.5894290879,490.9612158943,0.2537268083,144,5.2531881742,567124.4747536556,-0.5104935252,2015-07-20,2016-06-27,343,2017-03-01,247.0000000000,590.0000000000,1218,2004-06-30
full_current,vo_qqq_cross_50_200_trend_floor,1999-03-10,2026-08-07,100000.0000000000,305746425.2895820141,3056.4642528958,0.3401321728,60,2.1888284059,895500.9393049525,-0.8012814985,2000-03-27,2000-05-23,57,2004-12-14,1666.0000000000,1723.0000000000,1723,2000-03-27
full_current,vo_qqq_cross_50_200_blend,1999-03-10,2026-08-07,100000.0000000000,160085215.2222274840,1599.8521522223,0.3088692048,192,7.0042508989,1073401.0626958336,-0.5702996363,2007-10-31,2009-07-07,615,2010-04-06,273.0000000000,888.0000000000,1249,2000-03-27
full_current,vo_qqq_cross_50_200_bear_step_down,1999-03-10,2026-08-07,100000.0000000000,114674979.0257964283,1145.7497902580,0.2930367416,159,5.8003952757,1287083.5735812846,-0.4912643079,2015-07-20,2016-06-27,343,2017-02-15,233.0000000000,576.0000000000,785,2007-10-31
full_current,vo_qqq_cross_50_200_bull_step_up,1999-03-10,2026-08-07,100000.0000000000,415159489.7868983746,4150.5948978690,0.3551712985,104,3.7939692369,1912736.2945504764,-0.6742488629,2007-10-31,2009-07-07,615,2010-10-27,477.0000000000,1092.0000000000,1197,2000-03-27
full_current,vo_qqq_cross_50_200_cut_confirm,1999-03-10,2026-08-07,100000.0000000000,212480347.1241326034,2123.8034712413,0.3224588396,58,2.1158674590,688385.4270849024,-0.8012814985,2000-03-27,2000-05-23,57,2006-11-13,2365.0000000000,2422.0000000000,2422,2000-03-27
full_current,vo_qqq_cross_50_200_raise_confirm,1999-03-10,2026-08-07,100000.0000000000,101979783.6326827407,1018.7978363268,0.2875141722,136,4.9613443867,1158673.6163037303,-0.5073649577,2007-10-31,2009-07-07,615,2010-04-06,273.0000000000,888.0000000000,888,2007-10-31
full_current,vo_qqq_cross_50_200_both_confirm,1999-03-10,2026-08-07,100000.0000000000,100022704.7884112000,999.2270478841,0.2866043549,33,1.2038556233,201747.7791613758,-0.8012814985,2000-03-27,2000-05-23,57,2007-07-12,2606.0000000000,2663.0000000000,2663,2000-03-27
full_current,vo_qqq_cross_100_200_trend_cap,1999-03-10,2026-08-07,100000.0000000000,28222769.5302927047,281.2276953029,0.2285675344,147,5.3626295945,416312.3442785366,-0.5752162868,2004-06-30,2009-07-07,1833,2011-01-05,547.0000000000,2380.0000000000,2380,2004-06-30
full_current,vo_qqq_cross_100_200_trend_floor,1999-03-10,2026-08-07,100000.0000000000,264165500.1121910512,2640.6550011219,0.3330046368,50,1.8240236716,359670.0489374850,-0.8415832126,2007-10-31,2009-05-13,560,2012-03-26,1048.0000000000,1608.0000000000,2481,2000-03-27
full_current,vo_qqq_cross_100_200_blend,1999-03-10,2026-08-07,100000.0000000000,125690121.9371664226,1255.9012193717,0.2973703643,189,6.8948094786,789385.6405221061,-0.7078926976,2007-10-31,2009-07-07,615,2011-02-14,587.0000000000,1202.0000000000,1319,2000-03-27
full_current,vo_qqq_cross_100_200_bear_step_down,1999-03-10,2026-08-07,100000.0000000000,76312491.4213189632,762.1249142132,0.2739678064,157,5.7274343288,971512.6900398080,-0.5400007724,2007-10-31,2009-07-07,615,2010-04-14,281.0000000000,896.0000000000,1176,1999-12-23
full_current,vo_qqq_cross_100_200_bull_step_up,1999-03-10,2026-08-07,100000.0000000000,346658069.3246858120,3465.5806932469,0.3462858333,95,3.4656449760,1253322.1122077717,-0.7895924647,2007-10-31,2009-05-13,560,2012-02-27,1020.0000000000,1580.0000000000,1580,2007-10-31
full_current,vo_qqq_cross_100_200_cut_confirm,1999-03-10,2026-08-07,100000.0000000000,547416395.1599624157,5473.1639515996,0.3689122289,47,1.7145822513,741110.9015818835,-0.8012814985,2000-03-27,2000-05-23,57,2005-11-22,2009.0000000000,2066.0000000000,2066,2000-03-27
full_current,vo_qqq_cross_100_200_raise_confirm,1999-03-10,2026-08-07,100000.0000000000,86005688.4909771681,859.0568849098,0.2795372709,136,4.9613443867,968721.1456260985,-0.4855882334,2007-10-31,2009-07-07,615,2010-01-08,185.0000000000,800.0000000000,1176,1999-12-23
full_current,vo_qqq_cross_100_200_both_confirm,1999-03-10,2026-08-07,100000.0000000000,214059704.6739163995,2139.5970467392,0.3228161568,22,0.8025704155,105340.6139520439,-0.8012814985,2000-03-27,2000-05-23,57,2007-07-17,2611.0000000000,2668.0000000000,2668,2000-03-27
full_current,vo_qqq_cross_100_250_trend_cap,1999-03-10,2026-08-07,100000.0000000000,48615524.8186159581,485.1552481862,0.2531839475,144,5.2531881742,595627.0286195708,-0.5314683775,2004-06-30,2005-04-20,294,2010-04-14,1820.0000000000,2114.0000000000,2114,2004-06-30
full_current,vo_qqq_cross_100_250_trend_floor,1999-03-10,2026-08-07,100000.0000000000,244476758.4275008142,2443.7675842750,0.3292433949,39,1.4227384638,244304.1762822222,-0.8415831334,2000-03-27,2000-10-30,217,2007-10-05,2531.0000000000,2748.0000000000,2748,2000-03-27
full_current,vo_qqq_cross_100_250_blend,1999-03-10,2026-08-07,100000.0000000000,152933405.5598453283,1528.3340555985,0.3066887551,176,6.4205633240,837925.3809462943,-0.5719185657,2000-03-27,2000-10-30,217,2006-01-06,1894.0000000000,2111.0000000000,2111,2000-03-27
full_current,vo_qqq_cross_100_250_bear_step_down,1999-03-10,2026-08-07,100000.0000000000,96009233.2308228165,959.0923323082,0.2846836301,153,5.5815124351,1166881.3789591556,-0.4576202850,2007-10-31,2009-08-17,656,2010-04-09,235.0000000000,891.0000000000,891,2007-10-31
full_current,vo_qqq_cross_100_250_bull_step_up,1999-03-10,2026-08-07,100000.0000000000,341202639.7003064156,3411.0263970031,0.3455070088,88,3.2102816620,1288987.6156205400,-0.6447806547,2007-10-31,2009-05-13,560,2010-11-04,540.0000000000,1100.0000000000,1296,2000-03-27
full_current,vo_qqq_cross_100_250_cut_confirm,1999-03-10,2026-08-07,100000.0000000000,200830711.2170737088,2007.3071121707,0.3197412968,40,1.4592189373,200861.3875592833,-0.8415831334,2000-03-27,2000-10-30,217,2010-12-08,3691.0000000000,3908.0000000000,3908,2000-03-27
full_current,vo_qqq_cross_100_250_raise_confirm,1999-03-10,2026-08-07,100000.0000000000,100734936.5353125334,1006.3493653531,0.2869374305,139,5.0707858070,1216706.9583097887,-0.4494819304,2024-12-16,2025-04-07,112,2026-05-14,402.0000000000,514.0000000000,800,2007-10-31
full_current,vo_qqq_cross_100_250_both_confirm,1999-03-10,2026-08-07,100000.0000000000,93950462.7408857197,938.5046274089,0.2836681336,18,0.6566485218,46607.7795321755,-0.8415831334,2000-03-27,2000-10-30,217,2013-05-02,4567.0000000000,4784.0000000000,4784,2000-03-27
full_current,vo_qqq_triple_5_20_100_trend_cap,1999-03-10,2026-08-07,100000.0000000000,14891613.6727974731,147.9161367280,0.2002451070,379,13.8260994307,474341.2838917015,-0.4771544897,2015-03-02,2016-06-27,483,2017-06-01,339.0000000000,822.0000000000,1082,2004-01-26
full_current,vo_qqq_triple_5_20_100_trend_floor,1999-03-10,2026-08-07,100000.0000000000,100715854.9472235143,1006.1585494722,0.2869285366,247,9.0106769377,1383653.8172996657,-0.8962235636,2000-03-09,2003-03-11,1097,2011-01-12,2864.0000000000,3961.0000000000,3961,2000-03-09
full_current,vo_qqq_triple_5_20_100_blend,1999-03-10,2026-08-07,100000.0000000000,49179997.6742068827,490.7999767421,0.2537118159,616,22.4719716340,1041349.5792775167,-0.6673796174,2000-03-09,2003-03-11,1097,2007-07-17,1589.0000000000,2686.0000000000,2686,2000-03-09
full_current,vo_qqq_triple_5_20_100_bear_step_down,1999-03-10,2026-08-07,100000.0000000000,45440918.3633307219,453.4091836333,0.2501004984,507,18.4956000300,1166862.7474446872,-0.4141335829,2015-07-20,2016-06-27,343,2017-02-13,231.0000000000,574.0000000000,874,2007-10-31
full_current,vo_qqq_triple_5_20_100_bull_step_up,1999-03-10,2026-08-07,100000.0000000000,254515113.0734609067,2544.1511307346,0.3311961215,339,12.3668804934,2756945.1827563881,-0.6694345113,2000-03-09,2003-03-11,1097,2006-01-06,1032.0000000000,2129.0000000000,2129,2000-03-09
full_current,vo_qqq_triple_5_20_100_cut_confirm,1999-03-10,2026-08-07,100000.0000000000,111564415.8282068968,1114.6441582821,0.2917402143,80,2.9184378746,628275.8916569223,-0.7259146041,2000-03-27,2003-03-11,1079,2006-11-14,1344.0000000000,2423.0000000000,2423,2000-03-27
full_current,vo_qqq_triple_5_20_100_raise_confirm,1999-03-10,2026-08-07,100000.0000000000,55734179.2077907473,556.3417920779,0.2594467685,118,4.3046958650,612597.5166665398,-0.5305296747,2007-10-31,2009-05-13,560,2010-04-14,336.0000000000,896.0000000000,1222,1999-12-23
full_current,vo_qqq_triple_5_20_100_both_confirm,1999-03-10,2026-08-07,100000.0000000000,38043970.2740946710,379.4397027409,0.2420241741,53,1.9334650919,155689.8873412812,-0.7105054750,2000-03-27,2000-04-14,18,2007-09-26,2721.0000000000,2739.0000000000,2739,2000-03-27
full_current,vo_qqq_triple_10_50_200_trend_cap,1999-03-10,2026-08-07,100000.0000000000,21094341.2122498527,209.9434121225,0.2155887575,215,7.8433017879,339296.6784911033,-0.5398487789,2007-10-31,2009-05-13,560,2010-04-14,336.0000000000,896.0000000000,896,2007-10-31
full_current,vo_qqq_triple_10_50_200_trend_floor,1999-03-10,2026-08-07,100000.0000000000,185484743.4461086988,1853.8474344611,0.3159198262,136,4.9613443867,1665275.3639966149,-0.8309436888,2000-03-27,2003-03-31,1099,2007-10-05,1649.0000000000,2748.0000000000,2748,2000-03-27
full_current,vo_qqq_triple_10_50_200_blend,1999-03-10,2026-08-07,100000.0000000000,78207870.0273257792,781.0787002733,0.2751085166,347,12.6587242809,922175.8854281596,-0.5967608908,2000-03-27,2003-03-11,1079,2006-01-06,1032.0000000000,2111.0000000000,2111,2000-03-27
full_current,vo_qqq_triple_10_50_200_bear_step_down,1999-03-10,2026-08-07,100000.0000000000,62989376.4154538214,628.8937641545,0.2650817675,290,10.5793372952,1004356.4279912702,-0.4417015797,2015-07-20,2016-06-27,343,2017-02-15,233.0000000000,576.0000000000,1141,1999-12-23
full_current,vo_qqq_triple_10_50_200_bull_step_up,1999-03-10,2026-08-07,100000.0000000000,292888331.5234784484,2927.8833152348,0.3380333332,205,7.4784970535,2310045.1249003336,-0.6433014163,2007-10-31,2009-05-13,560,2010-04-14,336.0000000000,896.0000000000,1296,2000-03-27
full_current,vo_qqq_triple_10_50_200_cut_confirm,1999-03-10,2026-08-07,100000.0000000000,278537698.1112529039,2784.3769811125,0.3355833570,53,1.9334650919,814774.1076959863,-0.8012814985,2000-03-27,2000-05-23,57,2006-11-13,2365.0000000000,2422.0000000000,2422,2000-03-27
full_current,vo_qqq_triple_10_50_200_raise_confirm,1999-03-10,2026-08-07,100000.0000000000,75325197.4504211843,752.2519745042,0.2733627565,120,4.3776568118,786049.7223511869,-0.4853614237,2024-12-16,2026-03-30,469,,,,747,2007-10-31
full_current,vo_qqq_triple_10_50_200_both_confirm,1999-03-10,2026-08-07,100000.0000000000,117925931.0146631598,1178.2593101466,0.2943560618,28,1.0214532561,204725.5594214919,-0.8012814985,2000-03-27,2000-05-23,57,2007-10-05,2691.0000000000,2748.0000000000,2748,2000-03-27
full_current,vo_qqq_triple_20_50_200_trend_cap,1999-03-10,2026-08-07,100000.0000000000,23737054.0231741890,236.3705402317,0.2208342224,205,7.4784970535,400642.7106658397,-0.5473444878,2007-10-31,2009-05-13,560,2010-04-15,337.0000000000,897.0000000000,1222,2004-01-26
full_current,vo_qqq_triple_20_50_200_trend_floor,1999-03-10,2026-08-07,100000.0000000000,136090550.2406425178,1359.9055024064,0.3011385012,116,4.2317349181,800513.8457041234,-0.8632120564,2000-03-27,2003-03-31,1099,2007-10-23,1667.0000000000,2766.0000000000,2766,2000-03-27
full_current,vo_qqq_triple_20_50_200_blend,1999-03-10,2026-08-07,100000.0000000000,77783937.3701875657,776.8393737019,0.2748557087,315,11.4913491310,820338.7904650865,-0.6008022836,2000-03-27,2003-03-11,1079,2004-12-14,644.0000000000,1723.0000000000,1723,2000-03-27
full_current,vo_qqq_triple_20_50_200_bear_step_down,1999-03-10,2026-08-07,100000.0000000000,72884036.3030848950,727.8403630308,0.2718332824,262,9.5578840392,1070577.5039210999,-0.4545357232,2015-07-20,2016-06-27,343,2017-02-13,231.0000000000,574.0000000000,784,2007-10-31
full_current,vo_qqq_triple_20_50_200_bull_step_up,1999-03-10,2026-08-07,100000.0000000000,280834151.5653189421,2807.3415156532,0.3359834731,185,6.7488875849,1935358.4673061185,-0.6666314963,2007-10-31,2009-05-13,560,2010-10-27,532.0000000000,1092.0000000000,1295,2000-03-27
full_current,vo_qqq_triple_20_50_200_cut_confirm,1999-03-10,2026-08-07,100000.0000000000,242292251.1336133182,2421.9225113361,0.3288082265,51,1.8605041450,588692.3306344870,-0.8012814985,2000-03-27,2000-05-23,57,2006-11-14,2366.0000000000,2423.0000000000,2423,2000-03-27
full_current,vo_qqq_triple_20_50_200_raise_confirm,1999-03-10,2026-08-07,100000.0000000000,63271928.1302705705,631.7192813027,0.2652883402,128,4.6695005993,707068.9939180370,-0.5073654015,2007-10-31,2009-07-07,615,2010-04-14,281.0000000000,896.0000000000,896,2007-10-31
full_current,vo_qqq_triple_20_50_200_both_confirm,1999-03-10,2026-08-07,100000.0000000000,103564620.0441985428,1034.6462004420,0.2882386949,30,1.0944142030,180280.0654709887,-0.8012814985,2000-03-27,2000-05-23,57,2007-10-31,2717.0000000000,2774.0000000000,2774,2000-03-27
full_current,vo_qqq_triple_20_100_200_trend_cap,1999-03-10,2026-08-07,100000.0000000000,19475487.8989820965,193.7548789898,0.2120530222,175,6.3840828506,274886.7185152264,-0.6209651546,2004-01-26,2009-05-13,1934,2011-01-14,611.0000000000,2545.0000000000,2545,2004-01-26
full_current,vo_qqq_triple_20_100_200_trend_floor,1999-03-10,2026-08-07,100000.0000000000,248690676.4617942572,2485.9067646179,0.3300723531,85,3.1008402417,788584.5707338209,-0.8558569143,2000-03-27,2003-03-11,1079,2007-09-26,1660.0000000000,2739.0000000000,2739,2000-03-27
full_current,vo_qqq_triple_20_100_200_blend,1999-03-10,2026-08-07,100000.0000000000,95806133.4020627141,957.0613340206,0.2845843879,256,9.3390011986,713783.3657112983,-0.6259958345,2000-03-27,2003-03-11,1079,2007-01-12,1403.0000000000,2482.0000000000,2482,2000-03-27
full_current,vo_qqq_triple_20_100_200_bear_step_down,1999-03-10,2026-08-07,100000.0000000000,68412468.4954768121,683.1246849548,0.2688990627,220,8.0257041550,899506.8924919417,-0.4941129439,2007-10-31,2009-05-13,560,2010-03-30,321.0000000000,881.0000000000,881,2007-10-31
full_current,vo_qqq_triple_20_100_200_bull_step_up,1999-03-10,2026-08-07,100000.0000000000,328581053.9557570219,3284.8105395576,0.3436581291,147,5.3626295945,1551481.5667430649,-0.7102298002,2007-10-31,2009-05-13,560,2010-11-04,540.0000000000,1100.0000000000,1298,2000-03-27
full_current,vo_qqq_triple_20_100_200_cut_confirm,1999-03-10,2026-08-07,100000.0000000000,409553593.2882204056,4094.5359328822,0.3544993657,43,1.5686603576,548272.5551338051,-0.8012814985,2000-03-27,2000-05-23,57,2006-01-11,2059.0000000000,2116.0000000000,2116,2000-03-27
full_current,vo_qqq_triple_20_100_200_raise_confirm,1999-03-10,2026-08-07,100000.0000000000,43979639.6334156096,438.7963963342,0.2486107572,124,4.5235787056,491686.6334074143,-0.4855118307,2015-07-20,2016-02-09,204,2017-03-13,398.0000000000,602.0000000000,1222,1999-12-23
full_current,vo_qqq_triple_20_100_200_both_confirm,1999-03-10,2026-08-07,100000.0000000000,200004530.0665760338,1999.0453006658,0.3195428443,20,0.7296094686,94572.6317734336,-0.8012814985,2000-03-27,2000-05-23,57,2007-10-09,2695.0000000000,2752.0000000000,2752,2000-03-27
full_current,vo_qqq_triple_50_100_200_trend_cap,1999-03-10,2026-08-07,100000.0000000000,31229841.1734068692,311.2984117341,0.2331135966,169,6.1652000100,403741.0370848944,-0.6095328296,2007-10-31,2009-05-13,560,2011-01-10,607.0000000000,1167.0000000000,1366,2004-01-26
full_current,vo_qqq_triple_50_100_200_trend_floor,1999-03-10,2026-08-07,100000.0000000000,204052746.9259201884,2039.5274692592,0.3205078015,75,2.7360355074,762096.8484156749,-0.8741261109,2000-03-27,2003-03-11,1079,2007-10-31,1695.0000000000,2774.0000000000,2774,2000-03-27
full_current,vo_qqq_triple_50_100_200_blend,1999-03-10,2026-08-07,100000.0000000000,109461713.8355744481,1093.6171383557,0.2908438962,243,8.8647550439,820343.3783055847,-0.6242372409,2000-03-27,2003-03-11,1079,2006-01-06,1032.0000000000,2111.0000000000,2111,2000-03-27
full_current,vo_qqq_triple_50_100_200_bear_step_down,1999-03-10,2026-08-07,100000.0000000000,87335587.1513870358,872.3558715139,0.2802537277,210,7.6608994207,1172755.5557668509,-0.4940818723,2007-10-31,2009-05-13,560,2010-03-23,314.0000000000,874.0000000000,874,2007-10-31
full_current,vo_qqq_triple_50_100_200_bull_step_up,1999-03-10,2026-08-07,100000.0000000000,327391337.4678850174,3272.9133746789,0.3434803385,140,5.1072662805,1650238.5360942320,-0.7093336413,2007-10-31,2009-05-13,560,2010-12-09,575.0000000000,1135.0000000000,1372,2000-03-27
full_current,vo_qqq_triple_50_100_200_cut_confirm,1999-03-10,2026-08-07,100000.0000000000,267863981.6336088479,2677.6398163361,0.3336809175,39,1.4227384638,333198.9385995748,-0.8288064569,2000-03-27,2002-02-21,696,2007-09-26,2043.0000000000,2739.0000000000,2739,2000-03-27
full_current,vo_qqq_triple_50_100_200_raise_confirm,1999-03-10,2026-08-07,100000.0000000000,44359850.9532815516,442.5985095328,0.2490029129,120,4.3776568118,570112.7983150739,-0.5339179076,2024-12-16,2026-03-30,469,,,,1222,1999-12-23
full_current,vo_qqq_triple_50_100_200_both_confirm,1999-03-10,2026-08-07,100000.0000000000,144360929.6150529683,1442.6092961505,0.3039418365,18,0.6566485218,67743.1641821473,-0.8281513774,2000-03-27,2000-10-11,198,2011-02-14,3778.0000000000,3976.0000000000,3976,2000-03-27
full_current,vo_qqq_triple_50_150_200_trend_cap,1999-03-10,2026-08-07,100000.0000000000,39283372.7684536800,391.8337276845,0.2434775935,157,5.7274343288,466792.3979624995,-0.5028565684,2007-10-31,2009-05-13,560,2009-12-28,229.0000000000,789.0000000000,1270,2004-01-26
full_current,vo_qqq_triple_50_150_200_trend_floor,1999-03-10,2026-08-07,100000.0000000000,168790600.2146424949,1686.9060021464,0.3114000394,69,2.5171526668,543885.9897397676,-0.8384348814,2000-03-27,2003-03-11,1079,2007-07-17,1589.0000000000,2668.0000000000,2668,2000-03-27
full_current,vo_qqq_triple_50_150_200_blend,1999-03-10,2026-08-07,100000.0000000000,100844072.6499309391,1007.4407264993,0.2869882674,224,8.1716260487,729400.6563074701,-0.6061077493,2000-03-27,2003-03-11,1079,2005-12-01,996.0000000000,2075.0000000000,2075,2000-03-27
full_current,vo_qqq_triple_50_150_200_bear_step_down,1999-03-10,2026-08-07,100000.0000000000,84436978.1479312181,843.3697814793,0.2786783082,191,6.9677704255,1133058.8851321989,-0.4500545308,2007-10-31,2009-05-13,560,2009-12-23,224.0000000000,784.0000000000,784,2007-10-31
full_current,vo_qqq_triple_50_150_200_bull_step_up,1999-03-10,2026-08-07,100000.0000000000,283968068.6379609704,2838.6806863796,0.3365244454,130,4.7424615461,1374064.7354311675,-0.7053398033,2007-10-31,2009-05-13,560,2010-11-04,540.0000000000,1100.0000000000,1295,2000-03-27
full_current,vo_qqq_triple_50_150_200_cut_confirm,1999-03-10,2026-08-07,100000.0000000000,259017240.0279824734,2589.1724002798,0.3320479114,36,1.3132970435,280622.4613267333,-0.8012814985,2000-03-27,2000-05-23,57,2007-07-12,2606.0000000000,2663.0000000000,2663,2000-03-27
full_current,vo_qqq_triple_50_150_200_raise_confirm,1999-03-10,2026-08-07,100000.0000000000,51835754.8052195013,517.3575480522,0.2561195261,118,4.3046958650,655329.1207990003,-0.4949884013,2015-07-20,2016-06-27,343,2017-02-17,235.0000000000,578.0000000000,1222,1999-12-23
full_current,vo_qqq_triple_50_150_200_both_confirm,1999-03-10,2026-08-07,100000.0000000000,128448478.9067774862,1283.4847890678,0.2983981991,18,0.6566485218,55225.1228610767,-0.8012814985,2000-03-27,2000-05-23,57,2010-11-03,3816.0000000000,3873.0000000000,3873,2000-03-27
full_current,vo_tqqq_price_sma_20_trend_cap,1999-03-10,2026-08-07,100000.0000000000,1997417.6897557725,18.9741768976,0.1154284590,705,25.7187337695,363449.5184264401,-0.4335218567,2006-01-11,2009-10-28,1386,2010-11-04,372.0000000000,1758.0000000000,1758,2006-01-11
full_current,vo_tqqq_price_sma_20_trend_floor,1999-03-10,2026-08-07,100000.0000000000,70787173.4196416736,706.8717341964,0.2704795883,406,14.8110722133,1457168.2446853071,-0.9184416935,2000-03-09,2002-08-29,903,2011-01-12,3058.0000000000,3961.0000000000,3961,2000-03-09
full_current,vo_tqqq_price_sma_20_blend,1999-03-10,2026-08-07,100000.0000000000,18754075.9088733084,186.5407590887,0.2103852041,924,33.7079574511,1187983.0138507322,-0.6991529685,2000-03-09,2002-08-29,903,2007-10-08,1866.0000000000,2769.0000000000,2769,2000-03-09
full_current,vo_tqqq_price_sma_20_bear_step_down,1999-03-10,2026-08-07,100000.0000000000,15370535.5444732048,152.7053554447,0.2016319023,737,26.8861089193,1109561.3904572527,-0.4185207617,2007-10-31,2009-07-06,614,2010-04-15,283.0000000000,897.0000000000,1184,1999-12-23
full_current,vo_tqqq_price_sma_20_bull_step_up,1999-03-10,2026-08-07,100000.0000000000,169063484.0914287865,1689.6348409143,0.3114773229,429,15.6501231023,3335066.0266577178,-0.6991843983,2000-03-09,2002-08-29,903,2006-11-16,1540.0000000000,2443.0000000000,2443,2000-03-09
full_current,vo_tqqq_price_sma_20_cut_confirm,1999-03-10,2026-08-07,100000.0000000000,157101170.1741709411,1570.0117017417,0.3079710704,133,4.8519029664,1813767.5492642724,-0.5474348097,2007-10-31,2009-05-13,560,2009-12-24,225.0000000000,785.0000000000,1243,2000-01-03
full_current,vo_tqqq_price_sma_20_raise_confirm,1999-03-10,2026-08-07,100000.0000000000,131241625.7956295013,1311.4162579563,0.2994175505,129,4.7059810727,1436323.3049340839,-0.5288303235,2007-10-31,2009-05-13,560,2010-04-14,336.0000000000,896.0000000000,1176,1999-12-23
full_current,vo_tqqq_price_sma_20_both_confirm,1999-03-10,2026-08-07,100000.0000000000,99386003.4323903173,992.8600343239,0.2863046609,101,3.6845278166,933624.7062654656,-0.5474349763,2007-10-31,2009-05-13,560,2010-03-23,314.0000000000,874.0000000000,1281,2000-01-03
full_current,vo_tqqq_price_sma_50_trend_cap,1999-03-10,2026-08-07,100000.0000000000,7682259.3981904909,75.8225939819,0.1716112419,450,16.4162130443,443097.3940078503,-0.5653676399,2014-11-28,2016-07-06,586,2018-01-12,555.0000000000,1141.0000000000,1180,1999-12-23
full_current,vo_tqqq_price_sma_50_trend_floor,1999-03-10,2026-08-07,100000.0000000000,118907730.2469784170,1188.0773024698,0.2947476158,288,10.5063763484,2969719.7444595434,-0.8523975985,2000-03-27,2001-10-30,582,2007-10-31,2192.0000000000,2774.0000000000,2774,2000-03-27
full_current,vo_tqqq_price_sma_50_blend,1999-03-10,2026-08-07,100000.0000000000,41629705.6911011562,415.2970569110,0.2461119877,622,22.6908544746,1530294.2044464389,-0.6229987370,2000-03-27,2001-10-30,582,2006-11-13,1840.0000000000,2422.0000000000,2422,2000-03-27
full_current,vo_tqqq_price_sma_50_bear_step_down,1999-03-10,2026-08-07,100000.0000000000,36120030.3177693337,360.2003031777,0.2396750536,483,17.6200686676,1359500.2274073719,-0.4298899425,2014-11-28,2016-06-27,577,2017-04-24,301.0000000000,878.0000000000,1180,1999-12-23
full_current,vo_tqqq_price_sma_50_bull_step_up,1999-03-10,2026-08-07,100000.0000000000,243303961.0801608562,2432.0396108016,0.3290102339,315,11.4913491310,5345312.4525760068,-0.6188093719,2000-03-27,2001-10-30,582,2004-01-12,804.0000000000,1386.0000000000,1386,2000-03-27
full_current,vo_tqqq_price_sma_50_cut_confirm,1999-03-10,2026-08-07,100000.0000000000,190229236.8232395947,1901.2923682324,0.3171328674,125,4.5600591790,2061958.4110939836,-0.5722922596,2007-10-31,2009-05-13,560,2010-03-23,314.0000000000,874.0000000000,1281,2000-01-03
full_current,vo_tqqq_price_sma_50_raise_confirm,1999-03-10,2026-08-07,100000.0000000000,123633911.3350122571,1235.3391133501,0.2965899287,129,4.7059810727,1338434.3601638936,-0.5288300705,2007-10-31,2009-05-13,560,2010-04-05,327.0000000000,887.0000000000,1180,1999-12-23
full_current,vo_tqqq_price_sma_50_both_confirm,1999-03-10,2026-08-07,100000.0000000000,109874127.5647524595,1097.7412756475,0.2910209960,93,3.3926840292,954945.5739576386,-0.5722921734,2007-10-31,2009-05-13,560,2010-03-23,314.0000000000,874.0000000000,1338,2000-01-03
full_current,vo_tqqq_price_sma_100_trend_cap,1999-03-10,2026-08-07,100000.0000000000,3873126.0914355638,37.7312609144,0.1427026652,372,13.5707361167,231817.8242292661,-0.5197922525,2004-01-26,2006-09-07,955,2009-12-24,1204.0000000000,2159.0000000000,2159,2004-01-26
full_current,vo_tqqq_price_sma_100_trend_floor,1999-03-10,2026-08-07,100000.0000000000,168607033.2120698690,1685.0703321207,0.3113479835,215,7.8433017879,2539992.7549194642,-0.8623764518,2000-03-27,2003-04-04,1103,2007-10-23,1663.0000000000,2766.0000000000,2766,2000-03-27
full_current,vo_tqqq_price_sma_100_blend,1999-03-10,2026-08-07,100000.0000000000,32938747.9075725600,328.3874790757,0.2355125081,480,17.5106272473,1006728.6492483374,-0.6424585296,2000-03-27,2003-04-04,1103,2007-07-02,1550.0000000000,2653.0000000000,2653,2000-03-27
full_current,vo_tqqq_price_sma_100_bear_step_down,1999-03-10,2026-08-07,100000.0000000000,23203364.3933494985,231.0336439335,0.2198218797,400,14.5921893728,834068.6043789776,-0.4352265228,2007-10-31,2009-05-13,560,2009-11-16,187.0000000000,747.0000000000,1181,1999-12-23
full_current,vo_tqqq_price_sma_100_bull_step_up,1999-03-10,2026-08-07,100000.0000000000,241620413.7925695777,2415.2041379257,0.3286736317,244,8.9012355174,3853246.0785128726,-0.6266070076,2000-03-27,2003-02-07,1047,2004-01-08,335.0000000000,1382.0000000000,1382,2000-03-27
full_current,vo_tqqq_price_sma_100_cut_confirm,1999-03-10,2026-08-07,100000.0000000000,238445552.6931414008,2383.4555269314,0.3280326670,108,3.9398911306,2021349.9761550073,-0.6045510992,2007-10-31,2009-05-13,560,2010-04-14,336.0000000000,896.0000000000,1256,2000-03-27
full_current,vo_tqqq_price_sma_100_raise_confirm,1999-03-10,2026-08-07,100000.0000000000,78850326.1358420849,787.5032613584,0.2754891332,129,4.7059810727,940740.8196445133,-0.5288302700,2007-10-31,2009-05-13,560,2010-04-05,327.0000000000,887.0000000000,1181,1999-12-23
full_current,vo_tqqq_price_sma_100_both_confirm,1999-03-10,2026-08-07,100000.0000000000,88227403.5749456584,881.2740357495,0.2807283119,76,2.7725159808,630222.9909087343,-0.6045508553,2007-10-31,2009-05-13,560,2010-04-14,336.0000000000,896.0000000000,1373,2000-03-27
full_current,vo_tqqq_price_sma_150_trend_cap,1999-03-10,2026-08-07,100000.0000000000,9879639.3477921318,97.7963934779,0.1824127372,315,11.4913491310,287883.2642529569,-0.5877159949,2004-01-26,2005-10-27,640,2010-04-15,1631.0000000000,2271.0000000000,2271,2004-01-26
full_current,vo_tqqq_price_sma_150_trend_floor,1999-03-10,2026-08-07,100000.0000000000,227715377.1756410599,2276.1537717564,0.3258038100,172,6.2746414303,2253866.7628657673,-0.7233107616,2000-03-27,2003-04-11,1110,2006-10-16,1284.0000000000,2394.0000000000,2394,2000-03-27
full_current,vo_tqqq_price_sma_150_blend,1999-03-10,2026-08-07,100000.0000000000,59104825.1638429612,590.0482516384,0.2621475160,395,14.4097870056,1037341.9822307896,-0.5504423657,2007-10-31,2009-05-13,560,2009-12-24,225.0000000000,785.0000000000,1373,2000-03-27
full_current,vo_tqqq_price_sma_150_bear_step_down,1999-03-10,2026-08-07,100000.0000000000,39886370.9285205901,397.8637092852,0.2441688103,329,12.0020757591,893120.3087315834,-0.4792412744,2007-10-31,2009-05-13,560,2009-12-23,224.0000000000,784.0000000000,1180,1999-12-23
full_current,vo_tqqq_price_sma_150_bull_step_up,1999-03-10,2026-08-07,100000.0000000000,296677591.2318813205,2965.7759123188,0.3386609394,205,7.4784970535,3305383.9638617416,-0.6516260850,2007-10-31,2009-05-13,560,2010-03-23,314.0000000000,874.0000000000,1249,2000-03-27
full_current,vo_tqqq_price_sma_150_cut_confirm,1999-03-10,2026-08-07,100000.0000000000,354122473.6483389139,3540.2247364834,0.3473325426,93,3.3926840292,2675005.2116037677,-0.5767973719,2007-10-31,2009-05-13,560,2010-03-10,301.0000000000,861.0000000000,1386,2000-03-27
full_current,vo_tqqq_price_sma_150_raise_confirm,1999-03-10,2026-08-07,100000.0000000000,83700646.7337508053,836.0064673375,0.2782698068,130,4.7424615461,950459.0206055052,-0.5609570785,2007-10-31,2009-05-13,560,2010-04-14,336.0000000000,896.0000000000,1180,1999-12-23
full_current,vo_tqqq_price_sma_150_both_confirm,1999-03-10,2026-08-07,100000.0000000000,145823362.5637513995,1457.2336256375,0.3044213870,62,2.2617893528,810871.4963366020,-0.6056534590,2007-10-31,2009-05-13,560,2010-03-23,314.0000000000,874.0000000000,2116,2000-03-27
full_current,vo_tqqq_price_sma_200_trend_cap,1999-03-10,2026-08-07,100000.0000000000,32232870.8322837874,321.3287083228,0.2345364997,233,8.4999503096,752378.8008183214,-0.4559981067,2004-01-26,2005-10-27,640,2007-07-12,623.0000000000,1263.0000000000,1263,2004-01-26
full_current,vo_tqqq_price_sma_200_trend_floor,1999-03-10,2026-08-07,100000.0000000000,302158480.1706882715,3020.5848017069,0.3395551942,122,4.4506177587,2550977.5378407561,-0.7722809158,2000-03-27,2003-04-10,1109,2007-01-12,1373.0000000000,2482.0000000000,2482,2000-03-27
full_current,vo_tqqq_price_sma_200_blend,1999-03-10,2026-08-07,100000.0000000000,123222430.8537530899,1231.2243085375,0.2964322504,306,11.1630248702,1851391.4365653468,-0.5355629639,2000-03-27,2003-04-10,1109,2004-01-08,273.0000000000,1382.0000000000,1382,2000-03-27
full_current,vo_tqqq_price_sma_200_bear_step_down,1999-03-10,2026-08-07,100000.0000000000,88633660.7324588746,885.3366073246,0.2809429730,250,9.1201183580,1688304.0078955914,-0.4157400413,2015-07-20,2016-06-27,343,2017-02-13,231.0000000000,574.0000000000,1181,1999-12-23
full_current,vo_tqqq_price_sma_200_bull_step_up,1999-03-10,2026-08-07,100000.0000000000,429362991.9374487400,4292.6299193745,0.3568353868,154,5.6179929085,3983836.3276955225,-0.6035538242,2007-10-31,2009-07-07,615,2010-03-22,258.0000000000,873.0000000000,1260,2000-03-27
full_current,vo_tqqq_price_sma_200_cut_confirm,1999-03-10,2026-08-07,100000.0000000000,317845894.3437334895,3177.4589434373,0.3420309135,86,3.1373207151,2166132.9501203862,-0.6466355554,2000-03-27,2000-09-18,175,2006-01-06,1936.0000000000,2111.0000000000,2111,2000-03-27
full_current,vo_tqqq_price_sma_200_raise_confirm,1999-03-10,2026-08-07,100000.0000000000,78145409.4728117585,780.4540947281,0.2750713520,133,4.8519029664,876702.6323088446,-0.5708790232,2007-10-31,2009-07-07,615,2010-10-27,477.0000000000,1092.0000000000,1181,1999-12-23
full_current,vo_tqqq_price_sma_200_both_confirm,1999-03-10,2026-08-07,100000.0000000000,114747682.9748152494,1146.4768297482,0.2930666386,58,2.1158674590,563430.8437930363,-0.6514541616,2000-03-27,2003-03-24,1092,2007-07-13,1572.0000000000,2664.0000000000,2664,2000-03-27
full_current,vo_tqqq_price_sma_250_trend_cap,1999-03-10,2026-08-07,100000.0000000000,37835280.6995878518,377.3528069959,0.2417749697,215,7.8433017879,561332.9400493468,-0.5375835631,2015-07-20,2016-06-13,329,2017-07-24,406.0000000000,735.0000000000,1226,1999-12-23
full_current,vo_tqqq_price_sma_250_trend_floor,1999-03-10,2026-08-07,100000.0000000000,89796091.0264078528,896.9609102641,0.2815519898,133,4.8519029664,604246.8896364134,-0.8936222149,2000-03-27,2000-09-18,175,2011-01-12,3768.0000000000,3943.0000000000,3943,2000-03-27
full_current,vo_tqqq_price_sma_250_blend,1999-03-10,2026-08-07,100000.0000000000,76319157.6834854484,762.1915768349,0.2739718661,304,11.0900639233,805709.1502533420,-0.6600239996,2000-03-27,2000-09-18,175,2007-05-31,2446.0000000000,2621.0000000000,2621,2000-03-27
full_current,vo_tqqq_price_sma_250_bear_step_down,1999-03-10,2026-08-07,100000.0000000000,87526224.8697826862,874.2622486978,0.2803555676,236,8.6093917299,1189567.5070816299,-0.4747466268,2015-07-20,2016-06-27,343,2017-04-24,301.0000000000,644.0000000000,1226,1999-12-23
full_current,vo_tqqq_price_sma_250_bull_step_up,1999-03-10,2026-08-07,100000.0000000000,232913001.6706137061,2328.1300167061,0.3268958063,165,6.0192781163,1655300.3879453507,-0.6655289141,2000-03-27,2000-09-18,175,2004-12-14,1548.0000000000,1723.0000000000,1723,2000-03-27
full_current,vo_tqqq_price_sma_250_cut_confirm,1999-03-10,2026-08-07,100000.0000000000,222662240.2282815576,2225.6224022828,0.3247188982,82,2.9913988214,1070249.8271469052,-0.7446517238,2000-03-27,2000-09-18,175,2007-05-09,2424.0000000000,2599.0000000000,2599,2000-03-27
full_current,vo_tqqq_price_sma_250_raise_confirm,1999-03-10,2026-08-07,100000.0000000000,76111921.6614208966,760.1192166142,0.2738455028,129,4.7059810727,860643.5793744323,-0.5651007029,2007-10-31,2009-08-17,656,2010-11-04,444.0000000000,1100.0000000000,1226,1999-12-23
full_current,vo_tqqq_price_sma_250_both_confirm,1999-03-10,2026-08-07,100000.0000000000,78087383.2631533891,779.8738326315,0.2750368001,50,1.8240236716,255902.4746942009,-0.7392719781,2000-03-27,2003-04-30,1129,2011-02-08,2841.0000000000,3970.0000000000,3970,2000-03-27
full_current,vo_tqqq_cross_5_20_trend_cap,1999-03-10,2026-08-07,100000.0000000000,4579398.7103771353,44.7939871038,0.1497067438,406,14.8110722133,306064.2259859774,-0.4928380119,2014-11-28,2016-12-01,734,2019-12-19,1113.0000000000,1847.0000000000,1847,2014-11-28
full_current,vo_tqqq_cross_5_20_trend_floor,1999-03-10,2026-08-07,100000.0000000000,98912537.4277234972,988.1253742772,0.2860805998,268,9.7767668797,1561758.0289234412,-0.8720086651,2000-01-03,2002-09-03,974,2011-04-27,3158.0000000000,4132.0000000000,4132,2000-01-03
full_current,vo_tqqq_cross_5_20_blend,1999-03-10,2026-08-07,100000.0000000000,35042810.9677602947,349.4281096776,0.2383065607,571,20.8303503296,1159508.0733047507,-0.5961638763,2000-03-09,2002-09-03,908,2007-07-05,1766.0000000000,2674.0000000000,2674,2000-03-09
full_current,vo_tqqq_cross_5_20_bear_step_down,1999-03-10,2026-08-07,100000.0000000000,28404394.0057146028,283.0439400571,0.2288550699,445,16.2338106772,1085049.6172611660,-0.3429702363,2003-09-08,2004-08-06,333,2004-12-14,130.0000000000,463.0000000000,1156,1999-12-23
full_current,vo_tqqq_cross_5_20_bull_step_up,1999-03-10,2026-08-07,100000.0000000000,255158823.2431004345,2550.5882324310,0.3313187950,295,10.7617396624,3830381.2797921821,-0.6360660715,2007-10-31,2009-02-17,475,2010-03-23,399.0000000000,874.0000000000,2132,2000-03-09
full_current,vo_tqqq_cross_5_20_cut_confirm,1999-03-10,2026-08-07,100000.0000000000,241096438.1885755658,2409.9643818858,0.3285684088,131,4.7789420196,2731749.0768082226,-0.5673710288,2007-10-31,2009-05-13,560,2010-04-15,337.0000000000,897.0000000000,1169,2000-01-03
full_current,vo_tqqq_cross_5_20_raise_confirm,1999-03-10,2026-08-07,100000.0000000000,134099960.2627425194,1339.9996026274,0.3004392764,127,4.6330201258,1462930.8716012274,-0.5293310542,2007-10-31,2009-05-13,560,2010-04-14,336.0000000000,896.0000000000,1156,1999-12-23
full_current,vo_tqqq_cross_5_20_both_confirm,1999-03-10,2026-08-07,100000.0000000000,160340478.2761809826,1602.4047827618,0.3089452830,97,3.5386059229,1496540.7976838443,-0.5678306951,2007-10-31,2009-05-13,560,2010-04-22,344.0000000000,904.0000000000,1215,2000-01-03
full_current,vo_tqqq_cross_10_50_trend_cap,1999-03-10,2026-08-07,100000.0000000000,6360381.2603122611,62.6038126031,0.1635684024,223,8.1351455753,199141.1391656816,-0.5371118005,2011-02-16,2012-01-13,331,2013-05-06,479.0000000000,810.0000000000,1183,1999-12-23
full_current,vo_tqqq_cross_10_50_trend_floor,1999-03-10,2026-08-07,100000.0000000000,78295259.8410757482,781.9525984108,0.2751604665,154,5.6179929085,1063846.1214796610,-0.8467477538,2000-03-27,2001-06-15,445,2007-10-18,2316.0000000000,2761.0000000000,2761,2000-03-27
full_current,vo_tqqq_cross_10_50_blend,1999-03-10,2026-08-07,100000.0000000000,31518264.1235445365,314.1826412354,0.2335272139,329,12.0020757591,622077.2954753126,-0.5964938863,2000-03-27,2001-06-15,445,2006-10-13,1946.0000000000,2391.0000000000,2391,2000-03-27
full_current,vo_tqqq_cross_10_50_bear_step_down,1999-03-10,2026-08-07,100000.0000000000,26243483.2799874023,261.4348327999,0.2253130213,257,9.3754816720,579107.2311222047,-0.4573559221,2011-02-16,2012-01-13,331,2013-04-30,473.0000000000,804.0000000000,1183,1999-12-23
full_current,vo_tqqq_cross_10_50_bull_step_up,1999-03-10,2026-08-07,100000.0000000000,158885051.8335500658,1587.8505183355,0.3085099361,180,6.5664852177,1931732.1785442603,-0.6421969592,2007-10-31,2009-03-30,516,2010-04-05,371.0000000000,887.0000000000,1382,2000-03-27
full_current,vo_tqqq_cross_10_50_cut_confirm,1999-03-10,2026-08-07,100000.0000000000,196544691.6946698129,1964.4469169467,0.3187031031,121,4.4141372853,2204369.8537481856,-0.5688469311,2007-10-31,2009-05-13,560,2010-04-15,337.0000000000,897.0000000000,1198,2000-03-27
full_current,vo_tqqq_cross_10_50_raise_confirm,1999-03-10,2026-08-07,100000.0000000000,102635840.7726869881,1025.3584077269,0.2878154018,125,4.5600591790,1085056.2304197475,-0.5288301775,2007-10-31,2009-05-13,560,2010-04-12,334.0000000000,894.0000000000,1183,1999-12-23
full_current,vo_tqqq_cross_10_50_both_confirm,1999-03-10,2026-08-07,100000.0000000000,89314179.6822386682,892.1417968224,0.2813004355,85,3.1008402417,781994.0286861432,-0.5688466423,2007-10-31,2009-05-13,560,2010-09-24,499.0000000000,1059.0000000000,1270,2000-03-27
full_current,vo_tqqq_cross_20_50_trend_cap,1999-03-10,2026-08-07,100000.0000000000,3268370.9572051819,31.6837095721,0.1356474350,202,7.3690556332,131294.2883852470,-0.5261849628,2011-02-16,2011-11-25,282,2013-04-30,522.0000000000,804.0000000000,988,2014-09-18
full_current,vo_tqqq_cross_20_50_trend_floor,1999-03-10,2026-08-07,100000.0000000000,44804721.3676369637,447.0472136764,0.2494576682,122,4.4506177587,537137.2835722526,-0.9261152020,2000-03-27,2003-02-07,1047,2011-01-14,2898.0000000000,3945.0000000000,3945,2000-03-27
full_current,vo_tqqq_cross_20_50_blend,1999-03-10,2026-08-07,100000.0000000000,17678689.3226775676,175.7868932268,0.2077805802,290,10.5793372952,378866.5718928943,-0.7021487529,2000-03-27,2003-02-07,1047,2007-07-06,1610.0000000000,2657.0000000000,2657,2000-03-27
full_current,vo_tqqq_cross_20_50_bear_step_down,1999-03-10,2026-08-07,100000.0000000000,20567809.1358716711,204.6780913587,0.2144683314,233,8.4999503096,509038.4755789786,-0.4626641439,2007-07-19,2009-05-13,664,2009-12-22,223.0000000000,887.0000000000,887,2007-07-19
full_current,vo_tqqq_cross_20_50_bull_step_up,1999-03-10,2026-08-07,100000.0000000000,129847856.8243393898,1297.4785682434,0.2989115392,158,5.7639148022,1482594.4403576532,-0.7045226164,2000-03-27,2003-02-07,1047,2005-11-25,1022.0000000000,2069.0000000000,2069,2000-03-27
full_current,vo_tqqq_cross_20_50_cut_confirm,1999-03-10,2026-08-07,100000.0000000000,115874968.5793845356,1157.7496857938,0.2935278757,104,3.7939692369,989793.5292169121,-0.6524528655,2000-03-27,2000-09-21,178,2005-11-17,1883.0000000000,2061.0000000000,2061,2000-03-27
full_current,vo_tqqq_cross_20_50_raise_confirm,1999-03-10,2026-08-07,100000.0000000000,103753535.9330921471,1036.5353593309,0.2883243460,135,4.9248639133,1236063.5345740400,-0.5288300173,2007-10-31,2009-05-13,560,2010-04-14,336.0000000000,896.0000000000,896,2007-10-31
full_current,vo_tqqq_cross_20_50_both_confirm,1999-03-10,2026-08-07,100000.0000000000,48556119.3876593038,484.5611938766,0.2531280513,84,3.0643597683,380648.3476617705,-0.6443710639,2000-03-27,2000-09-21,178,2007-05-30,2442.0000000000,2620.0000000000,2620,2000-03-27
full_current,vo_tqqq_cross_20_100_trend_cap,1999-03-10,2026-08-07,100000.0000000000,9945331.8104634397,98.4533181046,0.1826986388,177,6.4570437974,207796.4865323536,-0.5798201478,2015-07-20,2016-06-27,343,2017-05-25,332.0000000000,675.0000000000,2159,2004-01-26
full_current,vo_tqqq_cross_20_100_trend_floor,1999-03-10,2026-08-07,100000.0000000000,92952872.3062366098,928.5287230624,0.2831683316,106,3.8669301838,724266.8139704873,-0.8753254199,2000-03-27,2003-02-07,1047,2007-10-05,1701.0000000000,2748.0000000000,2748,2000-03-27
full_current,vo_tqqq_cross_20_100_blend,1999-03-10,2026-08-07,100000.0000000000,42195935.0700846761,420.9593507008,0.2467262822,246,8.9741964642,567503.4598668452,-0.6364060598,2000-03-27,2003-02-07,1047,2006-11-22,1384.0000000000,2431.0000000000,2431,2000-03-27
full_current,vo_tqqq_cross_20_100_bear_step_down,1999-03-10,2026-08-07,100000.0000000000,41105428.5689607933,410.0542856896,0.2455359858,204,7.4420165801,739733.4807365525,-0.5206203611,2015-07-20,2016-06-27,343,2017-03-30,276.0000000000,619.0000000000,782,2007-10-31
full_current,vo_tqqq_cross_20_100_bull_step_up,1999-03-10,2026-08-07,100000.0000000000,214090627.4377558827,2139.9062743776,0.3228231275,141,5.1437467539,1909706.2818872167,-0.6393498638,2000-03-27,2003-02-07,1047,2004-01-05,332.0000000000,1379.0000000000,1379,2000-03-27
full_current,vo_tqqq_cross_20_100_cut_confirm,1999-03-10,2026-08-07,100000.0000000000,127767379.0703172684,1276.6737907032,0.2981463954,96,3.5021254495,892884.6122048816,-0.7105054750,2000-03-27,2000-04-14,18,2006-01-09,2096.0000000000,2114.0000000000,2114,2000-03-27
full_current,vo_tqqq_cross_20_100_raise_confirm,1999-03-10,2026-08-07,100000.0000000000,62044419.1674113721,619.4441916741,0.2643843669,133,4.8519029664,772917.1590848033,-0.5550068437,2007-10-31,2009-05-13,560,2010-04-14,336.0000000000,896.0000000000,896,2007-10-31
full_current,vo_tqqq_cross_20_100_both_confirm,1999-03-10,2026-08-07,100000.0000000000,36470662.7334552482,363.7066273346,0.2401120213,68,2.4806721934,230069.3741413525,-0.7105054750,2000-03-27,2000-04-14,18,2007-07-12,2645.0000000000,2663.0000000000,2663,2000-03-27
full_current,vo_tqqq_cross_20_200_trend_cap,1999-03-10,2026-08-07,100000.0000000000,22185902.1793172807,220.8590217932,0.2178281348,140,5.1072662805,295818.7086723081,-0.5504082928,2015-07-20,2016-11-04,473,2017-10-27,357.0000000000,830.0000000000,2115,2004-01-26
full_current,vo_tqqq_cross_20_200_trend_floor,1999-03-10,2026-08-07,100000.0000000000,333827132.4237447977,3337.2713242374,0.3444347748,72,2.6265940871,1525811.3053564755,-0.7105054750,2000-03-27,2000-04-14,18,2004-01-07,1363.0000000000,1381.0000000000,1381,2000-03-27
full_current,vo_tqqq_cross_20_200_blend,1999-03-10,2026-08-07,100000.0000000000,113679755.4246533364,1135.7975542465,0.2926256433,200,7.2960946864,971421.6391017382,-0.4991339741,2007-10-31,2009-07-07,615,2009-12-23,169.0000000000,784.0000000000,1250,2000-03-27
full_current,vo_tqqq_cross_20_200_bear_step_down,1999-03-10,2026-08-07,100000.0000000000,78648434.7294353098,785.4843472944,0.2753698477,158,5.7639148022,1018964.1753195539,-0.4817236914,2015-07-20,2016-06-27,343,2017-04-25,302.0000000000,645.0000000000,1222,1999-12-23
full_current,vo_tqqq_cross_20_200_bull_step_up,1999-03-10,2026-08-07,100000.0000000000,489949038.6631083488,4898.4903866311,0.3633848137,105,3.8304497103,2891371.6648411141,-0.6114369057,2007-10-31,2009-07-07,615,2010-03-23,259.0000000000,874.0000000000,1197,2000-03-27
full_current,vo_tqqq_cross_20_200_cut_confirm,1999-03-10,2026-08-07,100000.0000000000,224273130.8312220275,2241.7313083122,0.3250673113,73,2.6630745605,1069405.1665551467,-0.7105054750,2000-03-27,2000-04-14,18,2006-10-13,2373.0000000000,2391.0000000000,2391,2000-03-27
full_current,vo_tqqq_cross_20_200_raise_confirm,1999-03-10,2026-08-07,100000.0000000000,64337554.9130215794,642.3755491302,0.2660595003,126,4.5965396524,753994.9659359319,-0.5138789640,2015-07-20,2016-06-27,343,2017-03-01,247.0000000000,590.0000000000,1222,1999-12-23
full_current,vo_tqqq_cross_20_200_both_confirm,1999-03-10,2026-08-07,100000.0000000000,66878912.2017391175,667.7891220174,0.2678500369,38,1.3862579904,227269.3577082884,-0.7105054750,2000-03-27,2000-04-14,18,2007-10-05,2730.0000000000,2748.0000000000,2748,2000-03-27
full_current,vo_tqqq_cross_50_100_trend_cap,1999-03-10,2026-08-07,100000.0000000000,14885545.4119014628,147.8554541190,0.2002272611,156,5.6909538554,333050.4566325409,-0.5502245533,2015-07-20,2016-06-27,343,2017-04-28,305.0000000000,648.0000000000,783,2007-10-31
full_current,vo_tqqq_cross_50_100_trend_floor,1999-03-10,2026-08-07,100000.0000000000,54967682.7058967352,548.6768270590,0.2588106723,85,3.1008402417,445051.4438439232,-0.9062595499,2000-03-27,2003-02-07,1047,2010-12-08,2861.0000000000,3908.0000000000,3908,2000-03-27
full_current,vo_tqqq_cross_50_100_blend,1999-03-10,2026-08-07,100000.0000000000,39162980.2263139859,390.6298022631,0.2433383640,221,8.0621846284,538243.4228393524,-0.6861210499,2000-03-27,2003-02-07,1047,2006-11-13,1375.0000000000,2422.0000000000,2422,2000-03-27
full_current,vo_tqqq_cross_50_100_bear_step_down,1999-03-10,2026-08-07,100000.0000000000,53789689.4705549926,536.8968947055,0.2578162283,185,6.7488875849,1019421.1932051943,-0.5062004251,2015-07-20,2016-06-27,343,2017-03-01,247.0000000000,590.0000000000,783,2007-10-31
full_current,vo_tqqq_cross_50_100_bull_step_up,1999-03-10,2026-08-07,100000.0000000000,171339009.3563177586,1712.3900935632,0.3121171352,127,4.6330201258,1625047.7903907890,-0.6887476965,2000-03-27,2003-02-07,1047,2004-11-18,650.0000000000,1697.0000000000,1697,2000-03-27
full_current,vo_tqqq_cross_50_100_cut_confirm,1999-03-10,2026-08-07,100000.0000000000,121650579.7177606523,1215.5057971776,0.2958252135,83,3.0278792948,910037.6717187589,-0.7451662089,2000-03-27,2000-05-10,44,2006-10-26,2360.0000000000,2404.0000000000,2404,2000-03-27
full_current,vo_tqqq_cross_50_100_raise_confirm,1999-03-10,2026-08-07,100000.0000000000,62198896.3309003264,620.9889633090,0.2644990715,136,4.9613443867,781484.5226329255,-0.5596065384,2007-10-31,2009-05-13,560,2010-04-14,336.0000000000,896.0000000000,896,2007-10-31
full_current,vo_tqqq_cross_50_100_both_confirm,1999-03-10,2026-08-07,100000.0000000000,34856931.6420914456,347.5693164209,0.2380663275,58,2.1158674590,220061.6742266182,-0.7451662089,2000-03-27,2000-05-10,44,2007-07-05,2612.0000000000,2656.0000000000,2656,2000-03-27
full_current,vo_tqqq_cross_50_150_trend_cap,1999-03-10,2026-08-07,100000.0000000000,28588135.2527770922,284.8813525278,0.2291441594,132,4.8154224930,418953.7163704975,-0.4673232425,2015-07-20,2016-01-27,191,2017-05-01,460.0000000000,651.0000000000,1225,2004-01-26
full_current,vo_tqqq_cross_50_150_trend_floor,1999-03-10,2026-08-07,100000.0000000000,155200689.9922319055,1551.0068999223,0.3073904580,81,2.9549183480,946613.2188741246,-0.8286982145,2000-03-27,2003-02-07,1047,2007-07-13,1617.0000000000,2664.0000000000,2664,2000-03-27
full_current,vo_tqqq_cross_50_150_blend,1999-03-10,2026-08-07,100000.0000000000,92517907.6352611780,924.1790763526,0.2829487903,198,7.2231337395,908961.0965369405,-0.5663243195,2000-03-27,2003-02-07,1047,2004-12-02,664.0000000000,1711.0000000000,1711,2000-03-27
full_current,vo_tqqq_cross_50_150_bear_step_down,1999-03-10,2026-08-07,100000.0000000000,86623976.2430926859,865.2397624309,0.2798716793,161,5.8733562225,1288915.4038464709,-0.4254635520,2007-10-31,2008-07-14,257,2009-09-16,429.0000000000,686.0000000000,1141,1999-12-23
full_current,vo_tqqq_cross_50_150_bull_step_up,1999-03-10,2026-08-07,100000.0000000000,328615432.7132724524,3285.1543271327,0.3436632575,118,4.3046958650,2496191.2395178149,-0.6264586368,2007-10-31,2009-05-13,560,2010-03-10,301.0000000000,861.0000000000,1295,2000-03-27
full_current,vo_tqqq_cross_50_150_cut_confirm,1999-03-10,2026-08-07,100000.0000000000,128467563.0802678764,1283.6756308027,0.2984052360,79,2.8819574011,821786.8883884924,-0.8012814985,2000-03-27,2000-05-23,57,2007-07-03,2597.0000000000,2654.0000000000,2654,2000-03-27
full_current,vo_tqqq_cross_50_150_raise_confirm,1999-03-10,2026-08-07,100000.0000000000,54914231.1046955660,548.1423110470,0.2587659960,123,4.4870982321,646145.1434368670,-0.4994235760,2015-07-20,2016-02-09,204,2017-03-30,415.0000000000,619.0000000000,1141,1999-12-23
full_current,vo_tqqq_cross_50_150_both_confirm,1999-03-10,2026-08-07,100000.0000000000,33597552.0753381252,334.9755207534,0.2364054154,41,1.4956994107,143404.9300305923,-0.8012814985,2000-03-27,2000-05-23,57,2007-10-18,2704.0000000000,2761.0000000000,2761,2000-03-27
full_current,vo_tqqq_cross_50_200_trend_cap,1999-03-10,2026-08-07,100000.0000000000,12715742.6985721886,126.1574269857,0.1933487502,130,4.7424615461,215447.9758100934,-0.5275405129,2004-01-26,2007-03-05,1134,2009-12-22,1023.0000000000,2157.0000000000,2157,2004-01-26
full_current,vo_tqqq_cross_50_200_trend_floor,1999-03-10,2026-08-07,100000.0000000000,194146578.8583367467,1940.4657885834,0.3181126551,68,2.4806721934,1057781.2842156121,-0.8012814985,2000-03-27,2000-05-23,57,2004-12-14,1666.0000000000,1723.0000000000,1723,2000-03-27
full_current,vo_tqqq_cross_50_200_blend,1999-03-10,2026-08-07,100000.0000000000,65870460.1049091145,657.7046010491,0.2671475000,190,6.9312899521,687088.0883690057,-0.5154731234,2000-03-27,2000-05-23,57,2003-09-02,1197.0000000000,1254.0000000000,1254,2000-03-27
full_current,vo_tqqq_cross_50_200_bear_step_down,1999-03-10,2026-08-07,100000.0000000000,52149921.5889713913,520.4992158897,0.2563964481,150,5.4720710148,810988.1083399487,-0.4339320750,2015-07-20,2016-06-27,343,2017-03-29,275.0000000000,618.0000000000,1222,1999-12-23
full_current,vo_tqqq_cross_50_200_bull_step_up,1999-03-10,2026-08-07,100000.0000000000,300862625.9733726978,3007.6262597337,0.3393451835,105,3.8304497103,2112919.1420416827,-0.6110982852,2007-10-31,2009-05-13,560,2010-03-22,313.0000000000,873.0000000000,1197,2000-03-27
full_current,vo_tqqq_cross_50_200_cut_confirm,1999-03-10,2026-08-07,100000.0000000000,127306002.4537308514,1272.0600245373,0.2979750879,69,2.5171526668,722236.4453694479,-0.8012814985,2000-03-27,2000-05-23,57,2006-10-26,2347.0000000000,2404.0000000000,2404,2000-03-27
full_current,vo_tqqq_cross_50_200_raise_confirm,1999-03-10,2026-08-07,100000.0000000000,42536627.3654032573,424.3662736540,0.2470920788,124,4.5235787056,551679.1686928748,-0.5019727121,2024-12-16,2026-03-30,469,,,,1222,1999-12-23
full_current,vo_tqqq_cross_50_200_both_confirm,1999-03-10,2026-08-07,100000.0000000000,25372433.1096163541,252.7243310962,0.2238051270,32,1.1673751498,115330.7504125626,-0.8012814985,2000-03-27,2000-05-23,57,2007-10-05,2691.0000000000,2748.0000000000,2748,2000-03-27
full_current,vo_tqqq_cross_100_200_trend_cap,1999-03-10,2026-08-07,100000.0000000000,19180033.2289175540,190.8003322892,0.2113772835,135,4.9248639133,293850.9883006196,-0.5490501408,2024-12-16,2026-03-30,469,,,,1222,1999-12-23
full_current,vo_tqqq_cross_100_200_trend_floor,1999-03-10,2026-08-07,100000.0000000000,507254981.0234819651,5071.5498102348,0.3651123961,57,2.0793869856,1373099.7031534191,-0.8012814985,2000-03-27,2000-05-23,57,2005-11-17,2004.0000000000,2061.0000000000,2061,2000-03-27
full_current,vo_tqqq_cross_100_200_blend,1999-03-10,2026-08-07,100000.0000000000,139195901.1662375331,1390.9590116624,0.3022098651,186,6.7853680583,1017844.2518068404,-0.5251058474,2007-10-31,2009-05-13,560,2010-03-22,313.0000000000,873.0000000000,1254,2000-03-27
full_current,vo_tqqq_cross_100_200_bear_step_down,1999-03-10,2026-08-07,100000.0000000000,62361396.9477866963,622.6139694779,0.2646194379,152,5.5450319616,846319.8676300836,-0.4857913289,2024-12-16,2026-03-30,469,,,,1222,1999-12-23
full_current,vo_tqqq_cross_100_200_bull_step_up,1999-03-10,2026-08-07,100000.0000000000,456593981.6949017048,4564.9398169490,0.3598825270,99,3.6115668698,2187784.4839830473,-0.6483247582,2007-10-31,2009-05-13,560,2010-04-22,344.0000000000,904.0000000000,1197,2000-03-27
full_current,vo_tqqq_cross_100_200_cut_confirm,1999-03-10,2026-08-07,100000.0000000000,331641016.0918566585,3315.4101609186,0.3441125746,58,2.1158674590,909216.3684317633,-0.8012814985,2000-03-27,2000-05-23,57,2006-11-22,2374.0000000000,2431.0000000000,2431,2000-03-27
full_current,vo_tqqq_cross_100_200_raise_confirm,1999-03-10,2026-08-07,100000.0000000000,50105383.5622745603,500.0538356227,0.2545646921,127,4.6330201258,720394.7274820553,-0.5490505639,2024-12-16,2026-03-30,469,,,,1222,1999-12-23
full_current,vo_tqqq_cross_100_200_both_confirm,1999-03-10,2026-08-07,100000.0000000000,76423982.4517543912,763.2398245175,0.2740356577,24,0.8755313624,179312.8486342415,-0.8012814985,2000-03-27,2000-05-23,57,2010-03-16,3584.0000000000,3641.0000000000,3641,2000-03-27
full_current,vo_tqqq_cross_100_250_trend_cap,1999-03-10,2026-08-07,100000.0000000000,11216300.0204847567,111.1630002048,0.1878989119,132,4.8154224930,166160.4119423322,-0.5816169323,2004-06-30,2007-03-05,978,2011-04-27,1514.0000000000,2492.0000000000,2492,2004-06-30
full_current,vo_tqqq_cross_100_250_trend_floor,1999-03-10,2026-08-07,100000.0000000000,377781933.9379888177,3776.8193393799,0.3505151238,62,2.2617893528,1035628.6258550090,-0.8012814985,2000-03-27,2000-05-23,57,2006-11-14,2366.0000000000,2423.0000000000,2423,2000-03-27
full_current,vo_tqqq_cross_100_250_blend,1999-03-10,2026-08-07,100000.0000000000,91793670.3125799596,916.9367031258,0.2825810273,187,6.8218485318,670185.9066521227,-0.5347784874,2007-10-31,2009-05-13,560,2010-11-04,540.0000000000,1100.0000000000,1381,2000-03-27
full_current,vo_tqqq_cross_100_250_bear_step_down,1999-03-10,2026-08-07,100000.0000000000,41349624.8980803341,412.4962489808,0.2458051497,153,5.5815124351,545301.2460250978,-0.4624222162,2024-12-16,2026-03-30,469,,,,1260,1999-12-23
full_current,vo_tqqq_cross_100_250_bull_step_up,1999-03-10,2026-08-07,100000.0000000000,348506482.2814331055,3484.0648228143,0.3465470388,103,3.7574887635,1684341.6130806489,-0.6578573728,2007-10-31,2009-05-13,560,2010-12-10,576.0000000000,1136.0000000000,1254,2000-03-27
full_current,vo_tqqq_cross_100_250_cut_confirm,1999-03-10,2026-08-07,100000.0000000000,304837226.5605205297,3047.3722656052,0.3399865839,62,2.2617893528,851608.3495373609,-0.8012814985,2000-03-27,2000-05-23,57,2007-01-12,2425.0000000000,2482.0000000000,2482,2000-03-27
full_current,vo_tqqq_cross_100_250_raise_confirm,1999-03-10,2026-08-07,100000.0000000000,29393264.5668997318,292.9326456690,0.2303901598,123,4.4870982321,417302.9046527685,-0.5022653450,2024-12-16,2026-03-30,469,,,,1260,1999-12-23
full_current,vo_tqqq_cross_100_250_both_confirm,1999-03-10,2026-08-07,100000.0000000000,41963579.5479177684,418.6357954792,0.2464751695,24,0.8755313624,99586.0990956969,-0.8012814985,2000-03-27,2000-05-23,57,2011-02-16,3921.0000000000,3978.0000000000,3978,2000-03-27
full_current,vo_tqqq_triple_5_20_100_trend_cap,1999-03-10,2026-08-07,100000.0000000000,13603285.8484974541,135.0328584850,0.1962896266,408,14.8840331602,459901.3757403751,-0.4511429710,2015-03-02,2016-06-27,483,2017-06-01,339.0000000000,822.0000000000,1082,2004-01-26
full_current,vo_tqqq_triple_5_20_100_trend_floor,1999-03-10,2026-08-07,100000.0000000000,118478722.7372740209,1183.7872273727,0.2945769068,243,8.8647550439,1771833.7856050860,-0.8280542371,2000-03-09,2002-09-03,908,2007-10-31,1884.0000000000,2792.0000000000,2792,2000-03-09
full_current,vo_tqqq_triple_5_20_100_blend,1999-03-10,2026-08-07,100000.0000000000,49861703.4123050496,497.6170341231,0.2543415873,639,23.3110225230,1159997.0582879996,-0.5625031121,2000-03-09,2003-03-11,1097,2006-11-14,1344.0000000000,2441.0000000000,2441,2000-03-09
full_current,vo_tqqq_triple_5_20_100_bear_step_down,1999-03-10,2026-08-07,100000.0000000000,37717110.9534158781,376.1711095342,0.2416332706,531,19.3711313923,1048019.0433688138,-0.4015026911,2015-03-02,2016-06-27,483,2017-02-13,231.0000000000,714.0000000000,800,2007-10-31
full_current,vo_tqqq_triple_5_20_100_bull_step_up,1999-03-10,2026-08-07,100000.0000000000,279406779.1498209238,2793.0677914982,0.3357351514,345,12.5857633340,3374438.1649811426,-0.6171109484,2007-10-31,2009-02-17,475,2010-03-22,398.0000000000,873.0000000000,1399,2000-03-09
full_current,vo_tqqq_triple_5_20_100_cut_confirm,1999-03-10,2026-08-07,100000.0000000000,120737131.3119646907,1206.3713131196,0.2954689654,92,3.3562035557,870268.6179046409,-0.7105054750,2000-03-27,2000-04-14,18,2006-01-11,2098.0000000000,2116.0000000000,2116,2000-03-27
full_current,vo_tqqq_triple_5_20_100_raise_confirm,1999-03-10,2026-08-07,100000.0000000000,43355572.7652722150,432.5557276527,0.2479599483,117,4.2682153915,517271.3765459195,-0.5555077405,2007-10-31,2009-05-13,560,2010-11-04,540.0000000000,1100.0000000000,1222,1999-12-23
full_current,vo_tqqq_triple_5_20_100_both_confirm,1999-03-10,2026-08-07,100000.0000000000,33152604.7218925357,330.5260472189,0.2358042299,60,2.1888284059,205142.8743279175,-0.7105054750,2000-03-27,2000-04-14,18,2007-07-12,2645.0000000000,2663.0000000000,2663,2000-03-27
full_current,vo_tqqq_triple_10_50_200_trend_cap,1999-03-10,2026-08-07,100000.0000000000,15163560.9063896146,150.6356090639,0.2010377562,213,7.7703408410,288563.7084991030,-0.4725044210,2007-10-31,2009-05-13,560,2010-01-04,236.0000000000,796.0000000000,1254,2004-01-26
full_current,vo_tqqq_triple_10_50_200_trend_floor,1999-03-10,2026-08-07,100000.0000000000,169255939.2123871446,1691.5593921239,0.3115317560,142,5.1802272273,2089877.8858881036,-0.7451345747,2000-03-27,2001-06-15,445,2007-01-11,2036.0000000000,2481.0000000000,2481,2000-03-27
full_current,vo_tqqq_triple_10_50_200_blend,1999-03-10,2026-08-07,100000.0000000000,56628516.3289184719,565.2851632892,0.2601783870,350,12.7681657012,871275.0422906408,-0.5107484100,2007-10-31,2009-03-30,516,2009-12-23,268.0000000000,784.0000000000,1386,2000-03-27
full_current,vo_tqqq_triple_10_50_200_bear_step_down,1999-03-10,2026-08-07,100000.0000000000,42783275.7543243393,426.8327575432,0.2473551443,293,10.6887787155,811485.3890905177,-0.3783098935,2007-10-31,2009-05-13,560,2009-11-16,187.0000000000,747.0000000000,1183,1999-12-23
full_current,vo_tqqq_triple_10_50_200_bull_step_up,1999-03-10,2026-08-07,100000.0000000000,264560469.7614936233,2644.6046976149,0.3330772921,202,7.3690556332,2628555.1711854208,-0.6173996566,2007-10-31,2009-05-13,560,2010-03-23,314.0000000000,874.0000000000,1254,2000-03-27
full_current,vo_tqqq_triple_10_50_200_cut_confirm,1999-03-10,2026-08-07,100000.0000000000,161538454.6201351881,1614.3845462014,0.3093007740,65,2.3712307731,848060.8281346577,-0.8012814985,2000-03-27,2000-05-23,57,2006-01-06,2054.0000000000,2111.0000000000,2111,2000-03-27
full_current,vo_tqqq_triple_10_50_200_raise_confirm,1999-03-10,2026-08-07,100000.0000000000,30752032.1510374993,306.5203215104,0.2324202192,108,3.9398911306,368380.3272381860,-0.5343512386,2024-12-16,2026-03-30,469,,,,1222,1999-12-23
full_current,vo_tqqq_triple_10_50_200_both_confirm,1999-03-10,2026-08-07,100000.0000000000,22271724.5710440427,221.7172457104,0.2179996734,32,1.1673751498,101515.8600977187,-0.8012814985,2000-03-27,2000-05-23,57,2007-10-05,2691.0000000000,2748.0000000000,2748,2000-03-27
full_current,vo_tqqq_triple_20_50_200_trend_cap,1999-03-10,2026-08-07,100000.0000000000,8632782.2642360777,85.3278226424,0.1766077303,205,7.4784970535,208720.2564896653,-0.5093315556,2007-10-31,2009-05-13,560,2010-01-04,236.0000000000,796.0000000000,1264,2004-01-26
full_current,vo_tqqq_triple_20_50_200_trend_floor,1999-03-10,2026-08-07,100000.0000000000,136561463.3076961339,1364.6146330770,0.3013024747,114,4.1587739712,1208317.6123193633,-0.8327619016,2000-03-27,2003-02-07,1047,2007-10-05,1701.0000000000,2748.0000000000,2748,2000-03-27
full_current,vo_tqqq_triple_20_50_200_blend,1999-03-10,2026-08-07,100000.0000000000,42314032.0856282637,422.1403208563,0.2468534026,314,11.4548686576,649617.1008672386,-0.5711704521,2000-03-27,2003-02-07,1047,2006-01-06,1064.0000000000,2111.0000000000,2111,2000-03-27
full_current,vo_tqqq_triple_20_50_200_bear_step_down,1999-03-10,2026-08-07,100000.0000000000,36655877.1564488560,365.5587715645,0.2403412095,265,9.6673254594,719809.5497893895,-0.4098694898,2015-07-20,2016-06-27,343,2017-02-15,233.0000000000,576.0000000000,747,2007-10-31
full_current,vo_tqqq_triple_20_50_200_bull_step_up,1999-03-10,2026-08-07,100000.0000000000,234570994.9988176823,2344.7099499882,0.3272392071,181,6.6029656912,2173314.7065384369,-0.6186816078,2021-11-19,2022-12-28,404,2024-01-19,387.0000000000,791.0000000000,1295,2000-03-27
full_current,vo_tqqq_triple_20_50_200_cut_confirm,1999-03-10,2026-08-07,100000.0000000000,165579308.7019282579,1654.7930870193,0.3104814120,61,2.2253088793,743583.1096759001,-0.8012814985,2000-03-27,2000-05-23,57,2006-01-11,2059.0000000000,2116.0000000000,2116,2000-03-27
full_current,vo_tqqq_triple_20_50_200_raise_confirm,1999-03-10,2026-08-07,100000.0000000000,32526898.2591314316,324.2689825913,0.2349455266,116,4.2317349181,427002.9919316099,-0.5202956258,2024-12-16,2026-03-30,469,,,,1222,1999-12-23
full_current,vo_tqqq_triple_20_50_200_both_confirm,1999-03-10,2026-08-07,100000.0000000000,28677357.8904916868,285.7735789049,0.2292838929,32,1.1673751498,129943.3735418074,-0.8012814985,2000-03-27,2000-05-23,57,2007-10-05,2691.0000000000,2748.0000000000,2748,2000-03-27
full_current,vo_tqqq_triple_20_100_200_trend_cap,1999-03-10,2026-08-07,100000.0000000000,14720870.8158341683,146.2087081583,0.1997402812,175,6.3840828506,235664.9995287212,-0.5162803271,2007-10-31,2009-05-13,560,2010-04-05,327.0000000000,887.0000000000,1374,2004-01-26
full_current,vo_tqqq_triple_20_100_200_trend_floor,1999-03-10,2026-08-07,100000.0000000000,295743093.6114690304,2956.4309361147,0.3385068814,103,3.7574887635,1742656.0228212737,-0.7990871481,2000-03-27,2003-02-07,1047,2006-11-15,1377.0000000000,2424.0000000000,2424,2000-03-27
full_current,vo_tqqq_triple_20_100_200_blend,1999-03-10,2026-08-07,100000.0000000000,85018296.2210338563,849.1829622103,0.2789983941,271,9.8862083000,832325.6473343621,-0.5541727768,2000-03-27,2003-02-07,1047,2004-01-07,334.0000000000,1381.0000000000,1381,2000-03-27
full_current,vo_tqqq_triple_20_100_200_bear_step_down,1999-03-10,2026-08-07,100000.0000000000,50904143.0779366046,508.0414307794,0.2552887472,233,8.4999503096,798499.1591859673,-0.4323673999,2007-10-31,2009-05-13,560,2009-12-22,223.0000000000,783.0000000000,783,2007-10-31
full_current,vo_tqqq_triple_20_100_200_bull_step_up,1999-03-10,2026-08-07,100000.0000000000,354005828.7850687504,3539.0582878507,0.3473163500,159,5.8003952757,2287878.2609476508,-0.6347029183,2007-10-31,2009-05-13,560,2010-04-06,328.0000000000,888.0000000000,1254,2000-03-27
full_current,vo_tqqq_triple_20_100_200_cut_confirm,1999-03-10,2026-08-07,100000.0000000000,309255252.4620466232,3091.5525246205,0.3406901532,52,1.8969846185,770610.0475681875,-0.8012814985,2000-03-27,2000-05-23,57,2007-04-25,2528.0000000000,2585.0000000000,2585,2000-03-27
full_current,vo_tqqq_triple_20_100_200_raise_confirm,1999-03-10,2026-08-07,100000.0000000000,25700771.9914146289,256.0077199141,0.2243792961,115,4.1952544447,365844.5362383807,-0.5490505665,2024-12-16,2026-03-30,469,,,,1222,1999-12-23
full_current,vo_tqqq_triple_20_100_200_both_confirm,1999-03-10,2026-08-07,100000.0000000000,85817544.5916815400,857.1754459168,0.2794350512,22,0.8025704155,184267.2567348111,-0.8012814985,2000-03-27,2000-05-23,57,2010-03-16,3584.0000000000,3641.0000000000,3641,2000-03-27
full_current,vo_tqqq_triple_50_100_200_trend_cap,1999-03-10,2026-08-07,100000.0000000000,18731292.0596143194,186.3129205961,0.2103315294,163,5.9463171694,290964.0608769173,-0.5212754620,2007-10-31,2009-05-13,560,2010-03-23,314.0000000000,874.0000000000,874,2007-10-31
full_current,vo_tqqq_triple_50_100_200_trend_floor,1999-03-10,2026-08-07,100000.0000000000,223651718.4833812416,2235.5171848338,0.3249331950,85,3.1008402417,1397688.5451376040,-0.8203817562,2000-03-27,2003-03-11,1079,2007-06-15,1557.0000000000,2636.0000000000,2636,2000-03-27
full_current,vo_tqqq_triple_50_100_200_blend,1999-03-10,2026-08-07,100000.0000000000,79667230.3618730456,795.6723036187,0.2759688076,246,8.9741964642,781113.9417944445,-0.5851183612,2000-03-27,2003-02-07,1047,2005-11-17,1014.0000000000,2061.0000000000,2061,2000-03-27
full_current,vo_tqqq_triple_50_100_200_bear_step_down,1999-03-10,2026-08-07,100000.0000000000,58123188.9025880694,580.2318890259,0.2613766174,214,7.8068213144,926563.2807848777,-0.4371938221,2007-10-31,2009-05-13,560,2009-12-23,224.0000000000,784.0000000000,784,2007-10-31
full_current,vo_tqqq_triple_50_100_200_bull_step_up,1999-03-10,2026-08-07,100000.0000000000,308061003.3110232353,3079.6100331102,0.3405009293,146,5.3261491211,2089925.0772930053,-0.6608897670,2007-10-31,2009-05-13,560,2010-04-14,336.0000000000,896.0000000000,1295,2000-03-27
full_current,vo_tqqq_triple_50_100_200_cut_confirm,1999-03-10,2026-08-07,100000.0000000000,262165403.1753480136,2620.6540317535,0.3326351013,48,1.7510627247,629563.7741237399,-0.8012814985,2000-03-27,2000-05-23,57,2007-05-30,2563.0000000000,2620.0000000000,2620,2000-03-27
full_current,vo_tqqq_triple_50_100_200_raise_confirm,1999-03-10,2026-08-07,100000.0000000000,31277775.1357798949,311.7777513578,0.2331825914,110,4.0128520775,427571.1451930688,-0.5490501858,2024-12-16,2026-03-30,469,,,,1226,1999-12-23
full_current,vo_tqqq_triple_50_100_200_both_confirm,1999-03-10,2026-08-07,100000.0000000000,81277987.0277860165,811.7798702779,0.2769008924,22,0.8025704155,174530.9936626258,-0.8012814985,2000-03-27,2000-05-23,57,2010-03-23,3591.0000000000,3648.0000000000,3648,2000-03-27
full_current,vo_tqqq_triple_50_150_200_trend_cap,1999-03-10,2026-08-07,100000.0000000000,20246931.2980698645,201.4693129807,0.2137718914,147,5.3626295945,265650.7013999682,-0.4867739284,2007-10-31,2008-07-14,257,2009-11-16,490.0000000000,747.0000000000,1374,2004-01-26
full_current,vo_tqqq_triple_50_150_200_trend_floor,1999-03-10,2026-08-07,100000.0000000000,267702533.7424431443,2676.0253374244,0.3336515845,85,3.1008402417,1292476.1208189987,-0.8012814985,2000-03-27,2000-05-23,57,2007-04-25,2528.0000000000,2585.0000000000,2585,2000-03-27
full_current,vo_tqqq_triple_50_150_200_blend,1999-03-10,2026-08-07,100000.0000000000,100264850.2723070085,1001.6485027231,0.2867178500,230,8.3905088893,816607.4453403949,-0.5164139732,2007-10-31,2009-05-13,560,2010-01-04,236.0000000000,796.0000000000,1380,2000-03-27
full_current,vo_tqqq_triple_50_150_200_bear_step_down,1999-03-10,2026-08-07,100000.0000000000,57408893.5945452899,573.0889359455,0.2608077409,194,7.0772118458,813228.4694541309,-0.4328223452,2007-10-31,2008-07-14,257,2009-12-23,527.0000000000,784.0000000000,1149,1999-12-23
full_current,vo_tqqq_triple_50_150_200_bull_step_up,1999-03-10,2026-08-07,100000.0000000000,402519080.0977091789,4024.1908009771,0.3536435465,140,5.1072662805,2199670.2196395262,-0.6370216141,2007-10-31,2009-05-13,560,2010-04-13,335.0000000000,895.0000000000,1254,2000-03-27
full_current,vo_tqqq_triple_50_150_200_cut_confirm,1999-03-10,2026-08-07,100000.0000000000,568700379.1619892120,5686.0037916199,0.3708184102,44,1.6051408310,744977.0320638207,-0.8012814985,2000-03-27,2000-05-23,57,2006-11-22,2374.0000000000,2431.0000000000,2431,2000-03-27
full_current,vo_tqqq_triple_50_150_200_raise_confirm,1999-03-10,2026-08-07,100000.0000000000,15810151.1845720969,157.1015118457,0.2028687082,108,3.9398911306,247565.9388055494,-0.5992632754,2024-12-16,2026-03-30,469,,,,1226,1999-12-23
full_current,vo_tqqq_triple_50_150_200_both_confirm,1999-03-10,2026-08-07,100000.0000000000,104854656.4631233364,1047.5465646312,0.2888206032,20,0.7296094686,63104.9060527856,-0.8012814985,2000-03-27,2000-05-23,57,2010-12-08,3851.0000000000,3908.0000000000,3908,2000-03-27
actual_current,vo,2010-02-11,2026-08-07,100000.0000000000,29687625.5120943859,295.8762551209,0.4125049410,98,5.9448206278,376771.4374976173,-0.4577022582,2021-11-19,2022-09-30,315,2023-06-02,245.0000000000,560.0000000000,560,2021-11-19
actual_current,tqqq_hold,2010-02-11,2026-08-07,100000.0000000000,38471426.1062039956,383.7142610620,0.4348886424,1,0.0606614350,99.9000343789,-0.8165984114,2021-11-19,2022-12-28,404,2024-12-04,707.0000000000,1111.0000000000,1111,2021-11-19
actual_current,qqq_hold,2010-02-11,2026-08-07,100000.0000000000,1931962.0420712736,18.3196204207,0.1967695200,1,0.0606614350,99.8743218882,-0.3511786329,2021-12-27,2022-11-03,311,2023-12-13,405.0000000000,716.0000000000,716,2021-12-27
actual_current,standalone_qqq_price_sma_20_full_cash,2010-02-11,2026-08-07,100000.0000000000,2049788.5248953237,19.4978852490,0.2010750729,459,27.8435986547,277050.8110751957,-0.5398316832,2021-11-19,2022-12-16,392,2023-12-11,360.0000000000,752.0000000000,926,2011-01-18
actual_current,standalone_qqq_price_sma_20_half_floor,2010-02-11,2026-08-07,100000.0000000000,11357898.0420445614,112.5789804204,0.3325310082,460,27.9042600897,561697.0497759366,-0.6901550972,2021-11-19,2022-12-28,404,2024-03-22,450.0000000000,854.0000000000,854,2021-11-19
actual_current,standalone_qqq_price_sma_50_full_cash,2010-02-11,2026-08-07,100000.0000000000,2010917.0701870697,19.1091707019,0.1996809430,261,15.8326345291,130122.4606324092,-0.5354296970,2020-09-02,2023-01-19,869,2023-12-26,341.0000000000,1210.0000000000,1210,2020-09-02
actual_current,standalone_qqq_price_sma_50_half_floor,2010-02-11,2026-08-07,100000.0000000000,10420953.5782718286,103.2095357827,0.3255898262,262,15.8932959641,259296.0801312655,-0.6611156626,2021-11-19,2022-12-28,404,2024-02-08,407.0000000000,811.0000000000,811,2021-11-19
actual_current,standalone_qqq_price_sma_100_full_cash,2010-02-11,2026-08-07,100000.0000000000,1488895.9690526575,13.8889596905,0.1780063588,189,11.4650112108,76985.1365495043,-0.6158890026,2020-02-19,2020-04-21,62,2020-08-26,127.0000000000,189.0000000000,759,2021-11-19
actual_current,standalone_qqq_price_sma_100_half_floor,2010-02-11,2026-08-07,100000.0000000000,8309341.2016270254,82.0934120163,0.3075059204,190,11.5256726457,139949.5878193374,-0.7007007587,2021-11-19,2022-12-28,404,2024-03-01,429.0000000000,833.0000000000,833,2021-11-19
actual_current,standalone_qqq_price_sma_150_full_cash,2010-02-11,2026-08-07,100000.0000000000,12118364.1594792157,120.1836415948,0.3377800116,111,6.7334192825,172391.8986375196,-0.5872563965,2020-02-19,2020-04-21,62,2020-08-21,122.0000000000,184.0000000000,690,2010-04-23
actual_current,standalone_qqq_price_sma_150_half_floor,2010-02-11,2026-08-07,100000.0000000000,23284728.6011688262,231.8472860117,0.3918419902,111,6.7334192825,160376.1400093503,-0.6450797291,2021-11-19,2022-12-28,404,2024-01-22,390.0000000000,794.0000000000,794,2021-11-19
actual_current,standalone_qqq_price_sma_200_full_cash,2010-02-11,2026-08-07,100000.0000000000,5633061.2602153765,55.3306126022,0.2770346232,103,6.2481278027,50918.6752879022,-0.6006732422,2015-07-20,2016-07-05,351,2017-10-11,463.0000000000,814.0000000000,1274,2010-04-23
actual_current,standalone_qqq_price_sma_200_half_floor,2010-02-11,2026-08-07,100000.0000000000,16812141.3110183999,167.1214131102,0.3646129452,103,6.2481278027,71551.6364101260,-0.6345340654,2020-02-19,2020-03-20,30,2020-08-03,136.0000000000,166.0000000000,811,2021-11-19
actual_current,standalone_qqq_price_sma_250_full_cash,2010-02-11,2026-08-07,100000.0000000000,5905412.6308276867,58.0541263083,0.2806975591,93,5.6415134529,71511.8897341382,-0.6826985702,2021-11-19,2023-03-09,475,2024-06-11,460.0000000000,935.0000000000,935,2021-11-19
actual_current,standalone_qqq_price_sma_250_half_floor,2010-02-11,2026-08-07,100000.0000000000,16867034.6800229698,167.6703468002,0.3648828147,93,5.6415134529,91702.3285154188,-0.7028882020,2021-11-19,2023-03-10,476,2024-06-12,460.0000000000,936.0000000000,936,2021-11-19
actual_current,standalone_qqq_cross_5_20_full_cash,2010-02-11,2026-08-07,100000.0000000000,5994741.9653314725,58.9474196533,0.2818644673,231,14.0127914798,341090.0405653675,-0.5656762122,2014-11-28,2016-02-23,452,2019-12-19,1395.0000000000,1847.0000000000,1847,2014-11-28
actual_current,standalone_qqq_cross_5_20_half_floor,2010-02-11,2026-08-07,100000.0000000000,19331349.4122873545,192.3134941229,0.3762202505,232,14.0734529148,459009.9296029396,-0.6697742541,2021-11-19,2022-12-28,404,2024-05-15,504.0000000000,908.0000000000,908,2021-11-19
actual_current,standalone_qqq_cross_5_50_full_cash,2010-02-11,2026-08-07,100000.0000000000,5015590.2533170525,49.1559025332,0.2680721821,124,7.5220179372,116338.2986832586,-0.5147103788,2021-11-19,2023-01-19,426,2023-06-13,145.0000000000,571.0000000000,975,2011-02-16
actual_current,standalone_qqq_cross_5_50_half_floor,2010-02-11,2026-08-07,100000.0000000000,15898902.1033687219,157.9890210337,0.3599974352,125,7.5826793722,163548.8355656221,-0.6727591133,2021-11-19,2022-12-28,404,2024-02-09,408.0000000000,812.0000000000,812,2021-11-19
actual_current,standalone_qqq_cross_5_100_full_cash,2010-02-11,2026-08-07,100000.0000000000,2951477.2683849265,28.5147726838,0.2279330880,85,5.1562219731,35478.6658099031,-0.6632439200,2010-04-23,2011-12-19,605,2013-11-26,708.0000000000,1313.0000000000,1313,2010-04-23
actual_current,standalone_qqq_cross_5_100_half_floor,2010-02-11,2026-08-07,100000.0000000000,12242520.9751765132,121.4252097518,0.3386074638,86,5.2168834081,64024.5609505996,-0.6416815145,2021-11-19,2022-12-28,404,2024-02-07,406.0000000000,810.0000000000,810,2021-11-19
actual_current,standalone_qqq_cross_5_150_full_cash,2010-02-11,2026-08-07,100000.0000000000,6985836.0866303109,68.8583608663,0.2938172407,57,3.4577017937,44633.9485969249,-0.6233943479,2020-02-19,2020-04-21,62,2020-08-26,127.0000000000,189.0000000000,1316,2010-04-23
actual_current,standalone_qqq_cross_5_150_half_floor,2010-02-11,2026-08-07,100000.0000000000,17979015.8300705701,178.7901583007,0.3701790912,57,3.4577017937,50982.9857667808,-0.6482318649,2021-11-19,2022-12-28,404,2024-02-09,408.0000000000,812.0000000000,812,2021-11-19
actual_current,standalone_qqq_cross_5_200_full_cash,2010-02-11,2026-08-07,100000.0000000000,8030862.5001736982,79.3086250017,0.3048049865,45,2.7297645740,27969.3963475313,-0.6663919587,2010-04-23,2011-12-14,600,2014-06-06,905.0000000000,1505.0000000000,1505,2010-04-23
actual_current,standalone_qqq_cross_5_200_half_floor,2010-02-11,2026-08-07,100000.0000000000,20073800.8291178346,199.7380082912,0.3793701275,45,2.7297645740,33069.7245482495,-0.6285869153,2020-02-19,2020-03-20,30,2020-08-05,138.0000000000,168.0000000000,806,2011-04-27
actual_current,standalone_qqq_cross_5_250_full_cash,2010-02-11,2026-08-07,100000.0000000000,7037590.7388044707,69.3759073880,0.2943966829,49,2.9724103139,48382.4878791693,-0.6208706643,2020-02-19,2020-03-12,22,2020-08-20,161.0000000000,183.0000000000,1236,2010-04-23
actual_current,standalone_qqq_cross_5_250_half_floor,2010-02-11,2026-08-07,100000.0000000000,18401500.3654649220,183.0150036546,0.3721110038,49,2.9724103139,56645.1077273834,-0.6563120706,2021-11-19,2023-03-10,476,2024-05-21,438.0000000000,914.0000000000,914,2021-11-19
actual_current,standalone_qqq_cross_10_20_full_cash,2010-02-11,2026-08-07,100000.0000000000,1404149.3535312756,13.0414935353,0.1738260344,196,11.8896412556,93795.1649158021,-0.7149048605,2021-11-19,2023-01-19,426,,,,1722,2021-11-19
actual_current,standalone_qqq_cross_10_20_half_floor,2010-02-11,2026-08-07,100000.0000000000,9016692.0386568941,89.1669203866,0.3140018323,197,11.9503026906,189856.4160373772,-0.7488367482,2021-11-19,2022-12-28,404,2025-09-18,995.0000000000,1399.0000000000,1399,2021-11-19
actual_current,standalone_qqq_cross_10_50_full_cash,2010-02-11,2026-08-07,100000.0000000000,1002207.7304882691,9.0220773049,0.1500574439,104,6.3087892377,31815.2816495449,-0.7630367722,2011-02-16,2011-12-14,301,2018-01-03,2212.0000000000,2513.0000000000,2513,2011-02-16
actual_current,standalone_qqq_cross_10_50_half_floor,2010-02-11,2026-08-07,100000.0000000000,7557772.6542984545,74.5777265430,0.3000081195,105,6.3694506726,83224.5220914920,-0.7090169294,2021-11-19,2022-12-28,404,2024-06-17,537.0000000000,941.0000000000,945,2011-02-16
actual_current,standalone_qqq_cross_10_100_full_cash,2010-02-11,2026-08-07,100000.0000000000,4045306.8038635589,39.4530680386,0.2516415790,59,3.5790246637,48105.4329816564,-0.5831978302,2011-04-27,2011-12-19,236,2013-10-18,669.0000000000,905.0000000000,905,2011-04-27
actual_current,standalone_qqq_cross_10_100_half_floor,2010-02-11,2026-08-07,100000.0000000000,14304171.3192713391,142.0417131927,0.3513052392,60,3.6396860987,70981.3154525618,-0.6503074689,2021-11-19,2022-12-28,404,2024-01-25,393.0000000000,797.0000000000,797,2021-11-19
actual_current,standalone_qqq_cross_10_150_full_cash,2010-02-11,2026-08-07,100000.0000000000,5108308.0590186687,50.0830805902,0.2694819755,41,2.4871188341,28415.4682088517,-0.6865236752,2020-02-19,2020-04-21,62,2021-01-08,262.0000000000,324.0000000000,1281,2010-04-23
actual_current,standalone_qqq_cross_10_150_half_floor,2010-02-11,2026-08-07,100000.0000000000,15602981.7357640918,155.0298173576,0.3584483175,41,2.4871188341,36241.1253643515,-0.6841013593,2021-11-19,2022-12-28,404,2024-06-05,525.0000000000,929.0000000000,929,2021-11-19
actual_current,standalone_qqq_cross_10_200_full_cash,2010-02-11,2026-08-07,100000.0000000000,4648896.7880038032,45.4889678800,0.2622455196,37,2.2444730942,18921.3057506564,-0.7174792458,2020-02-19,2020-04-21,62,2021-01-25,279.0000000000,341.0000000000,1397,2010-04-23
actual_current,standalone_qqq_cross_10_200_half_floor,2010-02-11,2026-08-07,100000.0000000000,15744224.2686251719,156.4422426863,0.3591911213,37,2.2444730942,26841.2200104233,-0.6844814253,2020-02-19,2020-03-16,26,2020-08-26,163.0000000000,189.0000000000,791,2021-11-19
actual_current,standalone_qqq_cross_10_250_full_cash,2010-02-11,2026-08-07,100000.0000000000,3292469.1780131366,31.9246917801,0.2361040946,45,2.7297645740,20544.3262207266,-0.7238226822,2020-02-19,2020-04-21,62,2021-02-04,289.0000000000,351.0000000000,862,2015-07-20
actual_current,standalone_qqq_cross_10_250_half_floor,2010-02-11,2026-08-07,100000.0000000000,12980376.4796389360,128.8037647964,0.3433681255,45,2.7297645740,32165.1210041818,-0.6960274888,2020-02-19,2020-03-20,30,2020-08-26,159.0000000000,189.0000000000,921,2021-11-19
actual_current,standalone_qqq_cross_20_50_full_cash,2010-02-11,2026-08-07,100000.0000000000,1240300.9210346555,11.4030092103,0.1650241312,80,4.8529147982,30932.4741722017,-0.7089475356,2021-09-07,2023-03-10,549,2025-10-27,962.0000000000,1511.0000000000,1511,2021-09-07
actual_current,standalone_qqq_cross_20_50_half_floor,2010-02-11,2026-08-07,100000.0000000000,8000538.4509279532,79.0053845093,0.3045055845,81,4.9135762332,65662.1950542236,-0.7418170941,2021-11-19,2022-12-28,404,2024-07-05,555.0000000000,959.0000000000,959,2021-11-19
actual_current,standalone_qqq_cross_20_100_full_cash,2010-02-11,2026-08-07,100000.0000000000,3387377.8389195651,32.8737783892,0.2382368481,39,2.3657959641,24035.5777333385,-0.6844793001,2020-02-19,2020-03-16,26,2021-02-05,326.0000000000,352.0000000000,913,2021-11-19
actual_current,standalone_qqq_cross_20_100_half_floor,2010-02-11,2026-08-07,100000.0000000000,12912134.5543538798,128.1213455435,0.3429386421,39,2.3657959641,34688.1401501236,-0.7133694802,2021-11-19,2022-12-28,404,2024-06-13,533.0000000000,937.0000000000,937,2021-11-19
actual_current,standalone_qqq_cross_20_150_full_cash,2010-02-11,2026-08-07,100000.0000000000,4433207.7909645848,43.3320779096,0.2586132000,31,1.8805044843,21868.7330613671,-0.6844794219,2020-02-19,2020-03-16,26,2021-01-20,310.0000000000,336.0000000000,947,2011-04-27
actual_current,standalone_qqq_cross_20_150_half_floor,2010-02-11,2026-08-07,100000.0000000000,14725643.3275044486,146.2564332750,0.3536877436,31,1.8805044843,30027.5855609573,-0.6844820575,2020-02-19,2020-03-16,26,2020-08-25,162.0000000000,188.0000000000,908,2021-11-19
actual_current,standalone_qqq_cross_20_200_full_cash,2010-02-11,2026-08-07,100000.0000000000,4019693.9821951953,39.1969398220,0.2511594165,31,1.8805044843,18592.8922384940,-0.7161631717,2020-02-19,2020-04-28,69,2021-04-15,352.0000000000,421.0000000000,1274,2010-04-23
actual_current,standalone_qqq_cross_20_200_half_floor,2010-02-11,2026-08-07,100000.0000000000,15196255.2746550515,150.9625527466,0.3562734859,31,1.8805044843,26394.6386885488,-0.6992203756,2020-02-19,2020-03-20,30,2020-08-26,159.0000000000,189.0000000000,794,2021-11-19
actual_current,standalone_qqq_cross_20_250_full_cash,2010-02-11,2026-08-07,100000.0000000000,15508857.6536303926,154.0885765363,0.3579497976,23,1.3952130045,34827.9451455208,-0.6992193064,2020-02-19,2020-03-20,30,2020-09-01,165.0000000000,195.0000000000,675,2015-07-20
actual_current,standalone_qqq_cross_20_250_half_floor,2010-02-11,2026-08-07,100000.0000000000,28309188.8464079984,282.0918884641,0.4084370341,23,1.3952130045,29579.1036694620,-0.6992200652,2020-02-19,2020-03-20,30,2020-08-20,153.0000000000,183.0000000000,791,2021-11-19
actual_current,standalone_qqq_cross_50_100_full_cash,2010-02-11,2026-08-07,100000.0000000000,5296377.9985651569,51.9637799857,0.2722692726,33,2.0018273543,47759.5832200829,-0.6992200222,2020-02-19,2020-03-20,30,2021-06-24,461.0000000000,491.0000000000,808,2015-07-20
actual_current,standalone_qqq_cross_50_100_half_floor,2010-02-11,2026-08-07,100000.0000000000,17729260.3767459728,176.2926037675,0.3690168696,33,2.0018273543,57003.8978633014,-0.6992207339,2020-02-19,2020-03-20,30,2020-08-26,159.0000000000,189.0000000000,810,2021-11-19
actual_current,standalone_qqq_cross_50_150_full_cash,2010-02-11,2026-08-07,100000.0000000000,5965977.4149075253,58.6597741491,0.2814905095,23,1.3952130045,34709.6213945073,-0.6992207352,2020-02-19,2020-03-20,30,2020-09-01,165.0000000000,195.0000000000,814,2015-07-20
actual_current,standalone_qqq_cross_50_150_half_floor,2010-02-11,2026-08-07,100000.0000000000,19092238.2989700213,189.9223829897,0.3751815887,23,1.3952130045,34345.6955217960,-0.6992198321,2020-02-19,2020-03-20,30,2020-08-20,153.0000000000,183.0000000000,791,2021-11-19
actual_current,standalone_qqq_cross_50_200_full_cash,2010-02-11,2026-08-07,100000.0000000000,13351728.4109006114,132.5172841090,0.3456687102,19,1.1525672646,25598.0938542219,-0.6992195357,2020-02-19,2020-03-20,30,2020-08-26,159.0000000000,189.0000000000,665,2015-07-20
actual_current,standalone_qqq_cross_50_200_half_floor,2010-02-11,2026-08-07,100000.0000000000,27245993.0243087709,271.4599302431,0.4051702707,19,1.1525672646,22764.0536880329,-0.6992204079,2020-02-19,2020-03-20,30,2020-08-18,151.0000000000,181.0000000000,754,2021-11-19
actual_current,standalone_qqq_cross_50_250_full_cash,2010-02-11,2026-08-07,100000.0000000000,21371484.6140828878,212.7148461408,0.3846216427,17,1.0312443946,38838.9776566372,-0.6992205068,2020-02-19,2020-03-20,30,2020-07-10,112.0000000000,142.0000000000,754,2021-11-19
actual_current,standalone_qqq_cross_50_250_half_floor,2010-02-11,2026-08-07,100000.0000000000,31108732.3204979524,310.0873232050,0.4165170894,17,1.0312443946,24453.3032818609,-0.6992200823,2020-02-19,2020-03-20,30,2020-07-10,112.0000000000,142.0000000000,833,2021-11-19
actual_current,standalone_qqq_cross_100_150_full_cash,2010-02-11,2026-08-07,100000.0000000000,12434191.1683058962,123.3419116831,0.3398695139,23,1.3952130045,31265.2745932151,-0.7634138073,2018-08-29,2020-03-20,569,2020-08-26,159.0000000000,728.0000000000,1175,2010-04-23
actual_current,standalone_qqq_cross_100_150_half_floor,2010-02-11,2026-08-07,100000.0000000000,27438948.0530631244,273.3894805306,0.4057719357,23,1.3952130045,28981.1600024815,-0.6992202833,2020-02-19,2020-03-20,30,2020-07-10,112.0000000000,142.0000000000,795,2021-11-19
actual_current,standalone_qqq_cross_100_200_full_cash,2010-02-11,2026-08-07,100000.0000000000,26363723.3237881772,262.6372332379,0.4023671928,15,0.9099215247,49860.4142502853,-0.6992203127,2020-02-19,2020-03-20,30,2020-07-10,112.0000000000,142.0000000000,606,2021-11-19
actual_current,standalone_qqq_cross_100_200_half_floor,2010-02-11,2026-08-07,100000.0000000000,34786290.7583059669,346.8629075831,0.4261508450,15,0.9099215247,31882.2397720953,-0.6992199193,2020-02-19,2020-03-20,30,2020-07-10,112.0000000000,142.0000000000,812,2021-11-19
actual_current,standalone_qqq_cross_100_250_full_cash,2010-02-11,2026-08-07,100000.0000000000,31306675.8842049167,312.0667588420,0.4170622182,9,0.5459529148,17134.6779090739,-0.6992197904,2020-02-19,2020-03-20,30,2020-07-10,112.0000000000,142.0000000000,833,2021-11-19
actual_current,standalone_qqq_cross_100_250_half_floor,2010-02-11,2026-08-07,100000.0000000000,35809879.8442299291,357.0987984423,0.4286619515,9,0.5459529148,10865.2688963840,-0.6992200489,2020-02-19,2020-03-20,30,2020-07-10,112.0000000000,142.0000000000,936,2021-11-19
actual_current,standalone_qqq_band_cross_10_50_1_full_cash,2010-02-11,2026-08-07,100000.0000000000,1445429.0640666953,13.4542906407,0.1758910082,76,4.6102690583,30200.8068991527,-0.6738892566,2020-09-02,2023-03-10,919,2024-07-10,488.0000000000,1407.0000000000,1407,2020-09-02
actual_current,standalone_qqq_band_cross_10_50_1_half_floor,2010-02-11,2026-08-07,100000.0000000000,8855713.5366690438,87.5571353667,0.3125666800,77,4.6709304933,66270.2043296804,-0.7194766755,2021-11-19,2022-12-28,404,2024-06-17,537.0000000000,941.0000000000,941,2021-11-19
actual_current,standalone_qqq_band_cross_10_50_2_full_cash,2010-02-11,2026-08-07,100000.0000000000,1192417.3380709668,10.9241733807,0.1622449939,54,3.2757174888,29831.5565776040,-0.7140477839,2021-09-07,2023-03-10,549,,,,1795,2021-09-07
actual_current,standalone_qqq_band_cross_10_50_2_half_floor,2010-02-11,2026-08-07,100000.0000000000,7965703.7414776254,78.6570374148,0.3041603284,55,3.3363789238,55433.6011190260,-0.7593042669,2021-11-19,2022-12-28,404,2025-09-19,996.0000000000,1400.0000000000,1400,2021-11-19
actual_current,standalone_qqq_band_cross_10_50_3_full_cash,2010-02-11,2026-08-07,100000.0000000000,951614.7954693786,8.5161479547,0.1464493162,44,2.6691031390,18577.6668419863,-0.7767067619,2021-11-19,2023-03-10,476,,,,1722,2021-11-19
actual_current,standalone_qqq_band_cross_10_50_3_half_floor,2010-02-11,2026-08-07,100000.0000000000,7105564.2064634748,70.0556420646,0.2951516589,45,2.7297645740,37445.8968396597,-0.7766499487,2021-11-19,2022-12-28,404,2025-10-24,1031.0000000000,1435.0000000000,1435,2021-11-19
actual_current,standalone_qqq_band_cross_20_100_1_full_cash,2010-02-11,2026-08-07,100000.0000000000,2125537.6576348096,20.2553765763,0.2037219015,33,2.0018273543,16525.5059614963,-0.7245482407,2021-11-19,2023-03-10,476,2024-12-06,637.0000000000,1113.0000000000,1113,2021-11-19
actual_current,standalone_qqq_band_cross_20_100_1_half_floor,2010-02-11,2026-08-07,100000.0000000000,10426101.9327293150,103.2610193273,0.3256295437,33,2.0018273543,27832.4192597541,-0.7430522956,2021-11-19,2022-12-28,404,2024-07-10,560.0000000000,964.0000000000,964,2021-11-19
actual_current,standalone_qqq_band_cross_20_100_2_full_cash,2010-02-11,2026-08-07,100000.0000000000,1569134.3354765887,14.6913433548,0.1817631918,29,1.7591816143,12023.8145294465,-0.7059637576,2020-02-19,2020-05-13,84,2021-06-28,411.0000000000,495.0000000000,1157,2011-04-27
actual_current,standalone_qqq_band_cross_20_100_2_half_floor,2010-02-11,2026-08-07,100000.0000000000,9339563.4060168471,92.3956340602,0.3168091554,29,1.7591816143,23670.6464094737,-0.7250303560,2021-11-19,2022-12-28,404,2024-07-05,555.0000000000,959.0000000000,959,2021-11-19
actual_current,standalone_qqq_band_cross_20_100_3_full_cash,2010-02-11,2026-08-07,100000.0000000000,3545691.5621319050,34.4569156213,0.2416725600,25,1.5165358744,21481.9721284202,-0.6844807661,2020-02-19,2020-03-16,26,2021-02-08,329.0000000000,355.0000000000,1285,2010-04-23
actual_current,standalone_qqq_band_cross_20_100_3_half_floor,2010-02-11,2026-08-07,100000.0000000000,14234702.4610641934,141.3470246106,0.3509062270,25,1.5165358744,30211.3670404670,-0.6950792142,2021-11-19,2022-12-28,404,2024-05-20,509.0000000000,913.0000000000,913,2021-11-19
actual_current,standalone_qqq_band_cross_50_200_1_full_cash,2010-02-11,2026-08-07,100000.0000000000,8069008.7792019034,79.6900877920,0.3051801161,15,0.9099215247,17944.9933984287,-0.6992193232,2020-02-19,2020-03-20,30,2020-07-10,112.0000000000,142.0000000000,768,2021-11-19
actual_current,standalone_qqq_band_cross_50_200_1_half_floor,2010-02-11,2026-08-07,100000.0000000000,20239855.9894099347,201.3985598941,0.3800596281,15,0.9099215247,16338.4198201825,-0.6992202720,2020-02-19,2020-03-20,30,2020-07-10,112.0000000000,142.0000000000,913,2021-11-19
actual_current,standalone_qqq_band_cross_50_200_2_full_cash,2010-02-11,2026-08-07,100000.0000000000,14152611.1862531267,140.5261118625,0.3504323500,11,0.6672757848,27205.6813775208,-0.6992206526,2020-02-19,2020-03-20,30,2020-07-10,112.0000000000,142.0000000000,754,2021-11-19
actual_current,standalone_qqq_band_cross_50_200_2_half_floor,2010-02-11,2026-08-07,100000.0000000000,26307963.5990108587,262.0796359901,0.4021870902,11,0.6672757848,21115.6302611401,-0.6992197713,2020-02-19,2020-03-20,30,2020-07-10,112.0000000000,142.0000000000,833,2021-11-19
actual_current,standalone_qqq_band_cross_50_200_3_full_cash,2010-02-11,2026-08-07,100000.0000000000,7090324.9076733040,69.9032490767,0.2949829890,11,0.6672757848,14304.8486580346,-0.7738495503,2018-08-29,2020-03-20,569,2020-08-28,161.0000000000,730.0000000000,810,2021-11-19
actual_current,standalone_qqq_band_cross_50_200_3_half_floor,2010-02-11,2026-08-07,100000.0000000000,19602678.2405816019,195.0267824058,0.3773843440,11,0.6672757848,16025.1673643996,-0.6992195176,2020-02-19,2020-03-20,30,2020-07-10,112.0000000000,142.0000000000,935,2021-11-19
actual_current,standalone_qqq_band_cross_100_200_1_full_cash,2010-02-11,2026-08-07,100000.0000000000,24839704.3224457018,247.3970432245,0.3973108101,9,0.5459529148,12598.6160670152,-0.6992197753,2020-02-19,2020-03-20,30,2020-07-10,112.0000000000,142.0000000000,754,2021-11-19
actual_current,standalone_qqq_band_cross_100_200_1_half_floor,2010-02-11,2026-08-07,100000.0000000000,34020884.1208315417,339.2088412083,0.4242273480,9,0.5459529148,10576.0847464746,-0.6992198964,2020-02-19,2020-03-20,30,2020-07-10,112.0000000000,142.0000000000,833,2021-11-19
actual_current,standalone_qqq_band_cross_100_200_2_full_cash,2010-02-11,2026-08-07,100000.0000000000,43125727.9377024248,430.2572793770,0.4448637431,5,0.3033071749,22472.7421182636,-0.6992204845,2020-02-19,2020-03-20,30,2020-07-10,112.0000000000,142.0000000000,913,2021-11-19
actual_current,standalone_qqq_band_cross_100_200_2_half_floor,2010-02-11,2026-08-07,100000.0000000000,41366607.4161741361,412.6660741617,0.4412182007,5,0.3033071749,12126.3077963553,-0.6992203669,2020-02-19,2020-03-20,30,2020-07-10,112.0000000000,142.0000000000,938,2021-11-19
actual_current,standalone_qqq_band_cross_100_200_3_full_cash,2010-02-11,2026-08-07,100000.0000000000,32963403.2531971820,328.6340325320,0.4215018756,5,0.3033071749,19283.0215665523,-0.6992205750,2020-02-19,2020-03-20,30,2020-07-10,112.0000000000,142.0000000000,959,2021-11-19
actual_current,standalone_qqq_band_cross_100_200_3_half_floor,2010-02-11,2026-08-07,100000.0000000000,35844277.9673716053,357.4427796737,0.4287451621,5,0.3033071749,10483.8284288673,-0.7237710845,2021-11-19,2022-12-28,404,2024-07-10,560.0000000000,964.0000000000,964,2021-11-19
actual_current,standalone_qqq_triple_5_20_100_full_cash,2010-02-11,2026-08-07,100000.0000000000,6331681.6868950017,62.3168168690,0.2861236730,268,16.2572645740,191102.0536069605,-0.5230382391,2021-11-19,2022-12-07,383,2023-07-17,222.0000000000,605.0000000000,823,2015-03-02
actual_current,standalone_qqq_triple_5_20_100_half_floor,2010-02-11,2026-08-07,100000.0000000000,18250856.6352616176,181.5085663526,0.3714269737,268,16.2572645740,235766.6337926178,-0.6849907132,2021-11-19,2022-12-28,404,2024-05-24,513.0000000000,917.0000000000,917,2021-11-19
actual_current,standalone_qqq_triple_10_50_200_full_cash,2010-02-11,2026-08-07,100000.0000000000,4664733.3566562394,45.6473335666,0.2625059393,121,7.3400336323,57438.8684394525,-0.6362621760,2011-02-16,2011-12-14,301,2013-11-13,700.0000000000,1001.0000000000,1001,2011-02-16
actual_current,standalone_qqq_triple_10_50_200_half_floor,2010-02-11,2026-08-07,100000.0000000000,15628036.8932664394,155.2803689327,0.3585805438,121,7.3400336323,80697.9255319504,-0.6761540568,2021-11-19,2022-12-28,404,2024-02-09,408.0000000000,812.0000000000,812,2021-11-19
actual_current,standalone_qqq_triple_20_50_200_full_cash,2010-02-11,2026-08-07,100000.0000000000,4942931.9860257190,48.4293198603,0.2669501835,99,6.0054820628,45622.1289056979,-0.5713014987,2020-02-19,2020-03-20,30,2020-08-18,151.0000000000,181.0000000000,644,2015-07-20
actual_current,standalone_qqq_triple_20_50_200_half_floor,2010-02-11,2026-08-07,100000.0000000000,15559340.8622733522,154.5934086227,0.3582175297,99,6.0054820628,58999.5783979398,-0.6978251860,2021-11-19,2022-12-28,404,2024-03-01,429.0000000000,833.0000000000,833,2021-11-19
actual_current,standalone_qqq_triple_20_100_200_full_cash,2010-02-11,2026-08-07,100000.0000000000,11030238.7416623142,109.3023874166,0.3301668855,53,3.2150560538,40340.1704373821,-0.6844811497,2020-02-19,2020-03-16,26,2020-08-26,163.0000000000,189.0000000000,791,2021-11-19
actual_current,standalone_qqq_triple_20_100_200_half_floor,2010-02-11,2026-08-07,100000.0000000000,21805800.0785039552,217.0580007850,0.3863124864,53,3.2150560538,35866.8112280999,-0.6911084916,2020-02-19,2020-03-20,30,2020-08-18,151.0000000000,181.0000000000,917,2021-11-19
actual_current,standalone_qqq_triple_50_100_200_full_cash,2010-02-11,2026-08-07,100000.0000000000,14133146.1449514925,140.3314614495,0.3503196082,47,2.8510874439,63041.5522280757,-0.6992198024,2020-02-19,2020-03-20,30,2020-08-26,159.0000000000,189.0000000000,590,2015-07-20
actual_current,standalone_qqq_triple_50_100_200_half_floor,2010-02-11,2026-08-07,100000.0000000000,25930225.0607675090,258.3022506077,0.4009574759,47,2.8510874439,50170.6214689961,-0.6992202957,2020-02-19,2020-03-20,30,2020-08-18,151.0000000000,181.0000000000,810,2021-11-19
actual_current,standalone_qqq_triple_50_150_200_full_cash,2010-02-11,2026-08-07,100000.0000000000,11477304.1523085348,113.7730415231,0.3333766441,39,2.3657959641,26179.3741548103,-0.6992201487,2020-02-19,2020-03-20,30,2020-08-20,153.0000000000,183.0000000000,754,2021-11-19
actual_current,standalone_qqq_triple_50_150_200_half_floor,2010-02-11,2026-08-07,100000.0000000000,23649227.1828617379,235.4922718286,0.3931540530,39,2.3657959641,22727.9305149923,-0.6992207472,2020-02-19,2020-03-20,30,2020-08-06,139.0000000000,169.0000000000,832,2021-11-19
actual_current,standalone_qqq_slope_50_20_full_cash,2010-02-11,2026-08-07,100000.0000000000,303762.5762660513,2.0376257627,0.0697227228,231,14.0127914798,42691.3307196025,-0.6649610023,2014-01-22,2016-12-01,1044,2020-08-06,1344.0000000000,2388.0000000000,2388,2014-01-22
actual_current,standalone_qqq_slope_50_20_half_floor,2010-02-11,2026-08-07,100000.0000000000,4077442.5560449376,39.7744255604,0.2522424961,232,14.0734529148,130882.5589014327,-0.6448870830,2021-11-19,2022-12-28,404,2024-02-09,408.0000000000,812.0000000000,885,2014-11-28
actual_current,standalone_qqq_slope_100_20_full_cash,2010-02-11,2026-08-07,100000.0000000000,798968.0521471886,6.9896805215,0.1343543201,159,9.6451681614,44400.9950767153,-0.6642059962,2018-01-26,2020-04-28,823,2021-02-08,286.0000000000,1109.0000000000,1109,2018-01-26
actual_current,standalone_qqq_slope_100_20_half_floor,2010-02-11,2026-08-07,100000.0000000000,6790697.1987720784,66.9069719877,0.2915955920,160,9.7058295964,104758.2936597619,-0.6334767124,2020-02-19,2020-03-20,30,2020-08-21,154.0000000000,184.0000000000,759,2021-11-19
actual_current,standalone_qqq_slope_150_20_full_cash,2010-02-11,2026-08-07,100000.0000000000,6485370.4762073783,63.8537047621,0.2879961488,91,5.5201905830,92947.9369603337,-0.5872566944,2020-02-19,2020-04-21,62,2020-08-21,122.0000000000,184.0000000000,703,2010-04-23
actual_current,standalone_qqq_slope_150_20_half_floor,2010-02-11,2026-08-07,100000.0000000000,18538515.0217380375,184.3851502174,0.3727285957,91,5.5201905830,117608.7603465572,-0.6345349601,2020-02-19,2020-03-20,30,2020-08-06,139.0000000000,169.0000000000,795,2021-11-19
actual_current,standalone_qqq_slope_200_20_full_cash,2010-02-11,2026-08-07,100000.0000000000,5066875.8098431313,49.6687580984,0.2688549855,87,5.2775448430,43671.0103475837,-0.6031592502,2018-08-29,2020-04-09,589,2020-08-20,133.0000000000,722.0000000000,1274,2010-04-23
actual_current,standalone_qqq_slope_200_20_half_floor,2010-02-11,2026-08-07,100000.0000000000,15534976.5425381996,154.3497654254,0.3580884183,87,5.2775448430,63569.6610674754,-0.6345345184,2020-02-19,2020-03-20,30,2020-08-03,136.0000000000,166.0000000000,833,2021-11-19
actual_current,standalone_qqq_slope_250_20_full_cash,2010-02-11,2026-08-07,100000.0000000000,5409764.7132893261,53.0976471329,0.2739051326,81,4.9135762332,57107.2473483922,-0.6135286985,2015-07-20,2016-07-15,361,2017-11-24,497.0000000000,858.0000000000,936,2021-11-19
actual_current,standalone_qqq_slope_250_20_half_floor,2010-02-11,2026-08-07,100000.0000000000,15812917.0417843778,157.1291704178,0.3595501214,81,4.9135762332,75529.5013490490,-0.6736871071,2021-11-19,2022-12-28,404,2024-06-17,537.0000000000,941.0000000000,941,2021-11-19
actual_current,vo_qqq_price_sma_20_trend_cap,2010-02-11,2026-08-07,100000.0000000000,1739086.0306217812,16.3908603062,0.1891582569,453,27.4796300448,270795.8693922131,-0.4682180456,2025-10-29,2026-03-12,134,,,,800,2015-03-02
actual_current,vo_qqq_price_sma_20_trend_floor,2010-02-11,2026-08-07,100000.0000000000,33801603.6887393445,337.0160368874,0.4236687949,187,11.3436883408,714936.3005449708,-0.6496082367,2021-11-19,2022-12-28,404,2023-12-18,355.0000000000,759.0000000000,759,2021-11-19
actual_current,vo_qqq_price_sma_20_blend,2010-02-11,2026-08-07,100000.0000000000,9246193.9769375920,91.4619397694,0.3160068102,545,33.0604820628,564634.0629261410,-0.4789228646,2021-11-19,2022-12-28,404,2023-06-14,168.0000000000,572.0000000000,694,2015-03-02
actual_current,vo_qqq_price_sma_20_bear_step_down,2010-02-11,2026-08-07,100000.0000000000,8089347.5699098362,79.8934756991,0.3053794469,472,28.6321973094,550957.4604254463,-0.4053734932,2025-10-29,2026-03-30,152,2026-06-02,64.0000000000,216.0000000000,695,2015-03-02
actual_current,vo_qqq_price_sma_20_bull_step_up,2010-02-11,2026-08-07,100000.0000000000,40023098.1389152110,399.2309813892,0.4383345131,195,11.8289798206,804703.8758881489,-0.5800452532,2021-11-19,2022-12-28,404,2023-07-12,196.0000000000,600.0000000000,600,2021-11-19
actual_current,vo_qqq_price_sma_20_cut_confirm,2010-02-11,2026-08-07,100000.0000000000,21034012.0642577484,209.3401206426,0.3832853869,84,5.0955605381,242981.5457640623,-0.5304567917,2021-11-19,2022-12-28,404,2023-07-13,197.0000000000,601.0000000000,601,2021-11-19
actual_current,vo_qqq_price_sma_20_raise_confirm,2010-02-11,2026-08-07,100000.0000000000,24803393.0642908886,247.0339306429,0.3971868166,80,4.8529147982,264483.7560659753,-0.4514843286,2024-12-16,2025-04-07,112,2026-05-26,414.0000000000,526.0000000000,553,2021-11-19
actual_current,vo_qqq_price_sma_20_both_confirm,2010-02-11,2026-08-07,100000.0000000000,18617486.3472898453,185.1748634729,0.3730826130,66,4.0036547085,171948.4863835313,-0.4541860422,2021-11-19,2022-11-03,349,2023-06-15,224.0000000000,573.0000000000,573,2021-11-19
actual_current,vo_qqq_price_sma_50_trend_cap,2010-02-11,2026-08-07,100000.0000000000,1478012.9145643653,13.7801291456,0.1774822250,284,17.2278475336,99108.3187419644,-0.4672703681,2014-11-28,2016-07-05,585,2017-05-30,329.0000000000,914.0000000000,996,2020-09-02
actual_current,vo_qqq_price_sma_50_trend_floor,2010-02-11,2026-08-07,100000.0000000000,38811019.6571429372,387.1101965714,0.4356538125,138,8.3712780269,679298.1392904163,-0.5904730961,2021-11-19,2022-12-28,404,2023-07-18,202.0000000000,606.0000000000,606,2021-11-19
actual_current,vo_qqq_price_sma_50_blend,2010-02-11,2026-08-07,100000.0000000000,8488326.3678733036,83.8832636787,0.3091973409,351,21.2921636771,285246.7107939618,-0.4387548100,2021-11-19,2022-12-28,404,2023-06-13,167.0000000000,571.0000000000,789,2014-11-28
actual_current,vo_qqq_price_sma_50_bear_step_down,2010-02-11,2026-08-07,100000.0000000000,6213164.1587957852,61.1316415880,0.2846503204,302,18.3197533632,236149.4743469126,-0.3697632204,2014-11-28,2016-06-27,577,2017-02-08,226.0000000000,803.0000000000,803,2014-11-28
actual_current,vo_qqq_price_sma_50_bull_step_up,2010-02-11,2026-08-07,100000.0000000000,35436635.2197810262,353.3663521978,0.4277541978,145,8.7959080717,613890.7919608559,-0.5755459263,2021-11-19,2022-12-28,404,2023-07-17,201.0000000000,605.0000000000,605,2021-11-19
actual_current,vo_qqq_price_sma_50_cut_confirm,2010-02-11,2026-08-07,100000.0000000000,31558667.8611329272,314.5866786113,0.4177515288,82,4.9742376682,318153.3075827428,-0.5003604765,2021-11-19,2022-09-30,315,2023-06-14,257.0000000000,572.0000000000,572,2021-11-19
actual_current,vo_qqq_price_sma_50_raise_confirm,2010-02-11,2026-08-07,100000.0000000000,28335692.6311977021,282.3569263120,0.4085169880,76,4.6102690583,301939.5070259607,-0.4514847283,2024-12-16,2025-04-07,112,2026-05-26,414.0000000000,526.0000000000,553,2021-11-19
actual_current,vo_qqq_price_sma_50_both_confirm,2010-02-11,2026-08-07,100000.0000000000,30231547.9797092453,301.3154797971,0.4140614619,62,3.7610089686,266155.3820265032,-0.4595859742,2024-12-16,2025-04-07,112,2026-05-26,414.0000000000,526.0000000000,570,2021-11-19
actual_current,vo_qqq_price_sma_100_trend_cap,2010-02-11,2026-08-07,100000.0000000000,2546597.5747726029,24.4659757477,0.2169915719,215,13.0422085202,105525.9541197109,-0.4674073457,2015-07-20,2016-06-27,343,2017-05-01,308.0000000000,651.0000000000,741,2018-01-26
actual_current,vo_qqq_price_sma_100_trend_floor,2010-02-11,2026-08-07,100000.0000000000,17708122.8029199578,176.0812280292,0.3689178025,121,7.3400336323,256971.8271418196,-0.6601142166,2021-11-19,2022-12-28,404,2024-01-19,387.0000000000,791.0000000000,791,2021-11-19
actual_current,vo_qqq_price_sma_100_blend,2010-02-11,2026-08-07,100000.0000000000,7501190.8864716711,74.0119088647,0.2994156401,275,16.6818946188,186931.1303790525,-0.5006964083,2021-11-19,2022-12-28,404,2023-07-13,197.0000000000,601.0000000000,601,2021-11-19
actual_current,vo_qqq_price_sma_100_bear_step_down,2010-02-11,2026-08-07,100000.0000000000,7249705.0343806315,71.4970503438,0.2967304262,229,13.8914686099,205575.7723452699,-0.4413337737,2015-07-20,2016-06-27,343,2017-02-17,235.0000000000,578.0000000000,578,2015-07-20
actual_current,vo_qqq_price_sma_100_bull_step_up,2010-02-11,2026-08-07,100000.0000000000,21289947.1114130169,211.8994711141,0.3843006125,131,7.9466479821,302236.4926071575,-0.6277443577,2021-11-19,2022-09-30,315,2023-12-15,441.0000000000,756.0000000000,756,2021-11-19
actual_current,vo_qqq_price_sma_100_cut_confirm,2010-02-11,2026-08-07,100000.0000000000,18756906.2593124881,186.5690625931,0.3737041834,74,4.4889461883,169748.8933590991,-0.5132993005,2021-11-19,2022-09-30,315,2023-06-15,258.0000000000,573.0000000000,687,2024-07-10
actual_current,vo_qqq_price_sma_100_raise_confirm,2010-02-11,2026-08-07,100000.0000000000,26536420.9754090607,264.3642097541,0.4029227408,79,4.7922533632,291916.2392336561,-0.4494821287,2024-12-16,2025-04-07,112,2026-05-14,402.0000000000,514.0000000000,557,2021-11-19
actual_current,vo_qqq_price_sma_100_both_confirm,2010-02-11,2026-08-07,100000.0000000000,15762565.3113821745,156.6256531138,0.3592871185,57,3.4577017937,110768.9258834892,-0.4886666894,2024-07-10,2025-04-07,271,2026-05-28,416.0000000000,687.0000000000,687,2024-07-10
actual_current,vo_qqq_price_sma_150_trend_cap,2010-02-11,2026-08-07,100000.0000000000,10844853.5883188173,107.4485358832,0.3287999091,155,9.4025224215,232161.2960825542,-0.5378206914,2012-04-03,2013-02-25,328,2013-12-20,298.0000000000,626.0000000000,626,2012-04-03
actual_current,vo_qqq_price_sma_150_trend_floor,2010-02-11,2026-08-07,100000.0000000000,33353646.8097946197,332.5364680979,0.4225170969,81,4.9135762332,221095.7331045896,-0.5872575862,2020-02-19,2020-04-21,62,2020-08-21,122.0000000000,184.0000000000,601,2021-11-19
actual_current,vo_qqq_price_sma_150_blend,2010-02-11,2026-08-07,100000.0000000000,21054476.1873782091,209.5447618738,0.3833669882,199,12.0716255605,278251.0775075096,-0.4443993516,2020-02-19,2020-04-21,62,2020-08-20,121.0000000000,183.0000000000,557,2021-11-19
actual_current,vo_qqq_price_sma_150_bear_step_down,2010-02-11,2026-08-07,100000.0000000000,20821793.8580684215,207.2179385807,0.3824347357,157,9.5238452915,346378.7499102532,-0.4002160249,2015-07-20,2016-06-27,343,2017-01-25,212.0000000000,555.0000000000,555,2015-07-20
actual_current,vo_qqq_price_sma_150_bull_step_up,2010-02-11,2026-08-07,100000.0000000000,41637350.6684517264,415.3735066845,0.4417886522,91,5.5201905830,299021.8496215423,-0.5509969590,2021-11-19,2022-09-30,315,2023-06-15,258.0000000000,573.0000000000,573,2021-11-19
actual_current,vo_qqq_price_sma_150_cut_confirm,2010-02-11,2026-08-07,100000.0000000000,27912120.7570668012,278.1212075707,0.4072307064,54,3.2757174888,155000.5610372636,-0.5203415457,2021-11-19,2022-09-30,315,2023-06-15,258.0000000000,573.0000000000,673,2024-07-10
actual_current,vo_qqq_price_sma_150_raise_confirm,2010-02-11,2026-08-07,100000.0000000000,26089924.1449308842,259.8992414493,0.4014793680,82,4.9742376682,299722.0820508632,-0.4494817437,2024-12-16,2025-04-07,112,2026-05-14,402.0000000000,514.0000000000,571,2021-11-19
actual_current,vo_qqq_price_sma_150_both_confirm,2010-02-11,2026-08-07,100000.0000000000,24529578.7738484219,244.2957877385,0.3962462832,38,2.3051345291,100415.3472843720,-0.4813651249,2020-02-19,2020-03-09,19,2020-08-26,170.0000000000,189.0000000000,673,2024-07-10
actual_current,vo_qqq_price_sma_200_trend_cap,2010-02-11,2026-08-07,100000.0000000000,8970220.4179080687,88.7022041791,0.3135900168,148,8.9778923767,123135.8485152253,-0.5870150124,2015-07-20,2016-07-05,351,2017-09-13,435.0000000000,786.0000000000,786,2015-07-20
actual_current,vo_qqq_price_sma_200_trend_floor,2010-02-11,2026-08-07,100000.0000000000,18622156.7473065741,185.2215674731,0.3731035055,92,5.5808520179,140227.2171395745,-0.6284616141,2021-11-19,2022-09-30,315,2023-12-26,452.0000000000,767.0000000000,767,2021-11-19
actual_current,vo_qqq_price_sma_200_blend,2010-02-11,2026-08-07,100000.0000000000,14452943.6672737300,143.5294366727,0.3521536638,194,11.7683183857,148525.8098055740,-0.4960594566,2015-07-20,2016-06-27,343,2017-04-24,301.0000000000,644.0000000000,644,2015-07-20
actual_current,vo_qqq_price_sma_200_bear_step_down,2010-02-11,2026-08-07,100000.0000000000,15677849.8830350898,155.7784988304,0.3588428370,150,9.0992152466,206224.8165819902,-0.5080247209,2015-07-20,2016-06-27,343,2017-04-24,301.0000000000,644.0000000000,644,2015-07-20
actual_current,vo_qqq_price_sma_200_bull_step_up,2010-02-11,2026-08-07,100000.0000000000,26042937.4202946275,259.4293742029,0.4013261289,103,6.2481278027,201057.9042525468,-0.6039782928,2021-11-19,2022-09-30,315,2023-12-13,439.0000000000,754.0000000000,754,2021-11-19
actual_current,vo_qqq_price_sma_200_cut_confirm,2010-02-11,2026-08-07,100000.0000000000,29818207.6058967859,297.1820760590,0.4128810513,46,2.7904260090,132553.4712108470,-0.5464916889,2021-11-19,2022-09-30,315,2023-07-13,286.0000000000,601.0000000000,601,2021-11-19
actual_current,vo_qqq_price_sma_200_raise_confirm,2010-02-11,2026-08-07,100000.0000000000,31026452.5499931723,309.2645254999,0.4162895350,84,5.0955605381,329281.5784050535,-0.4494816773,2024-12-16,2025-04-07,112,2026-05-14,402.0000000000,514.0000000000,545,2021-11-19
actual_current,vo_qqq_price_sma_200_both_confirm,2010-02-11,2026-08-07,100000.0000000000,31162900.1755039729,310.6290017550,0.4166665887,32,1.9411659193,86150.0187092187,-0.4813651797,2020-02-19,2020-03-09,19,2020-08-26,170.0000000000,189.0000000000,570,2021-11-19
actual_current,vo_qqq_price_sma_250_trend_cap,2010-02-11,2026-08-07,100000.0000000000,10955146.6173211318,108.5514661732,0.3296157976,142,8.6139237668,176850.0924796055,-0.5748245577,2015-07-20,2016-07-05,351,2017-07-24,384.0000000000,735.0000000000,735,2015-07-20
actual_current,vo_qqq_price_sma_250_trend_floor,2010-02-11,2026-08-07,100000.0000000000,16293888.0215343945,161.9388802153,0.3620234791,90,5.4595291480,133539.8733558856,-0.6699741600,2021-11-19,2022-09-30,315,2024-02-09,497.0000000000,812.0000000000,812,2021-11-19
actual_current,vo_qqq_price_sma_250_blend,2010-02-11,2026-08-07,100000.0000000000,15016073.5008542817,149.1607350085,0.3552924958,186,11.2830269058,175095.7465396272,-0.5314122764,2021-11-19,2023-03-10,476,2023-12-13,278.0000000000,754.0000000000,754,2021-11-19
actual_current,vo_qqq_price_sma_250_bear_step_down,2010-02-11,2026-08-07,100000.0000000000,17522361.7900862508,174.2236179009,0.3680423731,142,8.6139237668,252682.2300284689,-0.5059468239,2015-07-20,2016-06-27,343,2017-04-24,301.0000000000,644.0000000000,644,2015-07-20
actual_current,vo_qqq_price_sma_250_bull_step_up,2010-02-11,2026-08-07,100000.0000000000,24158522.9222908244,240.5852292229,0.3949558700,104,6.3087892377,210999.7983167004,-0.6494564100,2021-11-19,2022-09-30,315,2024-01-29,486.0000000000,801.0000000000,801,2021-11-19
actual_current,vo_qqq_price_sma_250_cut_confirm,2010-02-11,2026-08-07,100000.0000000000,29397782.4476145133,292.9778244761,0.4116645342,42,2.5477802691,95443.9037789456,-0.5727575594,2021-11-19,2022-09-30,315,2023-07-18,291.0000000000,606.0000000000,606,2021-11-19
actual_current,vo_qqq_price_sma_250_raise_confirm,2010-02-11,2026-08-07,100000.0000000000,33546267.4896423593,334.4626748964,0.4230140948,84,5.0955605381,361992.7604201920,-0.4494817126,2024-12-16,2025-04-07,112,2026-05-14,402.0000000000,514.0000000000,553,2021-11-19
actual_current,vo_qqq_price_sma_250_both_confirm,2010-02-11,2026-08-07,100000.0000000000,33218720.3094085008,331.1872030941,0.4221673526,28,1.6985201794,60355.1354663778,-0.4828932802,2024-12-16,2025-04-07,112,2026-05-05,393.0000000000,505.0000000000,601,2021-11-19
actual_current,vo_qqq_cross_5_20_trend_cap,2010-02-11,2026-08-07,100000.0000000000,2614494.7078750147,25.1449470788,0.2189356413,250,15.1653587444,180490.8297080096,-0.5006554033,2014-11-28,2016-12-01,734,2019-07-12,953.0000000000,1687.0000000000,1687,2014-11-28
actual_current,vo_qqq_cross_5_20_trend_floor,2010-02-11,2026-08-07,100000.0000000000,65159855.3260000870,650.5985532600,0.4814945957,125,7.5826793722,979501.8685518056,-0.6491573504,2021-11-19,2022-12-28,404,2023-12-26,363.0000000000,767.0000000000,767,2021-11-19
actual_current,vo_qqq_cross_5_20_blend,2010-02-11,2026-08-07,100000.0000000000,15921595.1769812070,158.2159517698,0.3601151107,326,19.7756278027,522472.3082689383,-0.4509940400,2021-11-19,2022-12-28,404,2023-06-13,167.0000000000,571.0000000000,722,2015-03-02
actual_current,vo_qqq_cross_5_20_bear_step_down,2010-02-11,2026-08-07,100000.0000000000,10567335.5650201328,104.6733556502,0.3267119822,280,16.9852017937,403027.3253443042,-0.3792474632,2015-03-02,2016-06-27,483,2017-02-21,239.0000000000,722.0000000000,722,2015-03-02
actual_current,vo_qqq_cross_5_20_bull_step_up,2010-02-11,2026-08-07,100000.0000000000,62300731.4889015704,622.0073148890,0.4774675947,133,8.0679708520,907245.7209444259,-0.5640869367,2021-11-19,2022-12-28,404,2023-07-12,196.0000000000,600.0000000000,600,2021-11-19
actual_current,vo_qqq_cross_5_20_cut_confirm,2010-02-11,2026-08-07,100000.0000000000,25499440.9086442478,253.9944090864,0.3995344816,88,5.3382062780,291803.9002852369,-0.4764586318,2021-11-19,2022-12-28,404,2023-06-13,167.0000000000,571.0000000000,571,2021-11-19
actual_current,vo_qqq_cross_5_20_raise_confirm,2010-02-11,2026-08-07,100000.0000000000,26708835.8125282489,266.0883581253,0.4034740014,78,4.7315919283,284583.8744260463,-0.4514843454,2024-12-16,2025-04-07,112,2026-05-28,416.0000000000,528.0000000000,553,2021-11-19
actual_current,vo_qqq_cross_5_20_both_confirm,2010-02-11,2026-08-07,100000.0000000000,22947566.0047459304,228.4756600475,0.3906110353,68,4.1249775785,212145.3389882137,-0.4514843318,2024-12-16,2025-04-07,112,2026-05-26,414.0000000000,526.0000000000,570,2021-11-19
actual_current,vo_qqq_cross_10_50_trend_cap,2010-02-11,2026-08-07,100000.0000000000,1585191.5254542299,14.8519152545,0.1824932778,140,8.4926008969,49645.5302044786,-0.5668045290,2011-02-16,2011-12-14,301,2013-10-25,681.0000000000,982.0000000000,982,2011-02-16
actual_current,vo_qqq_cross_10_50_trend_floor,2010-02-11,2026-08-07,100000.0000000000,18840008.9371016957,187.4000893710,0.3740726156,92,5.5808520179,231511.0189962099,-0.6988789808,2021-11-19,2022-12-28,404,2024-03-01,429.0000000000,833.0000000000,833,2021-11-19
actual_current,vo_qqq_cross_10_50_blend,2010-02-11,2026-08-07,100000.0000000000,6367692.5860981448,62.6769258610,0.2865662134,198,12.0109641256,120429.0991328849,-0.5613859505,2011-02-16,2011-12-14,301,2013-09-18,644.0000000000,945.0000000000,945,2011-02-16
actual_current,vo_qqq_cross_10_50_bear_step_down,2010-02-11,2026-08-07,100000.0000000000,5557454.0646011718,54.5745406460,0.2759882490,158,9.5845067265,121301.1034541342,-0.4979118801,2011-02-16,2011-12-14,301,2013-08-02,597.0000000000,898.0000000000,898,2011-02-16
actual_current,vo_qqq_cross_10_50_bull_step_up,2010-02-11,2026-08-07,100000.0000000000,21515282.2327813506,214.1528223278,0.3851850107,100,6.0661434978,251806.3552191835,-0.6245829644,2021-11-19,2022-12-28,404,2023-12-13,350.0000000000,754.0000000000,754,2021-11-19
actual_current,vo_qqq_cross_10_50_cut_confirm,2010-02-11,2026-08-07,100000.0000000000,27466743.6399594769,273.6674363996,0.4058582791,80,4.8529147982,291786.8412403876,-0.5034450166,2021-11-19,2022-09-30,315,2023-06-14,257.0000000000,572.0000000000,572,2021-11-19
actual_current,vo_qqq_cross_10_50_raise_confirm,2010-02-11,2026-08-07,100000.0000000000,26496893.3952899426,263.9689339529,0.4027958855,74,4.4889461883,277006.6108034446,-0.4514846171,2024-12-16,2025-04-07,112,2026-05-28,416.0000000000,528.0000000000,560,2021-11-19
actual_current,vo_qqq_cross_10_50_both_confirm,2010-02-11,2026-08-07,100000.0000000000,26215126.3354195878,261.1512633542,0.4018864309,56,3.3970403587,198925.1343697898,-0.4514842955,2024-12-16,2025-04-07,112,2026-05-08,396.0000000000,508.0000000000,572,2021-11-19
actual_current,vo_qqq_cross_20_50_trend_cap,2010-02-11,2026-08-07,100000.0000000000,2196087.0742768589,20.9608707428,0.2061085254,130,7.8859865471,53590.2233994974,-0.5848137222,2014-09-18,2016-06-27,648,2017-11-08,499.0000000000,1147.0000000000,1147,2014-09-18
actual_current,vo_qqq_cross_20_50_trend_floor,2010-02-11,2026-08-07,100000.0000000000,16277572.8657950982,161.7757286580,0.3619407100,66,4.0036547085,161121.4719837515,-0.7133321384,2021-11-19,2022-12-28,404,2024-05-20,509.0000000000,913.0000000000,913,2021-11-19
actual_current,vo_qqq_cross_20_50_blend,2010-02-11,2026-08-07,100000.0000000000,6935363.7188106775,68.3536371881,0.2932482581,174,10.5550896861,111749.6663879533,-0.5522836186,2021-11-19,2022-12-28,404,2023-12-13,350.0000000000,754.0000000000,754,2021-11-19
actual_current,vo_qqq_cross_20_50_bear_step_down,2010-02-11,2026-08-07,100000.0000000000,7226708.9725659927,71.2670897257,0.2964805394,147,8.9172309417,138959.5711867108,-0.4227633297,2015-07-20,2016-06-27,343,2017-02-09,227.0000000000,570.0000000000,570,2015-07-20
actual_current,vo_qqq_cross_20_50_bull_step_up,2010-02-11,2026-08-07,100000.0000000000,21497936.1896242723,213.9793618962,0.3851172406,85,5.1562219731,216552.8967040350,-0.6639821033,2021-11-19,2022-12-28,404,2024-01-22,390.0000000000,794.0000000000,794,2021-11-19
actual_current,vo_qqq_cross_20_50_cut_confirm,2010-02-11,2026-08-07,100000.0000000000,21545774.5381741747,214.4577453817,0.3853040183,66,4.0036547085,171292.2913805588,-0.4921373849,2021-11-19,2022-09-30,315,2023-06-13,256.0000000000,571.0000000000,670,2024-07-10
actual_current,vo_qqq_cross_20_50_raise_confirm,2010-02-11,2026-08-07,100000.0000000000,24602821.9740837961,245.0282197408,0.3964988310,86,5.2168834081,296579.3171566291,-0.4789030860,2015-07-20,2016-06-27,343,2017-02-13,231.0000000000,574.0000000000,574,2015-07-20
actual_current,vo_qqq_cross_20_50_both_confirm,2010-02-11,2026-08-07,100000.0000000000,17855421.2265669033,177.5542122657,0.3696058600,54,3.2757174888,124635.6894798419,-0.4921368985,2021-11-19,2022-09-30,315,2023-06-14,257.0000000000,572.0000000000,670,2024-07-10
actual_current,vo_qqq_cross_20_100_trend_cap,2010-02-11,2026-08-07,100000.0000000000,6017956.8966712710,59.1795689667,0.2821650493,97,5.8841591928,86170.0147930184,-0.5695986962,2015-07-20,2016-06-27,343,2017-05-01,308.0000000000,651.0000000000,875,2011-04-27
actual_current,vo_qqq_cross_20_100_trend_floor,2010-02-11,2026-08-07,100000.0000000000,16566358.9663394112,164.6635896634,0.3633943768,57,3.4577017937,86930.7132797816,-0.6844823283,2020-02-19,2020-03-16,26,2021-02-05,326.0000000000,352.0000000000,767,2021-11-19
actual_current,vo_qqq_cross_20_100_blend,2010-02-11,2026-08-07,100000.0000000000,11716878.6315027606,116.1687863150,0.3350486761,134,8.1286322870,110207.2867819828,-0.5188313196,2021-11-19,2022-09-30,315,2023-07-13,286.0000000000,601.0000000000,601,2021-11-19
actual_current,vo_qqq_cross_20_100_bear_step_down,2010-02-11,2026-08-07,100000.0000000000,11824384.5284308195,117.2438452843,0.3357885635,107,6.4907735426,162146.1204232685,-0.5120438987,2015-07-20,2016-06-27,343,2017-03-01,247.0000000000,590.0000000000,590,2015-07-20
actual_current,vo_qqq_cross_20_100_bull_step_up,2010-02-11,2026-08-07,100000.0000000000,22785165.3524811417,226.8516535248,0.3900120485,68,4.1249775785,149375.9363863688,-0.6555549112,2021-11-19,2022-09-30,315,2023-12-26,452.0000000000,767.0000000000,767,2021-11-19
actual_current,vo_qqq_cross_20_100_cut_confirm,2010-02-11,2026-08-07,100000.0000000000,14523020.9821442068,144.2302098214,0.3525504648,57,3.4577017937,77273.2394269379,-0.6844820238,2020-02-19,2020-03-16,26,2021-07-06,477.0000000000,503.0000000000,605,2021-11-19
actual_current,vo_qqq_cross_20_100_raise_confirm,2010-02-11,2026-08-07,100000.0000000000,16374833.1809738167,162.7483318097,0.3624329774,79,4.7922533632,190171.5575637558,-0.5024512155,2015-07-20,2016-06-27,343,2017-02-21,239.0000000000,582.0000000000,582,2015-07-20
actual_current,vo_qqq_cross_20_100_both_confirm,2010-02-11,2026-08-07,100000.0000000000,8030433.7934172302,79.3043379342,0.3048007611,38,2.3051345291,32036.1973778396,-0.6844818079,2020-02-19,2020-03-16,26,2021-07-06,477.0000000000,503.0000000000,754,2021-11-19
actual_current,vo_qqq_cross_20_200_trend_cap,2010-02-11,2026-08-07,100000.0000000000,6853393.9163855556,67.5339391639,0.2923158590,98,5.9448206278,91052.4597671678,-0.6370552489,2015-07-20,2016-06-27,343,2017-08-31,430.0000000000,773.0000000000,773,2015-07-20
actual_current,vo_qqq_cross_20_200_trend_floor,2010-02-11,2026-08-07,100000.0000000000,17545769.6966007315,174.4576969660,0.3681531655,45,2.7297645740,78771.4695992589,-0.7161641459,2020-02-19,2020-04-28,69,2021-04-15,352.0000000000,421.0000000000,601,2021-11-19
actual_current,vo_qqq_cross_20_200_blend,2010-02-11,2026-08-07,100000.0000000000,13124165.9978720117,130.2416599787,0.3442661711,128,7.7646636771,111442.4756288242,-0.5423158330,2015-07-20,2016-06-27,343,2017-04-24,301.0000000000,644.0000000000,644,2015-07-20
actual_current,vo_qqq_cross_20_200_bear_step_down,2010-02-11,2026-08-07,100000.0000000000,12491666.2526279222,123.9166625263,0.3402443973,102,6.1874663677,158347.2916273735,-0.5604456902,2015-07-20,2016-06-27,343,2017-04-27,304.0000000000,647.0000000000,647,2015-07-20
actual_current,vo_qqq_cross_20_200_bull_step_up,2010-02-11,2026-08-07,100000.0000000000,24216809.3551528603,241.1680935515,0.3951597989,59,3.5790246637,138003.4202215441,-0.5610406011,2021-11-19,2022-09-30,315,2023-07-13,286.0000000000,601.0000000000,601,2021-11-19
actual_current,vo_qqq_cross_20_200_cut_confirm,2010-02-11,2026-08-07,100000.0000000000,14401025.4035813231,143.0102540358,0.3518585181,43,2.6084417040,71654.9249679983,-0.7046962912,2020-02-19,2020-06-11,113,2021-08-23,438.0000000000,551.0000000000,605,2021-11-19
actual_current,vo_qqq_cross_20_200_raise_confirm,2010-02-11,2026-08-07,100000.0000000000,23015040.2244005054,229.1504022440,0.3908587322,82,4.9742376682,251167.6973726249,-0.4995259167,2015-07-20,2016-06-27,343,2017-02-21,239.0000000000,582.0000000000,582,2015-07-20
actual_current,vo_qqq_cross_20_200_both_confirm,2010-02-11,2026-08-07,100000.0000000000,11191509.0296172760,110.9150902962,0.3313386053,27,1.6378587444,35989.9359975978,-0.7046963512,2020-02-19,2020-06-11,113,2021-08-23,438.0000000000,551.0000000000,645,2015-07-20
actual_current,vo_qqq_cross_50_100_trend_cap,2010-02-11,2026-08-07,100000.0000000000,9421515.0559193902,93.2151505592,0.3175072001,90,5.4595291480,145116.2477344968,-0.5924587738,2015-07-20,2016-06-27,343,2017-05-16,323.0000000000,666.0000000000,666,2015-07-20
actual_current,vo_qqq_cross_50_100_trend_floor,2010-02-11,2026-08-07,100000.0000000000,16634129.3143135700,165.3412931431,0.3637320634,50,3.0330717489,95414.5859403876,-0.6992206940,2020-02-19,2020-03-20,30,2021-04-15,391.0000000000,421.0000000000,753,2021-11-19
actual_current,vo_qqq_cross_50_100_blend,2010-02-11,2026-08-07,100000.0000000000,14392635.0190486517,142.9263501905,0.3518107266,129,7.8253251121,145724.8431299533,-0.5175484461,2015-07-20,2016-06-27,343,2017-03-01,247.0000000000,590.0000000000,590,2015-07-20
actual_current,vo_qqq_cross_50_100_bear_step_down,2010-02-11,2026-08-07,100000.0000000000,15546275.9846047983,154.4627598460,0.3581483199,104,6.3087892377,222531.6926329404,-0.5381213871,2015-07-20,2016-06-27,343,2017-04-24,301.0000000000,644.0000000000,644,2015-07-20
actual_current,vo_qqq_cross_50_100_bull_step_up,2010-02-11,2026-08-07,100000.0000000000,23899769.7200824842,237.9976972008,0.3940449445,65,3.9429932735,171416.0505470581,-0.6271986712,2021-11-19,2022-09-30,315,2023-07-17,290.0000000000,605.0000000000,605,2021-11-19
actual_current,vo_qqq_cross_50_100_cut_confirm,2010-02-11,2026-08-07,100000.0000000000,16447003.0909251422,163.4700309093,0.3627964819,49,2.9724103139,91121.6957306700,-0.6992208221,2020-02-19,2020-03-20,30,2021-06-22,459.0000000000,489.0000000000,606,2021-11-19
actual_current,vo_qqq_cross_50_100_raise_confirm,2010-02-11,2026-08-07,100000.0000000000,19282565.3049949184,191.8256530499,0.3760093235,79,4.7922533632,209410.0720524951,-0.5024864703,2015-07-20,2016-06-27,343,2017-02-21,239.0000000000,582.0000000000,582,2015-07-20
actual_current,vo_qqq_cross_50_100_both_confirm,2010-02-11,2026-08-07,100000.0000000000,10578913.5009518396,104.7891350095,0.3268001138,32,1.9411659193,48709.6154457601,-0.6992200527,2020-02-19,2020-03-20,30,2021-06-28,465.0000000000,495.0000000000,645,2015-07-20
actual_current,vo_qqq_cross_50_150_trend_cap,2010-02-11,2026-08-07,100000.0000000000,9268252.1980634220,91.6825219806,0.3161970460,82,4.9742376682,155552.3828754713,-0.5679045558,2015-07-20,2016-06-27,343,2017-05-01,308.0000000000,651.0000000000,651,2015-07-20
actual_current,vo_qqq_cross_50_150_trend_floor,2010-02-11,2026-08-07,100000.0000000000,19320516.8741531856,192.2051687415,0.3761734573,44,2.6691031390,90866.3461160144,-0.6992201239,2020-02-19,2020-03-20,30,2020-08-31,164.0000000000,194.0000000000,605,2021-11-19
actual_current,vo_qqq_cross_50_150_blend,2010-02-11,2026-08-07,100000.0000000000,15129470.0172363967,150.2947001724,0.3559111578,119,7.2187107623,148522.7468314618,-0.5194252234,2015-07-20,2016-06-27,343,2017-03-15,261.0000000000,604.0000000000,604,2015-07-20
actual_current,vo_qqq_cross_50_150_bear_step_down,2010-02-11,2026-08-07,100000.0000000000,14821798.4566202555,147.2179845662,0.3542223092,93,5.6415134529,230939.5487903848,-0.5208784466,2015-07-20,2016-06-27,343,2017-03-15,261.0000000000,604.0000000000,604,2015-07-20
actual_current,vo_qqq_cross_50_150_bull_step_up,2010-02-11,2026-08-07,100000.0000000000,23558294.9347862452,234.5829493479,0.3928285176,59,3.5790246637,153545.9363907299,-0.5795202974,2024-12-16,2025-04-07,112,,,,601,2021-11-19
actual_current,vo_qqq_cross_50_150_cut_confirm,2010-02-11,2026-08-07,100000.0000000000,16315305.3293315582,162.1530532933,0.3621320140,44,2.6691031390,80932.1407560055,-0.6992200025,2020-02-19,2020-03-20,30,2020-09-01,165.0000000000,195.0000000000,754,2021-11-19
actual_current,vo_qqq_cross_50_150_raise_confirm,2010-02-11,2026-08-07,100000.0000000000,17581510.8493767790,174.8151084938,0.3683220650,79,4.7922533632,210621.7858727073,-0.4949881686,2015-07-20,2016-06-27,343,2017-02-17,235.0000000000,578.0000000000,599,2024-12-16
actual_current,vo_qqq_cross_50_150_both_confirm,2010-02-11,2026-08-07,100000.0000000000,9791415.2399835661,96.9141523998,0.3205885971,25,1.5165358744,34852.2228103863,-0.6992206712,2020-02-19,2020-03-20,30,2020-09-02,166.0000000000,196.0000000000,659,2015-07-20
actual_current,vo_qqq_cross_50_200_trend_cap,2010-02-11,2026-08-07,100000.0000000000,15010413.1636363678,149.1041316364,0.3552614995,85,5.1562219731,170982.3704536428,-0.5104929603,2015-07-20,2016-06-27,343,2017-03-01,247.0000000000,590.0000000000,590,2015-07-20
actual_current,vo_qqq_cross_50_200_trend_floor,2010-02-11,2026-08-07,100000.0000000000,26762809.4280114993,266.6280942801,0.4036458839,36,2.1838116592,77816.2500395681,-0.6992204685,2020-02-19,2020-03-20,30,2020-08-26,159.0000000000,189.0000000000,600,2021-11-19
actual_current,vo_qqq_cross_50_200_blend,2010-02-11,2026-08-07,100000.0000000000,22506598.4970314577,224.0659849703,0.3889752010,115,6.9760650224,149867.0487087515,-0.5126531569,2024-12-16,2025-04-08,113,2026-05-06,393.0000000000,506.0000000000,574,2015-07-20
actual_current,vo_qqq_cross_50_200_bear_step_down,2010-02-11,2026-08-07,100000.0000000000,21336734.1764175370,212.3673417642,0.3844849639,90,5.4595291480,237917.8195792450,-0.4912642505,2015-07-20,2016-06-27,343,2017-02-15,233.0000000000,576.0000000000,576,2015-07-20
actual_current,vo_qqq_cross_50_200_bull_step_up,2010-02-11,2026-08-07,100000.0000000000,30675811.9110425413,305.7581191104,0.4153133979,52,3.1543946188,140600.6343133441,-0.5921945093,2024-12-16,2025-04-08,113,2026-05-08,395.0000000000,508.0000000000,573,2021-11-19
actual_current,vo_qqq_cross_50_200_cut_confirm,2010-02-11,2026-08-07,100000.0000000000,21394198.4548596591,212.9419845486,0.3847108670,37,2.2444730942,68873.4328740910,-0.6992200323,2020-02-19,2020-03-20,30,2020-09-01,165.0000000000,195.0000000000,753,2021-11-19
actual_current,vo_qqq_cross_50_200_raise_confirm,2010-02-11,2026-08-07,100000.0000000000,20500261.1424737535,204.0026114247,0.3811302649,81,4.9135762332,231625.2731843608,-0.4575736247,2015-07-20,2016-02-09,204,2017-01-25,351.0000000000,555.0000000000,555,2015-07-20
actual_current,vo_qqq_cross_50_200_both_confirm,2010-02-11,2026-08-07,100000.0000000000,14827518.2198514715,147.2751821985,0.3542540049,20,1.2132286996,29594.8004147316,-0.6992195630,2020-02-19,2020-03-20,30,2020-09-01,165.0000000000,195.0000000000,604,2015-07-20
actual_current,vo_qqq_cross_100_200_trend_cap,2010-02-11,2026-08-07,100000.0000000000,11636276.0157363247,115.3627601574,0.3344897503,91,5.5201905830,169163.8216101351,-0.5001715742,2024-12-16,2026-03-30,469,,,,599,2024-12-16
actual_current,vo_qqq_cross_100_200_trend_floor,2010-02-11,2026-08-07,100000.0000000000,67641403.7630273402,675.4140376303,0.4848574364,24,1.4558744395,90862.9342460993,-0.6992203284,2020-02-19,2020-03-20,30,2020-07-10,112.0000000000,142.0000000000,754,2021-11-19
actual_current,vo_qqq_cross_100_200_blend,2010-02-11,2026-08-07,100000.0000000000,32290063.8356111124,321.9006383561,0.4197233336,112,6.7940807175,201210.0122586358,-0.5126526456,2024-12-16,2025-04-08,113,2025-10-27,202.0000000000,315.0000000000,572,2021-11-19
actual_current,vo_qqq_cross_100_200_bear_step_down,2010-02-11,2026-08-07,100000.0000000000,17999436.3684136346,178.9943636841,0.3702734450,94,5.7021748879,227419.0837831185,-0.4494819173,2024-12-16,2025-04-07,112,2026-06-01,420.0000000000,532.0000000000,553,2021-11-19
actual_current,vo_qqq_cross_100_200_bull_step_up,2010-02-11,2026-08-07,100000.0000000000,47949010.9615745321,478.4901096157,0.4541859378,45,2.7297645740,172311.7440588934,-0.5921943901,2024-12-16,2025-04-08,113,2025-10-28,203.0000000000,316.0000000000,606,2021-11-19
actual_current,vo_qqq_cross_100_200_cut_confirm,2010-02-11,2026-08-07,100000.0000000000,62157733.7924157009,620.5773379242,0.4772616573,24,1.4558744395,83614.5903720387,-0.6992205014,2020-02-19,2020-03-20,30,2020-07-10,112.0000000000,142.0000000000,754,2021-11-19
actual_current,vo_qqq_cross_100_200_raise_confirm,2010-02-11,2026-08-07,100000.0000000000,19424796.6706176549,193.2479667062,0.3766228942,83,5.0348991031,217469.5243626598,-0.4494816367,2024-12-16,2025-04-07,112,2026-05-14,402.0000000000,514.0000000000,553,2021-11-19
actual_current,vo_qqq_cross_100_200_both_confirm,2010-02-11,2026-08-07,100000.0000000000,40670230.3385143727,405.7023033851,0.4397346760,9,0.5459529148,19620.0776289308,-0.6992198910,2020-02-19,2020-03-20,30,2020-07-10,112.0000000000,142.0000000000,606,2021-11-19
actual_current,vo_qqq_cross_100_250_trend_cap,2010-02-11,2026-08-07,100000.0000000000,19443475.6905565709,193.4347569056,0.3767031598,91,5.5201905830,236111.2640048972,-0.4494813904,2024-12-16,2025-04-07,112,2026-05-14,402.0000000000,514.0000000000,570,2021-11-19
actual_current,vo_qqq_cross_100_250_trend_floor,2010-02-11,2026-08-07,100000.0000000000,47539863.6440899000,474.3986364409,0.4534301858,17,1.0312443946,46954.1381673531,-0.6992203258,2020-02-19,2020-03-20,30,2020-07-10,112.0000000000,142.0000000000,812,2021-11-19
actual_current,vo_qqq_cross_100_250_blend,2010-02-11,2026-08-07,100000.0000000000,34487816.8653902411,343.8781686539,0.4254055422,105,6.3694506726,187895.5936870444,-0.5126529141,2024-12-16,2025-04-08,113,2025-09-19,164.0000000000,277.0000000000,606,2021-11-19
actual_current,vo_qqq_cross_100_250_bear_step_down,2010-02-11,2026-08-07,100000.0000000000,22338485.2936185524,222.3848529362,0.3883436223,94,5.7021748879,269960.7406747322,-0.4494815568,2024-12-16,2025-04-07,112,2026-05-14,402.0000000000,514.0000000000,570,2021-11-19
actual_current,vo_qqq_cross_100_250_bull_step_up,2010-02-11,2026-08-07,100000.0000000000,39150742.8815745413,390.5074288157,0.4364130079,42,2.5477802691,147183.7404554055,-0.6390411001,2021-11-19,2022-09-30,315,2024-01-19,476.0000000000,791.0000000000,791,2021-11-19
actual_current,vo_qqq_cross_100_250_cut_confirm,2010-02-11,2026-08-07,100000.0000000000,47539863.6440899000,474.3986364409,0.4534301858,17,1.0312443946,46954.1381673531,-0.6992203258,2020-02-19,2020-03-20,30,2020-07-10,112.0000000000,142.0000000000,812,2021-11-19
actual_current,vo_qqq_cross_100_250_raise_confirm,2010-02-11,2026-08-07,100000.0000000000,23029843.9100520164,229.2984391005,0.3909129851,88,5.3382062780,276935.5055349544,-0.4494818006,2024-12-16,2025-04-07,112,2026-05-14,402.0000000000,514.0000000000,570,2021-11-19
actual_current,vo_qqq_cross_100_250_both_confirm,2010-02-11,2026-08-07,100000.0000000000,36766217.5960645080,366.6621759606,0.4309478777,7,0.4246300448,17876.9188018988,-0.6992203279,2020-02-19,2020-03-20,30,2020-07-10,112.0000000000,142.0000000000,833,2021-11-19
actual_current,vo_qqq_triple_5_20_100_trend_cap,2010-02-11,2026-08-07,100000.0000000000,4613264.5393349603,45.1326453933,0.2616565156,245,14.8620515695,142063.6234570068,-0.4771528024,2015-03-02,2016-06-27,483,2017-06-01,339.0000000000,822.0000000000,822,2015-03-02
actual_current,vo_qqq_triple_5_20_100_trend_floor,2010-02-11,2026-08-07,100000.0000000000,40326047.0910190642,402.2604709102,0.4389926135,117,7.0973878924,550417.5626217437,-0.5942810547,2021-11-19,2022-12-28,404,2023-12-13,350.0000000000,754.0000000000,754,2021-11-19
actual_current,vo_qqq_triple_5_20_100_blend,2010-02-11,2026-08-07,100000.0000000000,14447587.3952194601,143.4758739522,0.3521232605,358,21.7167937220,302159.2219888334,-0.4789596286,2021-11-19,2022-12-28,404,2023-06-15,169.0000000000,573.0000000000,573,2021-11-19
actual_current,vo_qqq_triple_5_20_100_bear_step_down,2010-02-11,2026-08-07,100000.0000000000,11549038.6404428966,114.4903864044,0.3338807039,318,19.2903363229,293133.7817495232,-0.4141326585,2015-07-20,2016-06-27,343,2017-02-13,231.0000000000,574.0000000000,574,2015-07-20
actual_current,vo_qqq_triple_5_20_100_bull_step_up,2010-02-11,2026-08-07,100000.0000000000,38743954.3970475048,386.4395439705,0.4355032012,161,9.7664910314,417679.3219450082,-0.6011314606,2021-11-19,2022-12-28,404,2023-07-18,202.0000000000,606.0000000000,606,2021-11-19
actual_current,vo_qqq_triple_5_20_100_cut_confirm,2010-02-11,2026-08-07,100000.0000000000,12524721.1929543763,124.2472119295,0.3404592662,55,3.3363789238,69969.5309972491,-0.6844815727,2020-02-19,2020-03-16,26,2021-07-06,477.0000000000,503.0000000000,754,2021-11-19
actual_current,vo_qqq_triple_5_20_100_raise_confirm,2010-02-11,2026-08-07,100000.0000000000,14401748.8069525361,143.0174880695,0.3518626374,69,4.1856390135,157024.2966851617,-0.5024510365,2015-07-20,2016-06-27,343,2017-02-21,239.0000000000,582.0000000000,582,2015-07-20
actual_current,vo_qqq_triple_5_20_100_both_confirm,2010-02-11,2026-08-07,100000.0000000000,7518385.7245119829,74.1838572451,0.2995961336,36,2.1838116592,30187.2907480144,-0.6844809965,2020-02-19,2020-03-16,26,2021-07-06,477.0000000000,503.0000000000,754,2021-11-19
actual_current,vo_qqq_triple_10_50_200_trend_cap,2010-02-11,2026-08-07,100000.0000000000,5474893.2396487314,53.7489323965,0.2748302547,131,7.9466479821,85290.0133362654,-0.5061483836,2011-02-16,2011-12-19,306,2013-05-10,508.0000000000,814.0000000000,814,2011-02-16
actual_current,vo_qqq_triple_10_50_200_trend_floor,2010-02-11,2026-08-07,100000.0000000000,24220587.7294361815,241.2058772944,0.3951730025,84,5.0955605381,216477.0912048154,-0.5848427854,2021-11-19,2022-12-28,404,2023-07-13,197.0000000000,601.0000000000,601,2021-11-19
actual_current,vo_qqq_triple_10_50_200_blend,2010-02-11,2026-08-07,100000.0000000000,12960883.3901067805,128.6088339011,0.3432456618,211,12.7995627803,151178.8347730735,-0.4665648722,2011-02-16,2011-12-19,306,2013-05-02,500.0000000000,806.0000000000,806,2011-02-16
actual_current,vo_qqq_triple_10_50_200_bear_step_down,2010-02-11,2026-08-07,100000.0000000000,11444477.0158811510,113.4447701588,0.3331449885,182,11.0403811659,180573.6042813133,-0.4417005241,2015-07-20,2016-06-27,343,2017-02-15,233.0000000000,576.0000000000,576,2011-02-16
actual_current,vo_qqq_triple_10_50_200_bull_step_up,2010-02-11,2026-08-07,100000.0000000000,27552447.3411529213,274.5244734115,0.4061239910,114,6.9154035874,216318.0543956792,-0.5911073632,2021-11-19,2022-12-28,404,2023-07-17,201.0000000000,605.0000000000,605,2021-11-19
actual_current,vo_qqq_triple_10_50_200_cut_confirm,2010-02-11,2026-08-07,100000.0000000000,29261890.6058905199,291.6189060589,0.4112678292,34,2.0624887892,85223.7141265735,-0.6992200323,2020-02-19,2020-03-20,30,2020-07-10,112.0000000000,142.0000000000,753,2021-11-19
actual_current,vo_qqq_triple_10_50_200_raise_confirm,2010-02-11,2026-08-07,100000.0000000000,15442224.1283440664,153.4222412834,0.3575951580,69,4.1856390135,160069.2790494035,-0.4853606525,2024-12-16,2026-03-30,469,,,,599,2024-12-16
actual_current,vo_qqq_triple_10_50_200_both_confirm,2010-02-11,2026-08-07,100000.0000000000,20612281.2535666376,205.1228125357,0.3815869027,17,1.0312443946,35536.2669091263,-0.6992204516,2020-02-19,2020-03-20,30,2020-07-10,112.0000000000,142.0000000000,604,2015-07-20
actual_current,vo_qqq_triple_20_50_200_trend_cap,2010-02-11,2026-08-07,100000.0000000000,6490573.2240094990,63.9057322401,0.2880588047,131,7.9466479821,107207.2513550136,-0.4825285605,2015-07-20,2016-06-27,343,2017-03-15,261.0000000000,604.0000000000,604,2015-07-20
actual_current,vo_qqq_triple_20_50_200_trend_floor,2010-02-11,2026-08-07,100000.0000000000,22040985.6682678871,219.4098566827,0.3872149345,66,4.0036547085,128660.6972429790,-0.5713006520,2020-02-19,2020-03-20,30,2020-08-18,151.0000000000,181.0000000000,600,2021-11-19
actual_current,vo_qqq_triple_20_50_200_blend,2010-02-11,2026-08-07,100000.0000000000,13464628.0335263386,133.6462803353,0.3463562329,191,11.5863340807,140518.2595102310,-0.4859942806,2021-11-19,2022-12-28,404,2023-06-15,169.0000000000,573.0000000000,573,2021-11-19
actual_current,vo_qqq_triple_20_50_200_bear_step_down,2010-02-11,2026-08-07,100000.0000000000,12984966.9804181103,128.8496698042,0.3433969399,165,10.0091367713,188968.3157725268,-0.4545352055,2015-07-20,2016-06-27,343,2017-02-13,231.0000000000,574.0000000000,574,2015-07-20
actual_current,vo_qqq_triple_20_50_200_bull_step_up,2010-02-11,2026-08-07,100000.0000000000,27443213.7108260058,273.4321371083,0.4057851918,99,6.0054820628,188134.1249404215,-0.6132481273,2021-11-19,2022-12-28,404,2023-12-12,349.0000000000,753.0000000000,753,2021-11-19
actual_current,vo_qqq_triple_20_50_200_cut_confirm,2010-02-11,2026-08-07,100000.0000000000,30534276.9452413581,304.3427694524,0.4149164112,30,1.8198430493,73673.4224556444,-0.6992200323,2020-02-19,2020-03-20,30,2020-07-10,112.0000000000,142.0000000000,605,2021-11-19
actual_current,vo_qqq_triple_20_50_200_raise_confirm,2010-02-11,2026-08-07,100000.0000000000,16688197.7201270908,165.8819772013,0.3640005503,75,4.5496076233,185101.4914869848,-0.4575735560,2015-07-20,2016-02-09,204,2017-01-25,351.0000000000,555.0000000000,555,2015-07-20
actual_current,vo_qqq_triple_20_50_200_both_confirm,2010-02-11,2026-08-07,100000.0000000000,20396450.8698134422,202.9645086981,0.3807049963,17,1.0312443946,35169.0214736192,-0.6992189565,2020-02-19,2020-03-20,30,2020-07-10,112.0000000000,142.0000000000,604,2015-07-20
actual_current,vo_qqq_triple_20_100_200_trend_cap,2010-02-11,2026-08-07,100000.0000000000,8575989.6292328723,84.7598962923,0.3100135768,100,6.0661434978,117809.7540786917,-0.4494815655,2024-12-16,2025-04-07,112,2026-05-26,414.0000000000,526.0000000000,748,2011-04-27
actual_current,vo_qqq_triple_20_100_200_trend_floor,2010-02-11,2026-08-07,100000.0000000000,37867348.6058145314,377.6734860581,0.4335117216,51,3.0937331839,119379.5314110943,-0.6844823258,2020-02-19,2020-03-16,26,2020-08-26,163.0000000000,189.0000000000,606,2021-11-19
actual_current,vo_qqq_triple_20_100_200_blend,2010-02-11,2026-08-07,100000.0000000000,21670683.9841134362,215.7068398411,0.3857898784,148,8.9778923767,159950.7247096575,-0.4871618162,2020-02-19,2020-03-20,30,2020-08-18,151.0000000000,181.0000000000,573,2021-11-19
actual_current,vo_qqq_triple_20_100_200_bear_step_down,2010-02-11,2026-08-07,100000.0000000000,14914435.2838773262,148.1443528388,0.3547342430,127,7.7040022422,194264.1844880691,-0.4044293480,2015-07-20,2016-06-27,343,2017-01-25,212.0000000000,555.0000000000,559,2021-11-19
actual_current,vo_qqq_triple_20_100_200_bull_step_up,2010-02-11,2026-08-07,100000.0000000000,36986773.8212403357,368.8677382124,0.4314671393,75,4.5496076233,173754.2094499788,-0.6141411125,2021-11-19,2022-09-30,315,2023-12-13,439.0000000000,754.0000000000,754,2021-11-19
actual_current,vo_qqq_triple_20_100_200_cut_confirm,2010-02-11,2026-08-07,100000.0000000000,65847049.0297888815,657.4704902979,0.4824377221,22,1.3345515695,87511.5213373515,-0.6992207322,2020-02-19,2020-03-20,30,2020-07-10,112.0000000000,142.0000000000,754,2021-11-19
actual_current,vo_qqq_triple_20_100_200_raise_confirm,2010-02-11,2026-08-07,100000.0000000000,11330942.9733428545,112.3094297334,0.3323389570,75,4.5496076233,125420.2816327236,-0.4855109380,2015-07-20,2016-02-09,204,2017-03-13,398.0000000000,602.0000000000,602,2015-07-20
actual_current,vo_qqq_triple_20_100_200_both_confirm,2010-02-11,2026-08-07,100000.0000000000,43084110.2478859276,429.8411024789,0.4447791221,7,0.4246300448,19969.4826558141,-0.6992205538,2020-02-19,2020-03-20,30,2020-07-10,112.0000000000,142.0000000000,606,2021-11-19
actual_current,vo_qqq_triple_50_100_200_trend_cap,2010-02-11,2026-08-07,100000.0000000000,12141173.6340340395,120.4117363403,0.3379326223,98,5.9448206278,154041.4168467094,-0.4494810355,2024-12-16,2025-04-07,112,2026-05-28,416.0000000000,528.0000000000,569,2015-07-20
actual_current,vo_qqq_triple_50_100_200_trend_floor,2010-02-11,2026-08-07,100000.0000000000,34612394.1630633473,345.1239416306,0.4257173512,45,2.7297645740,128737.2468908867,-0.6992202475,2020-02-19,2020-03-20,30,2020-08-26,159.0000000000,189.0000000000,754,2021-11-19
actual_current,vo_qqq_triple_50_100_200_blend,2010-02-11,2026-08-07,100000.0000000000,23801764.1824819930,237.0176418248,0.3936975009,142,8.6139237668,177032.3808993471,-0.4909420361,2020-02-19,2020-03-20,30,2020-08-24,157.0000000000,187.0000000000,571,2021-11-19
actual_current,vo_qqq_triple_50_100_200_bear_step_down,2010-02-11,2026-08-07,100000.0000000000,17217449.3479705304,171.1744934797,0.3665863447,125,7.5826793722,229548.2223594678,-0.4178007405,2015-07-20,2016-06-27,343,2017-02-08,226.0000000000,569.0000000000,569,2015-07-20
actual_current,vo_qqq_triple_50_100_200_bull_step_up,2010-02-11,2026-08-07,100000.0000000000,37175318.0726702958,370.7531807267,0.4319087335,72,4.3676233184,186570.9950885507,-0.6038850160,2021-11-19,2022-09-30,315,2023-07-18,291.0000000000,606.0000000000,606,2021-11-19
actual_current,vo_qqq_triple_50_100_200_cut_confirm,2010-02-11,2026-08-07,100000.0000000000,62689227.9116922915,625.8922791169,0.4780248520,20,1.2132286996,77425.1784852286,-0.6992207322,2020-02-19,2020-03-20,30,2020-07-10,112.0000000000,142.0000000000,759,2021-11-19
actual_current,vo_qqq_triple_50_100_200_raise_confirm,2010-02-11,2026-08-07,100000.0000000000,9481751.7600160111,93.8175176002,0.3180166547,73,4.4282847534,120843.9771684510,-0.5339174797,2024-12-16,2026-03-30,469,,,,602,2015-07-20
actual_current,vo_qqq_triple_50_100_200_both_confirm,2010-02-11,2026-08-07,100000.0000000000,43084110.2478859276,429.8411024789,0.4447791221,7,0.4246300448,19969.4826558141,-0.6992205538,2020-02-19,2020-03-20,30,2020-07-10,112.0000000000,142.0000000000,606,2021-11-19
actual_current,vo_qqq_triple_50_150_200_trend_cap,2010-02-11,2026-08-07,100000.0000000000,11201935.9269666374,111.0193592697,0.3314138157,94,5.7021748879,131199.8213406423,-0.4809642496,2015-07-20,2016-06-27,343,2017-05-05,312.0000000000,655.0000000000,655,2015-07-20
actual_current,vo_qqq_triple_50_150_200_trend_floor,2010-02-11,2026-08-07,100000.0000000000,30072659.6952624694,299.7265969526,0.4136095156,41,2.4871188341,96246.2239732013,-0.6992205991,2020-02-19,2020-03-20,30,2020-08-20,153.0000000000,183.0000000000,767,2021-11-19
actual_current,vo_qqq_triple_50_150_200_blend,2010-02-11,2026-08-07,100000.0000000000,20147841.3506536633,200.4784135065,0.3796782208,133,8.0679708520,144594.3504591511,-0.4975115119,2024-12-16,2025-04-07,112,2025-10-29,205.0000000000,317.0000000000,576,2015-07-20
actual_current,vo_qqq_triple_50_150_200_bear_step_down,2010-02-11,2026-08-07,100000.0000000000,15216610.3330041543,151.1661033300,0.3563836202,114,6.9154035874,202802.5535545497,-0.4494816329,2024-12-16,2025-04-07,112,,,,599,2024-12-16
actual_current,vo_qqq_triple_50_150_200_bull_step_up,2010-02-11,2026-08-07,100000.0000000000,31401661.9908720255,313.0166199087,0.4173226575,67,4.0643161435,151198.3942821459,-0.5925909438,2021-11-19,2022-09-30,315,2023-12-12,438.0000000000,753.0000000000,753,2021-11-19
actual_current,vo_qqq_triple_50_150_200_cut_confirm,2010-02-11,2026-08-07,100000.0000000000,47565710.0609046295,474.6571006090,0.4534781082,20,1.2132286996,51089.0211723095,-0.6992206547,2020-02-19,2020-03-20,30,2020-07-10,112.0000000000,142.0000000000,796,2021-11-19
actual_current,vo_qqq_triple_50_150_200_raise_confirm,2010-02-11,2026-08-07,100000.0000000000,9958945.3214270286,98.5894532143,0.3219483560,73,4.4282847534,125001.4960593171,-0.4949884204,2015-07-20,2016-06-27,343,2017-02-17,235.0000000000,578.0000000000,654,2011-07-22
actual_current,vo_qqq_triple_50_150_200_both_confirm,2010-02-11,2026-08-07,100000.0000000000,28544575.6111585759,284.4457561116,0.4091446776,8,0.4852914798,12038.9380502921,-0.6992206830,2020-02-19,2020-03-20,30,2020-07-10,112.0000000000,142.0000000000,833,2021-11-19
actual_current,vo_tqqq_price_sma_20_trend_cap,2010-02-11,2026-08-07,100000.0000000000,1225508.2836714806,11.2550828367,0.1641764923,455,27.6009529148,202014.3398743185,-0.4256494291,2015-03-02,2016-02-18,353,2018-01-22,704.0000000000,1057.0000000000,1057,2015-03-02
actual_current,vo_tqqq_price_sma_20_trend_floor,2010-02-11,2026-08-07,100000.0000000000,39666618.6212805510,395.6661862128,0.4375541083,181,10.9797197309,806782.2713943174,-0.6275043891,2021-11-19,2022-12-28,404,2023-07-18,202.0000000000,606.0000000000,668,2018-01-26
actual_current,vo_tqqq_price_sma_20_blend,2010-02-11,2026-08-07,100000.0000000000,8265914.2640581392,81.6591426406,0.3070903762,540,32.7571748879,511733.8081779407,-0.4674209376,2021-11-19,2022-12-28,404,2023-06-12,166.0000000000,570.0000000000,709,2015-03-02
actual_current,vo_tqqq_price_sma_20_bear_step_down,2010-02-11,2026-08-07,100000.0000000000,6091804.9828431709,59.9180498284,0.2831140277,478,28.9961659193,429367.2780564254,-0.3808781064,2025-10-29,2026-03-30,152,,,,714,2015-03-02
actual_current,vo_tqqq_price_sma_20_bull_step_up,2010-02-11,2026-08-07,100000.0000000000,38802696.8509616479,387.0269685096,0.4356351349,186,11.2830269058,760088.3745174337,-0.5725595414,2021-11-19,2022-12-28,404,2023-06-15,169.0000000000,573.0000000000,658,2018-01-26
actual_current,vo_tqqq_price_sma_20_cut_confirm,2010-02-11,2026-08-07,100000.0000000000,23174398.8481087312,230.7439884811,0.3914410381,86,5.2168834081,266652.2381526406,-0.5168512081,2021-11-19,2022-12-28,404,2023-07-13,197.0000000000,601.0000000000,601,2021-11-19
actual_current,vo_tqqq_price_sma_20_raise_confirm,2010-02-11,2026-08-07,100000.0000000000,25719503.9963890910,256.1950399639,0.4002642058,78,4.7315919283,280309.7663897814,-0.4514845455,2024-12-16,2025-04-07,112,2026-05-26,414.0000000000,526.0000000000,553,2021-11-19
actual_current,vo_tqqq_price_sma_20_both_confirm,2010-02-11,2026-08-07,100000.0000000000,20687531.8827307746,205.8753188273,0.3818923465,66,4.0036547085,193528.8557947607,-0.4514845900,2024-12-16,2025-04-07,112,2026-05-26,414.0000000000,526.0000000000,572,2021-11-19
actual_current,vo_tqqq_price_sma_50_trend_cap,2010-02-11,2026-08-07,100000.0000000000,2818380.1581682544,27.1838015817,0.2245007481,296,17.9557847534,154059.3934807733,-0.5653662876,2014-11-28,2016-07-06,586,2018-01-12,555.0000000000,1141.0000000000,1141,2014-11-28
actual_current,vo_tqqq_price_sma_50_trend_floor,2010-02-11,2026-08-07,100000.0000000000,26352885.2173792273,262.5288521738,0.4023322140,155,9.4025224215,654596.7589602325,-0.6393241341,2021-11-19,2022-12-28,404,2024-01-19,387.0000000000,791.0000000000,791,2021-11-19
actual_current,vo_tqqq_price_sma_50_blend,2010-02-11,2026-08-07,100000.0000000000,9607798.1866414901,95.0779818664,0.3190729338,382,23.1726681614,348063.2488693566,-0.4643074739,2021-11-19,2022-12-28,404,2023-06-15,169.0000000000,573.0000000000,824,2014-11-28
actual_current,vo_tqqq_price_sma_50_bear_step_down,2010-02-11,2026-08-07,100000.0000000000,8955558.7491873577,88.5555874919,0.3134596742,320,19.4116591928,332487.3880967727,-0.4298894181,2014-11-28,2016-06-27,577,2017-04-24,301.0000000000,878.0000000000,878,2014-11-28
actual_current,vo_tqqq_price_sma_50_bull_step_up,2010-02-11,2026-08-07,100000.0000000000,30151000.1918895543,300.5100019189,0.4138326291,162,9.8271524664,660018.0527634780,-0.5940310147,2021-11-19,2022-12-28,404,2023-12-13,350.0000000000,754.0000000000,754,2021-11-19
actual_current,vo_tqqq_price_sma_50_cut_confirm,2010-02-11,2026-08-07,100000.0000000000,32702048.4011234567,326.0204840112,0.4208156275,84,5.0955605381,353632.0450928624,-0.4929695414,2021-11-19,2022-09-30,315,2023-06-13,256.0000000000,571.0000000000,571,2021-11-19
actual_current,vo_tqqq_price_sma_50_raise_confirm,2010-02-11,2026-08-07,100000.0000000000,25169019.0648727268,250.6901906487,0.3984276242,76,4.6102690583,271281.6316685906,-0.4514843546,2024-12-16,2025-04-07,112,2026-05-26,414.0000000000,526.0000000000,557,2021-11-19
actual_current,vo_tqqq_price_sma_50_both_confirm,2010-02-11,2026-08-07,100000.0000000000,28557543.3376893625,284.5754333769,0.4091835029,62,3.7610089686,247438.2091907596,-0.4514845533,2024-12-16,2025-04-07,112,2026-05-26,414.0000000000,526.0000000000,570,2021-11-19
actual_current,vo_tqqq_price_sma_100_trend_cap,2010-02-11,2026-08-07,100000.0000000000,1418145.4008344491,13.1814540083,0.1745324881,246,14.9227130045,78689.8225343683,-0.4470562257,2018-01-26,2019-10-08,620,2020-02-14,129.0000000000,749.0000000000,1013,2020-09-02
actual_current,vo_tqqq_price_sma_100_trend_floor,2010-02-11,2026-08-07,100000.0000000000,20977093.0484306887,208.7709304843,0.3830580278,134,8.1286322870,314266.7520378641,-0.6030884691,2021-11-19,2022-09-30,315,2023-07-18,291.0000000000,606.0000000000,667,2024-07-10
actual_current,vo_tqqq_price_sma_100_blend,2010-02-11,2026-08-07,100000.0000000000,6051231.9914117930,59.5123199141,0.2825939943,300,18.1984304933,181715.2358857095,-0.4634701871,2021-11-19,2022-09-30,315,2023-06-14,257.0000000000,572.0000000000,706,2018-01-26
actual_current,vo_tqqq_price_sma_100_bear_step_down,2010-02-11,2026-08-07,100000.0000000000,4985900.4889222179,48.8590048892,0.2676155654,267,16.1966031390,175820.4855557522,-0.4200364424,2015-07-20,2016-06-27,343,2017-02-17,235.0000000000,578.0000000000,578,2015-07-20
actual_current,vo_tqqq_price_sma_100_bull_step_up,2010-02-11,2026-08-07,100000.0000000000,21263408.0468244925,211.6340804682,0.3841958735,141,8.5532623318,337663.2666681543,-0.6030887258,2021-11-19,2022-09-30,315,2023-07-18,291.0000000000,606.0000000000,665,2024-07-10
actual_current,vo_tqqq_price_sma_100_cut_confirm,2010-02-11,2026-08-07,100000.0000000000,23345092.7960098684,232.4509279601,0.3920606065,76,4.6102690583,197188.9947955898,-0.4903894288,2021-11-19,2022-09-30,315,2023-06-13,256.0000000000,571.0000000000,571,2021-11-19
actual_current,vo_tqqq_price_sma_100_raise_confirm,2010-02-11,2026-08-07,100000.0000000000,17597746.3983755857,174.9774639838,0.3683986817,76,4.6102690583,208691.4835293802,-0.4944911712,2015-07-20,2016-06-27,343,2017-02-17,235.0000000000,578.0000000000,578,2015-07-20
actual_current,vo_tqqq_price_sma_100_both_confirm,2010-02-11,2026-08-07,100000.0000000000,13846896.8586780801,137.4689685868,0.3486445846,54,3.2757174888,98295.2351908644,-0.4944918873,2015-07-20,2016-06-27,343,2017-02-17,235.0000000000,578.0000000000,578,2015-07-20
actual_current,vo_tqqq_price_sma_150_trend_cap,2010-02-11,2026-08-07,100000.0000000000,4074958.0209818990,39.7495802098,0.2521961960,193,11.7076569507,112010.5526682947,-0.4935380572,2012-04-03,2013-04-18,380,2013-12-09,235.0000000000,615.0000000000,754,2018-01-26
actual_current,vo_tqqq_price_sma_150_trend_floor,2010-02-11,2026-08-07,100000.0000000000,18715737.8223517686,186.1573782235,0.3735210965,110,6.6727578475,183668.7221791699,-0.5523717998,2020-02-19,2020-05-19,90,2020-09-02,106.0000000000,196.0000000000,667,2024-07-10
actual_current,vo_tqqq_price_sma_150_blend,2010-02-11,2026-08-07,100000.0000000000,9717108.7370718624,96.1710873707,0.3199784784,238,14.4374215247,167129.2953164070,-0.4407208386,2020-02-19,2020-05-19,90,2020-08-31,104.0000000000,194.0000000000,713,2018-01-26
actual_current,vo_tqqq_price_sma_150_bear_step_down,2010-02-11,2026-08-07,100000.0000000000,8905371.0135811698,88.0537101358,0.3130119814,198,12.0109641256,195701.4520167912,-0.4202744625,2015-07-20,2016-06-27,343,2017-02-10,228.0000000000,571.0000000000,713,2018-01-26
actual_current,vo_tqqq_price_sma_150_bull_step_up,2010-02-11,2026-08-07,100000.0000000000,21573636.2285013273,214.7363622850,0.3854126207,119,7.2187107623,238762.1364495642,-0.5187240637,2021-11-19,2022-09-30,315,2023-06-15,258.0000000000,573.0000000000,667,2024-07-10
actual_current,vo_tqqq_price_sma_150_cut_confirm,2010-02-11,2026-08-07,100000.0000000000,22068899.8699074239,219.6889986991,0.3873214450,64,3.8823318386,166180.6173561939,-0.5136291367,2021-11-19,2022-09-30,315,2023-06-15,258.0000000000,573.0000000000,685,2024-07-10
actual_current,vo_tqqq_price_sma_150_raise_confirm,2010-02-11,2026-08-07,100000.0000000000,19491028.3528537005,193.9102835285,0.3769071717,77,4.6709304933,219971.2738094970,-0.4944916743,2015-07-20,2016-06-27,343,2017-02-17,235.0000000000,578.0000000000,578,2015-07-20
actual_current,vo_tqqq_price_sma_150_both_confirm,2010-02-11,2026-08-07,100000.0000000000,15392687.6247853227,152.9268762479,0.3573305800,43,2.6084417040,85110.4481537916,-0.4991048112,2024-07-10,2025-06-05,330,2026-06-02,362.0000000000,692.0000000000,692,2024-07-10
actual_current,vo_tqqq_price_sma_200_trend_cap,2010-02-11,2026-08-07,100000.0000000000,9123579.2343072742,90.2357923431,0.3149415141,151,9.1598766816,209414.1296927690,-0.4219590106,2015-07-20,2016-06-27,343,2017-04-24,301.0000000000,644.0000000000,644,2015-07-20
actual_current,vo_tqqq_price_sma_200_trend_floor,2010-02-11,2026-08-07,100000.0000000000,31724388.6822520234,316.2438868225,0.4182020367,83,5.0348991031,266991.6892106052,-0.5203416642,2021-11-19,2022-09-30,315,2023-06-15,258.0000000000,573.0000000000,573,2021-11-19
actual_current,vo_tqqq_price_sma_200_blend,2010-02-11,2026-08-07,100000.0000000000,18630148.1863517761,185.3014818635,0.3731392430,194,11.7683183857,277972.9513213146,-0.4466515043,2010-04-23,2010-08-31,130,2011-01-05,127.0000000000,257.0000000000,569,2015-07-20
actual_current,vo_tqqq_price_sma_200_bear_step_down,2010-02-11,2026-08-07,100000.0000000000,15976567.7722518817,158.7656777225,0.3603995206,159,9.6451681614,302203.6649191267,-0.4157399817,2015-07-20,2016-06-27,343,2017-02-13,231.0000000000,574.0000000000,574,2015-07-20
actual_current,vo_tqqq_price_sma_200_bull_step_up,2010-02-11,2026-08-07,100000.0000000000,33591491.0994201750,334.9149109942,0.4231303917,93,5.6415134529,310868.2604659381,-0.5203412496,2021-11-19,2022-09-30,315,2023-06-15,258.0000000000,573.0000000000,573,2021-11-19
actual_current,vo_tqqq_price_sma_200_cut_confirm,2010-02-11,2026-08-07,100000.0000000000,24850007.0123695135,247.5000701237,0.3973459601,57,3.4577017937,168838.1904205816,-0.5203418453,2021-11-19,2022-09-30,315,2023-06-15,258.0000000000,573.0000000000,673,2024-07-10
actual_current,vo_tqqq_price_sma_200_raise_confirm,2010-02-11,2026-08-07,100000.0000000000,20864177.4129441604,207.6417741294,0.3826052739,80,4.8529147982,232585.5305550613,-0.4538741467,2024-12-16,2025-06-05,171,2026-05-26,355.0000000000,526.0000000000,555,2015-07-20
actual_current,vo_tqqq_price_sma_200_both_confirm,2010-02-11,2026-08-07,100000.0000000000,17464426.1731810197,173.6442617318,0.3677675581,39,2.3657959641,85228.6155553037,-0.4813645412,2020-02-19,2020-03-09,19,2020-08-26,170.0000000000,189.0000000000,687,2024-07-10
actual_current,vo_tqqq_price_sma_250_trend_cap,2010-02-11,2026-08-07,100000.0000000000,10673844.7678539902,105.7384476785,0.3275193354,135,8.1892937220,154806.5299479188,-0.5375832541,2015-07-20,2016-06-13,329,2017-07-24,406.0000000000,735.0000000000,735,2015-07-20
actual_current,vo_tqqq_price_sma_250_trend_floor,2010-02-11,2026-08-07,100000.0000000000,21454667.0213631988,213.5466702136,0.3849479659,78,4.7315919283,143023.8718030301,-0.6188960179,2020-02-19,2020-05-14,85,2020-12-31,231.0000000000,316.0000000000,601,2021-11-19
actual_current,vo_tqqq_price_sma_250_blend,2010-02-11,2026-08-07,100000.0000000000,16681626.5908069350,165.8162659081,0.3639679638,182,11.0403811659,173847.3274319365,-0.4657146702,2020-02-19,2020-05-14,85,2020-08-31,109.0000000000,194.0000000000,590,2015-07-20
actual_current,vo_tqqq_price_sma_250_bear_step_down,2010-02-11,2026-08-07,100000.0000000000,16459930.5783337168,163.5993057833,0.3628614366,144,8.7352466368,221462.4132533974,-0.4747461176,2015-07-20,2016-06-27,343,2017-04-24,301.0000000000,644.0000000000,644,2015-07-20
actual_current,vo_tqqq_price_sma_250_bull_step_up,2010-02-11,2026-08-07,100000.0000000000,26996625.2867270261,268.9662528673,0.4043867451,89,5.3988677130,190700.0184326011,-0.5566788117,2021-11-19,2022-09-30,315,2023-07-13,286.0000000000,601.0000000000,601,2021-11-19
actual_current,vo_tqqq_price_sma_250_cut_confirm,2010-02-11,2026-08-07,100000.0000000000,27229624.7885811403,271.2962478858,0.4051190479,51,3.0937331839,130208.1807635164,-0.5464913465,2021-11-19,2022-09-30,315,2023-07-13,286.0000000000,601.0000000000,601,2021-11-19
actual_current,vo_tqqq_price_sma_250_raise_confirm,2010-02-11,2026-08-07,100000.0000000000,21485351.0938671008,213.8535109387,0.3850680391,80,4.8529147982,241482.5670163105,-0.4549271813,2024-12-16,2025-05-30,165,2026-05-26,361.0000000000,526.0000000000,555,2015-07-20
actual_current,vo_tqqq_price_sma_250_both_confirm,2010-02-11,2026-08-07,100000.0000000000,19706538.0046204254,196.0653800462,0.3778259362,33,2.0018273543,63954.6950787725,-0.4813649181,2020-02-19,2020-03-09,19,2020-08-26,170.0000000000,189.0000000000,573,2021-11-19
actual_current,vo_tqqq_cross_5_20_trend_cap,2010-02-11,2026-08-07,100000.0000000000,3051133.2479182770,29.5113324792,0.2304091298,258,15.6506502242,194283.3306565517,-0.4928379111,2014-11-28,2016-12-01,734,2019-12-19,1113.0000000000,1847.0000000000,1847,2014-11-28
actual_current,vo_tqqq_cross_5_20_trend_floor,2010-02-11,2026-08-07,100000.0000000000,56406599.7328337952,563.0659973283,0.4685868025,129,7.8253251121,883637.9219636102,-0.6749320363,2021-11-19,2022-12-28,404,2024-01-22,390.0000000000,794.0000000000,794,2021-11-19
actual_current,vo_tqqq_cross_5_20_blend,2010-02-11,2026-08-07,100000.0000000000,15617307.5165723898,155.1730751657,0.3585239449,335,20.3215807175,509817.9741243973,-0.4489570555,2021-11-19,2022-12-28,404,2023-06-12,166.0000000000,570.0000000000,715,2015-03-02
actual_current,vo_tqqq_cross_5_20_bear_step_down,2010-02-11,2026-08-07,100000.0000000000,11111948.7302733846,110.1194873027,0.3307625512,288,17.4704932735,419120.5364015287,-0.3396150680,2015-03-02,2016-06-27,483,2017-02-15,233.0000000000,716.0000000000,716,2015-03-02
actual_current,vo_tqqq_cross_5_20_bull_step_up,2010-02-11,2026-08-07,100000.0000000000,54720859.0383207202,546.2085903832,0.4658862950,138,8.3712780269,818036.6849857314,-0.5837540182,2021-11-19,2022-12-28,404,2023-07-13,197.0000000000,601.0000000000,601,2021-11-19
actual_current,vo_tqqq_cross_5_20_cut_confirm,2010-02-11,2026-08-07,100000.0000000000,29063856.9515627101,289.6385695156,0.4106866059,88,5.3382062780,328475.2495238545,-0.4764585542,2021-11-19,2022-12-28,404,2023-06-13,167.0000000000,571.0000000000,571,2021-11-19
actual_current,vo_tqqq_cross_5_20_raise_confirm,2010-02-11,2026-08-07,100000.0000000000,26188233.7968400046,260.8823379684,0.4017991509,78,4.7315919283,284583.9310765514,-0.4514843454,2024-12-16,2025-04-07,112,2026-05-28,416.0000000000,528.0000000000,553,2021-11-19
actual_current,vo_tqqq_cross_5_20_both_confirm,2010-02-11,2026-08-07,100000.0000000000,25645492.1630952880,255.4549216310,0.4000194410,68,4.1249775785,238730.4532764314,-0.4514846462,2024-12-16,2025-04-07,112,2026-05-26,414.0000000000,526.0000000000,570,2021-11-19
actual_current,vo_tqqq_cross_10_50_trend_cap,2010-02-11,2026-08-07,100000.0000000000,2104205.0287949117,20.0420502879,0.2029855756,139,8.4319394619,62158.6934428964,-0.5371113020,2011-02-16,2012-01-13,331,2013-05-06,479.0000000000,810.0000000000,900,2014-11-28
actual_current,vo_tqqq_cross_10_50_trend_floor,2010-02-11,2026-08-07,100000.0000000000,19066381.2711435184,189.6638127114,0.3750685387,93,5.6415134529,257354.9830084130,-0.6626361501,2021-11-19,2022-12-28,404,2024-01-23,391.0000000000,795.0000000000,795,2021-11-19
actual_current,vo_tqqq_cross_10_50_blend,2010-02-11,2026-08-07,100000.0000000000,7282077.3882764243,71.8207738828,0.2970809417,202,12.2536098655,141250.5795129370,-0.4758373112,2011-02-16,2011-11-25,282,2012-09-14,294.0000000000,576.0000000000,623,2015-05-27
actual_current,vo_tqqq_cross_10_50_bear_step_down,2010-02-11,2026-08-07,100000.0000000000,6505697.4431180842,64.0569744312,0.2882406757,163,9.8878139013,141048.5568472473,-0.4573556422,2011-02-16,2012-01-13,331,2013-04-30,473.0000000000,804.0000000000,804,2011-02-16
actual_current,vo_tqqq_cross_10_50_bull_step_up,2010-02-11,2026-08-07,100000.0000000000,21700366.4722414874,216.0036647224,0.3859049475,98,5.9448206278,262456.6244007819,-0.6023875950,2021-11-19,2022-12-28,404,2023-12-12,349.0000000000,753.0000000000,753,2021-11-19
actual_current,vo_tqqq_cross_10_50_cut_confirm,2010-02-11,2026-08-07,100000.0000000000,27608955.7672051936,275.0895576721,0.4062987628,84,5.0955605381,308787.4609594314,-0.4575467756,2021-11-19,2022-09-30,315,2023-06-02,245.0000000000,560.0000000000,560,2021-11-19
actual_current,vo_tqqq_cross_10_50_raise_confirm,2010-02-11,2026-08-07,100000.0000000000,21371047.7192135639,212.7104771921,0.3846199257,74,4.4889461883,224777.3704467599,-0.4514844516,2024-12-16,2025-04-07,112,2026-05-28,416.0000000000,528.0000000000,570,2021-11-19
actual_current,vo_tqqq_cross_10_50_both_confirm,2010-02-11,2026-08-07,100000.0000000000,19916466.4030452780,198.1646640305,0.3787118765,60,3.6396860987,173659.3038522482,-0.4522781701,2011-07-22,2011-11-25,126,2012-09-06,286.0000000000,412.0000000000,570,2021-11-19
actual_current,vo_tqqq_cross_20_50_trend_cap,2010-02-11,2026-08-07,100000.0000000000,1013480.0865499566,9.1348008655,0.1508380025,130,7.8859865471,37473.5019474040,-0.5261846917,2011-02-16,2011-11-25,282,2013-04-30,522.0000000000,804.0000000000,988,2014-09-18
actual_current,vo_tqqq_cross_20_50_trend_floor,2010-02-11,2026-08-07,100000.0000000000,16131836.6652140785,160.3183666521,0.3611978933,73,4.4282847534,192259.4819948281,-0.7277242949,2021-11-19,2022-12-28,404,2024-06-13,533.0000000000,937.0000000000,937,2021-11-19
actual_current,vo_tqqq_cross_20_50_blend,2010-02-11,2026-08-07,100000.0000000000,4805244.8641567128,47.0524486416,0.2647808370,180,10.9190582960,101073.7515322810,-0.5623799636,2021-11-19,2023-03-10,476,2024-01-19,315.0000000000,791.0000000000,791,2021-11-19
actual_current,vo_tqqq_cross_20_50_bear_step_down,2010-02-11,2026-08-07,100000.0000000000,4451696.7716605850,43.5169677166,0.2589309976,151,9.1598766816,107930.8959401962,-0.4351427533,2011-02-16,2011-11-25,282,2012-08-17,266.0000000000,548.0000000000,710,2015-03-02
actual_current,vo_tqqq_cross_20_50_bull_step_up,2010-02-11,2026-08-07,100000.0000000000,19453940.9128177017,193.5394091282,0.3767480982,88,5.3382062780,221068.3934776707,-0.6634971791,2021-11-19,2022-12-28,404,2024-02-08,407.0000000000,811.0000000000,811,2021-11-19
actual_current,vo_tqqq_cross_20_50_cut_confirm,2010-02-11,2026-08-07,100000.0000000000,25940324.2852725498,258.4032428527,0.4009905692,69,4.1856390135,220798.4705149247,-0.4813651145,2020-02-19,2020-03-09,19,2020-08-26,170.0000000000,189.0000000000,667,2024-07-10
actual_current,vo_tqqq_cross_20_50_raise_confirm,2010-02-11,2026-08-07,100000.0000000000,21801725.2976203114,217.0172529762,0.3862967703,84,5.0955605381,258536.1407055669,-0.4794339720,2015-07-20,2016-06-27,343,2017-02-13,231.0000000000,574.0000000000,574,2015-07-20
actual_current,vo_tqqq_cross_20_50_both_confirm,2010-02-11,2026-08-07,100000.0000000000,18166729.5626910366,180.6672956269,0.3710426652,57,3.4577017937,141647.2262130226,-0.4813648274,2020-02-19,2020-03-09,19,2020-08-26,170.0000000000,189.0000000000,673,2024-07-10
actual_current,vo_tqqq_cross_20_100_trend_cap,2010-02-11,2026-08-07,100000.0000000000,3422277.9688672856,33.2227796887,0.2390070190,111,6.7334192825,68609.5733128842,-0.5798195694,2015-07-20,2016-06-27,343,2017-05-25,332.0000000000,675.0000000000,875,2011-04-27
actual_current,vo_tqqq_cross_20_100_trend_floor,2010-02-11,2026-08-07,100000.0000000000,12293621.1292325724,121.9362112923,0.3389457368,73,4.4282847534,95100.8847196520,-0.6844820342,2020-02-19,2020-03-16,26,2021-07-23,494.0000000000,520.0000000000,759,2021-11-19
actual_current,vo_tqqq_cross_20_100_blend,2010-02-11,2026-08-07,100000.0000000000,7612054.5338504808,75.1205453385,0.3005726132,155,9.4025224215,100934.9495063415,-0.5016587347,2015-07-20,2016-06-27,343,2017-03-01,247.0000000000,590.0000000000,601,2021-11-19
actual_current,vo_tqqq_cross_20_100_bear_step_down,2010-02-11,2026-08-07,100000.0000000000,7989888.4060659362,78.8988840607,0.3044001792,128,7.7646636771,141856.1828212724,-0.5206201145,2015-07-20,2016-06-27,343,2017-03-30,276.0000000000,619.0000000000,748,2011-04-27
actual_current,vo_tqqq_cross_20_100_bull_step_up,2010-02-11,2026-08-07,100000.0000000000,17844241.7850141823,177.4424178501,0.3695538261,82,4.9742376682,158343.6416364062,-0.6263310110,2021-11-19,2022-09-30,315,2023-12-18,444.0000000000,759.0000000000,759,2021-11-19
actual_current,vo_tqqq_cross_20_100_cut_confirm,2010-02-11,2026-08-07,100000.0000000000,12464216.3870711252,123.6421638707,0.3400655571,65,3.9429932735,86389.7984338362,-0.6844817628,2020-02-19,2020-03-16,26,2021-08-27,529.0000000000,555.0000000000,606,2021-11-19
actual_current,vo_tqqq_cross_20_100_raise_confirm,2010-02-11,2026-08-07,100000.0000000000,14054710.8398363460,139.5471083984,0.3498638268,78,4.7315919283,173699.1943023697,-0.5061098500,2015-07-20,2016-06-27,343,2017-02-21,239.0000000000,582.0000000000,582,2015-07-20
actual_current,vo_tqqq_cross_20_100_both_confirm,2010-02-11,2026-08-07,100000.0000000000,5902737.7246575402,58.0273772466,0.2806623617,45,2.7297645740,36525.4514703766,-0.6904047401,2020-02-19,2020-06-11,113,2021-09-03,449.0000000000,562.0000000000,759,2021-11-19
actual_current,vo_tqqq_cross_20_200_trend_cap,2010-02-11,2026-08-07,100000.0000000000,6730340.2976349741,66.3034029763,0.2908962792,88,5.3382062780,87979.4806607262,-0.5504076016,2015-07-20,2016-11-04,473,2017-10-27,357.0000000000,830.0000000000,830,2015-07-20
actual_current,vo_tqqq_cross_20_200_trend_floor,2010-02-11,2026-08-07,100000.0000000000,22395863.9482001923,222.9586394820,0.3885596866,44,2.6691031390,101861.4594859368,-0.6844822089,2020-02-19,2020-03-16,26,2021-02-12,333.0000000000,359.0000000000,601,2021-11-19
actual_current,vo_tqqq_cross_20_200_blend,2010-02-11,2026-08-07,100000.0000000000,14274574.7594710849,141.7457475947,0.3511354669,123,7.4613565022,121060.7721399189,-0.4834173314,2020-02-19,2020-03-16,26,2020-09-01,169.0000000000,195.0000000000,644,2015-07-20
actual_current,vo_tqqq_cross_20_200_bear_step_down,2010-02-11,2026-08-07,100000.0000000000,14503016.8875715826,144.0301688757,0.3524373787,95,5.7628363229,186592.3916772007,-0.4817229915,2015-07-20,2016-06-27,343,2017-04-25,302.0000000000,645.0000000000,645,2015-07-20
actual_current,vo_tqqq_cross_20_200_bull_step_up,2010-02-11,2026-08-07,100000.0000000000,31117989.9093660414,310.1798990937,0.4165426570,55,3.3363789238,183058.3744190586,-0.5395077315,2021-11-19,2022-09-30,315,2023-07-13,286.0000000000,601.0000000000,601,2021-11-19
actual_current,vo_tqqq_cross_20_200_cut_confirm,2010-02-11,2026-08-07,100000.0000000000,20064363.0039318725,199.6436300393,0.3793307787,44,2.6691031390,95125.8431289954,-0.6844822089,2020-02-19,2020-03-16,26,2021-06-24,465.0000000000,491.0000000000,601,2021-11-19
actual_current,vo_tqqq_cross_20_200_raise_confirm,2010-02-11,2026-08-07,100000.0000000000,12771912.4335515089,126.7191243355,0.3420494156,79,4.7922533632,148710.5673320357,-0.5138784866,2015-07-20,2016-06-27,343,2017-03-01,247.0000000000,590.0000000000,590,2015-07-20
actual_current,vo_tqqq_cross_20_200_both_confirm,2010-02-11,2026-08-07,100000.0000000000,8631876.8437543977,85.3187684375,0.3105298636,25,1.5165358744,29084.2162950686,-0.6844809283,2020-02-19,2020-03-16,26,2021-06-24,465.0000000000,491.0000000000,590,2015-07-20
actual_current,vo_tqqq_cross_50_100_trend_cap,2010-02-11,2026-08-07,100000.0000000000,2857804.2388854153,27.5780423889,0.2255330264,90,5.4595291480,62022.9852465935,-0.5502239676,2015-07-20,2016-06-27,343,2017-04-28,305.0000000000,648.0000000000,758,2024-07-10
actual_current,vo_tqqq_cross_50_100_trend_floor,2010-02-11,2026-08-07,100000.0000000000,13007399.7144331578,129.0739971443,0.3435376114,58,3.5183632287,104584.7143985135,-0.6992203003,2020-02-19,2020-03-20,30,2021-06-28,465.0000000000,495.0000000000,805,2021-11-19
actual_current,vo_tqqq_cross_50_100_blend,2010-02-11,2026-08-07,100000.0000000000,7144674.0485012475,70.4467404850,0.2955829799,134,8.1286322870,96954.4647392568,-0.5151135624,2021-11-19,2022-12-28,404,2023-07-18,202.0000000000,606.0000000000,606,2021-11-19
actual_current,vo_tqqq_cross_50_100_bear_step_down,2010-02-11,2026-08-07,100000.0000000000,7718803.2797091659,76.1880327971,0.3016717812,110,6.6727578475,144781.5590953589,-0.5062001609,2015-07-20,2016-06-27,343,2017-03-01,247.0000000000,590.0000000000,590,2015-07-20
actual_current,vo_tqqq_cross_50_100_bull_step_up,2010-02-11,2026-08-07,100000.0000000000,18909584.4105885103,188.0958441059,0.3743799034,71,4.3069618834,178567.0851958637,-0.6387310401,2021-11-19,2022-12-28,404,2024-01-19,387.0000000000,791.0000000000,791,2021-11-19
actual_current,vo_tqqq_cross_50_100_cut_confirm,2010-02-11,2026-08-07,100000.0000000000,12756575.6177337635,126.5657561773,0.3419516006,56,3.3970403587,94835.1015163767,-0.6992203624,2020-02-19,2020-03-20,30,2021-08-25,523.0000000000,553.0000000000,754,2021-11-19
actual_current,vo_tqqq_cross_50_100_raise_confirm,2010-02-11,2026-08-07,100000.0000000000,12851318.8724209387,127.5131887242,0.3425540955,77,4.6709304933,160034.6875323777,-0.4981640336,2015-07-20,2016-02-09,204,2017-02-15,372.0000000000,576.0000000000,599,2024-12-16
actual_current,vo_tqqq_cross_50_100_both_confirm,2010-02-11,2026-08-07,100000.0000000000,5531292.7680001967,54.3129276800,0.2756230708,35,2.1231502242,34278.8039449497,-0.6992202233,2020-02-19,2020-03-20,30,2021-10-29,588.0000000000,618.0000000000,644,2015-07-20
actual_current,vo_tqqq_cross_50_150_trend_cap,2010-02-11,2026-08-07,100000.0000000000,5823743.0523557104,57.2374305236,0.2796161092,78,4.7315919283,84054.8064106419,-0.4673220152,2015-07-20,2016-01-27,191,2017-05-01,460.0000000000,651.0000000000,651,2015-07-20
actual_current,vo_tqqq_cross_50_150_trend_floor,2010-02-11,2026-08-07,100000.0000000000,20141650.7591566220,200.4165075916,0.3796525016,52,3.1543946188,122282.8998036478,-0.6992201309,2020-02-19,2020-03-20,30,2021-01-08,294.0000000000,324.0000000000,605,2021-11-19
actual_current,vo_tqqq_cross_50_150_blend,2010-02-11,2026-08-07,100000.0000000000,12337065.9214469194,122.3706592145,0.3392322956,121,7.3400336323,120379.7897446130,-0.4909417761,2020-02-19,2020-03-20,30,2020-09-01,165.0000000000,195.0000000000,599,2024-12-16
actual_current,vo_tqqq_cross_50_150_bear_step_down,2010-02-11,2026-08-07,100000.0000000000,12016133.6808466427,119.1613368085,0.3370926892,96,5.8234977578,177649.6122847006,-0.4204063359,2015-07-20,2016-06-27,343,2017-02-15,233.0000000000,576.0000000000,576,2015-07-20
actual_current,vo_tqqq_cross_50_150_bull_step_up,2010-02-11,2026-08-07,100000.0000000000,24982981.0609068349,248.8298106091,0.3977984073,64,3.8823318386,189121.6817774327,-0.5764431129,2021-11-19,2022-09-30,315,2023-07-17,290.0000000000,605.0000000000,605,2021-11-19
actual_current,vo_tqqq_cross_50_150_cut_confirm,2010-02-11,2026-08-07,100000.0000000000,16233460.8690899462,161.3346086909,0.3617165328,52,3.1543946188,103321.8881072083,-0.6992201309,2020-02-19,2020-03-20,30,2021-04-16,392.0000000000,422.0000000000,753,2021-11-19
actual_current,vo_tqqq_cross_50_150_raise_confirm,2010-02-11,2026-08-07,100000.0000000000,9364437.9416117035,92.6443794161,0.3170216370,72,4.3676233184,109155.1984972954,-0.4994235414,2015-07-20,2016-02-09,204,2017-03-30,415.0000000000,619.0000000000,651,2011-07-22
actual_current,vo_tqqq_cross_50_150_both_confirm,2010-02-11,2026-08-07,100000.0000000000,5266731.9126447160,51.6673191264,0.2718361364,26,1.5771973094,22182.2132861910,-0.6992201005,2020-02-19,2020-03-20,30,2021-06-28,465.0000000000,495.0000000000,654,2011-07-22
actual_current,vo_tqqq_cross_50_200_trend_cap,2010-02-11,2026-08-07,100000.0000000000,4271462.1834916594,41.7146218349,0.2557787054,81,4.9135762332,70636.8489951971,-0.4830377789,2015-07-20,2016-11-04,473,2017-06-02,210.0000000000,683.0000000000,683,2015-07-20
actual_current,vo_tqqq_cross_50_200_trend_floor,2010-02-11,2026-08-07,100000.0000000000,14162590.0689654686,140.6259006897,0.3504900914,42,2.5477802691,76703.5730486257,-0.6992200939,2020-02-19,2020-03-20,30,2020-08-26,159.0000000000,189.0000000000,760,2021-11-19
actual_current,vo_tqqq_cross_50_200_blend,2010-02-11,2026-08-07,100000.0000000000,8875350.7510538641,87.7535075105,0.3127430556,117,7.0973878924,91732.9904664610,-0.4909415371,2020-02-19,2020-03-20,30,2020-08-26,159.0000000000,189.0000000000,645,2015-07-20
actual_current,vo_tqqq_cross_50_200_bear_step_down,2010-02-11,2026-08-07,100000.0000000000,9787318.6858963743,96.8731868590,0.3205550744,91,5.5201905830,150965.3332127779,-0.4339317857,2015-07-20,2016-06-27,343,2017-03-29,275.0000000000,618.0000000000,618,2015-07-20
actual_current,vo_tqqq_cross_50_200_bull_step_up,2010-02-11,2026-08-07,100000.0000000000,19568409.3840749599,194.6840938407,0.3772381570,57,3.4577017937,136892.1399250383,-0.5876946918,2021-11-19,2022-09-30,315,2023-12-13,439.0000000000,754.0000000000,754,2021-11-19
actual_current,vo_tqqq_cross_50_200_cut_confirm,2010-02-11,2026-08-07,100000.0000000000,11814399.0138551742,117.1439901386,0.3357201071,42,2.5477802691,66515.3519851386,-0.6992200939,2020-02-19,2020-03-20,30,2021-01-08,294.0000000000,324.0000000000,760,2021-11-19
actual_current,vo_tqqq_cross_50_200_raise_confirm,2010-02-11,2026-08-07,100000.0000000000,8046526.5336454986,79.4652653365,0.3049592283,77,4.6709304933,103425.3879587673,-0.5019714591,2024-12-16,2026-03-30,469,,,,651,2011-07-22
actual_current,vo_tqqq_cross_50_200_both_confirm,2010-02-11,2026-08-07,100000.0000000000,3262288.8290748647,31.6228882907,0.2354137799,21,1.2738901345,14634.6546451213,-0.6992181126,2020-02-19,2020-03-20,30,2021-01-21,307.0000000000,337.0000000000,753,2021-11-19
actual_current,vo_tqqq_cross_100_200_trend_cap,2010-02-11,2026-08-07,100000.0000000000,6049046.4145572651,59.4904641456,0.2825658883,85,5.1562219731,90873.7186841400,-0.5490490770,2024-12-16,2026-03-30,469,,,,1109,2010-04-23
actual_current,vo_tqqq_cross_100_200_trend_floor,2010-02-11,2026-08-07,100000.0000000000,43019246.0792680383,429.1924607927,0.4446470810,33,2.0018273543,116005.9382874289,-0.6992203461,2020-02-19,2020-03-20,30,2020-08-17,150.0000000000,180.0000000000,573,2021-11-19
actual_current,vo_tqqq_cross_100_200_blend,2010-02-11,2026-08-07,100000.0000000000,18872989.7079885080,187.7298970799,0.3742184115,114,6.9154035874,137117.0044247857,-0.5126526774,2024-12-16,2025-04-08,113,2026-05-06,393.0000000000,506.0000000000,572,2021-11-19
actual_current,vo_tqqq_cross_100_200_bear_step_down,2010-02-11,2026-08-07,100000.0000000000,11900167.3535938729,118.0016735359,0.3363063358,94,5.7021748879,160193.7349560122,-0.4857909964,2024-12-16,2026-03-30,469,,,,599,2024-12-16
actual_current,vo_tqqq_cross_100_200_bull_step_up,2010-02-11,2026-08-07,100000.0000000000,33629573.1519181654,335.2957315192,0.4232282094,53,3.2150560538,160600.9965298147,-0.5921944225,2024-12-16,2025-04-08,113,2026-05-05,392.0000000000,505.0000000000,601,2021-11-19
actual_current,vo_tqqq_cross_100_200_cut_confirm,2010-02-11,2026-08-07,100000.0000000000,38848646.1152736247,387.4864611527,0.4357382049,33,2.0018273543,106011.7134218266,-0.6992205080,2020-02-19,2020-03-20,30,2020-08-20,153.0000000000,183.0000000000,573,2021-11-19
actual_current,vo_tqqq_cross_100_200_raise_confirm,2010-02-11,2026-08-07,100000.0000000000,10224737.5464692470,101.2473754647,0.3240621912,79,4.7922533632,145956.6266139896,-0.5490498819,2024-12-16,2026-03-30,469,,,,658,2011-07-22
actual_current,vo_tqqq_cross_100_200_both_confirm,2010-02-11,2026-08-07,100000.0000000000,13379882.8848643061,132.7988288486,0.3458406717,14,0.8492600897,31157.2172447984,-0.7060854689,2018-08-29,2020-03-20,569,2020-08-24,157.0000000000,726.0000000000,726,2018-08-29
actual_current,vo_tqqq_cross_100_250_trend_cap,2010-02-11,2026-08-07,100000.0000000000,7026505.0184652135,69.2650501847,0.2942729054,85,5.1562219731,101418.8775566206,-0.5022642199,2024-12-16,2026-03-30,469,,,,742,2011-07-22
actual_current,vo_tqqq_cross_100_250_trend_floor,2010-02-11,2026-08-07,100000.0000000000,47890502.4137260914,477.9050241373,0.4540782364,33,2.0018273543,130559.1212297973,-0.6992204450,2020-02-19,2020-03-20,30,2020-07-10,112.0000000000,142.0000000000,759,2021-11-19
actual_current,vo_tqqq_cross_100_250_blend,2010-02-11,2026-08-07,100000.0000000000,21350494.8082452863,212.5049480825,0.3845391116,114,6.9154035874,154656.6739501315,-0.5126530517,2024-12-16,2025-04-08,113,2026-05-05,392.0000000000,505.0000000000,753,2021-11-19
actual_current,vo_tqqq_cross_100_250_bear_step_down,2010-02-11,2026-08-07,100000.0000000000,13450446.9735316671,133.5044697353,0.3462701728,94,5.7021748879,175585.0654602515,-0.4624212040,2024-12-16,2026-03-30,469,,,,599,2024-12-16
actual_current,vo_tqqq_cross_100_250_bull_step_up,2010-02-11,2026-08-07,100000.0000000000,37679240.3035108149,375.7924030351,0.4330787371,53,3.2150560538,181252.7839287982,-0.5921945457,2024-12-16,2025-04-08,113,2026-05-05,392.0000000000,505.0000000000,754,2021-11-19
actual_current,vo_tqqq_cross_100_250_cut_confirm,2010-02-11,2026-08-07,100000.0000000000,42477427.1685269773,423.7742716853,0.4435367608,33,2.0018273543,117921.5482270525,-0.6992203791,2020-02-19,2020-03-20,30,2020-07-10,112.0000000000,142.0000000000,759,2021-11-19
actual_current,vo_tqqq_cross_100_250_raise_confirm,2010-02-11,2026-08-07,100000.0000000000,8911129.7916720472,88.1112979167,0.3130634720,79,4.7922533632,125305.3006863197,-0.5022644961,2024-12-16,2026-03-30,469,,,,665,2011-07-22
actual_current,vo_tqqq_cross_100_250_both_confirm,2010-02-11,2026-08-07,100000.0000000000,12750194.9934670515,126.5019499347,0.3419108737,14,0.8492600897,29856.3491860476,-0.6992193599,2020-02-19,2020-03-20,30,2020-07-10,112.0000000000,142.0000000000,908,2021-11-19
actual_current,vo_tqqq_triple_5_20_100_trend_cap,2010-02-11,2026-08-07,100000.0000000000,3976776.2869971478,38.7677628700,0.2503449820,273,16.5605717489,129451.4920622535,-0.4511423808,2015-03-02,2016-06-27,483,2017-06-01,339.0000000000,822.0000000000,822,2015-03-02
actual_current,vo_tqqq_triple_5_20_100_trend_floor,2010-02-11,2026-08-07,100000.0000000000,30791941.5951508395,306.9194159515,0.4156378432,119,7.2187107623,457536.2533419313,-0.5826947422,2021-11-19,2022-12-28,404,2023-12-13,350.0000000000,754.0000000000,754,2021-11-19
actual_current,vo_tqqq_triple_5_20_100_blend,2010-02-11,2026-08-07,100000.0000000000,11661671.3665401172,115.6167136654,0.3346662417,386,23.4153139013,267641.9778719256,-0.4581797241,2021-11-19,2022-12-28,404,2023-06-14,168.0000000000,572.0000000000,710,2015-03-02
actual_current,vo_tqqq_triple_5_20_100_bear_step_down,2010-02-11,2026-08-07,100000.0000000000,9831910.2492916696,97.3191024929,0.3209192666,345,20.9281950673,269620.9966730550,-0.4015026558,2015-03-02,2016-06-27,483,2017-02-13,231.0000000000,714.0000000000,714,2015-03-02
actual_current,vo_tqqq_triple_5_20_100_bull_step_up,2010-02-11,2026-08-07,100000.0000000000,32665514.9142452627,325.6551491425,0.4207192902,176,10.6764125561,392715.5664827216,-0.5938382451,2021-11-19,2022-12-28,404,2023-07-18,202.0000000000,606.0000000000,606,2021-11-19
actual_current,vo_tqqq_triple_5_20_100_cut_confirm,2010-02-11,2026-08-07,100000.0000000000,11451722.1034767125,113.5172210348,0.3331961695,63,3.8216704036,81947.9309582697,-0.6844823931,2020-02-19,2020-03-16,26,2021-08-27,529.0000000000,555.0000000000,756,2021-11-19
actual_current,vo_tqqq_triple_5_20_100_raise_confirm,2010-02-11,2026-08-07,100000.0000000000,12120213.9848104492,120.2021398481,0.3377923982,68,4.1249775785,143249.0708511879,-0.5061097810,2015-07-20,2016-06-27,343,2017-02-21,239.0000000000,582.0000000000,599,2024-12-16
actual_current,vo_tqqq_triple_5_20_100_both_confirm,2010-02-11,2026-08-07,100000.0000000000,5934937.4459227808,58.3493744592,0.2810850651,43,2.6084417040,36135.6097938223,-0.6904051841,2020-02-19,2020-06-11,113,2021-09-03,449.0000000000,562.0000000000,759,2021-11-19
actual_current,vo_tqqq_triple_10_50_200_trend_cap,2010-02-11,2026-08-07,100000.0000000000,4300072.5551791582,42.0007255518,0.2562873451,137,8.3106165919,79387.3464280206,-0.4519747025,2011-02-16,2012-01-10,328,2013-05-15,491.0000000000,819.0000000000,819,2011-02-16
actual_current,vo_tqqq_triple_10_50_200_trend_floor,2010-02-11,2026-08-07,100000.0000000000,15155630.9458676428,150.5563094587,0.3560532666,88,5.3382062780,186182.4888747075,-0.5818157146,2021-11-19,2022-12-28,404,2023-12-13,350.0000000000,754.0000000000,754,2021-11-19
actual_current,vo_tqqq_triple_10_50_200_blend,2010-02-11,2026-08-07,100000.0000000000,8376361.0359554123,82.7636103596,0.3081432343,220,13.3455156951,127328.8349554370,-0.4515797875,2021-11-19,2022-12-28,404,2023-06-15,169.0000000000,573.0000000000,576,2015-07-20
actual_current,vo_tqqq_triple_10_50_200_bear_step_down,2010-02-11,2026-08-07,100000.0000000000,8327344.4233779553,82.2734442338,0.3076775920,190,11.5256726457,156126.0111432520,-0.3774880219,2011-02-16,2012-01-13,331,2012-09-14,245.0000000000,576.0000000000,576,2011-02-16
actual_current,vo_tqqq_triple_10_50_200_bull_step_up,2010-02-11,2026-08-07,100000.0000000000,20979692.3102052137,208.7969231021,0.3830684230,117,7.0973878924,207543.4868464373,-0.5899743271,2021-11-19,2022-09-30,315,2023-12-13,439.0000000000,754.0000000000,754,2021-11-19
actual_current,vo_tqqq_triple_10_50_200_cut_confirm,2010-02-11,2026-08-07,100000.0000000000,14613583.0332967769,145.1358303330,0.3530606018,40,2.4264573991,76222.8883483914,-0.6992200939,2020-02-19,2020-03-20,30,2020-08-26,159.0000000000,189.0000000000,760,2021-11-19
actual_current,vo_tqqq_triple_10_50_200_raise_confirm,2010-02-11,2026-08-07,100000.0000000000,5512915.1769238282,54.1291517692,0.2753655718,65,3.9429932735,65250.5861632303,-0.5343507555,2024-12-16,2026-03-30,469,,,,654,2011-07-22
actual_current,vo_tqqq_triple_10_50_200_both_confirm,2010-02-11,2026-08-07,100000.0000000000,3262288.8290748647,31.6228882907,0.2354137799,21,1.2738901345,14634.6546451213,-0.6992181126,2020-02-19,2020-03-20,30,2021-01-21,307.0000000000,337.0000000000,753,2021-11-19
actual_current,vo_tqqq_triple_20_50_200_trend_cap,2010-02-11,2026-08-07,100000.0000000000,2739927.6874038940,26.3992768740,0.2224055611,133,8.0679708520,63781.0888500776,-0.4351970506,2021-11-19,2023-03-10,476,2023-07-12,124.0000000000,600.0000000000,807,2011-02-16
actual_current,vo_tqqq_triple_20_50_200_trend_floor,2010-02-11,2026-08-07,100000.0000000000,14658115.0253884643,145.5811502539,0.3533103627,70,4.2463004484,129066.5482626690,-0.5774303787,2021-11-19,2022-12-28,404,2023-12-18,355.0000000000,759.0000000000,759,2021-11-19
actual_current,vo_tqqq_triple_20_50_200_blend,2010-02-11,2026-08-07,100000.0000000000,6814388.2673205659,67.1438826732,0.2918684891,198,12.0109641256,103303.0035316647,-0.4942105079,2021-11-19,2022-12-28,404,2023-07-18,202.0000000000,606.0000000000,606,2021-11-19
actual_current,vo_tqqq_triple_20_50_200_bear_step_down,2010-02-11,2026-08-07,100000.0000000000,6948439.6458723089,68.4843964587,0.2933960374,173,10.4944282511,134749.9635808099,-0.4098691061,2015-07-20,2016-06-27,343,2017-02-15,233.0000000000,576.0000000000,576,2015-07-20
actual_current,vo_tqqq_triple_20_50_200_bull_step_up,2010-02-11,2026-08-07,100000.0000000000,19754451.8293038011,196.5445182930,0.3780289203,106,6.4301121076,182259.0468126084,-0.6186808987,2021-11-19,2022-12-28,404,2024-01-19,387.0000000000,791.0000000000,791,2021-11-19
actual_current,vo_tqqq_triple_20_50_200_cut_confirm,2010-02-11,2026-08-07,100000.0000000000,17235294.7962021902,171.3529479620,0.3666722257,36,2.1838116592,76860.5731627975,-0.6992207839,2020-02-19,2020-03-20,30,2020-08-26,159.0000000000,189.0000000000,754,2021-11-19
actual_current,vo_tqqq_triple_20_50_200_raise_confirm,2010-02-11,2026-08-07,100000.0000000000,5785528.7084863521,56.8552870849,0.2791051824,71,4.3069618834,75093.5725077260,-0.5202941131,2024-12-16,2026-03-30,469,,,,654,2011-07-22
actual_current,vo_tqqq_triple_20_50_200_both_confirm,2010-02-11,2026-08-07,100000.0000000000,3687205.4868608313,35.8720548686,0.2446238215,21,1.2738901345,16513.5407641518,-0.6992197330,2020-02-19,2020-03-20,30,2021-01-21,307.0000000000,337.0000000000,753,2021-11-19
actual_current,vo_tqqq_triple_20_100_200_trend_cap,2010-02-11,2026-08-07,100000.0000000000,5271778.2153911293,51.7177821539,0.2719100255,108,6.5514349776,82019.3068598349,-0.4582596034,2024-12-16,2025-06-05,171,2026-06-01,361.0000000000,532.0000000000,807,2011-04-27
actual_current,vo_tqqq_triple_20_100_200_trend_floor,2010-02-11,2026-08-07,100000.0000000000,25097938.6652553901,249.9793866526,0.3981877337,67,4.0643161435,147284.6141257578,-0.6844823066,2020-02-19,2020-03-16,26,2020-12-28,287.0000000000,313.0000000000,601,2021-11-19
actual_current,vo_tqqq_triple_20_100_200_blend,2010-02-11,2026-08-07,100000.0000000000,13357911.5225271750,132.5791152253,0.3457065045,171,10.3731053812,129600.9236021132,-0.4871617633,2020-02-19,2020-03-20,30,2020-08-26,159.0000000000,189.0000000000,573,2021-11-19
actual_current,vo_tqqq_triple_20_100_200_bear_step_down,2010-02-11,2026-08-07,100000.0000000000,9891208.1243879199,97.9120812439,0.3214011734,150,9.0992152466,153537.8353470774,-0.3963148616,2015-07-20,2016-06-27,343,2017-02-08,226.0000000000,569.0000000000,570,2021-11-19
actual_current,vo_tqqq_triple_20_100_200_bull_step_up,2010-02-11,2026-08-07,100000.0000000000,27441677.7817243189,273.4167778172,0.4057804189,94,5.7021748879,176660.9433304861,-0.5890122672,2021-11-19,2022-09-30,315,2023-12-12,438.0000000000,753.0000000000,753,2021-11-19
actual_current,vo_tqqq_triple_20_100_200_cut_confirm,2010-02-11,2026-08-07,100000.0000000000,46084213.1315071657,459.8421313151,0.4506909347,27,1.6378587444,114243.5725800487,-0.6992200095,2020-02-19,2020-03-20,30,2020-07-10,112.0000000000,142.0000000000,573,2021-11-19
actual_current,vo_tqqq_triple_20_100_200_raise_confirm,2010-02-11,2026-08-07,100000.0000000000,5853615.2174321329,57.5361521743,0.2800133124,69,4.1856390135,82256.5932819550,-0.5490491275,2024-12-16,2026-03-30,469,,,,720,2011-07-22
actual_current,vo_tqqq_triple_20_100_200_both_confirm,2010-02-11,2026-08-07,100000.0000000000,15024477.7391448803,149.2447773914,0.3553384974,12,0.7279372197,32024.6499170934,-0.7060854456,2018-08-29,2020-03-20,569,2020-07-20,122.0000000000,691.0000000000,691,2018-08-29
actual_current,vo_tqqq_triple_50_100_200_trend_cap,2010-02-11,2026-08-07,100000.0000000000,5031663.8511627335,49.3166385116,0.2683183293,94,5.7021748879,76098.8305092737,-0.4538779069,2024-12-16,2025-07-01,197,,,,599,2024-12-16
actual_current,vo_tqqq_triple_50_100_200_trend_floor,2010-02-11,2026-08-07,100000.0000000000,25497797.8140255660,253.9779781403,0.3995290110,57,3.4577017937,158863.2051985267,-0.6992207708,2020-02-19,2020-03-20,30,2021-01-07,293.0000000000,323.0000000000,606,2021-11-19
actual_current,vo_tqqq_triple_50_100_200_blend,2010-02-11,2026-08-07,100000.0000000000,12658165.6384186782,125.5816563842,0.3413213211,150,9.0992152466,123038.6876756529,-0.4909416060,2020-02-19,2020-03-20,30,2020-08-26,159.0000000000,189.0000000000,601,2021-11-19
actual_current,vo_tqqq_triple_50_100_200_bear_step_down,2010-02-11,2026-08-07,100000.0000000000,9741316.1796936542,96.4131617969,0.3201777217,131,7.9466479821,153867.3283104352,-0.3972620904,2024-12-16,2025-06-05,171,,,,599,2024-12-16
actual_current,vo_tqqq_triple_50_100_200_bull_step_up,2010-02-11,2026-08-07,100000.0000000000,27601845.8417689875,275.0184584177,0.4062767914,84,5.0955605381,186602.3613148156,-0.5912373015,2021-11-19,2022-09-30,315,2023-12-13,439.0000000000,754.0000000000,754,2021-11-19
actual_current,vo_tqqq_triple_50_100_200_cut_confirm,2010-02-11,2026-08-07,100000.0000000000,42352150.9511545151,422.5215095115,0.4432781460,25,1.5165358744,101139.9657058227,-0.6992206255,2020-02-19,2020-03-20,30,2020-07-10,112.0000000000,142.0000000000,601,2021-11-19
actual_current,vo_tqqq_triple_50_100_200_raise_confirm,2010-02-11,2026-08-07,100000.0000000000,6478290.0256910427,63.7829002569,0.2879108042,66,4.0036547085,87613.0465614745,-0.5490491532,2024-12-16,2026-03-30,469,,,,665,2011-07-22
actual_current,vo_tqqq_triple_50_100_200_both_confirm,2010-02-11,2026-08-07,100000.0000000000,14815668.4838752262,147.1566848388,0.3541883275,12,0.7279372197,31574.2265035320,-0.7060858466,2018-08-29,2020-03-20,569,2020-07-20,122.0000000000,691.0000000000,691,2018-08-29
actual_current,vo_tqqq_triple_50_150_200_trend_cap,2010-02-11,2026-08-07,100000.0000000000,5968817.7648147121,58.6881776481,0.2815275112,90,5.4595291480,76705.7709235655,-0.4494805823,2024-12-16,2025-04-07,112,,,,875,2011-04-27
actual_current,vo_tqqq_triple_50_150_200_trend_floor,2010-02-11,2026-08-07,100000.0000000000,31908609.8785149902,318.0860987851,0.4187002501,51,3.0937331839,153339.1028636994,-0.6992206989,2020-02-19,2020-03-20,30,2020-08-26,159.0000000000,189.0000000000,756,2021-11-19
actual_current,vo_tqqq_triple_50_150_200_blend,2010-02-11,2026-08-07,100000.0000000000,15898376.8204775546,157.9837682048,0.3599947094,139,8.4319394619,128477.7233594256,-0.4909419371,2020-02-19,2020-03-20,30,2020-08-24,157.0000000000,187.0000000000,601,2021-11-19
actual_current,vo_tqqq_triple_50_150_200_bear_step_down,2010-02-11,2026-08-07,100000.0000000000,11339314.4501947947,112.3931445019,0.3323986485,120,7.2793721973,159234.3896484497,-0.3998453675,2024-12-16,2025-04-07,112,,,,599,2024-12-16
actual_current,vo_tqqq_triple_50_150_200_bull_step_up,2010-02-11,2026-08-07,100000.0000000000,33777154.6433117911,336.7715464331,0.4236063073,74,4.4889461883,183876.7389173495,-0.5815784536,2021-11-19,2022-09-30,315,2023-12-12,438.0000000000,753.0000000000,753,2021-11-19
actual_current,vo_tqqq_triple_50_150_200_cut_confirm,2010-02-11,2026-08-07,100000.0000000000,70954572.3554533273,708.5457235545,0.4891709697,23,1.3952130045,92483.9940573297,-0.6992207433,2020-02-19,2020-03-20,30,2020-07-10,112.0000000000,142.0000000000,760,2021-11-19
actual_current,vo_tqqq_triple_50_150_200_raise_confirm,2010-02-11,2026-08-07,100000.0000000000,3735235.3639782215,36.3523536398,0.2456013334,65,3.9429932735,57489.9303247263,-0.5992615953,2024-12-16,2026-03-30,469,,,,788,2011-07-22
actual_current,vo_tqqq_triple_50_150_200_both_confirm,2010-02-11,2026-08-07,100000.0000000000,24852070.0966171920,247.5207009662,0.3973529972,9,0.5459529148,14596.8151395795,-0.6992207084,2020-02-19,2020-03-20,30,2020-07-10,112.0000000000,142.0000000000,914,2021-11-19
2026_ytd,vo,2026-01-02,2026-08-07,100000.0000000000,111342.3013681484,0.1134230137,0.1982181096,8,13.4651612903,449.0394283690,-0.3347786134,2026-01-28,2026-03-30,61,2026-05-06,37.0000000000,98.0000000000,98,2026-01-28
2026_ytd,tqqq_hold,2026-01-02,2026-08-07,100000.0000000000,137870.8960805819,0.3787089608,0.7169301572,1,1.6831451613,99.8732029760,-0.3363005420,2026-06-02,2026-07-29,57,,,,79,2026-01-28
2026_ytd,qqq_hold,2026-01-02,2026-08-07,100000.0000000000,116713.7508418858,0.1671375084,0.2971079278,1,1.6831451613,99.5944893855,-0.1168841225,2026-01-28,2026-03-30,61,2026-04-15,16.0000000000,77.0000000000,77,2026-01-28
2026_ytd,standalone_qqq_price_sma_20_full_cash,2026-01-02,2026-08-07,100000.0000000000,110104.9212332439,0.1010492123,0.1758902686,25,42.0786290323,2482.4621160789,-0.3134751898,2026-06-02,2026-07-13,41,,,,102,2026-01-12
2026_ytd,standalone_qqq_price_sma_20_half_floor,2026-01-02,2026-08-07,100000.0000000000,123757.1074609808,0.2375710746,0.4315581716,26,43.7617741935,1388.7945052001,-0.3062241032,2026-06-02,2026-07-29,57,,,,95,2026-01-12
2026_ytd,standalone_qqq_price_sma_50_full_cash,2026-01-02,2026-08-07,100000.0000000000,106181.4706169690,0.0618147062,0.1062258533,13,21.8808870968,1353.9521366931,-0.3325072744,2026-06-02,2026-08-06,65,,,,100,2026-01-12
2026_ytd,standalone_qqq_price_sma_50_half_floor,2026-01-02,2026-08-07,100000.0000000000,121389.6003284438,0.2138960033,0.3857652076,14,23.5640322581,749.4595411905,-0.3156487205,2026-06-02,2026-07-29,57,,,,95,2026-01-12
2026_ytd,standalone_qqq_price_sma_100_full_cash,2026-01-02,2026-08-07,100000.0000000000,117352.0526402884,0.1735205264,0.3090701478,9,15.1483064516,831.5863486408,-0.3363319567,2026-06-02,2026-07-29,57,,,,86,2026-01-28
2026_ytd,standalone_qqq_price_sma_100_half_floor,2026-01-02,2026-08-07,100000.0000000000,127378.3126954640,0.2737831270,0.5027646429,9,15.1483064516,476.6539691624,-0.3363030678,2026-06-02,2026-07-29,57,,,,84,2026-01-28
2026_ytd,standalone_qqq_price_sma_150_full_cash,2026-01-02,2026-08-07,100000.0000000000,119701.4450240818,0.1970144502,0.3534824092,9,15.1483064516,766.1169474385,-0.3362890529,2026-06-02,2026-07-29,57,,,,97,2026-01-28
2026_ytd,standalone_qqq_price_sma_150_half_floor,2026-01-02,2026-08-07,100000.0000000000,128570.2718756054,0.2857027188,0.5265091410,9,15.1483064516,441.8351657176,-0.3362782815,2026-06-02,2026-07-29,57,,,,86,2026-01-28
2026_ytd,standalone_qqq_price_sma_200_full_cash,2026-01-02,2026-08-07,100000.0000000000,129059.0424421182,0.2905904244,0.5362893653,3,5.0494354839,266.0699954918,-0.3363511120,2026-06-02,2026-07-29,57,,,,86,2026-01-28
2026_ytd,standalone_qqq_price_sma_200_half_floor,2026-01-02,2026-08-07,100000.0000000000,133463.4340397447,0.3346343404,0.6255597619,3,5.0494354839,183.0180201242,-0.3363283034,2026-06-02,2026-07-29,57,,,,84,2026-01-28
2026_ytd,standalone_qqq_price_sma_250_full_cash,2026-01-02,2026-08-07,100000.0000000000,128317.5161658372,0.2831751617,0.5214614867,3,5.0494354839,246.5641921528,-0.3363439598,2026-06-02,2026-07-29,57,,,,86,2026-01-28
2026_ytd,standalone_qqq_price_sma_250_half_floor,2026-01-02,2026-08-07,100000.0000000000,133092.7283357976,0.3309272834,0.6179673609,3,5.0494354839,173.2597929437,-0.3363246678,2026-06-02,2026-07-29,57,,,,84,2026-01-28
2026_ytd,standalone_qqq_cross_5_20_full_cash,2026-01-02,2026-08-07,100000.0000000000,106909.3924320465,0.0690939243,0.1190201498,17,28.6134677419,1562.6271371501,-0.2740610209,2026-06-02,2026-06-24,22,,,,113,2026-01-12
2026_ytd,standalone_qqq_cross_5_20_half_floor,2026-01-02,2026-08-07,100000.0000000000,122148.7003788295,0.2214870038,0.4003820921,17,28.6134677419,898.4831409222,-0.2900268632,2026-01-12,2026-03-30,77,2026-04-24,25.0000000000,102.0000000000,102,2026-01-12
2026_ytd,standalone_qqq_cross_5_50_full_cash,2026-01-02,2026-08-07,100000.0000000000,121229.5681011148,0.2122956810,0.3826916485,4,6.7325806452,399.3052771262,-0.2379342169,2026-06-02,2026-07-17,45,,,,79,2026-01-28
2026_ytd,standalone_qqq_cross_5_50_half_floor,2026-01-02,2026-08-07,100000.0000000000,129488.1093850009,0.2948810939,0.5448958131,4,6.7325806452,250.0115947078,-0.2870502092,2026-06-02,2026-07-29,57,,,,79,2026-01-28
2026_ytd,standalone_qqq_cross_5_100_full_cash,2026-01-02,2026-08-07,100000.0000000000,128360.8799273726,0.2836087993,0.5223269998,3,5.0494354839,284.2578858719,-0.3362467151,2026-06-02,2026-07-29,57,,,,86,2026-01-28
2026_ytd,standalone_qqq_cross_5_100_half_floor,2026-01-02,2026-08-07,100000.0000000000,133114.0441613282,0.3311404416,0.6184035381,3,5.0494354839,192.1171991757,-0.3362785766,2026-06-02,2026-07-29,57,,,,84,2026-01-28
2026_ytd,standalone_qqq_cross_5_150_full_cash,2026-01-02,2026-08-07,100000.0000000000,121419.2784219549,0.2141927842,0.3863355058,3,5.0494354839,274.2908967064,-0.3362781011,2026-06-02,2026-07-29,57,,,,93,2026-01-28
2026_ytd,standalone_qqq_cross_5_150_half_floor,2026-01-02,2026-08-07,100000.0000000000,129652.3799103043,0.2965237991,0.5481960008,3,5.0494354839,187.1590784076,-0.3363565162,2026-06-02,2026-07-29,57,,,,86,2026-01-28
2026_ytd,standalone_qqq_cross_5_200_full_cash,2026-01-02,2026-08-07,100000.0000000000,124610.3520876165,0.2461035209,0.4482097265,3,5.0494354839,264.8124186587,-0.3363058419,2026-06-02,2026-07-29,57,,,,92,2026-01-28
2026_ytd,standalone_qqq_cross_5_200_half_floor,2026-01-02,2026-08-07,100000.0000000000,131238.2525156438,0.3123825252,0.5802029077,3,5.0494354839,182.3897327818,-0.3363082590,2026-06-02,2026-07-29,57,,,,84,2026-01-28
2026_ytd,standalone_qqq_cross_5_250_full_cash,2026-01-02,2026-08-07,100000.0000000000,129011.4562451584,0.2901145625,0.5353360590,3,5.0494354839,250.7099894624,-0.3362911249,2026-06-02,2026-07-29,57,,,,86,2026-01-28
2026_ytd,standalone_qqq_cross_5_250_half_floor,2026-01-02,2026-08-07,100000.0000000000,133455.2404727906,0.3345524047,0.6253917940,3,5.0494354839,175.3554891093,-0.3363459747,2026-06-02,2026-07-29,57,,,,84,2026-01-28
2026_ytd,standalone_qqq_cross_10_20_full_cash,2026-01-02,2026-08-07,100000.0000000000,128410.4778232412,0.2841047782,0.5233171872,8,13.4651612903,871.2077893384,-0.2057568072,2026-06-02,2026-06-10,8,,,,86,2026-01-28
2026_ytd,standalone_qqq_cross_10_20_half_floor,2026-01-02,2026-08-07,100000.0000000000,133264.7583666662,0.3326475837,0.6214889035,9,15.1483064516,490.7643320177,-0.2489389728,2026-01-28,2026-03-30,61,2026-04-22,23.0000000000,84.0000000000,84,2026-01-28
2026_ytd,standalone_qqq_cross_10_50_full_cash,2026-01-02,2026-08-07,100000.0000000000,113266.3684927168,0.1326636849,0.2332746279,4,6.7325806452,404.7171227019,-0.2379422567,2026-06-02,2026-07-17,45,,,,86,2026-01-28
2026_ytd,standalone_qqq_cross_10_50_half_floor,2026-01-02,2026-08-07,100000.0000000000,125263.6240953467,0.2526362410,0.4610114819,4,6.7325806452,254.7107252546,-0.2870485986,2026-06-02,2026-07-29,57,,,,84,2026-01-28
2026_ytd,standalone_qqq_cross_10_100_full_cash,2026-01-02,2026-08-07,100000.0000000000,114480.2255579777,0.1448022556,0.2556017642,3,5.0494354839,277.2511967410,-0.3363068845,2026-06-02,2026-07-29,57,,,,98,2026-01-28
2026_ytd,standalone_qqq_cross_10_100_half_floor,2026-01-02,2026-08-07,100000.0000000000,126170.6644297740,0.2617066443,0.4788619186,3,5.0494354839,188.6150035420,-0.3363145885,2026-06-02,2026-07-29,57,,,,86,2026-01-28
2026_ytd,standalone_qqq_cross_10_150_full_cash,2026-01-02,2026-08-07,100000.0000000000,112624.4443471381,0.1262444435,0.2215331689,3,5.0494354839,274.3719228204,-0.3362908066,2026-06-02,2026-07-29,57,,,,98,2026-01-28
2026_ytd,standalone_qqq_cross_10_150_half_floor,2026-01-02,2026-08-07,100000.0000000000,125234.0032069217,0.2523400321,0.4604300308,3,5.0494354839,187.1461544834,-0.3362419828,2026-06-02,2026-07-29,57,,,,92,2026-01-28
2026_ytd,standalone_qqq_cross_10_200_full_cash,2026-01-02,2026-08-07,100000.0000000000,111047.6987423910,0.1104769874,0.1928867119,3,5.0494354839,259.3975045675,-0.3363232469,2026-06-02,2026-07-29,57,,,,98,2026-01-28
2026_ytd,standalone_qqq_cross_10_200_half_floor,2026-01-02,2026-08-07,100000.0000000000,124454.0909997930,0.2445409100,0.4451543575,3,5.0494354839,179.6836425885,-0.3363227116,2026-06-02,2026-07-29,57,,,,92,2026-01-28
2026_ytd,standalone_qqq_cross_10_250_full_cash,2026-01-02,2026-08-07,100000.0000000000,137870.8960805819,0.3787089608,0.7169301572,1,1.6831451613,99.8732029760,-0.3363005420,2026-06-02,2026-07-29,57,,,,79,2026-01-28
2026_ytd,standalone_qqq_cross_10_250_half_floor,2026-01-02,2026-08-07,100000.0000000000,137870.8960805819,0.3787089608,0.7169301572,1,1.6831451613,99.8732029760,-0.3363005420,2026-06-02,2026-07-29,57,,,,79,2026-01-28
2026_ytd,standalone_qqq_cross_20_50_full_cash,2026-01-02,2026-08-07,100000.0000000000,113424.1998439441,0.1342419984,0.2361685064,4,6.7325806452,405.7171653083,-0.2239309806,2026-06-02,2026-07-17,45,,,,93,2026-01-28
2026_ytd,standalone_qqq_cross_20_50_half_floor,2026-01-02,2026-08-07,100000.0000000000,125362.5376214584,0.2536253762,0.4629538120,4,6.7325806452,256.5725662500,-0.2693236454,2026-06-02,2026-07-29,57,,,,86,2026-01-28
2026_ytd,standalone_qqq_cross_20_100_full_cash,2026-01-02,2026-08-07,100000.0000000000,106650.9046777632,0.0665090468,0.1144700106,3,5.0494354839,278.3662749268,-0.3363301353,2026-06-02,2026-07-29,57,,,,100,2026-01-28
2026_ytd,standalone_qqq_cross_20_100_half_floor,2026-01-02,2026-08-07,100000.0000000000,122247.7707067129,0.2224777071,0.4022943355,3,5.0494354839,189.1438684090,-0.3362566816,2026-06-02,2026-07-29,57,,,,93,2026-01-28
2026_ytd,standalone_qqq_cross_20_150_full_cash,2026-01-02,2026-08-07,100000.0000000000,107329.6529689787,0.0732965297,0.1264340159,3,5.0494354839,275.6686439842,-0.3363074575,2026-06-02,2026-07-29,57,,,,100,2026-01-28
2026_ytd,standalone_qqq_cross_20_150_half_floor,2026-01-02,2026-08-07,100000.0000000000,122593.5163397421,0.2259351634,0.4089761702,3,5.0494354839,187.8251592213,-0.3363194351,2026-06-02,2026-07-29,57,,,,93,2026-01-28
2026_ytd,standalone_qqq_cross_20_200_full_cash,2026-01-02,2026-08-07,100000.0000000000,92100.4308358821,-0.0789956916,-0.1293428138,3,5.0494354839,244.0791692176,-0.3361832528,2026-06-02,2026-07-29,57,,,,124,2026-01-28
2026_ytd,standalone_qqq_cross_20_200_half_floor,2026-01-02,2026-08-07,100000.0000000000,114984.0549478325,0.1498405495,0.2649166724,3,5.0494354839,172.0539520465,-0.3363508148,2026-06-02,2026-07-29,57,,,,98,2026-01-28
2026_ytd,standalone_qqq_cross_20_250_full_cash,2026-01-02,2026-08-07,100000.0000000000,137870.8960805819,0.3787089608,0.7169301572,1,1.6831451613,99.8732029760,-0.3363005420,2026-06-02,2026-07-29,57,,,,79,2026-01-28
2026_ytd,standalone_qqq_cross_20_250_half_floor,2026-01-02,2026-08-07,100000.0000000000,137870.8960805819,0.3787089608,0.7169301572,1,1.6831451613,99.8732029760,-0.3363005420,2026-06-02,2026-07-29,57,,,,79,2026-01-28
2026_ytd,standalone_qqq_cross_50_100_full_cash,2026-01-02,2026-08-07,100000.0000000000,92038.6306910695,-0.0796136931,-0.1303259123,3,5.0494354839,277.2029054719,-0.3361435039,2026-06-02,2026-07-29,57,,,,124,2026-01-28
2026_ytd,standalone_qqq_cross_50_100_half_floor,2026-01-02,2026-08-07,100000.0000000000,114942.8311500454,0.1494283115,0.2641534683,3,5.0494354839,188.5978867265,-0.3362675510,2026-06-02,2026-07-29,57,,,,97,2026-01-28
2026_ytd,standalone_qqq_cross_50_150_full_cash,2026-01-02,2026-08-07,100000.0000000000,81050.7487821728,-0.1894925122,-0.2978581828,3,5.0494354839,244.1072629968,-0.4026387377,2026-01-28,2026-07-29,182,,,,191,2026-01-28
2026_ytd,standalone_qqq_cross_50_150_half_floor,2026-01-02,2026-08-07,100000.0000000000,109443.0680330031,0.0944306803,0.1640175515,3,5.0494354839,172.0097330887,-0.3362340890,2026-06-02,2026-07-29,57,,,,100,2026-01-28
2026_ytd,standalone_qqq_cross_50_200_full_cash,2026-01-02,2026-08-07,100000.0000000000,137870.8960805819,0.3787089608,0.7169301572,1,1.6831451613,99.8732029760,-0.3363005420,2026-06-02,2026-07-29,57,,,,79,2026-01-28
2026_ytd,standalone_qqq_cross_50_200_half_floor,2026-01-02,2026-08-07,100000.0000000000,137870.8960805819,0.3787089608,0.7169301572,1,1.6831451613,99.8732029760,-0.3363005420,2026-06-02,2026-07-29,57,,,,79,2026-01-28
2026_ytd,standalone_qqq_cross_50_250_full_cash,2026-01-02,2026-08-07,100000.0000000000,137870.8960805819,0.3787089608,0.7169301572,1,1.6831451613,99.8732029760,-0.3363005420,2026-06-02,2026-07-29,57,,,,79,2026-01-28
2026_ytd,standalone_qqq_cross_50_250_half_floor,2026-01-02,2026-08-07,100000.0000000000,137870.8960805819,0.3787089608,0.7169301572,1,1.6831451613,99.8732029760,-0.3363005420,2026-06-02,2026-07-29,57,,,,79,2026-01-28
2026_ytd,standalone_qqq_cross_100_150_full_cash,2026-01-02,2026-08-07,100000.0000000000,137870.8960805819,0.3787089608,0.7169301572,1,1.6831451613,99.8732029760,-0.3363005420,2026-06-02,2026-07-29,57,,,,79,2026-01-28
2026_ytd,standalone_qqq_cross_100_150_half_floor,2026-01-02,2026-08-07,100000.0000000000,137870.8960805819,0.3787089608,0.7169301572,1,1.6831451613,99.8732029760,-0.3363005420,2026-06-02,2026-07-29,57,,,,79,2026-01-28
2026_ytd,standalone_qqq_cross_100_200_full_cash,2026-01-02,2026-08-07,100000.0000000000,137870.8960805819,0.3787089608,0.7169301572,1,1.6831451613,99.8732029760,-0.3363005420,2026-06-02,2026-07-29,57,,,,79,2026-01-28
2026_ytd,standalone_qqq_cross_100_200_half_floor,2026-01-02,2026-08-07,100000.0000000000,137870.8960805819,0.3787089608,0.7169301572,1,1.6831451613,99.8732029760,-0.3363005420,2026-06-02,2026-07-29,57,,,,79,2026-01-28
2026_ytd,standalone_qqq_cross_100_250_full_cash,2026-01-02,2026-08-07,100000.0000000000,137870.8960805819,0.3787089608,0.7169301572,1,1.6831451613,99.8732029760,-0.3363005420,2026-06-02,2026-07-29,57,,,,79,2026-01-28
2026_ytd,standalone_qqq_cross_100_250_half_floor,2026-01-02,2026-08-07,100000.0000000000,137870.8960805819,0.3787089608,0.7169301572,1,1.6831451613,99.8732029760,-0.3363005420,2026-06-02,2026-07-29,57,,,,79,2026-01-28
2026_ytd,standalone_qqq_band_cross_10_50_1_full_cash,2026-01-02,2026-08-07,100000.0000000000,107149.0820373661,0.0714908204,0.1232461080,4,6.7325806452,384.4876815814,-0.2239351478,2026-06-02,2026-07-17,45,,,,98,2026-01-28
2026_ytd,standalone_qqq_band_cross_10_50_1_half_floor,2026-01-02,2026-08-07,100000.0000000000,122130.6653653901,0.2213066537,0.4000340965,4,6.7325806452,247.7101906987,-0.2676592382,2026-06-02,2026-07-29,57,,,,86,2026-01-28
2026_ytd,standalone_qqq_band_cross_10_50_2_full_cash,2026-01-02,2026-08-07,100000.0000000000,85457.5112744618,-0.1454248873,-0.2324162918,4,6.7325806452,346.8306134391,-0.2907414051,2026-06-02,2026-07-28,56,,,,100,2026-01-28
2026_ytd,standalone_qqq_band_cross_10_50_2_half_floor,2026-01-02,2026-08-07,100000.0000000000,110171.7991006552,0.1017179910,0.1770926829,4,6.7325806452,230.6590976571,-0.3136054003,2026-06-02,2026-07-29,57,,,,93,2026-01-28
2026_ytd,standalone_qqq_band_cross_10_50_3_full_cash,2026-01-02,2026-08-07,100000.0000000000,76708.8170555329,-0.2329118294,-0.3600030572,4,6.7325806452,323.3428631719,-0.3363373225,2026-06-02,2026-07-29,57,,,,121,2026-01-28
2026_ytd,standalone_qqq_band_cross_10_50_3_half_floor,2026-01-02,2026-08-07,100000.0000000000,105275.6626888600,0.0527566269,0.0903884387,4,6.7325806452,220.7362325767,-0.3362661112,2026-06-02,2026-07-29,57,,,,98,2026-01-28
2026_ytd,standalone_qqq_band_cross_20_100_1_full_cash,2026-01-02,2026-08-07,100000.0000000000,110159.8337298237,0.1015983373,0.1768775178,3,5.0494354839,279.2415186316,-0.3363078860,2026-06-02,2026-07-29,57,,,,98,2026-01-28
2026_ytd,standalone_qqq_band_cross_20_100_1_half_floor,2026-01-02,2026-08-07,100000.0000000000,124009.2690893825,0.2400926909,0.4364711122,3,5.0494354839,189.6119000442,-0.3363179514,2026-06-02,2026-07-29,57,,,,92,2026-01-28
2026_ytd,standalone_qqq_band_cross_20_100_2_full_cash,2026-01-02,2026-08-07,100000.0000000000,97517.9940241047,-0.0248200598,-0.0414206586,3,5.0494354839,259.3736928753,-0.3362482362,2026-06-02,2026-07-29,57,,,,118,2026-01-28
2026_ytd,standalone_qqq_band_cross_20_100_2_half_floor,2026-01-02,2026-08-07,100000.0000000000,117685.5284669047,0.1768552847,0.3153374317,3,5.0494354839,179.6754432097,-0.3363006776,2026-06-02,2026-07-29,57,,,,97,2026-01-28
2026_ytd,standalone_qqq_band_cross_20_100_3_full_cash,2026-01-02,2026-08-07,100000.0000000000,88050.1765922048,-0.1194982341,-0.1928152351,3,5.0494354839,250.7127656678,-0.3510581171,2026-01-28,2026-07-29,182,,,,191,2026-01-28
2026_ytd,standalone_qqq_band_cross_20_100_3_half_floor,2026-01-02,2026-08-07,100000.0000000000,112943.6739888718,0.1294367399,0.2273665121,3,5.0494354839,175.3133773680,-0.3362365762,2026-06-02,2026-07-29,57,,,,98,2026-01-28
2026_ytd,standalone_qqq_band_cross_50_200_1_full_cash,2026-01-02,2026-08-07,100000.0000000000,137870.8960805819,0.3787089608,0.7169301572,1,1.6831451613,99.8732029760,-0.3363005420,2026-06-02,2026-07-29,57,,,,79,2026-01-28
2026_ytd,standalone_qqq_band_cross_50_200_1_half_floor,2026-01-02,2026-08-07,100000.0000000000,137870.8960805819,0.3787089608,0.7169301572,1,1.6831451613,99.8732029760,-0.3363005420,2026-06-02,2026-07-29,57,,,,79,2026-01-28
2026_ytd,standalone_qqq_band_cross_50_200_2_full_cash,2026-01-02,2026-08-07,100000.0000000000,137870.8960805819,0.3787089608,0.7169301572,1,1.6831451613,99.8732029760,-0.3363005420,2026-06-02,2026-07-29,57,,,,79,2026-01-28
2026_ytd,standalone_qqq_band_cross_50_200_2_half_floor,2026-01-02,2026-08-07,100000.0000000000,137870.8960805819,0.3787089608,0.7169301572,1,1.6831451613,99.8732029760,-0.3363005420,2026-06-02,2026-07-29,57,,,,79,2026-01-28
2026_ytd,standalone_qqq_band_cross_50_200_3_full_cash,2026-01-02,2026-08-07,100000.0000000000,137870.8960805819,0.3787089608,0.7169301572,1,1.6831451613,99.8732029760,-0.3363005420,2026-06-02,2026-07-29,57,,,,79,2026-01-28
2026_ytd,standalone_qqq_band_cross_50_200_3_half_floor,2026-01-02,2026-08-07,100000.0000000000,137870.8960805819,0.3787089608,0.7169301572,1,1.6831451613,99.8732029760,-0.3363005420,2026-06-02,2026-07-29,57,,,,79,2026-01-28
2026_ytd,standalone_qqq_band_cross_100_200_1_full_cash,2026-01-02,2026-08-07,100000.0000000000,137870.8960805819,0.3787089608,0.7169301572,1,1.6831451613,99.8732029760,-0.3363005420,2026-06-02,2026-07-29,57,,,,79,2026-01-28
2026_ytd,standalone_qqq_band_cross_100_200_1_half_floor,2026-01-02,2026-08-07,100000.0000000000,137870.8960805819,0.3787089608,0.7169301572,1,1.6831451613,99.8732029760,-0.3363005420,2026-06-02,2026-07-29,57,,,,79,2026-01-28
2026_ytd,standalone_qqq_band_cross_100_200_2_full_cash,2026-01-02,2026-08-07,100000.0000000000,137870.8960805819,0.3787089608,0.7169301572,1,1.6831451613,99.8732029760,-0.3363005420,2026-06-02,2026-07-29,57,,,,79,2026-01-28
2026_ytd,standalone_qqq_band_cross_100_200_2_half_floor,2026-01-02,2026-08-07,100000.0000000000,137870.8960805819,0.3787089608,0.7169301572,1,1.6831451613,99.8732029760,-0.3363005420,2026-06-02,2026-07-29,57,,,,79,2026-01-28
2026_ytd,standalone_qqq_band_cross_100_200_3_full_cash,2026-01-02,2026-08-07,100000.0000000000,137870.8960805819,0.3787089608,0.7169301572,1,1.6831451613,99.8732029760,-0.3363005420,2026-06-02,2026-07-29,57,,,,79,2026-01-28
2026_ytd,standalone_qqq_band_cross_100_200_3_half_floor,2026-01-02,2026-08-07,100000.0000000000,137870.8960805819,0.3787089608,0.7169301572,1,1.6831451613,99.8732029760,-0.3363005420,2026-06-02,2026-07-29,57,,,,79,2026-01-28
2026_ytd,standalone_qqq_triple_5_20_100_full_cash,2026-01-02,2026-08-07,100000.0000000000,108283.9554997393,0.0828395550,0.1433426846,19,31.9797580645,940.9885471982,-0.2804155632,2026-06-02,2026-07-29,57,,,,114,2026-01-12
2026_ytd,standalone_qqq_triple_5_20_100_half_floor,2026-01-02,2026-08-07,100000.0000000000,122673.1334231441,0.2267313342,0.4105166652,19,31.9797580645,548.4249340499,-0.3067485319,2026-06-02,2026-07-29,57,,,,102,2026-01-12
2026_ytd,standalone_qqq_triple_10_50_200_full_cash,2026-01-02,2026-08-07,100000.0000000000,125263.6240953467,0.2526362410,0.4610114819,4,6.7325806452,254.7107252546,-0.2870485986,2026-06-02,2026-07-29,57,,,,84,2026-01-28
2026_ytd,standalone_qqq_triple_10_50_200_half_floor,2026-01-02,2026-08-07,100000.0000000000,131493.8526322833,0.3149385263,0.5853864159,4,6.7325806452,177.8893840906,-0.3116739633,2026-06-02,2026-07-29,57,,,,79,2026-01-28
2026_ytd,standalone_qqq_triple_20_50_200_full_cash,2026-01-02,2026-08-07,100000.0000000000,125362.5376214584,0.2536253762,0.4629538120,4,6.7325806452,256.5725662500,-0.2693236454,2026-06-02,2026-07-29,57,,,,86,2026-01-28
2026_ytd,standalone_qqq_triple_20_50_200_half_floor,2026-01-02,2026-08-07,100000.0000000000,131551.0178255985,0.3155101783,0.5865466548,4,6.7325806452,179.2595969444,-0.3028111389,2026-06-02,2026-07-29,57,,,,84,2026-01-28
2026_ytd,standalone_qqq_triple_20_100_200_full_cash,2026-01-02,2026-08-07,100000.0000000000,122247.7707067129,0.2224777071,0.4022943355,3,5.0494354839,189.1438684090,-0.3362566816,2026-06-02,2026-07-29,57,,,,93,2026-01-28
2026_ytd,standalone_qqq_triple_20_100_200_half_floor,2026-01-02,2026-08-07,100000.0000000000,130059.3333936474,0.3005933339,0.5563839853,3,5.0494354839,144.5085356925,-0.3362799292,2026-06-02,2026-07-29,57,,,,84,2026-01-28
2026_ytd,standalone_qqq_triple_50_100_200_full_cash,2026-01-02,2026-08-07,100000.0000000000,114942.8311500454,0.1494283115,0.2641534683,3,5.0494354839,188.5978867265,-0.3362675510,2026-06-02,2026-07-29,57,,,,97,2026-01-28
2026_ytd,standalone_qqq_triple_50_100_200_half_floor,2026-01-02,2026-08-07,100000.0000000000,126406.8636153137,0.2640686362,0.4835247184,3,5.0494354839,144.2355448512,-0.3362855427,2026-06-02,2026-07-29,57,,,,84,2026-01-28
2026_ytd,standalone_qqq_triple_50_150_200_full_cash,2026-01-02,2026-08-07,100000.0000000000,109443.0680330031,0.0944306803,0.1640175515,3,5.0494354839,172.0097330887,-0.3362340890,2026-06-02,2026-07-29,57,,,,100,2026-01-28
2026_ytd,standalone_qqq_triple_50_150_200_half_floor,2026-01-02,2026-08-07,100000.0000000000,123656.9820567925,0.2365698206,0.4296092935,3,5.0494354839,135.9414680323,-0.3362711353,2026-06-02,2026-07-29,57,,,,92,2026-01-28
2026_ytd,standalone_qqq_slope_50_20_full_cash,2026-01-02,2026-08-07,100000.0000000000,89665.7299219847,-0.1033427008,-0.1677314133,11,18.5145967742,1073.1844298775,-0.3325251270,2026-06-02,2026-08-06,65,,,,114,2026-01-12
2026_ytd,standalone_qqq_slope_50_20_half_floor,2026-01-02,2026-08-07,100000.0000000000,111883.9007231381,0.1188390072,0.2080445451,12,20.1977419355,632.9351232534,-0.3156283041,2026-06-02,2026-07-29,57,,,,108,2026-01-12
2026_ytd,standalone_qqq_slope_100_20_full_cash,2026-01-02,2026-08-07,100000.0000000000,94838.4945821877,-0.0516150542,-0.0853354913,9,15.1483064516,791.7929989835,-0.3362936711,2026-06-02,2026-07-29,57,,,,103,2026-01-28
2026_ytd,standalone_qqq_slope_100_20_half_floor,2026-01-02,2026-08-07,100000.0000000000,115300.2551194817,0.1530025512,0.2707769150,9,15.1483064516,466.4082920383,-0.3363383098,2026-06-02,2026-07-29,57,,,,97,2026-01-28
2026_ytd,standalone_qqq_slope_150_20_full_cash,2026-01-02,2026-08-07,100000.0000000000,119701.4450240818,0.1970144502,0.3534824092,9,15.1483064516,766.1169474385,-0.3362890529,2026-06-02,2026-07-29,57,,,,97,2026-01-28
2026_ytd,standalone_qqq_slope_150_20_half_floor,2026-01-02,2026-08-07,100000.0000000000,128570.2718756054,0.2857027188,0.5265091410,9,15.1483064516,441.8351657176,-0.3362782815,2026-06-02,2026-07-29,57,,,,86,2026-01-28
2026_ytd,standalone_qqq_slope_200_20_full_cash,2026-01-02,2026-08-07,100000.0000000000,129059.0424421182,0.2905904244,0.5362893653,3,5.0494354839,266.0699954918,-0.3363511120,2026-06-02,2026-07-29,57,,,,86,2026-01-28
2026_ytd,standalone_qqq_slope_200_20_half_floor,2026-01-02,2026-08-07,100000.0000000000,133463.4340397447,0.3346343404,0.6255597619,3,5.0494354839,183.0180201242,-0.3363283034,2026-06-02,2026-07-29,57,,,,84,2026-01-28
2026_ytd,standalone_qqq_slope_250_20_full_cash,2026-01-02,2026-08-07,100000.0000000000,128317.5161658372,0.2831751617,0.5214614867,3,5.0494354839,246.5641921528,-0.3363439598,2026-06-02,2026-07-29,57,,,,86,2026-01-28
2026_ytd,standalone_qqq_slope_250_20_half_floor,2026-01-02,2026-08-07,100000.0000000000,133092.7283357976,0.3309272834,0.6179673609,3,5.0494354839,173.2597929437,-0.3363246678,2026-06-02,2026-07-29,57,,,,84,2026-01-28
2026_ytd,vo_qqq_price_sma_20_trend_cap,2026-01-02,2026-08-07,100000.0000000000,96090.4550708441,-0.0390954493,-0.0649209072,28,47.1280645161,1846.1825778670,-0.3011470822,2026-01-12,2026-03-12,59,2026-05-11,60.0000000000,119.0000000000,119,2026-01-12
2026_ytd,vo_qqq_price_sma_20_trend_floor,2026-01-02,2026-08-07,100000.0000000000,127781.7670286645,0.2778176703,0.5107847631,17,28.6134677419,1081.7625209384,-0.3347786134,2026-01-28,2026-03-30,61,2026-04-17,18.0000000000,79.0000000000,79,2026-01-28
2026_ytd,vo_qqq_price_sma_20_blend,2026-01-02,2026-08-07,100000.0000000000,111761.2014210109,0.1176120142,0.2058155132,32,53.8606451613,1479.9801053014,-0.3025181545,2026-01-12,2026-03-30,77,2026-05-01,32.0000000000,109.0000000000,109,2026-01-12
2026_ytd,vo_qqq_price_sma_20_bear_step_down,2026-01-02,2026-08-07,100000.0000000000,99931.4425043731,-0.0006855750,-0.0011536519,30,50.4943548387,1461.4037500265,-0.3025181545,2026-01-12,2026-03-30,77,2026-05-06,37.0000000000,114.0000000000,114,2026-01-12
2026_ytd,vo_qqq_price_sma_20_bull_step_up,2026-01-02,2026-08-07,100000.0000000000,127781.7670286645,0.2778176703,0.5107847631,17,28.6134677419,1081.7625209384,-0.3347786134,2026-01-28,2026-03-30,61,2026-04-17,18.0000000000,79.0000000000,79,2026-01-28
2026_ytd,vo_qqq_price_sma_20_cut_confirm,2026-01-02,2026-08-07,100000.0000000000,114561.9109039518,0.1456191090,0.2571100824,6,10.0988709677,344.8527431708,-0.3347786134,2026-01-28,2026-03-30,61,2026-05-06,37.0000000000,98.0000000000,98,2026-01-28
2026_ytd,vo_qqq_price_sma_20_raise_confirm,2026-01-02,2026-08-07,100000.0000000000,110900.4656186884,0.1090046562,0.1902258644,8,13.4651612903,449.0344490905,-0.3347786134,2026-01-28,2026-03-30,61,2026-05-06,37.0000000000,98.0000000000,98,2026-01-28
2026_ytd,vo_qqq_price_sma_20_both_confirm,2026-01-02,2026-08-07,100000.0000000000,114108.1832543307,0.1410818325,0.2487413108,6,10.0988709677,344.8596439123,-0.3347786134,2026-01-28,2026-03-30,61,2026-05-06,37.0000000000,98.0000000000,98,2026-01-28
2026_ytd,vo_qqq_price_sma_50_trend_cap,2026-01-02,2026-08-07,100000.0000000000,100803.0149600593,0.0080301496,0.0135529486,17,28.6134677419,1119.1251831633,-0.2306418221,2026-06-02,2026-08-06,65,,,,114,2026-01-12
2026_ytd,vo_qqq_price_sma_50_trend_floor,2026-01-02,2026-08-07,100000.0000000000,116559.0917064768,0.1655909171,0.2942162187,11,18.5145967742,656.3499640310,-0.3347786134,2026-01-28,2026-03-30,61,2026-04-24,25.0000000000,86.0000000000,86,2026-01-28
2026_ytd,vo_qqq_price_sma_50_blend,2026-01-02,2026-08-07,100000.0000000000,109166.7053351600,0.0916670534,0.1590744741,21,35.3460483871,891.9266294669,-0.2642495816,2026-06-02,2026-07-29,57,,,,102,2026-01-12
2026_ytd,vo_qqq_price_sma_50_bear_step_down,2026-01-02,2026-08-07,100000.0000000000,97315.2291888690,-0.0268477081,-0.0447730051,19,31.9797580645,914.3191553525,-0.2482400750,2026-01-12,2026-03-30,77,2026-05-06,37.0000000000,114.0000000000,114,2026-01-12
2026_ytd,vo_qqq_price_sma_50_bull_step_up,2026-01-02,2026-08-07,100000.0000000000,116559.0917064768,0.1655909171,0.2942162187,11,18.5145967742,656.3499640310,-0.3347786134,2026-01-28,2026-03-30,61,2026-04-24,25.0000000000,86.0000000000,86,2026-01-28
2026_ytd,vo_qqq_price_sma_50_cut_confirm,2026-01-02,2026-08-07,100000.0000000000,109952.6773374647,0.0995267734,0.1731548970,6,10.0988709677,338.1545716867,-0.3347786134,2026-01-28,2026-03-30,61,2026-05-06,37.0000000000,98.0000000000,98,2026-01-28
2026_ytd,vo_qqq_price_sma_50_raise_confirm,2026-01-02,2026-08-07,100000.0000000000,106902.2463857487,0.0690224639,0.1188942574,8,13.4651612903,449.0113113952,-0.3347786134,2026-01-28,2026-03-30,61,2026-05-06,37.0000000000,98.0000000000,98,2026-01-28
2026_ytd,vo_qqq_price_sma_50_both_confirm,2026-01-02,2026-08-07,100000.0000000000,105569.8651853873,0.0556986519,0.0955221970,6,10.0988709677,338.1436646738,-0.3347786134,2026-01-28,2026-03-30,61,2026-05-06,37.0000000000,98.0000000000,98,2026-01-28
2026_ytd,vo_qqq_price_sma_100_trend_cap,2026-01-02,2026-08-07,100000.0000000000,104931.9279698715,0.0493192797,0.0844027595,15,25.2471774194,982.9024189178,-0.2335950196,2026-06-02,2026-07-29,57,,,,98,2026-01-28
2026_ytd,vo_qqq_price_sma_100_trend_floor,2026-01-02,2026-08-07,100000.0000000000,123725.5914764217,0.2372559148,0.4309446166,5,8.4157258065,283.8427558168,-0.3362801784,2026-06-02,2026-07-29,57,,,,86,2026-01-28
2026_ytd,vo_qqq_price_sma_100_blend,2026-01-02,2026-08-07,100000.0000000000,114798.7062846816,0.1479870628,0.2614866567,16,26.9303225806,645.4131643190,-0.2857270357,2026-06-02,2026-07-29,57,,,,97,2026-01-28
2026_ytd,vo_qqq_price_sma_100_bear_step_down,2026-01-02,2026-08-07,100000.0000000000,102005.3604670790,0.0200536047,0.0339838421,16,26.9303225806,793.3138067298,-0.2666775858,2026-01-28,2026-03-30,61,2026-05-08,39.0000000000,100.0000000000,100,2026-01-28
2026_ytd,vo_qqq_price_sma_100_bull_step_up,2026-01-02,2026-08-07,100000.0000000000,123338.0299716335,0.2333802997,0.4234082777,7,11.7820161290,403.1381739954,-0.3384017643,2026-06-02,2026-07-29,57,,,,86,2026-01-28
2026_ytd,vo_qqq_price_sma_100_cut_confirm,2026-01-02,2026-08-07,100000.0000000000,102939.9743435794,0.0293997434,0.0499794335,4,6.7325806452,224.9225718125,-0.3361888587,2026-06-02,2026-07-29,57,,,,98,2026-01-28
2026_ytd,vo_qqq_price_sma_100_raise_confirm,2026-01-02,2026-08-07,100000.0000000000,111342.3013681484,0.1134230137,0.1982181096,8,13.4651612903,449.0394283690,-0.3347786134,2026-01-28,2026-03-30,61,2026-05-06,37.0000000000,98.0000000000,98,2026-01-28
2026_ytd,vo_qqq_price_sma_100_both_confirm,2026-01-02,2026-08-07,100000.0000000000,102939.9743435794,0.0293997434,0.0499794335,4,6.7325806452,224.9225718125,-0.3361888587,2026-06-02,2026-07-29,57,,,,98,2026-01-28
2026_ytd,vo_qqq_price_sma_150_trend_cap,2026-01-02,2026-08-07,100000.0000000000,101552.2327825599,0.0155223278,0.0262646269,15,25.2471774194,1012.8785236099,-0.2746654642,2026-01-28,2026-03-12,43,2026-05-14,63.0000000000,106.0000000000,106,2026-01-28
2026_ytd,vo_qqq_price_sma_150_trend_floor,2026-01-02,2026-08-07,100000.0000000000,129997.1567263346,0.2999715673,0.5551318440,3,5.0494354839,178.5438477361,-0.3362526693,2026-06-02,2026-07-29,57,,,,86,2026-01-28
2026_ytd,vo_qqq_price_sma_150_blend,2026-01-02,2026-08-07,100000.0000000000,115587.2079531091,0.1558720795,0.2761046188,16,26.9303225806,615.3105635852,-0.2970989259,2026-01-28,2026-03-30,61,2026-05-06,37.0000000000,98.0000000000,98,2026-01-28
2026_ytd,vo_qqq_price_sma_150_bear_step_down,2026-01-02,2026-08-07,100000.0000000000,102812.0330321589,0.0281203303,0.0477838768,16,26.9303225806,765.6669669637,-0.2970989259,2026-01-28,2026-03-30,61,2026-05-14,45.0000000000,106.0000000000,106,2026-01-28
2026_ytd,vo_qqq_price_sma_150_bull_step_up,2026-01-02,2026-08-07,100000.0000000000,129590.5530315395,0.2959055303,0.5469535661,5,8.4157258065,299.7515158880,-0.3383791445,2026-06-02,2026-07-29,57,,,,86,2026-01-28
2026_ytd,vo_qqq_price_sma_150_cut_confirm,2026-01-02,2026-08-07,100000.0000000000,113111.4321302135,0.1311143213,0.2304365079,3,5.0494354839,178.5249010018,-0.3361888587,2026-06-02,2026-07-29,57,,,,98,2026-01-28
2026_ytd,vo_qqq_price_sma_150_raise_confirm,2026-01-02,2026-08-07,100000.0000000000,111342.3013681484,0.1134230137,0.1982181096,8,13.4651612903,449.0394283690,-0.3347786134,2026-01-28,2026-03-30,61,2026-05-06,37.0000000000,98.0000000000,98,2026-01-28
2026_ytd,vo_qqq_price_sma_150_both_confirm,2026-01-02,2026-08-07,100000.0000000000,113111.4321302135,0.1311143213,0.2304365079,3,5.0494354839,178.5249010018,-0.3361888587,2026-06-02,2026-07-29,57,,,,98,2026-01-28
2026_ytd,vo_qqq_price_sma_200_trend_cap,2026-01-02,2026-08-07,100000.0000000000,109486.0482221037,0.0948604822,0.1647870706,9,15.1483064516,532.0462239124,-0.2449425457,2026-01-28,2026-03-20,51,2026-05-06,47.0000000000,98.0000000000,98,2026-01-28
2026_ytd,vo_qqq_price_sma_200_trend_floor,2026-01-02,2026-08-07,100000.0000000000,129997.1567263346,0.2999715673,0.5551318440,3,5.0494354839,178.5438477361,-0.3362526693,2026-06-02,2026-07-29,57,,,,86,2026-01-28
2026_ytd,vo_qqq_price_sma_200_blend,2026-01-02,2026-08-07,100000.0000000000,119808.3660030833,0.1980836600,0.3555179050,10,16.8314516129,364.5530195819,-0.2857189230,2026-06-02,2026-07-29,57,,,,93,2026-01-28
2026_ytd,vo_qqq_price_sma_200_bear_step_down,2026-01-02,2026-08-07,100000.0000000000,106564.2095998129,0.0656420960,0.1129456096,10,16.8314516129,520.4748061126,-0.2724383554,2026-01-28,2026-03-30,61,2026-05-08,39.0000000000,100.0000000000,100,2026-01-28
2026_ytd,vo_qqq_price_sma_200_bull_step_up,2026-01-02,2026-08-07,100000.0000000000,129590.5530315395,0.2959055303,0.5469535661,5,8.4157258065,299.7515158880,-0.3383791445,2026-06-02,2026-07-29,57,,,,86,2026-01-28
2026_ytd,vo_qqq_price_sma_200_cut_confirm,2026-01-02,2026-08-07,100000.0000000000,113111.4321302135,0.1311143213,0.2304365079,3,5.0494354839,178.5249010018,-0.3361888587,2026-06-02,2026-07-29,57,,,,98,2026-01-28
2026_ytd,vo_qqq_price_sma_200_raise_confirm,2026-01-02,2026-08-07,100000.0000000000,111342.3013681484,0.1134230137,0.1982181096,8,13.4651612903,449.0394283690,-0.3347786134,2026-01-28,2026-03-30,61,2026-05-06,37.0000000000,98.0000000000,98,2026-01-28
2026_ytd,vo_qqq_price_sma_200_both_confirm,2026-01-02,2026-08-07,100000.0000000000,113111.4321302135,0.1311143213,0.2304365079,3,5.0494354839,178.5249010018,-0.3361888587,2026-06-02,2026-07-29,57,,,,98,2026-01-28
2026_ytd,vo_qqq_price_sma_250_trend_cap,2026-01-02,2026-08-07,100000.0000000000,103734.5520770773,0.0373455208,0.0636566368,9,15.1483064516,498.6295567857,-0.3191592206,2026-01-28,2026-03-27,58,2026-05-11,45.0000000000,103.0000000000,103,2026-01-28
2026_ytd,vo_qqq_price_sma_250_trend_floor,2026-01-02,2026-08-07,100000.0000000000,137870.8960805819,0.3787089608,0.7169301572,1,1.6831451613,99.8732029760,-0.3363005420,2026-06-02,2026-07-29,57,,,,79,2026-01-28
2026_ytd,vo_qqq_price_sma_250_blend,2026-01-02,2026-08-07,100000.0000000000,120323.6112523770,0.2032361125,0.3653442246,9,15.1483064516,317.2836218004,-0.3191592206,2026-01-28,2026-03-27,58,2026-05-01,35.0000000000,93.0000000000,93,2026-01-28
2026_ytd,vo_qqq_price_sma_250_bear_step_down,2026-01-02,2026-08-07,100000.0000000000,108404.2442790852,0.0840424428,0.1454812559,8,13.4651612903,436.5436367850,-0.3191592206,2026-01-28,2026-03-27,58,2026-05-06,40.0000000000,98.0000000000,98,2026-01-28
2026_ytd,vo_qqq_price_sma_250_bull_step_up,2026-01-02,2026-08-07,100000.0000000000,137436.3826739319,0.3743638267,0.7078323472,3,5.0494354839,228.3908210180,-0.3383749852,2026-06-02,2026-07-29,57,,,,79,2026-01-28
2026_ytd,vo_qqq_price_sma_250_cut_confirm,2026-01-02,2026-08-07,100000.0000000000,137870.8960805819,0.3787089608,0.7169301572,1,1.6831451613,99.8732029760,-0.3363005420,2026-06-02,2026-07-29,57,,,,79,2026-01-28
2026_ytd,vo_qqq_price_sma_250_raise_confirm,2026-01-02,2026-08-07,100000.0000000000,111342.3013681484,0.1134230137,0.1982181096,8,13.4651612903,449.0394283690,-0.3347786134,2026-01-28,2026-03-30,61,2026-05-06,37.0000000000,98.0000000000,98,2026-01-28
2026_ytd,vo_qqq_price_sma_250_both_confirm,2026-01-02,2026-08-07,100000.0000000000,137870.8960805819,0.3787089608,0.7169301572,1,1.6831451613,99.8732029760,-0.3363005420,2026-06-02,2026-07-29,57,,,,79,2026-01-28
2026_ytd,vo_qqq_cross_5_20_trend_cap,2026-01-02,2026-08-07,100000.0000000000,94017.6548173700,-0.0598234518,-0.0986207533,21,35.3460483871,1355.6924560216,-0.2721827305,2026-01-12,2026-03-12,59,2026-05-14,63.0000000000,122.0000000000,122,2026-01-12
2026_ytd,vo_qqq_cross_5_20_trend_floor,2026-01-02,2026-08-07,100000.0000000000,125812.2403959825,0.2581224040,0.4717976665,11,18.5145967742,666.1565410290,-0.3347786134,2026-01-28,2026-03-30,61,2026-04-24,25.0000000000,86.0000000000,86,2026-01-28
2026_ytd,vo_qqq_cross_5_20_blend,2026-01-02,2026-08-07,100000.0000000000,109787.3770562909,0.0978737706,0.1701878693,24,40.3954838710,1026.3589918776,-0.2900268632,2026-01-12,2026-03-30,77,2026-05-05,36.0000000000,113.0000000000,113,2026-01-12
2026_ytd,vo_qqq_cross_5_20_bear_step_down,2026-01-02,2026-08-07,100000.0000000000,97672.8595443618,-0.0232714046,-0.0388570301,22,37.0291935484,1044.3809520013,-0.2900268632,2026-01-12,2026-03-30,77,2026-05-11,42.0000000000,119.0000000000,119,2026-01-12
2026_ytd,vo_qqq_cross_5_20_bull_step_up,2026-01-02,2026-08-07,100000.0000000000,125812.2403959825,0.2581224040,0.4717976665,11,18.5145967742,666.1565410290,-0.3347786134,2026-01-28,2026-03-30,61,2026-04-24,25.0000000000,86.0000000000,86,2026-01-28
2026_ytd,vo_qqq_cross_5_20_cut_confirm,2026-01-02,2026-08-07,100000.0000000000,109897.4405613356,0.0989744056,0.1721630952,6,10.0988709677,338.0992796185,-0.3347786134,2026-01-28,2026-03-30,61,2026-05-06,37.0000000000,98.0000000000,98,2026-01-28
2026_ytd,vo_qqq_cross_5_20_raise_confirm,2026-01-02,2026-08-07,100000.0000000000,110465.1163602254,0.1046511636,0.1823721984,8,13.4651612903,449.0229898009,-0.3347786134,2026-01-28,2026-03-30,61,2026-05-06,37.0000000000,98.0000000000,98,2026-01-28
2026_ytd,vo_qqq_cross_5_20_both_confirm,2026-01-02,2026-08-07,100000.0000000000,109031.0663717409,0.0903106637,0.1566515333,6,10.0988709677,338.0720410320,-0.3347786134,2026-01-28,2026-03-30,61,2026-05-06,37.0000000000,98.0000000000,98,2026-01-28
2026_ytd,vo_qqq_cross_10_50_trend_cap,2026-01-02,2026-08-07,100000.0000000000,109481.6065057712,0.0948160651,0.1647075364,8,13.4651612903,513.6862084210,-0.1786702271,2026-06-02,2026-07-17,45,,,,97,2026-01-28
2026_ytd,vo_qqq_cross_10_50_trend_floor,2026-01-02,2026-08-07,100000.0000000000,114084.6101373443,0.1408461014,0.2483071370,6,10.0988709677,344.2711433783,-0.3347786134,2026-01-28,2026-03-30,61,2026-05-01,32.0000000000,93.0000000000,93,2026-01-28
2026_ytd,vo_qqq_cross_10_50_blend,2026-01-02,2026-08-07,100000.0000000000,112802.6571138734,0.1280265711,0.2247882935,11,18.5145967742,427.3802399330,-0.2337817296,2026-06-02,2026-07-29,57,,,,93,2026-01-28
2026_ytd,vo_qqq_cross_10_50_bear_step_down,2026-01-02,2026-08-07,100000.0000000000,99719.1130697796,-0.0028088693,-0.0047231975,9,15.1483064516,476.9091922770,-0.2123692784,2026-01-28,2026-03-30,61,2026-05-08,39.0000000000,100.0000000000,100,2026-01-28
2026_ytd,vo_qqq_cross_10_50_bull_step_up,2026-01-02,2026-08-07,100000.0000000000,114084.6101373443,0.1408461014,0.2483071370,6,10.0988709677,344.2711433783,-0.3347786134,2026-01-28,2026-03-30,61,2026-05-01,32.0000000000,93.0000000000,93,2026-01-28
2026_ytd,vo_qqq_cross_10_50_cut_confirm,2026-01-02,2026-08-07,100000.0000000000,106490.1220909371,0.0649012209,0.1116435646,6,10.0988709677,333.1253073663,-0.3347786134,2026-01-28,2026-03-30,61,2026-05-06,37.0000000000,98.0000000000,98,2026-01-28
2026_ytd,vo_qqq_cross_10_50_raise_confirm,2026-01-02,2026-08-07,100000.0000000000,107767.7602716497,0.0776776027,0.1341838594,7,11.7820161290,395.1769909606,-0.3347786134,2026-01-28,2026-03-30,61,2026-05-06,37.0000000000,98.0000000000,98,2026-01-28
2026_ytd,vo_qqq_cross_10_50_both_confirm,2026-01-02,2026-08-07,100000.0000000000,103073.0089701909,0.0307300897,0.0522643727,5,8.4157258065,281.6350498437,-0.3347786134,2026-01-28,2026-03-30,61,2026-05-06,37.0000000000,98.0000000000,98,2026-01-28
2026_ytd,vo_qqq_cross_20_50_trend_cap,2026-01-02,2026-08-07,100000.0000000000,109467.8470256844,0.0946784703,0.1644611705,8,13.4651612903,512.1992645016,-0.1717382035,2026-06-02,2026-07-17,45,,,,98,2026-01-28
2026_ytd,vo_qqq_cross_20_50_trend_floor,2026-01-02,2026-08-07,100000.0000000000,114280.3433186280,0.1428034332,0.2519140429,5,8.4157258065,344.4562614559,-0.3347786134,2026-01-28,2026-03-30,61,2026-05-05,36.0000000000,97.0000000000,97,2026-01-28
2026_ytd,vo_qqq_cross_20_50_blend,2026-01-02,2026-08-07,100000.0000000000,112974.7674680690,0.1297476747,0.2279352918,10,16.8314516129,426.6737197265,-0.2171246409,2026-06-02,2026-07-29,57,,,,97,2026-01-28
2026_ytd,vo_qqq_cross_20_50_bear_step_down,2026-01-02,2026-08-07,100000.0000000000,99503.4044452755,-0.0049659555,-0.0083442388,9,15.1483064516,474.6091519116,-0.2102677235,2026-01-28,2026-03-30,61,2026-05-14,45.0000000000,106.0000000000,106,2026-01-28
2026_ytd,vo_qqq_cross_20_50_bull_step_up,2026-01-02,2026-08-07,100000.0000000000,114280.3433186280,0.1428034332,0.2519140429,5,8.4157258065,344.4562614559,-0.3347786134,2026-01-28,2026-03-30,61,2026-05-05,36.0000000000,97.0000000000,97,2026-01-28
2026_ytd,vo_qqq_cross_20_50_cut_confirm,2026-01-02,2026-08-07,100000.0000000000,108911.8037769829,0.0891180378,0.1545228268,5,8.4157258065,336.6567103204,-0.3347786134,2026-01-28,2026-03-30,61,2026-05-06,37.0000000000,98.0000000000,98,2026-01-28
2026_ytd,vo_qqq_cross_20_50_raise_confirm,2026-01-02,2026-08-07,100000.0000000000,107767.7602716497,0.0776776027,0.1341838594,7,11.7820161290,395.1769909606,-0.3347786134,2026-01-28,2026-03-30,61,2026-05-06,37.0000000000,98.0000000000,98,2026-01-28
2026_ytd,vo_qqq_cross_20_50_both_confirm,2026-01-02,2026-08-07,100000.0000000000,105415.9766683605,0.0541597667,0.0928356609,4,6.7325806452,283.9803628548,-0.3347786134,2026-01-28,2026-03-30,61,2026-05-06,37.0000000000,98.0000000000,98,2026-01-28
2026_ytd,vo_qqq_cross_20_100_trend_cap,2026-01-02,2026-08-07,100000.0000000000,101846.1155737990,0.0184611557,0.0312683649,9,15.1483064516,525.8353440876,-0.2336788301,2026-06-02,2026-07-29,57,,,,106,2026-01-28
2026_ytd,vo_qqq_cross_20_100_trend_floor,2026-01-02,2026-08-07,100000.0000000000,115918.0228136037,0.1591802281,0.2822579079,3,5.0494354839,178.5481471187,-0.3362507146,2026-06-02,2026-07-29,57,,,,98,2026-01-28
2026_ytd,vo_qqq_cross_20_100_blend,2026-01-02,2026-08-07,100000.0000000000,109537.7352951752,0.0953773530,0.1657127515,10,16.8314516129,356.8233186039,-0.2857110769,2026-06-02,2026-07-29,57,,,,98,2026-01-28
2026_ytd,vo_qqq_cross_20_100_bear_step_down,2026-01-02,2026-08-07,100000.0000000000,95811.6720834295,-0.0418832792,-0.0694825913,10,16.8314516129,500.6005433267,-0.2431918879,2026-01-28,2026-03-30,61,2026-05-28,59.0000000000,120.0000000000,120,2026-01-28
2026_ytd,vo_qqq_cross_20_100_bull_step_up,2026-01-02,2026-08-07,100000.0000000000,115553.1464837337,0.1555314648,0.2754717441,5,8.4157258065,286.5280154735,-0.3383273934,2026-06-02,2026-07-29,57,,,,98,2026-01-28
2026_ytd,vo_qqq_cross_20_100_cut_confirm,2026-01-02,2026-08-07,100000.0000000000,113111.4321302135,0.1311143213,0.2304365079,3,5.0494354839,178.5249010018,-0.3361888587,2026-06-02,2026-07-29,57,,,,98,2026-01-28
2026_ytd,vo_qqq_cross_20_100_raise_confirm,2026-01-02,2026-08-07,100000.0000000000,111342.3013681484,0.1134230137,0.1982181096,8,13.4651612903,449.0394283690,-0.3347786134,2026-01-28,2026-03-30,61,2026-05-06,37.0000000000,98.0000000000,98,2026-01-28
2026_ytd,vo_qqq_cross_20_100_both_confirm,2026-01-02,2026-08-07,100000.0000000000,113111.4321302135,0.1311143213,0.2304365079,3,5.0494354839,178.5249010018,-0.3361888587,2026-06-02,2026-07-29,57,,,,98,2026-01-28
2026_ytd,vo_qqq_cross_20_200_trend_cap,2026-01-02,2026-08-07,100000.0000000000,85235.6048657270,-0.1476439513,-0.2357681177,9,15.1483064516,451.0394376865,-0.3347786134,2026-01-28,2026-03-30,61,,,,191,2026-01-28
2026_ytd,vo_qqq_cross_20_200_trend_floor,2026-01-02,2026-08-07,100000.0000000000,119155.4627250562,0.1915546273,0.3431077013,3,5.0494354839,178.5873480600,-0.3363483952,2026-06-02,2026-07-29,57,,,,97,2026-01-28
2026_ytd,vo_qqq_cross_20_200_blend,2026-01-02,2026-08-07,100000.0000000000,101335.2350705434,0.0133523507,0.0225762997,10,16.8314516129,334.1302862158,-0.3347786134,2026-01-28,2026-03-30,61,2026-05-14,45.0000000000,106.0000000000,106,2026-01-28
2026_ytd,vo_qqq_cross_20_200_bear_step_down,2026-01-02,2026-08-07,100000.0000000000,89086.3853329217,-0.1091361467,-0.1767624033,10,16.8314516129,467.1147993354,-0.3347786134,2026-01-28,2026-03-30,61,,,,191,2026-01-28
2026_ytd,vo_qqq_cross_20_200_bull_step_up,2026-01-02,2026-08-07,100000.0000000000,118780.9232159403,0.1878092322,0.3360094821,5,8.4157258065,289.6304963678,-0.3384379540,2026-06-02,2026-07-29,57,,,,97,2026-01-28
2026_ytd,vo_qqq_cross_20_200_cut_confirm,2026-01-02,2026-08-07,100000.0000000000,113111.4321302135,0.1311143213,0.2304365079,3,5.0494354839,178.5249010018,-0.3361888587,2026-06-02,2026-07-29,57,,,,98,2026-01-28
2026_ytd,vo_qqq_cross_20_200_raise_confirm,2026-01-02,2026-08-07,100000.0000000000,111342.3013681484,0.1134230137,0.1982181096,8,13.4651612903,449.0394283690,-0.3347786134,2026-01-28,2026-03-30,61,2026-05-06,37.0000000000,98.0000000000,98,2026-01-28
2026_ytd,vo_qqq_cross_20_200_both_confirm,2026-01-02,2026-08-07,100000.0000000000,113111.4321302135,0.1311143213,0.2304365079,3,5.0494354839,178.5249010018,-0.3361888587,2026-06-02,2026-07-29,57,,,,98,2026-01-28
2026_ytd,vo_qqq_cross_50_100_trend_cap,2026-01-02,2026-08-07,100000.0000000000,90690.8223246883,-0.0930917768,-0.1516541479,7,11.7820161290,408.9665704491,-0.2380961878,2026-01-28,2026-07-29,182,,,,191,2026-01-28
2026_ytd,vo_qqq_cross_50_100_trend_floor,2026-01-02,2026-08-07,100000.0000000000,113111.4321302135,0.1311143213,0.2304365079,3,5.0494354839,178.5249010018,-0.3361888587,2026-06-02,2026-07-29,57,,,,98,2026-01-28
2026_ytd,vo_qqq_cross_50_100_blend,2026-01-02,2026-08-07,100000.0000000000,102378.5402155830,0.0237854022,0.0403587300,9,15.1483064516,298.2628354342,-0.2856794683,2026-06-02,2026-07-29,57,,,,106,2026-01-28
2026_ytd,vo_qqq_cross_50_100_bear_step_down,2026-01-02,2026-08-07,100000.0000000000,89201.5487315010,-0.1079845127,-0.1749703884,8,13.4651612903,396.6840360174,-0.2505011394,2026-01-28,2026-07-29,182,,,,191,2026-01-28
2026_ytd,vo_qqq_cross_50_100_bull_step_up,2026-01-02,2026-08-07,100000.0000000000,112759.5315079094,0.1275953151,0.2240002653,5,8.4157258065,283.9289793939,-0.3383454624,2026-06-02,2026-07-29,57,,,,98,2026-01-28
2026_ytd,vo_qqq_cross_50_100_cut_confirm,2026-01-02,2026-08-07,100000.0000000000,113111.4321302135,0.1311143213,0.2304365079,3,5.0494354839,178.5249010018,-0.3361888587,2026-06-02,2026-07-29,57,,,,98,2026-01-28
2026_ytd,vo_qqq_cross_50_100_raise_confirm,2026-01-02,2026-08-07,100000.0000000000,108899.0848339546,0.0889908483,0.1542959016,6,10.0988709677,336.6651318643,-0.3347786134,2026-01-28,2026-03-30,61,2026-05-06,37.0000000000,98.0000000000,98,2026-01-28
2026_ytd,vo_qqq_cross_50_100_both_confirm,2026-01-02,2026-08-07,100000.0000000000,107515.6054399382,0.0751560544,0.1297207641,3,5.0494354839,178.5354670345,-0.3362084405,2026-06-02,2026-07-29,57,,,,98,2026-01-28
2026_ytd,vo_qqq_cross_50_150_trend_cap,2026-01-02,2026-08-07,100000.0000000000,79787.4879206688,-0.2021251208,-0.3161796528,8,13.4651612903,437.8416812618,-0.3347786134,2026-01-28,2026-03-30,61,,,,191,2026-01-28
2026_ytd,vo_qqq_cross_50_150_trend_floor,2026-01-02,2026-08-07,100000.0000000000,113111.4321302135,0.1311143213,0.2304365079,3,5.0494354839,178.5249010018,-0.3361888587,2026-06-02,2026-07-29,57,,,,98,2026-01-28
2026_ytd,vo_qqq_cross_50_150_blend,2026-01-02,2026-08-07,100000.0000000000,95858.1222916522,-0.0414187771,-0.0687231622,9,15.1483064516,327.7395090718,-0.3347786134,2026-01-28,2026-03-30,61,2026-05-28,59.0000000000,120.0000000000,120,2026-01-28
2026_ytd,vo_qqq_cross_50_150_bear_step_down,2026-01-02,2026-08-07,100000.0000000000,83392.4246947317,-0.1660757531,-0.2633781094,9,15.1483064516,453.2176825591,-0.3347786134,2026-01-28,2026-03-30,61,,,,191,2026-01-28
2026_ytd,vo_qqq_cross_50_150_bull_step_up,2026-01-02,2026-08-07,100000.0000000000,112759.5315079094,0.1275953151,0.2240002653,5,8.4157258065,283.9289793939,-0.3383454624,2026-06-02,2026-07-29,57,,,,98,2026-01-28
2026_ytd,vo_qqq_cross_50_150_cut_confirm,2026-01-02,2026-08-07,100000.0000000000,113111.4321302135,0.1311143213,0.2304365079,3,5.0494354839,178.5249010018,-0.3361888587,2026-06-02,2026-07-29,57,,,,98,2026-01-28
2026_ytd,vo_qqq_cross_50_150_raise_confirm,2026-01-02,2026-08-07,100000.0000000000,111342.3013681484,0.1134230137,0.1982181096,8,13.4651612903,449.0394283690,-0.3347786134,2026-01-28,2026-03-30,61,2026-05-06,37.0000000000,98.0000000000,98,2026-01-28
2026_ytd,vo_qqq_cross_50_150_both_confirm,2026-01-02,2026-08-07,100000.0000000000,113111.4321302135,0.1311143213,0.2304365079,3,5.0494354839,178.5249010018,-0.3361888587,2026-06-02,2026-07-29,57,,,,98,2026-01-28
2026_ytd,vo_qqq_cross_50_200_trend_cap,2026-01-02,2026-08-07,100000.0000000000,111342.3013681484,0.1134230137,0.1982181096,8,13.4651612903,449.0394283690,-0.3347786134,2026-01-28,2026-03-30,61,2026-05-06,37.0000000000,98.0000000000,98,2026-01-28
2026_ytd,vo_qqq_cross_50_200_trend_floor,2026-01-02,2026-08-07,100000.0000000000,137870.8960805819,0.3787089608,0.7169301572,1,1.6831451613,99.8732029760,-0.3363005420,2026-06-02,2026-07-29,57,,,,79,2026-01-28
2026_ytd,vo_qqq_cross_50_200_blend,2026-01-02,2026-08-07,100000.0000000000,124576.4666643713,0.2457646666,0.4475469433,8,13.4651612903,288.3776652333,-0.3347786134,2026-01-28,2026-03-30,61,2026-04-24,25.0000000000,86.0000000000,86,2026-01-28
2026_ytd,vo_qqq_cross_50_200_bear_step_down,2026-01-02,2026-08-07,100000.0000000000,111342.3013681484,0.1134230137,0.1982181096,8,13.4651612903,449.0394283690,-0.3347786134,2026-01-28,2026-03-30,61,2026-05-06,37.0000000000,98.0000000000,98,2026-01-28
2026_ytd,vo_qqq_cross_50_200_bull_step_up,2026-01-02,2026-08-07,100000.0000000000,137436.3826739319,0.3743638267,0.7078323472,3,5.0494354839,228.3908210180,-0.3383749852,2026-06-02,2026-07-29,57,,,,79,2026-01-28
2026_ytd,vo_qqq_cross_50_200_cut_confirm,2026-01-02,2026-08-07,100000.0000000000,137870.8960805819,0.3787089608,0.7169301572,1,1.6831451613,99.8732029760,-0.3363005420,2026-06-02,2026-07-29,57,,,,79,2026-01-28
2026_ytd,vo_qqq_cross_50_200_raise_confirm,2026-01-02,2026-08-07,100000.0000000000,111342.3013681484,0.1134230137,0.1982181096,8,13.4651612903,449.0394283690,-0.3347786134,2026-01-28,2026-03-30,61,2026-05-06,37.0000000000,98.0000000000,98,2026-01-28
2026_ytd,vo_qqq_cross_50_200_both_confirm,2026-01-02,2026-08-07,100000.0000000000,137870.8960805819,0.3787089608,0.7169301572,1,1.6831451613,99.8732029760,-0.3363005420,2026-06-02,2026-07-29,57,,,,79,2026-01-28
2026_ytd,vo_qqq_cross_100_200_trend_cap,2026-01-02,2026-08-07,100000.0000000000,111342.3013681484,0.1134230137,0.1982181096,8,13.4651612903,449.0394283690,-0.3347786134,2026-01-28,2026-03-30,61,2026-05-06,37.0000000000,98.0000000000,98,2026-01-28
2026_ytd,vo_qqq_cross_100_200_trend_floor,2026-01-02,2026-08-07,100000.0000000000,137870.8960805819,0.3787089608,0.7169301572,1,1.6831451613,99.8732029760,-0.3363005420,2026-06-02,2026-07-29,57,,,,79,2026-01-28
2026_ytd,vo_qqq_cross_100_200_blend,2026-01-02,2026-08-07,100000.0000000000,124576.4666643713,0.2457646666,0.4475469433,8,13.4651612903,288.3776652333,-0.3347786134,2026-01-28,2026-03-30,61,2026-04-24,25.0000000000,86.0000000000,86,2026-01-28
2026_ytd,vo_qqq_cross_100_200_bear_step_down,2026-01-02,2026-08-07,100000.0000000000,111342.3013681484,0.1134230137,0.1982181096,8,13.4651612903,449.0394283690,-0.3347786134,2026-01-28,2026-03-30,61,2026-05-06,37.0000000000,98.0000000000,98,2026-01-28
2026_ytd,vo_qqq_cross_100_200_bull_step_up,2026-01-02,2026-08-07,100000.0000000000,137436.3826739319,0.3743638267,0.7078323472,3,5.0494354839,228.3908210180,-0.3383749852,2026-06-02,2026-07-29,57,,,,79,2026-01-28
2026_ytd,vo_qqq_cross_100_200_cut_confirm,2026-01-02,2026-08-07,100000.0000000000,137870.8960805819,0.3787089608,0.7169301572,1,1.6831451613,99.8732029760,-0.3363005420,2026-06-02,2026-07-29,57,,,,79,2026-01-28
2026_ytd,vo_qqq_cross_100_200_raise_confirm,2026-01-02,2026-08-07,100000.0000000000,111342.3013681484,0.1134230137,0.1982181096,8,13.4651612903,449.0394283690,-0.3347786134,2026-01-28,2026-03-30,61,2026-05-06,37.0000000000,98.0000000000,98,2026-01-28
2026_ytd,vo_qqq_cross_100_200_both_confirm,2026-01-02,2026-08-07,100000.0000000000,137870.8960805819,0.3787089608,0.7169301572,1,1.6831451613,99.8732029760,-0.3363005420,2026-06-02,2026-07-29,57,,,,79,2026-01-28
2026_ytd,vo_qqq_cross_100_250_trend_cap,2026-01-02,2026-08-07,100000.0000000000,111342.3013681484,0.1134230137,0.1982181096,8,13.4651612903,449.0394283690,-0.3347786134,2026-01-28,2026-03-30,61,2026-05-06,37.0000000000,98.0000000000,98,2026-01-28
2026_ytd,vo_qqq_cross_100_250_trend_floor,2026-01-02,2026-08-07,100000.0000000000,137870.8960805819,0.3787089608,0.7169301572,1,1.6831451613,99.8732029760,-0.3363005420,2026-06-02,2026-07-29,57,,,,79,2026-01-28
2026_ytd,vo_qqq_cross_100_250_blend,2026-01-02,2026-08-07,100000.0000000000,124576.4666643713,0.2457646666,0.4475469433,8,13.4651612903,288.3776652333,-0.3347786134,2026-01-28,2026-03-30,61,2026-04-24,25.0000000000,86.0000000000,86,2026-01-28
2026_ytd,vo_qqq_cross_100_250_bear_step_down,2026-01-02,2026-08-07,100000.0000000000,111342.3013681484,0.1134230137,0.1982181096,8,13.4651612903,449.0394283690,-0.3347786134,2026-01-28,2026-03-30,61,2026-05-06,37.0000000000,98.0000000000,98,2026-01-28
2026_ytd,vo_qqq_cross_100_250_bull_step_up,2026-01-02,2026-08-07,100000.0000000000,137436.3826739319,0.3743638267,0.7078323472,3,5.0494354839,228.3908210180,-0.3383749852,2026-06-02,2026-07-29,57,,,,79,2026-01-28
2026_ytd,vo_qqq_cross_100_250_cut_confirm,2026-01-02,2026-08-07,100000.0000000000,137870.8960805819,0.3787089608,0.7169301572,1,1.6831451613,99.8732029760,-0.3363005420,2026-06-02,2026-07-29,57,,,,79,2026-01-28
2026_ytd,vo_qqq_cross_100_250_raise_confirm,2026-01-02,2026-08-07,100000.0000000000,111342.3013681484,0.1134230137,0.1982181096,8,13.4651612903,449.0394283690,-0.3347786134,2026-01-28,2026-03-30,61,2026-05-06,37.0000000000,98.0000000000,98,2026-01-28
2026_ytd,vo_qqq_cross_100_250_both_confirm,2026-01-02,2026-08-07,100000.0000000000,137870.8960805819,0.3787089608,0.7169301572,1,1.6831451613,99.8732029760,-0.3363005420,2026-06-02,2026-07-29,57,,,,79,2026-01-28
2026_ytd,vo_qqq_triple_5_20_100_trend_cap,2026-01-02,2026-08-07,100000.0000000000,106975.3810573441,0.0697538106,0.1201829478,18,30.2966129032,880.6564465905,-0.2337270733,2026-06-02,2026-07-29,57,,,,114,2026-01-12
2026_ytd,vo_qqq_triple_5_20_100_trend_floor,2026-01-02,2026-08-07,100000.0000000000,112501.0648042344,0.1250106480,0.2192816542,9,15.1483064516,511.1738881286,-0.3347786134,2026-01-28,2026-03-30,61,2026-05-06,37.0000000000,98.0000000000,98,2026-01-28
2026_ytd,vo_qqq_triple_5_20_100_blend,2026-01-02,2026-08-07,100000.0000000000,109722.8520576461,0.0972285206,0.1690305170,26,43.7617741935,691.4269878778,-0.2587172476,2026-01-12,2026-03-30,77,2026-05-06,37.0000000000,114.0000000000,114,2026-01-12
2026_ytd,vo_qqq_triple_5_20_100_bear_step_down,2026-01-02,2026-08-07,100000.0000000000,97114.0094276830,-0.0288599057,-0.0480950927,26,43.7617741935,772.1844910397,-0.2587172476,2026-01-12,2026-03-30,77,2026-05-14,45.0000000000,122.0000000000,122,2026-01-12
2026_ytd,vo_qqq_triple_5_20_100_bull_step_up,2026-01-02,2026-08-07,100000.0000000000,120460.1556939280,0.2046015569,0.3679531111,12,20.1977419355,468.3562571714,-0.3347786134,2026-01-28,2026-03-30,61,2026-05-01,32.0000000000,93.0000000000,93,2026-01-28
2026_ytd,vo_qqq_triple_5_20_100_cut_confirm,2026-01-02,2026-08-07,100000.0000000000,113111.4321302135,0.1311143213,0.2304365079,3,5.0494354839,178.5249010018,-0.3361888587,2026-06-02,2026-07-29,57,,,,98,2026-01-28
2026_ytd,vo_qqq_triple_5_20_100_raise_confirm,2026-01-02,2026-08-07,100000.0000000000,110465.1163602254,0.1046511636,0.1823721984,8,13.4651612903,449.0229898009,-0.3347786134,2026-01-28,2026-03-30,61,2026-05-06,37.0000000000,98.0000000000,98,2026-01-28
2026_ytd,vo_qqq_triple_5_20_100_both_confirm,2026-01-02,2026-08-07,100000.0000000000,113111.4321302135,0.1311143213,0.2304365079,3,5.0494354839,178.5249010018,-0.3361888587,2026-06-02,2026-07-29,57,,,,98,2026-01-28
2026_ytd,vo_qqq_triple_10_50_200_trend_cap,2026-01-02,2026-08-07,100000.0000000000,120789.0724246737,0.2078907242,0.3742458552,8,13.4651612903,489.0906257337,-0.2336221439,2026-06-02,2026-07-29,57,,,,86,2026-01-28
2026_ytd,vo_qqq_triple_10_50_200_trend_floor,2026-01-02,2026-08-07,100000.0000000000,114543.5736947998,0.1454357369,0.2567714223,4,6.7325806452,232.6039650411,-0.3347786134,2026-01-28,2026-03-30,61,2026-05-01,32.0000000000,93.0000000000,93,2026-01-28
2026_ytd,vo_qqq_triple_10_50_200_blend,2026-01-02,2026-08-07,100000.0000000000,118628.7410394374,0.1862874104,0.3331297103,11,18.5145967742,356.6071454412,-0.2735739459,2026-01-28,2026-03-30,61,2026-04-30,31.0000000000,92.0000000000,92,2026-01-28
2026_ytd,vo_qqq_triple_10_50_200_bear_step_down,2026-01-02,2026-08-07,100000.0000000000,105301.4761310795,0.0530147613,0.0908384849,11,18.5145967742,459.3839019459,-0.2735739459,2026-01-28,2026-03-30,61,2026-05-06,37.0000000000,98.0000000000,98,2026-01-28
2026_ytd,vo_qqq_triple_10_50_200_bull_step_up,2026-01-02,2026-08-07,100000.0000000000,125501.9204523334,0.2550192045,0.4656926010,6,10.0988709677,288.5368221296,-0.3347786134,2026-01-28,2026-03-30,61,2026-04-24,25.0000000000,86.0000000000,86,2026-01-28
2026_ytd,vo_qqq_triple_10_50_200_cut_confirm,2026-01-02,2026-08-07,100000.0000000000,137870.8960805819,0.3787089608,0.7169301572,1,1.6831451613,99.8732029760,-0.3363005420,2026-06-02,2026-07-29,57,,,,79,2026-01-28
2026_ytd,vo_qqq_triple_10_50_200_raise_confirm,2026-01-02,2026-08-07,100000.0000000000,107767.7602716497,0.0776776027,0.1341838594,7,11.7820161290,395.1769909606,-0.3347786134,2026-01-28,2026-03-30,61,2026-05-06,37.0000000000,98.0000000000,98,2026-01-28
2026_ytd,vo_qqq_triple_10_50_200_both_confirm,2026-01-02,2026-08-07,100000.0000000000,137870.8960805819,0.3787089608,0.7169301572,1,1.6831451613,99.8732029760,-0.3363005420,2026-06-02,2026-07-29,57,,,,79,2026-01-28
2026_ytd,vo_qqq_triple_20_50_200_trend_cap,2026-01-02,2026-08-07,100000.0000000000,121037.1141745867,0.2103711417,0.3789990718,8,13.4651612903,490.1512592377,-0.2336463568,2026-06-02,2026-07-29,57,,,,86,2026-01-28
2026_ytd,vo_qqq_triple_20_50_200_trend_floor,2026-01-02,2026-08-07,100000.0000000000,114648.4956514818,0.1464849565,0.2587096704,4,6.7325806452,233.9003031429,-0.3347786134,2026-01-28,2026-03-30,61,2026-05-05,36.0000000000,97.0000000000,97,2026-01-28
2026_ytd,vo_qqq_triple_20_50_200_blend,2026-01-02,2026-08-07,100000.0000000000,118816.8249909683,0.1881682499,0.3366892258,10,16.8314516129,356.2905504474,-0.2725231685,2026-01-28,2026-03-30,61,2026-05-01,32.0000000000,93.0000000000,93,2026-01-28
2026_ytd,vo_qqq_triple_20_50_200_bear_step_down,2026-01-02,2026-08-07,100000.0000000000,105321.0311782162,0.0532103118,0.0911794689,10,16.8314516129,458.6503136297,-0.2725231685,2026-01-28,2026-03-30,61,2026-05-08,39.0000000000,100.0000000000,100,2026-01-28
2026_ytd,vo_qqq_triple_20_50_200_bull_step_up,2026-01-02,2026-08-07,100000.0000000000,125693.6052212403,0.2569360522,0.4694624866,5,8.4157258065,288.6813162766,-0.3347786134,2026-01-28,2026-03-30,61,2026-04-24,25.0000000000,86.0000000000,86,2026-01-28
2026_ytd,vo_qqq_triple_20_50_200_cut_confirm,2026-01-02,2026-08-07,100000.0000000000,137870.8960805819,0.3787089608,0.7169301572,1,1.6831451613,99.8732029760,-0.3363005420,2026-06-02,2026-07-29,57,,,,79,2026-01-28
2026_ytd,vo_qqq_triple_20_50_200_raise_confirm,2026-01-02,2026-08-07,100000.0000000000,107767.7602716497,0.0776776027,0.1341838594,7,11.7820161290,395.1769909606,-0.3347786134,2026-01-28,2026-03-30,61,2026-05-06,37.0000000000,98.0000000000,98,2026-01-28
2026_ytd,vo_qqq_triple_20_50_200_both_confirm,2026-01-02,2026-08-07,100000.0000000000,137870.8960805819,0.3787089608,0.7169301572,1,1.6831451613,99.8732029760,-0.3363005420,2026-06-02,2026-07-29,57,,,,79,2026-01-28
2026_ytd,vo_qqq_triple_20_100_200_trend_cap,2026-01-02,2026-08-07,100000.0000000000,117204.4305788815,0.1720443058,0.3062996463,8,13.4651612903,473.7349396799,-0.2431918879,2026-01-28,2026-03-30,61,2026-05-05,36.0000000000,97.0000000000,97,2026-01-28
2026_ytd,vo_qqq_triple_20_100_200_trend_floor,2026-01-02,2026-08-07,100000.0000000000,115918.0228136037,0.1591802281,0.2822579079,3,5.0494354839,178.5481471187,-0.3362507146,2026-06-02,2026-07-29,57,,,,98,2026-01-28
2026_ytd,vo_qqq_triple_20_100_200_blend,2026-01-02,2026-08-07,100000.0000000000,117172.9792068000,0.1717297921,0.3057096895,10,16.8314516129,321.5240157706,-0.2889852506,2026-01-28,2026-03-30,61,2026-05-05,36.0000000000,97.0000000000,97,2026-01-28
2026_ytd,vo_qqq_triple_20_100_200_bear_step_down,2026-01-02,2026-08-07,100000.0000000000,103608.0025498912,0.0360800255,0.0614735094,10,16.8314516129,473.5506634821,-0.2889852506,2026-01-28,2026-03-30,61,2026-05-11,42.0000000000,103.0000000000,103,2026-01-28
2026_ytd,vo_qqq_triple_20_100_200_bull_step_up,2026-01-02,2026-08-07,100000.0000000000,126498.5200118367,0.2649852001,0.4853357083,5,8.4157258065,257.4556665644,-0.3383830072,2026-06-02,2026-07-29,57,,,,86,2026-01-28
2026_ytd,vo_qqq_triple_20_100_200_cut_confirm,2026-01-02,2026-08-07,100000.0000000000,137870.8960805819,0.3787089608,0.7169301572,1,1.6831451613,99.8732029760,-0.3363005420,2026-06-02,2026-07-29,57,,,,79,2026-01-28
2026_ytd,vo_qqq_triple_20_100_200_raise_confirm,2026-01-02,2026-08-07,100000.0000000000,111342.3013681484,0.1134230137,0.1982181096,8,13.4651612903,449.0394283690,-0.3347786134,2026-01-28,2026-03-30,61,2026-05-06,37.0000000000,98.0000000000,98,2026-01-28
2026_ytd,vo_qqq_triple_20_100_200_both_confirm,2026-01-02,2026-08-07,100000.0000000000,137870.8960805819,0.3787089608,0.7169301572,1,1.6831451613,99.8732029760,-0.3363005420,2026-06-02,2026-07-29,57,,,,79,2026-01-28
2026_ytd,vo_qqq_triple_50_100_200_trend_cap,2026-01-02,2026-08-07,100000.0000000000,113886.5989357175,0.1388659894,0.2446625517,6,10.0988709677,353.8912068057,-0.2458188096,2026-01-28,2026-03-30,61,2026-05-05,36.0000000000,97.0000000000,97,2026-01-28
2026_ytd,vo_qqq_triple_50_100_200_trend_floor,2026-01-02,2026-08-07,100000.0000000000,113111.4321302135,0.1311143213,0.2304365079,3,5.0494354839,178.5249010018,-0.3361888587,2026-06-02,2026-07-29,57,,,,98,2026-01-28
2026_ytd,vo_qqq_triple_50_100_200_blend,2026-01-02,2026-08-07,100000.0000000000,113825.6019015463,0.1382560190,0.2435407145,8,13.4651612903,262.2113821166,-0.2902987115,2026-01-28,2026-03-30,61,2026-05-06,37.0000000000,98.0000000000,98,2026-01-28
2026_ytd,vo_qqq_triple_50_100_200_bear_step_down,2026-01-02,2026-08-07,100000.0000000000,100425.3211305265,0.0042532113,0.0071691675,9,15.1483064516,419.4860102060,-0.2902987115,2026-01-28,2026-03-30,61,2026-05-26,57.0000000000,118.0000000000,118,2026-01-28
2026_ytd,vo_qqq_triple_50_100_200_bull_step_up,2026-01-02,2026-08-07,100000.0000000000,125097.2003615538,0.2509720036,0.4577458418,5,8.4157258065,256.1928589771,-0.3383566107,2026-06-02,2026-07-29,57,,,,86,2026-01-28
2026_ytd,vo_qqq_triple_50_100_200_cut_confirm,2026-01-02,2026-08-07,100000.0000000000,137870.8960805819,0.3787089608,0.7169301572,1,1.6831451613,99.8732029760,-0.3363005420,2026-06-02,2026-07-29,57,,,,79,2026-01-28
2026_ytd,vo_qqq_triple_50_100_200_raise_confirm,2026-01-02,2026-08-07,100000.0000000000,108899.0848339546,0.0889908483,0.1542959016,6,10.0988709677,336.6651318643,-0.3347786134,2026-01-28,2026-03-30,61,2026-05-06,37.0000000000,98.0000000000,98,2026-01-28
2026_ytd,vo_qqq_triple_50_100_200_both_confirm,2026-01-02,2026-08-07,100000.0000000000,137870.8960805819,0.3787089608,0.7169301572,1,1.6831451613,99.8732029760,-0.3363005420,2026-06-02,2026-07-29,57,,,,79,2026-01-28
2026_ytd,vo_qqq_triple_50_150_200_trend_cap,2026-01-02,2026-08-07,100000.0000000000,107729.5682178497,0.0772956822,0.1335074080,8,13.4651612903,433.8074255278,-0.3347786134,2026-01-28,2026-03-30,61,2026-05-08,39.0000000000,100.0000000000,100,2026-01-28
2026_ytd,vo_qqq_triple_50_150_200_trend_floor,2026-01-02,2026-08-07,100000.0000000000,113111.4321302135,0.1311143213,0.2304365079,3,5.0494354839,178.5249010018,-0.3361888587,2026-06-02,2026-07-29,57,,,,98,2026-01-28
2026_ytd,vo_qqq_triple_50_150_200_blend,2026-01-02,2026-08-07,100000.0000000000,109966.4560797853,0.0996645608,0.1734023538,9,15.1483064516,308.4652150161,-0.3347786134,2026-01-28,2026-03-30,61,2026-05-06,37.0000000000,98.0000000000,98,2026-01-28
2026_ytd,vo_qqq_triple_50_150_200_bear_step_down,2026-01-02,2026-08-07,100000.0000000000,97118.8755331125,-0.0288112447,-0.0480148099,9,15.1483064516,451.2413495620,-0.3347786134,2026-01-28,2026-03-30,61,2026-05-26,57.0000000000,118.0000000000,118,2026-01-28
2026_ytd,vo_qqq_triple_50_150_200_bull_step_up,2026-01-02,2026-08-07,100000.0000000000,125097.2003615538,0.2509720036,0.4577458418,5,8.4157258065,256.1928589771,-0.3383566107,2026-06-02,2026-07-29,57,,,,86,2026-01-28
2026_ytd,vo_qqq_triple_50_150_200_cut_confirm,2026-01-02,2026-08-07,100000.0000000000,137870.8960805819,0.3787089608,0.7169301572,1,1.6831451613,99.8732029760,-0.3363005420,2026-06-02,2026-07-29,57,,,,79,2026-01-28
2026_ytd,vo_qqq_triple_50_150_200_raise_confirm,2026-01-02,2026-08-07,100000.0000000000,111342.3013681484,0.1134230137,0.1982181096,8,13.4651612903,449.0394283690,-0.3347786134,2026-01-28,2026-03-30,61,2026-05-06,37.0000000000,98.0000000000,98,2026-01-28
2026_ytd,vo_qqq_triple_50_150_200_both_confirm,2026-01-02,2026-08-07,100000.0000000000,137870.8960805819,0.3787089608,0.7169301572,1,1.6831451613,99.8732029760,-0.3363005420,2026-06-02,2026-07-29,57,,,,79,2026-01-28
2026_ytd,vo_tqqq_price_sma_20_trend_cap,2026-01-02,2026-08-07,100000.0000000000,91861.8079418742,-0.0813819206,-0.1331362657,26,43.7617741935,1771.3467184709,-0.2663988007,2026-01-12,2026-03-09,56,2026-05-14,66.0000000000,122.0000000000,122,2026-01-12
2026_ytd,vo_tqqq_price_sma_20_trend_floor,2026-01-02,2026-08-07,100000.0000000000,121126.2988480111,0.2112629885,0.3807097428,15,25.2471774194,932.3466922392,-0.3347786134,2026-01-28,2026-03-30,61,2026-04-24,25.0000000000,86.0000000000,86,2026-01-28
2026_ytd,vo_tqqq_price_sma_20_blend,2026-01-02,2026-08-07,100000.0000000000,106159.9344717618,0.0615993447,0.1058482337,30,50.4943548387,1366.0219950663,-0.2901828860,2026-01-12,2026-03-30,77,2026-05-05,36.0000000000,113.0000000000,113,2026-01-12
2026_ytd,vo_tqqq_price_sma_20_bear_step_down,2026-01-02,2026-08-07,100000.0000000000,94474.9915884402,-0.0552500841,-0.0912285065,28,47.1280645161,1355.8587067072,-0.2901828860,2026-01-12,2026-03-30,77,2026-05-11,42.0000000000,119.0000000000,119,2026-01-12
2026_ytd,vo_tqqq_price_sma_20_bull_step_up,2026-01-02,2026-08-07,100000.0000000000,121126.2988480111,0.2112629885,0.3807097428,15,25.2471774194,932.3466922392,-0.3347786134,2026-01-28,2026-03-30,61,2026-04-24,25.0000000000,86.0000000000,86,2026-01-28
2026_ytd,vo_tqqq_price_sma_20_cut_confirm,2026-01-02,2026-08-07,100000.0000000000,114561.9109039518,0.1456191090,0.2571100824,6,10.0988709677,344.8527431708,-0.3347786134,2026-01-28,2026-03-30,61,2026-05-06,37.0000000000,98.0000000000,98,2026-01-28
2026_ytd,vo_tqqq_price_sma_20_raise_confirm,2026-01-02,2026-08-07,100000.0000000000,106902.2463857487,0.0690224639,0.1188942574,8,13.4651612903,449.0113113952,-0.3347786134,2026-01-28,2026-03-30,61,2026-05-06,37.0000000000,98.0000000000,98,2026-01-28
2026_ytd,vo_tqqq_price_sma_20_both_confirm,2026-01-02,2026-08-07,100000.0000000000,109994.4629635745,0.0999446296,0.1739054034,6,10.0988709677,344.8774962836,-0.3347786134,2026-01-28,2026-03-30,61,2026-05-06,37.0000000000,98.0000000000,98,2026-01-28
2026_ytd,vo_tqqq_price_sma_50_trend_cap,2026-01-02,2026-08-07,100000.0000000000,108958.0569422607,0.0895805694,0.1553482062,18,30.2966129032,1146.6539642572,-0.1920587790,2026-06-02,2026-08-06,65,,,,102,2026-01-12
2026_ytd,vo_tqqq_price_sma_50_trend_floor,2026-01-02,2026-08-07,100000.0000000000,119304.1073013668,0.1930410730,0.3459290223,14,23.5640322581,850.8740118211,-0.3347786134,2026-01-28,2026-03-30,61,2026-04-24,25.0000000000,86.0000000000,86,2026-01-28
2026_ytd,vo_tqqq_price_sma_50_blend,2026-01-02,2026-08-07,100000.0000000000,115085.0377541456,0.1508503775,0.2667870252,22,37.0291935484,1002.2256547230,-0.2198173930,2026-06-02,2026-07-29,57,,,,100,2026-01-12
2026_ytd,vo_tqqq_price_sma_50_bear_step_down,2026-01-02,2026-08-07,100000.0000000000,102313.1716362275,0.0231317164,0.0392409146,20,33.6629032258,1002.2702675140,-0.2141615225,2026-01-12,2026-03-30,77,2026-05-06,37.0000000000,114.0000000000,114,2026-01-12
2026_ytd,vo_tqqq_price_sma_50_bull_step_up,2026-01-02,2026-08-07,100000.0000000000,119304.1073013668,0.1930410730,0.3459290223,14,23.5640322581,850.8740118211,-0.3347786134,2026-01-28,2026-03-30,61,2026-04-24,25.0000000000,86.0000000000,86,2026-01-28
2026_ytd,vo_tqqq_price_sma_50_cut_confirm,2026-01-02,2026-08-07,100000.0000000000,112553.3814485068,0.1255338145,0.2202361584,6,10.0988709677,341.9303113946,-0.3347786134,2026-01-28,2026-03-30,61,2026-05-06,37.0000000000,98.0000000000,98,2026-01-28
2026_ytd,vo_tqqq_price_sma_50_raise_confirm,2026-01-02,2026-08-07,100000.0000000000,106902.2463857487,0.0690224639,0.1188942574,8,13.4651612903,449.0113113952,-0.3347786134,2026-01-28,2026-03-30,61,2026-05-06,37.0000000000,98.0000000000,98,2026-01-28
2026_ytd,vo_tqqq_price_sma_50_both_confirm,2026-01-02,2026-08-07,100000.0000000000,108066.5597143369,0.0806655971,0.1394817983,6,10.0988709677,341.9489144525,-0.3347786134,2026-01-28,2026-03-30,61,2026-05-06,37.0000000000,98.0000000000,98,2026-01-28
2026_ytd,vo_tqqq_price_sma_100_trend_cap,2026-01-02,2026-08-07,100000.0000000000,110611.2309206481,0.1061123092,0.1850057405,13,21.8808870968,851.7990917780,-0.1961651972,2026-06-02,2026-07-24,52,,,,113,2026-01-12
2026_ytd,vo_tqqq_price_sma_100_trend_floor,2026-01-02,2026-08-07,100000.0000000000,122082.9471239673,0.2208294712,0.3991135156,5,8.4157258065,290.2260708551,-0.3347786134,2026-01-28,2026-03-30,61,2026-04-24,25.0000000000,86.0000000000,86,2026-01-28
2026_ytd,vo_tqqq_price_sma_100_blend,2026-01-02,2026-08-07,100000.0000000000,117288.3952609227,0.1728839526,0.3078751638,14,23.5640322581,575.0554901188,-0.2375633270,2026-06-02,2026-07-29,57,,,,102,2026-01-12
2026_ytd,vo_tqqq_price_sma_100_bear_step_down,2026-01-02,2026-08-07,100000.0000000000,103914.1914732271,0.0391419147,0.0667587522,14,23.5640322581,723.6164961535,-0.2193075136,2026-01-12,2026-03-30,77,2026-05-06,37.0000000000,114.0000000000,114,2026-01-12
2026_ytd,vo_tqqq_price_sma_100_bull_step_up,2026-01-02,2026-08-07,100000.0000000000,121700.8213545883,0.2170082135,0.3917504084,7,11.7820161290,407.2656890802,-0.3347786134,2026-01-28,2026-03-30,61,2026-04-24,25.0000000000,86.0000000000,86,2026-01-28
2026_ytd,vo_tqqq_price_sma_100_cut_confirm,2026-01-02,2026-08-07,100000.0000000000,106678.0998125326,0.0667809981,0.1149483702,4,6.7325806452,228.6644391488,-0.3347786134,2026-01-28,2026-03-30,61,2026-05-06,37.0000000000,98.0000000000,98,2026-01-28
2026_ytd,vo_tqqq_price_sma_100_raise_confirm,2026-01-02,2026-08-07,100000.0000000000,111342.3013681484,0.1134230137,0.1982181096,8,13.4651612903,449.0394283690,-0.3347786134,2026-01-28,2026-03-30,61,2026-05-06,37.0000000000,98.0000000000,98,2026-01-28
2026_ytd,vo_tqqq_price_sma_100_both_confirm,2026-01-02,2026-08-07,100000.0000000000,106678.0998125326,0.0667809981,0.1149483702,4,6.7325806452,228.6644391488,-0.3347786134,2026-01-28,2026-03-30,61,2026-05-06,37.0000000000,98.0000000000,98,2026-01-28
2026_ytd,vo_tqqq_price_sma_150_trend_cap,2026-01-02,2026-08-07,100000.0000000000,95934.8050289808,-0.0406519497,-0.0674689018,15,25.2471774194,937.6267198995,-0.2383063898,2026-01-28,2026-02-27,30,2026-05-26,88.0000000000,118.0000000000,118,2026-01-28
2026_ytd,vo_tqqq_price_sma_150_trend_floor,2026-01-02,2026-08-07,100000.0000000000,119226.8640806308,0.1922686408,0.3444626217,5,8.4157258065,279.9648409858,-0.3362416439,2026-06-02,2026-07-29,57,,,,92,2026-01-28
2026_ytd,vo_tqqq_price_sma_150_blend,2026-01-02,2026-08-07,100000.0000000000,107773.2237614404,0.0777322376,0.1342806412,16,26.9303225806,622.4662263837,-0.2857328833,2026-06-02,2026-07-29,57,,,,98,2026-01-28
2026_ytd,vo_tqqq_price_sma_150_bear_step_down,2026-01-02,2026-08-07,100000.0000000000,95341.4622791642,-0.0465853772,-0.0771560354,16,26.9303225806,761.3850944698,-0.2822569676,2026-01-28,2026-03-30,61,2026-05-26,57.0000000000,118.0000000000,118,2026-01-28
2026_ytd,vo_tqqq_price_sma_150_bull_step_up,2026-01-02,2026-08-07,100000.0000000000,118839.9569791373,0.1883995698,0.3371272680,7,11.7820161290,394.8657092338,-0.3383462268,2026-06-02,2026-07-29,57,,,,92,2026-01-28
2026_ytd,vo_tqqq_price_sma_150_cut_confirm,2026-01-02,2026-08-07,100000.0000000000,102939.9743435794,0.0293997434,0.0499794335,4,6.7325806452,224.9225718125,-0.3361888587,2026-06-02,2026-07-29,57,,,,98,2026-01-28
2026_ytd,vo_tqqq_price_sma_150_raise_confirm,2026-01-02,2026-08-07,100000.0000000000,111342.3013681484,0.1134230137,0.1982181096,8,13.4651612903,449.0394283690,-0.3347786134,2026-01-28,2026-03-30,61,2026-05-06,37.0000000000,98.0000000000,98,2026-01-28
2026_ytd,vo_tqqq_price_sma_150_both_confirm,2026-01-02,2026-08-07,100000.0000000000,102939.9743435794,0.0293997434,0.0499794335,4,6.7325806452,224.9225718125,-0.3361888587,2026-06-02,2026-07-29,57,,,,98,2026-01-28
2026_ytd,vo_tqqq_price_sma_200_trend_cap,2026-01-02,2026-08-07,100000.0000000000,98013.4803723725,-0.0198651963,-0.0332086529,15,25.2471774194,941.4238921428,-0.2473452313,2026-01-28,2026-03-12,43,2026-05-14,63.0000000000,106.0000000000,106,2026-01-28
2026_ytd,vo_tqqq_price_sma_200_trend_floor,2026-01-02,2026-08-07,100000.0000000000,121474.6605308974,0.2147466053,0.3873999905,5,8.4157258065,281.9053640832,-0.3363400162,2026-06-02,2026-07-29,57,,,,86,2026-01-28
2026_ytd,vo_tqqq_price_sma_200_blend,2026-01-02,2026-08-07,100000.0000000000,109833.0058535620,0.0983300585,0.1710065705,16,26.9303225806,624.5018525958,-0.2857269828,2026-06-02,2026-07-29,57,,,,98,2026-01-28
2026_ytd,vo_tqqq_price_sma_200_bear_step_down,2026-01-02,2026-08-07,100000.0000000000,97389.8825073534,-0.0261011749,-0.0435393032,16,26.9303225806,765.9165696505,-0.2841291731,2026-01-28,2026-03-30,61,2026-05-26,57.0000000000,118.0000000000,118,2026-01-28
2026_ytd,vo_tqqq_price_sma_200_bull_step_up,2026-01-02,2026-08-07,100000.0000000000,121098.1608216114,0.2109816082,0.3801699281,7,11.7820161290,398.9689122972,-0.3383710220,2026-06-02,2026-07-29,57,,,,86,2026-01-28
2026_ytd,vo_tqqq_price_sma_200_cut_confirm,2026-01-02,2026-08-07,100000.0000000000,102939.9743435794,0.0293997434,0.0499794335,4,6.7325806452,224.9225718125,-0.3361888587,2026-06-02,2026-07-29,57,,,,98,2026-01-28
2026_ytd,vo_tqqq_price_sma_200_raise_confirm,2026-01-02,2026-08-07,100000.0000000000,111342.3013681484,0.1134230137,0.1982181096,8,13.4651612903,449.0394283690,-0.3347786134,2026-01-28,2026-03-30,61,2026-05-06,37.0000000000,98.0000000000,98,2026-01-28
2026_ytd,vo_tqqq_price_sma_200_both_confirm,2026-01-02,2026-08-07,100000.0000000000,102939.9743435794,0.0293997434,0.0499794335,4,6.7325806452,224.9225718125,-0.3361888587,2026-06-02,2026-07-29,57,,,,98,2026-01-28
2026_ytd,vo_tqqq_price_sma_250_trend_cap,2026-01-02,2026-08-07,100000.0000000000,109486.0482221037,0.0948604822,0.1647870706,9,15.1483064516,532.0462239124,-0.2449425457,2026-01-28,2026-03-20,51,2026-05-06,47.0000000000,98.0000000000,98,2026-01-28
2026_ytd,vo_tqqq_price_sma_250_trend_floor,2026-01-02,2026-08-07,100000.0000000000,129997.1567263346,0.2999715673,0.5551318440,3,5.0494354839,178.5438477361,-0.3362526693,2026-06-02,2026-07-29,57,,,,86,2026-01-28
2026_ytd,vo_tqqq_price_sma_250_blend,2026-01-02,2026-08-07,100000.0000000000,119808.3660030833,0.1980836600,0.3555179050,10,16.8314516129,364.5530195819,-0.2857189230,2026-06-02,2026-07-29,57,,,,93,2026-01-28
2026_ytd,vo_tqqq_price_sma_250_bear_step_down,2026-01-02,2026-08-07,100000.0000000000,106564.2095998129,0.0656420960,0.1129456096,10,16.8314516129,520.4748061126,-0.2724383554,2026-01-28,2026-03-30,61,2026-05-08,39.0000000000,100.0000000000,100,2026-01-28
2026_ytd,vo_tqqq_price_sma_250_bull_step_up,2026-01-02,2026-08-07,100000.0000000000,129590.5530315395,0.2959055303,0.5469535661,5,8.4157258065,299.7515158880,-0.3383791445,2026-06-02,2026-07-29,57,,,,86,2026-01-28
2026_ytd,vo_tqqq_price_sma_250_cut_confirm,2026-01-02,2026-08-07,100000.0000000000,113111.4321302135,0.1311143213,0.2304365079,3,5.0494354839,178.5249010018,-0.3361888587,2026-06-02,2026-07-29,57,,,,98,2026-01-28
2026_ytd,vo_tqqq_price_sma_250_raise_confirm,2026-01-02,2026-08-07,100000.0000000000,111342.3013681484,0.1134230137,0.1982181096,8,13.4651612903,449.0394283690,-0.3347786134,2026-01-28,2026-03-30,61,2026-05-06,37.0000000000,98.0000000000,98,2026-01-28
2026_ytd,vo_tqqq_price_sma_250_both_confirm,2026-01-02,2026-08-07,100000.0000000000,113111.4321302135,0.1311143213,0.2304365079,3,5.0494354839,178.5249010018,-0.3361888587,2026-06-02,2026-07-29,57,,,,98,2026-01-28
2026_ytd,vo_tqqq_cross_5_20_trend_cap,2026-01-02,2026-08-07,100000.0000000000,98875.0256501934,-0.0112497435,-0.0188621050,19,31.9797580645,1265.1663255702,-0.2359348595,2026-01-12,2026-02-05,24,2026-05-06,90.0000000000,114.0000000000,114,2026-01-12
2026_ytd,vo_tqqq_cross_5_20_trend_floor,2026-01-02,2026-08-07,100000.0000000000,118343.5047334683,0.1834350473,0.3277389261,11,18.5145967742,651.9122593336,-0.3347786134,2026-01-28,2026-03-30,61,2026-04-24,25.0000000000,86.0000000000,86,2026-01-28
2026_ytd,vo_tqqq_cross_5_20_blend,2026-01-02,2026-08-07,100000.0000000000,109250.1555227357,0.0925015552,0.1605661807,22,37.0291935484,967.5129142562,-0.2633567644,2026-06-02,2026-07-29,57,,,,108,2026-01-12
2026_ytd,vo_tqqq_cross_5_20_bear_step_down,2026-01-02,2026-08-07,100000.0000000000,97215.4238861865,-0.0278457611,-0.0464213527,20,33.6629032258,990.2925508627,-0.2524631823,2026-01-12,2026-03-30,77,2026-05-06,37.0000000000,114.0000000000,114,2026-01-12
2026_ytd,vo_tqqq_cross_5_20_bull_step_up,2026-01-02,2026-08-07,100000.0000000000,118343.5047334683,0.1834350473,0.3277389261,11,18.5145967742,651.9122593336,-0.3347786134,2026-01-28,2026-03-30,61,2026-04-24,25.0000000000,86.0000000000,86,2026-01-28
2026_ytd,vo_tqqq_cross_5_20_cut_confirm,2026-01-02,2026-08-07,100000.0000000000,110513.5944024853,0.1051359440,0.1832456941,6,10.0988709677,338.9765907390,-0.3347786134,2026-01-28,2026-03-30,61,2026-05-06,37.0000000000,98.0000000000,98,2026-01-28
2026_ytd,vo_tqqq_cross_5_20_raise_confirm,2026-01-02,2026-08-07,100000.0000000000,108313.3418974331,0.0831334190,0.1438649852,8,13.4651612903,449.0151420760,-0.3347786134,2026-01-28,2026-03-30,61,2026-05-06,37.0000000000,98.0000000000,98,2026-01-28
2026_ytd,vo_tqqq_cross_5_20_both_confirm,2026-01-02,2026-08-07,100000.0000000000,107508.6845907893,0.0750868459,0.1295983671,6,10.0988709677,339.0026744182,-0.3347786134,2026-01-28,2026-03-30,61,2026-05-06,37.0000000000,98.0000000000,98,2026-01-28
2026_ytd,vo_tqqq_cross_10_50_trend_cap,2026-01-02,2026-08-07,100000.0000000000,103591.3434859369,0.0359134349,0.0611862567,8,13.4651612903,482.9104781922,-0.1650709848,2026-01-28,2026-02-05,8,2026-05-08,92.0000000000,100.0000000000,100,2026-01-28
2026_ytd,vo_tqqq_cross_10_50_trend_floor,2026-01-02,2026-08-07,100000.0000000000,117799.2830716268,0.1779928307,0.3174780934,6,10.0988709677,349.6830480109,-0.3347786134,2026-01-28,2026-03-30,61,2026-05-01,32.0000000000,93.0000000000,93,2026-01-28
2026_ytd,vo_tqqq_cross_10_50_blend,2026-01-02,2026-08-07,100000.0000000000,111122.6096587799,0.1112260966,0.1942414532,12,20.1977419355,416.7882386968,-0.2441714446,2026-01-28,2026-03-30,61,2026-05-06,37.0000000000,98.0000000000,98,2026-01-28
2026_ytd,vo_tqqq_cross_10_50_bear_step_down,2026-01-02,2026-08-07,100000.0000000000,98202.7423707756,-0.0179725763,-0.0300643945,10,16.8314516129,463.0833679261,-0.2441714446,2026-01-28,2026-03-30,61,2026-05-14,45.0000000000,106.0000000000,106,2026-01-28
2026_ytd,vo_tqqq_cross_10_50_bull_step_up,2026-01-02,2026-08-07,100000.0000000000,117799.2830716268,0.1779928307,0.3174780934,6,10.0988709677,349.6830480109,-0.3347786134,2026-01-28,2026-03-30,61,2026-05-01,32.0000000000,93.0000000000,93,2026-01-28
2026_ytd,vo_tqqq_cross_10_50_cut_confirm,2026-01-02,2026-08-07,100000.0000000000,109952.6773374647,0.0995267734,0.1731548970,6,10.0988709677,338.1545716867,-0.3347786134,2026-01-28,2026-03-30,61,2026-05-06,37.0000000000,98.0000000000,98,2026-01-28
2026_ytd,vo_tqqq_cross_10_50_raise_confirm,2026-01-02,2026-08-07,100000.0000000000,107767.7602716497,0.0776776027,0.1341838594,7,11.7820161290,395.1769909606,-0.3347786134,2026-01-28,2026-03-30,61,2026-05-06,37.0000000000,98.0000000000,98,2026-01-28
2026_ytd,vo_tqqq_cross_10_50_both_confirm,2026-01-02,2026-08-07,100000.0000000000,106424.4385867755,0.0642443859,0.1104897325,5,8.4157258065,284.9898342447,-0.3347786134,2026-01-28,2026-03-30,61,2026-05-06,37.0000000000,98.0000000000,98,2026-01-28
2026_ytd,vo_tqqq_cross_20_50_trend_cap,2026-01-02,2026-08-07,100000.0000000000,101399.0654294062,0.0139906543,0.0236606697,10,16.8314516129,676.0784938294,-0.1650480912,2026-01-28,2026-02-05,8,2026-05-11,95.0000000000,103.0000000000,103,2026-01-28
2026_ytd,vo_tqqq_cross_20_50_trend_floor,2026-01-02,2026-08-07,100000.0000000000,116157.4211853980,0.1615742119,0.2867183035,6,10.0988709677,347.2677810966,-0.3347786134,2026-01-28,2026-03-30,61,2026-05-05,36.0000000000,97.0000000000,97,2026-01-28
2026_ytd,vo_tqqq_cross_20_50_blend,2026-01-02,2026-08-07,100000.0000000000,109285.6415819644,0.0928564158,0.1612007446,13,21.8808870968,512.4076525057,-0.2441562855,2026-01-28,2026-03-30,61,2026-05-06,37.0000000000,98.0000000000,98,2026-01-28
2026_ytd,vo_tqqq_cross_20_50_bear_step_down,2026-01-02,2026-08-07,100000.0000000000,96118.1130976454,-0.0388188690,-0.0644678494,11,18.5145967742,556.9856413537,-0.2441562855,2026-01-28,2026-03-30,61,2026-05-26,57.0000000000,118.0000000000,118,2026-01-28
2026_ytd,vo_tqqq_cross_20_50_bull_step_up,2026-01-02,2026-08-07,100000.0000000000,116157.4211853980,0.1615742119,0.2867183035,6,10.0988709677,347.2677810966,-0.3347786134,2026-01-28,2026-03-30,61,2026-05-05,36.0000000000,97.0000000000,97,2026-01-28
2026_ytd,vo_tqqq_cross_20_50_cut_confirm,2026-01-02,2026-08-07,100000.0000000000,111371.3940421047,0.1137139404,0.1987451206,6,10.0988709677,340.2260598001,-0.3347786134,2026-01-28,2026-03-30,61,2026-05-06,37.0000000000,98.0000000000,98,2026-01-28
2026_ytd,vo_tqqq_cross_20_50_raise_confirm,2026-01-02,2026-08-07,100000.0000000000,107767.7602716497,0.0776776027,0.1341838594,7,11.7820161290,395.1769909606,-0.3347786134,2026-01-28,2026-03-30,61,2026-05-06,37.0000000000,98.0000000000,98,2026-01-28
2026_ytd,vo_tqqq_cross_20_50_both_confirm,2026-01-02,2026-08-07,100000.0000000000,107796.8529456060,0.0779685295,0.1346992540,5,8.4157258065,286.3636223916,-0.3347786134,2026-01-28,2026-03-30,61,2026-05-06,37.0000000000,98.0000000000,98,2026-01-28
2026_ytd,vo_tqqq_cross_20_100_trend_cap,2026-01-02,2026-08-07,100000.0000000000,111328.9422654648,0.1132894227,0.1979761423,9,15.1483064516,562.5500589869,-0.2336261414,2026-06-02,2026-07-29,57,,,,98,2026-01-28
2026_ytd,vo_tqqq_cross_20_100_trend_floor,2026-01-02,2026-08-07,100000.0000000000,117231.9468566832,0.1723194686,0.3068158782,3,5.0494354839,178.5746565881,-0.3363170637,2026-06-02,2026-07-29,57,,,,97,2026-01-28
2026_ytd,vo_tqqq_cross_20_100_blend,2026-01-02,2026-08-07,100000.0000000000,115454.5645333775,0.1545456453,0.2736407731,10,16.8314516129,369.0875245379,-0.2856587307,2026-06-02,2026-07-29,57,,,,98,2026-01-28
2026_ytd,vo_tqqq_cross_20_100_bear_step_down,2026-01-02,2026-08-07,100000.0000000000,101196.6339214023,0.0119663392,0.0202233064,10,16.8314516129,520.4340515584,-0.2335630488,2026-06-02,2026-07-29,57,,,,106,2026-01-28
2026_ytd,vo_tqqq_cross_20_100_bull_step_up,2026-01-02,2026-08-07,100000.0000000000,116863.1174080308,0.1686311741,0.2999031661,5,8.4157258065,287.8076849237,-0.3383992571,2026-06-02,2026-07-29,57,,,,97,2026-01-28
2026_ytd,vo_tqqq_cross_20_100_cut_confirm,2026-01-02,2026-08-07,100000.0000000000,113111.4321302135,0.1311143213,0.2304365079,3,5.0494354839,178.5249010018,-0.3361888587,2026-06-02,2026-07-29,57,,,,98,2026-01-28
2026_ytd,vo_tqqq_cross_20_100_raise_confirm,2026-01-02,2026-08-07,100000.0000000000,111342.3013681484,0.1134230137,0.1982181096,8,13.4651612903,449.0394283690,-0.3347786134,2026-01-28,2026-03-30,61,2026-05-06,37.0000000000,98.0000000000,98,2026-01-28
2026_ytd,vo_tqqq_cross_20_100_both_confirm,2026-01-02,2026-08-07,100000.0000000000,113111.4321302135,0.1311143213,0.2304365079,3,5.0494354839,178.5249010018,-0.3361888587,2026-06-02,2026-07-29,57,,,,98,2026-01-28
2026_ytd,vo_tqqq_cross_20_200_trend_cap,2026-01-02,2026-08-07,100000.0000000000,94322.9806498216,-0.0567701935,-0.0936882819,9,15.1483064516,494.2440704564,-0.2336695519,2026-06-02,2026-07-29,57,,,,121,2026-01-28
2026_ytd,vo_tqqq_cross_20_200_trend_floor,2026-01-02,2026-08-07,100000.0000000000,115918.0228136037,0.1591802281,0.2822579079,3,5.0494354839,178.5481471187,-0.3362507146,2026-06-02,2026-07-29,57,,,,98,2026-01-28
2026_ytd,vo_tqqq_cross_20_200_blend,2026-01-02,2026-08-07,100000.0000000000,105242.7509025527,0.0524275090,0.0898147452,10,16.8314516129,346.9026500911,-0.2857199922,2026-06-02,2026-07-29,57,,,,100,2026-01-28
2026_ytd,vo_tqqq_cross_20_200_bear_step_down,2026-01-02,2026-08-07,100000.0000000000,92041.5372911919,-0.0795846271,-0.1302796850,10,16.8314516129,484.8099029603,-0.2745399486,2026-01-28,2026-03-30,61,2026-06-02,64.0000000000,125.0000000000,125,2026-01-28
2026_ytd,vo_tqqq_cross_20_200_bull_step_up,2026-01-02,2026-08-07,100000.0000000000,115553.1464837337,0.1555314648,0.2754717441,5,8.4157258065,286.5280154735,-0.3383273934,2026-06-02,2026-07-29,57,,,,98,2026-01-28
2026_ytd,vo_tqqq_cross_20_200_cut_confirm,2026-01-02,2026-08-07,100000.0000000000,113111.4321302135,0.1311143213,0.2304365079,3,5.0494354839,178.5249010018,-0.3361888587,2026-06-02,2026-07-29,57,,,,98,2026-01-28
2026_ytd,vo_tqqq_cross_20_200_raise_confirm,2026-01-02,2026-08-07,100000.0000000000,111342.3013681484,0.1134230137,0.1982181096,8,13.4651612903,449.0394283690,-0.3347786134,2026-01-28,2026-03-30,61,2026-05-06,37.0000000000,98.0000000000,98,2026-01-28
2026_ytd,vo_tqqq_cross_20_200_both_confirm,2026-01-02,2026-08-07,100000.0000000000,113111.4321302135,0.1311143213,0.2304365079,3,5.0494354839,178.5249010018,-0.3361888587,2026-06-02,2026-07-29,57,,,,98,2026-01-28
2026_ytd,vo_tqqq_cross_50_100_trend_cap,2026-01-02,2026-08-07,100000.0000000000,88624.2485773372,-0.1137575142,-0.1839376246,6,10.0988709677,405.1270150641,-0.2553517311,2026-01-28,2026-07-29,182,,,,191,2026-01-28
2026_ytd,vo_tqqq_cross_50_100_trend_floor,2026-01-02,2026-08-07,100000.0000000000,109932.1008287691,0.0993210083,0.1727853965,5,8.4157258065,287.3157484734,-0.3363191044,2026-06-02,2026-07-29,57,,,,98,2026-01-28
2026_ytd,vo_tqqq_cross_50_100_blend,2026-01-02,2026-08-07,100000.0000000000,99765.3978049617,-0.0023460220,-0.0039455305,10,16.8314516129,349.6374116557,-0.2857150907,2026-06-02,2026-07-29,57,,,,118,2026-01-28
2026_ytd,vo_tqqq_cross_50_100_bear_step_down,2026-01-02,2026-08-07,100000.0000000000,86746.0726242220,-0.1325392738,-0.2128355253,10,16.8314516129,483.1078690308,-0.2711346897,2026-01-28,2026-07-29,182,,,,191,2026-01-28
2026_ytd,vo_tqqq_cross_50_100_bull_step_up,2026-01-02,2026-08-07,100000.0000000000,109584.7939157096,0.0958479392,0.1665557995,7,11.7820161290,389.7260169137,-0.3383720112,2026-06-02,2026-07-29,57,,,,98,2026-01-28
2026_ytd,vo_tqqq_cross_50_100_cut_confirm,2026-01-02,2026-08-07,100000.0000000000,109932.1008287691,0.0993210083,0.1727853965,5,8.4157258065,287.3157484734,-0.3363191044,2026-06-02,2026-07-29,57,,,,98,2026-01-28
2026_ytd,vo_tqqq_cross_50_100_raise_confirm,2026-01-02,2026-08-07,100000.0000000000,109255.8776200141,0.0925587762,0.1606684940,6,10.0988709677,337.1803176777,-0.3347786134,2026-01-28,2026-03-30,61,2026-05-06,37.0000000000,98.0000000000,98,2026-01-28
2026_ytd,vo_tqqq_cross_50_100_both_confirm,2026-01-02,2026-08-07,100000.0000000000,107874.0726484010,0.0787407265,0.1360677093,3,5.0494354839,178.5493359632,-0.3362459827,2026-06-02,2026-07-29,57,,,,98,2026-01-28
2026_ytd,vo_tqqq_cross_50_150_trend_cap,2026-01-02,2026-08-07,100000.0000000000,87590.6388749584,-0.1240936113,-0.1998932281,6,10.0988709677,402.8638450681,-0.2640620169,2026-01-28,2026-07-29,182,,,,191,2026-01-28
2026_ytd,vo_tqqq_cross_50_150_trend_floor,2026-01-02,2026-08-07,100000.0000000000,109932.1008287691,0.0993210083,0.1727853965,5,8.4157258065,287.3157484734,-0.3363191044,2026-06-02,2026-07-29,57,,,,98,2026-01-28
2026_ytd,vo_tqqq_cross_50_150_blend,2026-01-02,2026-08-07,100000.0000000000,99143.7514176317,-0.0085624858,-0.0143697177,10,16.8314516129,348.7380472819,-0.2856681050,2026-06-02,2026-07-29,57,,,,118,2026-01-28
2026_ytd,vo_tqqq_cross_50_150_bear_step_down,2026-01-02,2026-08-07,100000.0000000000,86228.6938441824,-0.1377130616,-0.2207215771,10,16.8314516129,481.6578826867,-0.2755747329,2026-01-28,2026-07-29,182,,,,191,2026-01-28
2026_ytd,vo_tqqq_cross_50_150_bull_step_up,2026-01-02,2026-08-07,100000.0000000000,109584.7939157096,0.0958479392,0.1665557995,7,11.7820161290,389.7260169137,-0.3383720112,2026-06-02,2026-07-29,57,,,,98,2026-01-28
2026_ytd,vo_tqqq_cross_50_150_cut_confirm,2026-01-02,2026-08-07,100000.0000000000,109932.1008287691,0.0993210083,0.1727853965,5,8.4157258065,287.3157484734,-0.3363191044,2026-06-02,2026-07-29,57,,,,98,2026-01-28
2026_ytd,vo_tqqq_cross_50_150_raise_confirm,2026-01-02,2026-08-07,100000.0000000000,108996.5915686738,0.0899659157,0.1560360324,6,10.0988709677,336.9341330198,-0.3347786134,2026-01-28,2026-03-30,61,2026-05-06,37.0000000000,98.0000000000,98,2026-01-28
2026_ytd,vo_tqqq_cross_50_150_both_confirm,2026-01-02,2026-08-07,100000.0000000000,107611.4146508584,0.0761141465,0.1314157286,3,5.0494354839,178.5885447483,-0.3363507025,2026-06-02,2026-07-29,57,,,,98,2026-01-28
2026_ytd,vo_tqqq_cross_50_200_trend_cap,2026-01-02,2026-08-07,100000.0000000000,83377.9985238357,-0.1662200148,-0.2635925787,8,13.4651612903,459.7665769540,-0.3347786134,2026-01-28,2026-03-30,61,,,,191,2026-01-28
2026_ytd,vo_tqqq_cross_50_200_trend_floor,2026-01-02,2026-08-07,100000.0000000000,113111.4321302135,0.1311143213,0.2304365079,3,5.0494354839,178.5249010018,-0.3361888587,2026-06-02,2026-07-29,57,,,,98,2026-01-28
2026_ytd,vo_tqqq_cross_50_200_blend,2026-01-02,2026-08-07,100000.0000000000,97917.6773461241,-0.0208232265,-0.0347986734,9,15.1483064516,335.0579540298,-0.3347786134,2026-01-28,2026-03-30,61,2026-05-26,57.0000000000,118.0000000000,118,2026-01-28
2026_ytd,vo_tqqq_cross_50_200_bear_step_down,2026-01-02,2026-08-07,100000.0000000000,85195.5149347368,-0.1480448507,-0.2363730283,9,15.1483064516,464.0670005568,-0.3347786134,2026-01-28,2026-03-30,61,,,,191,2026-01-28
2026_ytd,vo_tqqq_cross_50_200_bull_step_up,2026-01-02,2026-08-07,100000.0000000000,112759.5315079094,0.1275953151,0.2240002653,5,8.4157258065,283.9289793939,-0.3383454624,2026-06-02,2026-07-29,57,,,,98,2026-01-28
2026_ytd,vo_tqqq_cross_50_200_cut_confirm,2026-01-02,2026-08-07,100000.0000000000,113111.4321302135,0.1311143213,0.2304365079,3,5.0494354839,178.5249010018,-0.3361888587,2026-06-02,2026-07-29,57,,,,98,2026-01-28
2026_ytd,vo_tqqq_cross_50_200_raise_confirm,2026-01-02,2026-08-07,100000.0000000000,109529.7722096388,0.0952977221,0.1655701185,8,13.4651612903,444.6596268904,-0.3347786134,2026-01-28,2026-03-30,61,2026-05-06,37.0000000000,98.0000000000,98,2026-01-28
2026_ytd,vo_tqqq_cross_50_200_both_confirm,2026-01-02,2026-08-07,100000.0000000000,111272.6869949765,0.1127268699,0.1969574338,3,5.0494354839,178.5763146941,-0.3363192317,2026-06-02,2026-07-29,57,,,,98,2026-01-28
2026_ytd,vo_tqqq_cross_100_200_trend_cap,2026-01-02,2026-08-07,100000.0000000000,111342.3013681484,0.1134230137,0.1982181096,8,13.4651612903,449.0394283690,-0.3347786134,2026-01-28,2026-03-30,61,2026-05-06,37.0000000000,98.0000000000,98,2026-01-28
2026_ytd,vo_tqqq_cross_100_200_trend_floor,2026-01-02,2026-08-07,100000.0000000000,137870.8960805819,0.3787089608,0.7169301572,1,1.6831451613,99.8732029760,-0.3363005420,2026-06-02,2026-07-29,57,,,,79,2026-01-28
2026_ytd,vo_tqqq_cross_100_200_blend,2026-01-02,2026-08-07,100000.0000000000,124576.4666643713,0.2457646666,0.4475469433,8,13.4651612903,288.3776652333,-0.3347786134,2026-01-28,2026-03-30,61,2026-04-24,25.0000000000,86.0000000000,86,2026-01-28
2026_ytd,vo_tqqq_cross_100_200_bear_step_down,2026-01-02,2026-08-07,100000.0000000000,111342.3013681484,0.1134230137,0.1982181096,8,13.4651612903,449.0394283690,-0.3347786134,2026-01-28,2026-03-30,61,2026-05-06,37.0000000000,98.0000000000,98,2026-01-28
2026_ytd,vo_tqqq_cross_100_200_bull_step_up,2026-01-02,2026-08-07,100000.0000000000,137436.3826739319,0.3743638267,0.7078323472,3,5.0494354839,228.3908210180,-0.3383749852,2026-06-02,2026-07-29,57,,,,79,2026-01-28
2026_ytd,vo_tqqq_cross_100_200_cut_confirm,2026-01-02,2026-08-07,100000.0000000000,137870.8960805819,0.3787089608,0.7169301572,1,1.6831451613,99.8732029760,-0.3363005420,2026-06-02,2026-07-29,57,,,,79,2026-01-28
2026_ytd,vo_tqqq_cross_100_200_raise_confirm,2026-01-02,2026-08-07,100000.0000000000,111342.3013681484,0.1134230137,0.1982181096,8,13.4651612903,449.0394283690,-0.3347786134,2026-01-28,2026-03-30,61,2026-05-06,37.0000000000,98.0000000000,98,2026-01-28
2026_ytd,vo_tqqq_cross_100_200_both_confirm,2026-01-02,2026-08-07,100000.0000000000,137870.8960805819,0.3787089608,0.7169301572,1,1.6831451613,99.8732029760,-0.3363005420,2026-06-02,2026-07-29,57,,,,79,2026-01-28
2026_ytd,vo_tqqq_cross_100_250_trend_cap,2026-01-02,2026-08-07,100000.0000000000,111342.3013681484,0.1134230137,0.1982181096,8,13.4651612903,449.0394283690,-0.3347786134,2026-01-28,2026-03-30,61,2026-05-06,37.0000000000,98.0000000000,98,2026-01-28
2026_ytd,vo_tqqq_cross_100_250_trend_floor,2026-01-02,2026-08-07,100000.0000000000,137870.8960805819,0.3787089608,0.7169301572,1,1.6831451613,99.8732029760,-0.3363005420,2026-06-02,2026-07-29,57,,,,79,2026-01-28
2026_ytd,vo_tqqq_cross_100_250_blend,2026-01-02,2026-08-07,100000.0000000000,124576.4666643713,0.2457646666,0.4475469433,8,13.4651612903,288.3776652333,-0.3347786134,2026-01-28,2026-03-30,61,2026-04-24,25.0000000000,86.0000000000,86,2026-01-28
2026_ytd,vo_tqqq_cross_100_250_bear_step_down,2026-01-02,2026-08-07,100000.0000000000,111342.3013681484,0.1134230137,0.1982181096,8,13.4651612903,449.0394283690,-0.3347786134,2026-01-28,2026-03-30,61,2026-05-06,37.0000000000,98.0000000000,98,2026-01-28
2026_ytd,vo_tqqq_cross_100_250_bull_step_up,2026-01-02,2026-08-07,100000.0000000000,137436.3826739319,0.3743638267,0.7078323472,3,5.0494354839,228.3908210180,-0.3383749852,2026-06-02,2026-07-29,57,,,,79,2026-01-28
2026_ytd,vo_tqqq_cross_100_250_cut_confirm,2026-01-02,2026-08-07,100000.0000000000,137870.8960805819,0.3787089608,0.7169301572,1,1.6831451613,99.8732029760,-0.3363005420,2026-06-02,2026-07-29,57,,,,79,2026-01-28
2026_ytd,vo_tqqq_cross_100_250_raise_confirm,2026-01-02,2026-08-07,100000.0000000000,111342.3013681484,0.1134230137,0.1982181096,8,13.4651612903,449.0394283690,-0.3347786134,2026-01-28,2026-03-30,61,2026-05-06,37.0000000000,98.0000000000,98,2026-01-28
2026_ytd,vo_tqqq_cross_100_250_both_confirm,2026-01-02,2026-08-07,100000.0000000000,137870.8960805819,0.3787089608,0.7169301572,1,1.6831451613,99.8732029760,-0.3363005420,2026-06-02,2026-07-29,57,,,,79,2026-01-28
2026_ytd,vo_tqqq_triple_5_20_100_trend_cap,2026-01-02,2026-08-07,100000.0000000000,117472.3645097253,0.1747236451,0.3113298662,16,26.9303225806,843.4100612126,-0.2336168593,2026-06-02,2026-07-29,57,,,,102,2026-01-12
2026_ytd,vo_tqqq_triple_5_20_100_trend_floor,2026-01-02,2026-08-07,100000.0000000000,107044.8464869999,0.0704484649,0.1214075406,9,15.1483064516,503.7775314110,-0.3347786134,2026-01-28,2026-03-30,61,2026-05-05,36.0000000000,97.0000000000,97,2026-01-28
2026_ytd,vo_tqqq_triple_5_20_100_blend,2026-01-02,2026-08-07,100000.0000000000,112423.4200570009,0.1242342006,0.2178656040,24,40.3954838710,671.7992882925,-0.2720057837,2026-06-02,2026-07-29,57,,,,109,2026-01-12
2026_ytd,vo_tqqq_triple_5_20_100_bear_step_down,2026-01-02,2026-08-07,100000.0000000000,99589.7621151078,-0.0041023788,-0.0068952194,24,40.3954838710,757.7661018070,-0.2229937563,2026-01-12,2026-03-30,77,2026-05-08,39.0000000000,116.0000000000,116,2026-01-12
2026_ytd,vo_tqqq_triple_5_20_100_bull_step_up,2026-01-02,2026-08-07,100000.0000000000,117490.2696892262,0.1749026969,0.3116662996,12,20.1977419355,464.2311214207,-0.3347786134,2026-01-28,2026-03-30,61,2026-05-01,32.0000000000,93.0000000000,93,2026-01-28
2026_ytd,vo_tqqq_triple_5_20_100_cut_confirm,2026-01-02,2026-08-07,100000.0000000000,113111.4321302135,0.1311143213,0.2304365079,3,5.0494354839,178.5249010018,-0.3361888587,2026-06-02,2026-07-29,57,,,,98,2026-01-28
2026_ytd,vo_tqqq_triple_5_20_100_raise_confirm,2026-01-02,2026-08-07,100000.0000000000,108313.3418974331,0.0831334190,0.1438649852,8,13.4651612903,449.0151420760,-0.3347786134,2026-01-28,2026-03-30,61,2026-05-06,37.0000000000,98.0000000000,98,2026-01-28
2026_ytd,vo_tqqq_triple_5_20_100_both_confirm,2026-01-02,2026-08-07,100000.0000000000,113111.4321302135,0.1311143213,0.2304365079,3,5.0494354839,178.5249010018,-0.3361888587,2026-06-02,2026-07-29,57,,,,98,2026-01-28
2026_ytd,vo_tqqq_triple_10_50_200_trend_cap,2026-01-02,2026-08-07,100000.0000000000,98628.1733462666,-0.0137182665,-0.0229814825,11,18.5145967742,506.1165050848,-0.2441714446,2026-01-28,2026-03-30,61,2026-05-26,57.0000000000,118.0000000000,118,2026-01-28
2026_ytd,vo_tqqq_triple_10_50_200_trend_floor,2026-01-02,2026-08-07,100000.0000000000,110272.1663177021,0.1027216632,0.1788981467,4,6.7325806452,232.2621033181,-0.3347786134,2026-01-28,2026-03-30,61,2026-05-06,37.0000000000,98.0000000000,98,2026-01-28
2026_ytd,vo_tqqq_triple_10_50_200_blend,2026-01-02,2026-08-07,100000.0000000000,103964.9777163693,0.0396497772,0.0676364227,13,21.8808870968,372.8410945924,-0.2895227424,2026-01-28,2026-03-30,61,2026-05-08,39.0000000000,100.0000000000,100,2026-01-28
2026_ytd,vo_tqqq_triple_10_50_200_bear_step_down,2026-01-02,2026-08-07,100000.0000000000,91599.8004843491,-0.0840019952,-0.1372937215,13,21.8808870968,464.9332103322,-0.2895227424,2026-01-28,2026-03-30,61,2026-06-01,63.0000000000,124.0000000000,124,2026-01-28
2026_ytd,vo_tqqq_triple_10_50_200_bull_step_up,2026-01-02,2026-08-07,100000.0000000000,114714.0353592934,0.1471403536,0.2599210160,7,11.7820161290,315.0458407064,-0.3347786134,2026-01-28,2026-03-30,61,2026-05-06,37.0000000000,98.0000000000,98,2026-01-28
2026_ytd,vo_tqqq_triple_10_50_200_cut_confirm,2026-01-02,2026-08-07,100000.0000000000,113111.4321302135,0.1311143213,0.2304365079,3,5.0494354839,178.5249010018,-0.3361888587,2026-06-02,2026-07-29,57,,,,98,2026-01-28
2026_ytd,vo_tqqq_triple_10_50_200_raise_confirm,2026-01-02,2026-08-07,100000.0000000000,106015.4241626925,0.0601542416,0.1033157114,7,11.7820161290,391.7041994383,-0.3347786134,2026-01-28,2026-03-30,61,2026-05-06,37.0000000000,98.0000000000,98,2026-01-28
2026_ytd,vo_tqqq_triple_10_50_200_both_confirm,2026-01-02,2026-08-07,100000.0000000000,111272.6869949765,0.1127268699,0.1969574338,3,5.0494354839,178.5763146941,-0.3363192317,2026-06-02,2026-07-29,57,,,,98,2026-01-28
2026_ytd,vo_tqqq_triple_20_50_200_trend_cap,2026-01-02,2026-08-07,100000.0000000000,95302.5121868030,-0.0469748781,-0.0777905124,12,20.1977419355,597.4301990629,-0.2441562855,2026-01-28,2026-03-30,61,2026-05-28,59.0000000000,120.0000000000,120,2026-01-28
2026_ytd,vo_tqqq_triple_20_50_200_trend_floor,2026-01-02,2026-08-07,100000.0000000000,111644.5806765325,0.1164458068,0.2036984572,4,6.7325806452,233.6358914651,-0.3347786134,2026-01-28,2026-03-30,61,2026-05-06,37.0000000000,98.0000000000,98,2026-01-28
2026_ytd,vo_tqqq_triple_20_50_200_blend,2026-01-02,2026-08-07,100000.0000000000,103158.7161875269,0.0315871619,0.0537375066,14,23.5640322581,421.3464391962,-0.2895167567,2026-01-28,2026-03-30,61,2026-05-08,39.0000000000,100.0000000000,100,2026-01-28
2026_ytd,vo_tqqq_triple_20_50_200_bear_step_down,2026-01-02,2026-08-07,100000.0000000000,90561.9687736109,-0.0943803123,-0.1536819087,14,23.5640322581,511.8771766989,-0.2895167567,2026-01-28,2026-03-30,61,2026-06-02,64.0000000000,125.0000000000,125,2026-01-28
2026_ytd,vo_tqqq_triple_20_50_200_bull_step_up,2026-01-02,2026-08-07,100000.0000000000,114014.5452253296,0.1401454523,0.2470170309,7,11.7820161290,314.2531515751,-0.3347786134,2026-01-28,2026-03-30,61,2026-05-06,37.0000000000,98.0000000000,98,2026-01-28
2026_ytd,vo_tqqq_triple_20_50_200_cut_confirm,2026-01-02,2026-08-07,100000.0000000000,113111.4321302135,0.1311143213,0.2304365079,3,5.0494354839,178.5249010018,-0.3361888587,2026-06-02,2026-07-29,57,,,,98,2026-01-28
2026_ytd,vo_tqqq_triple_20_50_200_raise_confirm,2026-01-02,2026-08-07,100000.0000000000,106015.4241626925,0.0601542416,0.1033157114,7,11.7820161290,391.7041994383,-0.3347786134,2026-01-28,2026-03-30,61,2026-05-06,37.0000000000,98.0000000000,98,2026-01-28
2026_ytd,vo_tqqq_triple_20_50_200_both_confirm,2026-01-02,2026-08-07,100000.0000000000,111272.6869949765,0.1127268699,0.1969574338,3,5.0494354839,178.5763146941,-0.3363192317,2026-06-02,2026-07-29,57,,,,98,2026-01-28
2026_ytd,vo_tqqq_triple_20_100_200_trend_cap,2026-01-02,2026-08-07,100000.0000000000,121037.1141745867,0.2103711417,0.3789990718,8,13.4651612903,490.1512592377,-0.2336463568,2026-06-02,2026-07-29,57,,,,86,2026-01-28
2026_ytd,vo_tqqq_triple_20_100_200_trend_floor,2026-01-02,2026-08-07,100000.0000000000,117231.9468566832,0.1723194686,0.3068158782,3,5.0494354839,178.5746565881,-0.3363170637,2026-06-02,2026-07-29,57,,,,97,2026-01-28
2026_ytd,vo_tqqq_triple_20_100_200_blend,2026-01-02,2026-08-07,100000.0000000000,120257.1910579543,0.2025719106,0.3640758979,10,16.8314516129,326.6531080934,-0.2856450257,2026-06-02,2026-07-29,57,,,,93,2026-01-28
2026_ytd,vo_tqqq_triple_20_100_200_bear_step_down,2026-01-02,2026-08-07,100000.0000000000,106374.5596942416,0.0637455969,0.1096138577,10,16.8314516129,482.9322898889,-0.2725231685,2026-01-28,2026-03-30,61,2026-05-08,39.0000000000,100.0000000000,100,2026-01-28
2026_ytd,vo_tqqq_triple_20_100_200_bull_step_up,2026-01-02,2026-08-07,100000.0000000000,127145.3703241217,0.2714537032,0.4981419598,5,8.4157258065,258.0342277117,-0.3383569741,2026-06-02,2026-07-29,57,,,,86,2026-01-28
2026_ytd,vo_tqqq_triple_20_100_200_cut_confirm,2026-01-02,2026-08-07,100000.0000000000,137870.8960805819,0.3787089608,0.7169301572,1,1.6831451613,99.8732029760,-0.3363005420,2026-06-02,2026-07-29,57,,,,79,2026-01-28
2026_ytd,vo_tqqq_triple_20_100_200_raise_confirm,2026-01-02,2026-08-07,100000.0000000000,111342.3013681484,0.1134230137,0.1982181096,8,13.4651612903,449.0394283690,-0.3347786134,2026-01-28,2026-03-30,61,2026-05-06,37.0000000000,98.0000000000,98,2026-01-28
2026_ytd,vo_tqqq_triple_20_100_200_both_confirm,2026-01-02,2026-08-07,100000.0000000000,137870.8960805819,0.3787089608,0.7169301572,1,1.6831451613,99.8732029760,-0.3363005420,2026-06-02,2026-07-29,57,,,,79,2026-01-28
2026_ytd,vo_tqqq_triple_50_100_200_trend_cap,2026-01-02,2026-08-07,100000.0000000000,114118.8536655502,0.1411885367,0.2489378605,6,10.0988709677,353.8886411782,-0.2474825703,2026-01-28,2026-03-30,61,2026-05-05,36.0000000000,97.0000000000,97,2026-01-28
2026_ytd,vo_tqqq_triple_50_100_200_trend_floor,2026-01-02,2026-08-07,100000.0000000000,109932.1008287691,0.0993210083,0.1727853965,5,8.4157258065,287.3157484734,-0.3363191044,2026-06-02,2026-07-29,57,,,,98,2026-01-28
2026_ytd,vo_tqqq_triple_50_100_200_blend,2026-01-02,2026-08-07,100000.0000000000,112241.3004957710,0.1224130050,0.2145468098,10,16.8314516129,318.9922088438,-0.2911305919,2026-01-28,2026-03-30,61,2026-05-06,37.0000000000,98.0000000000,98,2026-01-28
2026_ytd,vo_tqqq_triple_50_100_200_bear_step_down,2026-01-02,2026-08-07,100000.0000000000,99108.1463487338,-0.0089185365,-0.0149654194,10,16.8314516129,466.3217927902,-0.2911305919,2026-01-28,2026-03-30,61,2026-05-26,57.0000000000,118.0000000000,118,2026-01-28
2026_ytd,vo_tqqq_triple_50_100_200_bull_step_up,2026-01-02,2026-08-07,100000.0000000000,123340.3377339887,0.2334033773,0.4234531056,7,11.7820161290,315.0297352022,-0.3383846500,2026-06-02,2026-07-29,57,,,,86,2026-01-28
2026_ytd,vo_tqqq_triple_50_100_200_cut_confirm,2026-01-02,2026-08-07,100000.0000000000,137870.8960805819,0.3787089608,0.7169301572,1,1.6831451613,99.8732029760,-0.3363005420,2026-06-02,2026-07-29,57,,,,79,2026-01-28
2026_ytd,vo_tqqq_triple_50_100_200_raise_confirm,2026-01-02,2026-08-07,100000.0000000000,109255.8776200141,0.0925587762,0.1606684940,6,10.0988709677,337.1803176777,-0.3347786134,2026-01-28,2026-03-30,61,2026-05-06,37.0000000000,98.0000000000,98,2026-01-28
2026_ytd,vo_tqqq_triple_50_100_200_both_confirm,2026-01-02,2026-08-07,100000.0000000000,137870.8960805819,0.3787089608,0.7169301572,1,1.6831451613,99.8732029760,-0.3363005420,2026-06-02,2026-07-29,57,,,,79,2026-01-28
2026_ytd,vo_tqqq_triple_50_150_200_trend_cap,2026-01-02,2026-08-07,100000.0000000000,113596.4588115252,0.1359645881,0.2393300601,6,10.0988709677,352.7946045830,-0.2495841036,2026-01-28,2026-03-30,61,2026-05-05,36.0000000000,97.0000000000,97,2026-01-28
2026_ytd,vo_tqqq_triple_50_150_200_trend_floor,2026-01-02,2026-08-07,100000.0000000000,109932.1008287691,0.0993210083,0.1727853965,5,8.4157258065,287.3157484734,-0.3363191044,2026-06-02,2026-07-29,57,,,,98,2026-01-28
2026_ytd,vo_tqqq_triple_50_150_200_blend,2026-01-02,2026-08-07,100000.0000000000,111885.6618453063,0.1188566185,0.2080765509,10,16.8314516129,318.7811075820,-0.2921813585,2026-01-28,2026-03-30,61,2026-05-06,37.0000000000,98.0000000000,98,2026-01-28
2026_ytd,vo_tqqq_triple_50_150_200_bear_step_down,2026-01-02,2026-08-07,100000.0000000000,98803.6456921947,-0.0119635431,-0.0200539896,10,16.8314516129,465.6182049868,-0.2921813585,2026-01-28,2026-03-30,61,2026-05-26,57.0000000000,118.0000000000,118,2026-01-28
2026_ytd,vo_tqqq_triple_50_150_200_bull_step_up,2026-01-02,2026-08-07,100000.0000000000,123340.3377339887,0.2334033773,0.4234531056,7,11.7820161290,315.0297352022,-0.3383846500,2026-06-02,2026-07-29,57,,,,86,2026-01-28
2026_ytd,vo_tqqq_triple_50_150_200_cut_confirm,2026-01-02,2026-08-07,100000.0000000000,137870.8960805819,0.3787089608,0.7169301572,1,1.6831451613,99.8732029760,-0.3363005420,2026-06-02,2026-07-29,57,,,,79,2026-01-28
2026_ytd,vo_tqqq_triple_50_150_200_raise_confirm,2026-01-02,2026-08-07,100000.0000000000,108996.5915686738,0.0899659157,0.1560360324,6,10.0988709677,336.9341330198,-0.3347786134,2026-01-28,2026-03-30,61,2026-05-06,37.0000000000,98.0000000000,98,2026-01-28
2026_ytd,vo_tqqq_triple_50_150_200_both_confirm,2026-01-02,2026-08-07,100000.0000000000,137870.8960805819,0.3787089608,0.7169301572,1,1.6831451613,99.8732029760,-0.3363005420,2026-06-02,2026-07-29,57,,,,79,2026-01-28
