period,model,start,end,start_equity,end_equity,total_return,cagr,trade_count,annual_trades,fees,mdd,mdd_peak,mdd_trough,drawdown_duration_days,recovery_date,recovery_period_days,mdd_time_underwater_days,longest_time_underwater_days,longest_underwater_start
full_pre2026,vo,1999-03-10,2025-12-31,100000.0000000000,189828105.5480338335,1897.2810554803,0.3251671506,154,5.7436275911,2086290.6556658249,-0.5288304467,2007-10-31,2009-05-13,560,2010-04-05,327.0000000000,887.0000000000,887,2007-10-31
full_pre2026,riskadj_h20_t5_step_up,1999-03-10,2025-12-31,100000.0000000000,297796987.3983295560,2976.9698739833,0.3476102787,349,13.0164027877,6232874.8839721251,-0.5685219122,2021-11-19,2022-12-28,404,2023-07-17,201.0000000000,605.0000000000,1274,2000-03-09
full_pre2026,riskadj_h20_t5_block_cut,1999-03-10,2025-12-31,100000.0000000000,182801375.1120636463,1827.0137511206,0.3233042558,134,4.9977019299,1901700.7351663986,-0.5474348756,2007-10-31,2009-05-13,560,2009-12-24,225.0000000000,785.0000000000,1281,2000-01-03
full_pre2026,riskadj_h20_t10_step_up,1999-03-10,2025-12-31,100000.0000000000,103054795.9940992296,1029.5479599410,0.2953175352,341,12.7180325232,1728131.1519648079,-0.5711933290,2007-10-31,2009-05-13,560,2010-04-14,336.0000000000,896.0000000000,2200,2000-01-03
full_pre2026,riskadj_h20_t10_block_cut,1999-03-10,2025-12-31,100000.0000000000,191536657.3401125073,1914.3665734011,0.3256100747,146,5.4452573267,2043036.8366272831,-0.5288304064,2007-10-31,2009-05-13,560,2010-04-05,327.0000000000,887.0000000000,1173,2000-01-03
full_pre2026,riskadj_h20_t15_step_up,1999-03-10,2025-12-31,100000.0000000000,128120344.2202976048,1280.2034422030,0.3058779963,261,9.7343298785,2239198.5649001454,-0.5598686737,2007-10-31,2009-05-13,560,2010-04-14,336.0000000000,896.0000000000,1243,2000-01-03
full_pre2026,riskadj_h20_t15_block_cut,1999-03-10,2025-12-31,100000.0000000000,187519603.5778388679,1874.1960357784,0.3245625605,150,5.5944424589,2004206.3804433488,-0.5288302659,2007-10-31,2009-05-13,560,2010-04-05,327.0000000000,887.0000000000,1173,2000-01-03
full_pre2026,riskadj_h60_t5_step_up,1999-03-10,2025-12-31,100000.0000000000,153156844.0761743784,1530.5684407617,0.3146003667,247,9.2121819157,2966982.2667827634,-0.5874900651,2007-10-31,2009-05-13,560,2009-12-22,223.0000000000,783.0000000000,1260,2000-03-27
full_pre2026,riskadj_h60_t5_block_cut,1999-03-10,2025-12-31,100000.0000000000,160549837.3718740940,1604.4983737187,0.3169137527,123,4.5874428163,1639336.4839637864,-0.5945548424,2007-10-31,2009-05-13,560,2010-04-12,334.0000000000,894.0000000000,1197,2000-03-27
full_pre2026,riskadj_h60_t10_step_up,1999-03-10,2025-12-31,100000.0000000000,229526350.5694775879,2294.2635056948,0.3345859921,238,8.8765153681,3179863.2184877000,-0.5801861893,2007-10-31,2009-05-22,569,2009-12-28,220.0000000000,789.0000000000,1216,2000-03-09
full_pre2026,riskadj_h60_t10_block_cut,1999-03-10,2025-12-31,100000.0000000000,278681039.4692982435,2785.8103946930,0.3442798894,140,5.2214796283,2867609.9210588541,-0.5681906125,2007-10-31,2009-05-13,560,2010-03-23,314.0000000000,874.0000000000,1175,2000-03-09
full_pre2026,riskadj_h60_t15_step_up,1999-03-10,2025-12-31,100000.0000000000,231524091.4683071077,2314.2409146831,0.3350174175,208,7.7576268763,2639899.3174321600,-0.5288304065,2007-10-31,2009-05-13,560,2009-12-24,225.0000000000,785.0000000000,1281,2000-01-03
full_pre2026,riskadj_h60_t15_block_cut,1999-03-10,2025-12-31,100000.0000000000,197295337.2096149921,1971.9533720961,0.3270754335,150,5.5944424589,2017155.7003196448,-0.5288303893,2007-10-31,2009-05-13,560,2010-04-05,327.0000000000,887.0000000000,1248,2000-01-03
full_pre2026,riskadj_h120_t5_step_up,1999-03-10,2025-12-31,100000.0000000000,205421855.6469840407,2053.2185564698,0.3290747493,197,7.3473677627,2812004.4724821546,-0.6370511176,2007-10-31,2009-05-13,560,2010-03-16,307.0000000000,867.0000000000,1379,2000-03-27
full_pre2026,riskadj_h120_t5_block_cut,1999-03-10,2025-12-31,100000.0000000000,136880652.4731219411,1367.8065247312,0.3091032513,105,3.9161097212,933613.7546316542,-0.6069530699,2000-03-27,2000-04-14,18,2004-12-01,1692.0000000000,1710.0000000000,1710,2000-03-27
full_pre2026,riskadj_h120_t10_step_up,1999-03-10,2025-12-31,100000.0000000000,141278616.3963829875,1411.7861639638,0.3106482208,202,7.5338491780,1729111.5717718839,-0.6302390256,2000-03-27,2000-09-18,175,2006-01-09,1939.0000000000,2114.0000000000,2114,2000-03-27
full_pre2026,riskadj_h120_t10_block_cut,1999-03-10,2025-12-31,100000.0000000000,131680326.9823309183,1315.8032698233,0.3072135303,128,4.7739242316,1154384.4833972156,-0.6107237435,2000-03-27,2000-09-18,175,2004-12-14,1548.0000000000,1723.0000000000,1723,2000-03-27
full_pre2026,riskadj_h120_t15_step_up,1999-03-10,2025-12-31,100000.0000000000,126331518.8428910673,1262.3151884289,0.3051933697,184,6.8625160829,2005490.8520264940,-0.5288304500,2007-10-31,2009-05-13,560,2010-01-19,251.0000000000,811.0000000000,1256,2000-03-27
full_pre2026,riskadj_h120_t15_block_cut,1999-03-10,2025-12-31,100000.0000000000,130581965.5787739903,1304.8196557877,0.3068052238,146,5.4452573267,1443071.3904283601,-0.5288305010,2007-10-31,2009-05-13,560,2010-04-05,327.0000000000,887.0000000000,1248,2000-01-03
full_pre2026,cool_s5_l30_r65_step_up,1999-03-10,2025-12-31,100000.0000000000,75222403.6592254788,751.2240365923,0.2801977501,382,14.2471801287,1815980.1069242873,-0.6138665935,2007-10-31,2009-05-13,560,2010-11-04,540.0000000000,1100.0000000000,1344,1999-12-23
full_pre2026,cool_s5_l30_r65_block_cut,1999-03-10,2025-12-31,100000.0000000000,195837335.7397992313,1957.3733573980,0.3267083609,150,5.5944424589,2152974.7661752510,-0.5288305071,2007-10-31,2009-05-13,560,2010-04-05,327.0000000000,887.0000000000,887,2007-10-31
full_pre2026,cool_s5_l30_r80_step_up,1999-03-10,2025-12-31,100000.0000000000,42445071.6682228446,423.4507166822,0.2531648064,485,18.0886972838,1467337.9506946688,-0.6704970350,2007-10-31,2009-07-07,615,2010-12-20,531.0000000000,1146.0000000000,2066,2000-03-27
full_pre2026,cool_s5_l30_r80_block_cut,1999-03-10,2025-12-31,100000.0000000000,208029684.2440713644,2079.2968424407,0.3297002205,146,5.4452573267,2215183.4772184663,-0.5288305071,2007-10-31,2009-05-13,560,2010-03-23,314.0000000000,874.0000000000,874,2007-10-31
full_pre2026,cool_s5_l30_r95_step_up,1999-03-10,2025-12-31,100000.0000000000,40183740.0101315528,400.8374001013,0.2506085663,552,20.5875482487,1387426.9646210107,-0.7226941816,2000-03-27,2002-08-13,869,2007-06-04,1756.0000000000,2625.0000000000,2625,2000-03-27
full_pre2026,cool_s5_l30_r95_block_cut,1999-03-10,2025-12-31,100000.0000000000,202395659.0645722747,2022.9565906457,0.3283392810,146,5.4452573267,2159323.5718890005,-0.5288302739,2007-10-31,2009-05-13,560,2010-03-23,314.0000000000,874.0000000000,874,2007-10-31
full_pre2026,cool_s5_l60_r65_step_up,1999-03-10,2025-12-31,100000.0000000000,68973406.6225791276,688.7340662258,0.2760634673,377,14.0606987134,1413001.4443296981,-0.6255446786,2007-10-31,2009-05-13,560,2010-11-05,541.0000000000,1101.0000000000,1485,1999-12-23
full_pre2026,cool_s5_l60_r65_block_cut,1999-03-10,2025-12-31,100000.0000000000,201262092.1190928221,2011.6209211909,0.3280610573,148,5.5198498928,2150650.8906537518,-0.5288305071,2007-10-31,2009-05-13,560,2010-04-05,327.0000000000,887.0000000000,887,2007-10-31
full_pre2026,cool_s5_l60_r80_step_up,1999-03-10,2025-12-31,100000.0000000000,37557958.0483711511,374.5795804837,0.2474605307,482,17.9768084346,1196290.7734029638,-0.6761073790,2007-10-31,2009-05-22,569,2011-01-12,600.0000000000,1169.0000000000,2499,1999-12-23
full_pre2026,cool_s5_l60_r80_block_cut,1999-03-10,2025-12-31,100000.0000000000,201262092.1190928221,2011.6209211909,0.3280610573,148,5.5198498928,2150650.8906537518,-0.5288305071,2007-10-31,2009-05-13,560,2010-04-05,327.0000000000,887.0000000000,887,2007-10-31
full_pre2026,cool_s5_l60_r95_step_up,1999-03-10,2025-12-31,100000.0000000000,35782574.5535276383,356.8257455353,0.2452095944,553,20.6248445318,1073216.9826782080,-0.7501601235,2000-03-27,2003-03-11,1079,2007-07-12,1584.0000000000,2663.0000000000,2663,2000-03-27
full_pre2026,cool_s5_l60_r95_block_cut,1999-03-10,2025-12-31,100000.0000000000,208029684.2440713644,2079.2968424407,0.3297002205,146,5.4452573267,2215183.4772184663,-0.5288305071,2007-10-31,2009-05-13,560,2010-03-23,314.0000000000,874.0000000000,874,2007-10-31
full_pre2026,cool_s10_l30_r65_step_up,1999-03-10,2025-12-31,100000.0000000000,153152410.6208500862,1530.5241062085,0.3145989474,232,8.6527376698,1950871.4476969847,-0.5438977434,2007-10-31,2009-05-13,560,2010-04-05,327.0000000000,887.0000000000,895,2001-01-23
full_pre2026,cool_s10_l30_r65_block_cut,1999-03-10,2025-12-31,100000.0000000000,194925143.9239386320,1948.2514392394,0.3264773634,152,5.6690350250,2143314.1709308797,-0.5288304407,2007-10-31,2009-05-13,560,2010-04-05,327.0000000000,887.0000000000,887,2007-10-31
full_pre2026,cool_s10_l30_r80_step_up,1999-03-10,2025-12-31,100000.0000000000,91788030.7958205342,916.8803079582,0.2897362522,329,12.2704771265,1550879.8785293058,-0.6094014747,2007-10-31,2009-05-13,560,2010-11-05,541.0000000000,1101.0000000000,1553,2000-09-01
full_pre2026,cool_s10_l30_r80_block_cut,1999-03-10,2025-12-31,100000.0000000000,200744051.1537590325,2006.4405115376,0.3279334062,146,5.4452573267,2137898.5698212679,-0.5288305071,2007-10-31,2009-05-13,560,2010-04-05,327.0000000000,887.0000000000,887,2007-10-31
full_pre2026,cool_s10_l30_r95_step_up,1999-03-10,2025-12-31,100000.0000000000,34796349.4718072414,346.9634947181,0.2439122928,452,16.8579199428,1057153.2737997482,-0.7110453176,2007-10-31,2009-05-13,560,2011-02-16,644.0000000000,1204.0000000000,2383,2000-05-05
full_pre2026,cool_s10_l30_r95_block_cut,1999-03-10,2025-12-31,100000.0000000000,201474385.5764025450,2013.7438557640,0.3281132774,144,5.3706647605,2146637.5472855708,-0.5288304116,2007-10-31,2009-05-13,560,2010-04-05,327.0000000000,887.0000000000,887,2007-10-31
full_pre2026,cool_s10_l60_r65_step_up,1999-03-10,2025-12-31,100000.0000000000,140529550.8607301116,1404.2955086073,0.3103883809,233,8.6900339528,1641100.7191057098,-0.6019189416,2007-10-31,2009-05-13,560,2010-11-03,539.0000000000,1099.0000000000,1156,2000-06-21
full_pre2026,cool_s10_l60_r65_block_cut,1999-03-10,2025-12-31,100000.0000000000,200324627.4180421233,2002.2462741804,0.3278298230,150,5.5944424589,2141001.1947061215,-0.5288304407,2007-10-31,2009-05-13,560,2010-04-05,327.0000000000,887.0000000000,887,2007-10-31
full_pre2026,cool_s10_l60_r80_step_up,1999-03-10,2025-12-31,100000.0000000000,103566129.7527542114,1034.6612975275,0.2955566700,338,12.6061436741,1595660.0796857770,-0.6148743521,2000-03-09,2002-03-20,741,2006-01-06,1388.0000000000,2129.0000000000,2129,2000-03-09
full_pre2026,cool_s10_l60_r80_block_cut,1999-03-10,2025-12-31,100000.0000000000,201262092.1190928221,2011.6209211909,0.3280610573,148,5.5198498928,2150650.8906537518,-0.5288305071,2007-10-31,2009-05-13,560,2010-04-05,327.0000000000,887.0000000000,887,2007-10-31
full_pre2026,cool_s10_l60_r95_step_up,1999-03-10,2025-12-31,100000.0000000000,57990731.5171509534,578.9073151715,0.2678357803,404,15.0676983560,1054801.8705145624,-0.7727128911,2000-03-09,2003-02-26,1084,2007-10-05,1682.0000000000,2766.0000000000,2766,2000-03-09
full_pre2026,cool_s10_l60_r95_block_cut,1999-03-10,2025-12-31,100000.0000000000,208651139.7645091116,2085.5113976451,0.3298481587,146,5.4452573267,2218050.2597885202,-0.5415053013,2007-10-31,2009-05-13,560,2010-04-09,331.0000000000,891.0000000000,891,2007-10-31
full_pre2026,breadth_return_h20_n2_step_up,1999-03-10,2025-12-31,100000.0000000000,60549645.0908705890,604.4964509087,0.2698792353,338,12.6061436741,1076297.9437600903,-0.8247234262,2000-07-17,2003-03-11,967,2007-10-05,1669.0000000000,2636.0000000000,2636,2000-07-17
full_pre2026,breadth_return_h20_n2_block_cut,1999-03-10,2025-12-31,100000.0000000000,152908860.7076962888,1528.0886070770,0.3145209185,136,5.0722944961,1691921.0391995234,-0.5308656381,2007-10-31,2009-05-13,560,2009-12-23,224.0000000000,784.0000000000,784,2007-10-31
full_pre2026,breadth_return_h20_n3_step_up,1999-03-10,2025-12-31,100000.0000000000,69844674.0135473311,697.4467401355,0.2766610260,377,14.0606987134,1289638.4125488438,-0.7896464182,2000-07-17,2003-02-07,935,2007-07-12,1616.0000000000,2551.0000000000,2551,2000-07-17
full_pre2026,breadth_return_h20_n3_block_cut,1999-03-10,2025-12-31,100000.0000000000,190923765.4562932551,1908.2376545629,0.3254516280,138,5.1468870622,2020279.1821697322,-0.5178963567,2007-10-31,2009-05-13,560,2009-12-21,222.0000000000,782.0000000000,782,2007-10-31
full_pre2026,breadth_return_h60_n2_step_up,1999-03-10,2025-12-31,100000.0000000000,88649699.8032893836,885.4969980329,0.2880638916,211,7.8695157255,951857.4499662996,-0.6601406888,2021-11-19,2023-01-05,412,2024-01-19,379.0000000000,791.0000000000,1232,2000-09-01
full_pre2026,breadth_return_h60_n2_block_cut,1999-03-10,2025-12-31,100000.0000000000,176823728.7848816514,1767.2372878488,0.3216643978,112,4.1771837026,1063578.9325970465,-0.6124240319,2007-10-31,2009-05-13,560,2010-04-14,336.0000000000,896.0000000000,908,2000-09-20
full_pre2026,breadth_return_h60_n3_step_up,1999-03-10,2025-12-31,100000.0000000000,138433952.0453697145,1383.3395204537,0.3096543019,238,8.8765153681,2706152.0023478782,-0.5973463061,2021-11-19,2022-09-30,315,2023-12-12,438.0000000000,753.0000000000,1140,2000-09-01
full_pre2026,breadth_return_h60_n3_block_cut,1999-03-10,2025-12-31,100000.0000000000,182758301.8962474465,1826.5830189625,0.3232926252,128,4.7739242316,1615621.7534364280,-0.5735738996,2007-10-31,2009-05-13,560,2010-03-23,314.0000000000,874.0000000000,881,2000-09-20
full_pre2026,breadth_price_sma_h20_n2_step_up,1999-03-10,2025-12-31,100000.0000000000,67200563.3398922682,671.0056333989,0.2748247912,392,14.6201429593,1097250.5868370493,-0.6985714598,2000-09-01,2002-09-03,732,2007-04-26,1696.0000000000,2428.0000000000,2428,2000-09-01
full_pre2026,breadth_price_sma_h20_n2_block_cut,1999-03-10,2025-12-31,100000.0000000000,127405707.1909174025,1273.0570719092,0.3056055980,136,5.0722944961,1268032.6538725032,-0.5474349441,2007-10-31,2009-05-13,560,2009-12-24,225.0000000000,785.0000000000,785,2007-10-31
full_pre2026,breadth_price_sma_h20_n3_step_up,1999-03-10,2025-12-31,100000.0000000000,118931860.1812121123,1188.3186018121,0.3022584754,385,14.3590689778,2129734.8949434888,-0.5952940825,2007-10-31,2009-03-16,502,2009-12-24,283.0000000000,785.0000000000,1903,2000-09-01
full_pre2026,breadth_price_sma_h20_n3_block_cut,1999-03-10,2025-12-31,100000.0000000000,159255342.5745465457,1591.5534257455,0.3165161910,140,5.2214796283,1723984.9644073902,-0.5474349283,2007-10-31,2009-05-13,560,2009-12-24,225.0000000000,785.0000000000,785,2007-10-31
full_pre2026,breadth_price_sma_h60_n2_step_up,1999-03-10,2025-12-31,100000.0000000000,118956303.3700689524,1188.5630337007,0.3022684565,261,9.7343298785,2238289.3866317938,-0.6218557395,2021-11-19,2022-09-30,315,2023-12-27,453.0000000000,768.0000000000,1090,2000-09-01
full_pre2026,breadth_price_sma_h60_n2_block_cut,1999-03-10,2025-12-31,100000.0000000000,197395233.8988586366,1972.9523389886,0.3271004882,126,4.6993316655,1681636.1012992412,-0.5749906303,2007-10-31,2009-05-13,560,2010-03-30,321.0000000000,881.0000000000,881,2007-10-31
full_pre2026,breadth_price_sma_h60_n3_step_up,1999-03-10,2025-12-31,100000.0000000000,109711463.7550747693,1096.1146375507,0.2983449693,259,9.6597373124,2474709.7652631975,-0.5566625621,2021-11-19,2022-12-28,404,2023-07-18,202.0000000000,606.0000000000,1039,2000-09-01
full_pre2026,breadth_price_sma_h60_n3_block_cut,1999-03-10,2025-12-31,100000.0000000000,206695925.7936816812,2065.9592579368,0.3293812761,136,5.0722944961,2089891.2535855777,-0.5474348521,2007-10-31,2009-05-13,560,2009-12-24,225.0000000000,785.0000000000,785,2007-10-31
full_pre2026,consensus_10_20_60_n2_step_up,1999-03-10,2025-12-31,100000.0000000000,99829766.3472700715,997.2976634727,0.2937824389,382,14.2471801287,1673091.1423494322,-0.7522487317,2000-03-27,2003-03-11,1079,2007-05-21,1532.0000000000,2611.0000000000,2611,2000-03-27
full_pre2026,consensus_10_20_60_n2_block_cut,1999-03-10,2025-12-31,100000.0000000000,172154856.8101772368,1720.5485681018,0.3203460223,118,4.4009614010,1365499.3034933230,-0.5542146514,2007-10-31,2009-05-13,560,2009-12-28,229.0000000000,789.0000000000,1281,2000-01-03
full_pre2026,consensus_10_20_60_n3_step_up,1999-03-10,2025-12-31,100000.0000000000,128332644.8515994549,1282.3264485160,0.3059586371,335,12.4942548249,2419812.4963305825,-0.6185828950,2007-10-31,2009-05-13,560,2010-04-12,334.0000000000,894.0000000000,2145,2000-01-03
full_pre2026,consensus_10_20_60_n3_block_cut,1999-03-10,2025-12-31,100000.0000000000,198958985.5691987872,1988.5898556920,0.3274911040,132,4.9231093638,2076913.0259397894,-0.5415054473,2007-10-31,2009-05-13,560,2009-12-23,224.0000000000,784.0000000000,1243,2000-01-03
full_pre2026,consensus_20_60_120_n2_step_up,1999-03-10,2025-12-31,100000.0000000000,132021660.1166736484,1319.2166011667,0.3073397503,272,10.1445889921,1527480.7718642438,-0.7484177628,2000-03-27,2003-03-11,1079,2006-01-11,1037.0000000000,2116.0000000000,2116,2000-03-27
full_pre2026,consensus_20_60_120_n2_block_cut,1999-03-10,2025-12-31,100000.0000000000,133384733.5759046972,1332.8473357590,0.3078406825,105,3.9161097212,881700.8559955625,-0.5552916828,2007-10-31,2009-05-13,560,2009-12-28,229.0000000000,789.0000000000,1319,2000-03-27
full_pre2026,consensus_20_60_120_n3_step_up,1999-03-10,2025-12-31,100000.0000000000,268809033.3313790560,2687.0903333138,0.3424728425,266,9.9208112938,4584817.1635625605,-0.6120629053,2007-10-31,2009-05-13,560,2010-04-05,327.0000000000,887.0000000000,1254,2000-03-27
full_pre2026,consensus_20_60_120_n3_block_cut,1999-03-10,2025-12-31,100000.0000000000,238305217.7039497495,2382.0521770395,0.3364555808,134,4.9977019299,2377856.7831824669,-0.5288304327,2007-10-31,2009-05-13,560,2009-12-22,223.0000000000,783.0000000000,1243,2000-01-03
full_pre2026,recovery_10_breadth2_cool95,1999-03-10,2025-12-31,100000.0000000000,244452718.8244141340,2443.5271882441,0.3377257133,158,5.8928127234,2454642.8589439066,-0.5315738701,2007-10-31,2009-05-13,560,2009-12-28,229.0000000000,789.0000000000,789,2007-10-31
full_pre2026,recovery_15_breadth2_cool95,1999-03-10,2025-12-31,100000.0000000000,231467308.7795975804,2313.6730877960,0.3350052045,158,5.8928127234,2330406.7234884216,-0.5288304205,2007-10-31,2009-05-13,560,2010-01-04,236.0000000000,796.0000000000,796,2007-10-31
actual_pre2026,vo,2010-02-11,2025-12-31,100000.0000000000,25918720.9945992753,258.1872099460,0.4188605691,91,5.7285535160,283659.1411483044,-0.4577022582,2021-11-19,2022-09-30,315,2023-06-02,245.0000000000,560.0000000000,560,2021-11-19
actual_pre2026,riskadj_h20_t5_step_up,2010-02-11,2025-12-31,100000.0000000000,27250373.5768811405,271.5037357688,0.4233426620,164,10.3239865564,567240.1603171078,-0.5685214082,2021-11-19,2022-12-28,404,2023-07-17,201.0000000000,605.0000000000,605,2021-11-19
actual_pre2026,riskadj_h20_t5_block_cut,2010-02-11,2025-12-31,100000.0000000000,25017343.9282296374,249.1734392823,0.4157025410,85,5.3508466908,259366.3331714024,-0.4577022762,2021-11-19,2022-09-30,315,2023-06-01,244.0000000000,559.0000000000,559,2021-11-19
actual_pre2026,riskadj_h20_t10_step_up,2010-02-11,2025-12-31,100000.0000000000,27495860.8481948003,273.9586084819,0.4241464533,160,10.0721820062,456057.8468099863,-0.4494817833,2024-12-16,2025-04-07,112,2025-10-28,204.0000000000,316.0000000000,553,2021-11-19
actual_pre2026,riskadj_h20_t10_block_cut,2010-02-11,2025-12-31,100000.0000000000,26753819.9524356648,266.5381995244,0.4216958554,89,5.6026512410,284248.9217892562,-0.4577020025,2021-11-19,2022-09-30,315,2023-06-02,245.0000000000,560.0000000000,560,2021-11-19
actual_pre2026,riskadj_h20_t15_step_up,2010-02-11,2025-12-31,100000.0000000000,21372018.9098961949,212.7201890990,0.4017366469,141,8.8761103930,370963.6101109919,-0.4795708815,2021-11-19,2022-09-30,315,2023-06-13,256.0000000000,571.0000000000,571,2021-11-19
actual_pre2026,riskadj_h20_t15_block_cut,2010-02-11,2025-12-31,100000.0000000000,26530900.6854760200,264.3090068548,0.4209472149,89,5.6026512410,282370.7358405040,-0.4577018305,2021-11-19,2022-09-30,315,2023-06-02,245.0000000000,560.0000000000,560,2021-11-19
actual_pre2026,riskadj_h60_t5_step_up,2010-02-11,2025-12-31,100000.0000000000,13641618.0164265316,135.4161801643,0.3626748356,137,8.6243058428,262517.5670738101,-0.5773402828,2021-11-19,2022-09-30,315,2023-07-17,290.0000000000,605.0000000000,605,2021-11-19
actual_pre2026,riskadj_h60_t5_block_cut,2010-02-11,2025-12-31,100000.0000000000,18434402.7630709112,183.3440276307,0.3887495375,78,4.9101887280,187364.5059106564,-0.5003604045,2021-11-19,2022-09-30,315,2023-06-14,257.0000000000,572.0000000000,572,2021-11-19
actual_pre2026,riskadj_h60_t10_step_up,2010-02-11,2025-12-31,100000.0000000000,23915761.8988077678,238.1576189881,0.4116950034,106,6.6728205791,329132.3452001300,-0.4894650734,2021-11-19,2022-09-30,315,2023-06-12,255.0000000000,570.0000000000,570,2021-11-19
actual_pre2026,riskadj_h60_t10_block_cut,2010-02-11,2025-12-31,100000.0000000000,28926048.2700450309,288.2604827005,0.4286996853,85,5.3508466908,296709.3446854949,-0.4577024405,2021-11-19,2022-09-30,315,2023-06-02,245.0000000000,560.0000000000,560,2021-11-19
actual_pre2026,riskadj_h60_t15_step_up,2010-02-11,2025-12-31,100000.0000000000,33403335.3632940613,333.0333536329,0.4417018009,95,5.9803580662,378812.4557987569,-0.4610972933,2021-11-19,2022-09-30,315,2023-06-02,245.0000000000,560.0000000000,560,2021-11-19
actual_pre2026,riskadj_h60_t15_block_cut,2010-02-11,2025-12-31,100000.0000000000,32816747.4315584414,327.1674743156,0.4400947796,87,5.4767489659,334285.9210963995,-0.4577022292,2021-11-19,2022-09-30,315,2023-06-02,245.0000000000,560.0000000000,560,2021-11-19
actual_pre2026,riskadj_h120_t5_step_up,2010-02-11,2025-12-31,100000.0000000000,21052230.5881676711,209.5223058817,0.4004069563,105,6.6098694416,286539.5057027274,-0.5006319736,2021-11-19,2022-09-30,315,2023-06-12,255.0000000000,570.0000000000,570,2021-11-19
actual_pre2026,riskadj_h120_t5_block_cut,2010-02-11,2025-12-31,100000.0000000000,17911628.6229912229,178.1162862299,0.3862367755,60,3.7770682523,121566.9156544783,-0.5034447435,2021-11-19,2022-09-30,315,2023-06-14,257.0000000000,572.0000000000,572,2021-11-19
actual_pre2026,riskadj_h120_t10_step_up,2010-02-11,2025-12-31,100000.0000000000,21072676.1291321106,209.7267612913,0.4004925340,99,6.2321626163,256217.3673258773,-0.4954882392,2021-11-19,2022-09-30,315,2023-06-13,256.0000000000,571.0000000000,571,2021-11-19
actual_pre2026,riskadj_h120_t10_block_cut,2010-02-11,2025-12-31,100000.0000000000,22312184.9718189985,222.1218497182,0.4055406060,73,4.5954330403,194718.6416613854,-0.4929692307,2021-11-19,2022-09-30,315,2023-06-13,256.0000000000,571.0000000000,571,2021-11-19
actual_pre2026,riskadj_h120_t15_step_up,2010-02-11,2025-12-31,100000.0000000000,17032228.7645980902,169.3222876460,0.3818505570,107,6.7357717166,268941.0850829771,-0.4697066476,2024-12-16,2025-04-07,112,,,,560,2021-11-19
actual_pre2026,riskadj_h120_t15_block_cut,2010-02-11,2025-12-31,100000.0000000000,21259915.0999836102,211.5991509998,0.4012726507,85,5.3508466908,233790.4970118410,-0.4577020286,2021-11-19,2022-09-30,315,2023-06-02,245.0000000000,560.0000000000,560,2021-11-19
actual_pre2026,cool_s5_l30_r65_step_up,2010-02-11,2025-12-31,100000.0000000000,19218914.6460309513,191.1891464603,0.3923978033,198,12.4643252327,459021.2459278704,-0.4979440090,2021-11-19,2022-12-28,404,2023-06-15,169.0000000000,573.0000000000,573,2021-11-19
actual_pre2026,cool_s5_l30_r65_block_cut,2010-02-11,2025-12-31,100000.0000000000,25815762.7749870867,257.1576277499,0.4185051012,91,5.7285535160,282676.8989684118,-0.4577021998,2021-11-19,2022-09-30,315,2023-06-02,245.0000000000,560.0000000000,560,2021-11-19
actual_pre2026,cool_s5_l30_r80_step_up,2010-02-11,2025-12-31,100000.0000000000,18965242.8909809142,188.6524289098,0.3912336489,235,14.7935173216,647284.0100288208,-0.5986778561,2021-11-19,2022-12-28,404,2024-01-23,391.0000000000,795.0000000000,795,2021-11-19
actual_pre2026,cool_s5_l30_r80_block_cut,2010-02-11,2025-12-31,100000.0000000000,27422976.7374947891,273.2297673749,0.4239085153,87,5.4767489659,290877.1525962061,-0.4577021961,2021-11-19,2022-09-30,315,2023-06-02,245.0000000000,560.0000000000,560,2021-11-19
actual_pre2026,cool_s5_l30_r95_step_up,2010-02-11,2025-12-31,100000.0000000000,19674548.3339908831,195.7454833399,0.3944531085,246,15.4859798345,669014.9425215685,-0.6120510530,2021-11-19,2023-01-05,412,2024-01-19,379.0000000000,791.0000000000,791,2021-11-19
actual_pre2026,cool_s5_l30_r95_block_cut,2010-02-11,2025-12-31,100000.0000000000,25728585.4900554642,256.2858549006,0.4182030776,87,5.4767489659,273377.7689543150,-0.4577022463,2021-11-19,2022-09-30,315,2023-06-02,245.0000000000,560.0000000000,560,2021-11-19
actual_pre2026,cool_s5_l60_r65_step_up,2010-02-11,2025-12-31,100000.0000000000,21679335.7981007546,215.7933579810,0.4029970288,183,11.5200581696,438488.3501143631,-0.5098224143,2021-11-19,2022-12-28,404,2023-07-13,197.0000000000,601.0000000000,601,2021-11-19
actual_pre2026,cool_s5_l60_r65_block_cut,2010-02-11,2025-12-31,100000.0000000000,26530900.6854760200,264.3090068548,0.4209472149,89,5.6026512410,282370.7358405040,-0.4577018305,2021-11-19,2022-09-30,315,2023-06-02,245.0000000000,560.0000000000,560,2021-11-19
actual_pre2026,cool_s5_l60_r80_step_up,2010-02-11,2025-12-31,100000.0000000000,17292527.6729159355,171.9252767292,0.3831705609,236,14.8564684592,541944.6243271306,-0.5721679526,2021-11-19,2023-01-05,412,2023-12-18,347.0000000000,759.0000000000,759,2021-11-19
actual_pre2026,cool_s5_l60_r80_block_cut,2010-02-11,2025-12-31,100000.0000000000,26530900.6854760200,264.3090068548,0.4209472149,89,5.6026512410,282370.7358405040,-0.4577018305,2021-11-19,2022-09-30,315,2023-06-02,245.0000000000,560.0000000000,560,2021-11-19
actual_pre2026,cool_s5_l60_r95_step_up,2010-02-11,2025-12-31,100000.0000000000,21830205.7667030022,217.3020576670,0.4036096685,248,15.6118821096,644054.7263732018,-0.5850956458,2021-11-19,2023-01-05,412,2023-07-17,193.0000000000,605.0000000000,605,2021-11-19
actual_pre2026,cool_s5_l60_r95_block_cut,2010-02-11,2025-12-31,100000.0000000000,27422976.7374947891,273.2297673749,0.4239085153,87,5.4767489659,290877.1525962061,-0.4577021961,2021-11-19,2022-09-30,315,2023-06-02,245.0000000000,560.0000000000,560,2021-11-19
actual_pre2026,cool_s10_l30_r65_step_up,2010-02-11,2025-12-31,100000.0000000000,32009754.8141637556,319.0975481416,0.4378393787,127,7.9947944674,405416.5153233817,-0.4507759768,2024-12-16,2025-04-28,133,2025-10-27,182.0000000000,315.0000000000,553,2021-11-19
actual_pre2026,cool_s10_l30_r65_block_cut,2010-02-11,2025-12-31,100000.0000000000,25815762.7749870867,257.1576277499,0.4185051012,91,5.7285535160,282676.8989684118,-0.4577021998,2021-11-19,2022-09-30,315,2023-06-02,245.0000000000,560.0000000000,560,2021-11-19
actual_pre2026,cool_s10_l30_r80_step_up,2010-02-11,2025-12-31,100000.0000000000,26705985.0079028606,266.0598500790,0.4215357029,149,9.3797194933,445969.9315454626,-0.5197739551,2021-11-19,2022-09-30,315,2023-07-13,286.0000000000,601.0000000000,601,2021-11-19
actual_pre2026,cool_s10_l30_r80_block_cut,2010-02-11,2025-12-31,100000.0000000000,26462641.2754458636,263.6264127545,0.4207167970,87,5.4767489659,280689.9805012185,-0.4577022182,2021-11-19,2022-09-30,315,2023-06-02,245.0000000000,560.0000000000,560,2021-11-19
actual_pre2026,cool_s10_l30_r95_step_up,2010-02-11,2025-12-31,100000.0000000000,17422865.1126608700,173.2286511266,0.3838245358,202,12.7161297828,519955.3820599560,-0.6438610755,2021-11-19,2022-12-28,404,2023-12-19,356.0000000000,760.0000000000,760,2021-11-19
actual_pre2026,cool_s10_l30_r95_block_cut,2010-02-11,2025-12-31,100000.0000000000,26386813.2669392005,262.8681326694,0.4204601766,87,5.4767489659,280022.9379561521,-0.4577022465,2021-11-19,2022-09-30,315,2023-06-02,245.0000000000,560.0000000000,560,2021-11-19
actual_pre2026,cool_s10_l60_r65_step_up,2010-02-11,2025-12-31,100000.0000000000,32085230.5056153312,319.8523050562,0.4380525650,117,7.3652830920,371595.7431333155,-0.4586756559,2024-12-16,2025-05-06,141,2025-10-27,174.0000000000,315.0000000000,557,2021-11-19
actual_pre2026,cool_s10_l60_r65_block_cut,2010-02-11,2025-12-31,100000.0000000000,26530900.6854760200,264.3090068548,0.4209472149,89,5.6026512410,282370.7358405040,-0.4577018305,2021-11-19,2022-09-30,315,2023-06-02,245.0000000000,560.0000000000,560,2021-11-19
actual_pre2026,cool_s10_l60_r80_step_up,2010-02-11,2025-12-31,100000.0000000000,34430383.1792744026,343.3038317927,0.4444528686,160,10.0721820062,525376.1320437914,-0.4651637197,2021-11-19,2022-09-30,315,2023-05-26,238.0000000000,553.0000000000,553,2021-11-19
actual_pre2026,cool_s10_l60_r80_block_cut,2010-02-11,2025-12-31,100000.0000000000,26530900.6854760200,264.3090068548,0.4209472149,89,5.6026512410,282370.7358405040,-0.4577018305,2021-11-19,2022-09-30,315,2023-06-02,245.0000000000,560.0000000000,560,2021-11-19
actual_pre2026,cool_s10_l60_r95_step_up,2010-02-11,2025-12-31,100000.0000000000,36167816.4876305759,360.6781648763,0.4489363183,175,11.0164490693,647531.0612317572,-0.5578461996,2021-11-19,2022-12-28,404,2023-06-12,166.0000000000,570.0000000000,570,2021-11-19
actual_pre2026,cool_s10_l60_r95_block_cut,2010-02-11,2025-12-31,100000.0000000000,27801216.8384092674,277.0121683841,0.4251369383,89,5.6026512410,294396.5431311193,-0.4577023114,2021-11-19,2022-09-30,315,2023-06-02,245.0000000000,560.0000000000,560,2021-11-19
actual_pre2026,breadth_return_h20_n2_step_up,2010-02-11,2025-12-31,100000.0000000000,25662556.6278767399,255.6255662788,0.4179736833,169,10.6387422441,452480.8139273262,-0.5755870301,2021-11-19,2022-11-09,355,2023-07-18,251.0000000000,606.0000000000,606,2021-11-19
actual_pre2026,breadth_return_h20_n2_block_cut,2010-02-11,2025-12-31,100000.0000000000,18633377.7831308320,185.3337778313,0.3896884182,83,5.2249444157,205393.7819934916,-0.4832455681,2021-11-19,2022-12-28,404,2023-06-14,168.0000000000,572.0000000000,572,2021-11-19
actual_pre2026,breadth_return_h20_n3_step_up,2010-02-11,2025-12-31,100000.0000000000,27891455.6596875191,277.9145565969,0.4254276953,178,11.2053024819,510676.4947045306,-0.5249906822,2021-11-19,2022-09-30,315,2023-06-14,257.0000000000,572.0000000000,668,2018-01-26
actual_pre2026,breadth_return_h20_n3_block_cut,2010-02-11,2025-12-31,100000.0000000000,23070964.0968371779,229.7096409684,0.4085026766,85,5.3508466908,243365.1662178949,-0.4577019502,2021-11-19,2022-09-30,315,2023-06-12,255.0000000000,570.0000000000,570,2021-11-19
actual_pre2026,breadth_return_h60_n2_step_up,2010-02-11,2025-12-31,100000.0000000000,20013929.2389847636,199.1392923898,0.3959552292,107,6.7357717166,213064.1264132640,-0.6601401751,2021-11-19,2023-01-05,412,2024-01-19,379.0000000000,791.0000000000,791,2021-11-19
actual_pre2026,breadth_return_h60_n2_block_cut,2010-02-11,2025-12-31,100000.0000000000,24560689.5136472806,244.6068951365,0.4140617078,61,3.8400193899,146851.5316950830,-0.5203413427,2021-11-19,2022-09-30,315,2023-06-15,258.0000000000,573.0000000000,573,2021-11-19
actual_pre2026,breadth_return_h60_n3_step_up,2010-02-11,2025-12-31,100000.0000000000,22097553.9337042160,219.9755393370,0.4046856130,143,9.0020126680,430288.8225318219,-0.5973457541,2021-11-19,2022-09-30,315,2023-12-12,438.0000000000,753.0000000000,753,2021-11-19
actual_pre2026,breadth_return_h60_n3_block_cut,2010-02-11,2025-12-31,100000.0000000000,22301324.9991012141,222.0132499910,0.4054975302,75,4.7213353154,196305.7151799663,-0.4929694429,2021-11-19,2022-09-30,315,2023-06-13,256.0000000000,571.0000000000,571,2021-11-19
actual_pre2026,breadth_price_sma_h20_n2_step_up,2010-02-11,2025-12-31,100000.0000000000,28408773.0562218353,283.0877305622,0.4270777151,173,10.8905467942,457916.8456454970,-0.6318742762,2021-11-19,2022-12-28,404,2023-12-18,355.0000000000,759.0000000000,759,2021-11-19
actual_pre2026,breadth_price_sma_h20_n2_block_cut,2010-02-11,2025-12-31,100000.0000000000,19122640.7038112134,190.2264070381,0.3919576862,79,4.9731398656,189299.5836446498,-0.5246525454,2021-11-19,2022-12-28,404,2023-07-13,197.0000000000,601.0000000000,601,2021-11-19
actual_pre2026,breadth_price_sma_h20_n3_step_up,2010-02-11,2025-12-31,100000.0000000000,28184150.3222870231,280.8415032229,0.4263647528,184,11.5830093071,500137.7388869695,-0.5015261902,2021-11-19,2022-12-28,404,2023-06-12,166.0000000000,570.0000000000,570,2021-11-19
actual_pre2026,breadth_price_sma_h20_n3_block_cut,2010-02-11,2025-12-31,100000.0000000000,21134260.0616655573,210.3426006167,0.4007498331,83,5.2249444157,227824.1497495868,-0.4968505897,2021-11-19,2022-12-28,404,2023-06-15,169.0000000000,573.0000000000,573,2021-11-19
actual_pre2026,breadth_price_sma_h60_n2_step_up,2010-02-11,2025-12-31,100000.0000000000,17587546.9890309535,174.8754698903,0.3846443114,146,9.1908660807,328917.9178573622,-0.6218549445,2021-11-19,2022-09-30,315,2023-12-27,453.0000000000,768.0000000000,768,2021-11-19
actual_pre2026,breadth_price_sma_h60_n2_block_cut,2010-02-11,2025-12-31,100000.0000000000,23310204.4302067123,232.1020443021,0.4094176929,75,4.7213353154,197787.7525627539,-0.4903895458,2021-11-19,2022-09-30,315,2023-06-12,255.0000000000,570.0000000000,570,2021-11-19
actual_pre2026,breadth_price_sma_h60_n3_step_up,2010-02-11,2025-12-31,100000.0000000000,16127478.5002671108,160.2747850027,0.3771105981,155,9.7574263185,362024.7524121833,-0.5566622706,2021-11-19,2022-12-28,404,2023-07-18,202.0000000000,606.0000000000,606,2021-11-19
actual_pre2026,breadth_price_sma_h60_n3_block_cut,2010-02-11,2025-12-31,100000.0000000000,26411454.1381743327,263.1145413817,0.4205436430,81,5.0990421406,266174.4643566606,-0.4577021578,2021-11-19,2022-09-30,315,2023-06-02,245.0000000000,560.0000000000,560,2021-11-19
actual_pre2026,consensus_10_20_60_n2_step_up,2010-02-11,2025-12-31,100000.0000000000,25633475.1086305901,255.3347510863,0.4178724742,186,11.7089115822,424146.4724919503,-0.5913342402,2021-11-19,2022-12-28,404,2023-07-13,197.0000000000,601.0000000000,601,2021-11-19
actual_pre2026,consensus_10_20_60_n2_block_cut,2010-02-11,2025-12-31,100000.0000000000,26148784.4173304327,260.4878441733,0.4196501157,77,4.8472375905,206601.8913895073,-0.4929693772,2021-11-19,2022-09-30,315,2023-06-14,257.0000000000,572.0000000000,572,2021-11-19
actual_pre2026,consensus_10_20_60_n3_step_up,2010-02-11,2025-12-31,100000.0000000000,24630319.1310370937,245.3031913104,0.4143137361,148,9.3167683557,460053.9130027160,-0.5170142364,2021-11-19,2022-09-30,315,2023-06-12,255.0000000000,570.0000000000,570,2021-11-19
actual_pre2026,consensus_10_20_60_n3_block_cut,2010-02-11,2025-12-31,100000.0000000000,25254983.2013046294,251.5498320130,0.4165453464,85,5.3508466908,262769.6000838865,-0.4577023237,2021-11-19,2022-09-30,315,2023-06-02,245.0000000000,560.0000000000,560,2021-11-19
actual_pre2026,consensus_20_60_120_n2_step_up,2010-02-11,2025-12-31,100000.0000000000,20232117.6090991534,201.3211760910,0.3969083895,129,8.1206967425,231285.8582597816,-0.5971260309,2021-11-19,2022-12-28,404,2023-07-18,202.0000000000,606.0000000000,606,2021-11-19
actual_pre2026,consensus_20_60_120_n2_block_cut,2010-02-11,2025-12-31,100000.0000000000,16985346.8708218522,168.8534687082,0.3816108067,62,3.9029705274,111548.7182003310,-0.5203408788,2021-11-19,2022-09-30,315,2023-06-15,258.0000000000,573.0000000000,573,2021-11-19
actual_pre2026,consensus_20_60_120_n3_step_up,2010-02-11,2025-12-31,100000.0000000000,24769178.4187703505,246.6917841877,0.4148143578,138,8.6872569804,420012.8012088207,-0.4993718494,2021-11-19,2022-09-30,315,2023-06-13,256.0000000000,571.0000000000,571,2021-11-19
actual_pre2026,consensus_20_60_120_n3_block_cut,2010-02-11,2025-12-31,100000.0000000000,30496362.8792423680,303.9636287924,0.4334621844,83,5.2249444157,303481.2221170827,-0.4577020935,2021-11-19,2022-09-30,315,2023-06-02,245.0000000000,560.0000000000,560,2021-11-19
actual_pre2026,recovery_10_breadth2_cool95,2010-02-11,2025-12-31,100000.0000000000,32004384.0471526906,319.0438404715,0.4378241906,93,5.8544557911,320258.4058588816,-0.4577022630,2021-11-19,2022-09-30,315,2023-06-02,245.0000000000,560.0000000000,560,2021-11-19
actual_pre2026,recovery_15_breadth2_cool95,2010-02-11,2025-12-31,100000.0000000000,31730877.9076969698,316.3087790770,0.4370475645,93,5.8544557911,318317.8701264425,-0.4577021544,2021-11-19,2022-09-30,315,2023-06-02,245.0000000000,560.0000000000,560,2021-11-19
decade_2016_2025,vo,2016-01-04,2025-12-31,100000.0000000000,2420041.8906166693,23.2004189062,0.3756633776,67,6.7062887092,26146.4000738179,-0.4576945557,2021-11-19,2022-09-30,315,2023-06-02,245.0000000000,560.0000000000,560,2021-11-19
decade_2016_2025,riskadj_h20_t5_step_up,2016-01-04,2025-12-31,100000.0000000000,3084955.4810073106,29.8495548101,0.4094986784,121,12.1113572212,63611.1795303300,-0.5685182580,2021-11-19,2022-12-28,404,2023-07-17,201.0000000000,605.0000000000,605,2021-11-19
decade_2016_2025,riskadj_h20_t5_block_cut,2016-01-04,2025-12-31,100000.0000000000,2347867.6249429174,22.4786762494,0.3715006380,63,6.3059132639,24091.7937449097,-0.4576972414,2021-11-19,2022-09-30,315,2023-06-01,244.0000000000,559.0000000000,559,2021-11-19
decade_2016_2025,riskadj_h20_t10_step_up,2016-01-04,2025-12-31,100000.0000000000,2728884.5547965867,26.2888455480,0.3923015281,126,12.6118265278,44820.4366114872,-0.4494776209,2024-12-16,2025-04-07,112,2025-10-28,204.0000000000,316.0000000000,553,2021-11-19
decade_2016_2025,riskadj_h20_t10_block_cut,2016-01-04,2025-12-31,100000.0000000000,2498025.2661139723,23.9802526611,0.3800374213,65,6.5061009866,26201.5828536572,-0.4576957963,2021-11-19,2022-09-30,315,2023-06-02,245.0000000000,560.0000000000,560,2021-11-19
decade_2016_2025,riskadj_h20_t15_step_up,2016-01-04,2025-12-31,100000.0000000000,2235338.9418500299,21.3533894185,0.3647747835,111,11.1104186078,38403.4941462031,-0.4795606113,2021-11-19,2022-09-30,315,2023-06-13,256.0000000000,571.0000000000,571,2021-11-19
decade_2016_2025,riskadj_h20_t15_block_cut,2016-01-04,2025-12-31,100000.0000000000,2477210.8688235106,23.7721086882,0.3788821098,65,6.5061009866,26026.2816423637,-0.4576948254,2021-11-19,2022-09-30,315,2023-06-02,245.0000000000,560.0000000000,560,2021-11-19
decade_2016_2025,riskadj_h60_t5_step_up,2016-01-04,2025-12-31,100000.0000000000,1500702.8106112378,14.0070281061,0.3114141888,99,9.9092922719,28473.9168398568,-0.5773329711,2021-11-19,2022-09-30,315,2023-07-17,290.0000000000,605.0000000000,605,2021-11-19
decade_2016_2025,riskadj_h60_t5_block_cut,2016-01-04,2025-12-31,100000.0000000000,1743225.9378186418,16.4322593782,0.3312262816,56,5.6052562346,17468.2261658259,-0.5003502065,2021-11-19,2022-09-30,315,2023-06-14,257.0000000000,572.0000000000,572,2021-11-19
decade_2016_2025,riskadj_h60_t10_step_up,2016-01-04,2025-12-31,100000.0000000000,2310325.0420138692,22.1032504201,0.3692895846,78,7.8073211839,31423.5015590329,-0.4894614742,2021-11-19,2022-09-30,315,2023-06-12,255.0000000000,570.0000000000,570,2021-11-19
decade_2016_2025,riskadj_h60_t10_block_cut,2016-01-04,2025-12-31,100000.0000000000,2650629.4168567155,25.5062941686,0.3882526104,61,6.1057255412,26850.0555711792,-0.4576969374,2021-11-19,2022-09-30,315,2023-06-02,245.0000000000,560.0000000000,560,2021-11-19
decade_2016_2025,riskadj_h60_t15_step_up,2016-01-04,2025-12-31,100000.0000000000,3118882.2640646081,30.1888226406,0.4110426043,71,7.1066641546,35031.0609197390,-0.4610895364,2021-11-19,2022-09-30,315,2023-06-02,245.0000000000,560.0000000000,560,2021-11-19
decade_2016_2025,riskadj_h60_t15_block_cut,2016-01-04,2025-12-31,100000.0000000000,3064081.0783709618,29.6408107837,0.4085411246,63,6.3059132639,30873.2187744161,-0.4576998215,2021-11-19,2022-09-30,315,2023-06-02,245.0000000000,560.0000000000,560,2021-11-19
decade_2016_2025,riskadj_h120_t5_step_up,2016-01-04,2025-12-31,100000.0000000000,2015729.3951954078,19.1572939520,0.3507210207,83,8.3077904905,27195.3661237313,-0.5006215290,2021-11-19,2022-09-30,315,2023-06-12,255.0000000000,570.0000000000,570,2021-11-19
decade_2016_2025,riskadj_h120_t5_block_cut,2016-01-04,2025-12-31,100000.0000000000,1662429.3081167908,15.6242930812,0.3249176916,42,4.2039421759,11064.6236066632,-0.5034341560,2021-11-19,2022-09-30,315,2023-06-14,257.0000000000,572.0000000000,572,2021-11-19
decade_2016_2025,riskadj_h120_t10_step_up,2016-01-04,2025-12-31,100000.0000000000,1957365.5354516692,18.5736553545,0.3467544889,77,7.7072273226,23546.0930896828,-0.4954754422,2021-11-19,2022-09-30,315,2023-06-13,256.0000000000,571.0000000000,571,2021-11-19
decade_2016_2025,riskadj_h120_t10_block_cut,2016-01-04,2025-12-31,100000.0000000000,2163263.3080665888,20.6326330807,0.3603048721,53,5.3049746506,18650.0197017887,-0.4929618915,2021-11-19,2022-09-30,315,2023-06-13,256.0000000000,571.0000000000,571,2021-11-19
decade_2016_2025,riskadj_h120_t15_step_up,2016-01-04,2025-12-31,100000.0000000000,1594387.4934290848,14.9438749343,0.3193871954,85,8.5079782132,24926.1921424430,-0.4696992730,2024-12-16,2025-04-07,112,,,,560,2021-11-19
decade_2016_2025,riskadj_h120_t15_block_cut,2016-01-04,2025-12-31,100000.0000000000,1990175.1016074200,18.9017510161,0.3489971885,63,6.3059132639,21635.9736903918,-0.4576917668,2021-11-19,2022-09-30,315,2023-06-02,245.0000000000,560.0000000000,560,2021-11-19
decade_2016_2025,cool_s5_l30_r65_step_up,2016-01-04,2025-12-31,100000.0000000000,2289147.2951632980,21.8914729516,0.3680280260,159,15.9149239518,54113.2777997339,-0.4979393940,2021-11-19,2022-12-28,404,2023-06-15,169.0000000000,573.0000000000,573,2021-11-19
decade_2016_2025,cool_s5_l30_r65_block_cut,2016-01-04,2025-12-31,100000.0000000000,2410392.5313891135,23.1039253139,0.3751133612,67,6.7062887092,26054.5904274436,-0.4576961597,2021-11-19,2022-09-30,315,2023-06-02,245.0000000000,560.0000000000,560,2021-11-19
decade_2016_2025,cool_s5_l30_r80_step_up,2016-01-04,2025-12-31,100000.0000000000,1950481.1299413221,18.5048112994,0.3462796146,194,19.4182090984,66082.0180593067,-0.5986703683,2021-11-19,2022-12-28,404,2024-01-23,391.0000000000,795.0000000000,795,2021-11-19
decade_2016_2025,cool_s5_l30_r80_block_cut,2016-01-04,2025-12-31,100000.0000000000,2477210.8688235106,23.7721086882,0.3788821098,65,6.5061009866,26026.2816423637,-0.4576948254,2021-11-19,2022-09-30,315,2023-06-02,245.0000000000,560.0000000000,560,2021-11-19
decade_2016_2025,cool_s5_l30_r95_step_up,2016-01-04,2025-12-31,100000.0000000000,1865888.4142400399,17.6588841424,0.3403180117,197,19.7184906824,62919.5150437214,-0.6120451059,2021-11-19,2023-01-05,412,2024-01-19,379.0000000000,791.0000000000,791,2021-11-19
decade_2016_2025,cool_s5_l30_r95_block_cut,2016-01-04,2025-12-31,100000.0000000000,2324164.7058132123,22.2416470581,0.3701084027,65,6.5061009866,24445.5709402180,-0.4576937841,2021-11-19,2022-09-30,315,2023-06-02,245.0000000000,560.0000000000,560,2021-11-19
decade_2016_2025,cool_s5_l60_r65_step_up,2016-01-04,2025-12-31,100000.0000000000,2596045.6418905007,24.9604564189,0.3853642670,141,14.1132344478,51930.7355612886,-0.5098132120,2021-11-19,2022-12-28,404,2023-07-13,197.0000000000,601.0000000000,601,2021-11-19
decade_2016_2025,cool_s5_l60_r65_block_cut,2016-01-04,2025-12-31,100000.0000000000,2477210.8688235106,23.7721086882,0.3788821098,65,6.5061009866,26026.2816423637,-0.4576948254,2021-11-19,2022-09-30,315,2023-06-02,245.0000000000,560.0000000000,560,2021-11-19
decade_2016_2025,cool_s5_l60_r80_step_up,2016-01-04,2025-12-31,100000.0000000000,2065886.0696894161,19.6588606969,0.3540480446,189,18.9177397917,64113.4850410260,-0.5721615139,2021-11-19,2023-01-05,412,2023-12-18,347.0000000000,759.0000000000,759,2021-11-19
decade_2016_2025,cool_s5_l60_r80_block_cut,2016-01-04,2025-12-31,100000.0000000000,2477210.8688235106,23.7721086882,0.3788821098,65,6.5061009866,26026.2816423637,-0.4576948254,2021-11-19,2022-09-30,315,2023-06-02,245.0000000000,560.0000000000,560,2021-11-19
decade_2016_2025,cool_s5_l60_r95_step_up,2016-01-04,2025-12-31,100000.0000000000,2518105.2692149775,24.1810526921,0.3811437893,195,19.5183029597,73675.9423510352,-0.5850871438,2021-11-19,2023-01-05,412,2023-07-17,193.0000000000,605.0000000000,605,2021-11-19
decade_2016_2025,cool_s5_l60_r95_block_cut,2016-01-04,2025-12-31,100000.0000000000,2477210.8688235106,23.7721086882,0.3788821098,65,6.5061009866,26026.2816423637,-0.4576948254,2021-11-19,2022-09-30,315,2023-06-02,245.0000000000,560.0000000000,560,2021-11-19
decade_2016_2025,cool_s10_l30_r65_step_up,2016-01-04,2025-12-31,100000.0000000000,3232073.9122059923,31.3207391221,0.4160865905,91,9.1085413812,40208.2125998028,-0.4507743117,2024-12-16,2025-04-28,133,2025-10-27,182.0000000000,315.0000000000,553,2021-11-19
decade_2016_2025,cool_s10_l30_r65_block_cut,2016-01-04,2025-12-31,100000.0000000000,2410392.5313891135,23.1039253139,0.3751133612,67,6.7062887092,26054.5904274436,-0.4576961597,2021-11-19,2022-09-30,315,2023-06-02,245.0000000000,560.0000000000,560,2021-11-19
decade_2016_2025,cool_s10_l30_r80_step_up,2016-01-04,2025-12-31,100000.0000000000,3062793.4693206819,29.6279346932,0.4084818671,115,11.5107940532,50646.5995863705,-0.5197680500,2021-11-19,2022-09-30,315,2023-07-13,286.0000000000,601.0000000000,601,2021-11-19
decade_2016_2025,cool_s10_l30_r80_block_cut,2016-01-04,2025-12-31,100000.0000000000,2477210.8688235106,23.7721086882,0.3788821098,65,6.5061009866,26026.2816423637,-0.4576948254,2021-11-19,2022-09-30,315,2023-06-02,245.0000000000,560.0000000000,560,2021-11-19
decade_2016_2025,cool_s10_l30_r95_step_up,2016-01-04,2025-12-31,100000.0000000000,1946187.0349673079,18.4618703497,0.3459826510,152,15.2142669224,57371.1342457581,-0.6438536580,2021-11-19,2022-12-28,404,2023-12-19,356.0000000000,760.0000000000,760,2021-11-19
decade_2016_2025,cool_s10_l30_r95_block_cut,2016-01-04,2025-12-31,100000.0000000000,2470119.2294807881,23.7011922948,0.3784864897,65,6.5061009866,25963.7564604349,-0.4576954396,2021-11-19,2022-09-30,315,2023-06-02,245.0000000000,560.0000000000,560,2021-11-19
decade_2016_2025,cool_s10_l60_r65_step_up,2016-01-04,2025-12-31,100000.0000000000,3233526.1113672918,31.3352611137,0.4161502634,83,8.3077904905,36967.1428653721,-0.4586716385,2024-12-16,2025-05-06,141,2025-10-27,174.0000000000,315.0000000000,557,2021-11-19
decade_2016_2025,cool_s10_l60_r65_block_cut,2016-01-04,2025-12-31,100000.0000000000,2477210.8688235106,23.7721086882,0.3788821098,65,6.5061009866,26026.2816423637,-0.4576948254,2021-11-19,2022-09-30,315,2023-06-02,245.0000000000,560.0000000000,560,2021-11-19
decade_2016_2025,cool_s10_l60_r80_step_up,2016-01-04,2025-12-31,100000.0000000000,3530772.3237669114,34.3077232377,0.4286710896,113,11.3106063305,53148.0655276016,-0.4651611132,2021-11-19,2022-09-30,315,2023-05-26,238.0000000000,553.0000000000,553,2021-11-19
decade_2016_2025,cool_s10_l60_r80_block_cut,2016-01-04,2025-12-31,100000.0000000000,2477210.8688235106,23.7721086882,0.3788821098,65,6.5061009866,26026.2816423637,-0.4576948254,2021-11-19,2022-09-30,315,2023-06-02,245.0000000000,560.0000000000,560,2021-11-19
decade_2016_2025,cool_s10_l60_r95_step_up,2016-01-04,2025-12-31,100000.0000000000,4016146.4100815421,39.1614641008,0.4472097821,127,12.7119203891,71197.5540996789,-0.5578395153,2021-11-19,2022-12-28,404,2023-06-12,166.0000000000,570.0000000000,570,2021-11-19
decade_2016_2025,cool_s10_l60_r95_block_cut,2016-01-04,2025-12-31,100000.0000000000,2595818.7045259457,24.9581870453,0.3853521448,65,6.5061009866,27149.0726339229,-0.4576979887,2021-11-19,2022-09-30,315,2023-06-02,245.0000000000,560.0000000000,560,2021-11-19
decade_2016_2025,breadth_return_h20_n2_step_up,2016-01-04,2025-12-31,100000.0000000000,3010021.1155115920,29.1002111551,0.4060337152,117,11.7109817758,52327.3765302376,-0.5755830801,2021-11-19,2022-11-09,355,2023-07-18,251.0000000000,606.0000000000,606,2021-11-19
decade_2016_2025,breadth_return_h20_n2_block_cut,2016-01-04,2025-12-31,100000.0000000000,1804109.5813257471,17.0410958133,0.3358085098,61,6.1057255412,19633.3082889525,-0.4832370882,2021-11-19,2022-12-28,404,2023-06-14,168.0000000000,572.0000000000,572,2021-11-19
decade_2016_2025,breadth_return_h20_n3_step_up,2016-01-04,2025-12-31,100000.0000000000,3035077.4213490454,29.3507742135,0.4072008728,129,12.9121081118,54878.6905378246,-0.5249846477,2021-11-19,2022-09-30,315,2023-06-14,257.0000000000,572.0000000000,668,2018-01-26
decade_2016_2025,breadth_return_h20_n3_block_cut,2016-01-04,2025-12-31,100000.0000000000,2192020.6028308608,20.9202060283,0.3621041516,63,6.3059132639,22871.6235130081,-0.4576944565,2021-11-19,2022-09-30,315,2023-06-12,255.0000000000,570.0000000000,570,2021-11-19
decade_2016_2025,breadth_return_h60_n2_step_up,2016-01-04,2025-12-31,100000.0000000000,2362864.4117920850,22.6286441179,0.3723749837,73,7.3068518772,24790.8991692493,-0.6601373939,2021-11-19,2023-01-05,412,2024-01-19,379.0000000000,791.0000000000,791,2021-11-19
decade_2016_2025,breadth_return_h60_n2_block_cut,2016-01-04,2025-12-31,100000.0000000000,2598405.4813759294,24.9840548138,0.3854902651,39,3.9036605919,15284.2472799555,-0.5203361748,2021-11-19,2022-09-30,315,2023-06-15,258.0000000000,573.0000000000,573,2021-11-19
decade_2016_2025,breadth_return_h60_n3_step_up,2016-01-04,2025-12-31,100000.0000000000,2325527.4686327134,22.2552746863,0.3701887926,111,11.1104186078,44957.8577602908,-0.5973409515,2021-11-19,2022-09-30,315,2023-12-12,438.0000000000,753.0000000000,753,2021-11-19
decade_2016_2025,breadth_return_h60_n3_block_cut,2016-01-04,2025-12-31,100000.0000000000,2359376.7750359224,22.5937677504,0.3721720934,53,5.3049746506,20516.1395429148,-0.4929608010,2021-11-19,2022-09-30,315,2023-06-13,256.0000000000,571.0000000000,571,2021-11-19
decade_2016_2025,breadth_price_sma_h20_n2_step_up,2016-01-04,2025-12-31,100000.0000000000,2748550.3817724772,26.4855038177,0.3933025964,129,12.9121081118,43733.7131354401,-0.6318699682,2021-11-19,2022-12-28,404,2023-12-18,355.0000000000,759.0000000000,759,2021-11-19
decade_2016_2025,breadth_price_sma_h20_n2_block_cut,2016-01-04,2025-12-31,100000.0000000000,1774463.0796696953,16.7446307967,0.3335949303,59,5.9055378186,17343.7559500157,-0.5246449976,2021-11-19,2022-12-28,404,2023-07-13,197.0000000000,601.0000000000,601,2021-11-19
decade_2016_2025,breadth_price_sma_h20_n3_step_up,2016-01-04,2025-12-31,100000.0000000000,3073614.8842418054,29.7361488424,0.4089791868,127,12.7119203891,53815.7803315628,-0.5015192217,2021-11-19,2022-12-28,404,2023-06-12,166.0000000000,570.0000000000,570,2021-11-19
decade_2016_2025,breadth_price_sma_h20_n3_block_cut,2016-01-04,2025-12-31,100000.0000000000,2002893.5758869371,19.0289357589,0.3498576207,61,6.1057255412,21340.0530800697,-0.4968390266,2021-11-19,2022-12-28,404,2023-06-15,169.0000000000,573.0000000000,573,2021-11-19
decade_2016_2025,breadth_price_sma_h60_n2_step_up,2016-01-04,2025-12-31,100000.0000000000,1806965.2199233091,17.0696521992,0.3360199964,112,11.2105124692,33369.1909738550,-0.6218516576,2021-11-19,2022-09-30,315,2023-12-27,453.0000000000,768.0000000000,768,2021-11-19
decade_2016_2025,breadth_price_sma_h60_n2_block_cut,2016-01-04,2025-12-31,100000.0000000000,2158407.0540797808,20.5840705408,0.3599989050,55,5.5051623733,18092.9488087936,-0.4903847513,2021-11-19,2022-09-30,315,2023-06-12,255.0000000000,570.0000000000,570,2021-11-19
decade_2016_2025,breadth_price_sma_h60_n3_step_up,2016-01-04,2025-12-31,100000.0000000000,1941708.5182805194,18.4170851828,0.3456723046,117,11.7109817758,43169.3599577107,-0.5566579116,2021-11-19,2022-12-28,404,2023-07-18,202.0000000000,606.0000000000,606,2021-11-19
decade_2016_2025,breadth_price_sma_h60_n3_block_cut,2016-01-04,2025-12-31,100000.0000000000,2471492.9396410752,23.7149293964,0.3785632044,59,5.9055378186,24656.3232669441,-0.4576965004,2021-11-19,2022-09-30,315,2023-06-02,245.0000000000,560.0000000000,560,2021-11-19
decade_2016_2025,consensus_10_20_60_n2_step_up,2016-01-04,2025-12-31,100000.0000000000,2670110.9937910391,25.7011099379,0.3892705432,136,13.6127651411,43463.8491632685,-0.5913266592,2021-11-19,2022-12-28,404,2023-07-13,197.0000000000,601.0000000000,601,2021-11-19
decade_2016_2025,consensus_10_20_60_n2_block_cut,2016-01-04,2025-12-31,100000.0000000000,2506617.6145208143,24.0661761452,0.3805118186,55,5.5051623733,19552.5887654903,-0.4929593738,2021-11-19,2022-09-30,315,2023-06-14,257.0000000000,572.0000000000,572,2021-11-19
decade_2016_2025,consensus_10_20_60_n3_step_up,2016-01-04,2025-12-31,100000.0000000000,2659024.7922131820,25.5902479221,0.3886921004,100,10.0093861332,49169.1983295335,-0.5170085250,2021-11-19,2022-09-30,315,2023-06-12,255.0000000000,570.0000000000,570,2021-11-19
decade_2016_2025,consensus_10_20_60_n3_block_cut,2016-01-04,2025-12-31,100000.0000000000,2364169.0834574425,22.6416908346,0.3724508126,63,6.3059132639,24348.7244255242,-0.4576955425,2021-11-19,2022-09-30,315,2023-06-02,245.0000000000,560.0000000000,560,2021-11-19
decade_2016_2025,consensus_20_60_120_n2_step_up,2016-01-04,2025-12-31,100000.0000000000,2749068.1891539106,26.4906818915,0.3933288676,83,8.3077904905,30818.6660608314,-0.5971208156,2021-11-19,2022-12-28,404,2023-07-18,202.0000000000,606.0000000000,606,2021-11-19
decade_2016_2025,consensus_20_60_120_n2_block_cut,2016-01-04,2025-12-31,100000.0000000000,1840143.1773312578,17.4014317733,0.3384553323,40,4.0037544533,11830.0831039160,-0.5203292680,2021-11-19,2022-09-30,315,2023-06-15,258.0000000000,573.0000000000,573,2021-11-19
decade_2016_2025,consensus_20_60_120_n3_step_up,2016-01-04,2025-12-31,100000.0000000000,2296551.4554835614,21.9655145548,0.3684702815,92,9.2086352425,38487.0572229914,-0.4993630070,2021-11-19,2022-09-30,315,2023-06-13,256.0000000000,571.0000000000,571,2021-11-19
decade_2016_2025,consensus_20_60_120_n3_block_cut,2016-01-04,2025-12-31,100000.0000000000,2854779.6225056243,27.5477962251,0.3986011493,61,6.1057255412,28159.5324477329,-0.4576962272,2021-11-19,2022-09-30,315,2023-06-02,245.0000000000,560.0000000000,560,2021-11-19
decade_2016_2025,recovery_10_breadth2_cool95,2016-01-04,2025-12-31,100000.0000000000,3241642.9372163825,31.4164293722,0.4165056791,67,6.7062887092,32076.2609099843,-0.4576963914,2021-11-19,2022-09-30,315,2023-06-02,245.0000000000,560.0000000000,560,2021-11-19
decade_2016_2025,recovery_15_breadth2_cool95,2016-01-04,2025-12-31,100000.0000000000,3196639.9578800900,30.9663995788,0.4145249266,67,6.7062887092,31707.0835990860,-0.4576977162,2021-11-19,2022-09-30,315,2023-06-02,245.0000000000,560.0000000000,560,2021-11-19
full_current,vo,1999-03-10,2026-08-07,100000.0000000000,217431520.6373295784,2173.3152063733,0.3235705791,161,5.8733562225,2768243.0365675683,-0.5288304467,2007-10-31,2009-05-13,560,2010-04-05,327.0000000000,887.0000000000,887,2007-10-31
full_current,riskadj_h20_t5_step_up,1999-03-10,2026-08-07,100000.0000000000,386580574.8757326603,3864.8057487573,0.3516498935,358,13.0600094886,7835655.6255391268,-0.5685219122,2021-11-19,2022-12-28,404,2023-07-17,201.0000000000,605.0000000000,1274,2000-03-09
full_current,riskadj_h20_t5_block_cut,1999-03-10,2026-08-07,100000.0000000000,215440273.1094869971,2153.4027310949,0.3231264250,139,5.0707858070,2362602.7455211347,-0.5474348756,2007-10-31,2009-05-13,560,2009-12-24,225.0000000000,785.0000000000,1281,2000-01-03
full_current,riskadj_h20_t10_step_up,1999-03-10,2026-08-07,100000.0000000000,128508333.2654320598,1284.0833326543,0.2984202658,346,12.6222438074,1998212.9354219451,-0.5711933290,2007-10-31,2009-05-13,560,2010-04-14,336.0000000000,896.0000000000,2200,2000-01-03
full_current,riskadj_h20_t10_block_cut,1999-03-10,2026-08-07,100000.0000000000,225735230.9057382345,2256.3523090574,0.3253814619,151,5.5085514882,2525963.3844158854,-0.5288304064,2007-10-31,2009-05-13,560,2010-04-05,327.0000000000,887.0000000000,1173,2000-01-03
full_current,riskadj_h20_t15_step_up,1999-03-10,2026-08-07,100000.0000000000,158953877.0895024538,1588.5387708950,0.3085306095,266,9.7038059329,2573793.0248341747,-0.5598686737,2007-10-31,2009-05-13,560,2010-04-14,336.0000000000,896.0000000000,1243,2000-01-03
full_current,riskadj_h20_t15_block_cut,1999-03-10,2026-08-07,100000.0000000000,221000937.3848043680,2209.0093738480,0.3243570284,155,5.6544733819,2477004.6800405113,-0.5288302659,2007-10-31,2009-05-13,560,2010-04-05,327.0000000000,887.0000000000,1173,2000-01-03
full_current,riskadj_h60_t5_step_up,1999-03-10,2026-08-07,100000.0000000000,172762122.0815340281,1726.6212208153,0.3125131253,256,9.3390011986,3643458.5048895534,-0.5874900651,2007-10-31,2009-05-13,560,2009-12-22,223.0000000000,783.0000000000,1260,2000-03-27
full_current,riskadj_h60_t5_block_cut,1999-03-10,2026-08-07,100000.0000000000,175834856.1014511883,1757.3485610145,0.3133575217,126,4.5965396524,1851752.3744856012,-0.5945548424,2007-10-31,2009-05-13,560,2010-04-12,334.0000000000,894.0000000000,1197,2000-03-27
full_current,riskadj_h60_t10_step_up,1999-03-10,2026-08-07,100000.0000000000,262278996.2749655247,2621.7899627497,0.3326561613,245,8.9377159908,4017542.7554152459,-0.5801861893,2007-10-31,2009-05-22,569,2009-12-28,220.0000000000,789.0000000000,1216,2000-03-09
full_current,riskadj_h60_t10_block_cut,1999-03-10,2026-08-07,100000.0000000000,325105491.8049550056,3250.0549180495,0.3431369889,145,5.2896686476,3565412.9573989548,-0.5681906125,2007-10-31,2009-05-13,560,2010-03-23,314.0000000000,874.0000000000,1175,2000-03-09
full_current,riskadj_h60_t15_step_up,1999-03-10,2026-08-07,100000.0000000000,245194141.0460010767,2450.9414104600,0.3293854854,217,7.9162627347,3691013.9872385785,-0.5288304065,2007-10-31,2009-05-13,560,2009-12-24,225.0000000000,785.0000000000,1281,2000-01-03
full_current,riskadj_h60_t15_block_cut,1999-03-10,2026-08-07,100000.0000000000,216774881.0287430584,2166.7488102874,0.3234245482,157,5.7274343288,2712554.0640284345,-0.5288303893,2007-10-31,2009-05-13,560,2010-04-05,327.0000000000,887.0000000000,1248,2000-01-03
full_current,riskadj_h120_t5_step_up,1999-03-10,2026-08-07,100000.0000000000,238420715.9292991757,2383.2071592930,0.3280276204,205,7.4784970535,3596149.6166827190,-0.6370511176,2007-10-31,2009-05-13,560,2010-03-16,307.0000000000,867.0000000000,1379,2000-03-27
full_current,riskadj_h120_t5_block_cut,1999-03-10,2026-08-07,100000.0000000000,159275652.8687886596,1591.7565286879,0.3086271487,107,3.9034106572,1044369.2781133485,-0.6069530699,2000-03-27,2000-04-14,18,2004-12-01,1692.0000000000,1710.0000000000,1710,2000-03-27
full_current,riskadj_h120_t10_step_up,1999-03-10,2026-08-07,100000.0000000000,141640544.0441571474,1415.4054404416,0.3030372018,216,7.8797822613,2746488.0998574239,-0.6302390256,2000-03-27,2000-09-18,175,2006-01-09,1939.0000000000,2114.0000000000,2114,2000-03-27
full_current,riskadj_h120_t10_block_cut,1999-03-10,2026-08-07,100000.0000000000,150828313.1358372271,1507.2831313584,0.3060282169,135,4.9248639133,1627442.5484741989,-0.6107237435,2000-03-27,2000-09-18,175,2004-12-14,1548.0000000000,1723.0000000000,1723,2000-03-27
full_current,riskadj_h120_t15_step_up,1999-03-10,2026-08-07,100000.0000000000,142810617.3263571858,1427.1061732636,0.3034283310,193,7.0407313724,2603553.0585716059,-0.5288304500,2007-10-31,2009-05-13,560,2010-01-19,251.0000000000,811.0000000000,1256,2000-03-27
full_current,riskadj_h120_t15_block_cut,1999-03-10,2026-08-07,100000.0000000000,149570221.9791755676,1494.7022197918,0.3056291980,153,5.5815124351,1912183.5866052278,-0.5288305010,2007-10-31,2009-05-13,560,2010-04-05,327.0000000000,887.0000000000,1248,2000-01-03
full_current,cool_s5_l30_r65_step_up,1999-03-10,2026-08-07,100000.0000000000,88805303.0245399475,887.0530302454,0.2810333819,391,14.2638651119,2168275.0296183946,-0.6138665935,2007-10-31,2009-05-13,560,2010-11-04,540.0000000000,1100.0000000000,1344,1999-12-23
full_current,cool_s5_l30_r65_block_cut,1999-03-10,2026-08-07,100000.0000000000,225754196.3114143610,2256.5419631141,0.3253855240,157,5.7274343288,2861503.9556695758,-0.5288305071,2007-10-31,2009-05-13,560,2010-04-05,327.0000000000,887.0000000000,887,2007-10-31
full_current,cool_s5_l30_r80_step_up,1999-03-10,2026-08-07,100000.0000000000,49865167.6663009301,497.6516766630,0.2543447664,496,18.0943148222,1727311.5812635615,-0.6704970350,2007-10-31,2009-07-07,615,2010-12-20,531.0000000000,1146.0000000000,2066,2000-03-27
full_current,cool_s5_l30_r80_block_cut,1999-03-10,2026-08-07,100000.0000000000,245173049.1469631493,2450.7304914696,0.3293813135,151,5.5085514882,2739694.4138079602,-0.5288305071,2007-10-31,2009-05-13,560,2010-03-23,314.0000000000,874.0000000000,874,2007-10-31
full_current,cool_s5_l30_r95_step_up,1999-03-10,2026-08-07,100000.0000000000,49589931.5029554293,494.8993150296,0.2540915202,565,20.6114674890,1698002.2889338708,-0.7226941816,2000-03-27,2002-08-13,869,2007-06-04,1756.0000000000,2625.0000000000,2625,2000-03-27
full_current,cool_s5_l30_r95_block_cut,1999-03-10,2026-08-07,100000.0000000000,238533077.7147637010,2384.3307771476,0.3280504471,151,5.5085514882,2669629.2305736048,-0.5288302739,2007-10-31,2009-05-13,560,2010-03-23,314.0000000000,874.0000000000,874,2007-10-31
full_current,cool_s5_l60_r65_step_up,1999-03-10,2026-08-07,100000.0000000000,79527956.5752026439,794.2795657520,0.2758873641,386,14.0814627447,1729356.3845233382,-0.6255446786,2007-10-31,2009-05-13,560,2010-11-05,541.0000000000,1101.0000000000,1485,1999-12-23
full_current,cool_s5_l60_r65_block_cut,1999-03-10,2026-08-07,100000.0000000000,230528146.0994972289,2304.2814609950,0.3263977057,155,5.6544733819,2873679.5947171710,-0.5288305071,2007-10-31,2009-05-13,560,2010-04-05,327.0000000000,887.0000000000,887,2007-10-31
full_current,cool_s5_l60_r80_step_up,1999-03-10,2026-08-07,100000.0000000000,45794368.9907233566,456.9436899072,0.2504538970,489,17.8389515082,1331482.8891382965,-0.6761073790,2007-10-31,2009-05-22,569,2011-01-12,600.0000000000,1169.0000000000,2499,1999-12-23
full_current,cool_s5_l60_r80_block_cut,1999-03-10,2026-08-07,100000.0000000000,237197129.7879441679,2370.9712978794,0.3277783710,153,5.5815124351,2658098.4753169548,-0.5288305071,2007-10-31,2009-05-13,560,2010-04-05,327.0000000000,887.0000000000,887,2007-10-31
full_current,cool_s5_l60_r95_step_up,1999-03-10,2026-08-07,100000.0000000000,42933596.9765221179,428.3359697652,0.2475147553,566,20.6479479624,1333270.7175879590,-0.7501601235,2000-03-27,2003-03-11,1079,2007-07-12,1584.0000000000,2663.0000000000,2663,2000-03-27
full_current,cool_s5_l60_r95_block_cut,1999-03-10,2026-08-07,100000.0000000000,245173049.1469631493,2450.7304914696,0.3293813135,151,5.5085514882,2739694.4138079602,-0.5288305071,2007-10-31,2009-05-13,560,2010-03-23,314.0000000000,874.0000000000,874,2007-10-31
full_current,cool_s10_l30_r65_step_up,1999-03-10,2026-08-07,100000.0000000000,175111525.4889079928,1750.1152548891,0.3131600351,243,8.8647550439,2798839.2987576490,-0.5438977434,2007-10-31,2009-05-13,560,2010-04-05,327.0000000000,887.0000000000,895,2001-01-23
full_current,cool_s10_l30_r65_block_cut,1999-03-10,2026-08-07,100000.0000000000,223269733.1564095616,2231.6973315641,0.3248505748,159,5.8003952757,2843577.4749734821,-0.5288304407,2007-10-31,2009-05-13,560,2010-04-05,327.0000000000,887.0000000000,887,2007-10-31
full_current,cool_s10_l30_r80_step_up,1999-03-10,2026-08-07,100000.0000000000,115015448.8315941244,1149.1544883159,0.2931765910,336,12.2574390731,1902301.2339264611,-0.6094014747,2007-10-31,2009-05-13,560,2010-11-05,541.0000000000,1101.0000000000,1553,2000-09-01
full_current,cool_s10_l30_r80_block_cut,1999-03-10,2026-08-07,100000.0000000000,229934764.2847496867,2298.3476428475,0.3262730008,153,5.5815124351,2859065.9945178949,-0.5288305071,2007-10-31,2009-05-13,560,2010-04-05,327.0000000000,887.0000000000,887,2007-10-31
full_current,cool_s10_l30_r95_step_up,1999-03-10,2026-08-07,100000.0000000000,45012186.4219727963,449.1218642197,0.2496682574,459,16.7445373052,1196240.5788143119,-0.7110453176,2007-10-31,2009-05-13,560,2011-02-16,644.0000000000,1204.0000000000,2383,2000-05-05
full_current,cool_s10_l30_r95_block_cut,1999-03-10,2026-08-07,100000.0000000000,237447309.9806283116,2373.4730998063,0.3278294343,149,5.4355905414,2654620.3925522813,-0.5288304116,2007-10-31,2009-05-13,560,2010-04-05,327.0000000000,887.0000000000,887,2007-10-31
full_current,cool_s10_l60_r65_step_up,1999-03-10,2026-08-07,100000.0000000000,161027912.5320670605,1609.2791253207,0.3091495859,242,8.8282745705,2285518.6872989871,-0.6019189416,2007-10-31,2009-05-13,560,2010-11-03,539.0000000000,1099.0000000000,1156,2000-06-21
full_current,cool_s10_l60_r65_block_cut,1999-03-10,2026-08-07,100000.0000000000,229454379.4127967954,2293.5437941280,0.3261718159,157,5.7274343288,2860661.9337520534,-0.5288304407,2007-10-31,2009-05-13,560,2010-04-05,327.0000000000,887.0000000000,887,2007-10-31
full_current,cool_s10_l60_r80_step_up,1999-03-10,2026-08-07,100000.0000000000,121577980.5886733532,1214.7798058867,0.2957969941,351,12.8046461746,2288972.7793453485,-0.6148743521,2000-03-09,2002-03-20,741,2006-01-06,1388.0000000000,2129.0000000000,2129,2000-03-09
full_current,cool_s10_l60_r80_block_cut,1999-03-10,2026-08-07,100000.0000000000,230528146.0994972289,2304.2814609950,0.3263977057,155,5.6544733819,2873679.5947171710,-0.5288305071,2007-10-31,2009-05-13,560,2010-04-05,327.0000000000,887.0000000000,887,2007-10-31
full_current,cool_s10_l60_r95_step_up,1999-03-10,2026-08-07,100000.0000000000,74723889.1248441041,746.2388912484,0.2729904974,409,14.9205136336,1210282.8303032999,-0.7727128911,2000-03-09,2003-02-26,1084,2007-10-05,1682.0000000000,2766.0000000000,2766,2000-03-09
full_current,cool_s10_l60_r95_block_cut,1999-03-10,2026-08-07,100000.0000000000,245905460.1019922495,2458.0546010199,0.3295259800,151,5.5085514882,2744128.0283242548,-0.5415053013,2007-10-31,2009-05-13,560,2010-04-09,331.0000000000,891.0000000000,891,2007-10-31
full_current,breadth_return_h20_n2_step_up,1999-03-10,2026-08-07,100000.0000000000,78252534.5360553414,781.5253453606,0.2751350749,347,12.6587242809,1395342.6941967965,-0.8247234262,2000-07-17,2003-03-11,967,2007-10-05,1669.0000000000,2636.0000000000,2636,2000-07-17
full_current,breadth_return_h20_n2_block_cut,1999-03-10,2026-08-07,100000.0000000000,175367050.6185936928,1752.6705061859,0.3132298892,141,5.1437467539,2070417.6689571955,-0.5308656381,2007-10-31,2009-05-13,560,2009-12-23,224.0000000000,784.0000000000,784,2007-10-31
full_current,breadth_return_h20_n3_step_up,1999-03-10,2026-08-07,100000.0000000000,90237054.5983076394,901.3705459831,0.2817810326,388,14.1544236916,1751385.4237414356,-0.7896464182,2000-07-17,2003-02-07,935,2007-07-12,1616.0000000000,2551.0000000000,2551,2000-07-17
full_current,breadth_return_h20_n3_block_cut,1999-03-10,2026-08-07,100000.0000000000,225012891.5044890344,2249.1289150449,0.3252265040,143,5.2167077008,2501660.4284510566,-0.5178963567,2007-10-31,2009-05-13,560,2009-12-21,222.0000000000,782.0000000000,782,2007-10-31
full_current,breadth_return_h60_n2_step_up,1999-03-10,2026-08-07,100000.0000000000,109233680.6743582189,1091.3368067436,0.2907456974,216,7.8797822613,1181764.8927372561,-0.6601406888,2021-11-19,2023-01-05,412,2024-01-19,379.0000000000,791.0000000000,1232,2000-09-01
full_current,breadth_return_h60_n2_block_cut,1999-03-10,2026-08-07,100000.0000000000,199909834.1267839074,1998.0983412678,0.3195200474,115,4.1952544447,1303783.9367481105,-0.6124240319,2007-10-31,2009-05-13,560,2010-04-14,336.0000000000,896.0000000000,908,2000-09-20
full_current,breadth_return_h60_n3_step_up,1999-03-10,2026-08-07,100000.0000000000,164438281.8629992306,1643.3828186300,0.3101508696,245,8.9377159908,3206159.7810796080,-0.5973463061,2021-11-19,2022-09-30,315,2023-12-12,438.0000000000,753.0000000000,1140,2000-09-01
full_current,breadth_return_h60_n3_block_cut,1999-03-10,2026-08-07,100000.0000000000,193524958.1865617335,1934.2495818656,0.3179584569,131,4.7789420196,1850781.1986276577,-0.5735738996,2007-10-31,2009-05-13,560,2010-03-23,314.0000000000,874.0000000000,881,2000-09-20
full_current,breadth_price_sma_h20_n2_step_up,1999-03-10,2026-08-07,100000.0000000000,87279131.8527280688,871.7913185273,0.2802235278,405,14.7745917399,1651684.0934243186,-0.6985714598,2000-09-01,2002-09-03,732,2007-04-26,1696.0000000000,2428.0000000000,2428,2000-09-01
full_current,breadth_price_sma_h20_n2_block_cut,1999-03-10,2026-08-07,100000.0000000000,150153786.4211357236,1500.5378642114,0.3058146831,141,5.1437467539,1589264.1271916565,-0.5474349441,2007-10-31,2009-05-13,560,2009-12-24,225.0000000000,785.0000000000,785,2007-10-31
full_current,breadth_price_sma_h20_n3_step_up,1999-03-10,2026-08-07,100000.0000000000,150095270.9343623519,1499.9527093436,0.3057961154,400,14.5921893728,3252702.2586371913,-0.5952940825,2007-10-31,2009-03-16,502,2009-12-24,283.0000000000,785.0000000000,1903,2000-09-01
full_current,breadth_price_sma_h20_n3_block_cut,1999-03-10,2026-08-07,100000.0000000000,187690117.7456843853,1875.9011774568,0.3164873558,145,5.2896686476,2125519.7293975358,-0.5474349283,2007-10-31,2009-05-13,560,2009-12-24,225.0000000000,785.0000000000,785,2007-10-31
full_current,breadth_price_sma_h60_n2_step_up,1999-03-10,2026-08-07,100000.0000000000,155193543.3144947290,1550.9354331449,0.3073882617,268,9.7767668797,2698132.3620350482,-0.6218557395,2021-11-19,2022-09-30,315,2023-12-27,453.0000000000,768.0000000000,1090,2000-09-01
full_current,breadth_price_sma_h60_n2_block_cut,1999-03-10,2026-08-07,100000.0000000000,216188106.9286986887,2160.8810692870,0.3232936937,129,4.7059810727,1942800.4175763167,-0.5749906303,2007-10-31,2009-05-13,560,2010-03-30,321.0000000000,881.0000000000,881,2007-10-31
full_current,breadth_price_sma_h60_n3_step_up,1999-03-10,2026-08-07,100000.0000000000,138124981.7998134196,1380.2498179981,0.3018430167,264,9.6308449860,2764148.7645124453,-0.5566625621,2021-11-19,2022-12-28,404,2023-07-18,202.0000000000,606.0000000000,1039,2000-09-01
full_current,breadth_price_sma_h60_n3_block_cut,1999-03-10,2026-08-07,100000.0000000000,226427902.4656402767,2263.2790246564,0.3255296073,141,5.1437467539,2586090.1163256662,-0.5474348521,2007-10-31,2009-05-13,560,2009-12-24,225.0000000000,785.0000000000,785,2007-10-31
full_current,consensus_10_20_60_n2_step_up,1999-03-10,2026-08-07,100000.0000000000,133226486.9259255677,1331.2648692593,0.3001292932,398,14.5192284259,2642127.8537864368,-0.7522487317,2000-03-27,2003-03-11,1079,2007-05-21,1532.0000000000,2611.0000000000,2611,2000-03-27
full_current,consensus_10_20_60_n2_block_cut,1999-03-10,2026-08-07,100000.0000000000,195718379.9765033722,1956.1837997650,0.3185004416,123,4.4870982321,1789134.9541024114,-0.5542146514,2007-10-31,2009-05-13,560,2009-12-28,229.0000000000,789.0000000000,1281,2000-01-03
full_current,consensus_10_20_60_n3_step_up,1999-03-10,2026-08-07,100000.0000000000,151124088.9253048301,1510.2408892530,0.3061215602,348,12.6952047543,3388171.8240024056,-0.6185828950,2007-10-31,2009-05-13,560,2010-04-12,334.0000000000,894.0000000000,2145,2000-01-03
full_current,consensus_10_20_60_n3_block_cut,1999-03-10,2026-08-07,100000.0000000000,234482788.6803362370,2343.8278868034,0.3272209970,137,4.9978248602,2578553.7295325384,-0.5415054473,2007-10-31,2009-05-13,560,2009-12-23,224.0000000000,784.0000000000,1243,2000-01-03
full_current,consensus_20_60_120_n2_step_up,1999-03-10,2026-08-07,100000.0000000000,167499542.8910617232,1673.9954289106,0.3110327584,278,10.1415716141,1939226.4132197860,-0.7484177628,2000-03-27,2003-03-11,1079,2006-01-11,1037.0000000000,2116.0000000000,2116,2000-03-27
full_current,consensus_20_60_120_n2_block_cut,1999-03-10,2026-08-07,100000.0000000000,141242680.6869705021,1411.4268068697,0.3029034954,108,3.9398911306,1053330.2657157879,-0.5552916828,2007-10-31,2009-05-13,560,2009-12-28,229.0000000000,789.0000000000,1319,2000-03-27
full_current,consensus_20_60_120_n3_step_up,1999-03-10,2026-08-07,100000.0000000000,334552151.9402509928,3344.5215194025,0.3445411828,279,10.1780520875,6627382.3202074198,-0.6120629053,2007-10-31,2009-05-13,560,2010-04-05,327.0000000000,887.0000000000,1254,2000-03-27
full_current,consensus_20_60_120_n3_block_cut,1999-03-10,2026-08-07,100000.0000000000,270922998.1498250365,2708.2299814983,0.3342335059,139,5.0707858070,2964274.2615460968,-0.5288304327,2007-10-31,2009-05-13,560,2009-12-22,223.0000000000,783.0000000000,1243,2000-01-03
full_current,recovery_10_breadth2_cool95,1999-03-10,2026-08-07,100000.0000000000,306133187.8157292604,3060.3318781573,0.3401939783,165,6.0192781163,3396337.6779342941,-0.5315738701,2007-10-31,2009-05-13,560,2009-12-28,229.0000000000,789.0000000000,789,2007-10-31
full_current,recovery_15_breadth2_cool95,1999-03-10,2026-08-07,100000.0000000000,289871282.6613831520,2897.7128266138,0.3375280067,165,6.0192781163,3222078.4815752315,-0.5288304205,2007-10-31,2009-05-13,560,2010-01-04,236.0000000000,796.0000000000,796,2007-10-31
actual_current,vo,2010-02-11,2026-08-07,100000.0000000000,29687625.5120943859,295.8762551209,0.4125049410,98,5.9448206278,376771.4374976173,-0.4577022582,2021-11-19,2022-09-30,315,2023-06-02,245.0000000000,560.0000000000,560,2021-11-19
actual_current,riskadj_h20_t5_step_up,2010-02-11,2026-08-07,100000.0000000000,35374652.5199051648,352.7465251991,0.4276025831,173,10.4944282511,713905.0525520006,-0.5685214082,2021-11-19,2022-12-28,404,2023-07-17,201.0000000000,605.0000000000,664,2024-07-10
actual_current,riskadj_h20_t5_block_cut,2010-02-11,2026-08-07,100000.0000000000,29484139.7657160535,293.8413976572,0.4119157403,90,5.4595291480,322443.2406943009,-0.4577022762,2021-11-19,2022-09-30,315,2023-06-01,244.0000000000,559.0000000000,559,2021-11-19
actual_current,riskadj_h20_t10_step_up,2010-02-11,2026-08-07,100000.0000000000,34287065.5762674063,341.8706557627,0.4249008415,165,10.0091367713,528117.7731013458,-0.4494817833,2024-12-16,2025-04-07,112,2025-10-28,204.0000000000,316.0000000000,553,2021-11-19
actual_current,riskadj_h20_t10_block_cut,2010-02-11,2026-08-07,100000.0000000000,31530657.5615247525,314.3065756152,0.4176751640,94,5.7021748879,351704.0664723566,-0.4577020025,2021-11-19,2022-09-30,315,2023-06-02,245.0000000000,560.0000000000,560,2021-11-19
actual_current,riskadj_h20_t15_step_up,2010-02-11,2026-08-07,100000.0000000000,26515412.5082891621,264.1541250829,0.4028553408,146,8.8565695067,426777.8559071139,-0.4795708815,2021-11-19,2022-09-30,315,2023-06-13,256.0000000000,571.0000000000,571,2021-11-19
actual_current,riskadj_h20_t15_block_cut,2010-02-11,2026-08-07,100000.0000000000,31267954.5630547702,311.6795456305,0.4169558364,94,5.7021748879,349263.8193152780,-0.4577018305,2021-11-19,2022-09-30,315,2023-06-02,245.0000000000,560.0000000000,560,2021-11-19
actual_current,riskadj_h60_t5_step_up,2010-02-11,2026-08-07,100000.0000000000,15387846.7063227519,152.8784670632,0.3573046814,146,8.8565695067,322771.0078849638,-0.5773402828,2021-11-19,2022-09-30,315,2023-07-17,290.0000000000,605.0000000000,691,2024-07-10
actual_current,riskadj_h60_t5_block_cut,2010-02-11,2026-08-07,100000.0000000000,20189429.7999743223,200.8942979997,0.3798508101,81,4.9135762332,211754.1814293191,-0.5003604045,2021-11-19,2022-09-30,315,2023-06-14,257.0000000000,572.0000000000,691,2024-07-10
actual_current,riskadj_h60_t10_step_up,2010-02-11,2026-08-07,100000.0000000000,27328447.4095647037,272.2844740956,0.4054278650,113,6.8547421525,416415.2375391650,-0.4894650734,2021-11-19,2022-09-30,315,2023-06-12,255.0000000000,570.0000000000,570,2021-11-19
actual_current,riskadj_h60_t10_block_cut,2010-02-11,2026-08-07,100000.0000000000,33744713.4524601623,336.4471345246,0.4235233275,90,5.4595291480,369138.6095966148,-0.4577024405,2021-11-19,2022-09-30,315,2023-06-02,245.0000000000,560.0000000000,560,2021-11-19
actual_current,riskadj_h60_t15_step_up,2010-02-11,2026-08-07,100000.0000000000,35375576.4603367746,352.7557646034,0.4276048450,104,6.3087892377,530462.8961123055,-0.4610972933,2021-11-19,2022-09-30,315,2023-06-02,245.0000000000,560.0000000000,560,2021-11-19
actual_current,riskadj_h60_t15_block_cut,2010-02-11,2026-08-07,100000.0000000000,36056823.7906085104,359.5682379061,0.4292576618,94,5.7021748879,449953.5205898992,-0.4577022292,2021-11-19,2022-09-30,315,2023-06-02,245.0000000000,560.0000000000,560,2021-11-19
actual_current,riskadj_h120_t5_step_up,2010-02-11,2026-08-07,100000.0000000000,24434038.9316507950,243.3403893165,0.3959157882,113,6.8547421525,366900.8871504393,-0.5006319736,2021-11-19,2022-09-30,315,2023-06-12,255.0000000000,570.0000000000,687,2024-07-10
actual_current,riskadj_h120_t5_block_cut,2010-02-11,2026-08-07,100000.0000000000,20842125.4808959253,207.4212548090,0.3825165844,62,3.7610089686,136059.9076865016,-0.5034447435,2021-11-19,2022-09-30,315,2023-06-14,257.0000000000,572.0000000000,685,2024-07-10
actual_current,riskadj_h120_t10_step_up,2010-02-11,2026-08-07,100000.0000000000,21126658.5289612934,210.2665852896,0.3836542239,113,6.8547421525,407966.0591348775,-0.4954882392,2021-11-19,2022-09-30,315,2023-06-13,256.0000000000,571.0000000000,571,2021-11-19
actual_current,riskadj_h120_t10_block_cut,2010-02-11,2026-08-07,100000.0000000000,25556654.8677617237,254.5665486776,0.3997247692,80,4.8529147982,274874.4232371675,-0.4929692307,2021-11-19,2022-09-30,315,2023-06-13,256.0000000000,571.0000000000,571,2021-11-19
actual_current,riskadj_h120_t15_step_up,2010-02-11,2026-08-07,100000.0000000000,19253961.0437362604,191.5396104374,0.3758854145,116,7.0367264574,349572.8253954278,-0.4697066476,2024-12-16,2025-04-07,112,2026-05-28,416.0000000000,528.0000000000,560,2021-11-19
actual_current,riskadj_h120_t15_block_cut,2010-02-11,2026-08-07,100000.0000000000,24351355.5626443848,242.5135556264,0.3956287855,92,5.5808520179,310165.9723273878,-0.4577020286,2021-11-19,2022-09-30,315,2023-06-02,245.0000000000,560.0000000000,560,2021-11-19
actual_current,cool_s5_l30_r65_step_up,2010-02-11,2026-08-07,100000.0000000000,22689262.6185925156,225.8926261859,0.3896564417,207,12.5569170404,549030.6261998964,-0.4979440090,2021-11-19,2022-12-28,404,2023-06-15,169.0000000000,573.0000000000,573,2021-11-19
actual_current,cool_s5_l30_r65_block_cut,2010-02-11,2026-08-07,100000.0000000000,29759460.2066726610,296.5946020667,0.4127120354,98,5.9448206278,376076.8341873970,-0.4577021998,2021-11-19,2022-09-30,315,2023-06-02,245.0000000000,560.0000000000,560,2021-11-19
actual_current,cool_s5_l30_r80_step_up,2010-02-11,2026-08-07,100000.0000000000,22280678.0247997269,221.8067802480,0.3881254163,246,14.9227130045,763445.0203912081,-0.5986778561,2021-11-19,2022-12-28,404,2024-01-23,391.0000000000,795.0000000000,795,2021-11-19
actual_current,cool_s5_l30_r80_block_cut,2010-02-11,2026-08-07,100000.0000000000,32319301.3788771108,322.1930137888,0.4198012813,92,5.5808520179,360019.2979356355,-0.4577021961,2021-11-19,2022-09-30,315,2023-06-02,245.0000000000,560.0000000000,560,2021-11-19
actual_current,cool_s5_l30_r95_step_up,2010-02-11,2026-08-07,100000.0000000000,24279950.4373669475,241.7995043737,0.3953801932,259,15.7113116592,821076.8885965637,-0.6120510530,2021-11-19,2023-01-05,412,2024-01-19,379.0000000000,791.0000000000,791,2021-11-19
actual_current,cool_s5_l30_r95_block_cut,2010-02-11,2026-08-07,100000.0000000000,30322365.2787440158,302.2236527874,0.4143187840,92,5.5808520179,338247.8947677657,-0.4577022463,2021-11-19,2022-09-30,315,2023-06-02,245.0000000000,560.0000000000,560,2021-11-19
actual_current,cool_s5_l60_r65_step_up,2010-02-11,2026-08-07,100000.0000000000,24996786.8759675026,248.9678687597,0.3978452522,192,11.6469955157,537923.1868776280,-0.5098224143,2021-11-19,2022-12-28,404,2023-07-13,197.0000000000,601.0000000000,601,2021-11-19
actual_current,cool_s5_l60_r65_block_cut,2010-02-11,2026-08-07,100000.0000000000,30388831.2266796827,302.8883122668,0.4145066505,96,5.8234977578,377682.2537204861,-0.4577018305,2021-11-19,2022-09-30,315,2023-06-02,245.0000000000,560.0000000000,560,2021-11-19
actual_current,cool_s5_l60_r80_step_up,2010-02-11,2026-08-07,100000.0000000000,21084757.3215736151,209.8475732157,0.3834875986,243,14.7407286996,604190.1538243087,-0.5721679526,2021-11-19,2023-01-05,412,2023-12-18,347.0000000000,759.0000000000,759,2021-11-19
actual_current,cool_s5_l60_r80_block_cut,2010-02-11,2026-08-07,100000.0000000000,31267954.5630547702,311.6795456305,0.4169558364,94,5.7021748879,349263.8193152780,-0.4577018305,2021-11-19,2022-09-30,315,2023-06-02,245.0000000000,560.0000000000,560,2021-11-19
actual_current,cool_s5_l60_r95_step_up,2010-02-11,2026-08-07,100000.0000000000,26192905.3217688650,260.9290532177,0.4018143184,261,15.8326345291,802708.1470920380,-0.5850956458,2021-11-19,2023-01-05,412,2023-07-17,193.0000000000,605.0000000000,605,2021-11-19
actual_current,cool_s5_l60_r95_block_cut,2010-02-11,2026-08-07,100000.0000000000,32319301.3788771108,322.1930137888,0.4198012813,92,5.5808520179,360019.2979356355,-0.4577021961,2021-11-19,2022-09-30,315,2023-06-02,245.0000000000,560.0000000000,560,2021-11-19
actual_current,cool_s10_l30_r65_step_up,2010-02-11,2026-08-07,100000.0000000000,36599315.1107369214,364.9931511074,0.4305529860,138,8.3712780269,582646.6894268795,-0.4507759768,2024-12-16,2025-04-28,133,2025-10-27,182.0000000000,315.0000000000,553,2021-11-19
actual_current,cool_s10_l30_r65_block_cut,2010-02-11,2026-08-07,100000.0000000000,29569684.9019713774,294.6968490197,0.4121639034,98,5.9448206278,375419.2156566267,-0.4577021998,2021-11-19,2022-09-30,315,2023-06-02,245.0000000000,560.0000000000,560,2021-11-19
actual_current,cool_s10_l30_r80_step_up,2010-02-11,2026-08-07,100000.0000000000,33464058.8524517640,333.6405885245,0.4228023097,156,9.4631838565,548216.9124243041,-0.5197739551,2021-11-19,2022-09-30,315,2023-07-13,286.0000000000,601.0000000000,601,2021-11-19
actual_current,cool_s10_l30_r80_block_cut,2010-02-11,2026-08-07,100000.0000000000,30310643.7635251731,302.1064376353,0.4142856129,94,5.7021748879,375756.1338854920,-0.4577022182,2021-11-19,2022-09-30,315,2023-06-02,245.0000000000,560.0000000000,560,2021-11-19
actual_current,cool_s10_l30_r95_step_up,2010-02-11,2026-08-07,100000.0000000000,22538024.5985132381,224.3802459851,0.3890927728,209,12.6782399103,589597.7577178426,-0.6438610755,2021-11-19,2022-12-28,404,2023-12-19,356.0000000000,760.0000000000,760,2021-11-19
actual_current,cool_s10_l30_r95_block_cut,2010-02-11,2026-08-07,100000.0000000000,31098135.7043110803,309.9813570431,0.4164878150,92,5.5808520179,346552.6381604768,-0.4577022465,2021-11-19,2022-09-30,315,2023-06-02,245.0000000000,560.0000000000,560,2021-11-19
actual_current,cool_s10_l60_r65_step_up,2010-02-11,2026-08-07,100000.0000000000,36765344.7501192391,366.6534475012,0.4309458169,126,7.6433408072,518726.9392729886,-0.4586756559,2024-12-16,2025-05-06,141,2025-10-27,174.0000000000,315.0000000000,557,2021-11-19
actual_current,cool_s10_l60_r65_block_cut,2010-02-11,2026-08-07,100000.0000000000,30388831.2266796827,302.8883122668,0.4145066505,96,5.8234977578,377682.2537204861,-0.4577018305,2021-11-19,2022-09-30,315,2023-06-02,245.0000000000,560.0000000000,560,2021-11-19
actual_current,cool_s10_l60_r80_step_up,2010-02-11,2026-08-07,100000.0000000000,40418383.0847862661,403.1838308479,0.4391922730,173,10.4944282511,755866.5154461446,-0.4651637197,2021-11-19,2022-09-30,315,2023-05-26,238.0000000000,553.0000000000,553,2021-11-19
actual_current,cool_s10_l60_r80_block_cut,2010-02-11,2026-08-07,100000.0000000000,30388831.2266796827,302.8883122668,0.4145066505,96,5.8234977578,377682.2537204861,-0.4577018305,2021-11-19,2022-09-30,315,2023-06-02,245.0000000000,560.0000000000,560,2021-11-19
actual_current,cool_s10_l60_r95_step_up,2010-02-11,2026-08-07,100000.0000000000,46603994.4489216283,465.0399444892,0.4516782731,180,10.9190582960,744501.7469091958,-0.5578461996,2021-11-19,2022-12-28,404,2023-06-12,166.0000000000,570.0000000000,570,2021-11-19
actual_current,cool_s10_l60_r95_block_cut,2010-02-11,2026-08-07,100000.0000000000,32765063.3758322522,326.6506337583,0.4209815581,94,5.7021748879,364492.3975463930,-0.4577023114,2021-11-19,2022-09-30,315,2023-06-02,245.0000000000,560.0000000000,560,2021-11-19
actual_current,breadth_return_h20_n2_step_up,2010-02-11,2026-08-07,100000.0000000000,33165497.6814086288,330.6549768141,0.4220290266,178,10.7977354260,587700.3964084134,-0.5755870301,2021-11-19,2022-11-09,355,2023-07-18,251.0000000000,606.0000000000,606,2021-11-19
actual_current,breadth_return_h20_n2_block_cut,2010-02-11,2026-08-07,100000.0000000000,21370125.5765510425,212.7012557655,0.3846163014,88,5.3382062780,251517.0206198863,-0.4832455681,2021-11-19,2022-12-28,404,2023-06-14,168.0000000000,572.0000000000,572,2021-11-19
actual_current,breadth_return_h20_n3_step_up,2010-02-11,2026-08-07,100000.0000000000,36034832.0558040887,359.3483205580,0.4292047662,189,11.4650112108,695068.2759909810,-0.5249906822,2021-11-19,2022-09-30,315,2023-06-14,257.0000000000,572.0000000000,668,2018-01-26
actual_current,breadth_return_h20_n3_block_cut,2010-02-11,2026-08-07,100000.0000000000,27190253.4813366160,270.9025348134,0.4049957206,90,5.4595291480,301534.4573766910,-0.4577019502,2021-11-19,2022-09-30,315,2023-06-12,255.0000000000,570.0000000000,570,2021-11-19
actual_current,breadth_return_h60_n2_step_up,2010-02-11,2026-08-07,100000.0000000000,24661054.8308549151,245.6105483085,0.3966991187,112,6.7940807175,264968.8978555987,-0.6601401751,2021-11-19,2023-01-05,412,2024-01-19,379.0000000000,791.0000000000,791,2021-11-19
actual_current,breadth_return_h60_n2_block_cut,2010-02-11,2026-08-07,100000.0000000000,27767313.2725363635,276.6731327254,0.4067867538,64,3.8823318386,180215.8287651103,-0.5203413427,2021-11-19,2022-09-30,315,2023-06-15,258.0000000000,573.0000000000,673,2024-07-10
actual_current,breadth_return_h60_n3_step_up,2010-02-11,2026-08-07,100000.0000000000,26248482.1107134409,261.4848211071,0.4019945706,150,9.0992152466,510102.6395356281,-0.5973457541,2021-11-19,2022-09-30,315,2023-12-12,438.0000000000,753.0000000000,753,2021-11-19
actual_current,breadth_return_h60_n3_block_cut,2010-02-11,2026-08-07,100000.0000000000,23615127.2758031189,235.1512727580,0.3930321141,78,4.7315919283,225001.3279064001,-0.4929694429,2021-11-19,2022-09-30,315,2023-06-13,256.0000000000,571.0000000000,673,2024-07-10
actual_current,breadth_price_sma_h20_n2_step_up,2010-02-11,2026-08-07,100000.0000000000,36896879.9276870042,367.9687992769,0.4312558517,186,11.2830269058,692301.4019221561,-0.6318742762,2021-11-19,2022-12-28,404,2023-12-18,355.0000000000,759.0000000000,759,2021-11-19
actual_current,breadth_price_sma_h20_n2_block_cut,2010-02-11,2026-08-07,100000.0000000000,22536944.1573181227,224.3694415732,0.3890887332,84,5.0955605381,237513.9715982974,-0.5246525454,2021-11-19,2022-12-28,404,2023-07-13,197.0000000000,601.0000000000,601,2021-11-19
actual_current,breadth_price_sma_h20_n3_step_up,2010-02-11,2026-08-07,100000.0000000000,35569182.7045603544,354.6918270456,0.4280775854,199,12.0716255605,766255.6186818773,-0.5015261902,2021-11-19,2022-12-28,404,2023-06-12,166.0000000000,570.0000000000,570,2021-11-19
actual_current,breadth_price_sma_h20_n3_block_cut,2010-02-11,2026-08-07,100000.0000000000,24907748.5161211342,248.0774851612,0.3975427056,88,5.3382062780,281110.4885338028,-0.4968505897,2021-11-19,2022-12-28,404,2023-06-15,169.0000000000,573.0000000000,573,2021-11-19
actual_current,breadth_price_sma_h60_n2_step_up,2010-02-11,2026-08-07,100000.0000000000,22945186.5191653296,228.4518651917,0.3906022878,153,9.2811995516,396905.1398751767,-0.6218549445,2021-11-19,2022-09-30,315,2023-12-27,453.0000000000,768.0000000000,768,2021-11-19
actual_current,breadth_price_sma_h60_n2_block_cut,2010-02-11,2026-08-07,100000.0000000000,25529419.4989565387,254.2941949896,0.3996342372,78,4.7315919283,228628.3476663657,-0.4903895458,2021-11-19,2022-09-30,315,2023-06-12,255.0000000000,570.0000000000,685,2024-07-10
actual_current,breadth_price_sma_h60_n3_step_up,2010-02-11,2026-08-07,100000.0000000000,20304223.4660785496,202.0422346608,0.3803254690,160,9.7058295964,404571.9551768177,-0.5566622706,2021-11-19,2022-12-28,404,2023-07-18,202.0000000000,606.0000000000,664,2024-07-10
actual_current,breadth_price_sma_h60_n3_block_cut,2010-02-11,2026-08-07,100000.0000000000,28932773.5340396017,288.3277353404,0.4102998300,86,5.2168834081,329578.3102432426,-0.4577021578,2021-11-19,2022-09-30,315,2023-06-02,245.0000000000,560.0000000000,560,2021-11-19
actual_current,consensus_10_20_60_n2_step_up,2010-02-11,2026-08-07,100000.0000000000,34208809.1081933007,341.0880910819,0.4247033478,202,12.2536098655,672967.7077647252,-0.5913342402,2021-11-19,2022-12-28,404,2023-07-13,197.0000000000,601.0000000000,601,2021-11-19
actual_current,consensus_10_20_60_n2_block_cut,2010-02-11,2026-08-07,100000.0000000000,29727855.6574018970,296.2785565740,0.4126209796,82,4.9742376682,270948.3339051373,-0.4929693772,2021-11-19,2022-09-30,315,2023-06-14,257.0000000000,572.0000000000,572,2021-11-19
actual_current,consensus_10_20_60_n3_step_up,2010-02-11,2026-08-07,100000.0000000000,29004572.3814181834,289.0457238142,0.4105118837,161,9.7664910314,645906.6089950604,-0.5170142364,2021-11-19,2022-09-30,315,2023-06-12,255.0000000000,570.0000000000,570,2021-11-19
actual_current,consensus_10_20_60_n3_block_cut,2010-02-11,2026-08-07,100000.0000000000,29764212.6481418088,296.6421264814,0.4127257198,90,5.4595291480,326445.5541796834,-0.4577023237,2021-11-19,2022-09-30,315,2023-06-02,245.0000000000,560.0000000000,560,2021-11-19
actual_current,consensus_20_60_120_n2_step_up,2010-02-11,2026-08-07,100000.0000000000,25669031.7519430667,255.6903175194,0.4000973608,135,8.1892937220,294385.1702409935,-0.5971260309,2021-11-19,2022-12-28,404,2023-07-18,202.0000000000,606.0000000000,606,2021-11-19
actual_current,consensus_20_60_120_n2_block_cut,2010-02-11,2026-08-07,100000.0000000000,17985980.5106784850,178.8598051068,0.3702112830,65,3.9429932735,133404.1345456783,-0.5203408788,2021-11-19,2022-09-30,315,2023-06-15,258.0000000000,573.0000000000,673,2024-07-10
actual_current,consensus_20_60_120_n3_step_up,2010-02-11,2026-08-07,100000.0000000000,30827001.0497414321,307.2700104974,0.4157355671,151,9.1598766816,608222.8328165474,-0.4993718494,2021-11-19,2022-09-30,315,2023-06-13,256.0000000000,571.0000000000,667,2024-07-10
actual_current,consensus_20_60_120_n3_block_cut,2010-02-11,2026-08-07,100000.0000000000,34670508.0441811532,345.7050804418,0.4258624461,88,5.3382062780,378526.1734329094,-0.4577020935,2021-11-19,2022-09-30,315,2023-06-02,245.0000000000,560.0000000000,560,2021-11-19
actual_current,recovery_10_breadth2_cool95,2010-02-11,2026-08-07,100000.0000000000,40079742.6983249336,399.7974269832,0.4384579178,100,6.0661434978,443547.3717678626,-0.4577022630,2021-11-19,2022-09-30,315,2023-06-02,245.0000000000,560.0000000000,560,2021-11-19
actual_current,recovery_15_breadth2_cool95,2010-02-11,2026-08-07,100000.0000000000,39737220.2146836966,396.3722021468,0.4377091910,100,6.0661434978,440553.2876464440,-0.4577021544,2021-11-19,2022-09-30,315,2023-06-02,245.0000000000,560.0000000000,560,2021-11-19
2026_ytd,vo,2026-01-02,2026-08-07,100000.0000000000,111342.3013681484,0.1134230137,0.1982181096,8,13.4651612903,449.0394283690,-0.3347786134,2026-01-28,2026-03-30,61,2026-05-06,37.0000000000,98.0000000000,98,2026-01-28
2026_ytd,riskadj_h20_t5_step_up,2026-01-02,2026-08-07,100000.0000000000,126211.8455416092,0.2621184554,0.4796744447,10,16.8314516129,623.0120115942,-0.3347786134,2026-01-28,2026-03-30,61,2026-04-24,25.0000000000,86.0000000000,86,2026-01-28
2026_ytd,riskadj_h20_t5_block_cut,2026-01-02,2026-08-07,100000.0000000000,114561.9109039518,0.1456191090,0.2571100824,6,10.0988709677,344.8527431708,-0.3347786134,2026-01-28,2026-03-30,61,2026-05-06,37.0000000000,98.0000000000,98,2026-01-28
2026_ytd,riskadj_h20_t10_step_up,2026-01-02,2026-08-07,100000.0000000000,121227.3431053651,0.2122734311,0.3826489351,6,10.0988709677,354.6180357898,-0.3347786134,2026-01-28,2026-03-30,61,2026-05-05,36.0000000000,97.0000000000,97,2026-01-28
2026_ytd,riskadj_h20_t10_block_cut,2026-01-02,2026-08-07,100000.0000000000,114561.9109039518,0.1456191090,0.2571100824,6,10.0988709677,344.8527431708,-0.3347786134,2026-01-28,2026-03-30,61,2026-05-06,37.0000000000,98.0000000000,98,2026-01-28
2026_ytd,riskadj_h20_t15_step_up,2026-01-02,2026-08-07,100000.0000000000,120615.2464702943,0.2061524647,0.3709188045,6,10.0988709677,353.7638790160,-0.3347786134,2026-01-28,2026-03-30,61,2026-05-05,36.0000000000,97.0000000000,97,2026-01-28
2026_ytd,riskadj_h20_t15_block_cut,2026-01-02,2026-08-07,100000.0000000000,114561.9109039518,0.1456191090,0.2571100824,6,10.0988709677,344.8527431708,-0.3347786134,2026-01-28,2026-03-30,61,2026-05-06,37.0000000000,98.0000000000,98,2026-01-28
2026_ytd,riskadj_h60_t5_step_up,2026-01-02,2026-08-07,100000.0000000000,109657.1698163718,0.0965716982,0.1678528854,10,16.8314516129,529.3582785317,-0.3347786134,2026-01-28,2026-03-30,61,2026-05-05,36.0000000000,97.0000000000,97,2026-01-28
2026_ytd,riskadj_h60_t5_block_cut,2026-01-02,2026-08-07,100000.0000000000,106465.7932581174,0.0646579326,0.1112161344,4,6.7325806452,228.4519200753,-0.3347786134,2026-01-28,2026-03-30,61,2026-05-06,37.0000000000,98.0000000000,98,2026-01-28
2026_ytd,riskadj_h60_t10_step_up,2026-01-02,2026-08-07,100000.0000000000,111085.0956839565,0.1108509568,0.1935629463,8,13.4651612903,454.5863332119,-0.3347786134,2026-01-28,2026-03-30,61,2026-05-06,37.0000000000,98.0000000000,98,2026-01-28
2026_ytd,riskadj_h60_t10_block_cut,2026-01-02,2026-08-07,100000.0000000000,113400.0587394079,0.1340005874,0.2357256947,6,10.0988709677,343.1686469735,-0.3347786134,2026-01-28,2026-03-30,61,2026-05-06,37.0000000000,98.0000000000,98,2026-01-28
2026_ytd,riskadj_h60_t15_step_up,2026-01-02,2026-08-07,100000.0000000000,102948.3478866590,0.0294834789,0.0501231941,10,16.8314516129,541.1567455720,-0.3347786134,2026-01-28,2026-03-30,61,2026-05-06,37.0000000000,98.0000000000,98,2026-01-28
2026_ytd,riskadj_h60_t15_block_cut,2026-01-02,2026-08-07,100000.0000000000,106802.7880209954,0.0680278802,0.1171426892,8,13.4651612903,442.4110468943,-0.3347786134,2026-01-28,2026-03-30,61,2026-05-06,37.0000000000,98.0000000000,98,2026-01-28
2026_ytd,riskadj_h120_t5_step_up,2026-01-02,2026-08-07,100000.0000000000,112829.1513383843,0.1282915134,0.2252725208,9,15.1483064516,471.0173770655,-0.3383587605,2026-06-02,2026-07-29,57,,,,98,2026-01-28
2026_ytd,riskadj_h120_t5_block_cut,2026-01-02,2026-08-07,100000.0000000000,113111.4321302135,0.1311143213,0.2304365079,3,5.0494354839,178.5249010018,-0.3361888587,2026-06-02,2026-07-29,57,,,,98,2026-01-28
2026_ytd,riskadj_h120_t10_step_up,2026-01-02,2026-08-07,100000.0000000000,97464.1661488384,-0.0253583385,-0.0423110690,15,25.2471774194,799.6855143651,-0.3347786134,2026-01-28,2026-03-30,61,2026-05-06,37.0000000000,98.0000000000,98,2026-01-28
2026_ytd,riskadj_h120_t10_block_cut,2026-01-02,2026-08-07,100000.0000000000,111342.3013681484,0.1134230137,0.1982181096,8,13.4651612903,449.0394283690,-0.3347786134,2026-01-28,2026-03-30,61,2026-05-06,37.0000000000,98.0000000000,98,2026-01-28
2026_ytd,riskadj_h120_t15_step_up,2026-01-02,2026-08-07,100000.0000000000,109891.2533991233,0.0989125340,0.1720520230,10,16.8314516129,559.9400218021,-0.3347786134,2026-01-28,2026-03-30,61,2026-05-06,37.0000000000,98.0000000000,98,2026-01-28
2026_ytd,riskadj_h120_t15_block_cut,2026-01-02,2026-08-07,100000.0000000000,111342.3013681484,0.1134230137,0.1982181096,8,13.4651612903,449.0394283690,-0.3347786134,2026-01-28,2026-03-30,61,2026-05-06,37.0000000000,98.0000000000,98,2026-01-28
2026_ytd,cool_s5_l30_r65_step_up,2026-01-02,2026-08-07,100000.0000000000,114768.1926376212,0.1476819264,0.2609223413,10,16.8314516129,555.2091134718,-0.3347786134,2026-01-28,2026-03-30,61,2026-05-06,37.0000000000,98.0000000000,98,2026-01-28
2026_ytd,cool_s5_l30_r65_block_cut,2026-01-02,2026-08-07,100000.0000000000,112061.6514373883,0.1206165144,0.2112766381,8,13.4651612903,451.4513978728,-0.3347786134,2026-01-28,2026-03-30,61,2026-05-06,37.0000000000,98.0000000000,98,2026-01-28
2026_ytd,cool_s5_l30_r80_step_up,2026-01-02,2026-08-07,100000.0000000000,114209.1571005012,0.1420915710,0.2506017583,12,20.1977419355,695.0773866928,-0.3347786134,2026-01-28,2026-03-30,61,2026-05-01,32.0000000000,93.0000000000,93,2026-01-28
2026_ytd,cool_s5_l30_r80_block_cut,2026-01-02,2026-08-07,100000.0000000000,114561.9109039518,0.1456191090,0.2571100824,6,10.0988709677,344.8527431708,-0.3347786134,2026-01-28,2026-03-30,61,2026-05-06,37.0000000000,98.0000000000,98,2026-01-28
2026_ytd,cool_s5_l30_r95_step_up,2026-01-02,2026-08-07,100000.0000000000,119960.1759788133,0.1996017598,0.3584101021,14,23.5640322581,851.3521530566,-0.3347786134,2026-01-28,2026-03-30,61,2026-04-24,25.0000000000,86.0000000000,86,2026-01-28
2026_ytd,cool_s5_l30_r95_block_cut,2026-01-02,2026-08-07,100000.0000000000,114561.9109039518,0.1456191090,0.2571100824,6,10.0988709677,344.8527431708,-0.3347786134,2026-01-28,2026-03-30,61,2026-05-06,37.0000000000,98.0000000000,98,2026-01-28
2026_ytd,cool_s5_l60_r65_step_up,2026-01-02,2026-08-07,100000.0000000000,112086.6947978042,0.1208669480,0.2117322905,10,16.8314516129,545.8792725015,-0.3347786134,2026-01-28,2026-03-30,61,2026-05-06,37.0000000000,98.0000000000,98,2026-01-28
2026_ytd,cool_s5_l60_r65_block_cut,2026-01-02,2026-08-07,100000.0000000000,111342.3013681484,0.1134230137,0.1982181096,8,13.4651612903,449.0394283690,-0.3347786134,2026-01-28,2026-03-30,61,2026-05-06,37.0000000000,98.0000000000,98,2026-01-28
2026_ytd,cool_s5_l60_r80_step_up,2026-01-02,2026-08-07,100000.0000000000,118534.8009691959,0.1853480097,0.3313533239,8,13.4651612903,449.8232049340,-0.3347786134,2026-01-28,2026-03-30,61,2026-05-05,36.0000000000,97.0000000000,97,2026-01-28
2026_ytd,cool_s5_l60_r80_block_cut,2026-01-02,2026-08-07,100000.0000000000,114561.9109039518,0.1456191090,0.2571100824,6,10.0988709677,344.8527431708,-0.3347786134,2026-01-28,2026-03-30,61,2026-05-06,37.0000000000,98.0000000000,98,2026-01-28
2026_ytd,cool_s5_l60_r95_step_up,2026-01-02,2026-08-07,100000.0000000000,116645.0803240339,0.1664508032,0.2958236508,14,23.5640322581,806.3819212680,-0.3347786134,2026-01-28,2026-03-30,61,2026-05-01,32.0000000000,93.0000000000,93,2026-01-28
2026_ytd,cool_s5_l60_r95_block_cut,2026-01-02,2026-08-07,100000.0000000000,114561.9109039518,0.1456191090,0.2571100824,6,10.0988709677,344.8527431708,-0.3347786134,2026-01-28,2026-03-30,61,2026-05-06,37.0000000000,98.0000000000,98,2026-01-28
2026_ytd,cool_s10_l30_r65_step_up,2026-01-02,2026-08-07,100000.0000000000,111158.5951312223,0.1115859513,0.1948924615,12,20.1977419355,638.0227912197,-0.3347786134,2026-01-28,2026-03-30,61,2026-05-06,37.0000000000,98.0000000000,98,2026-01-28
2026_ytd,cool_s10_l30_r65_block_cut,2026-01-02,2026-08-07,100000.0000000000,111342.3013681484,0.1134230137,0.1982181096,8,13.4651612903,449.0394283690,-0.3347786134,2026-01-28,2026-03-30,61,2026-05-06,37.0000000000,98.0000000000,98,2026-01-28
2026_ytd,cool_s10_l30_r80_step_up,2026-01-02,2026-08-07,100000.0000000000,121816.2612644539,0.2181626126,0.3939731352,8,13.4651612903,472.1143156282,-0.3347786134,2026-01-28,2026-03-30,61,2026-05-01,32.0000000000,93.0000000000,93,2026-01-28
2026_ytd,cool_s10_l30_r80_block_cut,2026-01-02,2026-08-07,100000.0000000000,111342.3013681484,0.1134230137,0.1982181096,8,13.4651612903,449.0394283690,-0.3347786134,2026-01-28,2026-03-30,61,2026-05-06,37.0000000000,98.0000000000,98,2026-01-28
2026_ytd,cool_s10_l30_r95_step_up,2026-01-02,2026-08-07,100000.0000000000,125750.4849422145,0.2575048494,0.4705819025,8,13.4651612903,488.3347180006,-0.3347786134,2026-01-28,2026-03-30,61,2026-04-30,31.0000000000,92.0000000000,92,2026-01-28
2026_ytd,cool_s10_l30_r95_block_cut,2026-01-02,2026-08-07,100000.0000000000,114561.9109039518,0.1456191090,0.2571100824,6,10.0988709677,344.8527431708,-0.3347786134,2026-01-28,2026-03-30,61,2026-05-06,37.0000000000,98.0000000000,98,2026-01-28
2026_ytd,cool_s10_l60_r65_step_up,2026-01-02,2026-08-07,100000.0000000000,111390.8930794777,0.1139089308,0.1990983964,10,16.8314516129,545.5661895467,-0.3347786134,2026-01-28,2026-03-30,61,2026-05-06,37.0000000000,98.0000000000,98,2026-01-28
2026_ytd,cool_s10_l60_r65_block_cut,2026-01-02,2026-08-07,100000.0000000000,111342.3013681484,0.1134230137,0.1982181096,8,13.4651612903,449.0394283690,-0.3347786134,2026-01-28,2026-03-30,61,2026-05-06,37.0000000000,98.0000000000,98,2026-01-28
2026_ytd,cool_s10_l60_r80_step_up,2026-01-02,2026-08-07,100000.0000000000,114118.4896417373,0.1411848964,0.2489311550,14,23.5640322581,750.5327377569,-0.3347786134,2026-01-28,2026-03-30,61,2026-05-06,37.0000000000,98.0000000000,98,2026-01-28
2026_ytd,cool_s10_l60_r80_block_cut,2026-01-02,2026-08-07,100000.0000000000,111342.3013681484,0.1134230137,0.1982181096,8,13.4651612903,449.0394283690,-0.3347786134,2026-01-28,2026-03-30,61,2026-05-06,37.0000000000,98.0000000000,98,2026-01-28
2026_ytd,cool_s10_l60_r95_step_up,2026-01-02,2026-08-07,100000.0000000000,125254.5487255653,0.2525454873,0.4608333246,6,10.0988709677,360.4091182692,-0.3347786134,2026-01-28,2026-03-30,61,2026-04-30,31.0000000000,92.0000000000,92,2026-01-28
2026_ytd,cool_s10_l60_r95_block_cut,2026-01-02,2026-08-07,100000.0000000000,114561.9109039518,0.1456191090,0.2571100824,6,10.0988709677,344.8527431708,-0.3347786134,2026-01-28,2026-03-30,61,2026-05-06,37.0000000000,98.0000000000,98,2026-01-28
2026_ytd,breadth_return_h20_n2_step_up,2026-01-02,2026-08-07,100000.0000000000,125628.4581930889,0.2562845819,0.4681807919,10,16.8314516129,612.0056652421,-0.3347786134,2026-01-28,2026-03-30,61,2026-04-24,25.0000000000,86.0000000000,86,2026-01-28
2026_ytd,breadth_return_h20_n2_block_cut,2026-01-02,2026-08-07,100000.0000000000,111486.2232647976,0.1148622326,0.2008261590,6,10.0988709677,340.4061390942,-0.3347786134,2026-01-28,2026-03-30,61,2026-05-06,37.0000000000,98.0000000000,98,2026-01-28
2026_ytd,breadth_return_h20_n3_step_up,2026-01-02,2026-08-07,100000.0000000000,125597.3408732628,0.2559734087,0.4675687537,12,20.1977419355,742.5805788919,-0.3347786134,2026-01-28,2026-03-30,61,2026-04-24,25.0000000000,86.0000000000,86,2026-01-28
2026_ytd,breadth_return_h20_n3_block_cut,2026-01-02,2026-08-07,100000.0000000000,114561.9109039518,0.1456191090,0.2571100824,6,10.0988709677,344.8527431708,-0.3347786134,2026-01-28,2026-03-30,61,2026-05-06,37.0000000000,98.0000000000,98,2026-01-28
2026_ytd,breadth_return_h60_n2_step_up,2026-01-02,2026-08-07,100000.0000000000,119779.2387764374,0.1977923878,0.3549632757,6,10.0988709677,351.9784279685,-0.3383462268,2026-06-02,2026-07-29,57,,,,92,2026-01-28
2026_ytd,breadth_return_h60_n2_block_cut,2026-01-02,2026-08-07,100000.0000000000,109900.6240625326,0.0990062406,0.1722202472,4,6.7325806452,231.8901891488,-0.3361888587,2026-06-02,2026-07-29,57,,,,98,2026-01-28
2026_ytd,breadth_return_h60_n3_step_up,2026-01-02,2026-08-07,100000.0000000000,115464.1666787298,0.1546416668,0.2738190677,8,13.4651612903,450.9730872856,-0.3383462268,2026-06-02,2026-07-29,57,,,,92,2026-01-28
2026_ytd,breadth_return_h60_n3_block_cut,2026-01-02,2026-08-07,100000.0000000000,102939.9743435794,0.0293997434,0.0499794335,4,6.7325806452,224.9225718125,-0.3361888587,2026-06-02,2026-07-29,57,,,,98,2026-01-28
2026_ytd,breadth_price_sma_h20_n2_step_up,2026-01-02,2026-08-07,100000.0000000000,126280.0870279856,0.2628008703,0.4810212856,14,23.5640322581,901.8521208606,-0.3347786134,2026-01-28,2026-03-30,61,2026-04-17,18.0000000000,79.0000000000,79,2026-01-28
2026_ytd,breadth_price_sma_h20_n2_block_cut,2026-01-02,2026-08-07,100000.0000000000,114561.9109039518,0.1456191090,0.2571100824,6,10.0988709677,344.8527431708,-0.3347786134,2026-01-28,2026-03-30,61,2026-05-06,37.0000000000,98.0000000000,98,2026-01-28
2026_ytd,breadth_price_sma_h20_n3_step_up,2026-01-02,2026-08-07,100000.0000000000,122708.5683861576,0.2270856839,0.4112025090,16,26.9303225806,1017.8159066111,-0.3347786134,2026-01-28,2026-03-30,61,2026-04-17,18.0000000000,79.0000000000,79,2026-01-28
2026_ytd,breadth_price_sma_h20_n3_block_cut,2026-01-02,2026-08-07,100000.0000000000,114561.9109039518,0.1456191090,0.2571100824,6,10.0988709677,344.8527431708,-0.3347786134,2026-01-28,2026-03-30,61,2026-05-06,37.0000000000,98.0000000000,98,2026-01-28
2026_ytd,breadth_price_sma_h60_n2_step_up,2026-01-02,2026-08-07,100000.0000000000,126818.5152076585,0.2681851521,0.4916653511,8,13.4651612903,475.6458918798,-0.3347786134,2026-01-28,2026-03-30,61,2026-04-24,25.0000000000,86.0000000000,86,2026-01-28
2026_ytd,breadth_price_sma_h60_n2_block_cut,2026-01-02,2026-08-07,100000.0000000000,106465.7932581174,0.0646579326,0.1112161344,4,6.7325806452,228.4519200753,-0.3347786134,2026-01-28,2026-03-30,61,2026-05-06,37.0000000000,98.0000000000,98,2026-01-28
2026_ytd,breadth_price_sma_h60_n3_step_up,2026-01-02,2026-08-07,100000.0000000000,122382.4946088665,0.2238249461,0.4048964589,6,10.0988709677,356.2363835561,-0.3347786134,2026-01-28,2026-03-30,61,2026-04-24,25.0000000000,86.0000000000,86,2026-01-28
2026_ytd,breadth_price_sma_h60_n3_block_cut,2026-01-02,2026-08-07,100000.0000000000,106490.1220909371,0.0649012209,0.1116435646,6,10.0988709677,333.1253073663,-0.3347786134,2026-01-28,2026-03-30,61,2026-05-06,37.0000000000,98.0000000000,98,2026-01-28
2026_ytd,consensus_10_20_60_n2_step_up,2026-01-02,2026-08-07,100000.0000000000,129736.3471988165,0.2973634720,0.5498840038,17,28.6134677419,1043.6154469888,-0.3347786134,2026-01-28,2026-03-30,61,2026-04-24,25.0000000000,86.0000000000,86,2026-01-28
2026_ytd,consensus_10_20_60_n2_block_cut,2026-01-02,2026-08-07,100000.0000000000,110513.5944024853,0.1051359440,0.1832456941,6,10.0988709677,338.9765907390,-0.3347786134,2026-01-28,2026-03-30,61,2026-05-06,37.0000000000,98.0000000000,98,2026-01-28
2026_ytd,consensus_10_20_60_n3_step_up,2026-01-02,2026-08-07,100000.0000000000,114477.7266960922,0.1447772670,0.2555556343,14,23.5640322581,833.2010035386,-0.3347786134,2026-01-28,2026-03-30,61,2026-04-30,31.0000000000,92.0000000000,92,2026-01-28
2026_ytd,consensus_10_20_60_n3_block_cut,2026-01-02,2026-08-07,100000.0000000000,114561.9109039518,0.1456191090,0.2571100824,6,10.0988709677,344.8527431708,-0.3347786134,2026-01-28,2026-03-30,61,2026-05-06,37.0000000000,98.0000000000,98,2026-01-28
2026_ytd,consensus_20_60_120_n2_step_up,2026-01-02,2026-08-07,100000.0000000000,123338.0299716335,0.2333802997,0.4234082777,7,11.7820161290,403.1381739954,-0.3384017643,2026-06-02,2026-07-29,57,,,,86,2026-01-28
2026_ytd,consensus_20_60_120_n2_block_cut,2026-01-02,2026-08-07,100000.0000000000,102939.9743435794,0.0293997434,0.0499794335,4,6.7325806452,224.9225718125,-0.3361888587,2026-06-02,2026-07-29,57,,,,98,2026-01-28
2026_ytd,consensus_20_60_120_n3_step_up,2026-01-02,2026-08-07,100000.0000000000,120983.0819765848,0.2098308198,0.3779630870,14,23.5640322581,838.3122121568,-0.3347786134,2026-01-28,2026-03-30,61,2026-04-30,31.0000000000,92.0000000000,92,2026-01-28
2026_ytd,consensus_20_60_120_n3_block_cut,2026-01-02,2026-08-07,100000.0000000000,110513.5944024853,0.1051359440,0.1832456941,6,10.0988709677,338.9765907390,-0.3347786134,2026-01-28,2026-03-30,61,2026-05-06,37.0000000000,98.0000000000,98,2026-01-28
2026_ytd,recovery_10_breadth2_cool95,2026-01-02,2026-08-07,100000.0000000000,121740.7388778190,0.2174073888,0.3925188337,8,13.4651612903,474.1900124148,-0.3347786134,2026-01-28,2026-03-30,61,2026-04-30,31.0000000000,92.0000000000,92,2026-01-28
2026_ytd,recovery_15_breadth2_cool95,2026-01-02,2026-08-07,100000.0000000000,121740.7388778190,0.2174073888,0.3925188337,8,13.4651612903,474.1900124148,-0.3347786134,2026-01-28,2026-03-30,61,2026-04-30,31.0000000000,92.0000000000,92,2026-01-28
